frame,timestamp,dt,ship_centerx,ship_centery,ship_angle,moving_right,moving_left,moving_up,moving_down,bullets_count,aliens_count,cargoes_count,alien_bullets_count,hearts_count,shields_count,mouse_x,mouse_y,mouse_buttons,score,ships_left,current_region_index,region_name
0,2025-09-28T18:05:08.790081,0,600.0,672.0,0.0,False,False,False,False,0,0,0,0,0,0,299,376,"[false, false, false]",0,2,0,Starfield Stage - 1
1,2025-09-28T18:05:08.791659,8,600.0,672.0,0.0,False,False,False,False,0,0,0,0,0,0,701,361,"[false, false, false]",0,2,0,Starfield Stage - 1
2,2025-09-28T18:05:08.800454,9,600.0,672.0,0.0,False,False,False,False,0,0,0,0,0,0,700,362,"[false, false, false]",0,2,0,Starfield Stage - 1
3,2025-09-28T18:05:08.809354,8,600.0,672.0,0.0,False,False,False,False,0,0,0,0,0,0,699,363,"[false, false, false]",0,2,0,Starfield Stage - 1
4,2025-09-28T18:05:08.817472,9,600.0,672.0,0.0,False,False,False,False,0,0,0,0,0,0,698,364,"[false, false, false]",0,2,0,Starfield Stage - 1
5,2025-09-28T18:05:08.829873,8,600.0,672.0,0.0,False,False,False,False,0,0,0,0,0,0,696,365,"[false, false, false]",0,2,0,Starfield Stage - 1
6,2025-09-28T18:05:08.834760,9,600.0,672.0,0.0,False,False,False,False,0,0,0,0,0,0,695,366,"[false, false, false]",0,2,0,Starfield Stage - 1
7,2025-09-28T18:05:08.843233,8,600.0,672.0,0.0,False,False,False,False,0,0,0,0,0,0,694,366,"[false, false, false]",0,2,0,Starfield Stage - 1
8,2025-09-28T18:05:08.855158,8,600.0,672.0,0.0,False,False,False,False,0,0,0,0,0,0,693,367,"[false, false, false]",0,2,0,Starfield Stage - 1
9,2025-09-28T18:05:08.858814,8,600.0,672.0,0.0,False,False,False,False,0,0,0,0,0,0,692,368,"[false, false, false]",0,2,0,Starfield Stage - 1
10,2025-09-28T18:05:08.868138,9,600.0,672.0,0.0,False,False,False,False,0,0,0,0,0,0,691,368,"[false, false, false]",0,2,0,Starfield Stage - 1
11,2025-09-28T18:05:08.876557,8,600.0,672.0,0.0,False,False,False,False,0,0,0,0,0,0,690,369,"[false, false, false]",0,2,0,Starfield Stage - 1
12,2025-09-28T18:05:08.883622,8,600.0,672.0,0.0,False,False,False,False,0,0,0,0,0,0,690,369,"[false, false, false]",0,2,0,Starfield Stage - 1
13,2025-09-28T18:05:08.893086,9,600.0,672.0,0.0,False,False,False,False,0,1,0,0,0,0,689,370,"[false, false, false]",0,2,0,Starfield Stage - 1
14,2025-09-28T18:05:08.901670,9,600.0,672.0,0.0,False,False,False,False,0,1,0,0,0,0,689,370,"[false, false, false]",0,2,0,Starfield Stage - 1
15,2025-09-28T18:05:08.910753,9,600.0,672.0,0.0,False,False,False,False,0,1,0,0,0,0,689,370,"[false, false, false]",0,2,0,Starfield Stage - 1
16,2025-09-28T18:05:08.919663,9,600.0,672.0,0.0,False,False,False,False,0,1,0,0,0,0,689,370,"[false, false, false]",0,2,0,Starfield Stage - 1
17,2025-09-28T18:05:08.928926,9,600.0,672.0,0.0,False,False,False,False,0,1,0,0,0,0,689,370,"[false, false, false]",0,2,0,Starfield Stage - 1
18,2025-09-28T18:05:08.937043,9,600.0,672.0,0.0,False,False,False,False,0,1,0,0,0,0,689,370,"[false, false, false]",0,2,0,Starfield Stage - 1
19,2025-09-28T18:05:08.946494,9,600.0,672.0,0.0,False,False,False,False,0,1,0,0,0,0,689,370,"[false, false, false]",0,2,0,Starfield Stage - 1
20,2025-09-28T18:05:08.954288,8,600.0,672.0,0.0,False,False,False,False,0,1,0,0,0,0,689,370,"[false, false, false]",0,2,0,Starfield Stage - 1
21,2025-09-28T18:05:08.961792,8,600.0,672.0,0.0,False,False,False,False,0,1,0,0,0,0,689,370,"[false, false, false]",0,2,0,Starfield Stage - 1
22,2025-09-28T18:05:08.971563,9,600.0,672.0,0.0,False,False,False,False,0,1,0,0,0,0,689,370,"[false, false, false]",0,2,0,Starfield Stage - 1
23,2025-09-28T18:05:08.979036,8,600.0,672.0,0.0,False,False,False,False,0,1,0,0,0,0,689,370,"[false, false, false]",0,2,0,Starfield Stage - 1
24,2025-09-28T18:05:08.988100,9,600.0,672.0,0.0,False,False,False,False,0,1,0,0,0,0,689,370,"[false, false, false]",0,2,0,Starfield Stage - 1
25,2025-09-28T18:05:08.997347,9,600.0,672.0,0.0,False,False,False,False,0,1,0,0,0,0,689,370,"[false, false, false]",0,2,0,Starfield Stage - 1
26,2025-09-28T18:05:09.005486,8,600.0,672.0,0.0,False,False,False,False,0,1,0,0,0,0,689,370,"[false, false, false]",0,2,0,Starfield Stage - 1
27,2025-09-28T18:05:09.014551,9,600.0,672.0,0.0,False,False,False,False,0,1,0,0,0,0,689,370,"[false, false, false]",0,2,0,Starfield Stage - 1
28,2025-09-28T18:05:09.022392,8,600.0,672.0,0.0,False,False,False,False,0,1,0,0,0,0,689,370,"[false, false, false]",0,2,0,Starfield Stage - 1
29,2025-09-28T18:05:09.031125,9,600.0,672.0,0.0,False,False,False,False,0,1,0,0,0,0,689,370,"[false, false, false]",0,2,0,Starfield Stage - 1
30,2025-09-28T18:05:09.039790,9,600.0,672.0,0.0,False,False,False,False,0,1,0,0,0,0,689,370,"[false, false, false]",0,2,0,Starfield Stage - 1
31,2025-09-28T18:05:09.049194,9,600.0,672.0,0.0,False,False,False,False,0,1,0,0,0,0,689,370,"[false, false, false]",0,2,0,Starfield Stage - 1
32,2025-09-28T18:05:09.057050,8,600.0,672.0,0.0,False,False,False,False,0,1,0,0,0,0,689,370,"[false, false, false]",0,2,0,Starfield Stage - 1
33,2025-09-28T18:05:09.067127,10,600.0,672.0,0.0,False,False,False,False,0,1,0,0,0,0,689,370,"[false, false, false]",0,2,0,Starfield Stage - 1
34,2025-09-28T18:05:09.075994,9,600.0,672.0,0.0,False,False,False,False,0,1,0,0,0,0,689,370,"[false, false, false]",0,2,0,Starfield Stage - 1
35,2025-09-28T18:05:09.085943,9,600.0,672.0,0.0,False,False,False,False,0,1,0,0,0,0,689,370,"[false, false, false]",0,2,0,Starfield Stage - 1
36,2025-09-28T18:05:09.093942,9,600.0,672.0,0.0,False,False,False,False,0,1,0,0,0,0,689,370,"[false, false, false]",0,2,0,Starfield Stage - 1
37,2025-09-28T18:05:09.103021,9,600.0,672.0,0.0,False,False,False,False,0,1,0,0,0,0,689,370,"[false, false, false]",0,2,0,Starfield Stage - 1
38,2025-09-28T18:05:09.112153,9,600.0,672.0,0.0,False,False,False,False,0,1,0,0,0,0,689,370,"[false, false, false]",0,2,0,Starfield Stage - 1
39,2025-09-28T18:05:09.119724,8,600.0,672.0,0.0,False,False,False,False,0,1,0,0,0,0,689,370,"[false, false, false]",0,2,0,Starfield Stage - 1
40,2025-09-28T18:05:09.129531,9,600.0,672.0,0.0,False,False,False,False,0,1,0,0,0,0,689,370,"[false, false, false]",0,2,0,Starfield Stage - 1
41,2025-09-28T18:05:09.137020,8,600.0,672.0,0.0,False,False,False,False,0,1,0,0,0,0,689,370,"[false, false, false]",0,2,0,Starfield Stage - 1
42,2025-09-28T18:05:09.146384,9,600.0,672.0,0.0,False,False,False,False,0,1,0,0,0,0,689,370,"[false, false, false]",0,2,0,Starfield Stage - 1
43,2025-09-28T18:05:09.154355,8,600.0,672.0,0.0,False,False,False,False,0,1,0,0,0,0,689,370,"[false, false, false]",0,2,0,Starfield Stage - 1
44,2025-09-28T18:05:09.161937,8,600.0,672.0,0.0,False,False,False,False,0,1,0,0,0,0,689,370,"[false, false, false]",0,2,0,Starfield Stage - 1
45,2025-09-28T18:05:09.171405,9,600.0,672.0,0.0,False,False,False,False,0,1,0,0,0,0,688,370,"[false, false, false]",0,2,0,Starfield Stage - 1
46,2025-09-28T18:05:09.179837,9,600.0,672.0,0.0,False,False,False,False,0,1,0,0,0,0,688,370,"[false, false, false]",0,2,0,Starfield Stage - 1
47,2025-09-28T18:05:09.189179,9,600.0,672.0,0.0,False,False,False,False,0,1,0,0,0,0,687,370,"[false, false, false]",0,2,0,Starfield Stage - 1
48,2025-09-28T18:05:09.197072,8,600.0,672.0,0.0,False,False,False,False,0,1,0,0,0,0,686,370,"[false, false, false]",0,2,0,Starfield Stage - 1
49,2025-09-28T18:05:09.205776,9,600.0,672.0,0.0,False,False,False,False,0,1,0,0,0,0,685,370,"[false, false, false]",0,2,0,Starfield Stage - 1
50,2025-09-28T18:05:09.214679,8,600.0,672.0,0.0,False,False,False,False,0,1,0,0,0,0,680,369,"[false, false, false]",0,2,0,Starfield Stage - 1
51,2025-09-28T18:05:09.223031,9,600.0,672.0,0.0,False,False,False,False,0,1,0,0,0,0,677,369,"[false, false, false]",0,2,0,Starfield Stage - 1
52,2025-09-28T18:05:09.232560,9,600.0,672.0,0.0,False,False,False,False,0,1,0,0,0,0,674,368,"[false, false, false]",0,2,0,Starfield Stage - 1
53,2025-09-28T18:05:09.241481,9,600.0,672.0,0.0,False,False,False,False,0,1,0,0,0,0,670,366,"[false, false, false]",0,2,0,Starfield Stage - 1
54,2025-09-28T18:05:09.249408,8,600.0,672.0,0.0,False,False,False,False,0,1,0,0,0,0,667,366,"[false, false, false]",0,2,0,Starfield Stage - 1
55,2025-09-28T18:05:09.257742,9,600.0,672.0,0.0,False,False,False,False,0,1,0,0,0,0,663,364,"[false, false, false]",0,2,0,Starfield Stage - 1
56,2025-09-28T18:05:09.267073,9,600.0,672.0,0.0,False,False,False,False,0,1,0,0,0,0,659,364,"[false, false, false]",0,2,0,Starfield Stage - 1
57,2025-09-28T18:05:09.277029,10,600.0,672.0,0.0,False,False,False,False,0,1,0,0,0,0,655,362,"[false, false, false]",0,2,0,Starfield Stage - 1
58,2025-09-28T18:05:09.286290,9,600.0,672.0,0.0,False,False,False,False,0,1,0,0,0,0,647,361,"[false, false, false]",0,2,0,Starfield Stage - 1
59,2025-09-28T18:05:09.294574,9,600.0,672.0,0.0,False,False,False,False,0,1,0,0,0,0,644,359,"[false, false, false]",0,2,0,Starfield Stage - 1
60,2025-09-28T18:05:09.303077,8,600.0,672.0,0.0,False,False,False,False,0,1,0,0,0,0,641,358,"[false, false, false]",0,2,0,Starfield Stage - 1
61,2025-09-28T18:05:09.313225,9,600.0,672.0,0.0,False,False,False,False,0,1,0,0,0,0,638,358,"[false, false, false]",0,2,0,Starfield Stage - 1
62,2025-09-28T18:05:09.320906,8,600.0,672.0,0.0,False,False,False,False,0,1,0,0,0,0,636,357,"[false, false, false]",0,2,0,Starfield Stage - 1
63,2025-09-28T18:05:09.329987,9,600.0,672.0,0.0,False,False,False,False,0,1,0,0,0,0,635,357,"[false, false, false]",0,2,0,Starfield Stage - 1
64,2025-09-28T18:05:09.338348,9,600.0,672.0,0.0,False,False,False,False,0,1,0,0,0,0,634,356,"[false, false, false]",0,2,0,Starfield Stage - 1
65,2025-09-28T18:05:09.347610,9,600.0,672.0,0.0,False,False,False,False,0,1,0,0,0,0,633,356,"[false, false, false]",0,2,0,Starfield Stage - 1
66,2025-09-28T18:05:09.355218,8,600.0,672.0,0.0,False,False,False,False,0,1,0,0,0,0,633,356,"[false, false, false]",0,2,0,Starfield Stage - 1
67,2025-09-28T18:05:09.362903,8,600.0,672.0,0.0,False,False,False,False,0,1,0,0,0,0,633,356,"[false, false, false]",0,2,0,Starfield Stage - 1
68,2025-09-28T18:05:09.372500,9,600.0,672.0,0.0,False,False,False,False,0,1,0,0,0,0,632,356,"[false, false, false]",0,2,0,Starfield Stage - 1
69,2025-09-28T18:05:09.380388,8,600.0,672.0,0.0,False,False,False,False,0,1,0,0,0,0,632,356,"[false, false, false]",0,2,0,Starfield Stage - 1
70,2025-09-28T18:05:09.388233,8,600.0,672.0,0.0,False,False,False,False,0,1,0,0,0,0,632,356,"[false, false, false]",0,2,0,Starfield Stage - 1
71,2025-09-28T18:05:09.396738,8,600.0,672.0,0.0,False,False,False,False,0,1,0,0,0,0,632,356,"[false, false, false]",0,2,0,Starfield Stage - 1
72,2025-09-28T18:05:09.404307,8,600.0,672.0,0.0,False,False,False,False,0,1,0,0,0,0,632,356,"[false, false, false]",0,2,0,Starfield Stage - 1
73,2025-09-28T18:05:09.411898,8,600.0,672.0,0.0,False,False,False,False,0,1,0,0,0,0,632,356,"[false, false, false]",0,2,0,Starfield Stage - 1
74,2025-09-28T18:05:09.421215,9,600.0,672.0,0.0,False,False,False,False,0,1,0,0,0,0,632,356,"[false, false, false]",0,2,0,Starfield Stage - 1
75,2025-09-28T18:05:09.428983,8,600.0,672.0,0.0,False,False,False,False,0,1,0,0,0,0,632,356,"[false, false, false]",0,2,0,Starfield Stage - 1
76,2025-09-28T18:05:09.438542,9,600.0,672.0,0.0,False,False,False,False,0,1,0,0,0,0,632,356,"[false, false, false]",0,2,0,Starfield Stage - 1
77,2025-09-28T18:05:09.445979,8,600.0,672.0,0.0,False,False,False,False,0,1,0,0,0,0,632,356,"[false, false, false]",0,2,0,Starfield Stage - 1
78,2025-09-28T18:05:09.454440,8,600.0,672.0,0.0,False,False,False,False,0,1,0,0,0,0,632,356,"[false, false, false]",0,2,0,Starfield Stage - 1
79,2025-09-28T18:05:09.461967,8,600.0,672.0,0.0,False,False,False,False,0,1,0,0,0,0,632,356,"[false, false, false]",0,2,0,Starfield Stage - 1
80,2025-09-28T18:05:09.471122,9,600.0,672.0,0.0,False,False,False,False,0,1,0,0,0,0,632,355,"[false, false, false]",0,2,0,Starfield Stage - 1
81,2025-09-28T18:05:09.480101,9,600.0,672.0,0.0,False,False,False,False,0,1,0,0,0,0,632,355,"[false, false, false]",0,2,0,Starfield Stage - 1
82,2025-09-28T18:05:09.488633,9,600.0,672.0,0.0,False,False,False,False,0,1,0,0,0,0,632,353,"[false, false, false]",0,2,0,Starfield Stage - 1
83,2025-09-28T18:05:09.497900,9,600.0,672.0,0.0,False,False,False,False,0,1,0,0,0,0,632,353,"[false, false, false]",0,2,0,Starfield Stage - 1
84,2025-09-28T18:05:09.506969,9,600.0,672.0,0.0,False,False,False,False,0,1,0,0,0,0,632,352,"[false, false, false]",0,2,0,Starfield Stage - 1
85,2025-09-28T18:05:09.515348,8,600.0,672.0,0.0,False,False,False,False,0,1,0,0,0,0,632,350,"[false, false, false]",0,2,0,Starfield Stage - 1
86,2025-09-28T18:05:09.522972,8,600.0,672.0,0.0,False,False,False,False,0,1,0,0,0,0,632,350,"[false, false, false]",0,2,0,Starfield Stage - 1
87,2025-09-28T18:05:09.532041,9,600.0,672.0,0.0,False,False,False,False,0,1,0,0,0,0,632,348,"[false, false, false]",0,2,0,Starfield Stage - 1
88,2025-09-28T18:05:09.541571,9,600.0,672.0,0.0,False,False,False,False,0,1,0,0,0,0,633,348,"[false, false, false]",0,2,0,Starfield Stage - 1
89,2025-09-28T18:05:09.550093,9,600.0,672.0,0.0,False,False,False,False,0,1,0,0,0,0,633,347,"[false, false, false]",0,2,0,Starfield Stage - 1
90,2025-09-28T18:05:09.559234,9,600.0,672.0,0.0,False,False,False,False,0,1,0,0,0,0,633,345,"[false, false, false]",0,2,0,Starfield Stage - 1
91,2025-09-28T18:05:09.567212,8,600.0,672.0,0.0,False,False,False,False,0,1,0,0,0,0,633,344,"[false, false, false]",0,2,0,Starfield Stage - 1
92,2025-09-28T18:05:09.575447,8,600.0,672.0,0.0,False,False,False,False,0,1,0,0,0,0,633,344,"[false, false, false]",0,2,0,Starfield Stage - 1
93,2025-09-28T18:05:09.583952,9,600.0,672.0,0.0,False,False,False,False,0,1,0,0,0,0,633,343,"[false, false, false]",0,2,0,Starfield Stage - 1
94,2025-09-28T18:05:09.593241,9,600.0,672.0,0.0,False,False,False,False,0,1,0,0,0,0,633,343,"[false, false, false]",0,2,0,Starfield Stage - 1
95,2025-09-28T18:05:09.601849,8,600.0,672.0,0.0,False,False,False,False,0,1,0,0,0,0,632,342,"[false, false, false]",0,2,0,Starfield Stage - 1
96,2025-09-28T18:05:09.610001,9,600.0,672.0,0.0,False,False,False,False,0,1,0,0,0,0,632,342,"[false, false, false]",0,2,0,Starfield Stage - 1
97,2025-09-28T18:05:09.619490,9,600.0,672.0,0.0,False,False,False,False,0,1,0,0,0,0,632,341,"[false, false, false]",0,2,0,Starfield Stage - 1
98,2025-09-28T18:05:09.627467,8,600.0,672.0,0.0,False,False,False,False,0,1,0,0,0,0,631,340,"[false, false, false]",0,2,0,Starfield Stage - 1
99,2025-09-28T18:05:09.635826,9,600.0,672.0,0.0,False,False,False,False,0,1,0,0,0,0,631,340,"[false, false, false]",0,2,0,Starfield Stage - 1
100,2025-09-28T18:05:09.645679,9,600.0,672.0,0.0,False,False,False,False,0,1,0,0,0,0,630,340,"[false, false, false]",0,2,0,Starfield Stage - 1
101,2025-09-28T18:05:09.653918,9,600.0,672.0,0.0,False,False,False,False,0,1,0,0,0,0,630,339,"[false, false, false]",0,2,0,Starfield Stage - 1
102,2025-09-28T18:05:09.663391,9,600.0,672.0,0.0,False,False,False,False,0,1,0,0,0,0,630,339,"[false, false, false]",0,2,0,Starfield Stage - 1
103,2025-09-28T18:05:09.671097,8,600.0,672.0,0.0,False,False,False,False,0,1,0,0,0,0,630,339,"[false, false, false]",0,2,0,Starfield Stage - 1
104,2025-09-28T18:05:09.679626,9,600.0,672.0,0.0,False,False,False,False,0,1,0,0,0,0,629,339,"[false, false, false]",0,2,0,Starfield Stage - 1
105,2025-09-28T18:05:09.688775,9,600.0,672.0,0.0,False,False,False,False,0,1,0,0,0,0,629,339,"[false, false, false]",0,2,0,Starfield Stage - 1
106,2025-09-28T18:05:09.698183,9,600.0,672.0,0.0,False,False,False,False,0,1,0,0,0,0,629,339,"[false, false, false]",0,2,0,Starfield Stage - 1
107,2025-09-28T18:05:09.706715,9,600.0,672.0,0.0,False,False,False,False,0,1,0,0,0,0,629,339,"[false, false, false]",0,2,0,Starfield Stage - 1
108,2025-09-28T18:05:09.715611,9,600.0,672.0,0.0,False,False,False,False,0,1,0,0,0,0,629,339,"[false, false, false]",0,2,0,Starfield Stage - 1
109,2025-09-28T18:05:09.724394,8,600.0,672.0,0.0,False,False,False,False,0,1,0,0,0,0,629,339,"[false, false, false]",0,2,0,Starfield Stage - 1
110,2025-09-28T18:05:09.732968,9,600.0,672.0,0.0,False,False,False,False,0,1,0,0,0,0,629,339,"[false, false, false]",0,2,0,Starfield Stage - 1
111,2025-09-28T18:05:09.742411,9,600.0,672.0,0.0,False,False,False,False,0,1,0,0,0,0,629,339,"[false, false, false]",0,2,0,Starfield Stage - 1
112,2025-09-28T18:05:09.750369,8,600.0,672.0,0.0,False,False,False,False,0,1,0,0,0,0,629,339,"[false, false, false]",0,2,0,Starfield Stage - 1
113,2025-09-28T18:05:09.759307,8,600.0,672.0,0.0,False,False,False,False,0,1,0,0,0,0,629,339,"[false, false, false]",0,2,0,Starfield Stage - 1
114,2025-09-28T18:05:09.767108,9,600.0,672.0,0.0,False,False,False,False,0,1,0,0,0,0,629,341,"[false, false, false]",0,2,0,Starfield Stage - 1
115,2025-09-28T18:05:09.776956,10,600.0,672.0,0.0,False,False,False,False,0,1,0,0,0,0,629,344,"[false, false, false]",0,2,0,Starfield Stage - 1
116,2025-09-28T18:05:09.785897,9,600.0,672.0,0.0,False,False,False,False,0,1,0,0,0,0,629,348,"[false, false, false]",0,2,0,Starfield Stage - 1
117,2025-09-28T18:05:09.794616,8,600.0,672.0,0.0,False,False,False,False,0,1,0,0,0,0,629,354,"[false, false, false]",0,2,0,Starfield Stage - 1
118,2025-09-28T18:05:09.803341,9,600.0,672.0,0.0,False,False,False,False,0,1,0,0,0,0,629,361,"[false, false, false]",0,2,0,Starfield Stage - 1
119,2025-09-28T18:05:09.811060,8,600.0,672.0,0.0,False,False,False,False,0,1,0,0,0,0,630,366,"[false, false, false]",0,2,0,Starfield Stage - 1
120,2025-09-28T18:05:09.820314,9,600.0,672.0,0.0,False,False,False,False,0,1,0,0,0,0,631,371,"[false, false, false]",0,2,0,Starfield Stage - 1
121,2025-09-28T18:05:09.828172,8,600.0,672.0,0.0,False,False,False,False,0,1,0,0,0,0,631,374,"[false, false, false]",0,2,0,Starfield Stage - 1
122,2025-09-28T18:05:09.836677,9,600.0,672.0,0.0,False,False,False,False,0,1,0,0,0,0,631,376,"[false, false, false]",0,2,0,Starfield Stage - 1
123,2025-09-28T18:05:09.845734,8,600.0,672.0,0.0,False,False,False,False,0,1,0,0,0,0,632,376,"[false, false, false]",0,2,0,Starfield Stage - 1
124,2025-09-28T18:05:09.853528,8,600.0,672.0,0.0,False,False,False,False,0,1,0,0,0,0,632,377,"[false, false, false]",0,2,0,Starfield Stage - 1
125,2025-09-28T18:05:09.862253,9,600.0,672.0,0.0,False,False,False,False,0,1,0,0,0,0,632,377,"[false, false, false]",0,2,0,Starfield Stage - 1
126,2025-09-28T18:05:09.869889,8,600.0,672.0,0.0,False,False,False,False,0,1,0,0,0,0,632,377,"[false, false, false]",0,2,0,Starfield Stage - 1
127,2025-09-28T18:05:09.878753,9,600.0,672.0,0.0,False,False,False,False,0,1,0,0,0,0,632,377,"[false, false, false]",0,2,0,Starfield Stage - 1
128,2025-09-28T18:05:09.888052,9,600.0,672.0,0.0,False,False,False,False,0,1,0,0,0,0,632,377,"[false, false, false]",0,2,0,Starfield Stage - 1
129,2025-09-28T18:05:09.897083,9,600.0,672.0,0.0,False,False,False,False,0,1,0,0,0,0,632,377,"[false, false, false]",0,2,0,Starfield Stage - 1
130,2025-09-28T18:05:09.906849,10,600.0,672.0,0.0,False,False,False,False,0,1,0,0,0,0,632,377,"[false, false, false]",0,2,0,Starfield Stage - 1
131,2025-09-28T18:05:09.915716,9,600.0,672.0,0.0,False,False,False,False,0,1,0,0,0,0,632,377,"[false, false, false]",0,2,0,Starfield Stage - 1
132,2025-09-28T18:05:09.924942,9,600.0,672.0,0.0,False,False,False,False,0,1,0,0,0,0,632,376,"[false, false, false]",0,2,0,Starfield Stage - 1
133,2025-09-28T18:05:09.934012,9,600.0,672.0,0.0,False,False,False,False,0,1,0,0,0,0,631,375,"[false, false, false]",0,2,0,Starfield Stage - 1
134,2025-09-28T18:05:09.943425,9,600.0,672.0,0.0,False,False,False,False,0,2,0,0,0,0,629,370,"[false, false, false]",0,2,0,Starfield Stage - 1
135,2025-09-28T18:05:09.951120,8,600.0,672.0,0.0,False,False,False,False,0,2,0,0,0,0,627,367,"[false, false, false]",0,2,0,Starfield Stage - 1
136,2025-09-28T18:05:09.960549,9,600.0,672.0,0.0,False,False,False,False,0,2,0,0,0,0,626,364,"[false, false, false]",0,2,0,Starfield Stage - 1
137,2025-09-28T18:05:09.968289,8,600.0,672.0,0.0,False,False,False,False,0,2,0,0,0,0,625,361,"[false, false, false]",0,2,0,Starfield Stage - 1
138,2025-09-28T18:05:09.976827,9,600.0,672.0,0.0,False,False,False,False,0,2,0,0,0,0,623,359,"[false, false, false]",0,2,0,Starfield Stage - 1
139,2025-09-28T18:05:09.985880,9,600.0,672.0,0.0,False,False,False,False,0,2,0,0,0,0,622,357,"[false, false, false]",0,2,0,Starfield Stage - 1
140,2025-09-28T18:05:09.995159,9,600.0,672.0,0.0,False,False,False,False,0,2,0,0,0,0,621,355,"[false, false, false]",0,2,0,Starfield Stage - 1
141,2025-09-28T18:05:10.004235,9,600.0,672.0,0.0,False,False,False,False,0,2,0,0,0,0,620,354,"[false, false, false]",0,2,0,Starfield Stage - 1
142,2025-09-28T18:05:10.012032,8,600.0,672.0,0.0,False,False,False,False,0,2,0,0,0,0,620,353,"[false, false, false]",0,2,0,Starfield Stage - 1
143,2025-09-28T18:05:10.021568,9,600.0,672.0,0.0,False,False,False,False,0,2,0,0,0,0,619,352,"[false, false, false]",0,2,0,Starfield Stage - 1
144,2025-09-28T18:05:10.030056,9,600.0,672.0,0.0,False,False,False,False,0,2,0,0,0,0,619,352,"[false, false, false]",0,2,0,Starfield Stage - 1
145,2025-09-28T18:05:10.039167,9,600.0,672.0,0.0,False,False,False,False,0,2,0,0,0,0,619,351,"[false, false, false]",0,2,0,Starfield Stage - 1
146,2025-09-28T18:05:10.046957,8,600.0,672.0,0.0,False,False,False,False,0,2,0,0,0,0,619,351,"[false, false, false]",0,2,0,Starfield Stage - 1
147,2025-09-28T18:05:10.055924,9,600.0,672.0,0.0,False,False,False,False,0,2,0,0,0,0,619,351,"[false, false, false]",0,2,0,Starfield Stage - 1
148,2025-09-28T18:05:10.064453,8,600.0,672.0,0.0,False,False,False,False,0,2,0,0,0,0,619,350,"[false, false, false]",0,2,0,Starfield Stage - 1
149,2025-09-28T18:05:10.072190,8,600.0,672.0,0.0,False,False,False,False,0,2,0,0,0,0,619,350,"[false, false, false]",0,2,0,Starfield Stage - 1
150,2025-09-28T18:05:10.080593,8,600.0,672.0,0.0,False,False,False,False,0,2,0,0,0,0,619,350,"[false, false, false]",0,2,0,Starfield Stage - 1
151,2025-09-28T18:05:10.088891,9,600.0,672.0,0.0,False,False,False,False,0,2,0,0,0,0,619,350,"[false, false, false]",0,2,0,Starfield Stage - 1
152,2025-09-28T18:05:10.098136,9,600.0,672.0,0.0,False,False,False,False,0,2,0,0,0,0,619,350,"[false, false, false]",0,2,0,Starfield Stage - 1
153,2025-09-28T18:05:10.107072,9,600.0,672.0,0.0,False,False,False,False,0,2,0,0,0,0,619,349,"[false, false, false]",0,2,0,Starfield Stage - 1
154,2025-09-28T18:05:10.115575,9,600.0,672.0,0.0,False,False,False,False,0,2,0,0,0,0,619,349,"[false, false, false]",0,2,0,Starfield Stage - 1
155,2025-09-28T18:05:10.124476,8,600.0,672.0,0.0,False,False,False,False,0,2,0,0,0,0,618,349,"[false, false, false]",0,2,0,Starfield Stage - 1
156,2025-09-28T18:05:10.132480,8,600.0,672.0,0.0,False,False,False,False,0,2,0,0,0,0,618,349,"[false, false, false]",0,2,0,Starfield Stage - 1
157,2025-09-28T18:05:10.140120,8,600.0,672.0,0.0,False,False,False,False,0,2,0,0,0,0,618,349,"[false, false, false]",0,2,0,Starfield Stage - 1
158,2025-09-28T18:05:10.148820,9,600.0,672.0,0.0,False,False,False,False,0,2,0,0,0,0,618,349,"[false, false, false]",0,2,0,Starfield Stage - 1
159,2025-09-28T18:05:10.158273,9,600.0,672.0,0.0,False,False,False,False,0,2,0,0,0,0,618,348,"[false, false, false]",0,2,0,Starfield Stage - 1
160,2025-09-28T18:05:10.166736,9,600.0,672.0,0.0,False,False,False,False,0,2,0,0,0,0,618,348,"[false, false, false]",0,2,0,Starfield Stage - 1
161,2025-09-28T18:05:10.175026,8,600.0,672.0,0.0,False,False,False,False,0,2,0,0,0,0,618,348,"[false, false, false]",0,2,0,Starfield Stage - 1
162,2025-09-28T18:05:10.183864,9,600.0,672.0,0.0,False,False,False,False,0,2,0,0,0,0,618,348,"[false, false, false]",0,2,0,Starfield Stage - 1
163,2025-09-28T18:05:10.193453,9,600.0,672.0,0.0,False,False,False,False,0,2,0,0,0,0,618,348,"[false, false, false]",0,2,0,Starfield Stage - 1
164,2025-09-28T18:05:10.202153,9,600.0,672.0,0.0,False,False,False,False,0,2,0,0,0,0,618,348,"[false, false, false]",0,2,0,Starfield Stage - 1
165,2025-09-28T18:05:10.210186,8,600.0,672.0,0.0,False,False,False,False,0,2,0,0,0,0,618,348,"[false, false, false]",0,2,0,Starfield Stage - 1
166,2025-09-28T18:05:10.218762,8,600.0,672.0,0.0,False,False,False,False,0,2,0,0,0,0,618,348,"[false, false, false]",0,2,0,Starfield Stage - 1
167,2025-09-28T18:05:10.226984,9,600.0,672.0,0.0,False,False,False,False,0,2,0,0,0,0,618,348,"[false, false, false]",0,2,0,Starfield Stage - 1
168,2025-09-28T18:05:10.236274,9,600.0,672.0,0.0,False,False,False,False,0,2,0,0,0,0,618,348,"[false, false, false]",0,2,0,Starfield Stage - 1
169,2025-09-28T18:05:10.245371,8,600.0,672.0,0.0,False,False,False,False,0,2,0,0,0,0,618,348,"[false, false, false]",0,2,0,Starfield Stage - 1
170,2025-09-28T18:05:10.253501,9,600.0,672.0,0.0,False,False,False,False,0,2,0,0,0,0,618,348,"[false, false, false]",0,2,0,Starfield Stage - 1
171,2025-09-28T18:05:10.262851,9,600.0,672.0,0.0,False,False,False,False,0,2,0,0,0,0,618,348,"[false, false, false]",0,2,0,Starfield Stage - 1
172,2025-09-28T18:05:10.271116,9,600.0,672.0,0.0,False,False,False,False,0,2,0,0,0,0,618,348,"[false, false, false]",0,2,0,Starfield Stage - 1
173,2025-09-28T18:05:10.280727,9,600.0,672.0,0.0,False,False,False,False,0,2,0,0,0,0,618,348,"[false, false, false]",0,2,0,Starfield Stage - 1
174,2025-09-28T18:05:10.288624,9,600.0,672.0,0.0,False,False,False,False,0,2,0,0,0,0,618,348,"[false, false, false]",0,2,0,Starfield Stage - 1
175,2025-09-28T18:05:10.297835,9,600.0,672.0,0.0,False,False,False,False,0,2,0,0,0,0,618,348,"[false, false, false]",0,2,0,Starfield Stage - 1
176,2025-09-28T18:05:10.307113,9,600.0,672.0,0.0,False,False,False,False,0,2,0,0,0,0,618,348,"[false, false, false]",0,2,0,Starfield Stage - 1
177,2025-09-28T18:05:10.317153,10,600.0,672.0,0.0,False,False,False,False,0,2,0,0,0,0,618,348,"[false, false, false]",0,2,0,Starfield Stage - 1
178,2025-09-28T18:05:10.325253,8,600.0,672.0,0.0,False,False,False,False,0,2,0,0,0,0,618,348,"[false, false, false]",0,2,0,Starfield Stage - 1
179,2025-09-28T18:05:10.333063,8,600.0,672.0,0.0,False,False,False,False,0,2,0,0,0,0,618,348,"[false, false, false]",0,2,0,Starfield Stage - 1
180,2025-09-28T18:05:10.342260,9,600.0,672.0,0.0,False,False,False,False,0,2,0,0,0,0,618,348,"[false, false, false]",0,2,0,Starfield Stage - 1
181,2025-09-28T18:05:10.350365,8,600.0,672.0,0.0,False,False,False,False,0,2,0,0,0,0,618,348,"[true, false, false]",0,2,0,Starfield Stage - 1
182,2025-09-28T18:05:10.358905,9,600.0,672.0,0.0,False,False,False,False,0,2,0,0,0,0,618,348,"[true, false, false]",0,2,0,Starfield Stage - 1
183,2025-09-28T18:05:10.367673,9,600.0,672.0,0.0,False,False,False,False,0,2,0,0,0,0,618,348,"[true, false, false]",0,2,0,Starfield Stage - 1
184,2025-09-28T18:05:10.376821,9,600.0,672.0,0.0,False,False,False,False,0,2,0,0,0,0,618,348,"[true, false, false]",0,2,0,Starfield Stage - 1
185,2025-09-28T18:05:10.385499,9,600.0,672.0,0.0,False,False,False,False,0,2,0,0,0,0,618,348,"[true, false, false]",0,2,0,Starfield Stage - 1
186,2025-09-28T18:05:10.393987,8,600.0,672.0,0.0,False,False,False,False,0,2,0,0,0,0,618,348,"[true, false, false]",0,2,0,Starfield Stage - 1
187,2025-09-28T18:05:10.402629,8,600.0,672.0,0.0,False,False,False,False,0,2,0,0,0,0,618,348,"[true, false, false]",0,2,0,Starfield Stage - 1
188,2025-09-28T18:05:10.411402,9,600.0,672.0,0.0,False,False,False,False,0,0,0,0,0,0,618,348,"[false, false, false]",0,2,0,Starfield Stage - 1
189,2025-09-28T18:05:10.418993,8,600.0,672.0,-0.05549850524571683,False,False,False,False,0,0,0,0,0,0,618,348,"[false, false, false]",0,2,0,Starfield Stage - 1
190,2025-09-28T18:05:10.427864,9,600.0,672.0,-0.05549850524571683,False,False,False,False,0,0,0,0,0,0,618,348,"[false, false, false]",0,2,0,Starfield Stage - 1
191,2025-09-28T18:05:10.437143,9,600.0,672.0,-0.05549850524571683,False,False,False,False,0,0,0,0,0,0,618,348,"[false, false, false]",0,2,0,Starfield Stage - 1
192,2025-09-28T18:05:10.444840,8,600.0,672.0,-0.05549850524571683,False,False,False,False,0,0,0,0,0,0,618,348,"[false, false, false]",0,2,0,Starfield Stage - 1
193,2025-09-28T18:05:10.453704,9,600.0,672.0,-0.05549850524571683,False,False,False,False,0,0,0,0,0,0,618,348,"[false, false, false]",0,2,0,Starfield Stage - 1
194,2025-09-28T18:05:10.462567,8,600.0,672.0,-0.05549850524571683,False,False,False,False,0,0,0,0,0,0,618,348,"[false, false, false]",0,2,0,Starfield Stage - 1
195,2025-09-28T18:05:10.470524,9,600.0,672.0,-0.05857489273759928,False,False,False,False,0,0,0,0,0,0,619,348,"[false, false, false]",0,2,0,Starfield Stage - 1
196,2025-09-28T18:05:10.479570,9,600.0,672.0,-0.06165017063925904,False,False,False,False,0,0,0,0,0,0,620,348,"[false, false, false]",0,2,0,Starfield Stage - 1
197,2025-09-28T18:05:10.488808,9,600.0,672.0,-0.07130746478529032,False,False,False,False,0,0,0,0,0,0,623,350,"[false, false, false]",0,2,0,Starfield Stage - 1
198,2025-09-28T18:05:10.497814,9,600.0,672.0,-0.08417562510627782,False,False,False,False,0,0,0,0,0,0,627,352,"[false, false, false]",0,2,0,Starfield Stage - 1
199,2025-09-28T18:05:10.506719,9,600.0,672.0,-0.10092178466729385,False,False,False,False,0,0,0,0,0,0,632,356,"[false, false, false]",0,2,0,Starfield Stage - 1
200,2025-09-28T18:05:10.515246,8,600.0,672.0,-0.12791510608821133,False,False,False,False,0,0,0,0,0,0,640,361,"[false, false, false]",0,2,0,Starfield Stage - 1
201,2025-09-28T18:05:10.523508,8,600.0,672.0,-0.15609674148027464,False,False,False,False,0,0,0,0,0,0,648,367,"[false, false, false]",0,2,0,Starfield Stage - 1
202,2025-09-28T18:05:10.531339,8,600.0,672.0,-0.19222764720107577,False,False,False,False,0,0,0,0,0,0,658,374,"[false, false, false]",0,2,0,Starfield Stage - 1
203,2025-09-28T18:05:10.538766,8,600.0,672.0,-0.23684876094692026,False,False,False,False,0,0,0,0,0,0,670,382,"[false, false, false]",0,2,0,Starfield Stage - 1
204,2025-09-28T18:05:10.547965,9,600.0,672.0,-0.28064817511946083,False,False,False,False,0,0,0,0,0,0,681,391,"[false, false, false]",0,2,0,Starfield Stage - 1
205,2025-09-28T18:05:10.557166,9,600.0,672.0,-0.32945117225573683,False,False,False,False,0,0,0,0,0,0,693,400,"[false, false, false]",0,2,0,Starfield Stage - 1
206,2025-09-28T18:05:10.565750,8,600.0,672.0,-0.3785455953114932,False,False,False,False,0,0,0,0,0,0,705,408,"[false, false, false]",0,2,0,Starfield Stage - 1
207,2025-09-28T18:05:10.573794,8,597.5,672.0,-0.4303001664918658,False,True,False,False,0,0,0,0,0,0,715,416,"[false, false, false]",0,2,0,Starfield Stage - 1
208,2025-09-28T18:05:10.582071,9,595.0,672.0,-0.4843123935311689,False,True,False,False,0,0,0,0,0,0,726,423,"[false, false, false]",0,2,0,Starfield Stage - 1
209,2025-09-28T18:05:10.591276,9,592.5,672.0,-0.5638693587807003,False,True,False,False,0,0,0,0,0,0,743,434,"[false, false, false]",0,2,0,Starfield Stage - 1
210,2025-09-28T18:05:10.599801,9,590.0,672.0,-0.6066644839655532,False,True,False,False,0,0,0,0,0,0,751,440,"[false, false, false]",0,2,0,Starfield Stage - 1
211,2025-09-28T18:05:10.609750,9,587.5,672.0,-0.6392772690760625,False,True,False,False,0,0,0,0,0,0,757,444,"[false, false, false]",0,2,0,Starfield Stage - 1
212,2025-09-28T18:05:10.618198,9,585.0,672.0,-0.6763793896924164,False,True,False,False,0,0,0,0,0,0,764,449,"[false, false, false]",0,2,0,Starfield Stage - 1
213,2025-09-28T18:05:10.626625,8,582.5,672.0,-0.7080619381017998,False,True,False,False,0,0,0,0,0,0,770,453,"[false, false, false]",0,2,0,Starfield Stage - 1
214,2025-09-28T18:05:10.635347,9,580.0,672.0,-0.7366563120875167,False,True,False,False,0,0,0,0,0,0,775,457,"[false, false, false]",0,2,0,Starfield Stage - 1
215,2025-09-28T18:05:10.643308,8,577.5,672.0,-0.7673060483900203,False,True,False,False,0,0,0,0,0,0,781,461,"[false, false, false]",0,2,0,Starfield Stage - 1
216,2025-09-28T18:05:10.650726,8,575.0,672.0,-0.7901828158808066,False,True,False,False,0,0,0,0,0,0,785,464,"[false, false, false]",0,2,0,Starfield Stage - 1
217,2025-09-28T18:05:10.659697,9,572.5,672.0,-0.8102451198748418,False,True,False,False,0,0,0,0,0,0,789,466,"[false, false, false]",0,2,0,Starfield Stage - 1
218,2025-09-28T18:05:10.668981,9,570.0,672.0,-0.8276265655104502,False,True,False,False,0,0,0,0,0,0,792,468,"[false, false, false]",0,2,0,Starfield Stage - 1
219,2025-09-28T18:05:10.677972,9,567.5,672.0,-0.8400584458721725,False,True,False,False,0,0,0,0,0,0,794,469,"[false, false, false]",0,2,0,Starfield Stage - 1
220,2025-09-28T18:05:10.687388,9,565.0,672.0,-0.8476731919422038,False,True,False,False,0,0,0,0,0,0,795,469,"[false, false, false]",0,2,0,Starfield Stage - 1
221,2025-09-28T18:05:10.695321,8,562.5,672.0,-0.853033074711337,False,True,False,False,0,0,0,0,0,0,795,469,"[false, false, false]",0,2,0,Starfield Stage - 1
222,2025-09-28T18:05:10.704507,8,560.0,669.5,-0.8644523540752553,False,True,True,False,0,0,0,0,0,0,795,469,"[false, false, false]",0,2,0,Starfield Stage - 1
223,2025-09-28T18:05:10.711960,9,557.5,667.0,-0.8758510112636776,False,True,True,False,0,0,0,0,0,0,795,469,"[false, false, false]",0,2,0,Starfield Stage - 1
224,2025-09-28T18:05:10.721157,9,555.0,664.5,-0.887226148820698,False,True,True,False,0,0,0,0,0,0,795,469,"[false, false, false]",0,2,0,Starfield Stage - 1
225,2025-09-28T18:05:10.729236,8,552.5,662.0,-0.8945360137475851,False,True,True,False,0,0,0,0,0,0,793,469,"[false, false, false]",0,2,0,Starfield Stage - 1
226,2025-09-28T18:05:10.737101,8,550.0,659.5,-0.8952904688612716,False,True,True,False,0,0,0,0,0,0,789,468,"[false, false, false]",0,2,0,Starfield Stage - 1
227,2025-09-28T18:05:10.747187,10,547.5,657.0,-0.8872768855716865,False,True,True,False,0,0,0,0,0,0,782,466,"[false, false, false]",0,2,0,Starfield Stage - 1
228,2025-09-28T18:05:10.754824,8,545.0,654.5,-0.8674542620430714,False,True,True,False,0,0,0,0,0,0,772,462,"[false, false, false]",0,2,0,Starfield Stage - 1
229,2025-09-28T18:05:10.764089,9,542.5,652.0,-0.8421690177858117,False,True,True,False,0,0,0,0,0,0,761,457,"[false, false, false]",0,2,0,Starfield Stage - 1
230,2025-09-28T18:05:10.772979,9,540.0,649.5,-0.80134773104191,False,True,True,False,0,0,0,0,0,0,747,449,"[false, false, false]",0,2,0,Starfield Stage - 1
231,2025-09-28T18:05:10.782149,9,537.5,647.0,-0.6850989144455413,False,True,True,False,0,0,0,0,0,0,714,431,"[false, false, false]",0,2,0,Starfield Stage - 1
232,2025-09-28T18:05:10.790167,8,535.0,644.5,-0.6242587491600065,False,True,True,False,0,0,0,0,0,0,696,421,"[false, false, false]",0,2,0,Starfield Stage - 1
233,2025-09-28T18:05:10.797806,8,532.5,642.0,-0.5589883446956543,False,True,True,False,0,0,0,0,0,0,677,411,"[false, false, false]",0,2,0,Starfield Stage - 1
234,2025-09-28T18:05:10.807039,9,530.0,639.5,-0.49104938653817526,False,True,True,False,0,0,0,0,0,0,657,402,"[false, false, false]",0,2,0,Starfield Stage - 1
235,2025-09-28T18:05:10.815449,9,527.5,637.0,-0.42491383224008045,False,True,True,False,0,0,0,0,0,0,637,395,"[false, false, false]",0,2,0,Starfield Stage - 1
236,2025-09-28T18:05:10.823788,8,525.0,634.5,-0.35854745598856513,False,True,True,False,0,0,0,0,0,0,617,389,"[false, false, false]",0,2,0,Starfield Stage - 1
237,2025-09-28T18:05:10.833057,9,522.5,632.0,-0.29071973914791205,False,True,True,False,0,0,0,0,0,0,597,383,"[false, false, false]",0,2,0,Starfield Stage - 1
238,2025-09-28T18:05:10.842428,9,520.0,629.5,-0.22752760466587485,False,True,True,False,0,0,0,0,0,0,578,379,"[false, false, false]",0,2,0,Starfield Stage - 1
239,2025-09-28T18:05:10.850889,8,517.5,627.0,-0.17093453377680898,False,True,True,False,0,0,0,0,0,0,561,375,"[false, false, false]",0,2,0,Starfield Stage - 1
240,2025-09-28T18:05:10.858501,9,515.0,624.5,-0.11779532187058589,False,True,True,False,0,0,0,0,0,0,545,371,"[false, false, false]",0,2,0,Starfield Stage - 1
241,2025-09-28T18:05:10.868000,9,515.0,622.0,-0.05921921471221139,False,False,True,False,0,0,0,0,0,0,530,369,"[false, false, false]",0,2,0,Starfield Stage - 1
242,2025-09-28T18:05:10.876634,9,517.5,619.5,0.001988068951345794,True,False,True,False,0,0,0,0,0,0,517,368,"[false, false, false]",0,2,0,Starfield Stage - 1
243,2025-09-28T18:05:10.885785,9,520.0,617.0,0.09966865249116202,True,False,True,False,0,0,0,0,0,0,495,367,"[false, false, false]",0,2,0,Starfield Stage - 1
244,2025-09-28T18:05:10.894127,8,522.5,614.5,0.14641935277456736,True,False,True,False,0,0,0,0,0,0,486,367,"[false, false, false]",0,2,0,Starfield Stage - 1
245,2025-09-28T18:05:10.902676,9,525.0,612.0,0.1902922854773706,True,False,True,False,0,0,0,0,0,0,478,368,"[false, false, false]",0,2,0,Starfield Stage - 1
246,2025-09-28T18:05:10.911994,9,527.5,609.5,0.23562393847829893,True,False,True,False,0,0,0,0,0,0,470,370,"[false, false, false]",0,2,0,Starfield Stage - 1
247,2025-09-28T18:05:10.920874,9,530.0,607.0,0.28280921129960296,True,False,True,False,0,0,0,0,0,0,462,373,"[false, false, false]",0,2,0,Starfield Stage - 1
248,2025-09-28T18:05:10.929569,9,532.5,604.5,0.3309126016893723,True,False,True,False,0,0,0,0,0,0,454,376,"[false, false, false]",0,2,0,Starfield Stage - 1
249,2025-09-28T18:05:10.938766,9,535.0,602.0,0.3773959672364249,True,False,True,False,0,0,0,0,0,0,447,380,"[false, false, false]",0,2,0,Starfield Stage - 1
250,2025-09-28T18:05:10.948041,9,537.5,599.5,0.4322592533675604,True,False,True,False,0,0,0,0,0,0,439,386,"[false, false, false]",0,2,0,Starfield Stage - 1
251,2025-09-28T18:05:10.956952,9,540.0,597.0,0.48306264490312417,True,False,True,False,0,0,0,0,0,0,433,393,"[false, false, false]",0,2,0,Starfield Stage - 1
252,2025-09-28T18:05:10.966008,9,542.5,594.5,0.5848520153583348,True,False,True,False,0,0,0,0,0,0,421,411,"[false, false, false]",0,2,0,Starfield Stage - 1
253,2025-09-28T18:05:10.975408,9,545.0,592.0,0.6491242922604653,True,False,True,False,0,0,0,0,0,0,416,422,"[false, false, false]",0,2,0,Starfield Stage - 1
254,2025-09-28T18:05:10.983829,9,547.5,589.5,0.7268444833917276,True,False,True,False,0,1,0,0,0,0,411,436,"[false, false, false]",0,2,0,Starfield Stage - 1
255,2025-09-28T18:05:10.993437,9,550.0,587.0,0.8104825065818138,True,False,True,False,0,1,0,0,0,0,407,451,"[false, false, false]",0,2,0,Starfield Stage - 1
256,2025-09-28T18:05:11.001397,8,552.5,584.5,0.9014161579605806,True,False,True,False,0,1,0,0,0,0,404,467,"[false, false, false]",0,2,0,Starfield Stage - 1
257,2025-09-28T18:05:11.009603,9,555.0,582.0,1.0040671092713902,True,False,True,False,0,1,0,0,0,0,401,484,"[false, false, false]",0,2,0,Starfield Stage - 1
258,2025-09-28T18:05:11.018796,9,557.5,579.5,1.1084193651407466,True,False,True,False,0,1,0,0,0,0,400,501,"[false, false, false]",0,2,0,Starfield Stage - 1
259,2025-09-28T18:05:11.028210,9,560.0,577.0,1.2140692504096942,True,False,True,False,0,1,0,0,0,0,399,517,"[false, false, false]",0,2,0,Starfield Stage - 1
260,2025-09-28T18:05:11.037012,9,562.5,574.5,1.3922887212099413,True,False,True,False,0,1,0,0,0,0,399,545,"[false, false, false]",0,2,0,Starfield Stage - 1
261,2025-09-28T18:05:11.045929,9,565.0,572.0,1.4699491244663667,True,False,True,False,0,1,0,0,0,0,397,555,"[false, false, false]",0,2,0,Starfield Stage - 1
262,2025-09-28T18:05:11.054110,8,567.5,569.5,1.5333498626202167,True,False,True,False,0,1,0,0,0,0,394,563,"[false, false, false]",0,2,0,Starfield Stage - 1
263,2025-09-28T18:05:11.062880,9,570.0,567.0,1.5876486638362393,True,False,True,False,0,1,0,0,0,0,392,570,"[false, false, false]",0,2,0,Starfield Stage - 1
264,2025-09-28T18:05:11.072473,9,572.5,564.5,1.6442335076245491,True,False,True,False,0,1,0,0,0,0,389,578,"[false, false, false]",0,2,0,Starfield Stage - 1
265,2025-09-28T18:05:11.080744,9,575.0,562.0,1.692531811943564,True,False,True,False,0,1,0,0,0,0,387,585,"[false, false, false]",0,2,0,Starfield Stage - 1
266,2025-09-28T18:05:11.089721,9,577.5,559.5,1.7380502642571578,True,False,True,False,0,1,0,0,0,0,385,592,"[false, false, false]",0,2,0,Starfield Stage - 1
267,2025-09-28T18:05:11.099065,9,580.0,557.0,1.7770065457085866,True,False,True,False,0,1,0,0,0,0,384,598,"[false, false, false]",0,2,0,Starfield Stage - 1
268,2025-09-28T18:05:11.108230,9,582.5,554.5,1.8081325755160054,True,False,True,False,0,1,0,0,0,0,382,603,"[false, false, false]",0,2,0,Starfield Stage - 1
269,2025-09-28T18:05:11.117466,9,585.0,552.0,1.8445357568249852,True,False,True,False,0,1,0,0,0,0,382,609,"[false, false, false]",0,2,0,Starfield Stage - 1
270,2025-09-28T18:05:11.125787,9,587.5,549.5,1.8983188228646803,True,False,True,False,1,1,0,0,0,0,380,620,"[true, false, false]",0,2,0,Starfield Stage - 1
271,2025-09-28T18:05:11.134798,8,590.0,547.0,1.9290475165927172,True,False,True,False,1,1,0,0,0,0,379,626,"[true, false, false]",0,2,0,Starfield Stage - 1
272,2025-09-28T18:05:11.142778,9,592.5,544.5,1.9517064180556958,True,False,True,False,1,1,0,0,0,0,379,630,"[true, false, false]",0,2,0,Starfield Stage - 1
273,2025-09-28T18:05:11.151598,9,595.0,542.0,1.97568811307998,True,False,True,False,1,1,0,0,0,0,378,635,"[true, false, false]",0,2,0,Starfield Stage - 1
274,2025-09-28T18:05:11.160968,9,597.5,539.5,1.9946869126262228,True,False,True,False,1,1,0,0,0,0,377,639,"[true, false, false]",0,2,0,Starfield Stage - 1
275,2025-09-28T18:05:11.169950,9,600.0,537.0,2.01451903672156,True,False,True,False,1,1,0,0,0,0,377,643,"[true, false, false]",0,2,0,Starfield Stage - 1
276,2025-09-28T18:05:11.178433,8,602.5,534.5,2.028243838095428,True,False,True,False,1,1,0,0,0,0,376,646,"[false, false, false]",0,2,0,Starfield Stage - 1
277,2025-09-28T18:05:11.186521,9,605.0,532.0,2.04659611534521,True,False,True,False,1,1,0,0,0,0,376,650,"[false, false, false]",0,2,0,Starfield Stage - 1
278,2025-09-28T18:05:11.195865,8,607.5,529.5,2.0574970671439052,True,False,True,False,1,1,0,0,0,0,376,652,"[false, false, false]",0,2,0,Starfield Stage - 1
279,2025-09-28T18:05:11.203936,9,610.0,527.0,2.07133993599446,True,False,True,False,1,1,0,0,0,0,376,655,"[false, false, false]",0,2,0,Starfield Stage - 1
280,2025-09-28T18:05:11.213193,9,612.5,524.5,2.0929097913824943,True,False,True,False,1,1,0,0,0,0,377,660,"[false, false, false]",0,2,0,Starfield Stage - 1
281,2025-09-28T18:05:11.220605,8,615.0,522.0,2.096254350003817,True,False,True,False,1,1,0,0,0,0,377,660,"[false, false, false]",0,2,0,Starfield Stage - 1
282,2025-09-28T18:05:11.229213,8,617.5,519.5,2.1167237273034982,True,False,True,False,1,1,0,0,0,0,378,665,"[false, false, false]",0,2,0,Starfield Stage - 1
283,2025-09-28T18:05:11.236719,8,620.0,517.0,2.11967995383191,True,False,True,False,1,1,0,0,0,0,378,665,"[false, false, false]",0,2,0,Starfield Stage - 1
284,2025-09-28T18:05:11.246852,10,622.5,514.5,2.1399332443207935,True,False,True,False,1,1,0,0,0,0,381,669,"[false, false, false]",0,2,0,Starfield Stage - 1
285,2025-09-28T18:05:11.255296,8,625.0,512.0,2.1502031535165136,True,False,True,False,1,1,0,0,0,0,382,671,"[false, false, false]",0,2,0,Starfield Stage - 1
286,2025-09-28T18:05:11.262769,8,627.5,509.5,2.1649338227003403,True,False,True,False,1,1,0,0,0,0,384,674,"[false, false, false]",0,2,0,Starfield Stage - 1
287,2025-09-28T18:05:11.271778,9,630.0,507.0,2.176554073712218,True,False,True,False,1,1,0,0,0,0,386,676,"[false, false, false]",0,2,0,Starfield Stage - 1
288,2025-09-28T18:05:11.280960,9,632.5,504.5,2.193363305731928,True,False,True,False,1,1,0,0,0,0,388,680,"[false, false, false]",0,2,0,Starfield Stage - 1
289,2025-09-28T18:05:11.289875,9,635.0,502.0,2.216269819618227,True,False,True,False,1,1,0,0,0,0,392,685,"[false, false, false]",0,2,0,Starfield Stage - 1
290,2025-09-28T18:05:11.299156,9,637.5,499.5,2.2457907544376083,True,False,True,False,1,1,0,0,0,0,397,692,"[false, false, false]",0,2,0,Starfield Stage - 1
291,2025-09-28T18:05:11.306652,8,640.0,497.0,2.2790750146473746,True,False,True,False,1,1,0,0,0,0,403,700,"[false, false, false]",0,2,0,Starfield Stage - 1
292,2025-09-28T18:05:11.315586,9,642.5,494.5,2.3114815820740495,True,False,True,False,1,1,0,0,0,0,409,708,"[false, false, false]",0,2,0,Starfield Stage - 1
293,2025-09-28T18:05:11.325344,9,642.5,492.0,2.379343606724657,False,False,True,False,2,1,0,0,0,0,421,724,"[true, false, false]",0,2,0,Starfield Stage - 1
294,2025-09-28T18:05:11.333469,8,642.5,489.5,2.4109642211227724,False,False,True,False,2,1,0,0,0,0,427,730,"[true, false, false]",0,2,0,Starfield Stage - 1
295,2025-09-28T18:05:11.341555,9,642.5,487.0,2.4358072829102997,False,False,True,False,2,1,0,0,0,0,432,734,"[true, false, false]",0,2,0,Starfield Stage - 1
296,2025-09-28T18:05:11.349944,8,642.5,484.5,2.4517630361813456,False,False,True,False,2,1,0,0,0,0,435,736,"[true, false, false]",0,2,0,Starfield Stage - 1
297,2025-09-28T18:05:11.359354,9,640.0,482.0,2.47165244260795,False,True,True,False,2,1,0,0,0,0,438,737,"[false, false, false]",0,2,0,Starfield Stage - 1
298,2025-09-28T18:05:11.367587,9,637.5,479.5,2.4891769331202047,False,True,True,False,2,1,0,0,0,0,440,738,"[false, false, false]",0,2,0,Starfield Stage - 1
299,2025-09-28T18:05:11.376758,9,635.0,477.0,2.506696126532077,False,True,True,False,2,1,0,0,0,0,442,739,"[false, false, false]",0,2,0,Starfield Stage - 1
300,2025-09-28T18:05:11.386185,9,632.5,474.5,2.5292254837558272,False,True,True,False,2,1,0,0,0,0,446,740,"[false, false, false]",0,2,0,Starfield Stage - 1
301,2025-09-28T18:05:11.394873,8,630.0,472.0,2.557029417391888,False,True,True,False,2,1,0,0,0,0,452,741,"[false, false, false]",0,2,0,Starfield Stage - 1
302,2025-09-28T18:05:11.402730,9,627.5,469.5,2.5904497037865957,False,True,True,False,2,1,0,0,0,0,460,742,"[false, false, false]",0,2,0,Starfield Stage - 1
303,2025-09-28T18:05:11.411786,9,625.0,467.0,2.624399661859749,False,True,True,False,2,1,0,0,0,0,468,743,"[false, false, false]",0,2,0,Starfield Stage - 1
304,2025-09-28T18:05:11.420824,9,622.5,464.5,2.6629782363643657,False,True,True,False,2,1,0,0,0,0,478,743,"[false, false, false]",0,2,0,Starfield Stage - 1
305,2025-09-28T18:05:11.429732,9,620.0,462.0,2.7336875316125564,False,True,True,False,2,1,0,0,0,0,499,742,"[false, false, false]",0,2,0,Starfield Stage - 1
306,2025-09-28T18:05:11.439434,9,617.5,459.5,2.7694117085408716,False,True,True,False,2,1,0,0,0,0,508,740,"[false, false, false]",0,2,0,Starfield Stage - 1
307,2025-09-28T18:05:11.446899,8,615.0,457.0,2.804917834203066,False,True,True,False,2,1,0,0,0,0,517,737,"[false, false, false]",0,2,0,Starfield Stage - 1
308,2025-09-28T18:05:11.456841,10,612.5,454.5,2.836989400168102,False,True,True,False,2,1,0,0,0,0,524,736,"[false, false, false]",0,2,0,Starfield Stage - 1
309,2025-09-28T18:05:11.465551,9,610.0,452.0,2.8726516357181238,False,True,True,False,2,1,0,0,0,0,532,735,"[false, false, false]",0,2,0,Starfield Stage - 1
310,2025-09-28T18:05:11.474890,9,607.5,449.5,2.912748295732182,False,True,True,False,2,1,0,0,0,0,541,735,"[false, false, false]",0,2,0,Starfield Stage - 1
311,2025-09-28T18:05:11.483716,9,605.0,447.0,2.9647648631720775,False,True,True,False,2,1,0,0,0,0,553,738,"[false, false, false]",0,2,0,Starfield Stage - 1
312,2025-09-28T18:05:11.493377,9,602.5,444.5,3.0943195797556746,False,True,True,False,3,1,0,0,0,0,588,751,"[true, false, false]",0,2,0,Starfield Stage - 1
313,2025-09-28T18:05:11.501083,8,600.0,442.0,-3.107123552590285,False,True,True,False,3,1,0,0,0,0,611,761,"[true, false, false]",0,2,0,Starfield Stage - 1
314,2025-09-28T18:05:11.509982,9,597.5,439.5,-3.035228668918019,False,True,True,False,3,1,0,1,0,0,633,772,"[true, false, false]",0,2,0,Starfield Stage - 1
315,2025-09-28T18:05:11.518744,9,595.0,437.0,-2.966091404862691,False,True,True,False,3,1,0,1,0,0,656,781,"[true, false, false]",0,2,0,Starfield Stage - 1
316,2025-09-28T18:05:11.527949,9,592.5,434.5,-2.9129404303927857,False,True,True,False,3,1,0,1,0,0,675,789,"[true, false, false]",0,2,0,Starfield Stage - 1
317,2025-09-28T18:05:11.537316,9,590.0,432.0,-2.8720711158551753,False,True,True,False,3,1,0,1,0,0,690,794,"[true, false, false]",0,2,0,Starfield Stage - 1
318,2025-09-28T18:05:11.545070,8,587.5,429.5,-2.8445284412487504,False,True,True,False,3,1,0,1,0,0,700,797,"[true, false, false]",0,2,0,Starfield Stage - 1
319,2025-09-28T18:05:11.554433,9,585.0,427.0,-2.8287631926103907,False,True,True,False,3,1,0,1,0,0,705,798,"[true, false, false]",0,2,0,Starfield Stage - 1
320,2025-09-28T18:05:11.563902,9,582.5,424.5,-2.8206433810729448,False,True,True,False,3,1,0,1,0,0,707,799,"[false, false, false]",0,2,0,Starfield Stage - 1
321,2025-09-28T18:05:11.572387,9,580.0,422.0,-2.8142821882555586,False,True,True,False,3,1,0,1,0,0,708,799,"[false, false, false]",0,2,0,Starfield Stage - 1
322,2025-09-28T18:05:11.581018,9,577.5,419.5,-2.8103861162653216,False,True,True,False,3,1,0,1,0,0,708,799,"[false, false, false]",0,2,0,Starfield Stage - 1
323,2025-09-28T18:05:11.591233,9,575.0,417.0,-2.819842099193151,False,True,True,False,3,1,0,1,0,0,700,792,"[false, false, false]",0,2,0,Starfield Stage - 1
324,2025-09-28T18:05:11.597760,8,572.5,414.5,-2.8287995143416667,False,True,True,False,3,1,0,1,0,0,692,784,"[false, false, false]",0,2,0,Starfield Stage - 1
325,2025-09-28T18:05:11.606812,9,570.0,412.0,-2.8448368928120713,False,True,True,False,3,1,0,1,0,0,681,775,"[false, false, false]",0,2,0,Starfield Stage - 1
326,2025-09-28T18:05:11.615682,9,567.5,409.5,-2.866081609776745,False,True,True,False,3,1,0,1,0,0,668,765,"[false, false, false]",0,2,0,Starfield Stage - 1
327,2025-09-28T18:05:11.624737,9,565.0,407.0,-2.8865269082501444,False,True,True,False,3,1,0,1,0,0,656,756,"[false, false, false]",0,2,0,Starfield Stage - 1
328,2025-09-28T18:05:11.633696,9,562.5,404.5,-2.9058825201041225,False,True,True,False,3,1,0,1,0,0,645,748,"[false, false, false]",0,2,0,Starfield Stage - 1
329,2025-09-28T18:05:11.642765,9,560.0,402.0,-2.9216783783471696,False,True,True,False,3,1,0,1,0,0,636,742,"[false, false, false]",0,2,0,Starfield Stage - 1
330,2025-09-28T18:05:11.651906,9,557.5,399.5,-2.9334265351818525,False,True,True,False,3,1,0,1,0,0,629,738,"[false, false, false]",0,2,0,Starfield Stage - 1
331,2025-09-28T18:05:11.661265,9,555.0,397.0,-2.943629878826268,False,True,True,False,3,1,0,1,0,0,623,736,"[false, false, false]",0,2,0,Starfield Stage - 1
332,2025-09-28T18:05:11.669788,9,552.5,394.5,-2.9436340307363538,False,True,True,False,3,1,0,1,0,0,621,736,"[false, false, false]",0,2,0,Starfield Stage - 1
333,2025-09-28T18:05:11.679250,9,550.0,392.0,-2.9436381223056753,False,True,True,False,4,1,0,1,0,0,619,736,"[true, false, false]",0,2,0,Starfield Stage - 1
334,2025-09-28T18:05:11.687754,9,547.5,389.5,-2.9475101683103473,False,True,True,False,4,1,0,1,0,0,616,738,"[true, false, false]",0,2,0,Starfield Stage - 1
335,2025-09-28T18:05:11.696788,9,545.0,387.0,-2.9540221050997286,False,True,True,False,4,1,0,1,0,0,612,740,"[true, false, false]",0,2,0,Starfield Stage - 1
336,2025-09-28T18:05:11.706807,10,542.5,384.5,-2.9608801529041657,False,True,True,False,4,1,0,1,0,0,608,743,"[true, false, false]",0,2,0,Starfield Stage - 1
337,2025-09-28T18:05:11.715604,9,540.0,382.0,-2.9706739558780373,False,True,True,False,4,1,0,1,0,0,603,747,"[true, false, false]",0,2,0,Starfield Stage - 1
338,2025-09-28T18:05:11.724131,8,537.5,379.5,-2.9766634187874,False,True,True,False,4,1,0,1,0,0,599,749,"[true, false, false]",0,2,0,Starfield Stage - 1
339,2025-09-28T18:05:11.768904,9,535.0,377.0,-2.985128082662112,False,True,True,False,3,0,0,1,0,0,594,751,"[true, false, false]",0,2,0,Starfield Stage - 1
340,2025-09-28T18:05:11.770349,37,532.5,374.5,-3.02716733430783,False,True,True,False,3,0,0,1,0,0,576,753,"[false, false, false]",0,2,0,Starfield Stage - 1
341,2025-09-28T18:05:11.778770,9,530.0,372.0,-3.0317997364357705,False,True,True,False,3,0,0,1,0,0,572,753,"[false, false, false]",0,2,0,Starfield Stage - 1
342,2025-09-28T18:05:11.788212,9,527.5,369.5,-3.033798293188895,False,True,True,False,3,0,0,1,0,0,569,753,"[false, false, false]",0,2,0,Starfield Stage - 1
343,2025-09-28T18:05:11.796883,9,525.0,367.0,-3.0383342729282234,False,True,True,False,3,0,0,1,0,0,565,753,"[false, false, false]",0,2,0,Starfield Stage - 1
344,2025-09-28T18:05:11.805552,9,522.5,364.5,-3.049047310221208,False,True,True,False,3,0,0,1,0,0,558,747,"[false, false, false]",0,2,0,Starfield Stage - 1
345,2025-09-28T18:05:11.814275,8,520.0,362.0,-3.049986245138347,False,True,True,False,1,0,0,1,0,0,555,743,"[false, false, false]",0,2,0,Starfield Stage - 1
346,2025-09-28T18:05:11.821832,8,517.5,359.5,-3.0475810911254855,False,True,True,False,1,0,0,1,0,0,553,736,"[false, false, false]",0,2,0,Starfield Stage - 1
347,2025-09-28T18:05:11.831137,9,515.0,357.0,-3.0427203906302913,False,True,True,False,1,0,0,1,0,0,552,730,"[false, false, false]",0,2,0,Starfield Stage - 1
348,2025-09-28T18:05:11.840539,10,512.5,354.5,-3.037492715480194,False,True,True,False,1,0,0,1,0,0,551,723,"[false, false, false]",0,2,0,Starfield Stage - 1
349,2025-09-28T18:05:11.850271,9,510.0,352.0,-3.02702802819605,False,True,True,False,1,0,0,1,0,0,552,717,"[false, false, false]",0,2,0,Starfield Stage - 1
350,2025-09-28T18:05:11.858833,9,507.5,349.5,-3.0136644225918165,False,True,True,False,1,0,0,1,0,0,554,711,"[false, false, false]",0,2,0,Starfield Stage - 1
351,2025-09-28T18:05:11.867985,9,505.0,347.0,-2.997746283715864,False,True,True,False,1,0,0,1,0,0,557,706,"[false, false, false]",0,2,0,Starfield Stage - 1
352,2025-09-28T18:05:11.877128,9,502.5,344.5,-2.9616150381221424,False,True,True,False,2,0,0,1,0,0,567,699,"[true, false, false]",0,2,0,Starfield Stage - 1
353,2025-09-28T18:05:11.888089,10,500.0,342.0,-2.9441970937399127,False,True,True,False,2,0,0,1,0,0,571,697,"[true, false, false]",0,2,0,Starfield Stage - 1
354,2025-09-28T18:05:11.897280,10,497.5,339.5,-2.926948130764892,False,True,True,False,2,0,0,1,0,0,575,695,"[true, false, false]",0,2,0,Starfield Stage - 1
355,2025-09-28T18:05:11.906170,9,497.5,337.0,-2.919209014549628,True,True,True,False,2,0,0,1,0,0,578,693,"[true, false, false]",0,2,0,Starfield Stage - 1
356,2025-09-28T18:05:11.914465,8,500.0,334.5,-2.9214433238972166,True,False,True,False,2,0,0,1,0,0,580,692,"[true, false, false]",0,2,0,Starfield Stage - 1
357,2025-09-28T18:05:11.923584,9,502.5,332.0,-2.9236611707090048,True,False,True,False,2,0,0,1,0,0,582,691,"[true, false, false]",0,2,0,Starfield Stage - 1
358,2025-09-28T18:05:11.932186,9,505.0,329.5,-2.9311624502433196,True,False,True,False,2,0,0,1,0,0,582,690,"[true, false, false]",0,2,0,Starfield Stage - 1
359,2025-09-28T18:05:11.940569,8,507.5,327.0,-2.9365273155459706,True,False,True,False,2,0,0,1,0,0,583,690,"[true, false, false]",0,2,0,Starfield Stage - 1
360,2025-09-28T18:05:11.948732,9,510.0,324.5,-2.9444601823947214,True,False,True,False,2,0,0,1,0,0,583,690,"[false, false, false]",0,2,0,Starfield Stage - 1
361,2025-09-28T18:05:11.957839,9,512.5,324.5,-2.9510463017038475,True,False,False,False,2,0,0,1,0,0,583,690,"[false, false, false]",0,2,0,Starfield Stage - 1
362,2025-09-28T18:05:11.966926,9,515.0,324.5,-2.957649197052618,True,False,False,False,2,0,0,1,0,0,583,690,"[false, false, false]",0,2,0,Starfield Stage - 1
363,2025-09-28T18:05:11.976759,10,517.5,324.5,-2.964268354715294,True,False,False,False,2,0,0,1,0,0,583,690,"[false, false, false]",0,2,0,Starfield Stage - 1
364,2025-09-28T18:05:11.985965,9,520.0,324.5,-2.97090325273338,True,False,False,False,2,0,0,1,0,0,583,690,"[false, false, false]",0,2,0,Starfield Stage - 1
365,2025-09-28T18:05:11.995967,9,522.5,324.5,-2.9766670410833562,True,False,False,False,2,0,0,1,0,0,583,688,"[false, false, false]",0,2,0,Starfield Stage - 1
366,2025-09-28T18:05:12.004492,8,525.0,324.5,-2.9798102112160696,True,False,False,False,2,0,0,1,0,0,584,686,"[false, false, false]",0,2,0,Starfield Stage - 1
367,2025-09-28T18:05:12.013377,8,527.5,324.5,-2.9821192841411337,True,False,False,False,2,0,0,1,0,0,585,682,"[false, false, false]",0,2,0,Starfield Stage - 1
368,2025-09-28T18:05:12.018792,8,530.0,324.5,-2.984918349578137,True,False,False,False,2,0,0,1,0,0,586,679,"[false, false, false]",0,2,0,Starfield Stage - 1
369,2025-09-28T18:05:12.027862,9,532.5,324.5,-2.9873357818359363,True,False,False,False,2,0,0,1,0,0,587,675,"[false, false, false]",0,2,0,Starfield Stage - 1
370,2025-09-28T18:05:12.037122,9,535.0,324.5,-2.97998671052687,True,False,False,False,2,1,0,1,0,0,591,668,"[false, false, false]",0,2,0,Starfield Stage - 1
371,2025-09-28T18:05:12.046955,10,537.5,324.5,-2.971936296148668,True,False,False,False,2,1,0,1,0,0,596,666,"[false, false, false]",0,2,0,Starfield Stage - 1
372,2025-09-28T18:05:12.057074,10,540.0,324.5,-2.9529663173240737,True,False,False,False,2,1,0,1,0,0,605,665,"[false, false, false]",0,2,0,Starfield Stage - 1
373,2025-09-28T18:05:12.065796,9,542.5,324.5,-2.923390198118959,True,False,False,False,2,1,0,1,0,0,618,665,"[false, false, false]",0,2,0,Starfield Stage - 1
374,2025-09-28T18:05:12.075658,9,545.0,324.5,-2.8826217296236427,True,False,False,False,2,1,0,1,0,0,636,668,"[false, false, false]",0,2,0,Starfield Stage - 1
375,2025-09-28T18:05:12.084305,9,547.5,324.5,-2.8319417679779995,True,False,False,False,2,1,0,1,0,0,659,673,"[false, false, false]",0,2,0,Starfield Stage - 1
376,2025-09-28T18:05:12.093429,9,550.0,324.5,-2.7786668825780603,True,False,False,False,2,1,0,1,0,0,685,680,"[false, false, false]",0,2,0,Starfield Stage - 1
377,2025-09-28T18:05:12.101109,8,552.5,324.5,-2.664541021666657,True,False,False,False,2,1,0,1,0,0,744,695,"[false, false, false]",0,2,0,Starfield Stage - 1
378,2025-09-28T18:05:12.110898,9,555.0,324.5,-2.6155904833641834,True,False,False,False,2,1,0,1,0,0,773,700,"[false, false, false]",0,2,0,Starfield Stage - 1
379,2025-09-28T18:05:12.119286,9,557.5,324.5,-2.5668486008672953,True,False,False,False,2,1,0,1,0,0,802,702,"[false, false, false]",0,2,0,Starfield Stage - 1
380,2025-09-28T18:05:12.127574,9,560.0,324.5,-2.5254790006491477,True,False,False,False,1,1,0,1,0,0,828,703,"[false, false, false]",0,2,0,Starfield Stage - 1
381,2025-09-28T18:05:12.136820,9,562.5,324.5,-2.4873709128558126,True,False,False,False,1,1,0,1,0,0,852,702,"[false, false, false]",0,2,0,Starfield Stage - 1
382,2025-09-28T18:05:12.146809,10,565.0,324.5,-2.451733030669816,True,False,False,False,1,1,0,1,0,0,874,699,"[false, false, false]",0,2,0,Starfield Stage - 1
383,2025-09-28T18:05:12.155885,9,567.5,324.5,-2.4222851446930305,True,False,False,False,1,1,0,1,0,0,892,695,"[false, false, false]",0,2,0,Starfield Stage - 1
384,2025-09-28T18:05:12.165588,9,570.0,324.5,-2.361127501622345,True,False,False,False,1,1,0,1,0,0,923,681,"[false, false, false]",0,2,0,Starfield Stage - 1
385,2025-09-28T18:05:12.173595,9,572.5,324.5,-2.3350708720269813,True,False,False,False,1,1,0,1,0,0,935,672,"[false, false, false]",0,2,0,Starfield Stage - 1
386,2025-09-28T18:05:12.182063,8,575.0,324.5,-2.307331926334068,True,False,False,False,1,1,0,1,0,0,945,660,"[false, false, false]",0,2,0,Starfield Stage - 1
387,2025-09-28T18:05:12.190700,9,577.5,324.5,-2.2817269951508443,True,False,False,False,1,1,0,1,0,0,952,647,"[false, false, false]",0,2,0,Starfield Stage - 1
388,2025-09-28T18:05:12.199572,9,580.0,324.5,-2.2553000830335086,True,False,False,False,1,1,0,1,0,0,958,633,"[false, false, false]",0,2,0,Starfield Stage - 1
389,2025-09-28T18:05:12.208936,9,582.5,324.5,-2.22782418596012,True,False,False,False,1,1,0,1,0,0,963,618,"[false, false, false]",0,2,0,Starfield Stage - 1
390,2025-09-28T18:05:12.218438,9,585.0,327.0,-2.1959938179190757,True,False,False,True,1,1,0,1,0,0,966,602,"[false, false, false]",0,2,0,Starfield Stage - 1
391,2025-09-28T18:05:12.226824,9,587.5,329.5,-2.164523483657613,True,False,False,True,1,1,0,1,0,0,969,587,"[false, false, false]",0,2,0,Starfield Stage - 1
392,2025-09-28T18:05:12.235853,9,590.0,332.0,-2.135490268973998,True,False,False,True,1,1,0,1,0,0,972,574,"[false, false, false]",0,2,0,Starfield Stage - 1
393,2025-09-28T18:05:12.245373,9,592.5,334.5,-2.083868211467718,True,False,False,True,1,1,0,1,0,0,975,550,"[false, false, false]",0,2,0,Starfield Stage - 1
394,2025-09-28T18:05:12.253706,9,595.0,337.0,-2.0561347482515684,True,False,False,True,1,1,0,1,0,0,978,539,"[false, false, false]",0,2,0,Starfield Stage - 1
395,2025-09-28T18:05:12.263267,9,597.5,339.5,-2.0307771109518606,True,False,False,True,1,1,0,1,0,0,980,529,"[false, false, false]",0,2,0,Starfield Stage - 1
396,2025-09-28T18:05:12.271344,8,600.0,342.0,-2.0037007088467096,True,False,False,True,1,1,0,1,0,0,983,519,"[false, false, false]",0,2,0,Starfield Stage - 1
397,2025-09-28T18:05:12.279689,9,602.5,344.5,-1.9760027763798529,True,False,False,True,1,1,0,1,0,0,986,509,"[false, false, false]",0,2,0,Starfield Stage - 1
398,2025-09-28T18:05:12.288969,9,605.0,347.0,-1.9436863637266544,True,False,False,True,1,1,0,1,0,0,991,498,"[false, false, false]",0,2,0,Starfield Stage - 1
399,2025-09-28T18:05:12.298154,9,607.5,349.5,-1.910963831664388,True,False,False,True,1,1,0,1,0,0,996,487,"[false, false, false]",0,2,0,Starfield Stage - 1
400,2025-09-28T18:05:12.306947,9,610.0,352.0,-1.8710777876874267,True,False,False,True,1,1,0,1,0,0,1004,474,"[false, false, false]",0,2,0,Starfield Stage - 1
401,2025-09-28T18:05:12.315906,9,612.5,354.5,-1.8283658325930376,True,False,False,True,1,1,0,1,0,0,1013,460,"[false, false, false]",0,2,0,Starfield Stage - 1
402,2025-09-28T18:05:12.324993,9,615.0,357.0,-1.738260708290969,True,False,False,True,1,1,0,1,0,0,1035,428,"[false, false, false]",0,2,0,Starfield Stage - 1
403,2025-09-28T18:05:12.333943,9,617.5,359.5,-1.6947214603565284,True,False,False,True,1,1,0,1,0,0,1047,413,"[false, false, false]",0,2,0,Starfield Stage - 1
404,2025-09-28T18:05:12.342525,9,620.0,362.0,-1.6573376211384565,True,False,False,True,1,1,0,1,0,0,1058,400,"[true, false, false]",0,2,0,Starfield Stage - 1
405,2025-09-28T18:05:12.351602,9,622.5,364.5,-1.623262100111748,True,False,False,True,1,1,0,1,0,0,1070,388,"[true, false, false]",0,2,0,Starfield Stage - 1
406,2025-09-28T18:05:12.360914,9,625.0,367.0,-1.5950206621435048,True,False,False,True,1,1,0,1,0,0,1079,378,"[true, false, false]",0,2,0,Starfield Stage - 1
407,2025-09-28T18:05:12.370060,9,627.5,369.5,-1.5718797499896218,True,False,False,True,1,1,0,1,0,0,1089,370,"[true, false, false]",0,2,0,Starfield Stage - 1
408,2025-09-28T18:05:12.378739,9,630.0,372.0,-1.5536673812218234,True,False,False,True,1,1,0,1,0,0,1097,364,"[true, false, false]",0,2,0,Starfield Stage - 1
409,2025-09-28T18:05:12.388144,9,632.5,374.5,-1.5399877995321043,True,False,False,True,1,1,0,1,0,0,1103,360,"[true, false, false]",0,2,0,Starfield Stage - 1
410,2025-09-28T18:05:12.396898,9,635.0,377.0,-1.5283589756983382,True,False,False,True,1,1,0,1,0,0,1106,357,"[true, false, false]",0,2,0,Starfield Stage - 1
411,2025-09-28T18:05:12.405713,9,637.5,379.5,-1.5187710518284727,True,False,False,True,1,1,0,1,0,0,1108,355,"[false, false, false]",0,2,0,Starfield Stage - 1
412,2025-09-28T18:05:12.414466,8,640.0,382.0,-1.5131678993174227,True,False,False,True,1,1,0,1,0,0,1108,355,"[false, false, false]",0,2,0,Starfield Stage - 1
413,2025-09-28T18:05:12.422067,8,642.5,384.5,-1.5075082425277544,True,False,False,True,1,1,0,1,0,0,1108,355,"[false, false, false]",0,2,0,Starfield Stage - 1
414,2025-09-28T18:05:12.431074,9,645.0,387.0,-1.5017915905154702,True,False,False,True,1,1,0,1,0,0,1108,355,"[false, false, false]",0,2,0,Starfield Stage - 1
415,2025-09-28T18:05:12.439750,9,647.5,389.5,-1.4960174573008125,True,False,False,True,1,1,0,1,0,0,1108,355,"[false, false, false]",0,2,0,Starfield Stage - 1
416,2025-09-28T18:05:12.448892,9,650.0,392.0,-1.4901853624146433,True,False,False,True,1,1,0,1,0,0,1108,355,"[false, false, false]",0,2,0,Starfield Stage - 1
417,2025-09-28T18:05:12.457705,9,652.5,394.5,-1.48429483146629,True,False,False,True,1,1,0,1,0,0,1108,355,"[false, false, false]",0,2,0,Starfield Stage - 1
418,2025-09-28T18:05:12.466898,9,655.0,397.0,-1.4783453967331577,True,False,False,True,1,1,0,1,0,0,1108,355,"[false, false, false]",0,2,0,Starfield Stage - 1
419,2025-09-28T18:05:12.476988,10,657.5,399.5,-1.4725532682497031,True,False,False,True,1,1,0,1,0,0,1109,355,"[false, false, false]",0,2,0,Starfield Stage - 1
420,2025-09-28T18:05:12.487289,10,660.0,402.0,-1.467413468093028,True,False,False,True,1,1,0,1,0,0,1113,355,"[false, false, false]",0,2,0,Starfield Stage - 1
421,2025-09-28T18:05:12.495977,9,662.5,404.5,-1.4596540219821144,True,False,False,True,1,1,0,1,0,0,1115,354,"[false, false, false]",0,2,0,Starfield Stage - 1
422,2025-09-28T18:05:12.505512,9,665.0,407.0,-1.4545822650158986,True,False,False,True,1,1,0,1,0,0,1119,354,"[false, false, false]",0,2,0,Starfield Stage - 1
423,2025-09-28T18:05:12.514621,9,667.5,409.5,-1.444952230871467,True,False,False,True,1,1,0,1,0,0,1122,352,"[false, false, false]",0,2,0,Starfield Stage - 1
424,2025-09-28T18:05:12.523521,9,670.0,412.0,-1.4335075345008532,True,False,False,True,1,1,0,1,0,0,1126,349,"[false, false, false]",0,2,0,Starfield Stage - 1
425,2025-09-28T18:05:12.531458,8,672.5,414.5,-1.4200364235726002,True,False,False,True,1,1,0,1,0,0,1130,345,"[false, false, false]",0,2,0,Starfield Stage - 1
426,2025-09-28T18:05:12.539739,9,675.0,417.0,-1.4007163755097778,True,False,False,True,1,1,0,1,0,0,1135,338,"[false, false, false]",0,2,0,Starfield Stage - 1
427,2025-09-28T18:05:12.548368,8,677.5,419.5,-1.3779688414825748,True,False,False,True,1,1,0,1,0,0,1141,329,"[false, false, false]",0,2,0,Starfield Stage - 1
428,2025-09-28T18:05:12.557067,9,680.0,422.0,-1.3537150411882368,True,False,False,True,1,1,0,1,0,0,1147,319,"[false, false, false]",0,2,0,Starfield Stage - 1
429,2025-09-28T18:05:12.566621,9,682.5,424.5,-1.3093450942458775,True,False,False,True,2,1,0,1,0,0,1159,297,"[true, false, false]",0,2,0,Starfield Stage - 1
430,2025-09-28T18:05:12.574648,8,685.0,427.0,-1.2883655979271547,True,False,False,True,2,1,0,1,0,0,1164,288,"[true, false, false]",0,2,0,Starfield Stage - 1
431,2025-09-28T18:05:12.583136,9,687.5,429.5,-1.2659614520279017,True,False,False,True,2,1,0,1,0,0,1169,278,"[true, false, false]",0,2,0,Starfield Stage - 1
432,2025-09-28T18:05:12.592044,9,690.0,432.0,-1.2465582153401638,True,False,False,True,2,1,0,1,0,0,1172,270,"[true, false, false]",0,2,0,Starfield Stage - 1
433,2025-09-28T18:05:12.601099,9,692.5,434.5,-1.230472057171207,True,False,False,True,2,1,0,1,0,0,1174,264,"[true, false, false]",0,2,0,Starfield Stage - 1
434,2025-09-28T18:05:12.610163,9,695.0,437.0,-1.2150032015498906,True,False,False,True,2,1,0,1,0,0,1174,259,"[false, false, false]",0,2,0,Starfield Stage - 1
435,2025-09-28T18:05:12.617886,8,697.5,439.5,-1.203903194723691,True,False,False,True,2,1,0,1,0,0,1175,256,"[false, false, false]",0,2,0,Starfield Stage - 1
436,2025-09-28T18:05:12.627013,9,700.0,442.0,-1.1939249754750627,True,False,False,True,2,1,0,1,0,0,1175,254,"[false, false, false]",0,2,0,Starfield Stage - 1
437,2025-09-28T18:05:12.636981,10,702.5,444.5,-1.1857370763878736,True,False,False,True,2,1,0,1,0,0,1175,253,"[false, false, false]",0,2,0,Starfield Stage - 1
438,2025-09-28T18:05:12.645455,8,705.0,447.0,-1.1775169217409998,True,False,False,True,2,1,0,1,0,0,1175,252,"[false, false, false]",0,2,0,Starfield Stage - 1
439,2025-09-28T18:05:12.653184,8,707.5,449.5,-1.171079138566712,True,False,False,True,2,1,0,1,0,0,1175,252,"[false, false, false]",0,2,0,Starfield Stage - 1
440,2025-09-28T18:05:12.660679,8,710.0,452.0,-1.1646075243758967,True,False,False,True,2,1,0,1,0,0,1175,252,"[false, false, false]",0,2,0,Starfield Stage - 1
441,2025-09-28T18:05:12.669823,9,712.5,454.5,-1.1581023581282708,True,False,False,True,2,1,0,1,0,0,1175,252,"[false, false, false]",0,2,0,Starfield Stage - 1
442,2025-09-28T18:05:12.679096,9,715.0,457.0,-1.1515639330410012,True,False,False,True,2,1,0,1,0,0,1175,252,"[false, false, false]",0,2,0,Starfield Stage - 1
443,2025-09-28T18:05:12.687927,9,717.5,459.5,-1.1449925567107115,True,False,False,True,2,1,0,1,0,0,1175,252,"[false, false, false]",0,2,0,Starfield Stage - 1
444,2025-09-28T18:05:12.697124,9,717.5,462.0,-1.1404697136723376,True,True,False,True,2,1,0,1,0,0,1175,252,"[false, false, false]",0,2,0,Starfield Stage - 1
445,2025-09-28T18:05:12.705919,9,717.5,464.5,-1.1359655722346054,True,True,False,True,2,1,0,1,0,0,1175,252,"[false, false, false]",0,2,0,Starfield Stage - 1
446,2025-09-28T18:05:12.715339,9,717.5,464.5,-1.1359655722346054,True,True,False,False,3,1,0,1,0,0,1175,252,"[true, false, false]",0,2,0,Starfield Stage - 1
447,2025-09-28T18:05:12.723729,8,717.5,464.5,-1.1359655722346054,True,True,False,False,3,1,0,1,0,0,1175,252,"[true, false, false]",0,2,0,Starfield Stage - 1
448,2025-09-28T18:05:12.732116,9,717.5,464.5,-1.1359655722346054,True,True,False,False,3,1,0,1,0,0,1175,252,"[true, false, false]",0,2,0,Starfield Stage - 1
449,2025-09-28T18:05:12.741311,9,717.5,464.5,-1.141372788322837,True,True,False,False,3,1,0,1,0,0,1175,255,"[true, false, false]",0,2,0,Starfield Stage - 1
450,2025-09-28T18:05:12.748871,8,717.5,464.5,-1.1441688336680205,True,True,False,False,3,1,0,1,0,0,1174,257,"[true, false, false]",0,2,0,Starfield Stage - 1
451,2025-09-28T18:05:12.757540,8,717.5,464.5,-1.1488099407392751,True,True,False,False,3,1,0,1,0,0,1173,260,"[true, false, false]",0,2,0,Starfield Stage - 1
452,2025-09-28T18:05:12.765934,9,717.5,464.5,-1.1516537238282252,True,True,False,False,3,1,0,1,0,0,1172,262,"[true, false, false]",0,2,0,Starfield Stage - 1
453,2025-09-28T18:05:12.774837,9,717.5,464.5,-1.1545173208598634,True,True,False,False,3,1,0,1,0,0,1171,264,"[true, false, false]",0,2,0,Starfield Stage - 1
454,2025-09-28T18:05:12.784175,9,717.5,464.5,-1.15740089217925,True,True,False,False,3,1,0,1,0,0,1170,266,"[false, false, false]",0,2,0,Starfield Stage - 1
455,2025-09-28T18:05:12.792059,8,717.5,464.5,-1.1584439808228433,True,True,False,False,3,1,0,1,0,0,1169,267,"[false, false, false]",0,2,0,Starfield Stage - 1
456,2025-09-28T18:05:12.800816,9,717.5,464.5,-1.1594926593713306,True,True,False,False,3,1,0,1,0,0,1168,268,"[false, false, false]",0,2,0,Starfield Stage - 1
457,2025-09-28T18:05:12.810256,9,717.5,464.5,-1.1613591172687538,True,True,False,False,3,1,0,1,0,0,1168,269,"[false, false, false]",0,2,0,Starfield Stage - 1
458,2025-09-28T18:05:12.818844,8,717.5,464.5,-1.162419299929818,True,True,False,False,3,1,0,1,0,0,1167,270,"[false, false, false]",0,2,0,Starfield Stage - 1
459,2025-09-28T18:05:12.826879,9,717.5,464.5,-1.1642946680073663,True,True,False,False,3,1,0,1,0,0,1167,271,"[false, false, false]",0,2,0,Starfield Stage - 1
460,2025-09-28T18:05:12.835826,9,717.5,464.5,-1.1661730689673762,True,True,False,False,3,1,0,1,0,0,1167,272,"[false, false, false]",0,2,0,Starfield Stage - 1
461,2025-09-28T18:05:12.845179,8,717.5,464.5,-1.1661730689673762,True,True,False,False,3,1,0,1,0,0,1167,272,"[false, false, false]",0,2,0,Starfield Stage - 1
462,2025-09-28T18:05:12.852533,8,715.0,464.5,-1.1700505646337662,False,True,False,False,3,1,0,1,0,0,1167,273,"[false, false, false]",0,2,0,Starfield Stage - 1
463,2025-09-28T18:05:12.861424,9,712.5,464.5,-1.1720279996483074,False,True,False,False,3,1,0,1,0,0,1167,273,"[false, false, false]",0,2,0,Starfield Stage - 1
464,2025-09-28T18:05:12.869400,8,710.0,464.5,-1.1739870463638695,False,True,False,False,3,1,0,1,0,0,1167,273,"[false, false, false]",0,2,0,Starfield Stage - 1
465,2025-09-28T18:05:12.877459,8,707.5,462.0,-1.180572445813146,False,True,True,False,3,1,0,1,0,0,1167,273,"[false, false, false]",0,2,0,Starfield Stage - 1
466,2025-09-28T18:05:12.885765,8,705.0,459.5,-1.1871218648660986,False,True,True,False,3,1,0,1,1,0,1167,273,"[false, false, false]",0,2,0,Starfield Stage - 1
467,2025-09-28T18:05:12.893513,8,702.5,457.0,-1.1936350403463787,False,True,True,False,4,1,0,1,1,0,1167,273,"[true, false, false]",0,2,0,Starfield Stage - 1
468,2025-09-28T18:05:12.901428,8,700.0,454.5,-1.2019733943066915,False,True,True,False,4,1,0,1,1,0,1167,274,"[true, false, false]",0,2,0,Starfield Stage - 1
469,2025-09-28T18:05:12.909794,8,697.5,452.0,-1.2121423698758018,False,True,True,False,4,1,0,1,1,0,1167,276,"[true, false, false]",0,2,0,Starfield Stage - 1
470,2025-09-28T18:05:12.917515,9,695.0,449.5,-1.2222805120451916,False,True,True,False,4,1,0,1,1,0,1167,278,"[true, false, false]",0,2,0,Starfield Stage - 1
471,2025-09-28T18:05:12.926477,9,692.5,447.0,-1.2305119224847654,False,True,True,False,4,1,0,1,1,0,1167,279,"[true, false, false]",0,2,0,Starfield Stage - 1
472,2025-09-28T18:05:12.935654,8,690.0,444.5,-1.2405793707434083,False,True,True,False,4,1,0,1,1,0,1167,281,"[true, false, false]",0,2,0,Starfield Stage - 1
473,2025-09-28T18:05:12.943765,9,687.5,442.0,-1.2487329791647896,False,True,True,False,4,1,0,1,1,0,1167,282,"[true, false, false]",0,2,0,Starfield Stage - 1
474,2025-09-28T18:05:12.953295,9,685.0,439.5,-1.2549702431508498,False,True,True,False,4,1,0,1,1,0,1167,282,"[true, false, false]",0,2,0,Starfield Stage - 1
475,2025-09-28T18:05:12.961092,8,682.5,437.0,-1.2630417480286182,False,True,True,False,4,1,0,1,1,0,1167,283,"[true, false, false]",0,2,0,Starfield Stage - 1
476,2025-09-28T18:05:12.969602,9,680.0,434.5,-1.269198082658792,False,True,True,False,4,1,0,1,1,0,1167,283,"[false, false, false]",0,2,0,Starfield Stage - 1
477,2025-09-28T18:05:12.978887,9,677.5,432.0,-1.275314844201457,False,True,True,False,3,1,0,1,1,0,1167,283,"[false, false, false]",0,2,0,Starfield Stage - 1
478,2025-09-28T18:05:12.987914,9,675.0,429.5,-1.2813919596991203,False,True,True,False,3,1,0,2,1,0,1167,283,"[false, false, false]",0,2,0,Starfield Stage - 1
479,2025-09-28T18:05:12.996819,9,672.5,427.0,-1.28742936884981,False,True,True,False,3,1,0,2,1,0,1167,283,"[false, false, false]",0,2,0,Starfield Stage - 1
480,2025-09-28T18:05:13.042167,9,670.0,424.5,-1.2934270237148724,False,True,True,False,2,0,0,2,1,0,1167,283,"[false, false, false]",0,2,0,Starfield Stage - 1
481,2025-09-28T18:05:13.043675,38,667.5,422.0,-1.299384888424653,False,True,True,False,2,0,0,2,1,0,1167,283,"[false, false, false]",0,2,0,Starfield Stage - 1
482,2025-09-28T18:05:13.052052,8,665.0,419.5,-1.3053029388825534,False,True,True,False,2,0,0,2,1,0,1167,283,"[false, false, false]",0,2,0,Starfield Stage - 1
483,2025-09-28T18:05:13.060738,9,662.5,417.0,-1.311181162467932,False,True,True,False,2,0,0,2,1,0,1167,283,"[false, false, false]",0,2,0,Starfield Stage - 1
484,2025-09-28T18:05:13.069576,9,660.0,414.5,-1.3170195577383081,False,True,True,False,2,0,0,2,1,0,1167,283,"[false, false, false]",0,2,0,Starfield Stage - 1
485,2025-09-28T18:05:13.078562,9,657.5,412.0,-1.322818134131298,False,True,True,False,2,0,0,2,1,0,1167,283,"[false, false, false]",0,2,0,Starfield Stage - 1
486,2025-09-28T18:05:13.087633,8,655.0,409.5,-1.3285769116666957,False,True,True,False,2,0,0,2,1,0,1167,283,"[false, false, false]",0,2,0,Starfield Stage - 1
487,2025-09-28T18:05:13.095534,8,652.5,407.0,-1.334295920649099,False,True,True,False,2,1,0,2,1,1,1167,283,"[false, false, false]",0,2,0,Starfield Stage - 1
488,2025-09-28T18:05:13.104346,9,650.0,404.5,-1.3399752013714477,False,True,True,False,2,1,0,2,1,1,1167,283,"[false, false, false]",0,2,0,Starfield Stage - 1
489,2025-09-28T18:05:13.112182,8,647.5,402.0,-1.345614803819837,False,True,True,False,2,1,0,2,1,1,1167,283,"[false, false, false]",0,2,0,Starfield Stage - 1
490,2025-09-28T18:05:13.120589,8,645.0,399.5,-1.3512147873799367,False,True,True,False,2,1,0,2,1,1,1167,283,"[false, false, false]",0,2,0,Starfield Stage - 1
491,2025-09-28T18:05:13.129313,9,642.5,397.0,-1.3582032555207664,False,True,True,False,2,1,0,2,1,1,1166,284,"[false, false, false]",0,2,0,Starfield Stage - 1
492,2025-09-28T18:05:13.137550,9,640.0,394.5,-1.365552780598306,False,True,True,False,2,1,0,2,1,1,1166,285,"[false, false, false]",0,2,0,Starfield Stage - 1
493,2025-09-28T18:05:13.147279,9,637.5,392.0,-1.3739487120956562,False,True,True,False,2,1,0,2,1,1,1164,287,"[false, false, false]",0,2,0,Starfield Stage - 1
494,2025-09-28T18:05:13.155683,8,635.0,389.5,-1.3805265370714488,False,True,True,False,2,1,0,2,1,1,1162,288,"[false, false, false]",0,2,0,Starfield Stage - 1
495,2025-09-28T18:05:13.164365,9,632.5,387.0,-1.3875829068445822,False,True,True,False,2,1,0,2,1,1,1156,290,"[false, false, false]",0,2,0,Starfield Stage - 1
496,2025-09-28T18:05:13.172782,9,630.0,384.5,-1.3917015521982545,False,True,True,False,2,1,0,2,1,1,1152,290,"[false, false, false]",0,2,0,Starfield Stage - 1
497,2025-09-28T18:05:13.181978,9,630.0,382.0,-1.39656553142164,False,False,True,False,2,1,0,2,1,1,1147,291,"[false, false, false]",0,2,0,Starfield Stage - 1
498,2025-09-28T18:05:13.190914,9,630.0,379.5,-1.4015330975085845,False,False,True,False,2,1,0,2,1,1,1142,292,"[false, false, false]",0,2,0,Starfield Stage - 1
499,2025-09-28T18:05:13.200286,8,632.5,377.0,-1.402900403544522,True,False,True,False,2,1,0,2,1,1,1134,292,"[false, false, false]",0,2,0,Starfield Stage - 1
500,2025-09-28T18:05:13.207486,8,635.0,374.5,-1.4003680416135602,True,False,True,False,2,1,0,2,1,1,1126,290,"[false, false, false]",0,2,0,Starfield Stage - 1
501,2025-09-28T18:05:13.215144,8,637.5,372.0,-1.3942690643888769,True,False,True,False,2,1,0,2,1,1,1114,287,"[false, false, false]",0,2,0,Starfield Stage - 1
502,2025-09-28T18:05:13.223458,9,640.0,369.5,-1.3824246563095548,True,False,True,False,2,1,0,2,1,1,1099,282,"[false, false, false]",0,2,0,Starfield Stage - 1
503,2025-09-28T18:05:13.232894,9,642.5,369.5,-1.360715533143558,True,False,False,False,2,1,0,2,1,1,1081,276,"[false, false, false]",0,2,0,Starfield Stage - 1
504,2025-09-28T18:05:13.241605,9,645.0,369.5,-1.3320943287440368,True,False,False,False,2,1,0,2,1,1,1058,269,"[false, false, false]",0,2,0,Starfield Stage - 1
505,2025-09-28T18:05:13.251084,9,647.5,369.5,-1.2895641248766014,True,False,False,False,2,1,0,2,1,1,1030,259,"[false, false, false]",0,2,0,Starfield Stage - 1
506,2025-09-28T18:05:13.260020,9,650.0,369.5,-1.1664849234974617,True,False,False,False,2,1,0,2,1,1,962,236,"[false, false, false]",0,2,0,Starfield Stage - 1
507,2025-09-28T18:05:13.268902,9,652.5,369.5,-1.0759768022283802,True,False,False,False,2,1,0,2,1,1,924,223,"[false, false, false]",0,2,0,Starfield Stage - 1
508,2025-09-28T18:05:13.278083,9,655.0,369.5,-0.9624188095780889,True,False,False,False,2,1,0,2,1,1,884,210,"[false, false, false]",0,2,0,Starfield Stage - 1
509,2025-09-28T18:05:13.287529,9,657.5,369.5,-0.824593765324503,True,False,False,False,2,1,0,2,1,1,843,198,"[false, false, false]",0,2,0,Starfield Stage - 1
510,2025-09-28T18:05:13.295622,8,660.0,369.5,-0.655168686493179,True,False,False,False,2,1,0,2,1,1,801,186,"[false, false, false]",0,2,0,Starfield Stage - 1
511,2025-09-28T18:05:13.303696,8,662.5,369.5,-0.4564237924497052,True,False,False,False,2,1,0,2,1,1,758,175,"[false, false, false]",0,2,0,Starfield Stage - 1
512,2025-09-28T18:05:13.311652,9,665.0,369.5,-0.2318963605894403,True,False,False,False,1,1,0,2,1,1,714,162,"[false, false, false]",0,2,0,Starfield Stage - 1
513,2025-09-28T18:05:13.320716,9,667.5,369.5,-0.011441148356147826,True,False,False,False,1,1,0,2,1,1,670,151,"[false, false, false]",0,2,0,Starfield Stage - 1
514,2025-09-28T18:05:13.330018,9,670.0,369.5,0.18443099976801092,True,False,False,False,1,1,0,2,1,1,627,139,"[false, false, false]",0,2,0,Starfield Stage - 1
515,2025-09-28T18:05:13.338359,9,672.5,369.5,0.33918340838262123,True,False,False,False,1,1,0,2,1,1,588,130,"[false, false, false]",0,2,0,Starfield Stage - 1
516,2025-09-28T18:05:13.347598,8,675.0,369.5,0.467712627260438,True,False,False,False,1,1,0,2,1,1,551,124,"[false, false, false]",0,2,0,Starfield Stage - 1
517,2025-09-28T18:05:13.355749,8,677.5,369.5,0.5688012166303481,True,False,False,False,1,1,0,2,1,1,518,120,"[false, false, false]",0,2,0,Starfield Stage - 1
518,2025-09-28T18:05:13.364458,9,680.0,369.5,0.6489081807801127,True,False,False,False,1,1,0,2,1,1,490,119,"[false, false, false]",0,2,0,Starfield Stage - 1
519,2025-09-28T18:05:13.372744,8,682.5,369.5,0.7561789242711197,True,False,False,False,2,1,0,2,1,1,450,123,"[true, false, false]",0,2,0,Starfield Stage - 1
520,2025-09-28T18:05:13.380769,9,685.0,369.5,0.7945909585722413,True,False,False,False,2,1,0,2,1,1,438,127,"[true, false, false]",0,2,0,Starfield Stage - 1
521,2025-09-28T18:05:13.390247,9,687.5,369.5,0.8236858947284301,True,False,False,False,2,1,0,2,1,1,430,131,"[true, false, false]",0,2,0,Starfield Stage - 1
522,2025-09-28T18:05:13.398075,8,690.0,369.5,0.8485038293578248,True,False,False,False,2,1,0,2,1,1,425,136,"[true, false, false]",0,2,0,Starfield Stage - 1
523,2025-09-28T18:05:13.407758,9,692.5,369.5,0.8653874481923685,True,False,False,False,2,1,0,2,1,1,423,140,"[true, false, false]",0,2,0,Starfield Stage - 1
524,2025-09-28T18:05:13.416806,10,695.0,369.5,0.8821918362018806,True,False,False,False,2,1,0,2,1,1,421,144,"[true, false, false]",0,2,0,Starfield Stage - 1
525,2025-09-28T18:05:13.426171,9,697.5,369.5,0.8949576901713927,True,False,False,False,2,1,0,2,1,1,420,147,"[true, false, false]",0,2,0,Starfield Stage - 1
526,2025-09-28T18:05:13.434613,8,700.0,369.5,0.9059321485602554,True,False,False,False,2,1,0,2,1,1,420,150,"[true, false, false]",0,2,0,Starfield Stage - 1
527,2025-09-28T18:05:13.443159,9,702.5,369.5,0.9146731674455914,True,False,False,False,2,1,0,2,1,1,420,152,"[false, false, false]",0,2,0,Starfield Stage - 1
528,2025-09-28T18:05:13.450584,8,705.0,369.5,0.9211483269944419,True,False,False,False,2,1,0,2,1,1,420,153,"[false, false, false]",0,2,0,Starfield Stage - 1
529,2025-09-28T18:05:13.459682,9,707.5,369.5,0.9298042732327017,True,False,False,False,2,1,0,2,1,1,420,155,"[false, false, false]",0,2,0,Starfield Stage - 1
530,2025-09-28T18:05:13.468810,9,710.0,369.5,0.9406686196176467,True,False,False,False,2,1,0,2,1,1,420,158,"[false, false, false]",0,2,0,Starfield Stage - 1
531,2025-09-28T18:05:13.477322,8,712.5,369.5,0.9460028928584756,True,False,False,False,2,1,0,2,1,1,422,160,"[false, false, false]",0,2,0,Starfield Stage - 1
532,2025-09-28T18:05:13.485299,8,715.0,369.5,0.95201622750966,True,False,False,False,2,1,0,2,1,1,425,163,"[false, false, false]",0,2,0,Starfield Stage - 1
533,2025-09-28T18:05:13.492686,8,717.5,369.5,0.9587920365476709,True,False,False,False,2,1,0,2,1,1,429,167,"[false, false, false]",0,2,0,Starfield Stage - 1
534,2025-09-28T18:05:13.501412,8,720.0,369.5,0.9673310381877436,True,False,False,False,1,1,0,2,1,1,432,171,"[false, false, false]",0,2,0,Starfield Stage - 1
535,2025-09-28T18:05:13.509860,9,720.0,369.5,0.9695521216272224,True,True,False,False,1,1,0,2,1,1,435,174,"[false, false, false]",0,2,0,Starfield Stage - 1
536,2025-09-28T18:05:13.519075,9,720.0,369.5,0.9686589619111513,True,True,False,False,1,1,0,2,1,1,437,175,"[false, false, false]",0,2,0,Starfield Stage - 1
537,2025-09-28T18:05:13.527885,9,720.0,369.5,0.9694125268337459,True,True,False,False,1,1,0,2,1,1,438,176,"[false, false, false]",0,2,0,Starfield Stage - 1
538,2025-09-28T18:05:13.536534,9,720.0,369.5,0.9694125268337459,True,True,False,False,1,1,0,2,1,1,438,176,"[false, false, false]",0,2,0,Starfield Stage - 1
539,2025-09-28T18:05:13.545314,8,720.0,369.5,0.9694125268337459,True,True,False,False,1,1,0,2,1,1,438,176,"[false, false, false]",0,2,0,Starfield Stage - 1
540,2025-09-28T18:05:13.554192,9,720.0,369.5,0.9694125268337459,True,True,False,False,1,1,0,2,1,1,438,176,"[false, false, false]",0,2,0,Starfield Stage - 1
541,2025-09-28T18:05:13.562305,8,720.0,369.5,0.9742503997815508,True,True,False,False,2,1,0,2,1,1,438,178,"[true, false, false]",0,2,0,Starfield Stage - 1
542,2025-09-28T18:05:13.570346,8,720.0,369.5,0.9791202703831675,True,True,False,False,2,1,0,2,1,1,438,180,"[true, false, false]",0,2,0,Starfield Stage - 1
543,2025-09-28T18:05:13.578480,9,720.0,369.5,0.9864852569297327,True,True,False,False,2,1,0,2,1,1,438,183,"[true, false, false]",0,2,0,Starfield Stage - 1
544,2025-09-28T18:05:13.587831,9,717.5,369.5,0.9923488956689961,False,True,False,False,2,1,0,2,1,1,438,187,"[true, false, false]",0,2,0,Starfield Stage - 1
545,2025-09-28T18:05:13.596606,9,715.0,369.5,1.0086354270288893,False,True,False,False,2,1,0,2,1,1,438,195,"[true, false, false]",0,2,0,Starfield Stage - 1
546,2025-09-28T18:05:13.605397,8,712.5,369.5,1.0159854960441814,False,True,False,False,2,1,0,2,1,1,439,200,"[true, false, false]",0,2,0,Starfield Stage - 1
547,2025-09-28T18:05:13.614137,9,710.0,369.5,1.023001926088416,False,True,False,False,2,1,0,2,1,1,442,206,"[true, false, false]",0,2,0,Starfield Stage - 1
548,2025-09-28T18:05:13.622394,8,707.5,369.5,1.0326379871703655,False,True,False,False,2,1,0,2,1,1,447,214,"[false, false, false]",0,2,0,Starfield Stage - 1
549,2025-09-28T18:05:13.630783,9,705.0,369.5,1.041973095281223,False,True,False,False,2,1,0,2,1,1,456,224,"[false, false, false]",0,2,0,Starfield Stage - 1
550,2025-09-28T18:05:13.639698,9,702.5,369.5,1.0550866251383613,False,True,False,False,2,1,0,2,1,1,467,236,"[false, false, false]",0,2,0,Starfield Stage - 1
551,2025-09-28T18:05:13.648088,8,700.0,369.5,1.0693629307758015,False,True,False,False,2,1,0,2,1,1,482,250,"[false, false, false]",0,2,0,Starfield Stage - 1
552,2025-09-28T18:05:13.657004,9,697.5,369.5,1.082523154927622,False,True,False,False,2,1,0,2,1,1,497,263,"[false, false, false]",0,2,0,Starfield Stage - 1
553,2025-09-28T18:05:13.666550,9,695.0,369.5,1.0962201911407052,False,True,False,False,2,1,0,2,1,1,513,276,"[false, false, false]",0,2,0,Starfield Stage - 1
554,2025-09-28T18:05:13.674631,8,692.5,369.5,1.1107588104140904,False,True,False,False,2,1,0,2,1,1,526,287,"[false, false, false]",0,2,0,Starfield Stage - 1
555,2025-09-28T18:05:13.682592,9,690.0,369.5,1.1361261116456518,False,True,False,False,2,1,0,2,1,1,536,298,"[false, false, false]",0,2,0,Starfield Stage - 1
556,2025-09-28T18:05:13.691868,9,687.5,369.5,1.1567533816595454,False,True,False,False,2,1,0,2,1,1,543,306,"[false, false, false]",0,2,0,Starfield Stage - 1
557,2025-09-28T18:05:13.700156,8,685.0,369.5,1.1946703972589985,False,True,False,False,2,1,0,2,1,1,547,315,"[false, false, false]",0,2,0,Starfield Stage - 1
558,2025-09-28T18:05:13.707841,8,682.5,369.5,1.1947513604899485,False,True,False,False,2,1,0,2,1,1,547,316,"[false, false, false]",0,2,0,Starfield Stage - 1
559,2025-09-28T18:05:13.717420,9,680.0,369.5,1.194835372923591,False,True,False,False,2,1,0,2,1,1,547,317,"[false, false, false]",0,2,0,Starfield Stage - 1
560,2025-09-28T18:05:13.724907,8,677.5,369.5,1.1935472671525376,False,True,False,False,2,1,0,2,1,1,545,317,"[false, false, false]",0,2,0,Starfield Stage - 1
561,2025-09-28T18:05:13.733512,9,675.0,369.5,1.1922507314834034,False,True,False,False,2,1,0,2,1,1,543,317,"[false, false, false]",0,2,0,Starfield Stage - 1
562,2025-09-28T18:05:13.742519,9,672.5,369.5,1.1935472671525376,False,True,False,False,2,1,0,2,1,1,540,317,"[false, false, false]",0,2,0,Starfield Stage - 1
563,2025-09-28T18:05:13.751101,8,670.0,369.5,1.1909334502372093,False,True,False,False,2,1,0,2,1,1,536,316,"[false, false, false]",0,2,0,Starfield Stage - 1
564,2025-09-28T18:05:13.759703,9,667.5,369.5,1.1832070030955606,False,True,False,False,2,1,0,2,1,1,534,315,"[false, false, false]",0,2,0,Starfield Stage - 1
565,2025-09-28T18:05:13.768656,9,665.0,369.5,1.1845133772220637,False,True,False,False,2,1,0,2,0,1,531,315,"[false, false, false]",0,2,0,Starfield Stage - 1
566,2025-09-28T18:05:13.777886,9,662.5,369.5,1.1794416196851227,False,True,False,False,2,1,0,2,0,1,528,314,"[false, false, false]",0,2,0,Starfield Stage - 1
567,2025-09-28T18:05:13.786924,9,660.0,369.5,1.1717735476145228,False,True,False,False,2,1,0,2,0,1,526,313,"[false, false, false]",0,2,0,Starfield Stage - 1
568,2025-09-28T18:05:13.796522,9,657.5,369.5,1.1721101346095535,False,True,False,False,2,1,0,2,0,1,521,312,"[false, false, false]",0,2,0,Starfield Stage - 1
569,2025-09-28T18:05:13.804653,8,655.0,369.5,1.1618884978439712,False,True,False,False,2,1,0,2,0,1,520,311,"[false, false, false]",0,2,0,Starfield Stage - 1
570,2025-09-28T18:05:13.813490,9,652.5,369.5,1.160533061284826,False,True,False,False,2,1,0,2,0,1,518,311,"[false, false, false]",0,2,0,Starfield Stage - 1
571,2025-09-28T18:05:13.821159,8,650.0,369.5,1.1473125786699705,False,True,False,False,2,1,0,2,0,1,518,310,"[false, false, false]",0,2,0,Starfield Stage - 1
572,2025-09-28T18:05:13.829185,8,647.5,369.5,1.1430147660903602,False,True,False,False,1,1,0,2,0,1,517,310,"[false, false, false]",0,2,0,Starfield Stage - 1
573,2025-09-28T18:05:13.838374,9,645.0,369.5,1.1356671329056498,False,True,False,False,1,1,0,2,0,1,517,310,"[false, false, false]",0,2,0,Starfield Stage - 1
574,2025-09-28T18:05:13.847606,9,642.5,369.5,1.1280796380781155,False,True,False,False,1,1,0,2,0,1,517,310,"[false, false, false]",0,2,0,Starfield Stage - 1
575,2025-09-28T18:05:13.855999,8,640.0,369.5,1.120241259347377,False,True,False,False,1,1,0,2,0,1,517,310,"[false, false, false]",0,2,0,Starfield Stage - 1
576,2025-09-28T18:05:13.864036,9,637.5,369.5,1.1121403568681303,False,True,False,False,1,1,0,2,0,1,517,310,"[false, false, false]",0,2,0,Starfield Stage - 1
577,2025-09-28T18:05:13.872985,9,635.0,369.5,1.103764635957676,False,True,False,False,1,1,0,2,0,1,517,310,"[false, false, false]",0,2,0,Starfield Stage - 1
578,2025-09-28T18:05:13.882091,9,632.5,369.5,1.0951011079399045,False,True,False,False,1,1,0,2,0,1,517,310,"[false, false, false]",0,2,0,Starfield Stage - 1
579,2025-09-28T18:05:13.891136,9,630.0,369.5,1.0861360491092746,False,True,False,False,1,1,0,2,0,1,517,310,"[false, false, false]",0,2,0,Starfield Stage - 1
580,2025-09-28T18:05:13.900650,9,627.5,369.5,1.0768549578753155,False,True,False,False,1,1,0,2,0,1,517,310,"[false, false, false]",0,2,0,Starfield Stage - 1
581,2025-09-28T18:05:13.908630,9,625.0,369.5,1.0672425101952079,False,True,False,False,1,1,0,2,0,1,517,310,"[false, false, false]",0,2,0,Starfield Stage - 1
582,2025-09-28T18:05:13.917523,8,622.5,369.5,1.0572825134612107,False,True,False,False,1,1,0,2,0,1,517,310,"[false, false, false]",0,2,0,Starfield Stage - 1
583,2025-09-28T18:05:13.925511,8,620.0,369.5,1.0469578590836397,False,True,False,False,1,1,0,2,0,1,517,310,"[false, false, false]",0,2,0,Starfield Stage - 1
584,2025-09-28T18:05:13.934700,9,617.5,372.0,1.018031774680088,False,True,False,True,1,1,0,2,0,1,517,310,"[false, false, false]",0,2,0,Starfield Stage - 1
585,2025-09-28T18:05:13.943043,9,615.0,374.5,0.9887038199192676,False,True,False,True,1,1,0,2,0,1,517,310,"[false, false, false]",0,2,0,Starfield Stage - 1
586,2025-09-28T18:05:13.952480,9,612.5,377.0,0.9590169920087741,False,True,False,True,1,1,0,2,0,1,517,310,"[false, false, false]",0,2,0,Starfield Stage - 1
587,2025-09-28T18:05:13.960967,9,610.0,379.5,0.9290178691830491,False,True,False,True,1,1,0,2,0,1,517,310,"[false, false, false]",0,2,0,Starfield Stage - 1
588,2025-09-28T18:05:13.970161,9,607.5,382.0,0.8987562557892518,False,True,False,True,1,1,0,2,0,1,517,310,"[false, false, false]",0,2,0,Starfield Stage - 1
589,2025-09-28T18:05:13.978816,9,605.0,384.5,0.8682847479779229,False,True,False,True,1,1,0,2,0,1,517,310,"[false, false, false]",0,2,0,Starfield Stage - 1
590,2025-09-28T18:05:13.987839,9,602.5,387.0,0.8376582276036019,False,True,False,True,1,1,0,2,0,1,517,310,"[false, false, false]",0,2,0,Starfield Stage - 1
591,2025-09-28T18:05:13.997062,9,600.0,389.5,0.8069332952603168,False,True,False,True,1,1,0,2,0,1,517,310,"[false, false, false]",0,2,0,Starfield Stage - 1
592,2025-09-28T18:05:14.007025,10,597.5,392.0,0.7761676563289704,False,True,False,True,1,1,0,2,0,1,517,310,"[false, false, false]",0,2,0,Starfield Stage - 1
593,2025-09-28T18:05:14.015886,9,595.0,394.5,0.7454194762741583,False,True,False,True,1,1,0,2,0,1,517,310,"[false, false, false]",0,2,0,Starfield Stage - 1
594,2025-09-28T18:05:14.024574,9,592.5,397.0,0.7147467230096284,False,True,False,True,1,1,0,2,0,1,517,310,"[false, false, false]",0,2,0,Starfield Stage - 1
595,2025-09-28T18:05:14.032967,8,590.0,399.5,0.6842065148252209,False,True,False,True,1,1,0,2,0,1,517,310,"[false, false, false]",0,2,0,Starfield Stage - 1
596,2025-09-28T18:05:14.041705,9,587.5,402.0,0.6538544920778004,False,True,False,True,1,1,0,2,0,1,517,310,"[false, false, false]",0,2,0,Starfield Stage - 1
597,2025-09-28T18:05:14.050949,9,585.0,404.5,0.6237442296185843,False,True,False,True,1,1,0,2,0,1,517,310,"[false, false, false]",0,2,0,Starfield Stage - 1
598,2025-09-28T18:05:14.060123,9,582.5,407.0,0.5939267048606433,False,True,False,True,1,1,0,2,0,1,517,310,"[false, false, false]",0,2,0,Starfield Stage - 1
599,2025-09-28T18:05:14.068780,9,580.0,409.5,0.56444983364954,False,True,False,True,1,1,0,2,0,1,517,310,"[false, false, false]",0,2,0,Starfield Stage - 1
600,2025-09-28T18:05:14.077928,9,577.5,412.0,0.5353580828991518,False,True,False,True,1,1,0,2,0,1,517,310,"[false, false, false]",0,2,0,Starfield Stage - 1
601,2025-09-28T18:05:14.087190,9,575.0,414.5,0.5066921655280692,False,True,False,True,1,1,0,2,0,1,517,310,"[false, false, false]",0,2,0,Starfield Stage - 1
602,2025-09-28T18:05:14.095571,9,572.5,417.0,0.49310501561584186,False,True,False,True,1,1,0,2,0,1,515,310,"[false, false, false]",0,2,0,Starfield Stage - 1
603,2025-09-28T18:05:14.105218,9,570.0,419.5,0.48710900734836393,False,True,False,True,1,1,0,2,0,1,512,310,"[false, false, false]",0,2,0,Starfield Stage - 1
604,2025-09-28T18:05:14.113245,8,567.5,422.0,0.49527150913006573,False,True,False,True,1,1,0,2,0,1,507,310,"[false, false, false]",0,2,0,Starfield Stage - 1
605,2025-09-28T18:05:14.120844,8,565.0,424.5,0.5163199324163844,False,True,False,True,1,1,0,2,0,1,500,310,"[false, false, false]",0,2,0,Starfield Stage - 1
606,2025-09-28T18:05:14.130008,9,562.5,427.0,0.5523761362496856,False,True,False,True,1,1,0,2,0,1,491,311,"[false, false, false]",0,2,0,Starfield Stage - 1
607,2025-09-28T18:05:14.138495,8,560.0,429.5,0.6075504554325596,False,True,False,True,1,2,0,2,0,1,479,313,"[false, false, false]",0,2,0,Starfield Stage - 1
608,2025-09-28T18:05:14.146519,8,557.5,432.0,0.6836133607615128,False,True,False,True,1,2,0,2,0,1,463,316,"[false, false, false]",0,2,0,Starfield Stage - 1
609,2025-09-28T18:05:14.154006,8,555.0,434.5,0.7831509761688731,False,True,False,True,1,2,0,2,0,1,444,323,"[false, false, false]",0,2,0,Starfield Stage - 1
610,2025-09-28T18:05:14.162728,9,552.5,437.0,0.894174803807567,False,True,False,True,1,2,0,2,0,1,423,333,"[false, false, false]",0,2,0,Starfield Stage - 1
611,2025-09-28T18:05:14.172005,9,550.0,439.5,1.0133964111760478,False,True,False,True,1,2,0,2,0,1,400,346,"[false, false, false]",0,2,0,Starfield Stage - 1
612,2025-09-28T18:05:14.181085,9,547.5,442.0,1.2624202699203129,False,True,False,True,1,2,0,2,0,1,356,381,"[false, false, false]",0,2,0,Starfield Stage - 1
613,2025-09-28T18:05:14.189828,9,545.0,444.5,1.371112441419795,False,True,False,True,1,2,0,2,0,1,335,402,"[false, false, false]",0,2,0,Starfield Stage - 1
614,2025-09-28T18:05:14.198721,9,542.5,447.0,1.4748120962966098,False,True,False,True,1,2,0,2,0,1,314,425,"[false, false, false]",0,2,0,Starfield Stage - 1
615,2025-09-28T18:05:14.208128,9,540.0,449.5,1.5687555133016455,False,True,False,True,1,2,0,2,0,1,295,449,"[false, false, false]",0,2,0,Starfield Stage - 1
616,2025-09-28T18:05:14.216670,9,537.5,452.0,1.6515452187497592,False,True,False,True,1,2,0,2,0,1,278,473,"[false, false, false]",0,2,0,Starfield Stage - 1
617,2025-09-28T18:05:14.226140,9,535.0,454.5,1.7216560095237163,False,True,False,True,0,2,0,2,0,1,262,496,"[false, false, false]",0,2,0,Starfield Stage - 1
618,2025-09-28T18:05:14.235778,9,532.5,457.0,1.7786468176736971,False,True,False,True,0,2,0,2,0,1,248,517,"[false, false, false]",0,2,0,Starfield Stage - 1
619,2025-09-28T18:05:14.244337,8,530.0,459.5,1.821350400091191,False,True,False,True,0,2,0,2,0,1,235,535,"[false, false, false]",0,2,0,Starfield Stage - 1
620,2025-09-28T18:05:14.251278,8,527.5,462.0,1.8578351122358985,False,True,False,True,0,2,0,2,0,1,226,551,"[false, false, false]",0,2,0,Starfield Stage - 1
621,2025-09-28T18:05:14.258737,8,525.0,464.5,1.8861398717695685,False,True,False,True,0,2,0,2,0,1,220,564,"[false, false, false]",0,2,0,Starfield Stage - 1
622,2025-09-28T18:05:14.268409,9,522.5,467.0,1.9037604530848071,False,True,False,True,0,2,0,2,0,1,216,573,"[false, false, false]",0,2,0,Starfield Stage - 1
623,2025-09-28T18:05:14.275822,8,520.0,469.5,1.91838218476565,False,True,False,True,1,2,0,2,0,1,215,580,"[true, false, false]",0,2,0,Starfield Stage - 1
624,2025-09-28T18:05:14.284449,8,517.5,469.5,1.9333405640594041,False,True,False,False,1,2,0,2,0,1,213,585,"[true, false, false]",0,2,0,Starfield Stage - 1
625,2025-09-28T18:05:14.292905,9,515.0,469.5,1.93896827495395,False,True,False,False,1,2,0,2,0,1,213,586,"[true, false, false]",0,2,0,Starfield Stage - 1
626,2025-09-28T18:05:14.302502,9,512.5,469.5,1.941768176309874,False,True,False,False,1,2,0,2,0,1,213,586,"[true, false, false]",0,2,0,Starfield Stage - 1
627,2025-09-28T18:05:14.310791,9,510.0,469.5,1.944608973847268,False,True,False,False,1,2,0,2,0,1,213,586,"[true, false, false]",0,2,0,Starfield Stage - 1
628,2025-09-28T18:05:14.319635,9,507.5,469.5,1.9474915232981003,False,True,False,False,1,2,0,2,0,1,213,586,"[true, false, false]",0,2,0,Starfield Stage - 1
629,2025-09-28T18:05:14.329107,9,505.0,469.5,1.9504167029577628,False,True,False,False,1,2,0,2,0,1,213,586,"[true, false, false]",0,2,0,Starfield Stage - 1
630,2025-09-28T18:05:14.338184,9,502.5,469.5,1.9533854143740086,False,True,False,False,1,2,0,2,0,1,213,586,"[false, false, false]",0,2,0,Starfield Stage - 1
631,2025-09-28T18:05:14.347566,9,500.0,469.5,1.9563985830582908,False,True,False,False,1,2,0,2,0,2,213,586,"[false, false, false]",0,2,0,Starfield Stage - 1
632,2025-09-28T18:05:14.355766,8,497.5,469.5,1.955871663889862,False,True,False,False,1,2,0,2,0,2,215,584,"[false, false, false]",0,2,0,Starfield Stage - 1
633,2025-09-28T18:05:14.364233,9,495.0,469.5,1.9299683616836916,False,True,False,False,1,2,0,2,0,2,222,572,"[false, false, false]",0,2,0,Starfield Stage - 1
634,2025-09-28T18:05:14.372662,9,492.5,469.5,1.9038458353630945,False,True,False,False,1,2,0,2,0,2,228,561,"[false, false, false]",0,2,0,Starfield Stage - 1
635,2025-09-28T18:05:14.381697,9,490.0,469.5,1.8661600450986369,False,True,False,False,1,2,0,2,0,2,232,548,"[false, false, false]",0,2,0,Starfield Stage - 1
636,2025-09-28T18:05:14.390828,9,487.5,469.5,1.82280722280394,False,True,False,False,1,2,0,2,0,2,237,534,"[false, false, false]",0,2,0,Starfield Stage - 1
637,2025-09-28T18:05:14.400172,9,485.0,469.5,1.7796402613090223,False,True,False,False,1,2,0,2,0,2,242,521,"[false, false, false]",0,2,0,Starfield Stage - 1
638,2025-09-28T18:05:14.407906,8,482.5,469.5,1.7369777060799285,False,True,False,False,1,2,0,2,0,2,247,509,"[false, false, false]",0,2,0,Starfield Stage - 1
639,2025-09-28T18:05:14.416892,9,480.0,469.5,1.6989117118898087,False,True,False,False,1,2,0,2,0,2,251,499,"[false, false, false]",0,2,0,Starfield Stage - 1
640,2025-09-28T18:05:14.425938,8,477.5,467.0,1.6876431198287871,False,True,True,False,1,2,0,2,0,2,256,493,"[false, false, false]",0,2,0,Starfield Stage - 1
641,2025-09-28T18:05:14.433903,9,475.0,464.5,1.6791663855020431,False,True,True,False,1,2,0,2,0,2,259,488,"[false, false, false]",0,2,0,Starfield Stage - 1
642,2025-09-28T18:05:14.442666,9,472.5,462.0,1.6837881740773673,False,True,True,False,1,2,0,2,0,2,261,486,"[false, false, false]",0,2,0,Starfield Stage - 1
643,2025-09-28T18:05:14.451758,9,470.0,459.5,1.6880445413748035,False,True,True,False,1,2,0,2,0,2,262,484,"[false, false, false]",0,2,0,Starfield Stage - 1
644,2025-09-28T18:05:14.461200,9,467.5,457.0,1.6972572147388183,False,True,True,False,1,2,0,2,0,2,263,483,"[false, false, false]",0,2,0,Starfield Stage - 1
645,2025-09-28T18:05:14.469574,8,465.0,454.5,1.71164844969996,False,True,True,False,1,2,0,2,0,2,264,483,"[false, false, false]",0,2,0,Starfield Stage - 1
646,2025-09-28T18:05:14.477867,9,462.5,452.0,1.7222982087631713,False,True,True,False,1,2,0,2,0,2,266,482,"[false, false, false]",0,2,0,Starfield Stage - 1
647,2025-09-28T18:05:14.487183,9,460.0,449.5,1.7232499604764173,False,True,True,False,1,2,0,2,0,2,268,479,"[false, false, false]",0,2,0,Starfield Stage - 1
648,2025-09-28T18:05:14.495409,8,457.5,447.0,1.7198173703658872,False,True,True,False,1,2,0,2,0,2,271,475,"[false, false, false]",0,2,0,Starfield Stage - 1
649,2025-09-28T18:05:14.504633,9,455.0,444.5,1.705337726219206,False,True,True,False,1,2,0,2,0,2,274,469,"[false, false, false]",0,2,0,Starfield Stage - 1
650,2025-09-28T18:05:14.513172,9,452.5,442.0,1.6792516012287269,False,True,True,False,1,2,0,2,0,2,278,461,"[false, false, false]",0,2,0,Starfield Stage - 1
651,2025-09-28T18:05:14.521476,8,450.0,439.5,1.6455073096016646,False,True,True,False,1,2,0,2,0,2,283,452,"[false, false, false]",0,2,0,Starfield Stage - 1
652,2025-09-28T18:05:14.529932,9,447.5,437.0,1.6083961527488144,False,True,True,False,1,2,0,2,0,2,288,443,"[false, false, false]",0,2,0,Starfield Stage - 1
653,2025-09-28T18:05:14.538833,9,445.0,434.5,1.5674850806186926,False,True,True,False,1,2,0,2,0,2,294,434,"[false, false, false]",0,2,0,Starfield Stage - 1
654,2025-09-28T18:05:14.547879,9,442.5,432.0,1.4915403114601515,False,True,True,False,1,2,0,2,0,2,304,421,"[false, false, false]",0,2,0,Starfield Stage - 1
655,2025-09-28T18:05:14.557208,9,440.0,429.5,1.4851852018121872,False,True,True,False,2,2,0,2,0,2,306,418,"[true, false, false]",0,2,0,Starfield Stage - 1
656,2025-09-28T18:05:14.565391,8,437.5,427.0,1.4867039220798002,False,True,True,False,2,2,0,2,0,2,307,416,"[true, false, false]",0,2,0,Starfield Stage - 1
657,2025-09-28T18:05:14.573888,9,435.0,424.5,1.5039668617446436,False,True,True,False,2,2,0,2,0,2,308,416,"[true, false, false]",0,2,0,Starfield Stage - 1
658,2025-09-28T18:05:14.583474,9,432.5,422.0,1.5226408137349812,False,True,True,False,2,2,0,2,0,2,308,416,"[true, false, false]",0,2,0,Starfield Stage - 1
659,2025-09-28T18:05:14.591113,8,430.0,419.5,1.5421156688396704,False,True,True,False,2,2,0,2,0,2,308,416,"[true, false, false]",0,2,0,Starfield Stage - 1
660,2025-09-28T18:05:14.599552,9,427.5,417.0,1.5624283212826042,False,True,True,False,2,2,0,2,0,2,308,416,"[true, false, false]",0,2,0,Starfield Stage - 1
661,2025-09-28T18:05:14.608852,9,427.5,414.5,1.5833479688644643,False,False,True,False,2,2,0,2,0,2,308,416,"[true, false, false]",0,2,0,Starfield Stage - 1
662,2025-09-28T18:05:14.617888,9,427.5,412.0,1.6042566372445468,False,False,True,False,2,2,0,2,0,2,308,416,"[true, false, false]",0,2,0,Starfield Stage - 1
663,2025-09-28T18:05:14.627021,9,427.5,409.5,1.6251360840076652,False,False,True,False,2,2,0,2,0,2,308,416,"[true, false, false]",0,2,0,Starfield Stage - 1
664,2025-09-28T18:05:14.637299,10,427.5,407.0,1.6459682194300058,False,False,True,False,2,2,0,2,0,2,308,416,"[false, false, false]",0,2,0,Starfield Stage - 1
665,2025-09-28T18:05:14.644971,8,427.5,404.5,1.6667351996481834,False,False,True,False,2,2,0,2,0,2,308,416,"[false, false, false]",0,2,0,Starfield Stage - 1
666,2025-09-28T18:05:14.654235,9,427.5,402.0,1.6874195166536219,False,False,True,False,2,2,0,2,0,2,308,416,"[false, false, false]",0,2,0,Starfield Stage - 1
667,2025-09-28T18:05:14.661871,8,427.5,399.5,1.7080040840009243,False,False,True,False,2,2,0,2,0,2,308,416,"[false, false, false]",0,2,0,Starfield Stage - 1
668,2025-09-28T18:05:14.670520,9,427.5,397.0,1.7284723172199052,False,False,True,False,2,2,0,2,0,2,308,416,"[false, false, false]",0,2,0,Starfield Stage - 1
669,2025-09-28T18:05:14.680250,9,427.5,394.5,1.7488082080432126,False,False,True,False,2,2,0,2,0,2,308,416,"[false, false, false]",0,2,0,Starfield Stage - 1
670,2025-09-28T18:05:14.687757,8,427.5,392.0,1.7689963917004952,False,False,True,False,2,2,0,2,0,2,308,416,"[false, false, false]",0,2,0,Starfield Stage - 1
671,2025-09-28T18:05:14.697107,9,427.5,389.5,1.7890222066809944,False,False,True,False,2,2,0,2,0,2,308,416,"[false, false, false]",0,2,0,Starfield Stage - 1
672,2025-09-28T18:05:14.706685,9,427.5,387.0,1.8088717465241426,False,False,True,False,2,2,0,2,0,2,308,416,"[false, false, false]",0,2,0,Starfield Stage - 1
673,2025-09-28T18:05:14.714169,8,427.5,384.5,1.8285319033571947,False,False,True,False,2,2,0,2,0,2,308,416,"[false, false, false]",0,2,0,Starfield Stage - 1
674,2025-09-28T18:05:14.722561,8,427.5,382.0,1.847990403055329,False,False,True,False,2,2,0,2,0,2,308,416,"[false, false, false]",0,2,0,Starfield Stage - 1
675,2025-09-28T18:05:14.730323,8,427.5,379.5,1.8672358320486906,False,False,True,False,2,2,0,2,0,2,308,416,"[false, false, false]",0,2,0,Starfield Stage - 1
676,2025-09-28T18:05:14.738597,9,427.5,377.0,1.8862576559388315,False,False,True,False,2,2,0,2,0,2,308,416,"[false, false, false]",0,2,0,Starfield Stage - 1
677,2025-09-28T18:05:14.748272,9,427.5,374.5,1.9050462302109006,False,False,True,False,3,2,0,2,0,2,308,416,"[true, false, false]",0,2,0,Starfield Stage - 1
678,2025-09-28T18:05:14.756722,9,427.5,372.0,1.923592803435562,False,False,True,False,3,2,0,2,0,2,308,416,"[true, false, false]",0,2,0,Starfield Stage - 1
679,2025-09-28T18:05:14.765903,9,427.5,369.5,1.9418895134445089,False,False,True,False,3,2,0,2,0,2,308,416,"[true, false, false]",0,2,0,Starfield Stage - 1
680,2025-09-28T18:05:14.775019,9,427.5,367.0,1.959929377034915,False,False,True,False,3,2,0,2,0,2,308,416,"[true, false, false]",0,2,0,Starfield Stage - 1
681,2025-09-28T18:05:14.783988,9,427.5,364.5,1.9777062738112456,False,False,True,False,3,2,0,2,0,2,308,416,"[true, false, false]",0,2,0,Starfield Stage - 1
682,2025-09-28T18:05:14.792975,9,427.5,362.0,1.9952149248081232,False,False,True,False,3,2,0,2,0,2,308,416,"[true, false, false]",0,2,0,Starfield Stage - 1
683,2025-09-28T18:05:14.801970,9,430.0,359.5,2.0045028029339957,True,False,True,False,3,2,0,2,0,2,308,416,"[true, false, false]",0,2,0,Starfield Stage - 1
684,2025-09-28T18:05:14.811472,9,432.5,357.0,2.013343171900084,True,False,True,False,3,2,0,2,0,2,308,416,"[true, false, false]",0,2,0,Starfield Stage - 1
685,2025-09-28T18:05:14.819715,9,435.0,354.5,2.021766326597592,True,False,True,False,3,2,0,2,0,2,308,416,"[true, false, false]",0,2,0,Starfield Stage - 1
686,2025-09-28T18:05:14.828990,9,437.5,352.0,2.0298000063314796,True,False,True,False,3,2,0,2,0,2,308,416,"[false, false, false]",0,2,0,Starfield Stage - 1
687,2025-09-28T18:05:14.838005,9,440.0,349.5,2.0374696451704652,True,False,True,False,3,2,0,2,0,2,308,416,"[false, false, false]",0,2,0,Starfield Stage - 1
688,2025-09-28T18:05:14.847026,9,442.5,347.0,2.0447985952936425,True,False,True,False,3,2,0,2,0,2,308,416,"[false, false, false]",0,2,0,Starfield Stage - 1
689,2025-09-28T18:05:14.857086,10,445.0,344.5,2.0518083263709777,True,False,True,False,3,2,0,2,0,2,308,416,"[false, false, false]",0,2,0,Starfield Stage - 1
690,2025-09-28T18:05:14.866953,10,447.5,342.0,2.0585186036878107,True,False,True,False,3,2,0,3,0,2,308,416,"[false, false, false]",0,2,0,Starfield Stage - 1
691,2025-09-28T18:05:14.912767,9,450.0,339.5,2.0649476474224993,True,False,True,False,2,1,0,3,0,2,308,416,"[false, false, false]",10,2,0,Starfield Stage - 1
692,2025-09-28T18:05:14.914158,38,452.5,337.0,2.0764246764098915,True,False,True,False,1,1,0,3,0,2,308,417,"[false, false, false]",10,2,0,Starfield Stage - 1
693,2025-09-28T18:05:14.921932,8,455.0,334.5,2.082216325460734,True,False,True,False,1,1,0,3,0,2,308,417,"[false, false, false]",10,2,0,Starfield Stage - 1
694,2025-09-28T18:05:14.931455,9,457.5,332.0,2.0877787228168816,True,False,True,False,1,1,0,3,0,2,308,417,"[false, false, false]",10,2,0,Starfield Stage - 1
695,2025-09-28T18:05:14.938899,8,460.0,329.5,2.093124891400687,True,False,True,False,1,1,0,3,0,2,308,417,"[false, false, false]",10,2,0,Starfield Stage - 1
696,2025-09-28T18:05:14.947873,9,462.5,327.0,2.098266910560357,True,False,True,False,2,1,0,3,0,2,308,417,"[true, false, false]",10,2,0,Starfield Stage - 1
697,2025-09-28T18:05:14.957119,9,465.0,324.5,2.112619663298164,True,False,True,False,2,1,0,3,0,2,308,419,"[true, false, false]",10,2,0,Starfield Stage - 1
698,2025-09-28T18:05:14.965784,8,467.5,322.0,2.1262900620604404,True,False,True,False,2,1,0,3,0,2,308,421,"[true, false, false]",10,2,0,Starfield Stage - 1
699,2025-09-28T18:05:14.973531,8,470.0,319.5,2.1393208745259367,True,False,True,False,2,1,0,3,0,2,308,423,"[true, false, false]",10,2,0,Starfield Stage - 1
700,2025-09-28T18:05:14.982373,9,472.5,317.0,2.1517518306520214,True,False,True,False,2,1,0,3,0,2,308,425,"[true, false, false]",10,2,0,Starfield Stage - 1
701,2025-09-28T18:05:14.990414,8,475.0,314.5,2.163619829633616,True,False,True,False,2,1,0,3,0,2,308,427,"[true, false, false]",10,2,0,Starfield Stage - 1
702,2025-09-28T18:05:14.998839,9,477.5,312.0,2.1669233284301157,True,False,True,False,2,1,0,3,0,2,308,427,"[true, false, false]",10,2,0,Starfield Stage - 1
703,2025-09-28T18:05:15.007834,8,480.0,309.5,2.1740699874910523,True,False,True,False,2,1,0,3,0,2,308,428,"[true, false, false]",10,2,0,Starfield Stage - 1
704,2025-09-28T18:05:15.015081,8,482.5,307.0,2.17708559190038,True,False,True,False,2,1,0,3,0,2,308,428,"[true, false, false]",10,2,0,Starfield Stage - 1
705,2025-09-28T18:05:15.023800,9,485.0,304.5,2.1800039776801015,True,False,True,False,2,1,0,3,0,2,308,428,"[true, false, false]",10,2,0,Starfield Stage - 1
706,2025-09-28T18:05:15.032981,9,487.5,302.0,2.1828297241335717,True,False,True,False,2,1,0,3,0,2,308,428,"[false, false, false]",10,2,0,Starfield Stage - 1
707,2025-09-28T18:05:15.041322,8,490.0,299.5,2.1855671303128474,True,False,True,False,2,1,0,3,0,2,308,428,"[false, false, false]",10,2,0,Starfield Stage - 1
708,2025-09-28T18:05:15.048731,8,492.5,297.0,2.1882202359152108,True,False,True,False,2,1,0,3,0,2,308,428,"[false, false, false]",10,2,0,Starfield Stage - 1
709,2025-09-28T18:05:15.057635,9,495.0,294.5,2.190792840357109,True,False,True,False,2,1,0,3,0,2,308,428,"[false, false, false]",10,2,0,Starfield Stage - 1
710,2025-09-28T18:05:15.066822,9,497.5,292.0,2.1932885202062717,True,False,True,False,2,1,0,3,0,2,308,428,"[false, false, false]",10,2,0,Starfield Stage - 1
711,2025-09-28T18:05:15.075723,9,500.0,289.5,2.195710645132808,True,False,True,False,1,1,0,3,0,2,308,428,"[false, false, false]",10,2,0,Starfield Stage - 1
712,2025-09-28T18:05:15.084238,8,502.5,287.0,2.1980623925225333,True,False,True,False,1,1,0,3,0,2,308,428,"[false, false, false]",10,2,0,Starfield Stage - 1
713,2025-09-28T18:05:15.092251,8,505.0,284.5,2.20034676088033,True,False,True,False,1,1,0,3,0,2,308,428,"[false, false, false]",10,2,0,Starfield Stage - 1
714,2025-09-28T18:05:15.100469,8,507.5,282.0,2.2025665821377185,True,False,True,False,1,1,0,3,0,2,308,428,"[false, false, false]",10,2,0,Starfield Stage - 1
715,2025-09-28T18:05:15.108814,9,510.0,279.5,2.2047245329667993,True,False,True,False,1,1,0,3,0,2,308,428,"[false, false, false]",10,2,0,Starfield Stage - 1
716,2025-09-28T18:05:15.118156,9,512.5,277.0,2.206823145192072,True,False,True,False,1,1,0,3,0,2,308,428,"[false, false, false]",10,2,0,Starfield Stage - 1
717,2025-09-28T18:05:15.126846,9,515.0,274.5,2.208864815382242,True,False,True,False,1,1,0,3,0,2,308,428,"[false, false, false]",10,2,0,Starfield Stage - 1
718,2025-09-28T18:05:15.135966,9,517.5,272.0,2.2162131420569344,True,False,True,False,1,1,0,3,0,2,309,429,"[false, false, false]",10,2,0,Starfield Stage - 1
719,2025-09-28T18:05:15.144923,9,520.0,269.5,2.230332716273602,True,False,True,False,1,1,0,3,0,2,313,430,"[false, false, false]",10,2,0,Starfield Stage - 1
720,2025-09-28T18:05:15.154424,9,522.5,267.0,2.25505229556609,True,False,True,False,1,1,0,3,0,2,319,433,"[false, false, false]",10,2,0,Starfield Stage - 1
721,2025-09-28T18:05:15.162891,9,525.0,264.5,2.292508681972418,True,False,True,False,1,1,0,3,0,2,329,437,"[false, false, false]",10,2,0,Starfield Stage - 1
722,2025-09-28T18:05:15.172219,9,527.5,262.0,2.3411477462284296,True,False,True,False,1,1,0,3,0,2,342,442,"[false, false, false]",10,2,0,Starfield Stage - 1
723,2025-09-28T18:05:15.180179,8,530.0,259.5,2.475512181505914,True,False,True,False,1,2,0,3,0,2,374,458,"[false, false, false]",10,2,0,Starfield Stage - 1
724,2025-09-28T18:05:15.188963,8,532.5,257.0,2.5530381737185626,True,False,True,False,1,2,0,3,0,2,393,466,"[false, false, false]",10,2,0,Starfield Stage - 1
725,2025-09-28T18:05:15.196640,9,535.0,254.5,2.6323594736120532,True,False,True,False,1,2,0,3,0,2,413,473,"[false, false, false]",10,2,0,Starfield Stage - 1
726,2025-09-28T18:05:15.206201,9,537.5,252.0,2.713804106083326,True,False,True,False,1,2,0,3,0,2,434,479,"[false, false, false]",10,2,0,Starfield Stage - 1
727,2025-09-28T18:05:15.214795,8,540.0,249.5,2.8065264626414126,True,False,True,False,1,2,0,3,0,2,458,485,"[false, false, false]",10,2,0,Starfield Stage - 1
728,2025-09-28T18:05:15.224195,9,542.5,247.0,2.905347392871356,True,False,True,False,1,2,0,3,0,2,484,490,"[false, false, false]",10,2,0,Starfield Stage - 1
729,2025-09-28T18:05:15.232234,8,545.0,244.5,3.0174853063881426,True,False,True,False,1,2,0,3,0,2,514,493,"[false, false, false]",10,2,0,Starfield Stage - 1
730,2025-09-28T18:05:15.239647,9,547.5,242.0,3.135687210429045,True,False,True,False,1,2,0,3,0,2,546,496,"[false, false, false]",10,2,0,Starfield Stage - 1
731,2025-09-28T18:05:15.249316,9,550.0,239.5,-3.014132078965013,True,False,True,False,1,2,0,3,0,2,583,497,"[false, false, false]",10,2,0,Starfield Stage - 1
732,2025-09-28T18:05:15.257166,8,552.5,237.0,-2.8813480009161494,True,False,True,False,1,2,0,3,0,2,622,498,"[false, false, false]",10,2,0,Starfield Stage - 1
733,2025-09-28T18:05:15.264957,8,555.0,234.5,-2.75127304880342,True,False,True,False,1,2,0,3,0,2,663,497,"[false, false, false]",10,2,0,Starfield Stage - 1
734,2025-09-28T18:05:15.274604,9,557.5,232.0,-2.621415611873446,True,False,True,False,1,2,0,3,0,2,707,493,"[false, false, false]",10,2,0,Starfield Stage - 1
735,2025-09-28T18:05:15.282734,9,560.0,229.5,-2.5002955714543442,True,False,True,False,1,2,0,3,0,2,750,484,"[false, false, false]",10,2,0,Starfield Stage - 1
736,2025-09-28T18:05:15.292213,9,562.5,229.5,-2.2631575732758407,True,False,False,False,1,2,0,3,0,2,832,453,"[false, false, false]",10,2,0,Starfield Stage - 1
737,2025-09-28T18:05:15.299818,8,565.0,229.5,-2.1599404823580115,True,False,False,False,1,2,0,3,0,2,868,432,"[false, false, false]",10,2,0,Starfield Stage - 1
738,2025-09-28T18:05:15.308921,9,567.5,229.5,-2.0634814149683476,True,False,False,False,1,2,0,3,0,2,900,408,"[false, false, false]",10,2,0,Starfield Stage - 1
739,2025-09-28T18:05:15.318417,9,570.0,229.5,-1.97585666187326,True,False,False,False,1,2,0,3,0,2,928,383,"[false, false, false]",10,2,0,Starfield Stage - 1
740,2025-09-28T18:05:15.326858,9,572.5,229.5,-1.8972824416878817,True,False,False,False,1,2,0,3,0,2,952,358,"[false, false, false]",10,2,0,Starfield Stage - 1
741,2025-09-28T18:05:15.336261,9,575.0,229.5,-1.825824902814795,True,False,False,False,1,2,0,3,0,2,972,333,"[false, false, false]",10,2,0,Starfield Stage - 1
742,2025-09-28T18:05:15.344417,8,577.5,229.5,-1.766786076886718,True,False,False,False,1,2,0,3,0,2,988,311,"[false, false, false]",10,2,0,Starfield Stage - 1
743,2025-09-28T18:05:15.352488,8,580.0,229.5,-1.7161916180034775,True,False,False,False,1,2,0,3,0,2,1000,291,"[false, false, false]",10,2,0,Starfield Stage - 1
744,2025-09-28T18:05:15.360958,9,582.5,229.5,-1.6775735881318852,True,False,False,False,1,2,0,3,0,2,1007,275,"[false, false, false]",10,2,0,Starfield Stage - 1
745,2025-09-28T18:05:15.370102,9,585.0,229.5,-1.6494572146484505,True,False,False,False,1,2,0,3,0,2,1010,263,"[false, false, false]",10,2,0,Starfield Stage - 1
746,2025-09-28T18:05:15.379035,9,587.5,229.5,-1.6052654277944047,True,False,False,False,1,2,0,3,0,2,1008,244,"[false, false, false]",10,2,0,Starfield Stage - 1
747,2025-09-28T18:05:15.387537,9,590.0,229.5,-1.5913745354032016,True,False,False,False,1,2,0,3,0,2,1003,238,"[false, false, false]",10,2,0,Starfield Stage - 1
748,2025-09-28T18:05:15.396787,9,592.5,229.5,-1.5769920343808306,True,False,False,False,1,2,0,3,0,2,996,232,"[false, false, false]",10,2,0,Starfield Stage - 1
749,2025-09-28T18:05:15.406860,10,595.0,229.5,-1.5619133117181638,True,False,False,False,1,2,0,3,0,2,989,226,"[false, false, false]",10,2,0,Starfield Stage - 1
750,2025-09-28T18:05:15.416295,8,597.5,229.5,-1.5486932949434882,True,False,False,False,2,2,0,3,0,2,982,221,"[true, false, false]",10,2,0,Starfield Stage - 1
751,2025-09-28T18:05:15.424924,8,600.0,229.5,-1.534811866712845,True,False,False,False,2,2,0,3,0,2,975,216,"[true, false, false]",10,2,0,Starfield Stage - 1
752,2025-09-28T18:05:15.431785,8,602.5,229.5,-1.525928500010141,True,False,False,False,2,2,0,3,0,2,970,213,"[true, false, false]",10,2,0,Starfield Stage - 1
753,2025-09-28T18:05:15.439701,9,605.0,229.5,-1.5168321509934108,True,False,False,False,2,2,0,3,0,2,966,210,"[true, false, false]",10,2,0,Starfield Stage - 1
754,2025-09-28T18:05:15.448084,8,607.5,229.5,-1.5102217230158812,True,False,False,False,2,2,0,3,0,2,962,208,"[true, false, false]",10,2,0,Starfield Stage - 1
755,2025-09-28T18:05:15.457104,9,610.0,229.5,-1.503754094599102,True,False,False,False,2,2,0,3,0,2,960,206,"[true, false, false]",10,2,0,Starfield Stage - 1
756,2025-09-28T18:05:15.466326,9,612.5,229.5,-1.5000031065389958,True,False,False,False,2,2,0,3,0,2,958,205,"[true, false, false]",10,2,0,Starfield Stage - 1
757,2025-09-28T18:05:15.474915,8,615.0,229.5,-1.4934654640908813,True,False,False,False,2,2,0,3,0,2,957,203,"[true, false, false]",10,2,0,Starfield Stage - 1
758,2025-09-28T18:05:15.482732,9,617.5,229.5,-1.4897335856167246,True,False,False,False,2,2,0,3,0,2,956,202,"[false, false, false]",10,2,0,Starfield Stage - 1
759,2025-09-28T18:05:15.492134,9,620.0,229.5,-1.4767630884713907,True,False,False,False,2,2,0,3,0,2,954,198,"[false, false, false]",10,2,0,Starfield Stage - 1
760,2025-09-28T18:05:15.501095,9,622.5,229.5,-1.4667857342289505,True,False,False,False,2,2,0,3,0,2,953,195,"[false, false, false]",10,2,0,Starfield Stage - 1
761,2025-09-28T18:05:15.509992,9,625.0,229.5,-1.4539529280558752,True,False,False,False,2,2,0,3,0,2,953,191,"[false, false, false]",10,2,0,Starfield Stage - 1
762,2025-09-28T18:05:15.519431,9,627.5,232.0,-1.4325797058866787,True,False,False,True,1,2,0,3,0,2,951,187,"[false, false, false]",10,2,0,Starfield Stage - 1
763,2025-09-28T18:05:15.527438,8,630.0,234.5,-1.4112270994718064,True,False,False,True,1,2,0,3,0,2,950,183,"[false, false, false]",10,2,0,Starfield Stage - 1
764,2025-09-28T18:05:15.535385,8,632.5,237.0,-1.3889910659229636,True,False,False,True,1,2,0,3,0,2,948,179,"[false, false, false]",10,2,0,Starfield Stage - 1
765,2025-09-28T18:05:15.543205,8,635.0,239.5,-1.369384724279174,True,False,False,True,1,2,0,3,0,2,946,176,"[false, false, false]",10,2,0,Starfield Stage - 1
766,2025-09-28T18:05:15.551798,8,637.5,242.0,-1.3469683553243808,True,False,False,True,1,2,0,3,0,2,945,172,"[false, false, false]",10,2,0,Starfield Stage - 1
767,2025-09-28T18:05:15.559617,9,640.0,244.5,-1.3250463564550012,True,False,False,True,1,2,0,3,0,2,945,168,"[false, false, false]",10,2,0,Starfield Stage - 1
768,2025-09-28T18:05:15.568525,9,642.5,247.0,-1.2977265176893191,True,False,False,True,1,2,0,3,0,2,946,162,"[false, false, false]",10,2,0,Starfield Stage - 1
769,2025-09-28T18:05:15.577642,8,645.0,249.5,-1.2714858952709218,True,False,False,True,1,2,0,3,0,2,948,156,"[false, false, false]",10,2,0,Starfield Stage - 1
770,2025-09-28T18:05:15.585708,9,647.5,252.0,-1.2445748632910336,True,False,False,True,1,2,0,3,0,2,949,150,"[false, false, false]",10,2,0,Starfield Stage - 1
771,2025-09-28T18:05:15.595709,9,650.0,254.5,-1.211300098879106,True,False,False,True,1,2,0,3,0,2,952,141,"[false, false, false]",10,2,0,Starfield Stage - 1
772,2025-09-28T18:05:15.603993,9,652.5,257.0,-1.1925947568949484,True,False,False,True,1,2,0,3,0,2,952,138,"[false, false, false]",10,2,0,Starfield Stage - 1
773,2025-09-28T18:05:15.614014,9,655.0,259.5,-1.1807801499145796,True,False,False,True,2,2,0,3,0,2,953,137,"[true, false, false]",10,2,0,Starfield Stage - 1
774,2025-09-28T18:05:15.622424,9,657.5,262.0,-1.170610869584227,True,False,False,True,2,2,0,3,0,2,953,137,"[true, false, false]",10,2,0,Starfield Stage - 1
775,2025-09-28T18:05:15.631528,9,660.0,264.5,-1.1603570321831655,True,False,False,True,2,2,0,3,0,2,953,137,"[true, false, false]",10,2,0,Starfield Stage - 1
776,2025-09-28T18:05:15.638999,8,662.5,267.0,-1.1500197615705647,True,False,False,True,2,2,0,3,0,2,953,137,"[true, false, false]",10,2,0,Starfield Stage - 1
777,2025-09-28T18:05:15.648111,9,665.0,269.5,-1.1396002712746296,True,False,False,True,2,2,0,3,0,2,953,137,"[true, false, false]",10,2,0,Starfield Stage - 1
778,2025-09-28T18:05:15.656812,9,667.5,272.0,-1.129099865594032,True,False,False,True,2,2,0,3,0,2,953,137,"[true, false, false]",10,2,0,Starfield Stage - 1
779,2025-09-28T18:05:15.665541,9,670.0,274.5,-1.118519940515452,True,False,False,True,2,2,0,3,0,2,953,137,"[true, false, false]",10,2,0,Starfield Stage - 1
780,2025-09-28T18:05:15.674530,8,672.5,277.0,-1.1078619844349014,True,False,False,True,2,2,0,3,0,2,953,137,"[true, false, false]",10,2,0,Starfield Stage - 1
781,2025-09-28T18:05:15.683048,9,675.0,279.5,-1.0971275786708796,True,False,False,True,2,2,0,3,0,2,953,137,"[false, false, false]",10,2,0,Starfield Stage - 1
782,2025-09-28T18:05:15.692391,9,677.5,282.0,-1.0863183977578734,True,False,False,True,2,2,0,3,0,2,953,137,"[false, false, false]",10,2,0,Starfield Stage - 1
783,2025-09-28T18:05:15.700530,9,680.0,284.5,-1.0754362095093148,True,False,False,True,2,2,0,3,0,2,953,137,"[false, false, false]",10,2,0,Starfield Stage - 1
784,2025-09-28T18:05:15.708956,8,682.5,287.0,-1.0644828748398059,True,False,False,True,2,2,0,3,0,2,953,137,"[false, false, false]",10,2,0,Starfield Stage - 1
785,2025-09-28T18:05:15.717416,8,685.0,289.5,-1.0534603473372381,True,False,False,True,2,2,0,3,0,2,953,137,"[false, false, false]",10,2,0,Starfield Stage - 1
786,2025-09-28T18:05:15.725485,8,687.5,292.0,-1.0423706725763742,True,False,False,True,2,2,0,3,0,2,953,137,"[false, false, false]",10,2,0,Starfield Stage - 1
787,2025-09-28T18:05:15.733492,8,690.0,294.5,-1.031215987166497,True,False,False,True,2,2,0,3,0,2,953,137,"[false, false, false]",10,2,0,Starfield Stage - 1
788,2025-09-28T18:05:15.741501,9,692.5,297.0,-1.019998517526896,True,False,False,True,2,2,0,3,0,2,953,137,"[false, false, false]",10,2,0,Starfield Stage - 1
789,2025-09-28T18:05:15.749842,8,695.0,299.5,-1.0087205783852198,True,False,False,True,2,2,0,3,0,2,953,137,"[false, false, false]",10,2,0,Starfield Stage - 1
790,2025-09-28T18:05:15.759285,9,697.5,302.0,-0.9973845709950859,True,False,False,True,2,2,0,3,0,2,953,137,"[false, false, false]",10,2,0,Starfield Stage - 1
791,2025-09-28T18:05:15.767755,9,700.0,304.5,-0.9859929810707899,True,False,False,True,2,2,0,3,0,2,953,137,"[false, false, false]",10,2,0,Starfield Stage - 1
792,2025-09-28T18:05:15.777158,9,702.5,307.0,-0.9745483764384939,True,False,False,True,2,2,0,3,0,2,953,137,"[false, false, false]",10,2,0,Starfield Stage - 1
793,2025-09-28T18:05:15.787164,8,705.0,309.5,-0.9630534044048751,True,False,False,True,2,2,0,3,0,2,953,137,"[false, false, false]",10,2,0,Starfield Stage - 1
794,2025-09-28T18:05:15.793510,8,707.5,312.0,-0.9515107888458789,True,False,False,True,3,2,0,3,0,2,953,137,"[true, false, false]",10,2,0,Starfield Stage - 1
795,2025-09-28T18:05:15.801355,8,710.0,314.5,-0.9399233270199301,True,False,False,True,3,2,0,3,0,2,953,137,"[true, false, false]",10,2,0,Starfield Stage - 1
796,2025-09-28T18:05:15.809813,9,712.5,317.0,-0.9282938861116861,True,False,False,True,3,2,0,3,0,2,953,137,"[true, false, false]",10,2,0,Starfield Stage - 1
797,2025-09-28T18:05:15.819436,9,715.0,319.5,-0.9192766795378225,True,False,False,True,3,2,0,3,0,2,953,138,"[true, false, false]",10,2,0,Starfield Stage - 1
798,2025-09-28T18:05:15.828322,9,717.5,322.0,-0.915511251695233,True,False,False,True,3,2,0,3,0,2,953,141,"[true, false, false]",10,2,0,Starfield Stage - 1
799,2025-09-28T18:05:15.837107,9,720.0,324.5,-0.909010767583196,True,False,False,True,3,2,0,3,0,2,953,143,"[true, false, false]",10,2,0,Starfield Stage - 1
800,2025-09-28T18:05:15.847787,10,722.5,327.0,-0.9024365795306427,True,False,False,True,3,2,0,3,0,2,953,145,"[true, false, false]",10,2,0,Starfield Stage - 1
801,2025-09-28T18:05:15.858097,10,725.0,329.5,-0.9005983784373721,True,False,False,True,3,2,0,3,0,2,954,148,"[false, false, false]",10,2,0,Starfield Stage - 1
802,2025-09-28T18:05:15.866887,8,727.5,332.0,-0.898741384021074,True,False,False,True,3,2,0,3,0,2,955,151,"[false, false, false]",10,2,0,Starfield Stage - 1
803,2025-09-28T18:05:15.874495,9,730.0,334.5,-0.8968653195994232,True,False,False,True,3,2,0,3,0,2,956,154,"[false, false, false]",10,2,0,Starfield Stage - 1
804,2025-09-28T18:05:15.882703,9,732.5,337.0,-0.8949699033151773,True,False,False,True,3,2,0,3,0,2,957,157,"[false, false, false]",10,2,0,Starfield Stage - 1
805,2025-09-28T18:05:15.891719,8,735.0,339.5,-0.9022917462377326,True,False,False,True,3,2,0,3,0,2,961,161,"[false, false, false]",10,2,0,Starfield Stage - 1
806,2025-09-28T18:05:15.899965,9,737.5,342.0,-0.8949699033151773,True,False,False,True,3,2,0,3,0,2,962,162,"[false, false, false]",10,2,0,Starfield Stage - 1
807,2025-09-28T18:05:15.908880,9,740.0,344.5,-0.8898257793515784,True,False,False,True,3,2,0,3,0,2,964,163,"[false, false, false]",10,2,0,Starfield Stage - 1
808,2025-09-28T18:05:15.917697,9,742.5,347.0,-0.8825024058304118,True,False,False,True,3,2,0,3,0,2,965,164,"[false, false, false]",10,2,0,Starfield Stage - 1
809,2025-09-28T18:05:15.926732,9,745.0,349.5,-0.8702739104324652,True,False,False,True,3,2,0,3,0,2,965,164,"[false, false, false]",10,2,0,Starfield Stage - 1
810,2025-09-28T18:05:15.935621,8,747.5,352.0,-0.8602885893426184,True,False,False,True,3,2,0,3,0,2,966,164,"[false, false, false]",10,2,0,Starfield Stage - 1
811,2025-09-28T18:05:15.943036,8,750.0,354.5,-0.8480467000146803,True,False,False,True,3,2,0,3,0,2,966,164,"[false, false, false]",10,2,0,Starfield Stage - 1
812,2025-09-28T18:05:15.952919,9,752.5,357.0,-0.8357859806008785,True,False,False,True,3,2,0,3,0,2,966,164,"[false, false, false]",10,2,0,Starfield Stage - 1
813,2025-09-28T18:05:15.960805,9,755.0,359.5,-0.8235100812213259,True,False,False,True,3,2,0,3,0,2,966,164,"[false, false, false]",10,2,0,Starfield Stage - 1
814,2025-09-28T18:05:15.970259,9,757.5,362.0,-0.8112226793298821,True,False,False,True,3,2,0,3,0,2,966,164,"[false, false, false]",10,2,0,Starfield Stage - 1
815,2025-09-28T18:05:15.978145,8,760.0,364.5,-0.798927473160048,True,False,False,True,4,2,0,3,0,2,966,164,"[true, false, false]",10,2,0,Starfield Stage - 1
816,2025-09-28T18:05:15.987041,9,762.5,367.0,-0.796577821835445,True,False,False,True,4,2,0,3,0,2,966,168,"[true, false, false]",10,2,0,Starfield Stage - 1
817,2025-09-28T18:05:15.997413,10,765.0,369.5,-0.7916559039910662,True,False,False,True,4,2,0,3,0,2,966,171,"[true, false, false]",10,2,0,Starfield Stage - 1
818,2025-09-28T18:05:16.006025,9,767.5,372.0,-0.7866591967769332,True,False,False,True,4,2,0,3,0,2,966,174,"[true, false, false]",10,2,0,Starfield Stage - 1
819,2025-09-28T18:05:16.014932,9,770.0,374.5,-0.7841307369531602,True,False,False,True,4,2,0,3,0,2,967,177,"[true, false, false]",10,2,0,Starfield Stage - 1
820,2025-09-28T18:05:16.023787,8,772.5,377.0,-0.776481202288454,True,False,False,True,4,2,0,3,0,2,967,179,"[true, false, false]",10,2,0,Starfield Stage - 1
821,2025-09-28T18:05:16.032169,9,775.0,379.5,-0.7712784342846545,True,False,False,True,4,2,0,3,0,2,967,182,"[true, false, false]",10,2,0,Starfield Stage - 1
822,2025-09-28T18:05:16.040678,9,777.5,382.0,-0.7659956825805669,True,False,False,True,4,2,0,3,0,2,967,185,"[true, false, false]",10,2,0,Starfield Stage - 1
823,2025-09-28T18:05:16.050057,8,780.0,384.5,-0.7606313902312687,True,False,False,True,4,2,0,3,0,2,967,188,"[false, false, false]",10,2,0,Starfield Stage - 1
824,2025-09-28T18:05:16.057643,9,782.5,387.0,-0.7551839706331839,True,False,False,True,4,2,0,3,0,2,967,191,"[false, false, false]",10,2,0,Starfield Stage - 1
825,2025-09-28T18:05:16.067026,9,785.0,389.5,-0.7573681234376018,True,False,False,True,3,2,0,3,0,2,967,197,"[false, false, false]",10,2,0,Starfield Stage - 1
826,2025-09-28T18:05:16.075481,8,787.5,392.0,-0.7599003348432594,True,False,False,True,3,2,0,3,0,2,969,201,"[false, false, false]",10,2,0,Starfield Stage - 1
827,2025-09-28T18:05:16.083193,8,790.0,394.5,-0.7623357672783058,True,False,False,True,3,2,0,3,0,2,970,206,"[false, false, false]",10,2,0,Starfield Stage - 1
828,2025-09-28T18:05:16.090696,8,792.5,397.0,-0.7487795329982828,True,False,False,True,3,2,0,3,0,2,970,206,"[false, false, false]",10,2,0,Starfield Stage - 1
829,2025-09-28T18:05:16.100010,9,795.0,399.5,-0.7757165848519628,True,False,False,True,3,2,0,3,0,2,974,217,"[false, false, false]",10,2,0,Starfield Stage - 1
830,2025-09-28T18:05:16.108491,9,797.5,402.0,-0.7728114155424617,True,False,False,True,3,2,0,3,0,2,974,221,"[false, false, false]",10,2,0,Starfield Stage - 1
831,2025-09-28T18:05:16.117929,9,800.0,404.5,-0.7727049100282455,True,False,False,True,3,2,0,3,0,2,975,225,"[false, false, false]",10,2,0,Starfield Stage - 1
832,2025-09-28T18:05:16.127002,9,802.5,407.0,-0.7669080944433239,True,False,False,True,3,2,0,3,0,2,975,228,"[false, false, false]",10,2,0,Starfield Stage - 1
833,2025-09-28T18:05:16.136665,10,805.0,409.5,-0.7610127542247298,True,False,False,True,3,2,0,3,0,2,975,231,"[false, false, false]",10,2,0,Starfield Stage - 1
834,2025-09-28T18:05:16.145867,9,807.5,412.0,-0.7492344866675106,True,False,False,True,3,2,0,3,0,2,974,233,"[false, false, false]",10,2,0,Starfield Stage - 1
835,2025-09-28T18:05:16.154861,8,810.0,414.5,-0.7375392361031872,True,False,False,True,3,2,0,3,0,2,974,234,"[false, false, false]",10,2,0,Starfield Stage - 1
836,2025-09-28T18:05:16.162948,9,812.5,417.0,-0.7223394412482294,True,False,False,True,3,2,0,3,0,2,972,236,"[false, false, false]",10,2,0,Starfield Stage - 1
837,2025-09-28T18:05:16.172043,9,815.0,419.5,-0.7186327609654051,True,False,False,True,3,2,0,3,0,2,972,240,"[false, false, false]",10,2,0,Starfield Stage - 1
838,2025-09-28T18:05:16.180577,8,817.5,422.0,-0.712066625526706,True,False,False,True,3,2,0,3,0,2,972,243,"[false, false, false]",10,2,0,Starfield Stage - 1
839,2025-09-28T18:05:16.189376,9,820.0,424.5,-0.7114033999106439,True,False,False,True,4,2,0,3,0,2,973,247,"[true, false, false]",10,2,0,Starfield Stage - 1
840,2025-09-28T18:05:16.196869,8,822.5,427.0,-0.7074553124755026,True,False,False,True,4,2,0,3,0,2,973,251,"[true, false, false]",10,2,0,Starfield Stage - 1
841,2025-09-28T18:05:16.241999,8,825.0,429.5,-0.7005943163380887,True,False,False,True,3,1,0,3,0,2,973,254,"[true, false, false]",20,2,0,Starfield Stage - 1
842,2025-09-28T18:05:16.243867,38,827.5,432.0,-0.7005302762983728,True,False,False,True,3,2,0,3,0,2,970,263,"[true, false, false]",20,2,0,Starfield Stage - 1
843,2025-09-28T18:05:16.252940,9,830.0,434.5,-0.6846171643127805,True,False,False,True,3,2,0,3,0,2,970,263,"[true, false, false]",20,2,0,Starfield Stage - 1
844,2025-09-28T18:05:16.262108,9,832.5,437.0,-0.6715607409306414,True,False,False,True,3,2,0,3,0,2,970,264,"[true, false, false]",20,2,0,Starfield Stage - 1
845,2025-09-28T18:05:16.270944,9,835.0,439.5,-0.6556956262415362,True,False,False,True,3,2,0,3,0,2,970,264,"[false, false, false]",20,2,0,Starfield Stage - 1
846,2025-09-28T18:05:16.279322,9,837.5,442.0,-0.6398958968330195,True,False,False,True,2,2,0,3,0,2,970,264,"[false, false, false]",20,2,0,Starfield Stage - 1
847,2025-09-28T18:05:16.288380,8,840.0,444.5,-0.6294621761122513,True,False,False,True,2,2,0,3,0,2,970,266,"[false, false, false]",20,2,0,Starfield Stage - 1
848,2025-09-28T18:05:16.295424,8,842.5,447.0,-0.618927085272579,True,False,False,True,2,2,0,3,0,2,970,268,"[false, false, false]",20,2,0,Starfield Stage - 1
849,2025-09-28T18:05:16.304048,9,845.0,449.5,-0.6146629519221655,True,False,False,True,2,2,0,3,0,2,971,271,"[false, false, false]",20,2,0,Starfield Stage - 1
850,2025-09-28T18:05:16.312816,9,847.5,452.0,-0.6118690387627582,True,False,False,True,2,2,0,3,0,2,971,276,"[false, false, false]",20,2,0,Starfield Stage - 1
851,2025-09-28T18:05:16.321713,9,850.0,454.5,-0.6089831311421918,True,False,False,True,2,2,0,3,0,2,971,281,"[false, false, false]",20,2,0,Starfield Stage - 1
852,2025-09-28T18:05:16.330967,9,852.5,457.0,-0.6143123208004897,True,False,False,True,2,2,0,3,0,2,971,289,"[false, false, false]",20,2,0,Starfield Stage - 1
853,2025-09-28T18:05:16.339784,9,855.0,459.5,-0.6492844302241125,True,False,False,True,2,2,0,3,0,2,970,308,"[false, false, false]",20,2,0,Starfield Stage - 1
854,2025-09-28T18:05:16.349549,9,857.5,462.0,-0.6622523581041577,True,False,False,True,2,2,0,3,0,2,969,319,"[false, false, false]",20,2,0,Starfield Stage - 1
855,2025-09-28T18:05:16.357384,8,860.0,464.5,-0.6765517143503694,True,False,False,True,2,2,0,3,0,2,968,330,"[false, false, false]",20,2,0,Starfield Stage - 1
856,2025-09-28T18:05:16.365272,8,862.5,467.0,-0.6876712560387296,True,False,False,True,2,2,0,3,0,2,966,341,"[false, false, false]",20,2,0,Starfield Stage - 1
857,2025-09-28T18:05:16.373720,9,865.0,469.5,-0.6993639791167007,True,False,False,True,1,2,0,3,0,2,963,353,"[false, false, false]",20,2,0,Starfield Stage - 1
858,2025-09-28T18:05:16.383707,9,867.5,472.0,-0.7082448838929203,True,False,False,True,1,2,0,3,0,2,960,364,"[false, false, false]",20,2,0,Starfield Stage - 1
859,2025-09-28T18:05:16.391575,9,870.0,474.5,-0.7170118198069448,True,False,False,True,1,2,0,3,0,2,955,377,"[false, false, false]",20,2,0,Starfield Stage - 1
860,2025-09-28T18:05:16.400853,9,872.5,477.0,-0.7334571562729199,True,False,False,True,1,2,0,3,0,2,950,391,"[false, false, false]",20,2,0,Starfield Stage - 1
861,2025-09-28T18:05:16.409970,9,875.0,479.5,-0.7465484625288915,True,False,False,True,1,2,0,3,0,2,943,406,"[false, false, false]",20,2,0,Starfield Stage - 1
862,2025-09-28T18:05:16.419415,9,877.5,482.0,-0.8770327091589604,True,False,False,True,1,2,0,3,0,2,928,440,"[false, false, false]",20,2,0,Starfield Stage - 1
863,2025-09-28T18:05:16.428139,9,880.0,482.0,-1.0571903220721477,True,False,False,False,1,2,0,3,0,2,919,460,"[false, false, false]",20,2,0,Starfield Stage - 1
864,2025-09-28T18:05:16.436252,8,882.5,482.0,-1.5357229962616712,True,False,False,False,1,2,0,3,0,2,911,481,"[false, false, false]",20,2,0,Starfield Stage - 1
865,2025-09-28T18:05:16.445123,9,885.0,482.0,-2.4370985893475754,True,False,False,False,1,2,0,3,0,2,902,502,"[false, false, false]",20,2,0,Starfield Stage - 1
866,2025-09-28T18:05:16.454437,9,887.5,482.0,-3.0143764365219052,True,False,False,False,1,2,0,3,0,2,893,525,"[false, false, false]",20,2,0,Starfield Stage - 1
867,2025-09-28T18:05:16.463092,9,890.0,482.0,3.064820762320015,True,False,False,False,1,2,0,3,0,2,885,547,"[false, false, false]",20,2,0,Starfield Stage - 1
868,2025-09-28T18:05:16.472576,9,892.5,482.0,2.9452899894796496,True,False,False,False,2,2,0,3,0,2,875,570,"[true, false, false]",20,2,0,Starfield Stage - 1
869,2025-09-28T18:05:16.481408,9,892.5,482.0,2.9031003859798052,True,True,False,False,2,2,0,3,0,2,866,591,"[true, false, false]",20,2,0,Starfield Stage - 1
870,2025-09-28T18:05:16.489619,9,892.5,482.0,2.86380899041092,True,True,False,False,2,2,0,3,0,2,856,610,"[true, false, false]",20,2,0,Starfield Stage - 1
871,2025-09-28T18:05:16.498878,9,892.5,482.0,2.801800372288591,True,True,False,False,2,2,0,3,0,2,837,639,"[true, false, false]",20,2,0,Starfield Stage - 1
872,2025-09-28T18:05:16.508056,9,892.5,482.0,2.7834783665528193,True,True,False,False,2,2,0,3,0,2,830,649,"[true, false, false]",20,2,0,Starfield Stage - 1
873,2025-09-28T18:05:16.516960,9,892.5,482.0,2.769586071777969,True,True,False,False,2,2,0,3,0,2,825,655,"[true, false, false]",20,2,0,Starfield Stage - 1
874,2025-09-28T18:05:16.526003,9,892.5,482.0,2.7557099841917196,True,True,False,False,2,2,0,3,0,2,821,658,"[true, false, false]",20,2,0,Starfield Stage - 1
875,2025-09-28T18:05:16.535363,9,892.5,482.0,2.7480056272274425,True,True,False,False,2,2,0,3,0,2,819,659,"[true, false, false]",20,2,0,Starfield Stage - 1
876,2025-09-28T18:05:16.543737,8,892.5,482.0,2.7431965024415192,True,True,False,False,2,2,0,3,0,2,818,659,"[true, false, false]",20,2,0,Starfield Stage - 1
877,2025-09-28T18:05:16.551410,8,890.0,482.0,2.7504174281350666,False,True,False,False,2,2,0,3,0,2,817,659,"[true, false, false]",20,2,0,Starfield Stage - 1
878,2025-09-28T18:05:16.559641,9,887.5,482.0,2.7625482637399004,False,True,False,False,2,2,0,3,0,2,817,659,"[false, false, false]",20,2,0,Starfield Stage - 1
879,2025-09-28T18:05:16.568459,9,885.0,482.0,2.7747974642063373,False,True,False,False,2,2,0,3,0,2,817,659,"[false, false, false]",20,2,0,Starfield Stage - 1
880,2025-09-28T18:05:16.577605,9,882.5,482.0,2.787163041321566,False,True,False,False,2,2,0,3,0,2,817,659,"[false, false, false]",20,2,0,Starfield Stage - 1
881,2025-09-28T18:05:16.586722,9,880.0,482.0,2.797849029954011,False,True,False,False,2,2,0,3,0,2,817,658,"[false, false, false]",20,2,0,Starfield Stage - 1
882,2025-09-28T18:05:16.596633,9,877.5,482.0,2.7940241506287786,False,True,False,False,2,2,0,3,0,2,817,649,"[false, false, false]",20,2,0,Starfield Stage - 1
883,2025-09-28T18:05:16.605334,8,875.0,479.5,2.804232715099519,False,True,True,False,2,2,0,3,0,2,818,642,"[false, false, false]",20,2,0,Starfield Stage - 1
884,2025-09-28T18:05:16.611785,8,872.5,477.0,2.811375697538305,False,True,True,False,2,2,0,3,0,2,818,636,"[false, false, false]",20,2,0,Starfield Stage - 1
885,2025-09-28T18:05:16.620735,9,870.0,474.5,2.8265663014008933,False,True,True,False,2,2,0,3,0,2,819,631,"[false, false, false]",20,2,0,Starfield Stage - 1
886,2025-09-28T18:05:16.629914,9,867.5,472.0,2.8442275083658695,False,True,True,False,2,2,0,3,0,2,820,627,"[false, false, false]",20,2,0,Starfield Stage - 1
887,2025-09-28T18:05:16.638703,9,865.0,469.5,2.8658429253095865,False,True,True,False,2,2,0,3,0,2,821,625,"[false, false, false]",20,2,0,Starfield Stage - 1
888,2025-09-28T18:05:16.647740,9,862.5,467.0,2.8831719323200034,False,True,True,False,2,2,0,3,0,2,821,624,"[false, false, false]",20,2,0,Starfield Stage - 1
889,2025-09-28T18:05:16.656425,9,860.0,464.5,2.9077082098315925,False,True,True,False,2,2,0,3,0,2,822,624,"[false, false, false]",20,2,0,Starfield Stage - 1
890,2025-09-28T18:05:16.664988,8,857.5,462.0,2.9245684430748673,False,True,True,False,3,2,0,4,0,2,822,623,"[true, false, false]",20,2,0,Starfield Stage - 1
891,2025-09-28T18:05:16.673762,9,855.0,459.5,2.948317141057224,False,True,True,False,3,2,0,4,0,2,823,623,"[true, false, false]",20,2,0,Starfield Stage - 1
892,2025-09-28T18:05:16.683124,9,852.5,457.0,2.9657179126427544,False,True,True,False,3,2,0,4,0,2,823,623,"[true, false, false]",20,2,0,Starfield Stage - 1
893,2025-09-28T18:05:16.691903,9,850.0,454.5,2.982705936714781,False,True,True,False,3,2,0,4,0,2,823,623,"[true, false, false]",20,2,0,Starfield Stage - 1
894,2025-09-28T18:05:16.700962,9,847.5,452.0,2.9992862662209347,False,True,True,False,3,2,0,4,0,2,823,623,"[true, false, false]",20,2,0,Starfield Stage - 1
895,2025-09-28T18:05:16.710614,9,845.0,449.5,3.01546461125562,False,True,True,False,3,2,0,4,0,2,823,623,"[true, false, false]",20,2,0,Starfield Stage - 1
896,2025-09-28T18:05:16.718707,9,842.5,447.0,3.0312472503041388,False,True,True,False,3,2,0,4,0,2,823,623,"[true, false, false]",20,2,0,Starfield Stage - 1
897,2025-09-28T18:05:16.728361,9,840.0,444.5,3.046640947247037,False,True,True,False,3,2,0,4,0,2,823,623,"[true, false, false]",20,2,0,Starfield Stage - 1
898,2025-09-28T18:05:16.736892,9,837.5,442.0,3.0616528742899427,False,True,True,False,3,2,0,4,0,2,823,623,"[false, false, false]",20,2,0,Starfield Stage - 1
899,2025-09-28T18:05:16.746845,10,835.0,439.5,3.0762905408647803,False,True,True,False,3,2,0,4,0,2,823,623,"[false, false, false]",20,2,0,Starfield Stage - 1
900,2025-09-28T18:05:16.755763,9,832.5,437.0,3.0905617284493654,False,True,True,False,3,2,0,4,0,2,823,623,"[false, false, false]",20,2,0,Starfield Stage - 1
901,2025-09-28T18:05:16.764626,8,830.0,434.5,3.1044744311724717,False,True,True,False,3,2,0,4,0,2,823,623,"[false, false, false]",20,2,0,Starfield Stage - 1
902,2025-09-28T18:05:16.773105,9,827.5,432.0,3.1180368020086737,False,True,True,False,3,2,0,4,0,2,823,623,"[false, false, false]",20,2,0,Starfield Stage - 1
903,2025-09-28T18:05:16.782492,9,825.0,429.5,3.131257104319645,False,True,True,False,1,2,0,4,0,2,823,623,"[false, false, false]",20,2,0,Starfield Stage - 1
904,2025-09-28T18:05:16.829269,9,822.5,427.0,-3.139041638715371,False,True,True,False,0,1,0,4,0,2,823,623,"[false, false, false]",30,2,0,Starfield Stage - 1
905,2025-09-28T18:05:16.830940,40,822.5,424.5,-3.0955547460956425,False,False,True,False,0,1,0,4,0,2,831,609,"[false, false, false]",30,2,0,Starfield Stage - 1
906,2025-09-28T18:05:16.840236,9,822.5,422.0,-3.077790479440834,False,False,True,False,0,1,0,4,0,2,834,602,"[false, false, false]",30,2,0,Starfield Stage - 1
907,2025-09-28T18:05:16.848954,9,822.5,419.5,-3.0529999469070592,False,False,True,False,0,1,0,4,0,2,838,594,"[false, false, false]",30,2,0,Starfield Stage - 1
908,2025-09-28T18:05:16.857976,9,822.5,417.0,-3.027385915215716,False,False,True,False,0,1,0,4,0,2,842,587,"[false, false, false]",30,2,0,Starfield Stage - 1
909,2025-09-28T18:05:16.866652,9,822.5,414.5,-3.0013776831855687,False,False,True,False,0,1,0,4,0,2,846,581,"[false, false, false]",30,2,0,Starfield Stage - 1
910,2025-09-28T18:05:16.875903,9,822.5,412.0,-2.955499408408822,False,False,True,False,1,1,0,5,0,2,853,574,"[true, false, false]",30,2,0,Starfield Stage - 1
911,2025-09-28T18:05:16.884821,9,822.5,409.5,-2.9441970937399127,False,False,True,False,1,1,0,5,0,2,855,572,"[true, false, false]",30,2,0,Starfield Stage - 1
912,2025-09-28T18:05:16.894324,9,822.5,407.0,-2.9342500841908734,False,False,True,False,1,1,0,5,0,2,857,571,"[true, false, false]",30,2,0,Starfield Stage - 1
913,2025-09-28T18:05:16.903300,8,822.5,404.5,-2.9315249610330505,False,False,True,False,1,1,0,5,0,2,858,571,"[true, false, false]",30,2,0,Starfield Stage - 1
914,2025-09-28T18:05:16.911010,8,822.5,402.0,-2.9276555335988013,False,False,True,False,1,1,0,5,0,2,859,570,"[true, false, false]",30,2,0,Starfield Stage - 1
915,2025-09-28T18:05:16.920036,10,822.5,399.5,-2.930699600756918,False,False,True,False,1,1,0,5,0,2,859,570,"[true, false, false]",30,2,0,Starfield Stage - 1
916,2025-09-28T18:05:16.929367,9,822.5,397.0,-2.93248541507438,False,False,True,False,1,1,0,5,0,2,859,569,"[false, false, false]",30,2,0,Starfield Stage - 1
917,2025-09-28T18:05:16.937024,8,822.5,394.5,-2.9353964408668385,False,False,True,False,1,1,0,5,0,2,859,569,"[false, false, false]",30,2,0,Starfield Stage - 1
918,2025-09-28T18:05:16.947187,10,825.0,392.0,-2.9652816491001177,True,False,True,False,1,1,0,5,0,2,856,566,"[false, false, false]",30,2,0,Starfield Stage - 1
919,2025-09-28T18:05:16.954963,8,827.5,389.5,-2.9815014043201695,True,False,True,False,1,1,0,5,0,2,856,566,"[false, false, false]",30,2,0,Starfield Stage - 1
920,2025-09-28T18:05:16.964691,9,830.0,387.0,-3.032828174635157,True,False,True,False,1,1,0,5,0,2,849,561,"[false, false, false]",30,2,0,Starfield Stage - 1
921,2025-09-28T18:05:16.972924,9,832.5,384.5,-3.0700815642909256,True,False,True,False,1,1,0,5,0,2,845,559,"[false, false, false]",30,2,0,Starfield Stage - 1
922,2025-09-28T18:05:16.982130,9,835.0,382.0,-3.1128649268435638,True,False,True,False,1,1,0,5,0,2,840,556,"[false, false, false]",30,2,0,Starfield Stage - 1
923,2025-09-28T18:05:16.991344,9,837.5,379.5,3.1329968767638423,True,False,True,False,1,1,0,5,0,2,836,554,"[false, false, false]",30,2,0,Starfield Stage - 1
924,2025-09-28T18:05:16.998954,8,840.0,377.0,3.0959101725151306,True,False,True,False,1,1,0,5,0,2,832,552,"[false, false, false]",30,2,0,Starfield Stage - 1
925,2025-09-28T18:05:17.007859,9,842.5,374.5,3.0712861894711687,True,False,True,False,1,1,0,5,0,2,830,552,"[false, false, false]",30,2,0,Starfield Stage - 1
926,2025-09-28T18:05:17.016875,9,845.0,372.0,3.0469045907948438,True,False,True,False,1,1,0,5,0,2,828,551,"[false, false, false]",30,2,0,Starfield Stage - 1
927,2025-09-28T18:05:17.026886,10,847.5,369.5,3.0291216496406914,True,False,True,False,1,1,0,5,0,2,827,551,"[false, false, false]",30,2,0,Starfield Stage - 1
928,2025-09-28T18:05:17.035789,9,850.0,367.0,3.006550023243179,True,False,True,False,1,1,0,5,0,2,825,551,"[false, false, false]",30,2,0,Starfield Stage - 1
929,2025-09-28T18:05:17.044655,9,852.5,364.5,2.9871593825874627,True,False,True,False,1,1,0,5,0,2,823,554,"[false, false, false]",30,2,0,Starfield Stage - 1
930,2025-09-28T18:05:17.053616,9,855.0,362.0,2.964883797519757,True,False,True,False,2,1,0,5,0,2,820,558,"[true, false, false]",30,2,0,Starfield Stage - 1
931,2025-09-28T18:05:17.062888,9,857.5,359.5,2.938615756347153,True,False,True,False,2,1,0,5,0,2,815,566,"[true, false, false]",30,2,0,Starfield Stage - 1
932,2025-09-28T18:05:17.072111,9,860.0,357.0,2.908466883632356,True,False,True,False,2,1,0,5,0,2,808,576,"[true, false, false]",30,2,0,Starfield Stage - 1
933,2025-09-28T18:05:17.080609,9,862.5,354.5,2.878983575572747,True,False,True,False,2,1,0,5,0,2,800,587,"[true, false, false]",30,2,0,Starfield Stage - 1
934,2025-09-28T18:05:17.090231,9,865.0,352.0,2.84535296695951,True,False,True,False,2,1,0,5,0,2,789,601,"[true, false, false]",30,2,0,Starfield Stage - 1
935,2025-09-28T18:05:17.098543,8,867.5,349.5,2.814224180768196,True,False,True,False,2,1,0,5,0,2,777,616,"[true, false, false]",30,2,0,Starfield Stage - 1
936,2025-09-28T18:05:17.107265,9,870.0,347.0,2.751985276336847,True,False,True,False,2,1,0,5,0,2,746,649,"[false, false, false]",30,2,0,Starfield Stage - 1
937,2025-09-28T18:05:17.115241,8,872.5,344.5,2.7246758926391843,True,False,True,False,2,1,0,5,0,2,731,664,"[false, false, false]",30,2,0,Starfield Stage - 1
938,2025-09-28T18:05:17.123728,9,875.0,342.0,2.6984488053160556,True,False,True,False,2,1,0,5,0,2,716,677,"[false, false, false]",30,2,0,Starfield Stage - 1
939,2025-09-28T18:05:17.132123,8,877.5,339.5,2.677371321186646,True,False,True,False,2,1,0,5,0,2,703,688,"[false, false, false]",30,2,0,Starfield Stage - 1
940,2025-09-28T18:05:17.141473,9,880.0,337.0,2.6548214135863497,True,False,True,False,2,1,0,5,0,2,690,696,"[false, false, false]",30,2,0,Starfield Stage - 1
941,2025-09-28T18:05:17.149949,9,882.5,334.5,2.636813792450571,True,False,True,False,2,1,0,5,0,2,680,701,"[false, false, false]",30,2,0,Starfield Stage - 1
942,2025-09-28T18:05:17.158834,9,885.0,332.0,2.6236052873762183,True,False,True,False,2,1,0,5,0,2,673,704,"[false, false, false]",30,2,0,Starfield Stage - 1
943,2025-09-28T18:05:17.167626,9,887.5,329.5,2.615750528863356,True,False,True,False,2,1,0,5,0,2,669,706,"[false, false, false]",30,2,0,Starfield Stage - 1
944,2025-09-28T18:05:17.177291,9,890.0,327.0,2.6097532859740675,True,False,True,False,2,1,0,5,0,2,667,706,"[false, false, false]",30,2,0,Starfield Stage - 1
945,2025-09-28T18:05:17.185608,8,892.5,324.5,2.6058116975540395,True,False,True,False,2,1,0,5,0,2,666,706,"[false, false, false]",30,2,0,Starfield Stage - 1
946,2025-09-28T18:05:17.193754,8,895.0,322.0,2.6038582255008595,True,False,True,False,2,1,0,5,0,2,666,706,"[false, false, false]",30,2,0,Starfield Stage - 1
947,2025-09-28T18:05:17.202092,9,897.5,319.5,2.601934477877104,True,False,True,False,3,1,0,5,0,2,666,706,"[true, false, false]",30,2,0,Starfield Stage - 1
948,2025-09-28T18:05:17.211310,9,897.5,317.0,2.604772304286938,False,False,True,False,3,1,0,5,0,2,666,706,"[true, false, false]",30,2,0,Starfield Stage - 1
949,2025-09-28T18:05:17.219277,8,897.5,314.5,2.607583321929521,False,False,True,False,3,1,0,5,0,2,666,706,"[true, false, false]",30,2,0,Starfield Stage - 1
950,2025-09-28T18:05:17.226723,8,897.5,312.0,2.612256674649185,False,False,True,False,3,1,0,5,0,2,667,706,"[true, false, false]",30,2,0,Starfield Stage - 1
951,2025-09-28T18:05:17.235792,8,897.5,309.5,2.622582353548601,False,False,True,False,3,1,0,5,0,2,671,706,"[true, false, false]",30,2,0,Starfield Stage - 1
952,2025-09-28T18:05:17.244088,9,897.5,307.0,2.6309898628090487,False,False,True,False,3,1,0,5,0,2,674,706,"[true, false, false]",30,2,0,Starfield Stage - 1
953,2025-09-28T18:05:17.253835,9,897.5,304.5,2.6364041638527045,False,False,True,False,3,1,0,5,0,2,676,705,"[true, false, false]",30,2,0,Starfield Stage - 1
954,2025-09-28T18:05:17.262522,9,897.5,302.0,2.642854627486661,False,False,True,False,2,1,0,5,0,2,678,705,"[false, false, false]",30,2,0,Starfield Stage - 1
955,2025-09-28T18:05:17.270374,8,897.5,299.5,2.648241168099802,False,False,True,False,2,1,0,5,0,2,680,704,"[false, false, false]",30,2,0,Starfield Stage - 1
956,2025-09-28T18:05:17.279053,9,897.5,297.0,2.651699249606497,False,False,True,False,2,1,0,5,0,2,681,703,"[false, false, false]",30,2,0,Starfield Stage - 1
957,2025-09-28T18:05:17.287891,9,895.0,294.5,2.661880214460108,False,True,True,False,2,1,0,5,0,2,683,702,"[false, false, false]",30,2,0,Starfield Stage - 1
958,2025-09-28T18:05:17.297345,9,892.5,292.0,2.670151729404074,False,True,True,False,2,2,0,5,0,2,684,701,"[false, false, false]",30,2,0,Starfield Stage - 1
959,2025-09-28T18:05:17.305363,8,890.0,289.5,2.6774567633777924,False,True,True,False,2,2,0,5,0,2,685,699,"[false, false, false]",30,2,0,Starfield Stage - 1
960,2025-09-28T18:05:17.312900,8,887.5,287.0,2.6847976049726987,False,True,True,False,2,2,0,5,0,2,686,697,"[false, false, false]",30,2,0,Starfield Stage - 1
961,2025-09-28T18:05:17.322976,9,885.0,284.5,2.6951002242117523,False,True,True,False,2,2,0,5,0,2,688,696,"[false, false, false]",30,2,0,Starfield Stage - 1
962,2025-09-28T18:05:17.331323,9,882.5,282.0,2.7115790655978715,False,True,True,False,2,2,0,5,0,2,694,693,"[false, false, false]",30,2,0,Starfield Stage - 1
963,2025-09-28T18:05:17.339118,8,880.0,279.5,2.724043315470658,False,True,True,False,2,2,0,5,0,2,697,692,"[false, false, false]",30,2,0,Starfield Stage - 1
964,2025-09-28T18:05:17.348166,9,877.5,277.0,2.738597290997707,False,True,True,False,2,2,0,5,0,2,701,691,"[false, false, false]",30,2,0,Starfield Stage - 1
965,2025-09-28T18:05:17.357137,9,875.0,274.5,2.7532270794525973,False,True,True,False,2,2,0,5,0,2,705,690,"[false, false, false]",30,2,0,Starfield Stage - 1
966,2025-09-28T18:05:17.365269,8,872.5,272.0,2.766667037059367,False,True,True,False,2,2,0,5,0,2,708,690,"[false, false, false]",30,2,0,Starfield Stage - 1
967,2025-09-28T18:05:17.373248,8,870.0,269.5,2.7800883270201013,False,True,True,False,3,2,0,5,0,2,711,690,"[true, false, false]",30,2,0,Starfield Stage - 1
968,2025-09-28T18:05:17.381119,8,867.5,267.0,2.7906353417022975,False,True,True,False,3,2,0,5,0,2,713,689,"[true, false, false]",30,2,0,Starfield Stage - 1
969,2025-09-28T18:05:17.389517,9,865.0,264.5,2.7998377480208454,False,True,True,False,3,2,0,5,0,2,714,689,"[true, false, false]",30,2,0,Starfield Stage - 1
970,2025-09-28T18:05:17.398584,9,862.5,262.0,2.808991982462859,False,True,True,False,3,2,0,5,0,2,715,689,"[true, false, false]",30,2,0,Starfield Stage - 1
971,2025-09-28T18:05:17.407761,9,860.0,259.5,2.8160053548525905,False,True,True,False,3,2,0,5,0,2,715,689,"[true, false, false]",30,2,0,Starfield Stage - 1
972,2025-09-28T18:05:17.417027,9,857.5,257.0,2.8229703475915406,False,True,True,False,3,2,0,5,0,2,715,689,"[true, false, false]",30,2,0,Starfield Stage - 1
973,2025-09-28T18:05:17.427387,10,855.0,254.5,2.829886790799347,False,True,True,False,3,2,0,5,0,2,715,689,"[true, false, false]",30,2,0,Starfield Stage - 1
974,2025-09-28T18:05:17.435115,8,852.5,252.0,2.8367545355339736,False,True,True,False,3,2,0,5,0,2,715,689,"[true, false, false]",30,2,0,Starfield Stage - 1
975,2025-09-28T18:05:17.444394,9,850.0,249.5,2.8435734533172554,False,True,True,False,3,2,0,5,0,2,715,689,"[false, false, false]",30,2,0,Starfield Stage - 1
976,2025-09-28T18:05:17.452330,8,847.5,247.0,2.8503434356527952,False,True,True,False,3,2,0,5,0,2,715,689,"[false, false, false]",30,2,0,Starfield Stage - 1
977,2025-09-28T18:05:17.459931,8,845.0,244.5,2.857064393537373,False,True,True,False,3,2,0,5,0,2,715,689,"[false, false, false]",30,2,0,Starfield Stage - 1
978,2025-09-28T18:05:17.468792,9,842.5,242.0,2.8637362569669986,False,True,True,False,3,2,0,5,0,2,715,689,"[false, false, false]",30,2,0,Starfield Stage - 1
979,2025-09-28T18:05:17.477595,9,840.0,239.5,2.8703589744386786,False,True,True,False,3,2,0,5,0,2,715,689,"[false, false, false]",30,2,0,Starfield Stage - 1
980,2025-09-28T18:05:17.486941,9,837.5,237.0,2.878994668565303,False,True,True,False,2,2,0,5,0,2,716,689,"[false, false, false]",30,2,0,Starfield Stage - 1
981,2025-09-28T18:05:17.496932,10,835.0,234.5,2.887574980446155,False,True,True,False,2,2,0,5,0,2,717,689,"[false, false, false]",30,2,0,Starfield Stage - 1
982,2025-09-28T18:05:17.506223,9,832.5,232.0,2.8981591862457616,False,True,True,False,2,2,0,6,0,2,719,689,"[false, false, false]",30,2,0,Starfield Stage - 1
983,2025-09-28T18:05:17.514316,8,830.0,229.5,2.9045666191116686,False,True,True,False,2,2,0,6,0,2,719,689,"[false, false, false]",30,2,0,Starfield Stage - 1
984,2025-09-28T18:05:17.522953,9,827.5,227.0,2.9129766312699896,False,True,True,False,2,2,0,6,0,2,720,689,"[false, false, false]",30,2,0,Starfield Stage - 1
985,2025-09-28T18:05:17.531947,9,825.0,224.5,2.9192794919837874,False,True,True,False,2,2,0,6,0,2,720,689,"[false, false, false]",30,2,0,Starfield Stage - 1
986,2025-09-28T18:05:17.580814,9,822.5,222.0,2.9255325947188466,False,True,True,False,1,2,0,6,0,2,720,689,"[false, false, false]",50,2,0,Starfield Stage - 1
987,2025-09-28T18:05:17.582394,41,820.0,219.5,2.9317360431469774,False,True,True,False,2,2,0,6,0,2,720,689,"[true, false, false]",50,2,0,Starfield Stage - 1
988,2025-09-28T18:05:17.590804,9,817.5,217.0,2.937889954586532,False,True,True,False,2,2,0,6,0,2,720,689,"[true, false, false]",50,2,0,Starfield Stage - 1
989,2025-09-28T18:05:17.599999,9,815.0,214.5,2.9439944594974983,False,True,True,False,2,2,0,6,0,2,720,689,"[true, false, false]",50,2,0,Starfield Stage - 1
990,2025-09-28T18:05:17.609222,9,812.5,212.0,2.950049700982455,False,True,True,False,2,2,0,6,0,2,720,689,"[true, false, false]",50,2,0,Starfield Stage - 1
991,2025-09-28T18:05:17.616936,8,810.0,209.5,2.9560558342939016,False,True,True,False,2,2,0,6,0,2,720,689,"[true, false, false]",50,2,0,Starfield Stage - 1
992,2025-09-28T18:05:17.626240,9,807.5,207.0,2.9620130263484374,False,True,True,False,2,2,0,6,0,2,720,689,"[true, false, false]",50,2,0,Starfield Stage - 1
993,2025-09-28T18:05:17.634912,8,805.0,204.5,2.9679214552482196,False,True,True,False,2,2,0,6,0,2,720,689,"[true, false, false]",50,2,0,Starfield Stage - 1
994,2025-09-28T18:05:17.643964,9,802.5,202.0,2.973781309810088,False,True,True,False,2,2,0,6,0,2,720,689,"[false, false, false]",50,2,0,Starfield Stage - 1
995,2025-09-28T18:05:17.652020,9,800.0,199.5,2.9795927891027127,False,True,True,False,2,2,0,6,0,2,720,689,"[false, false, false]",50,2,0,Starfield Stage - 1
996,2025-09-28T18:05:17.660657,9,797.5,197.0,2.9853561019920787,False,True,True,False,2,2,0,6,0,2,720,689,"[false, false, false]",50,2,0,Starfield Stage - 1
997,2025-09-28T18:05:17.669971,9,795.0,194.5,2.991071466695588,False,True,True,False,2,2,0,6,0,2,720,689,"[false, false, false]",50,2,0,Starfield Stage - 1
998,2025-09-28T18:05:17.678943,9,792.5,192.0,2.9967391103450285,False,True,True,False,2,2,0,6,0,2,720,689,"[false, false, false]",50,2,0,Starfield Stage - 1
999,2025-09-28T18:05:17.687622,9,790.0,189.5,3.002359268558617,False,True,True,False,2,2,0,6,0,2,720,689,"[false, false, false]",50,2,0,Starfield Stage - 1
1000,2025-09-28T18:05:17.696880,9,787.5,187.0,3.007932185022312,False,True,True,False,2,2,0,6,0,2,720,689,"[false, false, false]",50,2,0,Starfield Stage - 1
1001,2025-09-28T18:05:17.705528,9,785.0,184.5,3.0134581110805385,False,True,True,False,2,2,0,6,0,2,720,689,"[false, false, false]",50,2,0,Starfield Stage - 1
1002,2025-09-28T18:05:17.713873,8,782.5,182.0,3.0189373053364568,False,True,True,False,2,2,0,6,0,2,720,689,"[false, false, false]",50,2,0,Starfield Stage - 1
1003,2025-09-28T18:05:17.722949,9,780.0,179.5,3.024370033261877,False,True,True,False,2,2,0,6,0,2,720,689,"[false, false, false]",50,2,0,Starfield Stage - 1
1004,2025-09-28T18:05:17.731689,9,777.5,177.0,3.0297565668168893,False,True,True,False,2,2,0,6,0,2,720,689,"[false, false, false]",50,2,0,Starfield Stage - 1
1005,2025-09-28T18:05:17.740862,9,775.0,174.5,3.0350971840792678,False,True,True,False,2,2,0,6,0,2,720,689,"[false, false, false]",50,2,0,Starfield Stage - 1
1006,2025-09-28T18:05:17.750020,9,772.5,172.0,3.040392168883669,False,True,True,False,3,2,0,6,0,2,720,689,"[true, false, false]",50,2,0,Starfield Stage - 1
1007,2025-09-28T18:05:17.759067,9,770.0,169.5,3.0456418104706473,False,True,True,False,3,2,0,6,0,2,720,689,"[true, false, false]",50,2,0,Starfield Stage - 1
1008,2025-09-28T18:05:17.768069,9,767.5,167.0,3.050846403145459,False,True,True,False,3,2,0,6,0,2,720,689,"[true, false, false]",50,2,0,Starfield Stage - 1
1009,2025-09-28T18:05:17.777406,9,765.0,164.5,3.0560062459466457,False,True,True,False,3,2,0,6,0,2,720,689,"[true, false, false]",50,2,0,Starfield Stage - 1
1010,2025-09-28T18:05:17.822881,9,762.5,162.0,3.0611216423243324,False,True,True,False,2,1,0,6,0,2,720,689,"[true, false, false]",60,2,0,Starfield Stage - 1
1011,2025-09-28T18:05:17.824695,38,760.0,159.5,3.0661928998282004,False,True,True,False,2,1,0,6,0,2,720,689,"[true, false, false]",60,2,0,Starfield Stage - 1
1012,2025-09-28T18:05:17.832189,8,757.5,157.0,3.071220329805041,False,True,True,False,2,1,0,6,0,2,720,689,"[false, false, false]",60,2,0,Starfield Stage - 1
1013,2025-09-28T18:05:17.839705,8,755.0,154.5,3.07620424710581,False,True,True,False,2,1,0,6,0,2,720,689,"[false, false, false]",60,2,0,Starfield Stage - 1
1014,2025-09-28T18:05:17.848345,8,752.5,152.0,3.077435017316387,False,True,True,False,2,1,0,6,0,2,718,689,"[false, false, false]",60,2,0,Starfield Stage - 1
1015,2025-09-28T18:05:17.856742,9,750.0,149.5,3.0748396127593187,False,True,True,False,2,1,0,6,0,2,714,688,"[false, false, false]",60,2,0,Starfield Stage - 1
1016,2025-09-28T18:05:17.866852,10,747.5,147.0,3.0384155675205196,False,True,True,False,2,1,0,6,0,2,692,683,"[false, false, false]",60,2,0,Starfield Stage - 1
1017,2025-09-28T18:05:17.875696,9,745.0,144.5,3.0108867051711994,False,True,True,False,2,1,0,6,0,2,675,677,"[false, false, false]",60,2,0,Starfield Stage - 1
1018,2025-09-28T18:05:17.884376,8,742.5,142.0,2.973368482258173,False,True,True,False,2,1,0,6,0,2,653,669,"[false, false, false]",60,2,0,Starfield Stage - 1
1019,2025-09-28T18:05:17.892218,8,740.0,142.0,2.9268107585154692,False,True,False,False,2,1,0,6,0,2,627,660,"[false, false, false]",60,2,0,Starfield Stage - 1
1020,2025-09-28T18:05:17.899964,8,737.5,142.0,2.872076198188983,False,True,False,False,2,1,0,6,0,2,598,647,"[false, false, false]",60,2,0,Starfield Stage - 1
1021,2025-09-28T18:05:17.908973,9,735.0,142.0,2.8100981932063216,False,True,False,False,2,1,0,6,0,2,566,633,"[false, false, false]",60,2,0,Starfield Stage - 1
1022,2025-09-28T18:05:17.917659,9,732.5,142.0,2.7403908874569103,False,True,False,False,2,1,0,6,0,2,531,617,"[false, false, false]",60,2,0,Starfield Stage - 1
1023,2025-09-28T18:05:17.926868,9,730.0,142.0,2.670132703528886,False,True,False,False,2,1,0,6,0,2,496,601,"[false, false, false]",60,2,0,Starfield Stage - 1
1024,2025-09-28T18:05:17.935519,9,727.5,142.0,2.5983562593613647,False,True,False,False,2,1,0,6,0,2,460,585,"[false, false, false]",60,2,0,Starfield Stage - 1
1025,2025-09-28T18:05:17.944082,8,725.0,142.0,2.532429187929021,False,True,False,False,2,1,0,6,0,2,425,572,"[false, false, false]",60,2,0,Starfield Stage - 1
1026,2025-09-28T18:05:17.953435,9,722.5,142.0,2.4696294819995614,False,True,False,False,2,1,0,6,0,2,390,560,"[false, false, false]",60,2,0,Starfield Stage - 1
1027,2025-09-28T18:05:17.961299,8,720.0,142.0,2.4108275694317043,False,True,False,False,2,1,0,6,0,2,357,547,"[false, false, false]",60,2,0,Starfield Stage - 1
1028,2025-09-28T18:05:17.969800,9,717.5,142.0,2.358111420751691,False,True,False,False,2,1,0,6,0,2,327,534,"[false, false, false]",60,2,0,Starfield Stage - 1
1029,2025-09-28T18:05:17.979056,9,715.0,142.0,2.265083237641977,False,True,False,False,2,1,0,6,0,2,279,505,"[false, false, false]",60,2,0,Starfield Stage - 1
1030,2025-09-28T18:05:17.988011,9,712.5,142.0,2.231609451941337,False,True,False,False,2,1,0,6,0,2,261,493,"[false, false, false]",60,2,0,Starfield Stage - 1
1031,2025-09-28T18:05:17.996759,9,710.0,142.0,2.2042002857089713,False,True,False,False,2,1,0,6,0,2,247,482,"[false, false, false]",60,2,0,Starfield Stage - 1
1032,2025-09-28T18:05:18.006517,9,707.5,142.0,2.1824488768063124,False,True,False,False,2,1,0,6,0,2,237,472,"[false, false, false]",60,2,0,Starfield Stage - 1
1033,2025-09-28T18:05:18.014343,8,705.0,142.0,2.1665319806397276,False,True,False,False,2,1,0,6,0,2,230,464,"[false, false, false]",60,2,0,Starfield Stage - 1
1034,2025-09-28T18:05:18.022938,9,702.5,142.0,2.1524898657881026,False,True,False,False,2,1,0,6,0,2,225,456,"[false, false, false]",60,2,0,Starfield Stage - 1
1035,2025-09-28T18:05:18.032989,10,700.0,144.5,2.1419218636443604,False,True,False,True,2,1,0,6,0,2,223,451,"[false, false, false]",60,2,0,Starfield Stage - 1
1036,2025-09-28T18:05:18.042062,9,697.5,147.0,2.1330811291374436,False,True,False,True,3,1,0,6,0,2,223,446,"[true, false, false]",60,2,0,Starfield Stage - 1
1037,2025-09-28T18:05:18.050774,9,695.0,149.5,2.130157039155121,False,True,False,True,3,1,0,6,0,2,223,445,"[true, false, false]",60,2,0,Starfield Stage - 1
1038,2025-09-28T18:05:18.059423,8,692.5,152.0,2.128147562909392,False,True,False,True,3,1,0,6,0,2,224,444,"[true, false, false]",60,2,0,Starfield Stage - 1
1039,2025-09-28T18:05:18.068086,9,690.0,154.5,2.1261026758328443,False,True,False,True,3,1,0,6,0,2,225,443,"[true, false, false]",60,2,0,Starfield Stage - 1
1040,2025-09-28T18:05:18.077162,9,687.5,157.0,2.126560295806058,False,True,False,True,3,1,0,6,0,2,227,443,"[true, false, false]",60,2,0,Starfield Stage - 1
1041,2025-09-28T18:05:18.085338,8,685.0,159.5,2.1244632563709223,False,True,False,True,3,1,0,6,0,2,228,442,"[true, false, false]",60,2,0,Starfield Stage - 1
1042,2025-09-28T18:05:18.093499,9,682.5,162.0,2.123926325154961,False,True,False,True,3,1,0,6,0,2,229,442,"[true, false, false]",60,2,0,Starfield Stage - 1
1043,2025-09-28T18:05:18.102686,9,680.0,164.5,2.1233806770856107,False,True,False,True,3,1,0,6,0,2,230,442,"[true, false, false]",60,2,0,Starfield Stage - 1
1044,2025-09-28T18:05:18.111896,9,677.5,167.0,2.1218276736075974,False,True,False,True,3,1,0,6,0,2,230,442,"[false, false, false]",60,2,0,Starfield Stage - 1
1045,2025-09-28T18:05:18.120457,8,675.0,169.5,2.118618225167888,False,True,False,True,3,1,0,6,0,2,230,441,"[false, false, false]",60,2,0,Starfield Stage - 1
1046,2025-09-28T18:05:18.128330,8,672.5,172.0,2.113704622325059,False,True,False,True,3,1,0,6,0,2,230,439,"[false, false, false]",60,2,0,Starfield Stage - 1
1047,2025-09-28T18:05:18.137009,9,670.0,174.5,2.1026690266328694,False,True,False,True,3,1,0,6,0,2,229,434,"[false, false, false]",60,2,0,Starfield Stage - 1
1048,2025-09-28T18:05:18.147411,10,667.5,177.0,2.073943806165076,False,True,False,True,3,1,0,6,0,2,226,420,"[false, false, false]",60,2,0,Starfield Stage - 1
1049,2025-09-28T18:05:18.155580,8,665.0,179.5,2.055133740610362,False,True,False,True,3,1,0,6,0,2,225,411,"[false, false, false]",60,2,0,Starfield Stage - 1
1050,2025-09-28T18:05:18.164395,9,662.5,182.0,2.033077816426979,False,True,False,True,3,1,0,6,0,2,223,401,"[false, false, false]",60,2,0,Starfield Stage - 1
1051,2025-09-28T18:05:18.172117,8,660.0,184.5,2.010363366798252,False,True,False,True,3,1,0,6,0,2,223,390,"[false, false, false]",60,2,0,Starfield Stage - 1
1052,2025-09-28T18:05:18.180966,9,657.5,187.0,1.9868832224163937,False,True,False,True,3,1,0,6,0,2,223,379,"[false, false, false]",60,2,0,Starfield Stage - 1
1053,2025-09-28T18:05:18.190409,9,655.0,189.5,1.962280306836045,False,True,False,True,3,1,0,6,0,2,225,367,"[false, false, false]",60,2,0,Starfield Stage - 1
1054,2025-09-28T18:05:18.198655,9,652.5,192.0,1.9374175436329757,False,True,False,True,3,1,0,6,0,2,228,355,"[false, false, false]",60,2,0,Starfield Stage - 1
1055,2025-09-28T18:05:18.207867,9,650.0,194.5,1.9121522120487435,False,True,False,True,2,1,0,6,0,2,232,343,"[false, false, false]",60,2,0,Starfield Stage - 1
1056,2025-09-28T18:05:18.216758,9,647.5,197.0,1.8863221355194406,False,True,False,True,2,1,0,6,0,2,237,331,"[false, false, false]",60,2,0,Starfield Stage - 1
1057,2025-09-28T18:05:18.225899,9,645.0,199.5,1.8590629760050923,False,True,False,True,2,1,0,6,0,2,242,319,"[false, false, false]",60,2,0,Starfield Stage - 1
1058,2025-09-28T18:05:18.235267,9,642.5,202.0,1.8124497301102906,False,True,False,True,2,1,0,6,0,2,253,298,"[false, false, false]",60,2,0,Starfield Stage - 1
1059,2025-09-28T18:05:18.243381,8,640.0,204.5,1.791548602988098,False,True,False,True,2,1,0,6,0,2,259,290,"[false, false, false]",60,2,0,Starfield Stage - 1
1060,2025-09-28T18:05:18.251343,8,637.5,207.0,1.7715363557802488,False,True,False,True,2,1,0,6,0,2,264,283,"[false, false, false]",60,2,0,Starfield Stage - 1
1061,2025-09-28T18:05:18.258943,8,635.0,209.5,1.7558143254703866,False,True,False,True,3,1,0,6,0,2,269,278,"[true, false, false]",60,2,0,Starfield Stage - 1
1062,2025-09-28T18:05:18.268089,9,632.5,212.0,1.741578112719403,False,True,False,True,3,1,0,6,0,2,273,274,"[true, false, false]",60,2,0,Starfield Stage - 1
1063,2025-09-28T18:05:18.276993,9,630.0,214.5,1.732267705225431,False,True,False,True,3,1,0,6,0,2,277,272,"[true, false, false]",60,2,0,Starfield Stage - 1
1064,2025-09-28T18:05:18.286600,10,627.5,217.0,1.7217202174545916,False,True,False,True,3,1,0,6,0,2,279,270,"[true, false, false]",60,2,0,Starfield Stage - 1
1065,2025-09-28T18:05:18.295694,8,625.0,219.5,1.713710675046098,False,True,False,True,3,1,0,6,0,2,281,269,"[true, false, false]",60,2,0,Starfield Stage - 1
1066,2025-09-28T18:05:18.304521,9,622.5,222.0,1.7021934584499703,False,True,False,True,3,1,0,6,0,2,282,267,"[true, false, false]",60,2,0,Starfield Stage - 1
1067,2025-09-28T18:05:18.312000,8,620.0,224.5,1.6904007632543043,False,True,False,True,3,1,0,6,0,2,283,265,"[false, false, false]",60,2,0,Starfield Stage - 1
1068,2025-09-28T18:05:18.320674,9,617.5,227.0,1.6780069835755063,False,True,False,True,3,1,0,6,0,2,283,263,"[false, false, false]",60,2,0,Starfield Stage - 1
1069,2025-09-28T18:05:18.329375,9,615.0,229.5,1.6591542546222868,False,True,False,True,3,1,0,6,0,2,282,259,"[false, false, false]",60,2,0,Starfield Stage - 1
1070,2025-09-28T18:05:18.337949,8,612.5,232.0,1.6243962046373361,False,True,False,True,3,1,0,6,0,2,277,250,"[false, false, false]",60,2,0,Starfield Stage - 1
1071,2025-09-28T18:05:18.346860,9,610.0,234.5,1.602036160225165,False,True,False,True,3,2,0,7,0,2,274,245,"[false, false, false]",60,2,0,Starfield Stage - 1
1072,2025-09-28T18:05:18.355425,8,607.5,237.0,1.5797113952083708,False,True,False,True,3,2,0,7,0,2,271,240,"[false, false, false]",60,2,0,Starfield Stage - 1
1073,2025-09-28T18:05:18.363272,8,605.0,239.5,1.5544287409462676,False,True,False,True,3,2,0,7,0,2,269,234,"[false, false, false]",60,2,0,Starfield Stage - 1
1074,2025-09-28T18:05:18.371550,9,602.5,242.0,1.5319518998263362,False,True,False,True,3,2,0,7,0,2,268,229,"[false, false, false]",60,2,0,Starfield Stage - 1
1075,2025-09-28T18:05:18.380171,8,600.0,244.5,1.5124792929935318,False,True,False,True,3,2,0,7,0,2,266,225,"[false, false, false]",60,2,0,Starfield Stage - 1
1076,2025-09-28T18:05:18.387726,8,597.5,247.0,1.498740839067267,False,True,False,True,3,2,0,7,0,2,265,223,"[false, false, false]",60,2,0,Starfield Stage - 1
1077,2025-09-28T18:05:18.396829,9,595.0,249.5,1.484646454116108,False,True,False,True,3,2,0,7,0,2,265,221,"[false, false, false]",60,2,0,Starfield Stage - 1
1078,2025-09-28T18:05:18.405518,8,592.5,252.0,1.476706627278358,False,True,False,True,3,2,0,7,0,2,264,221,"[false, false, false]",60,2,0,Starfield Stage - 1
1079,2025-09-28T18:05:18.413656,8,590.0,254.5,1.4653605505050826,False,True,False,True,2,2,0,7,0,2,264,220,"[false, false, false]",60,2,0,Starfield Stage - 1
1080,2025-09-28T18:05:18.421858,9,587.5,257.0,1.4569171394936133,False,True,False,True,2,2,0,7,0,2,264,220,"[false, false, false]",60,2,0,Starfield Stage - 1
1081,2025-09-28T18:05:18.431493,9,585.0,259.5,1.4483588754395875,False,True,False,True,3,2,0,7,0,2,264,220,"[true, false, false]",60,2,0,Starfield Stage - 1
1082,2025-09-28T18:05:18.439558,9,582.5,262.0,1.43968467831235,False,True,False,True,3,2,0,7,0,2,264,220,"[true, false, false]",60,2,0,Starfield Stage - 1
1083,2025-09-28T18:05:18.449343,9,580.0,264.5,1.4313291326615032,False,True,False,True,3,2,0,8,0,2,263,220,"[true, false, false]",60,2,0,Starfield Stage - 1
1084,2025-09-28T18:05:18.456901,8,577.5,267.0,1.4260161575356438,False,True,False,True,3,2,0,8,0,2,262,221,"[true, false, false]",60,2,0,Starfield Stage - 1
1085,2025-09-28T18:05:18.466101,9,575.0,269.5,1.4282368744072862,False,True,False,True,3,2,0,8,0,2,258,224,"[true, false, false]",60,2,0,Starfield Stage - 1
1086,2025-09-28T18:05:18.475463,9,572.5,269.5,1.4346361907167722,False,True,False,False,3,2,0,8,0,2,255,226,"[true, false, false]",60,2,0,Starfield Stage - 1
1087,2025-09-28T18:05:18.482917,8,570.0,269.5,1.4437244749700733,False,True,False,False,3,2,0,8,0,2,253,229,"[true, false, false]",60,2,0,Starfield Stage - 1
1088,2025-09-28T18:05:18.492202,9,567.5,269.5,1.449368153159076,False,True,False,False,3,2,0,8,0,2,252,231,"[true, false, false]",60,2,0,Starfield Stage - 1
1089,2025-09-28T18:05:18.499934,8,565.0,269.5,1.455437764670932,False,True,False,False,3,2,0,8,0,2,250,233,"[false, false, false]",60,2,0,Starfield Stage - 1
1090,2025-09-28T18:05:18.509092,9,562.5,269.5,1.46118952540273,False,True,False,False,3,2,0,8,0,2,249,235,"[false, false, false]",60,2,0,Starfield Stage - 1
1091,2025-09-28T18:05:18.517697,8,560.0,269.5,1.4603155658273925,False,True,False,False,3,2,0,8,0,2,249,235,"[false, false, false]",60,2,0,Starfield Stage - 1
1092,2025-09-28T18:05:18.525528,8,557.5,269.5,1.4629769837777404,False,True,False,False,3,2,0,8,0,2,248,236,"[false, false, false]",60,2,0,Starfield Stage - 1
1093,2025-09-28T18:05:18.534048,9,555.0,269.5,1.4656658812254084,False,True,False,False,3,2,0,8,0,2,247,237,"[false, false, false]",60,2,0,Starfield Stage - 1
1094,2025-09-28T18:05:18.542951,9,552.5,269.5,1.4648119688052967,False,True,False,False,3,2,0,8,0,2,247,237,"[false, false, false]",60,2,0,Starfield Stage - 1
1095,2025-09-28T18:05:18.552535,9,550.0,269.5,1.467546377552166,False,True,False,False,3,2,0,9,0,2,246,238,"[false, false, false]",60,2,0,Starfield Stage - 1
1096,2025-09-28T18:05:18.560386,8,550.0,269.5,1.4678825128900075,True,True,False,False,3,2,0,9,0,2,245,238,"[false, false, false]",60,2,0,Starfield Stage - 1
1097,2025-09-28T18:05:18.567662,8,550.0,269.5,1.4678825128900075,True,True,False,False,3,2,0,9,0,2,245,238,"[false, false, false]",60,2,0,Starfield Stage - 1
1098,2025-09-28T18:05:18.577144,9,550.0,269.5,1.4678825128900075,True,True,False,False,3,2,0,9,0,2,245,238,"[false, false, false]",60,2,0,Starfield Stage - 1
1099,2025-09-28T18:05:18.585512,9,550.0,269.5,1.468216474376602,True,True,False,False,3,2,0,9,0,2,244,238,"[false, false, false]",60,2,0,Starfield Stage - 1
1100,2025-09-28T18:05:18.595157,9,550.0,269.5,1.452459313760294,True,True,False,False,3,2,0,9,0,2,243,233,"[false, false, false]",60,2,0,Starfield Stage - 1
1101,2025-09-28T18:05:18.603222,8,550.0,269.5,1.4400529184584325,True,True,False,False,3,2,0,9,0,2,242,229,"[false, false, false]",60,2,0,Starfield Stage - 1
1102,2025-09-28T18:05:18.611134,8,550.0,269.5,1.4277667698436438,True,True,False,False,3,2,0,9,0,2,241,225,"[false, false, false]",60,2,0,Starfield Stage - 1
1103,2025-09-28T18:05:18.619804,9,552.5,269.5,1.4208958859420844,True,False,False,False,3,2,0,9,0,2,238,222,"[false, false, false]",60,2,0,Starfield Stage - 1
1104,2025-09-28T18:05:18.629082,9,555.0,269.5,1.4137920353476818,True,False,False,False,4,2,0,9,0,2,236,219,"[true, false, false]",60,2,0,Starfield Stage - 1
1105,2025-09-28T18:05:18.637956,9,557.5,269.5,1.4099114810778863,True,False,False,False,4,2,0,9,0,2,234,217,"[true, false, false]",60,2,0,Starfield Stage - 1
1106,2025-09-28T18:05:18.646926,9,560.0,269.5,1.406142086917234,True,False,False,False,4,2,0,9,0,2,232,215,"[true, false, false]",60,2,0,Starfield Stage - 1
1107,2025-09-28T18:05:18.656217,9,562.5,269.5,1.4024792466265266,True,False,False,False,4,2,0,9,0,2,230,213,"[true, false, false]",60,2,0,Starfield Stage - 1
1108,2025-09-28T18:05:18.664726,8,565.0,269.5,1.3989185992999242,True,False,False,False,4,2,0,9,0,2,228,211,"[true, false, false]",60,2,0,Starfield Stage - 1
1109,2025-09-28T18:05:18.673907,9,567.5,269.5,1.3926182990781286,True,False,False,False,4,2,0,9,0,2,226,208,"[true, false, false]",60,2,0,Starfield Stage - 1
1110,2025-09-28T18:05:18.720584,9,570.0,269.5,1.3764419519291713,True,False,False,False,3,1,0,9,0,2,222,201,"[false, false, false]",70,2,0,Starfield Stage - 1
1111,2025-09-28T18:05:18.722001,40,572.5,269.5,1.3104543743159098,True,False,False,False,3,1,0,9,0,2,214,174,"[false, false, false]",70,2,0,Starfield Stage - 1
1112,2025-09-28T18:05:18.730988,9,575.0,269.5,1.3007021729029788,True,False,False,False,3,1,0,9,0,2,212,169,"[false, false, false]",70,2,0,Starfield Stage - 1
1113,2025-09-28T18:05:18.740072,9,577.5,269.5,1.2937549809850957,True,False,False,False,3,1,0,9,0,2,210,165,"[false, false, false]",70,2,0,Starfield Stage - 1
1114,2025-09-28T18:05:18.748968,9,580.0,269.5,1.2862778424868995,True,False,False,False,3,1,0,9,0,2,209,161,"[false, false, false]",70,2,0,Starfield Stage - 1
1115,2025-09-28T18:05:18.757804,9,582.5,269.5,1.2863358585688922,True,False,False,False,3,1,0,9,0,2,208,160,"[false, false, false]",70,2,0,Starfield Stage - 1
1116,2025-09-28T18:05:18.766584,9,585.0,269.5,1.2863928021930158,True,False,False,False,3,1,0,9,0,2,207,159,"[false, false, false]",70,2,0,Starfield Stage - 1
1117,2025-09-28T18:05:18.775134,8,587.5,269.5,1.286448702823996,True,False,False,False,3,1,0,9,0,2,206,158,"[false, false, false]",70,2,0,Starfield Stage - 1
1118,2025-09-28T18:05:18.783673,9,590.0,269.5,1.2888983282826585,True,False,False,False,3,1,0,9,0,2,205,158,"[false, false, false]",70,2,0,Starfield Stage - 1
1119,2025-09-28T18:05:18.792521,9,592.5,269.5,1.289616784170918,True,False,False,False,3,1,0,9,0,2,203,157,"[false, false, false]",70,2,0,Starfield Stage - 1
1120,2025-09-28T18:05:18.801807,9,595.0,269.5,1.2926642842816785,True,False,False,False,4,1,0,9,0,2,201,157,"[true, false, false]",70,2,0,Starfield Stage - 1
1121,2025-09-28T18:05:18.811167,9,597.5,269.5,1.291670358276974,True,False,False,False,4,1,0,9,0,2,198,155,"[true, false, false]",70,2,0,Starfield Stage - 1
1122,2025-09-28T18:05:18.818658,8,600.0,269.5,1.2946229321680962,True,False,False,False,4,1,0,9,0,2,196,155,"[true, false, false]",70,2,0,Starfield Stage - 1
1123,2025-09-28T18:05:18.827765,9,602.5,269.5,1.2975152431084214,True,False,False,False,4,1,0,9,0,2,194,155,"[true, false, false]",70,2,0,Starfield Stage - 1
1124,2025-09-28T18:05:18.837450,9,605.0,269.5,1.3019788651087774,True,False,False,False,4,1,0,9,0,2,193,156,"[true, false, false]",70,2,0,Starfield Stage - 1
1125,2025-09-28T18:05:18.845381,8,607.5,269.5,1.306378016419889,True,False,False,False,4,1,0,9,0,2,192,157,"[true, false, false]",70,2,0,Starfield Stage - 1
1126,2025-09-28T18:05:18.853096,8,610.0,269.5,1.3129440396054586,True,False,False,False,4,1,0,9,0,2,191,159,"[true, false, false]",70,2,0,Starfield Stage - 1
1127,2025-09-28T18:05:18.861896,9,612.5,269.5,1.3166282815731858,True,False,False,False,4,1,0,9,0,2,191,160,"[true, false, false]",70,2,0,Starfield Stage - 1
1128,2025-09-28T18:05:18.871073,9,615.0,269.5,1.3202760190940737,True,False,False,False,4,1,0,9,0,2,191,161,"[true, false, false]",70,2,0,Starfield Stage - 1
1129,2025-09-28T18:05:18.879657,9,617.5,269.5,1.3266434273118846,True,False,False,False,4,1,0,9,0,2,190,163,"[true, false, false]",70,2,0,Starfield Stage - 1
1130,2025-09-28T18:05:18.889237,9,620.0,269.5,1.3367911600792253,True,False,False,False,4,1,0,9,0,2,190,167,"[false, false, false]",70,2,0,Starfield Stage - 1
1131,2025-09-28T18:05:18.897458,8,622.5,269.5,1.351761035840262,True,False,False,False,4,1,0,9,0,2,189,173,"[false, false, false]",70,2,0,Starfield Stage - 1
1132,2025-09-28T18:05:18.905700,9,625.0,269.5,1.3687844005295584,True,False,False,False,4,1,0,9,0,2,188,180,"[false, false, false]",70,2,0,Starfield Stage - 1
1133,2025-09-28T18:05:18.913995,8,627.5,269.5,1.4102423606597505,True,False,False,False,4,1,0,9,0,2,186,198,"[false, false, false]",70,2,0,Starfield Stage - 1
1134,2025-09-28T18:05:18.922458,8,630.0,269.5,1.4312596139915073,True,False,False,False,4,1,0,9,0,2,185,207,"[false, false, false]",70,2,0,Starfield Stage - 1
1135,2025-09-28T18:05:18.929895,8,632.5,269.5,1.4320291524242676,True,False,False,False,4,1,0,9,0,2,185,207,"[false, false, false]",70,2,0,Starfield Stage - 1
1136,2025-09-28T18:05:18.938471,9,635.0,269.5,1.4768387599320838,True,False,False,False,4,1,0,9,0,2,184,227,"[false, false, false]",70,2,0,Starfield Stage - 1
1137,2025-09-28T18:05:18.947995,9,637.5,269.5,1.497060351311804,True,False,False,False,4,1,0,9,0,2,184,236,"[false, false, false]",70,2,0,Starfield Stage - 1
1138,2025-09-28T18:05:18.956686,9,640.0,269.5,1.5126202888496145,True,False,False,False,3,1,0,9,0,2,185,243,"[false, false, false]",70,2,0,Starfield Stage - 1
1139,2025-09-28T18:05:18.965695,9,642.5,269.5,1.5259195768563418,True,False,False,False,3,1,0,9,0,2,186,249,"[false, false, false]",70,2,0,Starfield Stage - 1
1140,2025-09-28T18:05:18.974102,8,645.0,269.5,1.5368924742561216,True,False,False,False,3,1,0,9,0,2,188,254,"[false, false, false]",70,2,0,Starfield Stage - 1
1141,2025-09-28T18:05:18.983164,9,647.5,269.5,1.5457197959884628,True,False,False,False,3,1,0,9,0,2,189,258,"[false, false, false]",70,2,0,Starfield Stage - 1
1142,2025-09-28T18:05:18.990945,8,650.0,269.5,1.5501470882660147,True,False,False,False,3,1,0,9,0,2,190,260,"[false, false, false]",70,2,0,Starfield Stage - 1
1143,2025-09-28T18:05:19.000401,9,652.5,272.0,1.5513393230190105,True,False,False,True,3,1,0,9,0,2,190,263,"[false, false, false]",70,2,0,Starfield Stage - 1
1144,2025-09-28T18:05:19.008892,9,655.0,274.5,1.5503250489980367,True,False,False,True,3,1,0,9,0,2,191,265,"[false, false, false]",70,2,0,Starfield Stage - 1
1145,2025-09-28T18:05:19.017919,9,657.5,277.0,1.5536490258199454,True,False,False,True,3,1,0,9,0,2,191,269,"[false, false, false]",70,2,0,Starfield Stage - 1
1146,2025-09-28T18:05:19.026608,8,660.0,279.5,1.552635930328825,True,False,False,True,3,1,0,9,0,2,192,271,"[false, false, false]",70,2,0,Starfield Stage - 1
1147,2025-09-28T18:05:19.034908,9,662.5,282.0,1.5537585719675338,True,False,False,True,3,1,0,9,0,2,193,274,"[false, false, false]",70,2,0,Starfield Stage - 1
1148,2025-09-28T18:05:19.044104,9,665.0,284.5,1.5612424773572995,True,False,False,True,3,1,0,9,0,2,194,280,"[false, false, false]",70,2,0,Starfield Stage - 1
1149,2025-09-28T18:05:19.052620,9,667.5,287.0,1.5729172143889825,True,False,False,True,3,1,0,9,0,2,196,288,"[false, false, false]",70,2,0,Starfield Stage - 1
1150,2025-09-28T18:05:19.061910,9,670.0,289.5,1.590963443656545,True,False,False,True,4,1,0,9,0,2,199,299,"[true, false, false]",70,2,0,Starfield Stage - 1
1151,2025-09-28T18:05:19.071017,9,672.5,292.0,1.615400092323577,True,False,False,True,4,1,0,9,0,2,202,313,"[true, false, false]",70,2,0,Starfield Stage - 1
1152,2025-09-28T18:05:19.079525,8,675.0,294.5,1.6463452264200389,True,False,False,True,4,1,0,9,0,2,206,330,"[true, false, false]",70,2,0,Starfield Stage - 1
1153,2025-09-28T18:05:19.087836,9,677.5,297.0,1.6818064476130061,True,False,False,True,4,1,0,9,0,2,211,349,"[true, false, false]",70,2,0,Starfield Stage - 1
1154,2025-09-28T18:05:19.097133,9,677.5,299.5,1.7223871098645025,True,True,False,True,3,1,0,9,0,2,216,370,"[true, false, false]",70,2,0,Starfield Stage - 1
1155,2025-09-28T18:05:19.107130,10,677.5,302.0,1.8201997398060719,True,True,False,True,3,1,0,9,0,2,226,417,"[true, false, false]",70,2,0,Starfield Stage - 1
1156,2025-09-28T18:05:19.116209,9,677.5,304.5,1.8674843793275506,True,True,False,True,3,1,0,9,0,2,231,441,"[true, false, false]",70,2,0,Starfield Stage - 1
1157,2025-09-28T18:05:19.124005,8,677.5,307.0,1.911032170350812,True,True,False,True,3,1,0,9,0,2,234,464,"[true, false, false]",70,2,0,Starfield Stage - 1
1158,2025-09-28T18:05:19.132513,9,677.5,309.5,1.9479713425293534,True,True,False,True,3,1,0,9,0,2,237,484,"[true, false, false]",70,2,0,Starfield Stage - 1
1159,2025-09-28T18:05:19.141796,9,677.5,312.0,1.9788418116606332,True,True,False,True,3,1,0,9,0,2,238,502,"[true, false, false]",70,2,0,Starfield Stage - 1
1160,2025-09-28T18:05:19.150718,9,677.5,314.5,2.0015397287666024,True,True,False,True,3,1,0,9,0,2,239,516,"[true, false, false]",70,2,0,Starfield Stage - 1
1161,2025-09-28T18:05:19.160127,9,677.5,317.0,2.0183163019520665,True,True,False,True,3,1,0,9,0,2,240,527,"[true, false, false]",70,2,0,Starfield Stage - 1
1162,2025-09-28T18:05:19.169036,9,677.5,317.0,2.0339856406857173,True,True,False,False,3,1,0,9,0,2,241,535,"[false, false, false]",70,2,0,Starfield Stage - 1
1163,2025-09-28T18:05:19.177980,9,677.5,317.0,2.049552676156233,True,True,False,False,3,1,0,9,0,2,244,542,"[false, false, false]",70,2,0,Starfield Stage - 1
1164,2025-09-28T18:05:19.187496,9,675.0,317.0,2.054698992232865,False,True,False,False,3,1,0,9,0,2,245,543,"[false, false, false]",70,2,0,Starfield Stage - 1
1165,2025-09-28T18:05:19.195860,9,672.5,317.0,2.057104256196985,False,True,False,False,3,1,0,9,0,2,245,543,"[false, false, false]",70,2,0,Starfield Stage - 1
1166,2025-09-28T18:05:19.204625,9,670.0,317.0,2.060508795071148,False,True,False,False,3,1,0,9,0,2,246,543,"[false, false, false]",70,2,0,Starfield Stage - 1
1167,2025-09-28T18:05:19.214074,9,667.5,317.0,2.062967535416541,False,True,False,False,3,1,0,9,0,2,246,543,"[false, false, false]",70,2,0,Starfield Stage - 1
1168,2025-09-28T18:05:19.222595,9,665.0,317.0,2.0664480703294252,False,True,False,False,3,1,0,9,0,2,247,543,"[false, false, false]",70,2,0,Starfield Stage - 1
1169,2025-09-28T18:05:19.232259,9,662.5,317.0,2.0689619134467954,False,True,False,False,3,1,0,9,0,2,247,543,"[false, false, false]",70,2,0,Starfield Stage - 1
1170,2025-09-28T18:05:19.240223,8,660.0,317.0,2.0714992097049874,False,True,False,False,3,1,0,9,0,2,247,543,"[false, false, false]",70,2,0,Starfield Stage - 1
1171,2025-09-28T18:05:19.248114,8,657.5,317.0,2.0740602557233645,False,True,False,False,3,1,0,9,0,2,247,543,"[false, false, false]",70,2,0,Starfield Stage - 1
1172,2025-09-28T18:05:19.256975,9,655.0,317.0,2.0766453524538715,False,True,False,False,3,1,0,9,0,2,247,543,"[false, false, false]",70,2,0,Starfield Stage - 1
1173,2025-09-28T18:05:19.267132,10,652.5,317.0,2.080305475296594,False,True,False,False,3,1,0,9,0,2,248,543,"[false, false, false]",70,2,0,Starfield Stage - 1
1174,2025-09-28T18:05:19.276051,9,650.0,317.0,2.0829495480360865,False,True,False,False,3,1,0,9,0,2,248,543,"[true, false, false]",70,2,0,Starfield Stage - 1
1175,2025-09-28T18:05:19.286028,9,647.5,317.0,2.086693501613359,False,True,False,False,3,1,0,9,0,2,249,543,"[true, false, false]",70,2,0,Starfield Stage - 1
1176,2025-09-28T18:05:19.294094,9,645.0,317.0,2.0893983714541893,False,True,False,False,3,1,0,9,0,2,249,543,"[true, false, false]",70,2,0,Starfield Stage - 1
1177,2025-09-28T18:05:19.303451,9,642.5,317.0,2.0921291260896866,False,True,False,False,3,1,0,9,0,2,249,543,"[true, false, false]",70,2,0,Starfield Stage - 1
1178,2025-09-28T18:05:19.311674,9,640.0,317.0,2.0948860975537302,False,True,False,False,3,1,0,9,0,2,249,543,"[true, false, false]",70,2,0,Starfield Stage - 1
1179,2025-09-28T18:05:19.320187,8,637.5,317.0,2.097669622691935,False,True,False,False,3,1,0,9,0,2,249,543,"[true, false, false]",70,2,0,Starfield Stage - 1
1180,2025-09-28T18:05:19.328273,8,635.0,317.0,2.100480043223754,False,True,False,False,3,1,0,9,0,2,249,543,"[true, false, false]",70,2,0,Starfield Stage - 1
1181,2025-09-28T18:05:19.336044,8,632.5,314.5,2.108142459869263,False,True,True,False,3,1,0,9,0,2,249,543,"[true, false, false]",70,2,0,Starfield Stage - 1
1182,2025-09-28T18:05:19.345270,9,630.0,312.0,2.1158347318625372,False,True,True,False,3,1,0,9,0,2,249,543,"[true, false, false]",70,2,0,Starfield Stage - 1
1183,2025-09-28T18:05:19.354569,9,627.5,309.5,2.1235561184784104,False,True,True,False,3,1,0,9,0,2,249,543,"[false, false, false]",70,2,0,Starfield Stage - 1
1184,2025-09-28T18:05:19.362344,8,625.0,307.0,2.131305859490302,False,True,True,False,3,1,0,9,0,2,249,543,"[false, false, false]",70,2,0,Starfield Stage - 1
1185,2025-09-28T18:05:19.370930,9,622.5,304.5,2.1390831754574395,False,True,True,False,3,1,0,9,0,2,249,543,"[false, false, false]",70,2,0,Starfield Stage - 1
1186,2025-09-28T18:05:19.380042,9,620.0,302.0,2.1456582599760305,False,True,True,False,3,1,0,9,0,2,248,543,"[false, false, false]",70,2,0,Starfield Stage - 1
1187,2025-09-28T18:05:19.389543,9,617.5,299.5,2.1491087053692937,False,True,True,False,3,2,0,9,0,2,246,542,"[false, false, false]",70,2,0,Starfield Stage - 1
1188,2025-09-28T18:05:19.398267,9,615.0,297.0,2.1500872652333376,False,True,True,False,3,2,0,9,0,2,242,541,"[false, false, false]",70,2,0,Starfield Stage - 1
1189,2025-09-28T18:05:19.406455,8,612.5,294.5,2.1491868232818243,False,True,True,False,3,2,0,9,0,2,238,539,"[false, false, false]",70,2,0,Starfield Stage - 1
1190,2025-09-28T18:05:19.414757,9,610.0,292.0,2.145868616527287,False,True,True,False,3,2,0,9,0,2,232,537,"[false, false, false]",70,2,0,Starfield Stage - 1
1191,2025-09-28T18:05:19.423885,9,607.5,289.5,2.144448770414332,False,True,True,False,3,2,0,9,0,2,226,536,"[false, false, false]",70,2,0,Starfield Stage - 1
1192,2025-09-28T18:05:19.432687,9,605.0,287.0,2.14488573258689,False,True,True,False,3,2,0,9,0,2,220,536,"[false, false, false]",70,2,0,Starfield Stage - 1
1193,2025-09-28T18:05:19.441975,9,602.5,284.5,2.1484656695606854,False,True,True,False,3,2,0,9,0,2,209,541,"[false, false, false]",70,2,0,Starfield Stage - 1
1194,2025-09-28T18:05:19.450987,9,600.0,282.0,2.162287288285893,False,True,True,False,3,2,0,9,0,2,204,548,"[false, false, false]",70,2,0,Starfield Stage - 1
1195,2025-09-28T18:05:19.459681,8,597.5,279.5,2.1790760708420804,False,True,True,False,3,2,0,9,0,2,199,557,"[false, false, false]",70,2,0,Starfield Stage - 1
1196,2025-09-28T18:05:19.467971,9,595.0,277.0,2.2001854692250564,False,True,True,False,3,2,0,9,0,2,194,569,"[false, false, false]",70,2,0,Starfield Stage - 1
1197,2025-09-28T18:05:19.477075,9,592.5,274.5,2.2200365374297597,False,True,True,False,3,2,0,9,0,2,190,580,"[true, false, false]",70,2,0,Starfield Stage - 1
1198,2025-09-28T18:05:19.486342,9,590.0,272.0,2.2418954034805996,False,True,True,False,3,2,0,9,0,2,187,592,"[true, false, false]",70,2,0,Starfield Stage - 1
1199,2025-09-28T18:05:19.494266,8,587.5,269.5,2.2612427838495885,False,True,True,False,3,2,0,9,0,2,185,602,"[true, false, false]",70,2,0,Starfield Stage - 1
1200,2025-09-28T18:05:19.502779,9,585.0,267.0,2.275723478926884,False,True,True,False,3,2,0,9,0,2,183,609,"[true, false, false]",70,2,0,Starfield Stage - 1
1201,2025-09-28T18:05:19.511873,9,582.5,264.5,2.2897147046752395,False,True,True,False,3,2,0,9,0,2,182,615,"[true, false, false]",70,2,0,Starfield Stage - 1
1202,2025-09-28T18:05:19.520923,9,580.0,262.0,2.3019431415151903,False,True,True,False,3,2,0,9,0,2,182,619,"[true, false, false]",70,2,0,Starfield Stage - 1
1203,2025-09-28T18:05:19.530397,9,577.5,259.5,2.3128006952404254,False,True,True,False,3,2,0,9,0,2,181,623,"[true, false, false]",70,2,0,Starfield Stage - 1
1204,2025-09-28T18:05:19.538312,8,575.0,257.0,2.320729734199614,False,True,True,False,3,2,0,9,0,2,181,624,"[true, false, false]",70,2,0,Starfield Stage - 1
1205,2025-09-28T18:05:19.547039,9,572.5,254.5,2.328642408944586,False,True,True,False,3,2,0,9,0,2,181,625,"[false, false, false]",70,2,0,Starfield Stage - 1
1206,2025-09-28T18:05:19.555718,9,570.0,252.0,2.33653778243424,False,True,True,False,3,2,0,9,0,2,181,626,"[false, false, false]",70,2,0,Starfield Stage - 1
1207,2025-09-28T18:05:19.564900,9,567.5,249.5,2.3430890806411266,False,True,True,False,3,2,0,9,0,2,181,626,"[false, false, false]",70,2,0,Starfield Stage - 1
1208,2025-09-28T18:05:19.574039,9,565.0,247.0,2.352262662484986,False,True,True,False,3,2,0,9,0,2,182,627,"[false, false, false]",70,2,0,Starfield Stage - 1
1209,2025-09-28T18:05:19.583431,9,562.5,244.5,2.3614369061242364,False,True,True,False,3,2,0,9,0,2,183,628,"[false, false, false]",70,2,0,Starfield Stage - 1
1210,2025-09-28T18:05:19.591727,9,560.0,242.0,2.3693170964706805,False,True,True,False,3,2,0,9,0,2,184,628,"[false, false, false]",70,2,0,Starfield Stage - 1
1211,2025-09-28T18:05:19.600408,8,557.5,239.5,2.377161273109811,False,True,True,False,3,2,0,10,0,2,184,629,"[false, false, false]",70,2,0,Starfield Stage - 1
1212,2025-09-28T18:05:19.607803,8,555.0,237.0,2.3850578632926234,False,True,True,False,3,2,0,10,0,2,185,629,"[false, false, false]",70,2,0,Starfield Stage - 1
1213,2025-09-28T18:05:19.617077,9,552.5,234.5,2.3916127434491985,False,True,True,False,3,2,0,10,0,2,185,629,"[false, false, false]",70,2,0,Starfield Stage - 1
1214,2025-09-28T18:05:19.626141,9,550.0,232.0,2.398164580196254,False,True,True,False,3,2,0,10,0,2,185,629,"[false, false, false]",70,2,0,Starfield Stage - 1
1215,2025-09-28T18:05:19.634979,9,547.5,229.5,2.404712813596943,False,True,True,False,3,2,0,10,0,2,185,629,"[false, false, false]",70,2,0,Starfield Stage - 1
1216,2025-09-28T18:05:19.644225,9,545.0,227.0,2.411256885566015,False,True,True,False,3,2,0,10,0,2,185,629,"[false, false, false]",70,2,0,Starfield Stage - 1
1217,2025-09-28T18:05:19.651785,8,542.5,224.5,2.417796240152784,False,True,True,False,3,2,0,10,0,2,185,629,"[false, false, false]",70,2,0,Starfield Stage - 1
1218,2025-09-28T18:05:19.661949,9,540.0,222.0,2.4243303238213705,False,True,True,False,4,2,0,10,0,2,185,629,"[true, false, false]",70,2,0,Starfield Stage - 1
1219,2025-09-28T18:05:19.669674,9,537.5,219.5,2.430858585727869,False,True,True,False,4,2,0,10,0,2,185,629,"[true, false, false]",70,2,0,Starfield Stage - 1
1220,2025-09-28T18:05:19.678596,9,535.0,217.0,2.4411793378208855,False,True,True,False,4,2,0,10,0,2,186,631,"[true, false, false]",70,2,0,Starfield Stage - 1
1221,2025-09-28T18:05:19.687739,9,532.5,214.5,2.4500357028216815,False,True,True,False,4,2,0,10,0,2,186,633,"[true, false, false]",70,2,0,Starfield Stage - 1
1222,2025-09-28T18:05:19.696672,9,530.0,212.0,2.4602558792868905,False,True,True,False,4,2,0,10,0,2,187,635,"[true, false, false]",70,2,0,Starfield Stage - 1
1223,2025-09-28T18:05:19.705694,8,527.5,209.5,2.4689948713940044,False,True,True,False,4,2,0,10,0,2,187,637,"[true, false, false]",70,2,0,Starfield Stage - 1
1224,2025-09-28T18:05:19.713824,9,525.0,207.0,2.477984565708488,False,True,True,False,4,2,0,10,0,2,188,638,"[true, false, false]",70,2,0,Starfield Stage - 1
1225,2025-09-28T18:05:19.722935,9,522.5,204.5,2.4869545212491575,False,True,True,False,4,2,0,10,0,2,189,639,"[true, false, false]",70,2,0,Starfield Stage - 1
1226,2025-09-28T18:05:19.731970,9,520.0,202.0,2.493348785757151,False,True,True,False,4,2,0,10,0,2,189,639,"[true, false, false]",70,2,0,Starfield Stage - 1
1227,2025-09-28T18:05:19.741105,9,517.5,199.5,2.499731783894166,False,True,True,False,4,2,0,10,0,2,189,639,"[false, false, false]",70,2,0,Starfield Stage - 1
1228,2025-09-28T18:05:19.749698,9,515.0,197.0,2.5061030267034554,False,True,True,False,4,2,0,10,0,2,189,639,"[false, false, false]",70,2,0,Starfield Stage - 1
1229,2025-09-28T18:05:19.758712,8,512.5,194.5,2.5124620308444574,False,True,True,False,4,2,0,10,0,2,189,639,"[false, false, false]",70,2,0,Starfield Stage - 1
1230,2025-09-28T18:05:19.766904,9,510.0,192.0,2.5188083187902937,False,True,True,False,4,2,0,10,0,2,189,639,"[false, false, false]",70,2,0,Starfield Stage - 1
1231,2025-09-28T18:05:19.775518,8,507.5,189.5,2.525141419018585,False,True,True,False,4,2,0,10,0,2,189,639,"[false, false, false]",70,2,0,Starfield Stage - 1
1232,2025-09-28T18:05:19.783841,9,505.0,187.0,2.531460866195426,False,True,True,False,4,2,0,10,0,2,189,639,"[false, false, false]",70,2,0,Starfield Stage - 1
1233,2025-09-28T18:05:19.793199,9,502.5,184.5,2.537766201352377,False,True,True,False,3,2,0,10,0,2,189,639,"[false, false, false]",70,2,0,Starfield Stage - 1
1234,2025-09-28T18:05:19.801169,8,500.0,182.0,2.5440569720563424,False,True,True,False,3,2,0,10,0,2,189,639,"[false, false, false]",70,2,0,Starfield Stage - 1
1235,2025-09-28T18:05:19.808667,8,497.5,179.5,2.55033273257222,False,True,True,False,3,2,0,11,0,2,189,639,"[false, false, false]",70,2,0,Starfield Stage - 1
1236,2025-09-28T18:05:19.855593,9,495.0,177.0,2.5565930440182236,False,True,True,False,2,1,0,11,0,2,189,639,"[false, false, false]",80,2,0,Starfield Stage - 1
1237,2025-09-28T18:05:19.857353,39,492.5,174.5,2.5628374745137883,False,True,True,False,3,1,0,11,0,2,189,639,"[true, false, false]",80,2,0,Starfield Stage - 1
1238,2025-09-28T18:05:19.865562,8,490.0,172.0,2.5690655993199876,False,True,True,False,3,1,0,11,0,2,189,639,"[true, false, false]",80,2,0,Starfield Stage - 1
1239,2025-09-28T18:05:19.873536,8,487.5,169.5,2.575277000972403,False,True,True,False,3,1,0,11,0,2,189,639,"[true, false, false]",80,2,0,Starfield Stage - 1
1240,2025-09-28T18:05:19.881875,9,485.0,167.0,2.5814712694064004,False,True,True,False,3,1,0,11,0,2,189,639,"[true, false, false]",80,2,0,Starfield Stage - 1
1241,2025-09-28T18:05:19.890427,8,482.5,164.5,2.587648002074786,False,True,True,False,3,1,0,11,0,2,189,639,"[true, false, false]",80,2,0,Starfield Stage - 1
1242,2025-09-28T18:05:19.899135,9,480.0,162.0,2.593806804057816,False,True,True,False,3,1,0,11,0,2,189,639,"[true, false, false]",80,2,0,Starfield Stage - 1
1243,2025-09-28T18:05:19.907933,9,477.5,159.5,2.5999472881655654,False,True,True,False,3,1,0,11,0,2,189,639,"[true, false, false]",80,2,0,Starfield Stage - 1
1244,2025-09-28T18:05:19.917368,9,475.0,157.0,2.6060690750326523,False,True,True,False,3,1,0,11,0,2,189,639,"[true, false, false]",80,2,0,Starfield Stage - 1
1245,2025-09-28T18:05:19.925794,9,472.5,154.5,2.6121717932053503,False,True,True,False,3,1,0,11,0,2,189,639,"[false, false, false]",80,2,0,Starfield Stage - 1
1246,2025-09-28T18:05:19.935404,8,470.0,152.0,2.618255079221115,False,True,True,False,3,1,0,11,0,2,189,639,"[false, false, false]",80,2,0,Starfield Stage - 1
1247,2025-09-28T18:05:19.942167,8,467.5,149.5,2.6243185776805684,False,True,True,False,3,1,0,11,0,2,189,639,"[false, false, false]",80,2,0,Starfield Stage - 1
1248,2025-09-28T18:05:19.949902,8,470.0,147.0,2.6226654535254124,True,False,True,False,3,1,0,11,0,2,189,639,"[false, false, false]",80,2,0,Starfield Stage - 1
1249,2025-09-28T18:05:19.958958,9,472.5,144.5,2.6234251190026314,True,False,True,False,3,1,0,11,0,2,190,640,"[false, false, false]",80,2,0,Starfield Stage - 1
1250,2025-09-28T18:05:19.967965,9,475.0,142.0,2.6278694796752666,True,False,True,False,3,1,0,11,0,2,194,640,"[false, false, false]",80,2,0,Starfield Stage - 1
1251,2025-09-28T18:05:19.978878,9,477.5,142.0,2.652098862531543,True,False,False,False,3,1,0,11,0,2,209,646,"[false, false, false]",80,2,0,Starfield Stage - 1
1252,2025-09-28T18:05:19.985518,8,480.0,142.0,2.672459206203768,True,False,False,False,3,1,0,11,0,2,222,651,"[false, false, false]",80,2,0,Starfield Stage - 1
1253,2025-09-28T18:05:19.993220,8,482.5,142.0,2.701424095187205,True,False,False,False,3,1,0,11,0,2,239,659,"[false, false, false]",80,2,0,Starfield Stage - 1
1254,2025-09-28T18:05:20.001338,8,485.0,142.0,2.6974738116304007,True,False,False,False,3,1,0,11,0,2,239,659,"[false, false, false]",80,2,0,Starfield Stage - 1
1255,2025-09-28T18:05:20.009290,8,487.5,142.0,2.777729859086906,True,False,False,False,3,1,0,11,0,2,283,679,"[false, false, false]",80,2,0,Starfield Stage - 1
1256,2025-09-28T18:05:20.016818,8,490.0,142.0,2.7736703169173467,True,False,False,False,3,1,0,11,0,2,283,679,"[false, false, false]",80,2,0,Starfield Stage - 1
1257,2025-09-28T18:05:20.026079,9,492.5,142.0,2.8705530431755757,True,False,False,False,3,1,0,11,0,2,338,698,"[false, false, false]",80,2,0,Starfield Stage - 1
1258,2025-09-28T18:05:20.035365,9,495.0,142.0,2.9204887996228335,True,False,False,False,3,1,0,11,0,2,368,707,"[false, false, false]",80,2,0,Starfield Stage - 1
1259,2025-09-28T18:05:20.043217,8,497.5,142.0,2.9730498441091404,True,False,False,False,3,1,0,11,0,2,400,715,"[false, false, false]",80,2,0,Starfield Stage - 1
1260,2025-09-28T18:05:20.051154,8,500.0,142.0,3.025281516032254,True,False,False,False,3,1,0,11,0,2,432,724,"[false, false, false]",80,2,0,Starfield Stage - 1
1261,2025-09-28T18:05:20.059383,9,502.5,142.0,3.074968432860163,True,False,False,False,3,1,0,11,0,2,463,734,"[false, false, false]",80,2,0,Starfield Stage - 1
1262,2025-09-28T18:05:20.068788,9,505.0,142.0,3.1199293764005738,True,False,False,False,3,1,0,11,0,2,492,742,"[false, false, false]",80,2,0,Starfield Stage - 1
1263,2025-09-28T18:05:20.078255,9,507.5,142.0,-3.1275902739018187,True,False,False,False,3,1,0,11,0,2,516,749,"[false, false, false]",80,2,0,Starfield Stage - 1
1264,2025-09-28T18:05:20.086504,8,510.0,142.0,-3.0992037047017207,True,False,False,False,4,1,0,11,0,2,536,755,"[true, false, false]",80,2,0,Starfield Stage - 1
1265,2025-09-28T18:05:20.094221,8,512.5,142.0,-3.0809873522601112,True,False,False,False,4,1,0,11,0,2,550,760,"[true, false, false]",80,2,0,Starfield Stage - 1
1266,2025-09-28T18:05:20.102886,9,515.0,142.0,-3.0693712167066605,True,False,False,False,4,1,0,11,0,2,560,764,"[true, false, false]",80,2,0,Starfield Stage - 1
1267,2025-09-28T18:05:20.111690,9,517.5,142.0,-3.0672109030158494,True,False,False,False,4,1,0,11,0,2,564,766,"[true, false, false]",80,2,0,Starfield Stage - 1
1268,2025-09-28T18:05:20.121400,9,520.0,142.0,-3.066533927555408,True,False,False,False,4,1,0,11,0,2,567,767,"[true, false, false]",80,2,0,Starfield Stage - 1
1269,2025-09-28T18:05:20.129846,9,522.5,142.0,-3.0705126036621437,True,False,False,False,4,1,0,11,0,2,567,767,"[true, false, false]",80,2,0,Starfield Stage - 1
1270,2025-09-28T18:05:20.139085,9,525.0,142.0,-3.074600401629046,True,False,False,False,4,1,0,11,0,2,567,768,"[true, false, false]",80,2,0,Starfield Stage - 1
1271,2025-09-28T18:05:20.148288,9,527.5,144.5,-3.0783251592586307,True,False,False,True,4,1,0,11,0,2,567,768,"[true, false, false]",80,2,0,Starfield Stage - 1
1272,2025-09-28T18:05:20.157013,9,530.0,147.0,-3.0821771381981167,True,False,False,True,4,1,0,11,0,2,567,769,"[true, false, false]",80,2,0,Starfield Stage - 1
1273,2025-09-28T18:05:20.165915,9,532.5,149.5,-3.0859600461590144,True,False,False,True,4,1,0,11,0,2,567,769,"[false, false, false]",80,2,0,Starfield Stage - 1
1274,2025-09-28T18:05:20.174363,8,535.0,152.0,-3.0897752234753573,True,False,False,True,4,1,0,11,0,2,567,769,"[false, false, false]",80,2,0,Starfield Stage - 1
1275,2025-09-28T18:05:20.182327,8,537.5,154.5,-3.0936229723206243,True,False,False,True,4,1,0,11,0,2,567,769,"[false, false, false]",80,2,0,Starfield Stage - 1
1276,2025-09-28T18:05:20.190629,9,540.0,157.0,-3.0975035961917214,True,False,False,True,4,1,0,11,0,2,567,769,"[false, false, false]",80,2,0,Starfield Stage - 1
1277,2025-09-28T18:05:20.199890,9,542.5,159.5,-3.101417399832945,True,False,False,True,4,1,0,11,0,2,567,769,"[false, false, false]",80,2,0,Starfield Stage - 1
1278,2025-09-28T18:05:20.208815,9,545.0,162.0,-3.1053646891558007,True,False,False,True,4,1,0,11,0,2,567,769,"[false, false, false]",80,2,0,Starfield Stage - 1
1279,2025-09-28T18:05:20.217798,9,547.5,164.5,-3.109238802122482,True,False,False,True,4,1,0,11,0,2,567,767,"[false, false, false]",80,2,0,Starfield Stage - 1
1280,2025-09-28T18:05:20.227352,9,550.0,167.0,-3.116514300330374,True,False,False,True,4,1,0,11,0,2,565,765,"[false, false, false]",80,2,0,Starfield Stage - 1
1281,2025-09-28T18:05:20.236145,8,552.5,169.5,-3.1238729894138424,True,False,False,True,4,1,0,11,0,2,563,762,"[false, false, false]",80,2,0,Starfield Stage - 1
1282,2025-09-28T18:05:20.243443,8,555.0,172.0,-3.133089457174538,True,False,False,True,4,1,0,11,0,2,560,760,"[false, false, false]",80,2,0,Starfield Stage - 1
1283,2025-09-28T18:05:20.251705,9,557.5,174.5,-3.1407372218052947,True,False,False,True,4,1,0,11,0,2,558,759,"[false, false, false]",80,2,0,Starfield Stage - 1
1284,2025-09-28T18:05:20.261304,9,560.0,177.0,3.1329870140527807,True,False,False,True,4,1,0,11,0,2,555,758,"[false, false, false]",80,2,0,Starfield Stage - 1
1285,2025-09-28T18:05:20.269198,8,562.5,179.5,3.125143920760976,True,False,False,True,4,1,0,11,0,2,553,757,"[false, false, false]",80,2,0,Starfield Stage - 1
1286,2025-09-28T18:05:20.277468,8,565.0,182.0,3.115511612299041,True,False,False,True,4,1,0,11,0,2,550,757,"[false, false, false]",80,2,0,Starfield Stage - 1
1287,2025-09-28T18:05:20.286216,8,567.5,184.5,3.105800085878188,True,False,False,True,5,1,0,11,0,2,547,757,"[true, false, false]",80,2,0,Starfield Stage - 1
1288,2025-09-28T18:05:20.293218,8,570.0,187.0,3.0977610958641555,True,False,False,True,4,1,0,11,0,2,545,757,"[true, false, false]",80,2,0,Starfield Stage - 1
1289,2025-09-28T18:05:20.301337,8,572.5,189.5,3.089657020671226,True,False,False,True,4,1,0,11,0,2,543,757,"[true, false, false]",80,2,0,Starfield Stage - 1
1290,2025-09-28T18:05:20.310135,9,575.0,192.0,3.081488144068608,True,False,False,True,4,1,0,11,0,2,541,757,"[true, false, false]",80,2,0,Starfield Stage - 1
1291,2025-09-28T18:05:20.318807,9,577.5,194.5,3.0751422754435778,True,False,False,True,4,1,0,11,0,2,540,758,"[true, false, false]",80,2,0,Starfield Stage - 1
1292,2025-09-28T18:05:20.328419,9,580.0,197.0,3.0686385785130628,True,False,False,True,4,1,0,11,0,2,539,758,"[true, false, false]",80,2,0,Starfield Stage - 1
1293,2025-09-28T18:05:20.337830,9,582.5,199.5,3.0586732987778085,True,False,False,True,4,1,0,12,0,2,536,759,"[false, false, false]",80,2,0,Starfield Stage - 1
1294,2025-09-28T18:05:20.348001,10,582.5,202.0,3.052797981969896,False,False,False,True,4,1,0,12,0,2,533,758,"[false, false, false]",80,2,0,Starfield Stage - 1
1295,2025-09-28T18:05:20.355743,9,582.5,204.5,3.0430910712214225,False,False,False,True,4,1,0,12,0,2,528,756,"[false, false, false]",80,2,0,Starfield Stage - 1
1296,2025-09-28T18:05:20.364880,8,582.5,207.0,3.0274125481473297,False,False,False,True,4,1,0,12,0,2,520,752,"[false, false, false]",80,2,0,Starfield Stage - 1
1297,2025-09-28T18:05:20.373376,9,582.5,209.5,3.0070233924507797,False,False,False,True,4,1,0,12,0,2,510,745,"[false, false, false]",80,2,0,Starfield Stage - 1
1298,2025-09-28T18:05:20.381791,9,582.5,212.0,2.9820089210470004,False,False,False,True,4,1,0,12,0,2,498,737,"[false, false, false]",80,2,0,Starfield Stage - 1
1299,2025-09-28T18:05:20.390933,9,582.5,214.5,2.953595313266697,False,False,False,True,4,1,0,12,0,2,485,727,"[false, false, false]",80,2,0,Starfield Stage - 1
1300,2025-09-28T18:05:20.400442,9,582.5,217.0,2.9213296601818386,False,False,False,True,4,1,0,12,0,2,471,715,"[false, false, false]",80,2,0,Starfield Stage - 1
1301,2025-09-28T18:05:20.408548,9,582.5,219.5,2.8934532910440423,False,False,False,True,4,1,0,12,0,2,460,703,"[false, false, false]",80,2,0,Starfield Stage - 1
1302,2025-09-28T18:05:20.417929,9,582.5,222.0,2.845494584800793,False,False,False,True,4,1,0,12,0,2,444,676,"[false, false, false]",80,2,0,Starfield Stage - 1
1303,2025-09-28T18:05:20.426737,9,582.5,224.5,2.8273865376690432,False,False,False,True,4,1,0,12,0,2,440,663,"[false, false, false]",80,2,0,Starfield Stage - 1
1304,2025-09-28T18:05:20.435061,8,582.5,227.0,2.8095697010545595,False,False,False,True,4,1,0,12,0,2,437,649,"[false, false, false]",80,2,0,Starfield Stage - 1
1305,2025-09-28T18:05:20.444255,9,582.5,229.5,2.795083867057608,False,False,False,True,4,2,0,12,0,2,435,638,"[false, false, false]",80,2,0,Starfield Stage - 1
1306,2025-09-28T18:05:20.451857,8,582.5,232.0,2.785861907629239,False,False,False,True,4,2,0,12,0,2,435,629,"[false, false, false]",80,2,0,Starfield Stage - 1
1307,2025-09-28T18:05:20.461537,9,582.5,234.5,2.7809897091187974,False,False,False,True,4,2,0,12,0,2,436,623,"[false, false, false]",80,2,0,Starfield Stage - 1
1308,2025-09-28T18:05:20.469693,9,582.5,237.0,2.780820556399038,False,False,False,True,3,2,0,12,0,2,438,620,"[false, false, false]",80,2,0,Starfield Stage - 1
1309,2025-09-28T18:05:20.479381,9,582.5,239.5,2.78383574111821,False,False,False,True,4,2,0,12,0,2,441,618,"[true, false, false]",80,2,0,Starfield Stage - 1
1310,2025-09-28T18:05:20.487142,8,582.5,242.0,2.7886638914483903,False,False,False,True,4,2,0,12,0,2,444,618,"[true, false, false]",80,2,0,Starfield Stage - 1
1311,2025-09-28T18:05:20.497407,10,582.5,244.5,2.792713879772442,False,False,False,True,4,2,0,12,0,2,447,617,"[true, false, false]",80,2,0,Starfield Stage - 1
1312,2025-09-28T18:05:20.506538,9,582.5,247.0,2.796853007552234,False,False,False,True,4,2,0,12,0,2,450,616,"[true, false, false]",80,2,0,Starfield Stage - 1
1313,2025-09-28T18:05:20.515354,9,582.5,249.5,2.796230852678168,False,False,False,True,4,2,0,12,0,2,451,615,"[true, false, false]",80,2,0,Starfield Stage - 1
1314,2025-09-28T18:05:20.523448,8,582.5,252.0,2.796476118786983,False,False,False,True,4,2,0,12,0,2,452,615,"[true, false, false]",80,2,0,Starfield Stage - 1
1315,2025-09-28T18:05:20.531317,8,582.5,254.5,2.7942701169594706,False,False,False,True,4,2,0,12,0,2,452,615,"[true, false, false]",80,2,0,Starfield Stage - 1
1316,2025-09-28T18:05:20.539113,8,582.5,257.0,2.7920368968037512,False,False,False,True,4,2,0,12,0,2,452,615,"[true, false, false]",80,2,0,Starfield Stage - 1
1317,2025-09-28T18:05:20.548683,9,582.5,259.5,2.789775974144107,False,False,False,True,4,2,0,12,0,2,452,615,"[false, false, false]",80,2,0,Starfield Stage - 1
1318,2025-09-28T18:05:20.592629,9,582.5,262.0,2.7874868538509445,False,False,False,True,3,1,0,12,0,2,452,615,"[false, false, false]",90,2,0,Starfield Stage - 1
1319,2025-09-28T18:05:20.594132,37,585.0,264.5,2.8109327040485574,True,False,False,True,3,1,0,12,0,2,464,617,"[false, false, false]",90,2,0,Starfield Stage - 1
1320,2025-09-28T18:05:20.602923,9,587.5,267.0,2.812574163892051,True,False,False,True,3,1,0,12,0,2,468,617,"[false, false, false]",90,2,0,Starfield Stage - 1
1321,2025-09-28T18:05:20.611595,8,590.0,269.5,2.8142411237260956,True,False,False,True,3,1,0,12,0,2,472,617,"[false, false, false]",90,2,0,Starfield Stage - 1
1322,2025-09-28T18:05:20.619607,9,592.5,272.0,2.813334598862739,True,False,False,True,3,1,0,12,0,2,475,617,"[false, false, false]",90,2,0,Starfield Stage - 1
1323,2025-09-28T18:05:20.628011,8,595.0,274.5,2.8098031522945672,True,False,False,True,3,1,0,12,0,2,477,617,"[false, false, false]",90,2,0,Starfield Stage - 1
1324,2025-09-28T18:05:20.637401,9,597.5,277.0,2.811483296953542,True,False,False,True,2,1,0,12,0,2,481,617,"[false, false, false]",90,2,0,Starfield Stage - 1
1325,2025-09-28T18:05:20.644918,8,600.0,279.5,2.809624773718951,True,False,False,True,2,1,0,12,0,2,484,616,"[false, false, false]",90,2,0,Starfield Stage - 1
1326,2025-09-28T18:05:20.654332,9,602.5,279.5,2.8136144216986287,True,False,False,False,2,1,0,12,0,2,488,616,"[false, false, false]",90,2,0,Starfield Stage - 1
1327,2025-09-28T18:05:20.662703,9,605.0,279.5,2.824724439449087,True,False,False,False,2,1,0,12,0,2,494,618,"[false, false, false]",90,2,0,Starfield Stage - 1
1328,2025-09-28T18:05:20.672070,9,607.5,279.5,2.8427859981442123,True,False,False,False,3,1,0,12,0,2,502,622,"[true, false, false]",90,2,0,Starfield Stage - 1
1329,2025-09-28T18:05:20.680947,9,610.0,279.5,2.904789086297653,True,False,False,False,3,1,0,12,0,2,523,640,"[true, false, false]",90,2,0,Starfield Stage - 1
1330,2025-09-28T18:05:20.689603,9,612.5,279.5,2.9353890313737963,True,False,False,False,3,1,0,12,0,2,535,650,"[true, false, false]",90,2,0,Starfield Stage - 1
1331,2025-09-28T18:05:20.698761,9,615.0,279.5,2.9672952952567035,True,False,False,False,3,1,0,12,0,2,548,660,"[true, false, false]",90,2,0,Starfield Stage - 1
1332,2025-09-28T18:05:20.707792,9,617.5,279.5,2.9921363477248235,True,False,False,False,3,1,0,12,0,2,559,668,"[true, false, false]",90,2,0,Starfield Stage - 1
1333,2025-09-28T18:05:20.717117,9,620.0,279.5,3.0108633672675307,True,False,False,False,3,1,0,12,0,2,568,675,"[true, false, false]",90,2,0,Starfield Stage - 1
1334,2025-09-28T18:05:20.726615,10,622.5,279.5,3.0238336670800376,True,False,False,False,3,1,0,12,0,2,575,681,"[true, false, false]",90,2,0,Starfield Stage - 1
1335,2025-09-28T18:05:20.735034,8,625.0,279.5,3.028358468094464,True,False,False,False,3,1,0,12,0,2,579,684,"[true, false, false]",90,2,0,Starfield Stage - 1
1336,2025-09-28T18:05:20.743592,9,627.5,279.5,3.027418130903313,True,False,False,False,3,1,0,12,0,2,581,685,"[true, false, false]",90,2,0,Starfield Stage - 1
1337,2025-09-28T18:05:20.752706,8,630.0,279.5,3.026482621473119,True,False,False,False,3,1,0,12,0,2,583,686,"[false, false, false]",90,2,0,Starfield Stage - 1
1338,2025-09-28T18:05:20.761323,9,632.5,279.5,3.027696577344577,True,False,False,False,3,1,0,12,0,2,586,686,"[false, false, false]",90,2,0,Starfield Stage - 1
1339,2025-09-28T18:05:20.768960,8,635.0,279.5,3.02163023909207,True,False,False,False,3,1,0,12,0,2,586,686,"[false, false, false]",90,2,0,Starfield Stage - 1
1340,2025-09-28T18:05:20.778018,9,637.5,279.5,3.036908752628219,True,False,False,False,3,1,0,12,0,2,595,684,"[false, false, false]",90,2,0,Starfield Stage - 1
1341,2025-09-28T18:05:20.786628,9,640.0,279.5,3.044760697979176,True,False,False,False,3,1,0,12,0,2,601,681,"[false, false, false]",90,2,0,Starfield Stage - 1
1342,2025-09-28T18:05:20.795754,9,642.5,279.5,3.0547998990679677,True,False,False,False,3,1,0,12,0,2,608,676,"[false, false, false]",90,2,0,Starfield Stage - 1
1343,2025-09-28T18:05:20.804508,9,645.0,279.5,3.06432742244884,True,False,False,False,3,1,0,12,0,2,615,667,"[false, false, false]",90,2,0,Starfield Stage - 1
1344,2025-09-28T18:05:20.813228,8,647.5,279.5,3.068487480456295,True,False,False,False,3,1,0,12,0,2,620,655,"[false, false, false]",90,2,0,Starfield Stage - 1
1345,2025-09-28T18:05:20.821163,8,650.0,279.5,3.069395685184583,True,False,False,False,3,1,0,12,0,2,624,639,"[false, false, false]",90,2,0,Starfield Stage - 1
1346,2025-09-28T18:05:20.830675,9,652.5,279.5,3.060767643330317,True,False,False,False,3,1,0,12,0,2,625,619,"[false, false, false]",90,2,0,Starfield Stage - 1
1347,2025-09-28T18:05:20.838677,9,655.0,279.5,3.043029496542154,True,False,False,False,3,1,0,12,0,2,624,593,"[false, false, false]",90,2,0,Starfield Stage - 1
1348,2025-09-28T18:05:20.847609,9,657.5,279.5,3.0100809822701344,True,False,False,False,3,1,0,12,0,2,620,563,"[false, false, false]",90,2,0,Starfield Stage - 1
1349,2025-09-28T18:05:20.856821,9,660.0,279.5,2.90604767286893,True,False,False,False,3,1,0,12,0,2,609,492,"[false, false, false]",90,2,0,Starfield Stage - 1
1350,2025-09-28T18:05:20.866732,10,662.5,279.5,2.812981143384946,True,False,False,False,3,1,0,12,0,2,603,454,"[false, false, false]",90,2,0,Starfield Stage - 1
1351,2025-09-28T18:05:20.875937,9,665.0,279.5,2.6647493296135405,True,False,False,False,3,1,0,12,0,2,595,415,"[false, false, false]",90,2,0,Starfield Stage - 1
1352,2025-09-28T18:05:20.885480,9,667.5,279.5,2.462533416185051,True,False,False,False,3,1,0,12,0,2,588,378,"[false, false, false]",90,2,0,Starfield Stage - 1
1353,2025-09-28T18:05:20.893073,8,670.0,279.5,2.1777839908413044,True,False,False,False,3,1,0,12,0,2,580,342,"[false, false, false]",90,2,0,Starfield Stage - 1
1354,2025-09-28T18:05:20.902204,9,672.5,279.5,1.8563089754609035,True,False,False,False,3,1,0,12,0,2,572,309,"[false, false, false]",90,2,0,Starfield Stage - 1
1355,2025-09-28T18:05:20.910672,9,675.0,279.5,1.5662918527563288,True,False,False,False,3,1,0,12,0,2,564,279,"[false, false, false]",90,2,0,Starfield Stage - 1
1356,2025-09-28T18:05:20.920294,9,675.0,279.5,1.3198947319428642,True,True,False,False,3,1,0,12,0,2,556,249,"[false, false, false]",90,2,0,Starfield Stage - 1
1357,2025-09-28T18:05:20.928722,8,675.0,279.5,1.1415639191547784,True,True,False,False,3,1,0,12,0,2,545,220,"[false, false, false]",90,2,0,Starfield Stage - 1
1358,2025-09-28T18:05:20.937092,9,675.0,279.5,1.0166092109948344,True,True,False,False,2,1,0,12,0,2,532,191,"[false, false, false]",90,2,0,Starfield Stage - 1
1359,2025-09-28T18:05:20.946231,9,675.0,279.5,0.8807322788993841,True,True,False,False,2,1,0,12,0,2,506,140,"[false, false, false]",90,2,0,Starfield Stage - 1
1360,2025-09-28T18:05:20.954503,8,675.0,279.5,0.8495849067892001,True,True,False,False,2,1,0,12,0,2,497,123,"[false, false, false]",90,2,0,Starfield Stage - 1
1361,2025-09-28T18:05:20.962626,9,675.0,279.5,0.832305408437247,True,True,False,False,2,1,0,12,0,2,491,112,"[false, false, false]",90,2,0,Starfield Stage - 1
1362,2025-09-28T18:05:20.971891,9,675.0,279.5,0.8254873233439743,True,True,False,False,3,1,0,12,0,2,487,106,"[true, false, false]",90,2,0,Starfield Stage - 1
1363,2025-09-28T18:05:20.980595,8,672.5,279.5,0.8157755563343441,False,True,False,False,3,1,0,12,0,2,486,104,"[true, false, false]",90,2,0,Starfield Stage - 1
1364,2025-09-28T18:05:20.988996,9,670.0,279.5,0.808906971311223,False,True,False,False,3,1,0,12,0,2,485,103,"[true, false, false]",90,2,0,Starfield Stage - 1
1365,2025-09-28T18:05:20.998404,9,667.5,279.5,0.8021096994384698,False,True,False,False,3,1,0,12,0,2,485,103,"[true, false, false]",90,2,0,Starfield Stage - 1
1366,2025-09-28T18:05:21.007444,9,665.0,279.5,0.7952155197940162,False,True,False,False,3,1,0,12,0,2,485,103,"[true, false, false]",90,2,0,Starfield Stage - 1
1367,2025-09-28T18:05:21.014975,8,662.5,279.5,0.7882230146405851,False,True,False,False,3,1,0,12,0,2,485,103,"[true, false, false]",90,2,0,Starfield Stage - 1
1368,2025-09-28T18:05:21.024134,9,660.0,279.5,0.7811307639816871,False,True,False,False,3,1,0,12,0,2,485,103,"[true, false, false]",90,2,0,Starfield Stage - 1
1369,2025-09-28T18:05:21.031894,8,657.5,279.5,0.7739373471661547,False,True,False,False,3,1,0,12,0,2,485,103,"[true, false, false]",90,2,0,Starfield Stage - 1
1370,2025-09-28T18:05:21.040821,9,655.0,279.5,0.7666413446117526,False,True,False,False,3,1,0,12,0,2,485,103,"[true, false, false]",90,2,0,Starfield Stage - 1
1371,2025-09-28T18:05:21.049906,9,652.5,279.5,0.7592413396530052,False,True,False,False,3,1,0,12,0,2,485,103,"[false, false, false]",90,2,0,Starfield Stage - 1
1372,2025-09-28T18:05:21.058828,9,650.0,279.5,0.7517359205183585,False,True,False,False,3,1,0,12,0,2,485,103,"[false, false, false]",90,2,0,Starfield Stage - 1
1373,2025-09-28T18:05:21.067539,9,647.5,279.5,0.7441236824417438,False,True,False,False,3,1,0,12,0,2,485,103,"[false, false, false]",90,2,0,Starfield Stage - 1
1374,2025-09-28T18:05:21.076811,9,645.0,279.5,0.7364032299135209,False,True,False,False,3,1,0,12,0,2,485,103,"[false, false, false]",90,2,0,Starfield Stage - 1
1375,2025-09-28T18:05:21.086521,10,642.5,279.5,0.7285731790756454,False,True,False,False,3,1,0,12,0,2,485,103,"[false, false, false]",90,2,0,Starfield Stage - 1
1376,2025-09-28T18:05:21.095804,9,640.0,279.5,0.7206321602657272,False,True,False,False,3,1,0,12,0,2,485,103,"[false, false, false]",90,2,0,Starfield Stage - 1
1377,2025-09-28T18:05:21.105070,9,637.5,279.5,0.7093257357580621,False,True,False,False,3,1,0,12,0,2,486,103,"[false, false, false]",90,2,0,Starfield Stage - 1
1378,2025-09-28T18:05:21.114559,9,635.0,279.5,0.6871242101414391,False,True,False,False,2,1,0,12,0,2,491,104,"[false, false, false]",90,2,0,Starfield Stage - 1
1379,2025-09-28T18:05:21.123046,9,632.5,279.5,0.6708853707221984,False,True,False,False,2,1,0,12,0,2,494,105,"[false, false, false]",90,2,0,Starfield Stage - 1
1380,2025-09-28T18:05:21.132221,9,630.0,279.5,0.6476144311158077,False,True,False,False,2,1,0,12,0,2,498,105,"[false, false, false]",90,2,0,Starfield Stage - 1
1381,2025-09-28T18:05:21.140662,8,627.5,279.5,0.6272612373056135,False,True,False,False,2,1,0,12,0,2,501,105,"[false, false, false]",90,2,0,Starfield Stage - 1
1382,2025-09-28T18:05:21.149059,9,625.0,279.5,0.6062892651054834,False,True,False,False,2,1,0,12,0,2,504,105,"[false, false, false]",90,2,0,Starfield Stage - 1
1383,2025-09-28T18:05:21.158103,9,622.5,279.5,0.5754785385559258,False,True,False,False,2,1,0,12,0,2,508,103,"[false, false, false]",90,2,0,Starfield Stage - 1
1384,2025-09-28T18:05:21.166789,9,620.0,279.5,0.544118620266267,False,True,False,False,2,1,0,12,0,2,512,101,"[false, false, false]",90,2,0,Starfield Stage - 1
1385,2025-09-28T18:05:21.214113,10,617.5,279.5,0.5033689179554486,False,True,False,False,1,0,0,12,0,2,517,97,"[false, false, false]",90,2,0,Starfield Stage - 1
1386,2025-09-28T18:05:21.215939,38,615.0,279.5,0.4020373696796587,False,True,False,False,2,0,0,12,0,2,534,89,"[true, false, false]",90,2,0,Starfield Stage - 1
1387,2025-09-28T18:05:21.224505,9,612.5,279.5,0.3890301724685269,False,True,False,False,2,0,0,12,0,2,534,88,"[true, false, false]",90,2,0,Starfield Stage - 1
1388,2025-09-28T18:05:21.232309,8,610.0,279.5,0.3732830264474471,False,True,False,False,2,0,0,12,0,2,535,88,"[true, false, false]",90,2,0,Starfield Stage - 1
1389,2025-09-28T18:05:21.241278,9,607.5,279.5,0.3619144152725222,False,True,False,False,2,0,0,12,0,2,535,88,"[true, false, false]",90,2,0,Starfield Stage - 1
1390,2025-09-28T18:05:21.250048,8,605.0,282.0,0.32019534569714736,False,True,False,True,2,0,0,12,0,2,541,89,"[false, false, false]",90,2,0,Starfield Stage - 1
1391,2025-09-28T18:05:21.257530,9,602.5,284.5,0.2793232001011071,False,True,False,True,1,0,0,12,0,2,547,91,"[false, false, false]",90,2,0,Starfield Stage - 1
1392,2025-09-28T18:05:21.267255,9,600.0,287.0,0.23021958727684372,False,True,False,True,1,0,0,12,0,2,555,95,"[false, false, false]",90,2,0,Starfield Stage - 1
1393,2025-09-28T18:05:21.275381,8,597.5,289.5,0.1758824858605667,False,True,False,True,1,0,0,12,0,2,564,101,"[false, false, false]",90,2,0,Starfield Stage - 1
1394,2025-09-28T18:05:21.282938,8,595.0,292.0,0.11242713083019014,False,True,False,True,1,0,0,12,0,2,574,106,"[false, false, false]",90,2,0,Starfield Stage - 1
1395,2025-09-28T18:05:21.292340,9,592.5,294.5,0.05200785316129447,False,True,False,True,1,0,0,12,0,2,583,112,"[false, false, false]",90,2,0,Starfield Stage - 1
1396,2025-09-28T18:05:21.300339,8,590.0,297.0,-0.005555498400692622,False,True,False,True,1,0,0,12,0,2,591,117,"[false, false, false]",90,2,0,Starfield Stage - 1
1397,2025-09-28T18:05:21.308480,8,587.5,299.5,-0.05317112387776182,False,True,False,True,1,0,0,12,0,2,597,121,"[false, false, false]",90,2,0,Starfield Stage - 1
1398,2025-09-28T18:05:21.316717,8,585.0,302.0,-0.0901504628943286,False,True,False,True,1,0,0,12,0,2,601,125,"[false, false, false]",90,2,0,Starfield Stage - 1
1399,2025-09-28T18:05:21.324967,9,585.0,304.5,-0.11347059293219684,False,False,False,True,1,0,0,12,0,2,605,129,"[false, false, false]",90,2,0,Starfield Stage - 1
1400,2025-09-28T18:05:21.334740,9,585.0,307.0,-0.12435499454676144,False,False,False,True,1,0,0,12,0,2,607,131,"[false, false, false]",90,2,0,Starfield Stage - 1
1401,2025-09-28T18:05:21.343164,9,587.5,309.5,-0.12259132794506862,True,False,False,True,1,0,0,12,0,2,609,135,"[false, false, false]",90,2,0,Starfield Stage - 1
1402,2025-09-28T18:05:21.351830,8,590.0,312.0,-0.12149172391762583,True,False,False,True,2,0,0,12,0,2,611,140,"[true, false, false]",90,2,0,Starfield Stage - 1
1403,2025-09-28T18:05:21.360115,9,592.5,314.5,-0.11454069679668132,True,False,False,True,2,0,0,12,0,2,612,145,"[true, false, false]",90,2,0,Starfield Stage - 1
1404,2025-09-28T18:05:21.369784,9,595.0,317.0,-0.11746910491162589,True,False,False,True,2,0,0,12,0,2,614,156,"[true, false, false]",90,2,0,Starfield Stage - 1
1405,2025-09-28T18:05:21.377686,9,597.5,319.5,-0.10244385350712444,True,False,False,True,2,0,0,12,0,2,614,159,"[true, false, false]",90,2,0,Starfield Stage - 1
1406,2025-09-28T18:05:21.387080,9,600.0,322.0,-0.08673833867598511,True,False,False,True,2,0,0,12,0,2,614,161,"[true, false, false]",90,2,0,Starfield Stage - 1
1407,2025-09-28T18:05:21.396107,9,602.5,324.5,-0.07022074493488104,True,False,False,True,2,0,0,12,0,2,614,161,"[true, false, false]",90,2,0,Starfield Stage - 1
1408,2025-09-28T18:05:21.405783,9,605.0,327.0,-0.05449145624073119,True,False,False,True,2,0,0,12,0,2,614,162,"[true, false, false]",90,2,0,Starfield Stage - 1
1409,2025-09-28T18:05:21.413960,9,607.5,329.5,-0.03878650838433371,True,False,False,True,2,0,0,12,0,2,614,162,"[true, false, false]",90,2,0,Starfield Stage - 1
1410,2025-09-28T18:05:21.423129,9,610.0,332.0,-0.023525070985216914,True,False,False,True,2,0,0,12,0,2,614,162,"[false, false, false]",90,2,0,Starfield Stage - 1
1411,2025-09-28T18:05:21.431988,9,612.5,334.5,-0.008695433011778563,True,False,False,True,2,0,0,12,0,2,614,162,"[false, false, false]",90,2,0,Starfield Stage - 1
1412,2025-09-28T18:05:21.440428,9,615.0,337.0,0.0057142235191971315,True,False,False,True,2,0,0,12,0,2,614,162,"[false, false, false]",90,2,0,Starfield Stage - 1
1413,2025-09-28T18:05:21.449385,8,617.5,339.5,0.02017017490016131,True,False,False,True,2,0,0,12,0,2,614,166,"[false, false, false]",90,2,0,Starfield Stage - 1
1414,2025-09-28T18:05:21.457620,9,620.0,342.0,0.03466818520949975,True,False,False,True,2,0,0,12,0,2,614,169,"[false, false, false]",90,2,0,Starfield Stage - 1
1415,2025-09-28T18:05:21.467495,9,622.5,344.5,0.04345089539153084,True,False,False,True,2,0,0,12,0,2,615,172,"[false, false, false]",90,2,0,Starfield Stage - 1
1416,2025-09-28T18:05:21.475189,8,625.0,347.0,0.05773921852510397,True,False,False,True,2,0,0,12,0,2,615,174,"[false, false, false]",90,2,0,Starfield Stage - 1
1417,2025-09-28T18:05:21.482663,8,627.5,349.5,0.06618560832394274,True,False,False,True,2,0,0,12,0,2,616,176,"[false, false, false]",90,2,0,Starfield Stage - 1
1418,2025-09-28T18:05:21.492024,9,630.0,352.0,0.07414951965862071,True,False,False,True,2,0,0,12,0,2,617,177,"[false, false, false]",90,2,0,Starfield Stage - 1
1419,2025-09-28T18:05:21.500900,9,632.5,354.5,0.08759397958684158,True,False,False,True,2,0,0,12,0,2,617,178,"[false, false, false]",90,2,0,Starfield Stage - 1
1420,2025-09-28T18:05:21.509793,9,635.0,357.0,0.10022174977989422,True,False,False,True,2,0,0,12,0,2,617,178,"[false, false, false]",90,2,0,Starfield Stage - 1
1421,2025-09-28T18:05:21.518837,9,637.5,359.5,0.11308882732367413,True,False,False,True,2,0,0,12,0,2,617,179,"[false, false, false]",90,2,0,Starfield Stage - 1
1422,2025-09-28T18:05:21.528314,9,640.0,362.0,0.13111164848254667,True,False,False,True,1,1,0,12,0,2,616,180,"[false, false, false]",90,2,0,Starfield Stage - 1
1423,2025-09-28T18:05:21.537031,9,642.5,364.5,0.14955973987370316,True,False,False,True,1,1,0,12,0,2,615,182,"[false, false, false]",90,2,0,Starfield Stage - 1
1424,2025-09-28T18:05:21.546500,9,645.0,367.0,0.18131977440149022,True,False,False,True,1,1,0,12,0,2,612,187,"[false, false, false]",90,2,0,Starfield Stage - 1
1425,2025-09-28T18:05:21.554591,8,647.5,369.5,0.20595150079966246,True,False,False,True,1,1,0,12,0,2,610,190,"[false, false, false]",90,2,0,Starfield Stage - 1
1426,2025-09-28T18:05:21.562431,8,647.5,372.0,0.22371940798301454,True,True,False,True,1,1,0,12,0,2,607,194,"[false, false, false]",90,2,0,Starfield Stage - 1
1427,2025-09-28T18:05:21.570576,9,647.5,374.5,0.24697732802049346,True,True,False,True,1,1,0,12,0,2,603,198,"[false, false, false]",90,2,0,Starfield Stage - 1
1428,2025-09-28T18:05:21.579775,9,647.5,377.0,0.2718358706998497,True,True,False,True,1,1,0,12,0,2,599,203,"[false, false, false]",90,2,0,Starfield Stage - 1
1429,2025-09-28T18:05:21.589035,9,647.5,379.5,0.29870498969164944,True,True,False,True,1,1,0,12,0,2,595,209,"[false, false, false]",90,2,0,Starfield Stage - 1
1430,2025-09-28T18:05:21.598300,9,647.5,379.5,0.3327190359010245,True,True,False,False,1,1,0,12,0,2,591,216,"[false, false, false]",90,2,0,Starfield Stage - 1
1431,2025-09-28T18:05:21.607187,9,647.5,379.5,0.36120375549368167,True,True,False,False,1,1,0,12,0,2,588,222,"[false, false, false]",90,2,0,Starfield Stage - 1
1432,2025-09-28T18:05:21.614752,8,647.5,379.5,0.39127083384247774,True,True,False,False,1,1,0,12,0,2,585,228,"[false, false, false]",90,2,0,Starfield Stage - 1
1433,2025-09-28T18:05:21.624114,9,645.0,379.5,0.4003519908121826,False,True,False,False,1,1,0,12,0,2,583,233,"[false, false, false]",90,2,0,Starfield Stage - 1
1434,2025-09-28T18:05:21.633255,9,642.5,379.5,0.43824201509129235,False,True,False,False,1,1,0,12,0,3,579,244,"[false, false, false]",90,2,0,Starfield Stage - 1
1435,2025-09-28T18:05:21.641926,9,640.0,379.5,0.449759613069839,False,True,False,False,1,1,0,12,0,3,577,249,"[false, false, false]",90,2,0,Starfield Stage - 1
1436,2025-09-28T18:05:21.650845,9,637.5,379.5,0.4588167287068298,False,True,False,False,1,1,0,12,0,3,576,255,"[false, false, false]",90,2,0,Starfield Stage - 1
1437,2025-09-28T18:05:21.659998,9,635.0,379.5,0.4586140944644158,False,True,False,False,0,1,0,12,0,3,576,260,"[false, false, false]",90,2,0,Starfield Stage - 1
1438,2025-09-28T18:05:21.669099,9,632.5,379.5,0.4583937168877293,False,True,False,False,0,1,0,12,0,3,576,265,"[false, false, false]",90,2,0,Starfield Stage - 1
1439,2025-09-28T18:05:21.678191,9,630.0,379.5,0.4581531587975896,False,True,False,False,0,1,0,12,0,3,576,270,"[false, false, false]",90,2,0,Starfield Stage - 1
1440,2025-09-28T18:05:21.686368,8,627.5,379.5,0.4423742229767449,False,True,False,False,0,1,0,12,0,3,578,275,"[false, false, false]",90,2,0,Starfield Stage - 1
1441,2025-09-28T18:05:21.694544,8,625.0,379.5,0.4247328383268999,False,True,False,False,0,1,0,12,0,3,580,280,"[false, false, false]",90,2,0,Starfield Stage - 1
1442,2025-09-28T18:05:21.702844,9,622.5,379.5,0.3906070436976868,False,True,False,False,0,1,0,12,0,3,584,286,"[false, false, false]",90,2,0,Starfield Stage - 1
1443,2025-09-28T18:05:21.711773,9,620.0,379.5,0.3606480147484051,False,True,False,False,0,1,0,12,0,3,587,292,"[false, false, false]",90,2,0,Starfield Stage - 1
1444,2025-09-28T18:05:21.721006,9,617.5,379.5,0.3099400799423271,False,True,False,False,0,1,0,12,0,3,593,303,"[false, false, false]",90,2,0,Starfield Stage - 1
1445,2025-09-28T18:05:21.730714,9,615.0,379.5,0.27642524695476545,False,True,False,False,0,1,0,12,0,3,595,309,"[false, false, false]",90,2,0,Starfield Stage - 1
1446,2025-09-28T18:05:21.739583,9,612.5,377.0,0.23712027872466285,False,True,True,False,0,1,0,12,0,3,598,317,"[false, false, false]",90,2,0,Starfield Stage - 1
1447,2025-09-28T18:05:21.747574,9,610.0,374.5,0.19933730498232405,False,True,True,False,0,1,0,12,0,3,600,325,"[false, false, false]",90,2,0,Starfield Stage - 1
1448,2025-09-28T18:05:21.756694,9,607.5,372.0,0.14010172439663027,False,True,True,False,0,1,0,12,0,3,602,333,"[false, false, false]",90,2,0,Starfield Stage - 1
1449,2025-09-28T18:05:21.765086,8,605.0,369.5,0.03771795246686421,False,True,True,False,0,1,0,12,0,3,604,343,"[false, false, false]",90,2,0,Starfield Stage - 1
1450,2025-09-28T18:05:21.773648,9,602.5,367.0,-0.2914567944778671,False,True,True,False,0,1,0,12,0,3,607,352,"[false, false, false]",90,2,0,Starfield Stage - 1
1451,2025-09-28T18:05:21.783221,9,600.0,364.5,-1.4219063791853994,False,True,True,False,0,1,0,12,0,3,610,363,"[false, false, false]",90,2,0,Starfield Stage - 1
1452,2025-09-28T18:05:21.791291,8,597.5,362.0,-2.187987718335259,False,True,True,False,0,1,0,12,0,3,613,373,"[false, false, false]",90,2,0,Starfield Stage - 1
1453,2025-09-28T18:05:21.800040,8,595.0,359.5,-2.4364813054753616,False,True,True,False,0,1,0,12,0,3,615,383,"[false, false, false]",90,2,0,Starfield Stage - 1
1454,2025-09-28T18:05:21.808013,9,592.5,357.0,-2.498091544796509,False,True,True,False,0,1,0,12,0,3,618,391,"[false, false, false]",90,2,0,Starfield Stage - 1
1455,2025-09-28T18:05:21.817767,9,590.0,354.5,-2.605552687362504,False,True,True,False,0,1,0,12,0,3,620,405,"[false, false, false]",90,2,0,Starfield Stage - 1
1456,2025-09-28T18:05:21.826784,10,587.5,352.0,-2.6308418644874436,False,True,True,False,0,1,0,12,0,3,620,410,"[false, false, false]",90,2,0,Starfield Stage - 1
1457,2025-09-28T18:05:21.835457,8,585.0,349.5,-2.662794688714217,False,True,True,False,0,1,0,12,0,3,619,415,"[false, false, false]",90,2,0,Starfield Stage - 1
1458,2025-09-28T18:05:21.844140,9,582.5,347.0,-2.694750185104029,False,True,True,False,0,1,0,12,0,3,617,419,"[false, false, false]",90,2,0,Starfield Stage - 1
1459,2025-09-28T18:05:21.852069,8,580.0,344.5,-2.7374601686014604,False,True,True,False,0,1,0,12,0,3,614,424,"[false, false, false]",90,2,0,Starfield Stage - 1
1460,2025-09-28T18:05:21.861558,9,577.5,342.0,-2.756025590935225,False,True,True,False,0,1,0,12,0,3,612,427,"[false, false, false]",90,2,0,Starfield Stage - 1
1461,2025-09-28T18:05:21.869588,9,575.0,339.5,-2.7858195762593003,False,True,True,False,0,1,0,12,0,3,609,431,"[false, false, false]",90,2,0,Starfield Stage - 1
1462,2025-09-28T18:05:21.878977,9,572.5,337.0,-2.8058461235627874,False,True,True,False,0,1,0,12,0,3,606,433,"[false, false, false]",90,2,0,Starfield Stage - 1
1463,2025-09-28T18:05:21.888309,9,570.0,334.5,-2.8272493711243163,False,True,True,False,0,1,0,12,0,3,603,436,"[false, false, false]",90,2,0,Starfield Stage - 1
1464,2025-09-28T18:05:21.897475,9,567.5,332.0,-2.84408841663577,False,True,True,False,0,1,0,12,0,3,600,438,"[false, false, false]",90,2,0,Starfield Stage - 1
1465,2025-09-28T18:05:21.905226,8,565.0,329.5,-2.916403073538405,False,True,True,False,0,1,0,12,0,3,591,443,"[false, false, false]",90,2,0,Starfield Stage - 1
1466,2025-09-28T18:05:21.913205,8,562.5,327.0,-2.900674881845864,False,True,True,False,0,1,0,12,0,3,591,443,"[false, false, false]",90,2,0,Starfield Stage - 1
1467,2025-09-28T18:05:21.921477,8,560.0,324.5,-2.9307803771331145,False,True,True,False,0,1,0,12,0,3,586,446,"[false, false, false]",90,2,0,Starfield Stage - 1
1468,2025-09-28T18:05:21.929045,8,557.5,322.0,-2.9803074469717905,False,True,True,False,0,1,0,12,0,3,578,448,"[false, false, false]",90,2,0,Starfield Stage - 1
1469,2025-09-28T18:05:21.937636,9,555.0,319.5,-2.9808299129639586,False,True,True,False,0,1,0,12,0,3,576,449,"[false, false, false]",90,2,0,Starfield Stage - 1
1470,2025-09-28T18:05:21.946904,9,552.5,317.0,-2.9740064429162354,False,True,True,False,0,1,0,13,0,3,575,450,"[false, false, false]",90,2,0,Starfield Stage - 1
1471,2025-09-28T18:05:21.957140,10,550.0,314.5,-2.9675474137470546,False,True,True,False,0,1,0,13,0,3,574,451,"[false, false, false]",90,2,0,Starfield Stage - 1
1472,2025-09-28T18:05:21.964911,8,547.5,312.0,-2.955816529781686,False,True,True,False,0,1,0,13,0,3,574,453,"[false, false, false]",90,2,0,Starfield Stage - 1
1473,2025-09-28T18:05:21.974328,9,545.0,309.5,-2.9448580321763878,False,True,True,False,0,1,0,13,0,3,574,455,"[false, false, false]",90,2,0,Starfield Stage - 1
1474,2025-09-28T18:05:21.982128,8,542.5,307.0,-2.9282240114379854,False,True,True,False,0,1,0,13,0,3,575,457,"[false, false, false]",90,2,0,Starfield Stage - 1
1475,2025-09-28T18:05:21.990895,9,540.0,304.5,-2.90506233016528,False,True,True,False,0,1,0,13,0,3,577,458,"[false, false, false]",90,2,0,Starfield Stage - 1
1476,2025-09-28T18:05:22.000916,9,537.5,302.0,-2.878824910896009,False,True,True,False,0,1,0,13,0,3,580,460,"[false, false, false]",90,2,0,Starfield Stage - 1
1477,2025-09-28T18:05:22.009118,9,535.0,299.5,-2.8152338368830305,False,True,True,False,0,1,0,13,0,3,590,462,"[false, false, false]",90,2,0,Starfield Stage - 1
1478,2025-09-28T18:05:22.018621,10,532.5,297.0,-2.786788904659411,False,True,True,False,0,1,0,13,0,3,594,463,"[false, false, false]",90,2,0,Starfield Stage - 1
1479,2025-09-28T18:05:22.027886,9,530.0,294.5,-2.760069500010333,False,True,True,False,0,1,0,13,0,3,598,464,"[false, false, false]",90,2,0,Starfield Stage - 1
1480,2025-09-28T18:05:22.037261,9,527.5,292.0,-2.737753867968518,False,True,True,False,0,1,0,13,0,3,601,464,"[false, false, false]",90,2,0,Starfield Stage - 1
1481,2025-09-28T18:05:22.044812,8,525.0,289.5,-2.723368324010564,False,True,True,False,0,1,0,13,0,3,603,465,"[false, false, false]",90,2,0,Starfield Stage - 1
1482,2025-09-28T18:05:22.054019,9,522.5,287.0,-2.705118422357412,False,True,True,False,0,1,0,14,0,3,606,466,"[false, false, false]",90,2,0,Starfield Stage - 1
1483,2025-09-28T18:05:22.062524,8,520.0,284.5,-2.685688252663258,False,True,True,False,0,1,0,14,0,3,609,466,"[false, false, false]",90,2,0,Starfield Stage - 1
1484,2025-09-28T18:05:22.070708,9,517.5,282.0,-2.669333847324789,False,True,True,False,0,1,0,14,0,3,612,467,"[false, false, false]",90,2,0,Starfield Stage - 1
1485,2025-09-28T18:05:22.079734,9,515.0,279.5,-2.6455972505862464,False,True,True,False,0,1,0,14,0,3,617,468,"[false, false, false]",90,2,0,Starfield Stage - 1
1486,2025-09-28T18:05:22.088831,9,512.5,277.0,-2.588631051595765,False,True,True,False,0,1,0,14,0,3,631,469,"[false, false, false]",90,2,0,Starfield Stage - 1
1487,2025-09-28T18:05:22.098312,9,515.0,274.5,-2.570385111385373,True,False,True,False,0,1,0,14,0,3,640,469,"[false, false, false]",90,2,0,Starfield Stage - 1
1488,2025-09-28T18:05:22.106719,9,517.5,272.0,-2.556524313921422,True,False,True,False,0,1,0,14,0,3,648,469,"[false, false, false]",90,2,0,Starfield Stage - 1
1489,2025-09-28T18:05:22.116092,9,520.0,269.5,-2.5398373354957147,True,False,True,False,0,1,0,14,0,3,657,469,"[false, false, false]",90,2,0,Starfield Stage - 1
1490,2025-09-28T18:05:22.125084,9,522.5,267.0,-2.5305345184770434,True,False,True,False,0,1,0,14,0,3,664,469,"[false, false, false]",90,2,0,Starfield Stage - 1
1491,2025-09-28T18:05:22.134743,9,525.0,264.5,-2.5248210112246325,True,False,True,False,0,1,0,14,0,3,670,469,"[false, false, false]",90,2,0,Starfield Stage - 1
1492,2025-09-28T18:05:22.143846,9,527.5,262.0,-2.5224865469394984,True,False,True,False,0,1,0,14,0,3,675,469,"[false, false, false]",90,2,0,Starfield Stage - 1
1493,2025-09-28T18:05:22.151948,9,530.0,259.5,-2.523377982795436,True,False,True,False,0,1,0,14,0,3,679,469,"[false, false, false]",90,2,0,Starfield Stage - 1
1494,2025-09-28T18:05:22.160945,9,532.5,257.0,-2.518004653413432,True,False,True,False,0,1,0,14,0,3,685,469,"[false, false, false]",90,2,0,Starfield Stage - 1
1495,2025-09-28T18:05:22.170165,9,535.0,254.5,-2.525101717230817,True,False,True,False,0,1,0,14,0,3,687,469,"[false, false, false]",90,2,0,Starfield Stage - 1
1496,2025-09-28T18:05:22.178429,8,537.5,252.0,-2.5383280772372254,True,False,True,False,0,1,0,14,0,3,687,469,"[false, false, false]",90,2,0,Starfield Stage - 1
1497,2025-09-28T18:05:22.186916,9,540.0,249.5,-2.5483517532721947,True,False,True,False,0,1,0,14,0,3,688,469,"[false, false, false]",90,2,0,Starfield Stage - 1
1498,2025-09-28T18:05:22.197112,10,542.5,247.0,-2.561426880198552,True,False,True,False,0,1,0,14,0,3,688,469,"[false, false, false]",90,2,0,Starfield Stage - 1
1499,2025-09-28T18:05:22.206550,9,545.0,244.5,-2.5744312217148693,True,False,True,False,0,1,0,14,0,3,688,469,"[false, false, false]",90,2,0,Starfield Stage - 1
1500,2025-09-28T18:05:22.215558,9,547.5,242.0,-2.5873609896471397,True,False,True,False,0,1,0,14,0,3,688,469,"[false, false, false]",90,2,0,Starfield Stage - 1
1501,2025-09-28T18:05:22.223605,8,550.0,239.5,-2.60021253882122,True,False,True,False,0,1,0,14,0,3,688,469,"[false, false, false]",90,2,0,Starfield Stage - 1
1502,2025-09-28T18:05:22.231671,9,552.5,237.0,-2.6129823713232225,True,False,True,False,0,1,0,14,0,3,688,469,"[false, false, false]",90,2,0,Starfield Stage - 1
1503,2025-09-28T18:05:22.241225,9,555.0,234.5,-2.6256671401245084,True,False,True,False,0,1,0,14,0,3,688,469,"[false, false, false]",90,2,0,Starfield Stage - 1
1504,2025-09-28T18:05:22.249317,8,557.5,232.0,-2.638263652075906,True,False,True,False,0,1,0,14,0,3,688,469,"[false, false, false]",90,2,0,Starfield Stage - 1
1505,2025-09-28T18:05:22.256857,8,560.0,229.5,-2.6507688702800696,True,False,True,False,0,1,0,14,0,3,688,469,"[false, false, false]",90,2,0,Starfield Stage - 1
1506,2025-09-28T18:05:22.266212,9,562.5,229.5,-2.6589233523283324,True,False,False,False,0,1,0,14,0,3,688,469,"[false, false, false]",90,2,0,Starfield Stage - 1
1507,2025-09-28T18:05:22.274475,8,565.0,229.5,-2.667148121961018,True,False,False,False,0,1,0,14,0,3,688,469,"[false, false, false]",90,2,0,Starfield Stage - 1
1508,2025-09-28T18:05:22.282934,9,567.5,229.5,-2.675442964739451,True,False,False,False,0,1,0,14,0,3,688,469,"[false, false, false]",90,2,0,Starfield Stage - 1
1509,2025-09-28T18:05:22.292138,9,570.0,229.5,-2.683807623988928,True,False,False,False,0,1,0,14,0,3,688,469,"[false, false, false]",90,2,0,Starfield Stage - 1
1510,2025-09-28T18:05:22.300731,8,572.5,229.5,-2.692241799621276,True,False,False,False,0,1,0,14,0,3,688,469,"[false, false, false]",90,2,0,Starfield Stage - 1
1511,2025-09-28T18:05:22.309410,9,575.0,229.5,-2.70074514698411,True,False,False,False,0,1,0,14,0,3,688,469,"[false, false, false]",90,2,0,Starfield Stage - 1
1512,2025-09-28T18:05:22.317659,9,577.5,229.5,-2.709317275741241,True,False,False,False,0,1,0,14,0,3,688,469,"[false, false, false]",90,2,0,Starfield Stage - 1
1513,2025-09-28T18:05:22.326915,9,580.0,229.5,-2.7179577487888364,True,False,False,False,0,1,0,14,0,3,688,469,"[false, false, false]",90,2,0,Starfield Stage - 1
1514,2025-09-28T18:05:22.336176,9,582.5,229.5,-2.7266660812120787,True,False,False,False,0,1,0,14,0,3,688,469,"[false, false, false]",90,2,0,Starfield Stage - 1
1515,2025-09-28T18:05:22.344238,8,585.0,229.5,-2.7354417392871673,True,False,False,False,0,1,0,14,0,3,688,469,"[false, false, false]",90,2,0,Starfield Stage - 1
1516,2025-09-28T18:05:22.352286,8,587.5,229.5,-2.7442841395336326,True,False,False,False,0,1,0,14,0,3,688,469,"[false, false, false]",90,2,0,Starfield Stage - 1
1517,2025-09-28T18:05:22.360644,9,590.0,229.5,-2.7531926478219932,True,False,False,False,0,1,0,14,0,3,688,469,"[false, false, false]",90,2,0,Starfield Stage - 1
1518,2025-09-28T18:05:22.370526,9,592.5,229.5,-2.7621665785418674,True,False,False,False,0,1,0,14,0,3,688,469,"[false, false, false]",90,2,0,Starfield Stage - 1
1519,2025-09-28T18:05:22.379003,9,595.0,229.5,-2.7712051938356685,True,False,False,False,0,1,0,14,0,3,688,469,"[false, false, false]",90,2,0,Starfield Stage - 1
1520,2025-09-28T18:05:22.388392,9,597.5,229.5,-2.7803077029030456,True,False,False,False,0,1,0,14,0,3,688,469,"[false, false, false]",90,2,0,Starfield Stage - 1
1521,2025-09-28T18:05:22.397183,9,600.0,232.0,-2.7860627127148474,True,False,False,True,0,1,0,14,0,3,688,469,"[false, false, false]",90,2,0,Starfield Stage - 1
1522,2025-09-28T18:05:22.405908,8,602.5,234.5,-2.791965925415854,True,False,False,True,0,1,0,14,0,3,688,469,"[false, false, false]",90,2,0,Starfield Stage - 1
1523,2025-09-28T18:05:22.414335,9,605.0,237.0,-2.7980227126773465,True,False,False,True,0,1,0,14,0,3,688,469,"[false, false, false]",90,2,0,Starfield Stage - 1
1524,2025-09-28T18:05:22.422414,8,607.5,239.5,-2.804238684215314,True,False,False,True,0,1,0,14,0,3,688,469,"[false, false, false]",90,2,0,Starfield Stage - 1
1525,2025-09-28T18:05:22.430314,8,610.0,242.0,-2.8106196992686883,True,False,False,True,0,1,0,14,0,3,688,469,"[false, false, false]",90,2,0,Starfield Stage - 1
1526,2025-09-28T18:05:22.438482,9,612.5,244.5,-2.8171718785701705,True,False,False,True,0,1,0,14,0,3,688,469,"[false, false, false]",90,2,0,Starfield Stage - 1
1527,2025-09-28T18:05:22.447558,9,615.0,247.0,-2.823901616811958,True,False,False,True,0,1,0,14,0,3,688,469,"[false, false, false]",90,2,0,Starfield Stage - 1
1528,2025-09-28T18:05:22.456737,9,617.5,249.5,-2.830815595604344,True,False,False,True,0,1,0,14,0,3,688,469,"[false, false, false]",90,2,0,Starfield Stage - 1
1529,2025-09-28T18:05:22.466204,9,620.0,252.0,-2.8379207969197933,True,False,False,True,0,1,0,14,0,3,688,469,"[false, false, false]",90,2,0,Starfield Stage - 1
1530,2025-09-28T18:05:22.474306,8,622.5,254.5,-2.8452245170085995,True,False,False,True,0,1,0,14,0,3,688,469,"[false, false, false]",90,2,0,Starfield Stage - 1
1531,2025-09-28T18:05:22.482771,9,625.0,257.0,-2.852734380764314,True,False,False,True,0,1,0,14,0,3,688,469,"[false, false, false]",90,2,0,Starfield Stage - 1
1532,2025-09-28T18:05:22.492635,9,625.0,259.5,-2.8494791166494284,True,True,False,True,0,1,0,14,0,3,688,469,"[false, false, false]",90,2,0,Starfield Stage - 1
1533,2025-09-28T18:05:22.500839,9,625.0,262.0,-2.8461518164460733,True,True,False,True,0,1,0,14,0,3,688,469,"[false, false, false]",90,2,0,Starfield Stage - 1
1534,2025-09-28T18:05:22.510045,9,625.0,264.5,-2.842750138440429,True,True,False,True,0,1,0,14,0,3,688,469,"[false, false, false]",90,2,0,Starfield Stage - 1
1535,2025-09-28T18:05:22.518628,9,625.0,267.0,-2.839271641935443,True,True,False,True,0,1,0,14,0,3,688,469,"[false, false, false]",90,2,0,Starfield Stage - 1
1536,2025-09-28T18:05:22.528483,9,622.5,269.5,-2.8243601407402488,False,True,False,True,0,1,0,14,0,3,688,469,"[false, false, false]",90,2,0,Starfield Stage - 1
1537,2025-09-28T18:05:22.537003,9,620.0,272.0,-2.8092203438859893,False,True,False,True,0,1,0,14,0,3,688,469,"[false, false, false]",90,2,0,Starfield Stage - 1
1538,2025-09-28T18:05:22.546706,9,617.5,274.5,-2.793854067561848,False,True,False,True,0,1,0,14,0,3,688,469,"[false, false, false]",90,2,0,Starfield Stage - 1
1539,2025-09-28T18:05:22.554787,8,615.0,277.0,-2.7782636103335316,False,True,False,True,0,1,0,14,0,3,688,469,"[false, false, false]",90,2,0,Starfield Stage - 1
1540,2025-09-28T18:05:22.563091,9,612.5,279.5,-2.7624517740356516,False,True,False,True,0,1,0,14,0,3,688,469,"[false, false, false]",90,2,0,Starfield Stage - 1
1541,2025-09-28T18:05:22.572466,9,610.0,282.0,-2.746421883186936,False,True,False,True,0,1,0,14,0,3,688,469,"[false, false, false]",90,2,0,Starfield Stage - 1
1542,2025-09-28T18:05:22.581351,9,607.5,284.5,-2.7301778026178076,False,True,False,True,0,2,0,14,0,3,688,469,"[false, false, false]",90,2,0,Starfield Stage - 1
1543,2025-09-28T18:05:22.589280,8,605.0,287.0,-2.713723952991091,False,True,False,True,0,2,0,14,0,3,688,469,"[false, false, false]",90,2,0,Starfield Stage - 1
1544,2025-09-28T18:05:22.597102,8,602.5,289.5,-2.6970653238923807,False,True,False,True,0,2,0,14,0,3,688,469,"[false, false, false]",90,2,0,Starfield Stage - 1
1545,2025-09-28T18:05:22.607043,9,600.0,292.0,-2.680207484167694,False,True,False,True,0,2,0,14,0,3,688,469,"[false, false, false]",90,2,0,Starfield Stage - 1
1546,2025-09-28T18:05:22.615732,9,597.5,294.5,-2.663156589193015,False,True,False,True,0,2,0,14,0,3,688,469,"[false, false, false]",90,2,0,Starfield Stage - 1
1547,2025-09-28T18:05:22.624716,9,595.0,297.0,-2.6459193847738245,False,True,False,True,0,2,0,14,0,3,688,469,"[false, false, false]",90,2,0,Starfield Stage - 1
1548,2025-09-28T18:05:22.632969,8,592.5,299.5,-2.628503207393102,False,True,False,True,0,2,0,14,0,3,688,469,"[false, false, false]",90,2,0,Starfield Stage - 1
1549,2025-09-28T18:05:22.641418,9,590.0,302.0,-2.610915980553896,False,True,False,True,0,2,0,14,0,3,688,469,"[false, false, false]",90,2,0,Starfield Stage - 1
1550,2025-09-28T18:05:22.649289,8,587.5,304.5,-2.593166206997492,False,True,False,True,0,2,0,14,0,3,688,469,"[false, false, false]",90,2,0,Starfield Stage - 1
1551,2025-09-28T18:05:22.656903,8,585.0,307.0,-2.5752629566203398,False,True,False,True,0,2,0,14,0,3,688,469,"[false, false, false]",90,2,0,Starfield Stage - 1
1552,2025-09-28T18:05:22.665441,8,582.5,309.5,-2.55721584996193,False,True,False,True,0,2,0,14,0,3,688,469,"[false, false, false]",90,2,0,Starfield Stage - 1
1553,2025-09-28T18:05:22.673391,8,580.0,312.0,-2.5390350371911397,False,True,False,True,0,2,0,14,0,3,688,469,"[false, false, false]",90,2,0,Starfield Stage - 1
1554,2025-09-28T18:05:22.681285,8,577.5,314.5,-2.5207311725793375,False,True,False,True,0,2,0,14,0,3,688,469,"[false, false, false]",90,2,0,Starfield Stage - 1
1555,2025-09-28T18:05:22.689434,8,575.0,317.0,-2.502315384513731,False,True,False,True,0,2,0,14,0,3,688,469,"[false, false, false]",90,2,0,Starfield Stage - 1
1556,2025-09-28T18:05:22.697861,9,572.5,319.5,-2.4837992411726453,False,True,False,True,0,2,0,14,0,3,688,469,"[false, false, false]",90,2,0,Starfield Stage - 1
1557,2025-09-28T18:05:22.706773,9,570.0,322.0,-2.4651947120542532,False,True,False,True,0,2,0,14,0,3,688,469,"[false, false, false]",90,2,0,Starfield Stage - 1
1558,2025-09-28T18:05:22.716855,10,567.5,324.5,-2.4465141256198986,False,True,False,True,0,2,0,14,0,3,688,469,"[false, false, false]",90,2,0,Starfield Stage - 1
1559,2025-09-28T18:05:22.726208,9,565.0,327.0,-2.4277701233809683,False,True,False,True,0,2,0,14,0,3,688,469,"[false, false, false]",90,2,0,Starfield Stage - 1
1560,2025-09-28T18:05:22.734531,9,562.5,329.5,-2.4089756108222855,False,True,False,True,0,2,0,14,0,3,688,469,"[false, false, false]",90,2,0,Starfield Stage - 1
1561,2025-09-28T18:05:22.743056,8,560.0,332.0,-2.390143705613529,False,True,False,True,0,2,0,14,0,3,688,469,"[false, false, false]",90,2,0,Starfield Stage - 1
1562,2025-09-28T18:05:22.752158,9,557.5,334.5,-2.371287683611478,False,True,False,True,0,2,0,14,0,3,688,469,"[false, false, false]",90,2,0,Starfield Stage - 1
1563,2025-09-28T18:05:22.760414,8,555.0,337.0,-2.3524209231984097,False,True,False,True,0,2,0,14,0,3,688,469,"[false, false, false]",90,2,0,Starfield Stage - 1
1564,2025-09-28T18:05:22.769006,9,552.5,339.5,-2.3335568485344473,False,True,False,True,0,2,0,14,0,3,688,469,"[false, false, false]",90,2,0,Starfield Stage - 1
1565,2025-09-28T18:05:22.778042,9,550.0,342.0,-2.3147088723230436,False,True,False,True,0,2,0,14,0,3,688,469,"[false, false, false]",90,2,0,Starfield Stage - 1
1566,2025-09-28T18:05:22.787027,9,547.5,344.5,-2.295890338698421,False,True,False,True,0,2,0,14,0,3,688,469,"[false, false, false]",90,2,0,Starfield Stage - 1
1567,2025-09-28T18:05:22.795958,9,545.0,347.0,-2.2771144668413785,False,True,False,True,0,2,0,14,0,3,688,469,"[false, false, false]",90,2,0,Starfield Stage - 1
1568,2025-09-28T18:05:22.805555,9,542.5,349.5,-2.258394295915472,False,True,False,True,0,2,0,14,0,3,688,469,"[false, false, false]",90,2,0,Starfield Stage - 1
1569,2025-09-28T18:05:22.814090,9,540.0,352.0,-2.2397426318896585,False,True,False,True,0,2,0,14,0,3,688,469,"[false, false, false]",90,2,0,Starfield Stage - 1
1570,2025-09-28T18:05:22.822961,9,537.5,354.5,-2.2211719967768597,False,True,False,True,0,2,0,14,0,3,688,469,"[false, false, false]",90,2,0,Starfield Stage - 1
1571,2025-09-28T18:05:22.832503,10,535.0,357.0,-2.2026945807717007,False,True,False,True,0,2,0,14,0,3,688,469,"[false, false, false]",90,2,0,Starfield Stage - 1
1572,2025-09-28T18:05:22.841286,8,532.5,359.5,-2.1843221977162863,False,True,False,True,0,2,0,14,0,3,688,469,"[false, false, false]",90,2,0,Starfield Stage - 1
1573,2025-09-28T18:05:22.849410,8,530.0,362.0,-2.166066244261947,False,True,False,True,0,2,0,14,0,3,688,469,"[false, false, false]",90,2,0,Starfield Stage - 1
1574,2025-09-28T18:05:22.857175,8,527.5,364.5,-2.147937663029124,False,True,False,True,0,2,0,14,0,3,688,469,"[false, false, false]",90,2,0,Starfield Stage - 1
1575,2025-09-28T18:05:22.865728,8,525.0,367.0,-2.1299469099988237,False,True,False,True,0,2,0,14,0,3,688,469,"[false, false, false]",90,2,0,Starfield Stage - 1
1576,2025-09-28T18:05:22.874045,9,522.5,369.5,-2.1121039262991337,False,True,False,True,0,2,0,14,0,3,688,469,"[false, false, false]",90,2,0,Starfield Stage - 1
1577,2025-09-28T18:05:22.882907,9,520.0,372.0,-2.094418114480943,False,True,False,True,0,2,0,14,0,3,688,469,"[false, false, false]",90,2,0,Starfield Stage - 1
1578,2025-09-28T18:05:22.892220,9,517.5,374.5,-2.0768983193098167,False,True,False,True,0,2,0,14,0,3,688,469,"[false, false, false]",90,2,0,Starfield Stage - 1
1579,2025-09-28T18:05:22.899774,8,515.0,374.5,-2.070750335849764,False,True,False,False,0,2,0,14,0,3,688,469,"[false, false, false]",90,2,0,Starfield Stage - 1
1580,2025-09-28T18:05:22.909478,9,512.5,374.5,-2.0647376957144776,False,True,False,False,0,2,0,14,0,3,688,469,"[false, false, false]",90,2,0,Starfield Stage - 1
1581,2025-09-28T18:05:22.917729,9,510.0,374.5,-2.058856399049523,False,True,False,False,0,2,0,14,0,3,688,469,"[false, false, false]",90,2,0,Starfield Stage - 1
1582,2025-09-28T18:05:22.927559,9,507.5,374.5,-2.0531025824828575,False,True,False,False,0,2,0,14,0,3,688,469,"[false, false, false]",90,2,0,Starfield Stage - 1
1583,2025-09-28T18:05:22.935134,8,505.0,374.5,-2.0474725145327937,False,True,False,False,0,2,0,14,0,3,688,469,"[false, false, false]",90,2,0,Starfield Stage - 1
1584,2025-09-28T18:05:22.943740,9,502.5,374.5,-2.041962591108007,False,True,False,False,0,2,0,14,0,3,688,469,"[false, false, false]",90,2,0,Starfield Stage - 1
1585,2025-09-28T18:05:22.952716,9,500.0,374.5,-2.036569331107565,False,True,False,False,0,2,0,14,0,3,688,469,"[false, false, false]",90,2,0,Starfield Stage - 1
1586,2025-09-28T18:05:22.961887,9,497.5,374.5,-2.031289372127226,False,True,False,False,0,2,0,14,0,3,688,469,"[false, false, false]",90,2,0,Starfield Stage - 1
1587,2025-09-28T18:05:22.971280,9,495.0,374.5,-2.026119466276765,False,True,False,False,0,2,0,14,0,3,688,469,"[false, false, false]",90,2,0,Starfield Stage - 1
1588,2025-09-28T18:05:22.979132,8,492.5,374.5,-2.0189011460661863,False,True,False,False,0,2,0,14,0,3,687,468,"[false, false, false]",90,2,0,Starfield Stage - 1
1589,2025-09-28T18:05:22.988512,9,490.0,374.5,-2.0159084686777455,False,True,False,False,0,2,0,14,0,3,686,468,"[false, false, false]",90,2,0,Starfield Stage - 1
1590,2025-09-28T18:05:22.996895,9,487.5,374.5,-2.0129528745465204,False,True,False,False,0,2,0,14,0,3,685,468,"[false, false, false]",90,2,0,Starfield Stage - 1
1591,2025-09-28T18:05:23.006130,9,485.0,374.5,-2.008107574612274,False,True,False,False,0,2,0,14,0,3,685,468,"[false, false, false]",90,2,0,Starfield Stage - 1
1592,2025-09-28T18:05:23.015439,9,482.5,372.0,-2.0154081592497146,False,True,True,False,0,2,0,14,0,3,684,468,"[false, false, false]",90,2,0,Starfield Stage - 1
1593,2025-09-28T18:05:23.023789,9,480.0,369.5,-2.0225515331418844,False,True,True,False,0,2,0,14,0,3,683,468,"[false, false, false]",90,2,0,Starfield Stage - 1
1594,2025-09-28T18:05:23.032774,9,477.5,367.0,-2.0295420142742535,False,True,True,False,0,2,0,14,0,3,682,468,"[false, false, false]",90,2,0,Starfield Stage - 1
1595,2025-09-28T18:05:23.042287,9,475.0,364.5,-2.0344439357957027,False,True,True,False,0,2,0,14,0,3,682,468,"[false, false, false]",90,2,0,Starfield Stage - 1
1596,2025-09-28T18:05:23.049916,8,472.5,362.0,-2.039205804564864,False,True,True,False,0,2,0,14,0,3,682,468,"[false, false, false]",90,2,0,Starfield Stage - 1
1597,2025-09-28T18:05:23.058372,9,470.0,359.5,-2.0438333312221046,False,True,True,False,0,2,0,14,0,3,682,468,"[false, false, false]",90,2,0,Starfield Stage - 1
1598,2025-09-28T18:05:23.067877,9,467.5,357.0,-2.05024187791306,False,True,True,False,0,2,0,14,0,3,681,468,"[false, false, false]",90,2,0,Starfield Stage - 1
1599,2025-09-28T18:05:23.076824,9,465.0,354.5,-2.0546061895064183,False,True,True,False,0,2,0,14,0,3,681,468,"[false, false, false]",90,2,0,Starfield Stage - 1
1600,2025-09-28T18:05:23.085488,8,462.5,352.0,-2.060753653048625,False,True,True,False,0,2,0,14,0,3,680,468,"[false, false, false]",90,2,0,Starfield Stage - 1
1601,2025-09-28T18:05:23.094377,9,460.0,349.5,-2.064873215431767,False,True,True,False,0,2,0,14,0,3,680,468,"[false, false, false]",90,2,0,Starfield Stage - 1
1602,2025-09-28T18:05:23.102274,8,457.5,347.0,-2.068882611140308,False,True,True,False,0,2,0,14,0,3,680,468,"[false, false, false]",90,2,0,Starfield Stage - 1
1603,2025-09-28T18:05:23.110660,9,455.0,344.5,-2.072786077146499,False,True,True,False,0,2,0,14,0,3,680,468,"[false, false, false]",90,2,0,Starfield Stage - 1
1604,2025-09-28T18:05:23.118944,8,452.5,342.0,-2.0765876423893,False,True,True,False,0,2,0,14,0,3,680,468,"[false, false, false]",90,2,0,Starfield Stage - 1
1605,2025-09-28T18:05:23.127858,9,450.0,339.5,-2.080291139964507,False,True,True,False,0,2,0,14,0,3,680,468,"[false, false, false]",90,2,0,Starfield Stage - 1
1606,2025-09-28T18:05:23.137224,9,447.5,337.0,-2.0839002185007187,False,True,True,False,0,2,0,14,0,3,680,468,"[false, false, false]",90,2,0,Starfield Stage - 1
1607,2025-09-28T18:05:23.145355,8,445.0,334.5,-2.0874183527808463,False,True,True,False,0,2,0,14,0,3,680,468,"[false, false, false]",90,2,0,Starfield Stage - 1
1608,2025-09-28T18:05:23.153593,9,442.5,332.0,-2.089486963960642,False,True,True,False,0,2,0,14,0,3,679,467,"[false, false, false]",90,2,0,Starfield Stage - 1
1609,2025-09-28T18:05:23.162910,9,440.0,329.5,-2.0928664093166676,False,True,True,False,0,2,0,14,0,3,679,467,"[false, false, false]",90,2,0,Starfield Stage - 1
1610,2025-09-28T18:05:23.171982,9,437.5,327.0,-2.0930583891141294,False,True,True,False,0,2,0,14,0,3,679,466,"[false, false, false]",90,2,0,Starfield Stage - 1
1611,2025-09-28T18:05:23.181211,9,435.0,324.5,-2.0963187838237514,False,True,True,False,0,2,0,14,0,3,679,466,"[false, false, false]",90,2,0,Starfield Stage - 1
1612,2025-09-28T18:05:23.189896,8,432.5,322.0,-2.0995011331811337,False,True,True,False,0,2,0,14,0,3,679,466,"[false, false, false]",90,2,0,Starfield Stage - 1
1613,2025-09-28T18:05:23.197867,8,430.0,319.5,-2.102608144141227,False,True,True,False,0,2,0,14,0,3,679,466,"[false, false, false]",90,2,0,Starfield Stage - 1
1614,2025-09-28T18:05:23.206445,8,427.5,317.0,-2.105642402815879,False,True,True,False,0,2,0,14,0,3,679,466,"[false, false, false]",90,2,0,Starfield Stage - 1
1615,2025-09-28T18:05:23.213435,8,425.0,317.0,-2.1013151604774922,False,True,False,False,0,2,0,14,0,3,679,466,"[false, false, false]",90,2,0,Starfield Stage - 1
1616,2025-09-28T18:05:23.221755,9,422.5,317.0,-2.0970508306156987,False,True,False,False,0,2,0,14,0,3,679,466,"[false, false, false]",90,2,0,Starfield Stage - 1
1617,2025-09-28T18:05:23.231061,9,420.0,317.0,-2.0928482028922293,False,True,False,False,0,2,0,14,0,3,679,466,"[false, false, false]",90,2,0,Starfield Stage - 1
1618,2025-09-28T18:05:23.239629,9,417.5,317.0,-2.088706093021043,False,True,False,False,0,2,0,14,0,3,679,466,"[false, false, false]",90,2,0,Starfield Stage - 1
1619,2025-09-28T18:05:23.249035,9,415.0,317.0,-2.0846233422699036,False,True,False,False,0,2,0,14,0,3,679,466,"[false, false, false]",90,2,0,Starfield Stage - 1
1620,2025-09-28T18:05:23.257863,9,412.5,317.0,-2.080598816962313,False,True,False,False,0,2,0,14,0,3,679,466,"[false, false, false]",90,2,0,Starfield Stage - 1
1621,2025-09-28T18:05:23.267030,9,410.0,317.0,-2.076631407980764,False,True,False,False,0,2,0,14,0,3,679,466,"[false, false, false]",90,2,0,Starfield Stage - 1
1622,2025-09-28T18:05:23.276971,10,407.5,317.0,-2.072720030272185,False,True,False,False,0,2,0,14,0,3,679,466,"[false, false, false]",90,2,0,Starfield Stage - 1
1623,2025-09-28T18:05:23.285875,9,405.0,317.0,-2.068863622356352,False,True,False,False,0,1,0,14,0,3,679,466,"[false, false, false]",90,2,0,Starfield Stage - 1
1624,2025-09-28T18:05:23.295531,9,402.5,317.0,-2.065061145837969,False,True,False,False,0,1,0,14,0,3,679,466,"[false, false, false]",90,2,0,Starfield Stage - 1
1625,2025-09-28T18:05:23.304011,9,400.0,317.0,-2.0613115849230366,False,True,False,False,0,1,0,14,0,3,679,466,"[false, false, false]",90,2,0,Starfield Stage - 1
1626,2025-09-28T18:05:23.313155,9,397.5,317.0,-2.057613945940061,False,True,False,False,0,1,0,14,0,3,679,466,"[false, false, false]",90,2,0,Starfield Stage - 1
1627,2025-09-28T18:05:23.322309,9,395.0,317.0,-2.05396725686659,False,True,False,False,0,1,0,14,0,3,679,466,"[false, false, false]",90,2,0,Starfield Stage - 1
1628,2025-09-28T18:05:23.331040,9,392.5,317.0,-2.0503705668615075,False,True,False,False,0,1,0,14,0,3,679,466,"[false, false, false]",90,2,0,Starfield Stage - 1
1629,2025-09-28T18:05:23.339661,8,390.0,317.0,-2.0468229458034566,False,True,False,False,0,1,0,14,0,3,679,466,"[false, false, false]",90,2,0,Starfield Stage - 1
1630,2025-09-28T18:05:23.348653,9,387.5,317.0,-2.0433234838357204,False,True,False,False,0,1,0,14,0,3,679,466,"[false, false, false]",90,2,0,Starfield Stage - 1
1631,2025-09-28T18:05:23.357359,9,385.0,317.0,-2.039871290917835,False,True,False,False,0,1,0,14,0,3,679,466,"[false, false, false]",90,2,0,Starfield Stage - 1
1632,2025-09-28T18:05:23.365978,9,382.5,319.5,-2.0297110434815537,False,True,False,True,0,1,0,14,0,3,679,466,"[false, false, false]",90,2,0,Starfield Stage - 1
1633,2025-09-28T18:05:23.375256,9,380.0,322.0,-2.0196202238470082,False,True,False,True,0,1,0,14,0,3,679,466,"[false, false, false]",90,2,0,Starfield Stage - 1
1634,2025-09-28T18:05:23.383637,9,377.5,324.5,-2.0096001564884354,False,True,False,True,0,1,0,14,0,3,679,466,"[false, false, false]",90,2,0,Starfield Stage - 1
1635,2025-09-28T18:05:23.392879,9,375.0,327.0,-1.9996520905591644,False,True,False,True,0,1,0,14,0,3,679,466,"[false, false, false]",90,2,0,Starfield Stage - 1
1636,2025-09-28T18:05:23.402331,9,372.5,329.5,-1.989777200336309,False,True,False,True,0,1,0,14,0,3,679,466,"[false, false, false]",90,2,0,Starfield Stage - 1
1637,2025-09-28T18:05:23.411002,9,370.0,332.0,-1.9799765858153626,False,True,False,True,0,1,0,14,0,3,679,466,"[false, false, false]",90,2,0,Starfield Stage - 1
1638,2025-09-28T18:05:23.419640,8,367.5,334.5,-1.970251273446319,False,True,False,True,0,1,0,14,0,3,679,466,"[false, false, false]",90,2,0,Starfield Stage - 1
1639,2025-09-28T18:05:23.427971,9,365.0,337.0,-1.960602217002717,False,True,False,True,0,1,0,14,0,3,679,466,"[false, false, false]",90,2,0,Starfield Stage - 1
1640,2025-09-28T18:05:23.436730,9,362.5,339.5,-1.9510302985748549,False,True,False,True,0,1,0,14,0,3,679,466,"[false, false, false]",90,2,0,Starfield Stage - 1
1641,2025-09-28T18:05:23.446709,9,360.0,342.0,-1.9415363296783048,False,True,False,True,0,1,0,14,0,3,679,466,"[false, false, false]",90,2,0,Starfield Stage - 1
1642,2025-09-28T18:05:23.454758,8,357.5,344.5,-1.9321210524688386,False,True,False,True,0,1,0,14,0,3,679,466,"[false, false, false]",90,2,0,Starfield Stage - 1
1643,2025-09-28T18:05:23.462828,9,355.0,347.0,-1.9227851410548709,False,True,False,True,0,1,0,14,0,3,679,466,"[false, false, false]",90,2,0,Starfield Stage - 1
1644,2025-09-28T18:05:23.471648,9,352.5,349.5,-1.9135292028986037,False,True,False,True,0,1,0,14,0,3,679,466,"[false, false, false]",90,2,0,Starfield Stage - 1
1645,2025-09-28T18:05:23.480049,8,350.0,352.0,-1.904353780297168,False,True,False,True,0,1,0,14,0,3,679,466,"[false, false, false]",90,2,0,Starfield Stage - 1
1646,2025-09-28T18:05:23.488870,9,347.5,354.5,-1.8952593519352086,False,True,False,True,0,1,0,14,0,3,679,466,"[false, false, false]",90,2,0,Starfield Stage - 1
1647,2025-09-28T18:05:23.497847,9,345.0,357.0,-1.8862463345005565,False,True,False,True,0,1,0,14,0,3,679,466,"[false, false, false]",90,2,0,Starfield Stage - 1
1648,2025-09-28T18:05:23.507012,9,342.5,359.5,-1.8773150843548598,False,True,False,True,0,1,0,14,0,3,679,466,"[false, false, false]",90,2,0,Starfield Stage - 1
1649,2025-09-28T18:05:23.515805,9,340.0,362.0,-1.868465899251305,False,True,False,True,0,1,0,14,0,3,679,466,"[false, false, false]",90,2,0,Starfield Stage - 1
1650,2025-09-28T18:05:23.524984,9,337.5,364.5,-1.859699020091838,False,True,False,True,0,1,0,14,0,3,679,466,"[false, false, false]",90,2,0,Starfield Stage - 1
1651,2025-09-28T18:05:23.533721,9,335.0,367.0,-1.8510146327166064,False,True,False,True,0,1,0,14,0,3,679,466,"[false, false, false]",90,2,0,Starfield Stage - 1
1652,2025-09-28T18:05:23.543899,9,335.0,369.5,-1.8442901788921129,True,True,False,True,0,1,0,14,0,3,679,466,"[false, false, false]",90,2,0,Starfield Stage - 1
1653,2025-09-28T18:05:23.551922,8,335.0,372.0,-1.8375402598215476,True,True,False,True,0,1,0,14,0,3,679,466,"[false, false, false]",90,2,0,Starfield Stage - 1
1654,2025-09-28T18:05:23.560026,9,335.0,374.5,-1.8307653491010534,True,True,False,True,0,1,0,14,0,3,679,466,"[false, false, false]",90,2,0,Starfield Stage - 1
1655,2025-09-28T18:05:23.569564,9,335.0,377.0,-1.8239659330156888,True,True,False,True,0,1,0,14,0,3,679,466,"[false, false, false]",90,2,0,Starfield Stage - 1
1656,2025-09-28T18:05:23.577575,8,335.0,379.5,-1.817142510436809,True,True,False,True,0,1,0,14,0,3,679,466,"[false, false, false]",90,2,0,Starfield Stage - 1
1657,2025-09-28T18:05:23.586185,9,337.5,382.0,-1.8119819046645889,True,False,False,True,0,1,0,14,0,3,679,466,"[false, false, false]",90,2,0,Starfield Stage - 1
1658,2025-09-28T18:05:23.594568,9,340.0,384.5,-1.806731758187574,True,False,False,True,0,1,0,14,0,3,679,466,"[false, false, false]",90,2,0,Starfield Stage - 1
1659,2025-09-28T18:05:23.603148,8,342.5,387.0,-1.8013900173067858,True,False,False,True,0,1,0,14,0,3,679,466,"[false, false, false]",90,2,0,Starfield Stage - 1
1660,2025-09-28T18:05:23.610676,8,345.0,389.5,-1.7959545769550724,True,False,False,True,0,1,0,14,0,3,679,466,"[false, false, false]",90,2,0,Starfield Stage - 1
1661,2025-09-28T18:05:23.619611,9,347.5,392.0,-1.7904232797204824,True,False,False,True,0,1,0,14,0,3,679,466,"[false, false, false]",90,2,0,Starfield Stage - 1
1662,2025-09-28T18:05:23.629041,9,350.0,394.5,-1.7847939148953658,True,False,False,True,0,1,0,14,0,3,679,466,"[false, false, false]",90,2,0,Starfield Stage - 1
1663,2025-09-28T18:05:23.637851,9,352.5,397.0,-1.7790642175572167,True,False,False,True,0,2,0,14,0,3,679,466,"[false, false, false]",90,2,0,Starfield Stage - 1
1664,2025-09-28T18:05:23.646695,9,355.0,399.5,-1.773231867687896,True,False,False,True,0,2,0,14,0,3,679,466,"[false, false, false]",90,2,0,Starfield Stage - 1
1665,2025-09-28T18:05:23.655913,9,357.5,402.0,-1.767294489338562,True,False,False,True,0,2,0,14,0,3,679,466,"[false, false, false]",90,2,0,Starfield Stage - 1
1666,2025-09-28T18:05:23.664477,9,360.0,404.5,-1.7612496498483745,True,False,False,True,0,2,0,14,0,3,679,466,"[false, false, false]",90,2,0,Starfield Stage - 1
1667,2025-09-28T18:05:23.673863,9,362.5,407.0,-1.7550948591258344,True,False,False,True,0,2,0,14,0,3,679,466,"[false, false, false]",90,2,0,Starfield Stage - 1
1668,2025-09-28T18:05:23.682780,9,365.0,409.5,-1.7488275690024813,True,False,False,True,0,2,0,14,0,3,679,466,"[false, false, false]",90,2,0,Starfield Stage - 1
1669,2025-09-28T18:05:23.692071,9,367.5,412.0,-1.7424451726695922,True,False,False,True,0,2,0,14,0,3,679,466,"[false, false, false]",90,2,0,Starfield Stage - 1
1670,2025-09-28T18:05:23.700638,9,370.0,414.5,-1.7359450042095235,True,False,False,True,0,2,0,14,0,3,679,466,"[false, false, false]",90,2,0,Starfield Stage - 1
1671,2025-09-28T18:05:23.710018,9,372.5,417.0,-1.7293243382343868,True,False,False,True,0,2,0,14,0,3,679,466,"[false, false, false]",90,2,0,Starfield Stage - 1
1672,2025-09-28T18:05:23.718324,8,375.0,419.5,-1.722580389645901,True,False,False,True,0,2,0,14,0,3,679,466,"[false, false, false]",90,2,0,Starfield Stage - 1
1673,2025-09-28T18:05:23.727677,9,377.5,422.0,-1.7157103135314575,True,False,False,True,0,2,0,14,0,3,679,466,"[false, false, false]",90,2,0,Starfield Stage - 1
1674,2025-09-28T18:05:23.735151,8,380.0,424.5,-1.7087112052127287,True,False,False,True,0,2,0,14,0,3,679,466,"[false, false, false]",90,2,0,Starfield Stage - 1
1675,2025-09-28T18:05:23.743006,8,382.5,427.0,-1.7015801004645144,True,False,False,True,0,2,0,14,0,3,679,466,"[false, false, false]",90,2,0,Starfield Stage - 1
1676,2025-09-28T18:05:23.752482,9,385.0,429.5,-1.6943139759229566,True,False,False,True,0,2,0,14,0,3,679,466,"[false, false, false]",90,2,0,Starfield Stage - 1
1677,2025-09-28T18:05:23.761170,9,387.5,432.0,-1.6869097497037753,True,False,False,True,0,2,0,14,0,3,679,466,"[false, false, false]",90,2,0,Starfield Stage - 1
1678,2025-09-28T18:05:23.769574,8,390.0,434.5,-1.6793642822527655,True,False,False,True,0,2,0,14,0,3,679,466,"[false, false, false]",90,2,0,Starfield Stage - 1
1679,2025-09-28T18:05:23.778191,9,392.5,437.0,-1.6716743774524656,True,False,False,True,0,2,0,14,0,3,679,466,"[false, false, false]",90,2,0,Starfield Stage - 1
1680,2025-09-28T18:05:23.786657,9,395.0,439.5,-1.663836784010627,True,False,False,True,0,2,0,14,0,3,679,466,"[false, false, false]",90,2,0,Starfield Stage - 1
1681,2025-09-28T18:05:23.795634,9,397.5,439.5,-1.6646582523636033,True,False,False,False,0,2,0,14,0,3,679,466,"[false, false, false]",90,2,0,Starfield Stage - 1
1682,2025-09-28T18:05:23.804314,8,400.0,439.5,-1.6654943118981718,True,False,False,False,0,2,0,14,0,3,679,466,"[false, false, false]",90,2,0,Starfield Stage - 1
1683,2025-09-28T18:05:23.812210,8,402.5,439.5,-1.6663453536571073,True,False,False,False,0,2,0,14,0,3,679,466,"[false, false, false]",90,2,0,Starfield Stage - 1
1684,2025-09-28T18:05:23.819821,8,405.0,439.5,-1.6672117827380326,True,False,False,False,0,2,0,14,0,3,679,466,"[false, false, false]",90,2,0,Starfield Stage - 1
1685,2025-09-28T18:05:23.828839,9,407.5,439.5,-1.6680940189285243,True,False,False,False,0,2,0,14,0,3,679,466,"[false, false, false]",90,2,0,Starfield Stage - 1
1686,2025-09-28T18:05:23.837841,9,410.0,439.5,-1.6689924973758572,True,False,False,False,0,2,0,14,0,3,679,466,"[false, false, false]",90,2,0,Starfield Stage - 1
1687,2025-09-28T18:05:23.847039,9,412.5,439.5,-1.6699076692936,True,False,False,False,0,2,0,14,0,3,679,466,"[false, false, false]",90,2,0,Starfield Stage - 1
1688,2025-09-28T18:05:23.856042,9,415.0,439.5,-1.6708400027074422,True,False,False,False,0,2,0,14,0,3,679,466,"[false, false, false]",90,2,0,Starfield Stage - 1
1689,2025-09-28T18:05:23.865093,9,417.5,439.5,-1.6717899832428098,True,False,False,False,0,2,0,14,0,3,679,466,"[false, false, false]",90,2,0,Starfield Stage - 1
1690,2025-09-28T18:05:23.874326,9,420.0,439.5,-1.6727581149570137,True,False,False,False,0,2,0,14,0,3,679,466,"[false, false, false]",90,2,0,Starfield Stage - 1
1691,2025-09-28T18:05:23.882532,9,422.5,439.5,-1.6737449212188868,True,False,False,False,0,2,0,14,0,3,679,466,"[false, false, false]",90,2,0,Starfield Stage - 1
1692,2025-09-28T18:05:23.892052,9,425.0,439.5,-1.6747509456390905,True,False,False,False,0,2,0,14,0,3,679,466,"[false, false, false]",90,2,0,Starfield Stage - 1
1693,2025-09-28T18:05:23.901050,9,427.5,439.5,-1.6757767530545138,True,False,False,False,0,2,0,14,0,3,679,466,"[false, false, false]",90,2,0,Starfield Stage - 1
1694,2025-09-28T18:05:23.910237,9,430.0,439.5,-1.6768229305704543,True,False,False,False,0,2,0,14,0,3,679,466,"[false, false, false]",90,2,0,Starfield Stage - 1
1695,2025-09-28T18:05:23.918334,8,432.5,439.5,-1.6778900886645642,True,False,False,False,0,2,0,14,0,3,679,466,"[false, false, false]",90,2,0,Starfield Stage - 1
1696,2025-09-28T18:05:23.927710,9,435.0,439.5,-1.6789788623568527,True,False,False,False,0,2,0,14,0,3,679,466,"[false, false, false]",90,2,0,Starfield Stage - 1
1697,2025-09-28T18:05:23.936879,9,437.5,439.5,-1.680089912450384,True,False,False,False,0,2,0,14,0,3,679,466,"[false, false, false]",90,2,0,Starfield Stage - 1
1698,2025-09-28T18:05:23.944905,8,440.0,439.5,-1.6812239268476845,True,False,False,False,0,2,0,14,0,3,679,466,"[false, false, false]",90,2,0,Starfield Stage - 1
1699,2025-09-28T18:05:23.953276,9,442.5,439.5,-1.6823816219482752,True,False,False,False,0,2,0,15,0,3,679,466,"[false, false, false]",90,2,0,Starfield Stage - 1
1700,2025-09-28T18:05:23.961794,9,445.0,439.5,-1.6835637441332032,True,False,False,False,0,2,0,15,0,3,679,466,"[false, false, false]",90,2,0,Starfield Stage - 1
1701,2025-09-28T18:05:23.971214,9,447.5,439.5,-1.6847710713429178,True,False,False,False,0,2,0,15,0,3,679,466,"[false, false, false]",90,2,0,Starfield Stage - 1
1702,2025-09-28T18:05:23.979220,8,450.0,437.0,-1.696763356484776,True,False,True,False,0,2,0,15,0,3,679,466,"[false, false, false]",90,2,0,Starfield Stage - 1
1703,2025-09-28T18:05:23.987213,8,452.5,434.5,-1.7089828232892945,True,False,True,False,0,2,0,15,0,3,679,466,"[false, false, false]",90,2,0,Starfield Stage - 1
1704,2025-09-28T18:05:23.995546,8,455.0,432.0,-1.7214322350920823,True,False,True,False,0,2,0,15,0,3,679,466,"[false, false, false]",90,2,0,Starfield Stage - 1
1705,2025-09-28T18:05:24.003565,9,457.5,429.5,-1.7341141750577695,True,False,True,False,0,2,0,15,0,3,679,466,"[false, false, false]",90,2,0,Starfield Stage - 1
1706,2025-09-28T18:05:24.012959,9,460.0,427.0,-1.7470310245315723,True,False,True,False,0,2,0,15,0,3,679,466,"[false, false, false]",90,2,0,Starfield Stage - 1
1707,2025-09-28T18:05:24.021930,9,462.5,424.5,-1.7601849403230605,True,False,True,False,0,2,0,15,0,3,679,466,"[false, false, false]",90,2,0,Starfield Stage - 1
1708,2025-09-28T18:05:24.031037,9,465.0,422.0,-1.7735778309743062,True,False,True,False,0,2,0,15,0,3,679,466,"[false, false, false]",90,2,0,Starfield Stage - 1
1709,2025-09-28T18:05:24.039989,9,467.5,419.5,-1.7872113320830008,True,False,True,False,0,2,0,15,0,3,679,466,"[false, false, false]",90,2,0,Starfield Stage - 1
1710,2025-09-28T18:05:24.048586,8,470.0,417.0,-1.8010867807713595,True,False,True,False,0,2,0,15,0,3,679,466,"[false, false, false]",90,2,0,Starfield Stage - 1
1711,2025-09-28T18:05:24.056470,8,472.5,414.5,-1.8152051894136265,True,False,True,False,0,2,0,16,0,3,679,466,"[false, false, false]",90,2,0,Starfield Stage - 1
1712,2025-09-28T18:05:24.064919,9,475.0,412.0,-1.8295672187585943,True,False,True,False,0,2,0,16,0,3,679,466,"[false, false, false]",90,2,0,Starfield Stage - 1
1713,2025-09-28T18:05:24.073931,9,477.5,409.5,-1.8441731506085828,True,False,True,False,0,2,0,16,0,3,679,466,"[false, false, false]",90,2,0,Starfield Stage - 1
1714,2025-09-28T18:05:24.083135,9,480.0,407.0,-1.8590228602424845,True,False,True,False,0,2,0,16,0,3,679,466,"[false, false, false]",90,2,0,Starfield Stage - 1
1715,2025-09-28T18:05:24.091610,8,482.5,404.5,-1.8741157887974398,True,False,True,False,0,2,0,16,0,3,679,466,"[false, false, false]",90,2,0,Starfield Stage - 1
1716,2025-09-28T18:05:24.100335,9,485.0,402.0,-1.8894509158509893,True,False,True,False,0,2,0,16,0,3,679,466,"[false, false, false]",90,2,0,Starfield Stage - 1
1717,2025-09-28T18:05:24.108889,8,487.5,399.5,-1.9050267324726406,True,False,True,False,0,2,0,16,0,3,679,466,"[false, false, false]",90,2,0,Starfield Stage - 1
1718,2025-09-28T18:05:24.117176,9,490.0,397.0,-1.9208412150400425,True,False,True,False,0,2,0,16,0,3,679,466,"[false, false, false]",90,2,0,Starfield Stage - 1
1719,2025-09-28T18:05:24.124719,8,492.5,394.5,-1.9368918001396656,True,False,True,False,0,2,0,16,0,3,679,466,"[false, false, false]",90,2,0,Starfield Stage - 1
1720,2025-09-28T18:05:24.133708,8,495.0,392.0,-1.9531753608942497,True,False,True,False,0,2,0,16,0,3,679,466,"[false, false, false]",90,2,0,Starfield Stage - 1
1721,2025-09-28T18:05:24.141591,9,497.5,389.5,-1.969688185078425,True,False,True,False,0,2,0,16,0,3,679,466,"[false, false, false]",90,2,0,Starfield Stage - 1
1722,2025-09-28T18:05:24.150843,9,500.0,387.0,-1.9864259553989279,True,False,True,False,0,2,0,16,0,3,679,466,"[false, false, false]",90,2,0,Starfield Stage - 1
1723,2025-09-28T18:05:24.160058,9,502.5,384.5,-2.00338373232578,True,False,True,False,0,2,0,16,0,3,679,466,"[false, false, false]",90,2,0,Starfield Stage - 1
1724,2025-09-28T18:05:24.168822,9,505.0,382.0,-2.0205559398647357,True,False,True,False,0,2,0,16,0,3,679,466,"[false, false, false]",90,2,0,Starfield Stage - 1
1725,2025-09-28T18:05:24.177960,9,507.5,379.5,-2.0379363546583344,True,False,True,False,0,2,0,16,0,3,679,466,"[false, false, false]",90,2,0,Starfield Stage - 1
1726,2025-09-28T18:05:24.186955,9,510.0,377.0,-2.0555180987922173,True,False,True,False,0,2,0,16,0,3,679,466,"[false, false, false]",90,2,0,Starfield Stage - 1
1727,2025-09-28T18:05:24.197452,10,512.5,374.5,-2.0732936366642596,True,False,True,False,0,2,0,16,0,3,679,466,"[false, false, false]",90,2,0,Starfield Stage - 1
1728,2025-09-28T18:05:24.205972,8,515.0,372.0,-2.091254776246046,True,False,True,False,0,2,0,16,0,3,679,466,"[false, false, false]",90,2,0,Starfield Stage - 1
1729,2025-09-28T18:05:24.214001,9,517.5,369.5,-2.109392675028947,True,False,True,False,0,2,0,16,0,3,679,466,"[false, false, false]",90,2,0,Starfield Stage - 1
1730,2025-09-28T18:05:24.223088,9,520.0,367.0,-2.1276978509004825,True,False,True,False,0,2,0,16,0,3,679,466,"[false, false, false]",90,2,0,Starfield Stage - 1
1731,2025-09-28T18:05:24.232132,9,522.5,364.5,-2.1461601981410507,True,False,True,False,0,2,0,16,0,3,679,466,"[false, false, false]",90,2,0,Starfield Stage - 1
1732,2025-09-28T18:05:24.240034,8,525.0,362.0,-2.1647690086670015,True,False,True,False,0,2,0,16,0,3,679,466,"[false, false, false]",90,2,0,Starfield Stage - 1
1733,2025-09-28T18:05:24.249398,9,527.5,359.5,-2.1835129985743396,True,False,True,False,0,2,0,16,0,3,679,466,"[false, false, false]",90,2,0,Starfield Stage - 1
1734,2025-09-28T18:05:24.258267,9,530.0,357.0,-2.2023803399593045,True,False,True,False,0,2,0,16,0,3,679,466,"[false, false, false]",90,2,0,Starfield Stage - 1
1735,2025-09-28T18:05:24.267429,9,532.5,354.5,-2.2213586979092588,True,False,True,False,0,2,0,16,0,3,679,466,"[false, false, false]",90,2,0,Starfield Stage - 1
1736,2025-09-28T18:05:24.276172,9,535.0,352.0,-2.2404352724715344,True,False,True,False,0,2,0,16,0,3,679,466,"[false, false, false]",90,2,0,Starfield Stage - 1
1737,2025-09-28T18:05:24.284777,8,537.5,349.5,-2.2595968453213047,True,False,True,False,0,2,0,16,0,3,679,466,"[false, false, false]",90,2,0,Starfield Stage - 1
1738,2025-09-28T18:05:24.293426,9,540.0,347.0,-2.2788298307643715,True,False,True,False,0,2,0,16,0,3,679,466,"[false, false, false]",90,2,0,Starfield Stage - 1
1739,2025-09-28T18:05:24.301664,9,542.5,344.5,-2.298120330629391,True,False,True,False,0,2,0,16,0,3,679,466,"[false, false, false]",90,2,0,Starfield Stage - 1
1740,2025-09-28T18:05:24.310743,9,545.0,342.0,-2.3174541925288654,True,False,True,False,0,2,0,16,0,3,679,466,"[false, false, false]",90,2,0,Starfield Stage - 1
1741,2025-09-28T18:05:24.319958,9,547.5,339.5,-2.3368170709015046,True,False,True,False,0,2,0,16,0,3,679,466,"[false, false, false]",90,2,0,Starfield Stage - 1
1742,2025-09-28T18:05:24.329785,9,550.0,337.0,-2.356194490192345,True,False,True,False,0,2,0,16,0,3,679,466,"[false, false, false]",90,2,0,Starfield Stage - 1
1743,2025-09-28T18:05:24.337822,9,552.5,334.5,-2.375571909483185,True,False,True,False,0,2,0,16,0,3,679,466,"[false, false, false]",90,2,0,Starfield Stage - 1
1744,2025-09-28T18:05:24.347237,9,555.0,332.0,-2.3949347878558243,True,False,True,False,0,2,0,16,0,3,679,466,"[false, false, false]",90,2,0,Starfield Stage - 1
1745,2025-09-28T18:05:24.355377,8,557.5,329.5,-2.4142686497552988,True,False,True,False,0,2,0,16,0,3,679,466,"[false, false, false]",90,2,0,Starfield Stage - 1
1746,2025-09-28T18:05:24.363597,8,560.0,327.0,-2.433559149620318,True,False,True,False,0,2,0,16,0,3,679,466,"[false, false, false]",90,2,0,Starfield Stage - 1
1747,2025-09-28T18:05:24.372292,9,562.5,324.5,-2.4527921350633854,True,False,True,False,0,2,0,16,0,3,679,466,"[false, false, false]",90,2,0,Starfield Stage - 1
1748,2025-09-28T18:05:24.380940,8,565.0,322.0,-2.4719537079131557,True,False,True,False,0,2,0,16,0,3,679,466,"[false, false, false]",90,2,0,Starfield Stage - 1
1749,2025-09-28T18:05:24.389169,9,567.5,319.5,-2.491030282475431,True,False,True,False,0,2,0,16,0,3,679,466,"[false, false, false]",90,2,0,Starfield Stage - 1
1750,2025-09-28T18:05:24.397034,8,570.0,317.0,-2.510008640425385,True,False,True,False,0,2,0,16,0,3,679,466,"[false, false, false]",90,2,0,Starfield Stage - 1
1751,2025-09-28T18:05:24.406426,9,572.5,314.5,-2.5288759818103506,True,False,True,False,0,2,0,16,0,3,679,466,"[false, false, false]",90,2,0,Starfield Stage - 1
1752,2025-09-28T18:05:24.414574,8,575.0,312.0,-2.547619971717688,True,False,True,False,0,2,0,16,0,3,679,466,"[false, false, false]",90,2,0,Starfield Stage - 1
1753,2025-09-28T18:05:24.422855,9,577.5,309.5,-2.566228782243639,True,False,True,False,0,2,0,16,0,3,679,466,"[false, false, false]",90,2,0,Starfield Stage - 1
1754,2025-09-28T18:05:24.432182,9,580.0,307.0,-2.584691129484207,True,False,True,False,0,2,0,16,0,3,679,466,"[false, false, false]",90,2,0,Starfield Stage - 1
1755,2025-09-28T18:05:24.440252,8,582.5,304.5,-2.6029963053557426,True,False,True,False,0,1,0,16,0,3,679,466,"[false, false, false]",90,2,0,Starfield Stage - 1
1756,2025-09-28T18:05:24.448968,9,585.0,302.0,-2.621134204138644,True,False,True,False,0,1,0,16,0,3,679,466,"[false, false, false]",90,2,0,Starfield Stage - 1
1757,2025-09-28T18:05:24.457830,9,587.5,299.5,-2.6390953437204305,True,False,True,False,0,1,0,16,0,3,679,466,"[false, false, false]",90,2,0,Starfield Stage - 1
1758,2025-09-28T18:05:24.466949,9,590.0,297.0,-2.6568708815924724,True,False,True,False,0,1,0,16,0,3,679,466,"[false, false, false]",90,2,0,Starfield Stage - 1
1759,2025-09-28T18:05:24.477255,9,592.5,294.5,-2.6744526257263557,True,False,True,False,0,1,0,16,0,3,679,466,"[false, false, false]",90,2,0,Starfield Stage - 1
1760,2025-09-28T18:05:24.485651,9,595.0,292.0,-2.691833040519954,True,False,True,False,0,1,0,16,0,3,679,466,"[false, false, false]",90,2,0,Starfield Stage - 1
1761,2025-09-28T18:05:24.493772,9,597.5,289.5,-2.7090052480589097,True,False,True,False,0,1,0,16,0,3,679,466,"[false, false, false]",90,2,0,Starfield Stage - 1
1762,2025-09-28T18:05:24.503458,9,600.0,287.0,-2.725963024985762,True,False,True,False,0,1,0,16,0,3,679,466,"[false, false, false]",90,2,0,Starfield Stage - 1
1763,2025-09-28T18:05:24.511272,8,602.5,284.5,-2.742700795306265,True,False,True,False,0,1,0,16,0,3,679,466,"[false, false, false]",90,2,0,Starfield Stage - 1
1764,2025-09-28T18:05:24.518799,8,605.0,282.0,-2.75921361949044,True,False,True,False,0,1,0,16,0,3,679,466,"[false, false, false]",90,2,0,Starfield Stage - 1
1765,2025-09-28T18:05:24.528371,9,607.5,279.5,-2.7754971802450243,True,False,True,False,0,1,0,16,0,3,679,466,"[false, false, false]",90,2,0,Starfield Stage - 1
1766,2025-09-28T18:05:24.537565,9,610.0,277.0,-2.791547765344647,True,False,True,False,0,1,0,16,0,3,679,466,"[false, false, false]",90,2,0,Starfield Stage - 1
1767,2025-09-28T18:05:24.545754,8,612.5,274.5,-2.8073622479120495,True,False,True,False,0,1,0,16,0,3,679,466,"[false, false, false]",90,2,0,Starfield Stage - 1
1768,2025-09-28T18:05:24.553678,9,615.0,272.0,-2.8229380645337008,True,False,True,False,0,1,0,16,0,3,679,466,"[false, false, false]",90,2,0,Starfield Stage - 1
1769,2025-09-28T18:05:24.562340,8,617.5,269.5,-2.83827319158725,True,False,True,False,0,1,0,16,0,3,679,466,"[false, false, false]",90,2,0,Starfield Stage - 1
1770,2025-09-28T18:05:24.570695,9,620.0,267.0,-2.8533661201422054,True,False,True,False,0,1,0,16,0,3,679,466,"[false, false, false]",90,2,0,Starfield Stage - 1
1771,2025-09-28T18:05:24.579458,8,622.5,264.5,-2.868215829776107,True,False,True,False,0,1,0,16,0,3,679,466,"[false, false, false]",90,2,0,Starfield Stage - 1
1772,2025-09-28T18:05:24.588431,9,625.0,264.5,-2.8797551227453675,True,False,False,False,0,1,0,16,0,3,679,466,"[false, false, false]",90,2,0,Starfield Stage - 1
1773,2025-09-28T18:05:24.597098,9,627.5,264.5,-2.8913662252251866,True,False,False,False,0,1,0,16,0,3,679,466,"[false, false, false]",90,2,0,Starfield Stage - 1
1774,2025-09-28T18:05:24.606384,9,630.0,264.5,-2.903046650273555,True,False,False,False,0,1,0,16,0,3,679,466,"[false, false, false]",90,2,0,Starfield Stage - 1
1775,2025-09-28T18:05:24.614106,8,632.5,264.5,-2.9147938055359073,True,False,False,False,0,1,0,16,0,3,679,466,"[false, false, false]",90,2,0,Starfield Stage - 1
1776,2025-09-28T18:05:24.622766,9,635.0,264.5,-2.926604995319807,True,False,False,False,0,1,0,16,0,3,679,466,"[false, false, false]",90,2,0,Starfield Stage - 1
1777,2025-09-28T18:05:24.632069,9,637.5,264.5,-2.9384774230339152,True,False,False,False,0,1,0,16,0,3,679,466,"[false, false, false]",90,2,0,Starfield Stage - 1
1778,2025-09-28T18:05:24.641148,9,640.0,264.5,-2.9504081939927786,True,False,False,False,0,1,0,16,0,3,679,466,"[false, false, false]",90,2,0,Starfield Stage - 1
1779,2025-09-28T18:05:24.648986,8,642.5,264.5,-2.962394318586736,True,False,False,False,0,1,0,16,0,3,679,466,"[false, false, false]",90,2,0,Starfield Stage - 1
1780,2025-09-28T18:05:24.657797,9,645.0,264.5,-2.974432715813923,True,False,False,False,0,1,0,16,0,3,679,466,"[false, false, false]",90,2,0,Starfield Stage - 1
1781,2025-09-28T18:05:24.667366,9,647.5,264.5,-2.986520217168987,True,False,False,False,0,1,0,16,0,3,679,466,"[false, false, false]",90,2,0,Starfield Stage - 1
1782,2025-09-28T18:05:24.675225,8,650.0,264.5,-2.9986535708806703,True,False,False,False,0,1,0,16,0,3,679,466,"[false, false, false]",90,2,0,Starfield Stage - 1
1783,2025-09-28T18:05:24.682981,8,652.5,264.5,-3.010829446487983,True,False,False,False,0,2,0,16,0,3,679,466,"[false, false, false]",90,2,0,Starfield Stage - 1
1784,2025-09-28T18:05:24.691960,9,655.0,264.5,-3.0230444397422187,True,False,False,False,0,2,0,16,0,3,679,466,"[false, false, false]",90,2,0,Starfield Stage - 1
1785,2025-09-28T18:05:24.700756,9,657.5,264.5,-3.0352950778196655,True,False,False,False,0,2,0,16,0,3,679,466,"[false, false, false]",90,2,0,Starfield Stage - 1
1786,2025-09-28T18:05:24.710064,9,660.0,264.5,-3.047577824827475,True,False,False,False,0,2,0,16,0,3,679,466,"[false, false, false]",90,2,0,Starfield Stage - 1
1787,2025-09-28T18:05:24.719560,9,662.5,264.5,-3.0598890875829032,True,False,False,False,0,2,0,16,0,3,679,466,"[false, false, false]",90,2,0,Starfield Stage - 1
1788,2025-09-28T18:05:24.728288,9,665.0,264.5,-3.0722252216439494,True,False,False,False,0,2,0,16,0,3,679,466,"[false, false, false]",90,2,0,Starfield Stage - 1
1789,2025-09-28T18:05:24.737610,9,667.5,267.0,-3.083867910196412,True,False,False,True,0,2,0,16,0,3,679,466,"[false, false, false]",90,2,0,Starfield Stage - 1
1790,2025-09-28T18:05:24.746420,9,670.0,269.5,-3.095823113794243,True,False,False,True,0,2,0,16,0,3,679,466,"[false, false, false]",90,2,0,Starfield Stage - 1
1791,2025-09-28T18:05:24.754691,8,672.5,272.0,-3.1077514115085902,True,False,False,True,0,2,0,16,0,3,679,464,"[false, false, false]",90,2,0,Starfield Stage - 1
1792,2025-09-28T18:05:24.763401,9,675.0,274.5,-3.130982972126258,True,False,False,True,0,2,0,16,0,3,677,463,"[false, false, false]",90,2,0,Starfield Stage - 1
1793,2025-09-28T18:05:24.771038,8,677.5,277.0,3.1172731249097656,True,False,False,True,0,2,0,16,0,3,673,462,"[false, false, false]",90,2,0,Starfield Stage - 1
1794,2025-09-28T18:05:24.780017,9,680.0,279.5,3.070089417467928,True,False,False,True,0,2,0,16,0,3,667,461,"[false, false, false]",90,2,0,Starfield Stage - 1
1795,2025-09-28T18:05:24.788938,9,682.5,282.0,3.0275643143250717,True,False,False,True,0,2,0,16,0,3,662,461,"[false, false, false]",90,2,0,Starfield Stage - 1
1796,2025-09-28T18:05:24.797728,9,685.0,284.5,2.9842635040087293,True,False,False,True,0,2,0,16,0,3,657,461,"[false, false, false]",90,2,0,Starfield Stage - 1
1797,2025-09-28T18:05:24.807615,9,687.5,287.0,2.9359690841415786,True,False,False,True,0,2,0,16,0,3,651,462,"[false, false, false]",90,2,0,Starfield Stage - 1
1798,2025-09-28T18:05:24.816893,9,690.0,289.5,2.8678401402056566,True,False,False,True,0,2,0,16,0,3,641,464,"[false, false, false]",90,2,0,Starfield Stage - 1
1799,2025-09-28T18:05:24.825366,9,692.5,292.0,2.8137499204299186,True,False,False,True,0,2,0,16,0,3,634,464,"[false, false, false]",90,2,0,Starfield Stage - 1
1800,2025-09-28T18:05:24.834095,9,695.0,294.5,2.7570479339678915,True,False,False,True,0,2,0,16,0,3,626,465,"[false, false, false]",90,2,0,Starfield Stage - 1
1801,2025-09-28T18:05:24.843637,9,697.5,297.0,2.689920519984667,True,False,False,True,0,2,0,16,0,3,616,465,"[false, false, false]",90,2,0,Starfield Stage - 1
1802,2025-09-28T18:05:24.851746,9,700.0,299.5,2.611454418224809,True,False,False,True,0,2,0,16,0,3,603,465,"[false, false, false]",90,2,0,Starfield Stage - 1
1803,2025-09-28T18:05:24.861116,9,702.5,302.0,2.525125517914368,True,False,False,True,0,2,0,16,0,3,587,465,"[false, false, false]",90,2,0,Starfield Stage - 1
1804,2025-09-28T18:05:24.869874,9,705.0,304.5,2.4350224052933678,True,False,False,True,0,2,0,16,0,3,568,465,"[false, false, false]",90,2,0,Starfield Stage - 1
1805,2025-09-28T18:05:24.879718,9,707.5,307.0,2.2839423421570575,True,False,False,True,0,2,0,16,0,3,526,464,"[false, false, false]",90,2,0,Starfield Stage - 1
1806,2025-09-28T18:05:24.887939,9,710.0,309.5,2.2026020624224922,True,False,False,True,0,2,0,16,0,3,503,461,"[false, false, false]",90,2,0,Starfield Stage - 1
1807,2025-09-28T18:05:24.897500,9,712.5,312.0,2.128428524451585,True,False,False,True,0,2,0,16,0,3,480,457,"[false, false, false]",90,2,0,Starfield Stage - 1
1808,2025-09-28T18:05:24.905150,8,715.0,314.5,2.0574283932371547,True,False,False,True,0,2,0,16,0,3,457,451,"[false, false, false]",90,2,0,Starfield Stage - 1
1809,2025-09-28T18:05:24.913601,8,717.5,317.0,1.9948962212071437,True,False,False,True,0,2,0,16,0,3,434,445,"[false, false, false]",90,2,0,Starfield Stage - 1
1810,2025-09-28T18:05:24.922120,9,720.0,319.5,1.9437228378464266,True,False,False,True,0,2,0,16,0,3,412,440,"[false, false, false]",90,2,0,Starfield Stage - 1
1811,2025-09-28T18:05:24.932023,9,722.5,322.0,1.8966137363121955,True,False,False,True,0,2,0,16,0,3,391,434,"[false, false, false]",90,2,0,Starfield Stage - 1
1812,2025-09-28T18:05:24.940810,9,725.0,324.5,1.855241159841749,True,False,False,True,0,2,0,16,0,3,371,428,"[false, false, false]",90,2,0,Starfield Stage - 1
1813,2025-09-28T18:05:24.948922,9,727.5,327.0,1.8210940886932765,True,False,False,True,0,2,0,16,0,3,352,423,"[false, false, false]",90,2,0,Starfield Stage - 1
1814,2025-09-28T18:05:24.958419,9,730.0,329.5,1.7906681590173006,True,False,False,True,0,2,0,16,0,3,334,418,"[false, false, false]",90,2,0,Starfield Stage - 1
1815,2025-09-28T18:05:24.967028,9,732.5,332.0,1.7628764756466946,True,False,False,True,0,2,0,16,0,3,316,413,"[false, false, false]",90,2,0,Starfield Stage - 1
1816,2025-09-28T18:05:24.976994,10,735.0,334.5,1.7233625296708188,True,False,False,True,0,2,0,16,0,3,283,404,"[false, false, false]",90,2,0,Starfield Stage - 1
1817,2025-09-28T18:05:24.985832,9,737.5,337.0,1.704184854083393,True,False,False,True,0,2,0,16,0,3,268,400,"[false, false, false]",90,2,0,Starfield Stage - 1
1818,2025-09-28T18:05:24.995077,9,740.0,339.5,1.6870058988430314,True,False,False,True,0,2,0,16,0,3,256,396,"[false, false, false]",90,2,0,Starfield Stage - 1
1819,2025-09-28T18:05:25.003900,9,742.5,342.0,1.675358089825108,True,False,False,True,0,2,0,16,0,3,247,394,"[false, false, false]",90,2,0,Starfield Stage - 1
1820,2025-09-28T18:05:25.013238,9,745.0,344.5,1.6647647953235925,True,False,False,True,0,2,0,16,0,3,241,392,"[false, false, false]",90,2,0,Starfield Stage - 1
1821,2025-09-28T18:05:25.021405,9,747.5,347.0,1.6569417717953827,True,False,False,True,0,2,0,16,0,3,238,391,"[false, false, false]",90,2,0,Starfield Stage - 1
1822,2025-09-28T18:05:25.030933,8,750.0,349.5,1.6513608673893236,True,False,False,True,0,2,0,16,0,3,236,391,"[false, false, false]",90,2,0,Starfield Stage - 1
1823,2025-09-28T18:05:25.039269,9,752.5,352.0,1.6460164569515245,True,False,False,True,1,2,0,16,0,3,235,391,"[true, false, false]",90,2,0,Starfield Stage - 1
1824,2025-09-28T18:05:25.046755,8,755.0,354.5,1.6408736958430732,True,False,False,True,1,2,0,16,0,3,235,391,"[true, false, false]",90,2,0,Starfield Stage - 1
1825,2025-09-28T18:05:25.055946,9,757.5,357.0,1.6470569333236011,True,False,False,True,1,2,0,16,0,3,234,397,"[true, false, false]",90,2,0,Starfield Stage - 1
1826,2025-09-28T18:05:25.064330,8,760.0,359.5,1.6555167125226709,True,False,False,True,1,2,0,16,0,3,236,404,"[true, false, false]",90,2,0,Starfield Stage - 1
1827,2025-09-28T18:05:25.072427,8,762.5,362.0,1.6677270707194758,True,False,False,True,1,2,0,16,0,3,238,413,"[true, false, false]",90,2,0,Starfield Stage - 1
1828,2025-09-28T18:05:25.080584,8,765.0,364.5,1.679885331794878,True,False,False,True,1,2,0,16,0,3,240,422,"[true, false, false]",90,2,0,Starfield Stage - 1
1829,2025-09-28T18:05:25.088941,9,767.5,367.0,1.6903380220493094,True,False,False,True,1,2,0,16,0,3,243,430,"[true, false, false]",90,2,0,Starfield Stage - 1
1830,2025-09-28T18:05:25.098251,9,770.0,369.5,1.698425780460727,True,False,False,True,1,2,0,16,0,3,244,437,"[true, false, false]",90,2,0,Starfield Stage - 1
1831,2025-09-28T18:05:25.107136,9,772.5,372.0,1.7027269339928535,True,False,False,True,1,2,0,16,0,3,245,442,"[true, false, false]",90,2,0,Starfield Stage - 1
1832,2025-09-28T18:05:25.116243,9,775.0,374.5,1.7051428559258033,True,False,False,True,1,2,0,16,0,3,246,446,"[true, false, false]",90,2,0,Starfield Stage - 1
1833,2025-09-28T18:05:25.124310,8,777.5,377.0,1.703594331450866,True,False,False,True,1,2,0,16,0,3,246,448,"[true, false, false]",90,2,0,Starfield Stage - 1
1834,2025-09-28T18:05:25.133100,9,780.0,379.5,1.7002186509962918,True,False,False,True,1,2,0,16,0,3,246,449,"[true, false, false]",90,2,0,Starfield Stage - 1
1835,2025-09-28T18:05:25.140860,8,782.5,382.0,1.6971044438581369,True,False,False,True,1,2,0,16,0,3,247,450,"[false, false, false]",90,2,0,Starfield Stage - 1
1836,2025-09-28T18:05:25.150013,9,785.0,384.5,1.6919473043847404,True,False,False,True,1,2,0,16,0,3,247,450,"[false, false, false]",90,2,0,Starfield Stage - 1
1837,2025-09-28T18:05:25.158833,9,787.5,387.0,1.686831476841606,True,False,False,True,1,2,0,16,0,3,247,450,"[false, false, false]",90,2,0,Starfield Stage - 1
1838,2025-09-28T18:05:25.168074,9,790.0,389.5,1.6817567313854753,True,False,False,True,1,2,0,16,0,3,247,450,"[false, false, false]",90,2,0,Starfield Stage - 1
1839,2025-09-28T18:05:25.177112,9,792.5,392.0,1.6767228333855213,True,False,False,True,1,2,0,16,0,3,247,450,"[false, false, false]",90,2,0,Starfield Stage - 1
1840,2025-09-28T18:05:25.186287,9,795.0,394.5,1.6717295436919322,True,False,False,True,1,2,0,16,0,3,247,450,"[false, false, false]",90,2,0,Starfield Stage - 1
1841,2025-09-28T18:05:25.195128,9,797.5,397.0,1.6667766188975677,True,False,False,True,1,2,0,16,0,3,247,450,"[false, false, false]",90,2,0,Starfield Stage - 1
1842,2025-09-28T18:05:25.204700,9,800.0,399.5,1.6618638115926994,True,False,False,True,1,2,0,16,0,3,247,450,"[false, false, false]",90,2,0,Starfield Stage - 1
1843,2025-09-28T18:05:25.212781,8,802.5,402.0,1.6569908706128509,True,False,False,True,1,2,0,17,0,3,247,450,"[false, false, false]",90,2,0,Starfield Stage - 1
1844,2025-09-28T18:05:25.221111,9,805.0,404.5,1.6521575412797704,True,False,False,True,1,2,0,17,0,3,247,450,"[false, false, false]",90,2,0,Starfield Stage - 1
1845,2025-09-28T18:05:25.230198,9,807.5,407.0,1.6473635656355787,True,False,False,True,1,2,0,17,0,3,247,450,"[false, false, false]",90,2,0,Starfield Stage - 1
1846,2025-09-28T18:05:25.237933,8,810.0,409.5,1.642608682670135,True,False,False,True,2,2,0,17,0,3,247,450,"[true, false, false]",90,2,0,Starfield Stage - 1
1847,2025-09-28T18:05:25.247165,9,810.0,412.0,1.6381896701547336,True,True,False,True,2,2,0,17,0,3,247,450,"[true, false, false]",90,2,0,Starfield Stage - 1
1848,2025-09-28T18:05:25.255255,8,810.0,414.5,1.633768020020857,True,True,False,True,2,2,0,17,0,3,247,450,"[true, false, false]",90,2,0,Starfield Stage - 1
1849,2025-09-28T18:05:25.264129,8,810.0,414.5,1.6373055456842576,True,True,False,False,2,2,0,17,0,3,247,452,"[true, false, false]",90,2,0,Starfield Stage - 1
1850,2025-09-28T18:05:25.272179,9,810.0,414.5,1.6443755110268625,True,True,False,False,2,2,0,17,0,3,247,456,"[true, false, false]",90,2,0,Starfield Stage - 1
1851,2025-09-28T18:05:25.280266,8,810.0,414.5,1.651580983032466,True,True,False,False,2,2,0,17,0,3,248,460,"[true, false, false]",90,2,0,Starfield Stage - 1
1852,2025-09-28T18:05:25.288627,9,810.0,414.5,1.6623401028775526,True,True,False,False,2,2,0,17,0,3,249,466,"[true, false, false]",90,2,0,Starfield Stage - 1
1853,2025-09-28T18:05:25.297883,9,810.0,414.5,1.6697564504877858,True,True,False,False,2,2,0,17,0,3,251,470,"[true, false, false]",90,2,0,Starfield Stage - 1
1854,2025-09-28T18:05:25.306755,9,810.0,414.5,1.6789897705552723,True,True,False,False,2,2,0,17,0,3,253,475,"[false, false, false]",90,2,0,Starfield Stage - 1
1855,2025-09-28T18:05:25.315840,8,810.0,414.5,1.6845122458795043,True,True,False,False,2,2,0,17,0,3,254,478,"[false, false, false]",90,2,0,Starfield Stage - 1
1856,2025-09-28T18:05:25.323872,9,810.0,414.5,1.6880615985440368,True,True,False,False,2,2,0,17,0,3,254,480,"[false, false, false]",90,2,0,Starfield Stage - 1
1857,2025-09-28T18:05:25.334494,9,807.5,414.5,1.6905820897949493,False,True,False,False,2,2,0,17,0,3,255,481,"[false, false, false]",90,2,0,Starfield Stage - 1
1858,2025-09-28T18:05:25.341471,8,805.0,414.5,1.6929129367196603,False,True,False,False,2,2,0,17,0,3,255,482,"[false, false, false]",90,2,0,Starfield Stage - 1
1859,2025-09-28T18:05:25.349936,9,802.5,414.5,1.6934649822993533,False,True,False,False,2,2,0,17,0,3,255,482,"[false, false, false]",90,2,0,Starfield Stage - 1
1860,2025-09-28T18:05:25.358946,9,800.0,414.5,1.6940220163446056,False,True,False,False,2,2,0,17,0,3,255,482,"[false, false, false]",90,2,0,Starfield Stage - 1
1861,2025-09-28T18:05:25.367815,9,797.5,414.5,1.6945841064280134,False,True,False,False,2,2,0,17,0,3,255,482,"[false, false, false]",90,2,0,Starfield Stage - 1
1862,2025-09-28T18:05:25.376908,9,795.0,414.5,1.695151321341658,False,True,False,False,2,2,0,17,0,3,255,482,"[false, false, false]",90,2,0,Starfield Stage - 1
1863,2025-09-28T18:05:25.386260,9,792.5,414.5,1.69572373112459,False,True,False,False,2,2,0,17,0,3,255,482,"[false, false, false]",90,2,0,Starfield Stage - 1
1864,2025-09-28T18:05:25.394623,8,790.0,414.5,1.6963014070910554,False,True,False,False,2,2,0,17,0,3,255,482,"[false, false, false]",90,2,0,Starfield Stage - 1
1865,2025-09-28T18:05:25.403495,9,787.5,414.5,1.696884421859487,False,True,False,False,2,2,0,17,0,3,255,482,"[false, false, false]",90,2,0,Starfield Stage - 1
1866,2025-09-28T18:05:25.412394,9,785.0,414.5,1.6974728493822893,False,True,False,False,3,2,0,17,0,3,255,482,"[true, false, false]",90,2,0,Starfield Stage - 1
1867,2025-09-28T18:05:25.420734,9,782.5,414.5,1.6980667649764332,False,True,False,False,3,2,0,17,0,3,255,482,"[true, false, false]",90,2,0,Starfield Stage - 1
1868,2025-09-28T18:05:25.429456,8,780.0,414.5,1.6986662453548964,False,True,False,False,3,2,0,17,0,3,255,482,"[true, false, false]",90,2,0,Starfield Stage - 1
1869,2025-09-28T18:05:25.437465,9,777.5,414.5,1.7030344384286058,False,True,False,False,3,2,0,17,0,3,255,484,"[true, false, false]",90,2,0,Starfield Stage - 1
1870,2025-09-28T18:05:25.446784,9,775.0,412.0,1.7143115029641534,False,True,True,False,3,2,0,17,0,3,256,487,"[true, false, false]",90,2,0,Starfield Stage - 1
1871,2025-09-28T18:05:25.456905,10,772.5,409.5,1.7395744659433043,False,True,True,False,3,2,0,17,0,3,259,497,"[true, false, false]",90,2,0,Starfield Stage - 1
1872,2025-09-28T18:05:25.465735,9,770.0,407.0,1.7549601447211889,False,True,True,False,3,2,0,17,0,3,260,502,"[true, false, false]",90,2,0,Starfield Stage - 1
1873,2025-09-28T18:05:25.475178,9,767.5,404.5,1.7685715373478734,False,True,True,False,3,2,0,17,0,3,261,506,"[true, false, false]",90,2,0,Starfield Stage - 1
1874,2025-09-28T18:05:25.483957,8,765.0,402.0,1.7808010769668927,False,True,True,False,3,2,0,17,0,3,263,509,"[true, false, false]",90,2,0,Starfield Stage - 1
1875,2025-09-28T18:05:25.491985,9,762.5,399.5,1.7908454607721775,False,True,True,False,3,2,0,17,0,3,264,511,"[false, false, false]",90,2,0,Starfield Stage - 1
1876,2025-09-28T18:05:25.501119,9,760.0,397.0,1.8033532685998057,False,True,True,False,3,2,0,17,0,3,266,514,"[false, false, false]",90,2,0,Starfield Stage - 1
1877,2025-09-28T18:05:25.509872,9,757.5,394.5,1.8116933799347656,False,True,True,False,3,2,0,17,0,3,267,515,"[false, false, false]",90,2,0,Starfield Stage - 1
1878,2025-09-28T18:05:25.519099,9,755.0,392.0,1.823038784684715,False,True,True,False,3,2,0,17,0,3,270,517,"[false, false, false]",90,2,0,Starfield Stage - 1
1879,2025-09-28T18:05:25.528164,9,752.5,389.5,1.8315926046640245,False,True,True,False,3,2,0,17,0,3,271,518,"[false, false, false]",90,2,0,Starfield Stage - 1
1880,2025-09-28T18:05:25.536819,8,750.0,387.0,1.8407697835406809,False,True,True,False,3,2,0,17,0,3,273,519,"[false, false, false]",90,2,0,Starfield Stage - 1
1881,2025-09-28T18:05:25.545582,9,747.5,384.5,1.8475611746708558,False,True,True,False,3,2,0,17,0,3,274,519,"[false, false, false]",90,2,0,Starfield Stage - 1
1882,2025-09-28T18:05:25.553567,8,745.0,382.0,1.8569632019643167,False,True,True,False,3,2,0,17,0,3,276,520,"[false, false, false]",90,2,0,Starfield Stage - 1
1883,2025-09-28T18:05:25.562068,9,742.5,379.5,1.863927501664098,False,True,True,False,3,2,0,17,0,3,277,520,"[false, false, false]",90,2,0,Starfield Stage - 1
1884,2025-09-28T18:05:25.570908,9,740.0,377.0,1.8703573122982504,False,True,True,False,3,2,0,17,0,3,277,520,"[false, false, false]",90,2,0,Starfield Stage - 1
1885,2025-09-28T18:05:25.580799,9,737.5,374.5,1.8774561633140543,False,True,True,False,3,2,0,17,0,3,278,520,"[false, false, false]",90,2,0,Starfield Stage - 1
1886,2025-09-28T18:05:25.589469,9,735.0,372.0,1.8839888281145565,False,True,True,False,4,2,0,17,0,3,278,520,"[true, false, false]",90,2,0,Starfield Stage - 1
1887,2025-09-28T18:05:25.598302,9,732.5,369.5,1.892546881191539,False,True,True,False,4,2,0,17,0,3,278,521,"[true, false, false]",90,2,0,Starfield Stage - 1
1888,2025-09-28T18:05:25.607071,9,730.0,367.0,1.903812143523645,False,True,True,False,4,2,0,17,0,3,279,523,"[true, false, false]",90,2,0,Starfield Stage - 1
1889,2025-09-28T18:05:25.616352,9,727.5,364.5,1.9284595778061029,False,True,True,False,4,2,0,17,0,3,282,531,"[true, false, false]",90,2,0,Starfield Stage - 1
1890,2025-09-28T18:05:25.625193,9,725.0,362.0,1.9466023859958177,False,True,True,False,4,2,0,17,0,3,284,536,"[true, false, false]",90,2,0,Starfield Stage - 1
1891,2025-09-28T18:05:25.633452,8,722.5,359.5,1.9656689660184035,False,True,True,False,4,2,0,17,0,3,287,541,"[true, false, false]",90,2,0,Starfield Stage - 1
1892,2025-09-28T18:05:25.642261,9,720.0,357.0,1.9829627469232378,False,True,True,False,4,2,0,17,0,3,290,545,"[true, false, false]",90,2,0,Starfield Stage - 1
1893,2025-09-28T18:05:25.650241,8,717.5,354.5,1.9976008737442852,False,True,True,False,4,2,0,17,0,3,292,548,"[true, false, false]",90,2,0,Starfield Stage - 1
1894,2025-09-28T18:05:25.658117,8,715.0,352.0,2.013272893441328,False,True,True,False,4,2,0,17,0,3,295,551,"[true, false, false]",90,2,0,Starfield Stage - 1
1895,2025-09-28T18:05:25.667434,9,712.5,349.5,2.0281668574476597,False,True,True,False,4,2,0,17,0,3,297,554,"[true, false, false]",90,2,0,Starfield Stage - 1
1896,2025-09-28T18:05:25.675755,9,710.0,347.0,2.0441523686298115,False,True,True,False,4,2,0,17,0,3,300,557,"[false, false, false]",90,2,0,Starfield Stage - 1
1897,2025-09-28T18:05:25.685362,9,707.5,344.5,2.0574677941185886,False,True,True,False,4,2,0,17,0,3,304,558,"[false, false, false]",90,2,0,Starfield Stage - 1
1898,2025-09-28T18:05:25.692978,8,705.0,342.0,2.0740272097327996,False,True,True,False,4,2,0,17,0,3,309,560,"[false, false, false]",90,2,0,Starfield Stage - 1
1899,2025-09-28T18:05:25.702873,9,702.5,339.5,2.0911953987596834,False,True,True,False,4,2,0,17,0,3,316,561,"[false, false, false]",90,2,0,Starfield Stage - 1
1900,2025-09-28T18:05:25.711854,9,700.0,337.0,2.1198906883195425,False,True,True,False,4,2,0,17,0,3,329,564,"[false, false, false]",90,2,0,Starfield Stage - 1
1901,2025-09-28T18:05:25.720200,9,697.5,334.5,2.1371684652405603,False,True,True,False,4,2,0,17,0,3,335,565,"[false, false, false]",90,2,0,Starfield Stage - 1
1902,2025-09-28T18:05:25.728352,8,695.0,332.0,2.154208798645277,False,True,True,False,4,2,0,17,0,3,342,565,"[false, false, false]",90,2,0,Starfield Stage - 1
1903,2025-09-28T18:05:25.737022,9,692.5,329.5,2.1717852132626367,False,True,True,False,4,3,0,17,0,3,349,565,"[false, false, false]",90,2,0,Starfield Stage - 1
1904,2025-09-28T18:05:25.747247,10,690.0,327.0,2.1899120264154623,False,True,True,False,4,3,0,17,0,3,356,565,"[false, false, false]",90,2,0,Starfield Stage - 1
1905,2025-09-28T18:05:25.755285,8,687.5,324.5,2.2086030183073806,False,True,True,False,4,3,0,17,0,3,363,565,"[false, false, false]",90,2,0,Starfield Stage - 1
1906,2025-09-28T18:05:25.763956,8,685.0,322.0,2.226339001064545,False,True,True,False,4,3,0,17,0,3,369,565,"[false, false, false]",90,2,0,Starfield Stage - 1
1907,2025-09-28T18:05:25.772040,9,682.5,319.5,2.2516940929109444,False,True,True,False,4,3,0,17,0,3,377,567,"[false, false, false]",90,2,0,Starfield Stage - 1
1908,2025-09-28T18:05:25.782078,9,680.0,317.0,2.27997877239136,False,True,True,False,5,3,0,17,0,3,384,571,"[true, false, false]",90,2,0,Starfield Stage - 1
1909,2025-09-28T18:05:25.790755,9,677.5,314.5,2.3086982452492,False,True,True,False,5,3,0,17,0,3,391,575,"[true, false, false]",90,2,0,Starfield Stage - 1
1910,2025-09-28T18:05:25.798912,9,675.0,312.0,2.3433511597156853,False,True,True,False,5,3,0,17,0,3,399,581,"[true, false, false]",90,2,0,Starfield Stage - 1
1911,2025-09-28T18:05:25.807970,9,672.5,309.5,2.4079043590495655,False,True,True,False,5,3,0,17,0,3,416,594,"[true, false, false]",90,2,0,Starfield Stage - 1
1912,2025-09-28T18:05:25.817166,9,670.0,307.0,2.4451782140282026,False,True,True,False,5,3,0,17,0,3,425,600,"[true, false, false]",90,2,0,Starfield Stage - 1
1913,2025-09-28T18:05:25.825831,8,667.5,304.5,2.4805494847391065,False,True,True,False,5,3,0,17,0,3,433,606,"[true, false, false]",90,2,0,Starfield Stage - 1
1914,2025-09-28T18:05:25.834354,9,665.0,302.0,2.5158720975753615,False,True,True,False,5,3,0,17,0,3,441,612,"[true, false, false]",90,2,0,Starfield Stage - 1
1915,2025-09-28T18:05:25.843136,9,662.5,299.5,2.5474373951428873,False,True,True,False,5,3,0,18,0,3,448,617,"[true, false, false]",90,2,0,Starfield Stage - 1
1916,2025-09-28T18:05:25.890575,9,660.0,297.0,2.579671091332978,False,True,True,False,3,2,0,18,0,3,456,621,"[true, false, false]",110,2,0,Starfield Stage - 1
1917,2025-09-28T18:05:25.892449,40,657.5,294.5,2.7297153015771216,False,True,True,False,3,2,0,18,0,3,507,639,"[false, false, false]",110,2,0,Starfield Stage - 1
1918,2025-09-28T18:05:25.900516,8,655.0,292.0,2.770977150760211,False,True,True,False,3,2,0,18,0,3,519,642,"[false, false, false]",110,2,0,Starfield Stage - 1
1919,2025-09-28T18:05:25.909610,9,652.5,289.5,2.816460877928193,False,True,True,False,3,2,0,18,0,3,533,644,"[false, false, false]",110,2,0,Starfield Stage - 1
1920,2025-09-28T18:05:25.918707,9,650.0,287.0,2.858871505343109,False,True,True,False,3,2,0,18,0,3,546,645,"[false, false, false]",110,2,0,Starfield Stage - 1
1921,2025-09-28T18:05:25.928041,9,647.5,284.5,2.9277616702631173,False,True,True,False,3,2,0,18,0,3,569,646,"[false, false, false]",110,2,0,Starfield Stage - 1
1922,2025-09-28T18:05:25.935750,8,645.0,282.0,2.9569082735033385,False,True,True,False,3,2,0,18,0,3,577,646,"[false, false, false]",110,2,0,Starfield Stage - 1
1923,2025-09-28T18:05:25.944339,9,642.5,279.5,2.980650283003613,False,True,True,False,3,2,0,18,0,3,583,646,"[false, false, false]",110,2,0,Starfield Stage - 1
1924,2025-09-28T18:05:25.953145,9,640.0,277.0,3.0015931299150256,False,True,True,False,3,2,0,18,0,3,588,646,"[false, false, false]",110,2,0,Starfield Stage - 1
1925,2025-09-28T18:05:25.961823,8,637.5,274.5,3.0200471046343496,False,True,True,False,3,2,0,18,0,3,592,647,"[false, false, false]",110,2,0,Starfield Stage - 1
1926,2025-09-28T18:05:25.970625,9,635.0,272.0,3.0329792251906293,False,True,True,False,3,2,0,18,0,3,594,648,"[false, false, false]",110,2,0,Starfield Stage - 1
1927,2025-09-28T18:05:25.979610,9,632.5,269.5,3.045958861409986,False,True,True,False,4,2,0,18,0,3,596,650,"[true, false, false]",110,2,0,Starfield Stage - 1
1928,2025-09-28T18:05:25.987915,9,630.0,267.0,3.0586663830050056,False,True,True,False,4,2,0,18,0,3,598,652,"[true, false, false]",110,2,0,Starfield Stage - 1
1929,2025-09-28T18:05:25.997174,9,627.5,264.5,3.0658050139706874,False,True,True,False,4,2,0,18,0,3,598,653,"[true, false, false]",110,2,0,Starfield Stage - 1
1930,2025-09-28T18:05:26.005517,8,625.0,262.0,3.075531160941023,False,True,True,False,4,2,0,18,0,3,599,655,"[true, false, false]",110,2,0,Starfield Stage - 1
1931,2025-09-28T18:05:26.014242,9,622.5,259.5,3.0849069151565143,False,True,True,False,4,2,0,18,0,3,600,656,"[true, false, false]",110,2,0,Starfield Stage - 1
1932,2025-09-28T18:05:26.022343,8,620.0,257.0,3.0915092578685015,False,True,True,False,4,2,0,18,0,3,600,656,"[true, false, false]",110,2,0,Starfield Stage - 1
1933,2025-09-28T18:05:26.030425,8,617.5,254.5,3.100621804871234,False,True,True,False,4,2,0,18,0,3,601,657,"[true, false, false]",110,2,0,Starfield Stage - 1
1934,2025-09-28T18:05:26.038000,8,615.0,252.0,3.1070385113454866,False,True,True,False,4,2,0,18,0,3,601,657,"[true, false, false]",110,2,0,Starfield Stage - 1
1935,2025-09-28T18:05:26.047108,9,612.5,249.5,3.1133792829722395,False,True,True,False,4,2,0,18,0,4,601,657,"[false, false, false]",110,2,0,Starfield Stage - 1
1936,2025-09-28T18:05:26.055803,9,610.0,247.0,3.1196449588344874,False,True,True,False,4,2,0,18,0,4,601,657,"[false, false, false]",110,2,0,Starfield Stage - 1
1937,2025-09-28T18:05:26.064491,8,607.5,244.5,3.1258363818462405,False,True,True,False,4,2,0,18,0,4,601,657,"[false, false, false]",110,2,0,Starfield Stage - 1
1938,2025-09-28T18:05:26.073658,9,605.0,242.0,3.131954397835735,False,True,True,False,4,2,0,18,0,4,601,657,"[false, false, false]",110,2,0,Starfield Stage - 1
1939,2025-09-28T18:05:26.082191,9,602.5,239.5,3.137999854677476,False,True,True,False,4,2,0,18,0,4,601,657,"[false, false, false]",110,2,0,Starfield Stage - 1
1940,2025-09-28T18:05:26.090014,8,600.0,237.0,-3.1392117057079796,False,True,True,False,4,2,0,18,0,4,601,657,"[false, false, false]",110,2,0,Starfield Stage - 1
1941,2025-09-28T18:05:26.099995,9,597.5,234.5,-3.1333088194105265,False,True,True,False,4,2,0,18,0,4,601,657,"[false, false, false]",110,2,0,Starfield Stage - 1
1942,2025-09-28T18:05:26.108514,9,595.0,232.0,-3.1274759443386295,False,True,True,False,4,2,0,18,0,4,601,657,"[false, false, false]",110,2,0,Starfield Stage - 1
1943,2025-09-28T18:05:26.116994,9,592.5,229.5,-3.121712232188888,False,True,True,False,4,2,0,18,0,4,601,657,"[false, false, false]",110,2,0,Starfield Stage - 1
1944,2025-09-28T18:05:26.125776,9,590.0,227.0,-3.1158973755836636,False,True,True,False,4,2,0,18,0,4,601,655,"[false, false, false]",110,2,0,Starfield Stage - 1
1945,2025-09-28T18:05:26.134451,8,587.5,224.5,-3.1101711010991955,False,True,True,False,4,2,0,18,0,4,601,654,"[false, false, false]",110,2,0,Starfield Stage - 1
1946,2025-09-28T18:05:26.143602,9,585.0,222.0,-3.1042268757870097,False,True,True,False,3,2,0,18,0,4,601,650,"[false, false, false]",110,2,0,Starfield Stage - 1
1947,2025-09-28T18:05:26.151336,8,582.5,219.5,-3.10096461590842,False,True,True,False,3,2,0,18,0,4,600,650,"[false, false, false]",110,2,0,Starfield Stage - 1
1948,2025-09-28T18:05:26.159686,9,580.0,217.0,-3.0953293911654365,False,True,True,False,3,2,0,18,0,4,600,649,"[false, false, false]",110,2,0,Starfield Stage - 1
1949,2025-09-28T18:05:26.168714,9,577.5,214.5,-3.089855206660117,False,True,True,False,3,2,0,18,0,4,600,649,"[false, false, false]",110,2,0,Starfield Stage - 1
1950,2025-09-28T18:05:26.178852,9,575.0,212.0,-3.0844467033765177,False,True,True,False,4,2,0,18,0,4,600,649,"[true, false, false]",110,2,0,Starfield Stage - 1
1951,2025-09-28T18:05:26.187059,9,572.5,209.5,-3.079103017048165,False,True,True,False,4,2,0,18,0,4,600,649,"[true, false, false]",110,2,0,Starfield Stage - 1
1952,2025-09-28T18:05:26.195761,8,570.0,207.0,-3.073823289190499,False,True,True,False,4,2,0,18,0,4,600,649,"[true, false, false]",110,2,0,Starfield Stage - 1
1953,2025-09-28T18:05:26.204358,9,567.5,204.5,-3.0708447858361856,False,True,True,False,4,2,0,18,0,4,599,649,"[true, false, false]",110,2,0,Starfield Stage - 1
1954,2025-09-28T18:05:26.213082,9,565.0,202.0,-3.0679008347154446,False,True,True,False,4,2,0,18,0,4,598,649,"[true, false, false]",110,2,0,Starfield Stage - 1
1955,2025-09-28T18:05:26.222405,9,562.5,199.5,-3.065160263240599,False,True,True,False,4,2,0,18,0,4,597,650,"[true, false, false]",110,2,0,Starfield Stage - 1
1956,2025-09-28T18:05:26.230886,8,560.0,197.0,-3.0646523270849566,False,True,True,False,4,2,0,18,0,4,595,651,"[true, false, false]",110,2,0,Starfield Stage - 1
1957,2025-09-28T18:05:26.239578,9,557.5,194.5,-3.0663252747254526,False,True,True,False,4,2,0,18,0,4,592,652,"[false, false, false]",110,2,0,Starfield Stage - 1
1958,2025-09-28T18:05:26.247820,9,555.0,192.0,-3.0656520173238984,False,True,True,False,4,2,0,18,0,4,590,652,"[false, false, false]",110,2,0,Starfield Stage - 1
1959,2025-09-28T18:05:26.257298,9,552.5,189.5,-3.067135955802088,False,True,True,False,4,2,0,18,0,5,587,652,"[false, false, false]",110,2,0,Starfield Stage - 1
1960,2025-09-28T18:05:26.265344,8,550.0,187.0,-3.068447518591353,False,True,True,False,4,2,0,18,0,5,584,651,"[false, false, false]",110,2,0,Starfield Stage - 1
1961,2025-09-28T18:05:26.273481,8,550.0,184.5,-3.077234824895299,True,True,True,False,4,2,0,18,0,5,580,650,"[false, false, false]",110,2,0,Starfield Stage - 1
1962,2025-09-28T18:05:26.281317,8,550.0,182.0,-3.085736835353089,True,True,True,False,4,2,0,18,0,5,576,647,"[false, false, false]",110,2,0,Starfield Stage - 1
1963,2025-09-28T18:05:26.290032,9,552.5,179.5,-3.103935544410825,True,False,True,False,4,2,0,18,0,5,570,644,"[false, false, false]",110,2,0,Starfield Stage - 1
1964,2025-09-28T18:05:26.298951,9,555.0,179.5,-3.1198805394436975,True,False,False,False,4,2,0,18,0,5,565,640,"[false, false, false]",110,2,0,Starfield Stage - 1
1965,2025-09-28T18:05:26.307873,9,557.5,179.5,-3.140494959189842,True,False,False,False,4,2,0,18,0,5,558,635,"[false, false, false]",110,2,0,Starfield Stage - 1
1966,2025-09-28T18:05:26.316983,9,560.0,179.5,3.1238364732779402,True,False,False,False,4,2,0,18,0,5,552,630,"[false, false, false]",110,2,0,Starfield Stage - 1
1967,2025-09-28T18:05:26.326986,10,562.5,179.5,3.104572537715863,True,False,False,False,4,2,0,18,0,5,546,625,"[false, false, false]",110,2,0,Starfield Stage - 1
1968,2025-09-28T18:05:26.336067,9,565.0,179.5,3.077825178880582,True,False,False,False,4,2,0,18,0,5,537,618,"[false, false, false]",110,2,0,Starfield Stage - 1
1969,2025-09-28T18:05:26.345829,9,567.5,179.5,3.064995955030206,True,False,False,False,4,2,0,18,0,5,534,616,"[false, false, false]",110,2,0,Starfield Stage - 1
1970,2025-09-28T18:05:26.353870,9,570.0,179.5,3.052074199949576,True,False,False,False,4,2,0,18,0,5,531,614,"[false, false, false]",110,2,0,Starfield Stage - 1
1971,2025-09-28T18:05:26.363723,9,572.5,179.5,3.0415814180356375,True,False,False,False,4,2,0,18,0,5,529,613,"[false, false, false]",110,2,0,Starfield Stage - 1
1972,2025-09-28T18:05:26.372413,9,575.0,179.5,3.031062319866048,True,False,False,False,4,2,0,18,0,5,527,612,"[false, false, false]",110,2,0,Starfield Stage - 1
1973,2025-09-28T18:05:26.381028,9,577.5,179.5,3.022803464278186,True,False,False,False,5,2,0,18,0,5,526,611,"[true, false, false]",110,2,0,Starfield Stage - 1
1974,2025-09-28T18:05:26.390804,9,580.0,179.5,3.0148139398084104,True,False,False,False,5,2,0,18,0,5,525,611,"[true, false, false]",110,2,0,Starfield Stage - 1
1975,2025-09-28T18:05:26.399320,9,582.5,179.5,3.0068406543993142,True,False,False,False,5,2,0,18,0,5,524,611,"[true, false, false]",110,2,0,Starfield Stage - 1
1976,2025-09-28T18:05:26.407042,8,585.0,179.5,2.9988845691553427,True,False,False,False,5,2,0,18,0,5,523,611,"[true, false, false]",110,2,0,Starfield Stage - 1
1977,2025-09-28T18:05:26.416891,10,587.5,179.5,2.9906019880121595,True,False,False,False,5,2,0,18,0,5,522,610,"[true, false, false]",110,2,0,Starfield Stage - 1
1978,2025-09-28T18:05:26.425932,9,590.0,179.5,2.9823018078870334,True,False,False,False,5,2,0,18,0,5,521,609,"[true, false, false]",110,2,0,Starfield Stage - 1
1979,2025-09-28T18:05:26.434558,8,592.5,179.5,2.9766327622782662,True,False,False,False,5,2,0,18,0,5,521,609,"[false, false, false]",110,2,0,Starfield Stage - 1
1980,2025-09-28T18:05:26.442698,8,595.0,179.5,2.9687141150508976,True,False,False,False,5,2,0,18,0,5,520,609,"[false, false, false]",110,2,0,Starfield Stage - 1
1981,2025-09-28T18:05:26.451192,9,597.5,179.5,2.963071256708526,True,False,False,False,4,2,0,18,0,5,520,609,"[false, false, false]",110,2,0,Starfield Stage - 1
1982,2025-09-28T18:05:26.460051,8,600.0,179.5,2.957019787993565,True,False,False,False,4,2,0,18,0,5,520,608,"[false, false, false]",110,2,0,Starfield Stage - 1
1983,2025-09-28T18:05:26.468442,9,602.5,179.5,2.9482584432508627,True,False,False,False,4,2,0,18,0,5,519,606,"[false, false, false]",110,2,0,Starfield Stage - 1
1984,2025-09-28T18:05:26.477703,9,605.0,179.5,2.9385140451249074,True,False,False,False,4,2,0,18,0,5,518,602,"[false, false, false]",110,2,0,Starfield Stage - 1
1985,2025-09-28T18:05:26.486453,9,607.5,179.5,2.92634184860036,True,False,False,False,4,2,0,18,0,5,516,598,"[false, false, false]",110,2,0,Starfield Stage - 1
1986,2025-09-28T18:05:26.494726,8,610.0,179.5,2.9140010636954528,True,False,False,False,4,2,0,18,0,5,514,594,"[false, false, false]",110,2,0,Starfield Stage - 1
1987,2025-09-28T18:05:26.502809,8,612.5,179.5,2.8997613334325507,True,False,False,False,4,2,0,18,0,5,511,591,"[false, false, false]",110,2,0,Starfield Stage - 1
1988,2025-09-28T18:05:26.511403,9,615.0,179.5,2.883601422485067,True,False,False,False,3,2,0,18,0,5,508,585,"[false, false, false]",110,2,0,Starfield Stage - 1
1989,2025-09-28T18:05:26.520387,8,617.5,179.5,2.874922281936601,True,False,False,False,3,2,0,18,0,5,507,584,"[false, false, false]",110,2,0,Starfield Stage - 1
1990,2025-09-28T18:05:26.527651,8,620.0,179.5,2.866241388989562,True,False,False,False,3,2,0,18,0,5,506,583,"[false, false, false]",110,2,0,Starfield Stage - 1
1991,2025-09-28T18:05:26.535684,9,622.5,179.5,2.8605129526869892,True,False,False,False,3,2,0,18,0,5,506,583,"[false, false, false]",110,2,0,Starfield Stage - 1
1992,2025-09-28T18:05:26.544990,9,625.0,179.5,2.854803402629467,True,False,False,False,3,2,0,18,0,5,506,583,"[false, false, false]",110,2,0,Starfield Stage - 1
1993,2025-09-28T18:05:26.554316,9,627.5,179.5,2.8491130159636846,True,False,False,False,3,2,0,18,0,5,506,583,"[false, false, false]",110,2,0,Starfield Stage - 1
1994,2025-09-28T18:05:26.562530,8,630.0,179.5,2.843442063015389,True,False,False,False,4,2,0,18,0,5,506,583,"[true, false, false]",110,2,0,Starfield Stage - 1
1995,2025-09-28T18:05:26.570611,8,632.5,179.5,2.8377908072677016,True,False,False,False,4,2,0,18,0,5,506,583,"[true, false, false]",110,2,0,Starfield Stage - 1
1996,2025-09-28T18:05:26.578818,9,635.0,179.5,2.8321595053445816,True,False,False,False,4,2,0,18,0,5,506,583,"[true, false, false]",110,2,0,Starfield Stage - 1
1997,2025-09-28T18:05:26.588474,9,637.5,182.0,2.8247127987799154,True,False,False,True,3,2,0,18,0,5,506,583,"[true, false, false]",110,2,0,Starfield Stage - 1
1998,2025-09-28T18:05:26.596846,9,640.0,184.5,2.8172095366399006,True,False,False,True,3,2,0,18,0,5,506,583,"[true, false, false]",110,2,0,Starfield Stage - 1
1999,2025-09-28T18:05:26.605949,9,642.5,187.0,2.809649926648759,True,False,False,True,3,2,0,18,0,5,506,583,"[true, false, false]",110,2,0,Starfield Stage - 1
2000,2025-09-28T18:05:26.615311,9,645.0,189.5,2.802034205421003,True,False,False,True,3,2,0,18,0,5,506,583,"[true, false, false]",110,2,0,Starfield Stage - 1
2001,2025-09-28T18:05:26.622789,8,647.5,192.0,2.7943626391292438,True,False,False,True,3,2,0,18,0,5,506,583,"[true, false, false]",110,2,0,Starfield Stage - 1
2002,2025-09-28T18:05:26.631806,8,650.0,194.5,2.7866355241542533,True,False,False,True,3,2,0,18,0,5,506,583,"[false, false, false]",110,2,0,Starfield Stage - 1
2003,2025-09-28T18:05:26.640181,9,652.5,197.0,2.7788531877150606,True,False,False,True,3,2,0,18,0,5,506,583,"[false, false, false]",110,2,0,Starfield Stage - 1
2004,2025-09-28T18:05:26.648647,8,655.0,199.5,2.771015988476792,True,False,False,True,3,2,0,18,0,5,506,583,"[false, false, false]",110,2,0,Starfield Stage - 1
2005,2025-09-28T18:05:26.656879,9,657.5,202.0,2.7631243171339426,True,False,False,True,3,2,0,18,0,5,506,583,"[false, false, false]",110,2,0,Starfield Stage - 1
2006,2025-09-28T18:05:26.666520,9,660.0,204.5,2.7551785969666898,True,False,False,True,3,2,0,18,0,5,506,583,"[false, false, false]",110,2,0,Starfield Stage - 1
2007,2025-09-28T18:05:26.674325,8,662.5,207.0,2.7471792843678613,True,False,False,True,3,2,0,18,0,5,506,583,"[false, false, false]",110,2,0,Starfield Stage - 1
2008,2025-09-28T18:05:26.682271,8,665.0,209.5,2.739126869338117,True,False,False,True,3,2,0,18,0,5,506,583,"[false, false, false]",110,2,0,Starfield Stage - 1
2009,2025-09-28T18:05:26.690737,8,667.5,212.0,2.7310218759468983,True,False,False,True,3,2,0,18,0,5,506,583,"[false, false, false]",110,2,0,Starfield Stage - 1
2010,2025-09-28T18:05:26.737251,9,670.0,214.5,2.722864862756689,True,False,False,True,2,1,0,18,0,5,506,583,"[false, false, false]",120,2,0,Starfield Stage - 1
2011,2025-09-28T18:05:26.738658,40,672.5,217.0,2.6960323878918055,True,False,False,True,2,1,0,18,0,5,502,574,"[false, false, false]",120,2,0,Starfield Stage - 1
2012,2025-09-28T18:05:26.748050,9,675.0,219.5,2.672808103472909,True,False,False,True,2,1,0,18,0,5,498,569,"[false, false, false]",120,2,0,Starfield Stage - 1
2013,2025-09-28T18:05:26.757652,9,677.5,222.0,2.647913637090953,True,False,False,True,2,1,0,18,0,5,494,563,"[false, false, false]",120,2,0,Starfield Stage - 1
2014,2025-09-28T18:05:26.765702,8,680.0,224.5,2.611727443646931,True,False,False,True,2,1,0,18,0,5,487,554,"[false, false, false]",120,2,0,Starfield Stage - 1
2015,2025-09-28T18:05:26.774102,9,682.5,227.0,2.576798851801886,True,False,False,True,2,1,0,18,0,5,481,545,"[false, false, false]",120,2,0,Starfield Stage - 1
2016,2025-09-28T18:05:26.783218,9,685.0,229.5,2.502178715498167,True,False,False,True,2,2,0,18,0,5,466,524,"[false, false, false]",120,2,0,Starfield Stage - 1
2017,2025-09-28T18:05:26.790783,8,687.5,232.0,2.4623433692185883,True,False,False,True,1,2,0,18,0,5,459,515,"[false, false, false]",120,2,0,Starfield Stage - 1
2018,2025-09-28T18:05:26.799553,8,690.0,234.5,2.425487089365436,True,False,False,True,1,2,0,18,0,5,452,508,"[false, false, false]",120,2,0,Starfield Stage - 1
2019,2025-09-28T18:05:26.807803,9,692.5,237.0,2.3903275696991235,True,False,False,True,1,2,0,18,0,5,445,502,"[false, false, false]",120,2,0,Starfield Stage - 1
2020,2025-09-28T18:05:26.817262,9,695.0,239.5,2.3591156113871317,True,False,False,True,1,2,0,18,0,5,439,497,"[false, false, false]",120,2,0,Starfield Stage - 1
2021,2025-09-28T18:05:26.825575,8,697.5,242.0,2.3300123076919514,True,False,False,True,1,2,0,18,0,5,433,493,"[false, false, false]",120,2,0,Starfield Stage - 1
2022,2025-09-28T18:05:26.833909,9,700.0,244.5,2.3050314499415663,True,False,False,True,1,2,0,18,0,5,428,490,"[false, false, false]",120,2,0,Starfield Stage - 1
2023,2025-09-28T18:05:26.843396,9,702.5,247.0,2.28413468302797,True,False,False,True,2,2,0,18,0,5,424,488,"[true, false, false]",120,2,0,Starfield Stage - 1
2024,2025-09-28T18:05:26.851394,8,705.0,249.5,2.2672638075623825,True,False,False,True,2,2,0,18,0,5,421,487,"[true, false, false]",120,2,0,Starfield Stage - 1
2025,2025-09-28T18:05:26.860491,9,707.5,252.0,2.25605212859403,True,False,False,True,2,2,0,18,0,5,420,487,"[true, false, false]",120,2,0,Starfield Stage - 1
2026,2025-09-28T18:05:26.869051,9,710.0,254.5,2.2449083382837647,True,False,False,True,2,2,0,18,0,5,419,487,"[true, false, false]",120,2,0,Starfield Stage - 1
2027,2025-09-28T18:05:26.878887,9,712.5,257.0,2.2354852515733743,True,False,False,True,2,2,0,18,0,5,419,487,"[true, false, false]",120,2,0,Starfield Stage - 1
2028,2025-09-28T18:05:26.887241,9,715.0,259.5,2.226083656472481,True,False,False,True,2,2,0,18,0,5,419,487,"[true, false, false]",120,2,0,Starfield Stage - 1
2029,2025-09-28T18:05:26.895576,8,717.5,262.0,2.2167051355905714,True,False,False,True,2,2,0,18,0,5,419,487,"[true, false, false]",120,2,0,Starfield Stage - 1
2030,2025-09-28T18:05:26.903502,8,720.0,264.5,2.2073512475475514,True,False,False,True,2,2,0,18,0,5,419,487,"[false, false, false]",120,2,0,Starfield Stage - 1
2031,2025-09-28T18:05:26.911935,9,722.5,267.0,2.198023525550318,True,False,False,True,2,2,0,18,0,5,419,487,"[false, false, false]",120,2,0,Starfield Stage - 1
2032,2025-09-28T18:05:26.921707,9,725.0,269.5,2.1887234760330596,True,False,False,True,2,2,0,18,0,5,419,487,"[false, false, false]",120,2,0,Starfield Stage - 1
2033,2025-09-28T18:05:26.929585,8,727.5,272.0,2.179452577363866,True,False,False,True,2,2,0,18,0,5,419,487,"[false, false, false]",120,2,0,Starfield Stage - 1
2034,2025-09-28T18:05:26.938379,9,730.0,274.5,2.1702122786199367,True,False,False,True,2,2,0,18,0,5,419,487,"[false, false, false]",120,2,0,Starfield Stage - 1
2035,2025-09-28T18:05:26.946672,9,732.5,277.0,2.161003998433367,True,False,False,True,2,2,0,18,0,5,419,487,"[false, false, false]",120,2,0,Starfield Stage - 1
2036,2025-09-28T18:05:26.956055,9,735.0,279.5,2.1518291239092067,True,False,False,True,2,2,0,18,0,5,419,487,"[false, false, false]",120,2,0,Starfield Stage - 1
2037,2025-09-28T18:05:26.965804,9,737.5,282.0,2.1426890096171616,True,False,False,True,2,2,0,18,0,5,419,487,"[false, false, false]",120,2,0,Starfield Stage - 1
2038,2025-09-28T18:05:26.974717,9,740.0,284.5,2.1335849766580175,True,False,False,True,2,2,0,18,0,5,419,487,"[false, false, false]",120,2,0,Starfield Stage - 1
2039,2025-09-28T18:05:26.982753,8,742.5,287.0,2.124518311805572,True,False,False,True,2,2,0,18,0,5,419,487,"[false, false, false]",120,2,0,Starfield Stage - 1
2040,2025-09-28T18:05:26.991451,9,745.0,289.5,2.1154902667245525,True,False,False,True,2,2,0,18,0,5,419,487,"[false, false, false]",120,2,0,Starfield Stage - 1
2041,2025-09-28T18:05:26.999924,8,747.5,292.0,2.10650205726472,True,False,False,True,2,2,0,18,0,5,419,487,"[false, false, false]",120,2,0,Starfield Stage - 1
2042,2025-09-28T18:05:27.008720,9,750.0,294.5,2.0975548628310805,True,False,False,True,2,2,0,18,0,5,419,487,"[false, false, false]",120,2,0,Starfield Stage - 1
2043,2025-09-28T18:05:27.017013,9,752.5,297.0,2.0886498258298527,True,False,False,True,2,2,0,18,0,5,419,487,"[false, false, false]",120,2,0,Starfield Stage - 1
2044,2025-09-28T18:05:27.025961,9,755.0,299.5,2.0797880511895794,True,False,False,True,2,2,0,18,0,5,419,487,"[false, false, false]",120,2,0,Starfield Stage - 1
2045,2025-09-28T18:05:27.035013,9,757.5,302.0,2.070970605956534,True,False,False,True,2,2,0,18,0,5,419,487,"[false, false, false]",120,2,0,Starfield Stage - 1
2046,2025-09-28T18:05:27.044155,9,760.0,304.5,2.0621985189633243,True,False,False,True,2,2,0,18,0,5,419,487,"[false, false, false]",120,2,0,Starfield Stage - 1
2047,2025-09-28T18:05:27.051835,8,762.5,307.0,2.0546723901206634,True,False,False,True,2,2,0,18,0,5,420,487,"[false, false, false]",120,2,0,Starfield Stage - 1
2048,2025-09-28T18:05:27.061100,9,765.0,309.5,2.048339972380214,True,False,False,True,2,2,0,18,0,5,422,487,"[false, false, false]",120,2,0,Starfield Stage - 1
2049,2025-09-28T18:05:27.070369,9,767.5,312.0,2.0539219916122304,True,False,False,True,2,2,0,18,0,5,432,488,"[false, false, false]",120,2,0,Starfield Stage - 1
2050,2025-09-28T18:05:27.079343,9,770.0,314.5,2.0572081274073892,True,False,False,True,2,2,0,18,0,5,440,489,"[false, false, false]",120,2,0,Starfield Stage - 1
2051,2025-09-28T18:05:27.087329,8,772.5,317.0,2.067967956744757,True,False,False,True,2,2,0,18,0,5,450,492,"[false, false, false]",120,2,0,Starfield Stage - 1
2052,2025-09-28T18:05:27.095307,8,775.0,319.5,2.0780300211282783,True,False,False,True,2,2,0,18,0,5,461,494,"[false, false, false]",120,2,0,Starfield Stage - 1
2053,2025-09-28T18:05:27.103760,9,777.5,322.0,2.093836915953032,True,False,False,True,2,2,0,18,0,5,474,497,"[false, false, false]",120,2,0,Starfield Stage - 1
2054,2025-09-28T18:05:27.112652,9,780.0,324.5,2.1069240079234697,True,False,False,True,2,2,0,18,0,5,488,498,"[false, false, false]",120,2,0,Starfield Stage - 1
2055,2025-09-28T18:05:27.122457,9,782.5,327.0,2.1224513093234436,True,False,False,True,2,2,0,18,0,5,503,499,"[false, false, false]",120,2,0,Starfield Stage - 1
2056,2025-09-28T18:05:27.130334,8,785.0,329.5,2.1364342388222037,True,False,False,True,2,2,0,18,0,5,518,499,"[false, false, false]",120,2,0,Starfield Stage - 1
2057,2025-09-28T18:05:27.138655,9,787.5,332.0,2.1533170300250433,True,False,False,True,2,2,0,18,0,5,534,499,"[false, false, false]",120,2,0,Starfield Stage - 1
2058,2025-09-28T18:05:27.147889,9,790.0,334.5,2.174496974700648,True,False,False,True,2,2,0,18,0,5,550,500,"[false, false, false]",120,2,0,Starfield Stage - 1
2059,2025-09-28T18:05:27.157791,9,792.5,337.0,2.1945867269520276,True,False,False,True,2,2,0,18,0,5,566,500,"[false, false, false]",120,2,0,Starfield Stage - 1
2060,2025-09-28T18:05:27.165747,8,795.0,339.5,2.2195349484897546,True,False,False,True,2,2,0,18,0,5,582,501,"[false, false, false]",120,2,0,Starfield Stage - 1
2061,2025-09-28T18:05:27.174153,9,797.5,342.0,2.268898979531671,True,False,False,True,2,2,0,18,0,5,608,501,"[false, false, false]",120,2,0,Starfield Stage - 1
2062,2025-09-28T18:05:27.182885,9,800.0,344.5,2.2810041610923686,True,False,False,True,2,2,0,18,0,5,618,501,"[false, false, false]",120,2,0,Starfield Stage - 1
2063,2025-09-28T18:05:27.192064,9,802.5,347.0,2.294246622989112,True,False,False,True,2,2,0,18,0,5,627,502,"[false, false, false]",120,2,0,Starfield Stage - 1
2064,2025-09-28T18:05:27.200850,9,805.0,349.5,2.2961742172834527,True,False,False,True,2,2,0,19,0,5,633,502,"[false, false, false]",120,2,0,Starfield Stage - 1
2065,2025-09-28T18:05:27.209951,9,807.5,352.0,2.2956155154400886,True,False,False,True,2,2,0,19,0,5,637,503,"[false, false, false]",120,2,0,Starfield Stage - 1
2066,2025-09-28T18:05:27.219274,9,810.0,354.5,2.283002535896362,True,False,False,True,2,2,0,19,0,5,638,503,"[false, false, false]",120,2,0,Starfield Stage - 1
2067,2025-09-28T18:05:27.227867,9,812.5,357.0,2.270334114416325,True,False,False,True,2,2,0,19,0,5,639,503,"[false, false, false]",120,2,0,Starfield Stage - 1
2068,2025-09-28T18:05:27.237144,9,815.0,359.5,2.254821734006046,True,False,False,True,2,2,0,19,0,5,639,503,"[false, false, false]",120,2,0,Starfield Stage - 1
2069,2025-09-28T18:05:27.245063,8,817.5,362.0,2.2393581509578873,True,False,False,True,1,2,0,19,0,5,639,503,"[false, false, false]",120,2,0,Starfield Stage - 1
2070,2025-09-28T18:05:27.254833,9,820.0,364.5,2.2239504924836178,True,False,False,True,1,2,0,19,0,5,639,503,"[false, false, false]",120,2,0,Starfield Stage - 1
2071,2025-09-28T18:05:27.262733,8,822.5,367.0,2.2086057282243217,True,False,False,True,1,2,0,19,0,5,639,503,"[false, false, false]",120,2,0,Starfield Stage - 1
2072,2025-09-28T18:05:27.271282,9,825.0,369.5,2.193330652670715,True,False,False,True,1,2,0,19,0,5,639,503,"[false, false, false]",120,2,0,Starfield Stage - 1
2073,2025-09-28T18:05:27.279482,8,827.5,372.0,2.1781318687718096,True,False,False,True,1,2,0,19,0,5,639,503,"[false, false, false]",120,2,0,Starfield Stage - 1
2074,2025-09-28T18:05:27.288866,9,830.0,374.5,2.1630157728178716,True,False,False,True,1,2,0,19,0,5,639,503,"[false, false, false]",120,2,0,Starfield Stage - 1
2075,2025-09-28T18:05:27.297447,9,832.5,377.0,2.1479885406683574,True,False,False,True,1,2,0,19,0,5,639,503,"[false, false, false]",120,2,0,Starfield Stage - 1
2076,2025-09-28T18:05:27.305290,8,835.0,379.5,2.133056115379882,True,False,False,True,1,2,0,19,0,5,639,503,"[false, false, false]",120,2,0,Starfield Stage - 1
2077,2025-09-28T18:05:27.313677,8,837.5,382.0,2.1182241962735717,True,False,False,True,1,2,0,19,0,5,639,503,"[false, false, false]",120,2,0,Starfield Stage - 1
2078,2025-09-28T18:05:27.322512,9,840.0,384.5,2.1034982294656444,True,False,False,True,1,2,0,19,0,5,639,503,"[false, false, false]",120,2,0,Starfield Stage - 1
2079,2025-09-28T18:05:27.330098,8,842.5,387.0,2.0888833998699674,True,False,False,True,1,2,0,19,0,5,639,503,"[false, false, false]",120,2,0,Starfield Stage - 1
2080,2025-09-28T18:05:27.339198,9,845.0,389.5,2.074384624666931,True,False,False,True,1,2,0,19,0,5,639,503,"[false, false, false]",120,2,0,Starfield Stage - 1
2081,2025-09-28T18:05:27.346559,8,847.5,392.0,2.0600065482193797,True,False,False,True,1,2,0,19,0,5,639,503,"[false, false, false]",120,2,0,Starfield Stage - 1
2082,2025-09-28T18:05:27.355288,8,850.0,394.5,2.0457535384038015,True,False,False,True,1,2,0,19,0,5,639,503,"[false, false, false]",120,2,0,Starfield Stage - 1
2083,2025-09-28T18:05:27.363763,9,852.5,397.0,2.031629684313541,True,False,False,True,1,2,0,19,0,5,639,503,"[false, false, false]",120,2,0,Starfield Stage - 1
2084,2025-09-28T18:05:27.373487,9,855.0,399.5,2.0176387952806607,True,False,False,True,1,2,0,19,0,5,639,503,"[false, false, false]",120,2,0,Starfield Stage - 1
2085,2025-09-28T18:05:27.381802,8,857.5,402.0,2.0037844011542063,True,False,False,True,1,2,0,19,0,5,639,503,"[false, false, false]",120,2,0,Starfield Stage - 1
2086,2025-09-28T18:05:27.390837,9,860.0,404.5,1.9900697537651575,True,False,False,True,1,2,0,19,0,5,639,503,"[false, false, false]",120,2,0,Starfield Stage - 1
2087,2025-09-28T18:05:27.399615,9,862.5,407.0,1.9764978295022093,True,False,False,True,1,2,0,19,0,5,639,503,"[false, false, false]",120,2,0,Starfield Stage - 1
2088,2025-09-28T18:05:27.410900,9,865.0,409.5,1.9630713329177478,True,False,False,True,1,2,0,19,0,4,639,503,"[false, false, false]",120,2,0,Starfield Stage - 1
2089,2025-09-28T18:05:27.420073,9,867.5,412.0,1.9497927012799094,True,False,False,True,1,2,0,19,0,4,639,503,"[false, false, false]",120,2,0,Starfield Stage - 1
2090,2025-09-28T18:05:27.429702,10,870.0,414.5,1.9366641099843689,True,False,False,True,1,2,0,19,0,4,639,503,"[false, false, false]",120,2,0,Starfield Stage - 1
2091,2025-09-28T18:05:27.439587,9,872.5,417.0,1.9236874787384373,True,False,False,True,1,2,0,19,0,3,639,503,"[false, false, false]",120,2,0,Starfield Stage - 1
2092,2025-09-28T18:05:27.449875,9,875.0,419.5,1.9108644784300401,True,False,False,True,1,2,0,19,0,3,639,503,"[false, false, false]",120,2,0,Starfield Stage - 1
2093,2025-09-28T18:05:27.457258,9,877.5,422.0,1.8981965385951232,True,False,False,True,1,2,0,19,0,3,639,503,"[false, false, false]",120,2,0,Starfield Stage - 1
2094,2025-09-28T18:05:27.467580,9,880.0,424.5,1.8856848553988592,True,False,False,True,1,2,0,19,0,3,639,503,"[false, false, false]",120,2,0,Starfield Stage - 1
2095,2025-09-28T18:05:27.473477,8,882.5,427.0,1.8733304000486166,True,False,False,True,1,2,0,19,0,3,639,503,"[false, false, false]",120,2,0,Starfield Stage - 1
2096,2025-09-28T18:05:27.484180,9,885.0,429.5,1.8611339275598724,True,False,False,True,1,2,0,19,0,3,639,503,"[false, false, false]",120,2,0,Starfield Stage - 1
2097,2025-09-28T18:05:27.490918,8,887.5,432.0,1.849095985800008,True,False,False,True,1,2,0,18,0,3,639,503,"[false, false, false]",120,2,0,Starfield Stage - 1
2098,2025-09-28T18:05:27.499647,9,890.0,434.5,1.837216924739102,True,False,False,True,1,2,0,18,0,3,639,503,"[false, false, false]",120,2,0,Starfield Stage - 1
2099,2025-09-28T18:05:27.510713,8,892.5,437.0,1.8254969058413382,True,False,False,True,1,2,0,18,0,3,639,503,"[false, false, false]",120,2,0,Starfield Stage - 1
2100,2025-09-28T18:05:27.518945,9,895.0,439.5,1.8139359115353761,True,False,False,True,1,2,0,18,0,3,639,503,"[false, false, false]",120,2,0,Starfield Stage - 1
2101,2025-09-28T18:05:27.528651,9,897.5,442.0,1.802533754706909,True,False,False,True,1,2,0,18,0,3,639,503,"[false, false, false]",120,2,0,Starfield Stage - 1
2102,2025-09-28T18:05:27.534127,9,900.0,444.5,1.7912900881615683,True,False,False,True,1,2,0,18,0,3,639,503,"[false, false, false]",120,2,0,Starfield Stage - 1
2103,2025-09-28T18:05:27.544771,9,902.5,447.0,1.7802044140112785,True,False,False,True,1,2,0,18,0,3,639,503,"[false, false, false]",120,2,0,Starfield Stage - 1
2104,2025-09-28T18:05:27.551938,9,905.0,449.5,1.7692760929420295,True,False,False,True,1,2,0,18,0,3,639,503,"[false, false, false]",120,2,0,Starfield Stage - 1
2105,2025-09-28T18:05:27.561045,9,907.5,452.0,1.7585043533257967,True,False,False,True,1,2,0,18,0,3,639,503,"[false, false, false]",120,2,0,Starfield Stage - 1
2106,2025-09-28T18:05:27.571987,9,910.0,454.5,1.7478883001439347,True,False,False,True,1,2,0,18,0,3,639,503,"[false, false, false]",120,2,0,Starfield Stage - 1
2107,2025-09-28T18:05:27.578985,9,912.5,457.0,1.7374269236937727,True,False,False,True,1,2,0,18,0,3,639,503,"[false, false, false]",120,2,0,Starfield Stage - 1
2108,2025-09-28T18:05:27.589370,10,915.0,459.5,1.7271191080543233,True,False,False,True,1,2,0,18,0,3,639,503,"[false, false, false]",120,2,0,Starfield Stage - 1
2109,2025-09-28T18:05:27.599216,8,917.5,462.0,1.7169636392909537,True,False,False,True,1,2,0,18,0,3,639,503,"[false, false, false]",120,2,0,Starfield Stage - 1
2110,2025-09-28T18:05:27.605727,8,920.0,464.5,1.7069592133825529,True,False,False,True,1,2,0,18,0,3,639,503,"[false, false, false]",120,2,0,Starfield Stage - 1
2111,2025-09-28T18:05:27.614257,9,922.5,467.0,1.6971044438581369,True,False,False,True,1,2,0,18,0,3,639,503,"[false, false, false]",120,2,0,Starfield Stage - 1
2112,2025-09-28T18:05:27.625248,8,925.0,469.5,1.687397869132988,True,False,False,True,1,2,0,18,0,3,639,503,"[false, false, false]",120,2,0,Starfield Stage - 1
2113,2025-09-28T18:05:27.631572,9,927.5,472.0,1.6778379595372876,True,False,False,True,1,2,0,18,0,3,639,503,"[false, false, false]",120,2,0,Starfield Stage - 1
2114,2025-09-28T18:05:27.640156,9,930.0,474.5,1.6684231240328165,True,False,False,True,1,2,0,18,0,3,639,503,"[false, false, false]",120,2,0,Starfield Stage - 1
2115,2025-09-28T18:05:27.650615,8,932.5,477.0,1.659151716615637,True,False,False,True,1,2,0,18,0,3,639,503,"[false, false, false]",120,2,0,Starfield Stage - 1
2116,2025-09-28T18:05:27.661314,9,935.0,479.5,1.6500220424047725,True,False,False,True,1,2,0,18,0,3,639,503,"[false, false, false]",120,2,0,Starfield Stage - 1
2117,2025-09-28T18:05:27.667595,8,937.5,482.0,1.6410323634187436,True,False,False,True,1,2,0,18,0,3,639,503,"[false, false, false]",120,2,0,Starfield Stage - 1
2118,2025-09-28T18:05:27.674719,9,940.0,484.5,1.6321809040434612,True,False,False,True,1,2,0,18,0,3,639,503,"[false, false, false]",120,2,0,Starfield Stage - 1
2119,2025-09-28T18:05:27.685823,8,942.5,487.0,1.6234658561963708,True,False,False,True,1,2,0,18,0,3,639,503,"[false, false, false]",120,2,0,Starfield Stage - 1
2120,2025-09-28T18:05:27.692367,9,945.0,489.5,1.6148853841929685,True,False,False,True,0,2,0,18,0,3,639,503,"[false, false, false]",120,2,0,Starfield Stage - 1
2121,2025-09-28T18:05:27.700200,9,947.5,492.0,1.6064376293228224,True,False,False,True,0,2,0,18,0,3,639,503,"[false, false, false]",120,2,0,Starfield Stage - 1
2122,2025-09-28T18:05:27.709960,9,947.5,494.5,1.5983420319961867,True,True,False,True,0,2,0,18,0,3,639,503,"[false, false, false]",120,2,0,Starfield Stage - 1
2123,2025-09-28T18:05:27.720528,9,947.5,497.0,1.5902428216040072,True,True,False,True,0,2,0,18,0,3,639,503,"[false, false, false]",120,2,0,Starfield Stage - 1
2124,2025-09-28T18:05:27.727186,9,947.5,499.5,1.5821410588703417,True,True,False,True,0,2,0,18,0,3,639,503,"[false, false, false]",120,2,0,Starfield Stage - 1
2125,2025-09-28T18:05:27.735717,8,947.5,502.0,1.5740378065277998,True,True,False,True,0,2,0,18,0,3,639,503,"[false, false, false]",120,2,0,Starfield Stage - 1
2126,2025-09-28T18:05:27.746916,8,947.5,504.5,1.5659341284821084,True,True,False,True,0,2,0,18,0,3,639,503,"[false, false, false]",120,2,0,Starfield Stage - 1
2127,2025-09-28T18:05:27.753253,9,947.5,507.0,1.5578310889743696,True,True,False,True,0,2,0,18,0,3,639,503,"[false, false, false]",120,2,0,Starfield Stage - 1
2128,2025-09-28T18:05:27.760202,8,947.5,509.5,1.549729751742656,True,True,False,True,0,2,0,18,0,3,639,503,"[false, false, false]",120,2,0,Starfield Stage - 1
2129,2025-09-28T18:05:27.770180,8,947.5,512.0,1.541631179184599,True,True,False,True,0,2,0,18,0,3,639,503,"[false, false, false]",120,2,0,Starfield Stage - 1
2130,2025-09-28T18:05:27.776963,9,947.5,514.5,1.5335364315226125,True,True,False,True,0,2,0,18,0,3,639,503,"[false, false, false]",120,2,0,Starfield Stage - 1
2131,2025-09-28T18:05:27.786397,9,947.5,517.0,1.525446565973393,True,True,False,True,0,2,0,18,0,3,639,503,"[false, false, false]",120,2,0,Starfield Stage - 1
2132,2025-09-28T18:05:27.794826,9,947.5,519.5,1.5173626359233137,True,True,False,True,0,2,0,18,0,3,639,503,"[false, false, false]",120,2,0,Starfield Stage - 1
2133,2025-09-28T18:05:27.804282,9,947.5,522.0,1.509285690111317,True,True,False,True,0,2,0,18,0,3,639,503,"[false, false, false]",120,2,0,Starfield Stage - 1
2134,2025-09-28T18:05:27.815402,8,947.5,524.5,1.5012167718208764,True,True,False,True,0,2,0,18,0,3,639,503,"[false, false, false]",120,2,0,Starfield Stage - 1
2135,2025-09-28T18:05:27.819880,8,947.5,527.0,1.493156918082565,True,True,False,True,0,2,0,18,0,3,639,503,"[false, false, false]",120,2,0,Starfield Stage - 1
2136,2025-09-28T18:05:27.829225,9,947.5,529.5,1.4851071588887375,True,True,False,True,0,3,0,18,0,3,639,503,"[false, false, false]",120,2,0,Starfield Stage - 1
2137,2025-09-28T18:05:27.837729,8,947.5,532.0,1.477068516421779,True,True,False,True,0,3,0,18,0,3,639,503,"[false, false, false]",120,2,0,Starfield Stage - 1
2138,2025-09-28T18:05:27.847857,9,947.5,534.5,1.4690420042973316,True,True,False,True,0,3,0,18,0,3,639,503,"[false, false, false]",120,2,0,Starfield Stage - 1
2139,2025-09-28T18:05:27.854804,9,947.5,537.0,1.461028626823857,True,True,False,True,0,3,0,18,0,3,639,503,"[false, false, false]",120,2,0,Starfield Stage - 1
2140,2025-09-28T18:05:27.864441,9,947.5,539.5,1.4530293782798307,True,True,False,True,0,3,0,18,0,3,639,503,"[false, false, false]",120,2,0,Starfield Stage - 1
2141,2025-09-28T18:05:27.875918,8,947.5,542.0,1.4450452422098075,True,True,False,True,0,3,0,18,0,3,639,503,"[false, false, false]",120,2,0,Starfield Stage - 1
2142,2025-09-28T18:05:27.881780,10,947.5,544.5,1.4370771907405282,True,True,False,True,0,3,0,18,0,3,639,503,"[false, false, false]",120,2,0,Starfield Stage - 1
2143,2025-09-28T18:05:27.891676,9,947.5,547.0,1.4291261839181748,True,True,False,True,0,3,0,18,0,3,639,503,"[false, false, false]",120,2,0,Starfield Stage - 1
2144,2025-09-28T18:05:27.901850,9,947.5,549.5,1.4211931690677995,True,True,False,True,0,3,0,18,0,3,639,503,"[false, false, false]",120,2,0,Starfield Stage - 1
2145,2025-09-28T18:05:27.908976,9,945.0,552.0,1.4120136111297055,False,True,False,True,0,3,0,18,0,3,639,503,"[false, false, false]",120,2,0,Starfield Stage - 1
2146,2025-09-28T18:05:27.917771,9,942.5,554.5,1.4027104081609818,False,True,False,True,0,3,0,18,0,3,639,503,"[false, false, false]",120,2,0,Starfield Stage - 1
2147,2025-09-28T18:05:27.928705,8,940.0,557.0,1.3932826881899372,False,True,False,True,0,3,0,18,0,3,639,503,"[false, false, false]",120,2,0,Starfield Stage - 1
2148,2025-09-28T18:05:27.935538,9,937.5,559.5,1.3837296442887956,False,True,False,True,0,3,0,18,0,3,639,503,"[false, false, false]",120,2,0,Starfield Stage - 1
2149,2025-09-28T18:05:27.946272,9,935.0,562.0,1.3740505394331675,False,True,False,True,0,3,0,18,0,3,639,503,"[false, false, false]",120,2,0,Starfield Stage - 1
2150,2025-09-28T18:05:27.953097,8,932.5,564.5,1.364244711499949,False,True,False,True,0,3,0,18,0,3,639,503,"[false, false, false]",120,2,0,Starfield Stage - 1
2151,2025-09-28T18:05:27.962677,9,930.0,567.0,1.354311578394038,False,True,False,True,0,3,0,18,0,3,639,503,"[false, false, false]",120,2,0,Starfield Stage - 1
2152,2025-09-28T18:05:27.969918,8,927.5,569.5,1.344250643292564,False,True,False,True,0,2,0,18,0,3,639,503,"[false, false, false]",120,2,0,Starfield Stage - 1
2153,2025-09-28T18:05:27.977623,8,925.0,572.0,1.334061499993547,False,True,False,True,0,2,0,18,0,3,639,503,"[false, false, false]",120,2,0,Starfield Stage - 1
2154,2025-09-28T18:05:27.986255,9,922.5,574.5,1.323743838354022,False,True,False,True,0,2,0,18,0,3,639,503,"[false, false, false]",120,2,0,Starfield Stage - 1
2155,2025-09-28T18:05:27.996356,8,920.0,577.0,1.3132974498007264,False,True,False,True,0,2,0,18,0,3,639,503,"[false, false, false]",120,2,0,Starfield Stage - 1
2156,2025-09-28T18:05:28.003192,9,917.5,579.5,1.3027222328944104,False,True,False,True,0,2,0,18,0,3,639,503,"[false, false, false]",120,2,0,Starfield Stage - 1
2157,2025-09-28T18:05:28.013071,9,915.0,582.0,1.292018198926776,False,True,False,True,0,2,0,18,0,3,639,503,"[false, false, false]",120,2,0,Starfield Stage - 1
2158,2025-09-28T18:05:28.023357,9,912.5,584.5,1.2811854775269271,False,True,False,True,0,2,0,18,0,3,639,503,"[false, false, false]",120,2,0,Starfield Stage - 1
2159,2025-09-28T18:05:28.030179,9,910.0,587.0,1.2702243222520846,False,True,False,True,0,2,0,18,0,3,639,503,"[false, false, false]",120,2,0,Starfield Stage - 1
2160,2025-09-28T18:05:28.038961,9,907.5,589.5,1.2591351161352011,False,True,False,True,0,2,0,18,0,3,639,503,"[false, false, false]",120,2,0,Starfield Stage - 1
2161,2025-09-28T18:05:28.048318,9,905.0,592.0,1.2479183771600058,False,True,False,True,0,2,0,18,0,3,639,503,"[false, false, false]",120,2,0,Starfield Stage - 1
2162,2025-09-28T18:05:28.057310,9,902.5,594.5,1.2365747636319637,False,True,False,True,0,2,0,18,0,3,639,503,"[false, false, false]",120,2,0,Starfield Stage - 1
2163,2025-09-28T18:05:28.068712,8,900.0,597.0,1.2251050794116833,False,True,False,True,0,2,0,18,0,3,639,503,"[false, false, false]",120,2,0,Starfield Stage - 1
2164,2025-09-28T18:05:28.073997,8,897.5,599.5,1.213510278975457,False,True,False,True,0,2,0,18,0,3,639,503,"[false, false, false]",120,2,0,Starfield Stage - 1
2165,2025-09-28T18:05:28.084012,9,895.0,602.0,1.2017914722659322,False,True,False,True,0,2,0,18,0,3,639,503,"[false, false, false]",120,2,0,Starfield Stage - 1
2166,2025-09-28T18:05:28.090754,9,892.5,604.5,1.1899499292944113,False,True,False,True,0,2,0,18,0,3,639,503,"[false, false, false]",120,2,0,Starfield Stage - 1
2167,2025-09-28T18:05:28.102806,9,890.0,607.0,1.177987084455,False,True,False,True,0,2,0,18,0,3,639,503,"[false, false, false]",120,2,0,Starfield Stage - 1
2168,2025-09-28T18:05:28.109380,9,887.5,609.5,1.1659045405098132,False,True,False,True,0,2,0,18,0,3,639,503,"[false, false, false]",120,2,0,Starfield Stage - 1
2169,2025-09-28T18:05:28.118341,9,885.0,612.0,1.1537040722037453,False,True,False,True,0,2,0,18,0,3,639,503,"[false, false, false]",120,2,0,Starfield Stage - 1
2170,2025-09-28T18:05:28.129302,8,882.5,614.5,1.1413876294669396,False,True,False,True,0,2,0,18,0,3,639,503,"[false, false, false]",120,2,0,Starfield Stage - 1
2171,2025-09-28T18:05:28.134790,8,880.0,617.0,1.1289573401631154,False,True,False,True,0,2,0,18,0,3,639,503,"[false, false, false]",120,2,0,Starfield Stage - 1
2172,2025-09-28T18:05:28.143817,9,877.5,619.5,1.1164155123423352,False,True,False,True,0,2,0,19,0,3,639,503,"[false, false, false]",120,2,0,Starfield Stage - 1
2173,2025-09-28T18:05:28.151741,9,875.0,622.0,1.103764635957676,False,True,False,True,0,2,0,19,0,3,639,503,"[false, false, false]",120,2,0,Starfield Stage - 1
2174,2025-09-28T18:05:28.162877,9,872.5,624.5,1.091007384006625,False,True,False,True,0,2,0,19,0,3,639,503,"[false, false, false]",120,2,0,Starfield Stage - 1
2175,2025-09-28T18:05:28.171576,9,870.0,627.0,1.0781466130598614,False,True,False,True,0,2,0,19,0,3,639,503,"[false, false, false]",120,2,0,Starfield Stage - 1
2176,2025-09-28T18:05:28.179122,9,867.5,629.5,1.065185363142474,False,True,False,True,0,2,0,19,0,3,639,503,"[false, false, false]",120,2,0,Starfield Stage - 1
2177,2025-09-28T18:05:28.189742,10,865.0,632.0,1.0521268569355378,False,True,False,True,0,2,0,19,0,3,639,503,"[false, false, false]",120,2,0,Starfield Stage - 1
2178,2025-09-28T18:05:28.200740,8,862.5,634.5,1.0389744982694165,False,True,False,True,0,2,0,19,0,3,639,503,"[false, false, false]",120,2,0,Starfield Stage - 1
2179,2025-09-28T18:05:28.205925,9,860.0,637.0,1.025731869884094,False,True,False,True,0,2,0,19,0,3,639,503,"[false, false, false]",120,2,0,Starfield Stage - 1
2180,2025-09-28T18:05:28.215882,9,857.5,639.5,1.0124027304362948,False,True,False,True,0,2,0,19,0,3,639,503,"[false, false, false]",120,2,0,Starfield Stage - 1
2181,2025-09-28T18:05:28.223989,9,855.0,642.0,0.9989910107380917,False,True,False,True,0,2,0,19,0,3,639,503,"[false, false, false]",120,2,0,Starfield Stage - 1
2182,2025-09-28T18:05:28.233533,9,852.5,644.5,0.9855008092170836,False,True,False,True,0,2,0,19,0,3,639,503,"[false, false, false]",120,2,0,Starfield Stage - 1
2183,2025-09-28T18:05:28.245020,8,850.0,647.0,0.9719363865940016,False,True,False,True,0,2,0,19,0,3,639,503,"[false, false, false]",120,2,0,Starfield Stage - 1
2184,2025-09-28T18:05:28.249762,9,847.5,649.5,0.9583021597797411,False,True,False,True,0,2,0,19,0,3,639,503,"[false, false, false]",120,2,0,Starfield Stage - 1
2185,2025-09-28T18:05:28.259348,9,845.0,652.0,0.9446026950002149,False,True,False,True,0,2,0,19,0,3,639,503,"[false, false, false]",120,2,0,Starfield Stage - 1
2186,2025-09-28T18:05:28.268062,8,842.5,654.5,0.9331890593818742,False,True,False,True,0,2,0,19,0,3,638,503,"[false, false, false]",120,2,0,Starfield Stage - 1
2187,2025-09-28T18:05:28.277949,9,840.0,657.0,0.9203077540842464,False,True,False,True,0,2,0,19,0,3,635,501,"[false, false, false]",120,2,0,Starfield Stage - 1
2188,2025-09-28T18:05:28.285216,9,837.5,659.5,0.9040789865308737,False,True,False,True,0,2,0,19,0,3,631,497,"[false, false, false]",120,2,0,Starfield Stage - 1
2189,2025-09-28T18:05:28.293467,8,835.0,662.0,0.8822074527429196,False,True,False,True,0,2,0,19,0,3,626,490,"[false, false, false]",120,2,0,Starfield Stage - 1
2190,2025-09-28T18:05:28.304572,8,832.5,664.5,0.8561658657306593,False,True,False,True,0,2,0,19,0,3,621,481,"[false, false, false]",120,2,0,Starfield Stage - 1
2191,2025-09-28T18:05:28.311925,9,830.0,667.0,0.8339037756378318,False,True,False,True,0,2,0,19,0,3,614,471,"[false, false, false]",120,2,0,Starfield Stage - 1
2192,2025-09-28T18:05:28.321944,9,827.5,669.5,0.8087039661937714,False,True,False,True,0,2,0,19,0,3,608,460,"[false, false, false]",120,2,0,Starfield Stage - 1
2193,2025-09-28T18:05:28.329225,10,825.0,672.0,0.7789187724311951,False,True,False,True,0,2,0,19,0,3,595,439,"[false, false, false]",120,2,0,Starfield Stage - 1
2194,2025-09-28T18:05:28.337799,8,822.5,674.5,0.7561789242711197,False,True,False,True,0,2,0,19,0,3,590,428,"[false, false, false]",120,2,0,Starfield Stage - 1
2195,2025-09-28T18:05:28.346126,9,820.0,677.0,0.7306860864807849,False,True,False,True,0,2,0,19,0,3,587,417,"[false, false, false]",120,2,0,Starfield Stage - 1
2196,2025-09-28T18:05:28.354760,8,817.5,679.5,0.7030699394599604,False,True,False,True,0,2,0,19,0,3,584,404,"[false, false, false]",120,2,0,Starfield Stage - 1
2197,2025-09-28T18:05:28.366507,9,815.0,682.0,0.6734867622791411,False,True,False,True,0,2,0,19,0,3,582,390,"[false, false, false]",120,2,0,Starfield Stage - 1
2198,2025-09-28T18:05:28.371345,8,812.5,684.5,0.6442761021798473,False,True,False,True,0,2,0,19,0,3,580,375,"[false, false, false]",120,2,0,Starfield Stage - 1
2199,2025-09-28T18:05:28.379524,8,810.0,687.0,0.6107259643892086,False,True,False,True,0,2,0,19,0,3,579,357,"[false, false, false]",120,2,0,Starfield Stage - 1
2200,2025-09-28T18:05:28.387374,8,807.5,689.5,0.5790357233245013,False,True,False,True,0,2,0,19,0,3,579,340,"[false, false, false]",120,2,0,Starfield Stage - 1
2201,2025-09-28T18:05:28.395925,8,805.0,692.0,0.5443845865487685,False,True,False,True,0,2,0,19,0,3,581,322,"[false, false, false]",120,2,0,Starfield Stage - 1
2202,2025-09-28T18:05:28.407210,9,802.5,694.5,0.5081849881021563,False,True,False,True,0,2,0,19,0,3,585,304,"[false, false, false]",120,2,0,Starfield Stage - 1
2203,2025-09-28T18:05:28.414366,8,800.0,697.0,0.4743475897417014,False,True,False,True,0,2,0,19,0,3,590,288,"[false, false, false]",120,2,0,Starfield Stage - 1
2204,2025-09-28T18:05:28.419878,8,797.5,697.0,0.44455684983416255,False,True,False,False,0,2,0,19,0,3,596,274,"[false, false, false]",120,2,0,Starfield Stage - 1
2205,2025-09-28T18:05:28.429584,9,795.0,697.0,0.4139699412928241,False,True,False,False,0,2,0,19,0,3,603,260,"[false, false, false]",120,2,0,Starfield Stage - 1
2206,2025-09-28T18:05:28.438353,8,792.5,697.0,0.3822331597398905,False,True,False,False,0,2,0,19,0,3,612,248,"[false, false, false]",120,2,0,Starfield Stage - 1
2207,2025-09-28T18:05:28.449380,9,790.0,697.0,0.3494675035583426,False,True,False,False,0,2,0,19,0,3,622,236,"[false, false, false]",120,2,0,Starfield Stage - 1
2208,2025-09-28T18:05:28.454584,8,787.5,697.0,0.31633831816296826,False,True,False,False,0,2,0,19,0,3,633,225,"[false, false, false]",120,2,0,Starfield Stage - 1
2209,2025-09-28T18:05:28.463143,9,785.0,697.0,0.2818730357691373,False,True,False,False,0,2,0,19,0,3,646,217,"[false, false, false]",120,2,0,Starfield Stage - 1
2210,2025-09-28T18:05:28.474915,9,782.5,697.0,0.22136290487410484,False,True,False,False,0,2,0,19,0,3,672,206,"[false, false, false]",120,2,0,Starfield Stage - 1
2211,2025-09-28T18:05:28.480975,9,780.0,697.0,0.18998828791871572,False,True,False,False,0,2,0,19,0,3,685,203,"[false, false, false]",120,2,0,Starfield Stage - 1
2212,2025-09-28T18:05:28.492266,9,777.5,697.0,0.16318243384006664,False,True,False,False,0,2,0,19,0,3,696,202,"[false, false, false]",120,2,0,Starfield Stage - 1
2213,2025-09-28T18:05:28.502278,9,775.0,697.0,0.13651924061207438,False,True,False,False,0,2,0,19,0,3,707,202,"[false, false, false]",120,2,0,Starfield Stage - 1
2214,2025-09-28T18:05:28.507828,8,772.5,697.0,0.11364956511857606,False,True,False,False,0,2,0,19,0,3,716,202,"[false, false, false]",120,2,0,Starfield Stage - 1
2215,2025-09-28T18:05:28.516082,8,770.0,697.0,0.09322492371523071,False,True,False,False,0,2,0,19,0,3,724,205,"[false, false, false]",120,2,0,Starfield Stage - 1
2216,2025-09-28T18:05:28.526537,9,767.5,697.0,0.07261798460292598,False,True,False,False,1,2,0,19,0,3,732,209,"[true, false, false]",120,2,0,Starfield Stage - 1
2217,2025-09-28T18:05:28.536066,8,765.0,697.0,0.05584250248016998,False,True,False,False,1,2,0,19,0,3,738,214,"[true, false, false]",120,2,0,Starfield Stage - 1
2218,2025-09-28T18:05:28.541275,9,762.5,697.0,0.038764638236776186,False,True,False,False,1,2,0,19,0,3,744,220,"[true, false, false]",120,2,0,Starfield Stage - 1
2219,2025-09-28T18:05:28.550711,8,760.0,697.0,0.02339998342457642,False,True,False,False,1,2,0,19,0,3,749,227,"[true, false, false]",120,2,0,Starfield Stage - 1
2220,2025-09-28T18:05:28.559509,8,757.5,697.0,0.011827405456247839,False,True,False,False,1,2,0,19,0,3,752,232,"[true, false, false]",120,2,0,Starfield Stage - 1
2221,2025-09-28T18:05:28.569959,9,755.0,697.0,-0.0,False,True,False,False,1,2,0,19,0,3,755,237,"[true, false, false]",120,2,0,Starfield Stage - 1
2222,2025-09-28T18:05:28.575683,9,752.5,697.0,-0.00984650890252437,False,True,False,False,1,2,0,19,0,3,757,240,"[true, false, false]",120,2,0,Starfield Stage - 1
2223,2025-09-28T18:05:28.583428,8,750.0,697.0,-0.01538340178059515,False,True,False,False,1,2,0,19,0,3,757,242,"[true, false, false]",120,2,0,Starfield Stage - 1
2224,2025-09-28T18:05:28.591794,9,747.5,697.0,-0.023174658291258306,False,True,False,False,1,2,0,19,0,3,758,244,"[false, false, false]",120,2,0,Starfield Stage - 1
2225,2025-09-28T18:05:28.601299,9,745.0,697.0,-0.028753135509706637,False,True,False,False,1,2,0,19,0,3,758,245,"[false, false, false]",120,2,0,Starfield Stage - 1
2226,2025-09-28T18:05:28.608867,8,742.5,697.0,-0.03427860304014056,False,True,False,False,1,2,0,19,0,3,758,245,"[false, false, false]",120,2,0,Starfield Stage - 1
2227,2025-09-28T18:05:28.619746,10,740.0,697.0,-0.03980197745911064,False,True,False,False,1,2,0,19,0,3,758,245,"[false, false, false]",120,2,0,Starfield Stage - 1
2228,2025-09-28T18:05:28.628360,9,737.5,699.5,-0.04507396060750055,False,True,False,True,1,2,0,19,0,3,758,245,"[false, false, false]",120,2,0,Starfield Stage - 1
2229,2025-09-28T18:05:28.636337,8,735.0,702.0,-0.04810290778365479,False,True,False,True,1,2,0,19,0,3,757,245,"[false, false, false]",120,2,0,Starfield Stage - 1
2230,2025-09-28T18:05:28.644030,8,732.5,704.5,-0.05109802729022183,False,True,False,True,1,2,0,19,0,3,756,245,"[false, false, false]",120,2,0,Starfield Stage - 1
2231,2025-09-28T18:05:28.652895,9,730.0,707.0,-0.049742482954057504,False,True,False,True,1,2,0,18,0,3,753,245,"[false, false, false]",120,2,0,Starfield Stage - 1
2232,2025-09-28T18:05:28.662328,9,727.5,709.5,-0.046352965506912286,False,True,False,True,1,2,0,18,0,3,749,246,"[false, false, false]",120,2,0,Starfield Stage - 1
2233,2025-09-28T18:05:28.669807,8,725.0,712.0,-0.04307678392376172,False,True,False,True,1,2,0,18,0,3,745,248,"[false, false, false]",120,2,0,Starfield Stage - 1
2234,2025-09-28T18:05:28.680115,9,722.5,714.5,-0.03773827725700796,False,True,False,True,1,2,0,18,0,3,740,251,"[false, false, false]",120,2,0,Starfield Stage - 1
2235,2025-09-28T18:05:28.690146,10,720.0,717.0,-0.017503682654036443,False,True,False,True,1,2,0,18,0,3,728,260,"[false, false, false]",120,2,0,Starfield Stage - 1
2236,2025-09-28T18:05:28.697254,8,717.5,719.5,-0.007768989085445823,False,True,False,True,1,2,0,18,0,3,721,269,"[false, false, false]",120,2,0,Starfield Stage - 1
2237,2025-09-28T18:05:28.705389,8,715.0,722.0,0.0022573325089903784,False,True,False,True,1,2,0,18,0,3,714,279,"[false, false, false]",120,2,0,Starfield Stage - 1
2238,2025-09-28T18:05:28.716721,8,712.5,724.5,0.015027770371995236,False,True,False,True,1,2,0,18,0,3,706,292,"[false, false, false]",120,2,0,Starfield Stage - 1
2239,2025-09-28T18:05:28.722871,8,710.0,727.0,0.028495847436748246,False,True,False,True,1,2,0,18,0,3,698,306,"[false, false, false]",120,2,0,Starfield Stage - 1
2240,2025-09-28T18:05:28.730217,9,707.5,729.5,0.045146347830761095,False,True,False,True,1,2,0,18,0,3,689,320,"[false, false, false]",120,2,0,Starfield Stage - 1
2241,2025-09-28T18:05:28.740382,9,705.0,732.0,0.06273165215687604,False,True,False,True,2,2,0,18,0,3,680,334,"[true, false, false]",120,2,0,Starfield Stage - 1
2242,2025-09-28T18:05:28.746873,8,702.5,734.5,0.07875012805617976,False,True,False,True,2,2,0,18,0,3,672,348,"[true, false, false]",120,2,0,Starfield Stage - 1
2243,2025-09-28T18:05:28.755785,8,700.0,737.0,0.09281763978581033,False,True,False,True,2,2,0,18,0,3,665,361,"[true, false, false]",120,2,0,Starfield Stage - 1
2244,2025-09-28T18:05:28.764056,9,697.5,737.0,0.10537743918894249,False,True,False,True,2,2,0,18,0,3,659,373,"[true, false, false]",120,2,0,Starfield Stage - 1
2245,2025-09-28T18:05:28.774705,9,695.0,737.0,0.1153054678329782,False,True,False,True,2,2,0,18,0,3,654,383,"[true, false, false]",120,2,0,Starfield Stage - 1
2246,2025-09-28T18:05:28.783417,8,692.5,737.0,0.12187140909083272,False,True,False,True,2,2,0,18,0,3,650,390,"[true, false, false]",120,2,0,Starfield Stage - 1
2247,2025-09-28T18:05:28.790073,9,690.0,737.0,0.12219517069135505,False,True,False,True,2,2,0,18,0,3,648,395,"[true, false, false]",120,2,0,Starfield Stage - 1
2248,2025-09-28T18:05:28.800486,9,687.5,737.0,0.12508319394471656,False,True,False,True,2,2,0,18,0,3,645,399,"[false, false, false]",120,2,0,Starfield Stage - 1
2249,2025-09-28T18:05:28.807338,8,685.0,737.0,0.11814162421332997,False,True,False,True,2,2,0,18,0,3,645,400,"[false, false, false]",120,2,0,Starfield Stage - 1
2250,2025-09-28T18:05:28.817388,8,682.5,737.0,0.11082006110080675,False,True,False,False,2,2,0,18,0,3,645,400,"[false, false, false]",120,2,0,Starfield Stage - 1
2251,2025-09-28T18:05:28.823783,9,680.0,737.0,0.10348654877187663,False,True,False,False,2,2,0,18,0,3,645,400,"[false, false, false]",120,2,0,Starfield Stage - 1
2252,2025-09-28T18:05:28.832712,9,677.5,737.0,0.09614184859797292,False,True,False,False,2,2,0,18,0,3,645,400,"[false, false, false]",120,2,0,Starfield Stage - 1
2253,2025-09-28T18:05:28.842312,9,675.0,737.0,0.08878672910254286,False,True,False,False,2,2,0,18,0,3,645,400,"[false, false, false]",120,2,0,Starfield Stage - 1
2254,2025-09-28T18:05:28.850573,9,672.5,737.0,0.08142196549940708,False,True,False,False,2,2,0,18,0,3,645,400,"[false, false, false]",120,2,0,Starfield Stage - 1
2255,2025-09-28T18:05:28.861171,9,670.0,737.0,0.07404833922051743,False,True,False,False,2,2,0,18,0,3,645,400,"[false, false, false]",120,2,0,Starfield Stage - 1
2256,2025-09-28T18:05:28.868727,9,667.5,737.0,0.06666663743380191,False,True,False,False,2,2,0,18,0,3,645,400,"[false, false, false]",120,2,0,Starfield Stage - 1
2257,2025-09-28T18:05:28.878059,9,665.0,737.0,0.059277652551814816,False,True,False,False,2,3,0,19,0,3,645,400,"[false, false, false]",120,2,0,Starfield Stage - 1
2258,2025-09-28T18:05:28.886514,9,662.5,737.0,0.0518821817319368,False,True,False,False,2,3,0,19,0,3,645,400,"[false, false, false]",120,2,0,Starfield Stage - 1
2259,2025-09-28T18:05:28.895388,8,660.0,737.0,0.04744211920911726,False,True,False,False,2,3,0,19,0,3,644,400,"[false, false, false]",120,2,0,Starfield Stage - 1
2260,2025-09-28T18:05:28.903837,9,657.5,737.0,0.04325658229079618,False,True,False,False,3,3,0,19,0,3,643,402,"[true, false, false]",120,2,0,Starfield Stage - 1
2261,2025-09-28T18:05:28.913557,9,655.0,737.0,0.04515001805387394,False,True,False,False,3,3,0,19,0,3,640,405,"[true, false, false]",120,2,0,Starfield Stage - 1
2262,2025-09-28T18:05:28.922779,9,652.5,737.0,0.047365159219409814,False,True,False,False,3,3,0,19,0,3,637,410,"[true, false, false]",120,2,0,Starfield Stage - 1
2263,2025-09-28T18:05:28.931174,9,650.0,737.0,0.049495146835994576,False,True,False,False,3,3,0,19,0,3,634,414,"[true, false, false]",120,2,0,Starfield Stage - 1
2264,2025-09-28T18:05:28.939356,8,647.5,737.0,0.05167808448243,False,True,False,False,3,3,0,19,0,3,631,418,"[true, false, false]",120,2,0,Starfield Stage - 1
2265,2025-09-28T18:05:28.947016,8,645.0,737.0,0.0474327499477901,False,True,False,False,3,3,0,19,0,3,630,421,"[true, false, false]",120,2,0,Starfield Stage - 1
2266,2025-09-28T18:05:28.957084,9,642.5,737.0,0.04629278141243746,False,True,False,False,3,3,0,19,0,3,628,424,"[true, false, false]",120,2,0,Starfield Stage - 1
2267,2025-09-28T18:05:28.965736,9,640.0,737.0,0.04164257909858842,False,True,False,False,3,3,0,19,0,3,627,425,"[true, false, false]",120,2,0,Starfield Stage - 1
2268,2025-09-28T18:05:28.973878,8,637.5,737.0,0.03374923845150106,False,True,False,False,3,3,0,19,0,3,627,426,"[true, false, false]",120,2,0,Starfield Stage - 1
2269,2025-09-28T18:05:28.983542,9,635.0,734.5,0.025926118260570497,False,True,True,False,3,3,0,21,0,3,627,426,"[true, false, false]",120,2,0,Starfield Stage - 1
2270,2025-09-28T18:05:28.994536,9,632.5,732.0,0.02123863605013767,False,True,True,False,3,3,0,21,0,3,626,426,"[false, false, false]",120,2,0,Starfield Stage - 1
2271,2025-09-28T18:05:29.000365,9,630.0,729.5,0.013178808641369598,False,True,True,False,3,3,0,21,0,3,626,426,"[false, false, false]",120,2,0,Starfield Stage - 1
2272,2025-09-28T18:05:29.008797,9,627.5,727.0,0.008305456863424878,False,True,True,False,3,3,0,21,0,3,625,426,"[false, false, false]",120,2,0,Starfield Stage - 1
2273,2025-09-28T18:05:29.018951,10,625.0,724.5,-0.0,False,True,True,False,3,3,0,21,0,3,625,426,"[false, false, false]",120,2,0,Starfield Stage - 1
2274,2025-09-28T18:05:29.029046,9,622.5,722.0,-0.008445745126830086,False,True,True,False,3,3,0,21,0,3,625,426,"[false, false, false]",120,2,0,Starfield Stage - 1
2275,2025-09-28T18:05:29.037648,9,620.0,719.5,-0.017034127387229345,False,True,True,False,3,3,0,21,0,3,625,426,"[false, false, false]",120,2,0,Starfield Stage - 1
2276,2025-09-28T18:05:29.046082,9,617.5,717.0,-0.02576749146900078,False,True,True,False,3,3,0,21,0,3,625,426,"[false, false, false]",120,2,0,Starfield Stage - 1
2277,2025-09-28T18:05:29.055685,9,615.0,714.5,-0.034648173402536314,False,True,True,False,3,3,0,21,0,3,625,426,"[false, false, false]",120,2,0,Starfield Stage - 1
2278,2025-09-28T18:05:29.065494,9,612.5,712.0,-0.04367849572141462,False,True,True,False,3,3,0,21,0,3,625,426,"[false, false, false]",120,2,0,Starfield Stage - 1
2279,2025-09-28T18:05:29.072905,9,610.0,709.5,-0.052860762242514646,False,True,True,False,3,3,0,21,0,3,625,426,"[false, false, false]",120,2,0,Starfield Stage - 1
2280,2025-09-28T18:05:29.084015,9,607.5,707.0,-0.0621972524500091,False,True,True,False,3,3,0,21,0,3,625,426,"[false, false, false]",120,2,0,Starfield Stage - 1
2281,2025-09-28T18:05:29.092385,8,605.0,704.5,-0.0716902154683092,False,True,True,False,3,3,0,21,0,3,625,426,"[false, false, false]",120,2,0,Starfield Stage - 1
2282,2025-09-28T18:05:29.099554,9,602.5,702.0,-0.08134186360997483,False,True,True,False,3,3,0,21,0,3,625,426,"[false, false, false]",120,2,0,Starfield Stage - 1
2283,2025-09-28T18:05:29.109232,8,600.0,699.5,-0.09115436548581042,False,True,True,False,3,3,0,21,0,3,625,426,"[false, false, false]",120,2,0,Starfield Stage - 1
2284,2025-09-28T18:05:29.116097,9,597.5,697.0,-0.10112983866586384,False,True,True,False,4,3,0,21,0,3,625,426,"[true, false, false]",120,2,0,Starfield Stage - 1
2285,2025-09-28T18:05:29.125316,9,595.0,694.5,-0.11127034188186274,False,True,True,False,4,3,0,21,0,3,625,426,"[true, false, false]",120,2,0,Starfield Stage - 1
2286,2025-09-28T18:05:29.133377,8,592.5,692.0,-0.12157786676378776,False,True,True,False,4,3,0,21,0,3,625,426,"[true, false, false]",120,2,0,Starfield Stage - 1
2287,2025-09-28T18:05:29.141608,8,590.0,689.5,-0.13205432910582438,False,True,True,False,4,3,0,21,0,3,625,426,"[true, false, false]",120,2,0,Starfield Stage - 1
2288,2025-09-28T18:05:29.152528,9,587.5,687.0,-0.1427015596598817,False,True,True,False,4,3,0,21,0,3,625,426,"[true, false, false]",120,2,0,Starfield Stage - 1
2289,2025-09-28T18:05:29.158924,9,585.0,684.5,-0.15352129445824297,False,True,True,False,4,3,0,21,0,3,625,426,"[true, false, false]",120,2,0,Starfield Stage - 1
2290,2025-09-28T18:05:29.168013,9,582.5,682.0,-0.16451516467074306,False,True,True,False,4,3,0,20,0,3,625,426,"[false, false, false]",120,2,0,Starfield Stage - 1
2291,2025-09-28T18:05:29.176814,9,580.0,679.5,-0.17568468600617085,False,True,True,False,4,3,0,20,0,3,625,426,"[false, false, false]",120,2,0,Starfield Stage - 1
2292,2025-09-28T18:05:29.229020,8,577.5,677.0,-0.18703124767238577,False,True,True,False,3,2,0,20,0,3,625,426,"[false, false, false]",140,2,0,Starfield Stage - 1
2293,2025-09-28T18:05:29.232346,47,575.0,674.5,-0.19855610091492693,False,True,True,False,3,2,0,21,0,3,625,426,"[false, false, false]",140,2,0,Starfield Stage - 1
2294,2025-09-28T18:05:29.244242,8,572.5,672.0,-0.21026034715968,False,True,True,False,3,2,0,21,0,3,625,426,"[false, false, false]",140,2,0,Starfield Stage - 1
2295,2025-09-28T18:05:29.247811,8,570.0,669.5,-0.22214492579144954,False,True,True,False,3,2,0,21,0,3,625,426,"[false, false, false]",140,2,0,Starfield Stage - 1
2296,2025-09-28T18:05:29.257046,9,567.5,667.0,-0.23421060160703952,False,True,True,False,3,2,0,21,0,3,625,426,"[false, false, false]",140,2,0,Starfield Stage - 1
2297,2025-09-28T18:05:29.268643,9,565.0,664.5,-0.2464579519886512,False,True,True,False,2,2,0,21,0,3,625,426,"[false, false, false]",140,2,0,Starfield Stage - 1
2298,2025-09-28T18:05:29.274751,9,562.5,662.0,-0.2588873538510183,False,True,True,False,2,2,0,20,0,3,625,426,"[false, false, false]",140,2,0,Starfield Stage - 1
2299,2025-09-28T18:05:29.285296,9,560.0,659.5,-0.27149897042366117,False,True,True,False,2,2,0,20,0,3,625,426,"[false, false, false]",140,2,0,Starfield Stage - 1
2300,2025-09-28T18:05:29.291914,8,557.5,657.0,-0.2842927379378831,False,True,True,False,2,2,0,20,0,3,625,426,"[false, false, false]",140,2,0,Starfield Stage - 1
2301,2025-09-28T18:05:29.301532,9,555.0,654.5,-0.2972683522965625,False,True,True,False,2,2,0,20,0,3,625,426,"[false, false, false]",140,2,0,Starfield Stage - 1
2302,2025-09-28T18:05:29.309854,9,552.5,652.0,-0.3104252558133069,False,True,True,False,2,2,0,20,0,3,625,426,"[false, false, false]",140,2,0,Starfield Stage - 1
2303,2025-09-28T18:05:29.319238,9,552.5,649.5,-0.31367535980458616,False,False,True,False,2,2,0,20,0,3,625,426,"[false, false, false]",140,2,0,Starfield Stage - 1
2304,2025-09-28T18:05:29.330434,8,552.5,647.0,-0.3169919227429521,False,False,True,False,2,2,0,20,0,3,625,426,"[false, false, false]",140,2,0,Starfield Stage - 1
2305,2025-09-28T18:05:29.335188,8,552.5,644.5,-0.3203769288869569,False,False,True,False,2,2,0,20,0,3,625,426,"[false, false, false]",140,2,0,Starfield Stage - 1
2306,2025-09-28T18:05:29.345908,8,552.5,642.0,-0.3238324389669096,False,False,True,False,2,2,0,20,0,3,625,426,"[false, false, false]",140,2,0,Starfield Stage - 1
2307,2025-09-28T18:05:29.352156,9,552.5,639.5,-0.3273605937185548,False,False,True,False,2,2,0,20,0,3,625,426,"[false, false, false]",140,2,0,Starfield Stage - 1
2308,2025-09-28T18:05:29.362963,8,555.0,637.0,-0.32032808024938425,True,False,True,False,2,2,0,20,0,3,625,426,"[false, false, false]",140,2,0,Starfield Stage - 1
2309,2025-09-28T18:05:29.369419,9,557.5,634.5,-0.313092762066895,True,False,True,False,2,2,0,20,0,3,625,426,"[false, false, false]",140,2,0,Starfield Stage - 1
2310,2025-09-28T18:05:29.377185,8,560.0,632.0,-0.30564652940159803,True,False,True,False,2,2,0,20,0,3,625,426,"[false, false, false]",140,2,0,Starfield Stage - 1
2311,2025-09-28T18:05:29.385798,8,562.5,629.5,-0.29798088638990416,True,False,True,False,2,2,0,20,0,3,625,426,"[false, false, false]",140,2,0,Starfield Stage - 1
2312,2025-09-28T18:05:29.397339,9,565.0,627.0,-0.2914567944778671,True,False,True,False,2,2,0,20,0,3,625,427,"[false, false, false]",140,2,0,Starfield Stage - 1
2313,2025-09-28T18:05:29.406215,8,567.5,624.5,-0.28935448503127026,True,False,True,False,2,2,0,20,0,3,626,428,"[false, false, false]",140,2,0,Starfield Stage - 1
2314,2025-09-28T18:05:29.412526,8,570.0,622.0,-0.28717314623845447,True,False,True,False,2,2,0,20,0,3,627,429,"[false, false, false]",140,2,0,Starfield Stage - 1
2315,2025-09-28T18:05:29.418253,8,572.5,619.5,-0.2849082584485245,True,False,True,False,2,2,0,20,0,3,628,430,"[false, false, false]",140,2,0,Starfield Stage - 1
2316,2025-09-28T18:05:29.426988,9,575.0,617.0,-0.28897540999256643,True,False,True,False,2,2,0,20,0,3,630,432,"[false, false, false]",140,2,0,Starfield Stage - 1
2317,2025-09-28T18:05:29.437598,9,577.5,614.5,-0.28010797529805376,True,False,True,False,2,2,0,20,0,3,630,432,"[false, false, false]",140,2,0,Starfield Stage - 1
2318,2025-09-28T18:05:29.445480,9,580.0,612.0,-0.277561651759024,True,False,True,False,2,2,0,20,0,3,631,433,"[false, false, false]",140,2,0,Starfield Stage - 1
2319,2025-09-28T18:05:29.456397,9,582.5,609.5,-0.2734289594183468,True,False,True,False,2,2,0,20,0,3,632,433,"[false, false, false]",140,2,0,Starfield Stage - 1
2320,2025-09-28T18:05:29.462437,8,585.0,607.0,-0.27064869888631304,True,False,True,False,2,2,0,20,0,3,633,434,"[false, false, false]",140,2,0,Starfield Stage - 1
2321,2025-09-28T18:05:29.471264,9,587.5,604.5,-0.2662520491509254,True,False,True,False,2,2,0,20,0,3,634,434,"[false, false, false]",140,2,0,Starfield Stage - 1
2322,2025-09-28T18:05:29.480179,9,590.0,602.0,-0.2632094621908251,True,False,True,False,2,2,0,20,0,3,635,435,"[false, false, false]",140,2,0,Starfield Stage - 1
2323,2025-09-28T18:05:29.490163,8,592.5,599.5,-0.25852024446288924,True,False,True,False,2,2,0,20,0,3,636,435,"[false, false, false]",140,2,0,Starfield Stage - 1
2324,2025-09-28T18:05:29.498340,8,595.0,597.0,-0.2493581971701591,True,False,True,False,2,2,0,20,0,3,636,436,"[false, false, false]",140,2,0,Starfield Stage - 1
2325,2025-09-28T18:05:29.504191,8,597.5,594.5,-0.24423627276585042,True,False,True,False,2,2,0,20,0,3,637,436,"[false, false, false]",140,2,0,Starfield Stage - 1
2326,2025-09-28T18:05:29.512535,8,600.0,592.0,-0.2343245761522308,True,False,True,False,1,2,0,20,0,3,637,437,"[false, false, false]",140,2,0,Starfield Stage - 1
2327,2025-09-28T18:05:29.521940,9,602.5,589.5,-0.222484397355671,True,False,True,False,1,2,0,20,0,3,637,437,"[false, false, false]",140,2,0,Starfield Stage - 1
2328,2025-09-28T18:05:29.532152,9,605.0,587.0,-0.21795821393959935,True,False,True,False,1,2,0,20,0,3,638,438,"[false, false, false]",140,2,0,Starfield Stage - 1
2329,2025-09-28T18:05:29.539301,9,607.5,584.5,-0.21976025137014138,True,False,True,False,1,2,0,20,0,3,640,439,"[false, false, false]",140,2,0,Starfield Stage - 1
2330,2025-09-28T18:05:29.547401,8,610.0,582.0,-0.23148875634684254,True,False,True,False,1,2,0,20,0,3,643,442,"[false, false, false]",140,2,0,Starfield Stage - 1
2331,2025-09-28T18:05:29.558502,9,612.5,579.5,-0.24931514938714652,True,False,True,False,1,2,0,20,0,3,647,444,"[false, false, false]",140,2,0,Starfield Stage - 1
2332,2025-09-28T18:05:29.564258,8,615.0,577.0,-0.29575168575043154,True,False,True,False,1,2,0,20,0,3,654,449,"[false, false, false]",140,2,0,Starfield Stage - 1
2333,2025-09-28T18:05:29.572291,8,617.5,574.5,-0.3592329910883037,True,False,True,False,1,2,0,20,0,3,662,456,"[false, false, false]",140,2,0,Starfield Stage - 1
2334,2025-09-28T18:05:29.582378,9,620.0,572.0,-0.46737893496746485,True,False,True,False,1,2,0,20,0,3,674,465,"[false, false, false]",140,2,0,Starfield Stage - 1
2335,2025-09-28T18:05:29.590062,9,622.5,569.5,-0.6140190370079407,True,False,True,False,1,2,0,20,0,3,687,478,"[false, false, false]",140,2,0,Starfield Stage - 1
2336,2025-09-28T18:05:29.599486,9,625.0,567.0,-0.8184986521127865,True,False,True,False,1,2,0,20,0,3,703,494,"[false, false, false]",140,2,0,Starfield Stage - 1
2337,2025-09-28T18:05:29.607731,8,627.5,564.5,-1.29676233356848,True,False,True,False,1,2,0,19,0,3,736,534,"[false, false, false]",140,2,0,Starfield Stage - 1
2338,2025-09-28T18:05:29.616046,9,630.0,562.0,-1.5301682891135235,True,False,True,False,1,2,0,19,0,3,753,557,"[false, false, false]",140,2,0,Starfield Stage - 1
2339,2025-09-28T18:05:29.624968,9,632.5,559.5,-1.725903994952437,True,False,True,False,1,2,0,19,0,3,770,581,"[false, false, false]",140,2,0,Starfield Stage - 1
2340,2025-09-28T18:05:29.635006,9,635.0,557.0,-1.8725495472183882,True,False,True,False,1,2,0,19,0,3,786,604,"[false, false, false]",140,2,0,Starfield Stage - 1
2341,2025-09-28T18:05:29.643929,9,637.5,554.5,-1.983046332006688,True,False,True,False,1,2,0,19,0,3,801,626,"[false, false, false]",140,2,0,Starfield Stage - 1
2342,2025-09-28T18:05:29.652172,9,640.0,552.0,-2.061648107192916,True,False,True,False,1,2,0,19,0,3,814,645,"[false, false, false]",140,2,0,Starfield Stage - 1
2343,2025-09-28T18:05:29.660163,8,642.5,552.0,-2.110815025483736,True,False,False,False,1,2,0,19,0,3,826,662,"[false, false, false]",140,2,0,Starfield Stage - 1
2344,2025-09-28T18:05:29.668377,8,645.0,552.0,-2.1466192646734545,True,False,False,False,1,2,0,19,0,3,836,676,"[false, false, false]",140,2,0,Starfield Stage - 1
2345,2025-09-28T18:05:29.679384,8,647.5,552.0,-2.176208662757394,True,False,False,False,1,2,0,19,0,3,844,688,"[false, false, false]",140,2,0,Starfield Stage - 1
2346,2025-09-28T18:05:29.686563,8,650.0,552.0,-2.1990007221874106,True,False,False,False,1,2,0,19,0,3,851,698,"[false, false, false]",140,2,0,Starfield Stage - 1
2347,2025-09-28T18:05:29.693092,8,652.5,552.0,-2.221724976870058,True,False,False,False,1,2,0,19,0,3,856,707,"[false, false, false]",140,2,0,Starfield Stage - 1
2348,2025-09-28T18:05:29.703025,9,655.0,552.0,-2.2371941968095648,True,False,False,False,1,2,0,19,0,3,861,714,"[false, false, false]",140,2,0,Starfield Stage - 1
2349,2025-09-28T18:05:29.710624,9,657.5,552.0,-2.2542910576697266,True,False,False,False,1,2,0,19,0,3,865,721,"[false, false, false]",140,2,0,Starfield Stage - 1
2350,2025-09-28T18:05:29.719182,9,660.0,552.0,-2.2678831191059494,True,False,False,False,1,2,0,19,0,3,869,727,"[false, false, false]",140,2,0,Starfield Stage - 1
2351,2025-09-28T18:05:29.727067,8,662.5,552.0,-2.2809854028856553,True,False,False,False,1,2,0,19,0,3,873,733,"[false, false, false]",140,2,0,Starfield Stage - 1
2352,2025-09-28T18:05:29.738064,9,665.0,552.0,-2.2965637770611758,True,False,False,False,1,2,0,19,0,3,878,741,"[false, false, false]",140,2,0,Starfield Stage - 1
2353,2025-09-28T18:05:29.747446,9,667.5,552.0,-2.307904922885947,True,False,False,False,1,2,0,20,0,3,879,744,"[false, false, false]",140,2,0,Starfield Stage - 1
2354,2025-09-28T18:05:29.753427,8,670.0,552.0,-2.3140358620116888,True,False,False,False,1,2,0,20,0,3,880,745,"[false, false, false]",140,2,0,Starfield Stage - 1
2355,2025-09-28T18:05:29.763541,9,672.5,552.0,-2.322583242632569,True,False,False,False,1,2,0,20,0,3,880,746,"[false, false, false]",140,2,0,Starfield Stage - 1
2356,2025-09-28T18:05:29.770925,9,675.0,552.0,-2.328632549248068,True,False,False,False,1,2,0,20,0,3,880,746,"[false, false, false]",140,2,0,Starfield Stage - 1
2357,2025-09-28T18:05:29.780416,9,677.5,552.0,-2.3347601944936374,True,False,False,False,1,2,0,20,0,3,880,746,"[false, false, false]",140,2,0,Starfield Stage - 1
2358,2025-09-28T18:05:29.788091,8,680.0,552.0,-2.340967240815228,True,False,False,False,1,2,0,20,0,3,880,746,"[false, false, false]",140,2,0,Starfield Stage - 1
2359,2025-09-28T18:05:29.799094,9,682.5,552.0,-2.347254753893995,True,False,False,False,1,2,0,20,0,3,880,746,"[false, false, false]",140,2,0,Starfield Stage - 1
2360,2025-09-28T18:05:29.807970,9,685.0,552.0,-2.3536238017677023,True,False,False,False,1,2,0,20,0,3,880,746,"[false, false, false]",140,2,0,Starfield Stage - 1
2361,2025-09-28T18:05:29.815239,9,687.5,552.0,-2.360075453889765,True,False,False,False,1,2,0,20,0,3,880,746,"[false, false, false]",140,2,0,Starfield Stage - 1
2362,2025-09-28T18:05:29.825235,8,690.0,552.0,-2.3666107801233145,True,False,False,False,1,2,0,20,0,3,880,746,"[false, false, false]",140,2,0,Starfield Stage - 1
2363,2025-09-28T18:05:29.831103,8,692.5,552.0,-2.3732308496676255,True,False,False,False,1,2,0,20,0,3,880,746,"[false, false, false]",140,2,0,Starfield Stage - 1
2364,2025-09-28T18:05:29.840443,9,695.0,552.0,-2.3799367299142586,True,False,False,False,1,2,0,20,0,3,880,746,"[false, false, false]",140,2,0,Starfield Stage - 1
2365,2025-09-28T18:05:29.850177,9,697.5,552.0,-2.3867294852302745,True,False,False,False,0,2,0,20,0,3,880,746,"[false, false, false]",140,2,0,Starfield Stage - 1
2366,2025-09-28T18:05:29.857839,8,700.0,554.5,-2.387140193625633,True,False,False,True,0,2,0,20,0,3,880,746,"[false, false, false]",140,2,0,Starfield Stage - 1
2367,2025-09-28T18:05:29.868646,9,702.5,557.0,-2.3875620973771885,True,False,False,True,0,2,0,20,0,3,880,746,"[false, false, false]",140,2,0,Starfield Stage - 1
2368,2025-09-28T18:05:29.875268,9,705.0,559.5,-2.3879956604089414,True,False,False,True,0,2,0,20,0,3,880,746,"[false, false, false]",140,2,0,Starfield Stage - 1
2369,2025-09-28T18:05:29.885301,8,707.5,562.0,-2.388441372627599,True,False,False,True,0,2,0,20,0,3,880,746,"[false, false, false]",140,2,0,Starfield Stage - 1
2370,2025-09-28T18:05:29.891463,8,710.0,564.5,-2.3888997517667456,True,False,False,True,0,2,0,20,0,3,880,746,"[false, false, false]",140,2,0,Starfield Stage - 1
2371,2025-09-28T18:05:29.901649,9,712.5,567.0,-2.3893713453902854,True,False,False,True,0,2,0,20,0,3,880,746,"[false, false, false]",140,2,0,Starfield Stage - 1
2372,2025-09-28T18:05:29.908735,9,715.0,569.5,-2.3898567330714346,True,False,False,True,0,2,0,20,0,3,880,746,"[false, false, false]",140,2,0,Starfield Stage - 1
2373,2025-09-28T18:05:29.917429,8,717.5,572.0,-2.390356528765475,True,False,False,True,0,2,0,20,0,3,880,746,"[false, false, false]",140,2,0,Starfield Stage - 1
2374,2025-09-28T18:05:29.928522,9,720.0,574.5,-2.3908713833966546,True,False,False,True,0,2,0,20,0,3,880,746,"[false, false, false]",140,2,0,Starfield Stage - 1
2375,2025-09-28T18:05:29.935279,9,722.5,577.0,-2.391401987682127,True,False,False,True,0,2,0,20,0,3,880,746,"[false, false, false]",140,2,0,Starfield Stage - 1
2376,2025-09-28T18:05:29.945336,8,725.0,579.5,-2.391949075218647,True,False,False,True,0,2,0,20,0,3,880,746,"[false, false, false]",140,2,0,Starfield Stage - 1
2377,2025-09-28T18:05:29.951096,8,727.5,582.0,-2.3925134258609817,True,False,False,True,0,3,0,20,0,3,880,746,"[false, false, false]",140,2,0,Starfield Stage - 1
2378,2025-09-28T18:05:29.962851,9,730.0,584.5,-2.3930958694247053,True,False,False,True,0,3,0,20,0,3,880,746,"[false, false, false]",140,2,0,Starfield Stage - 1
2379,2025-09-28T18:05:29.970984,9,732.5,587.0,-2.3936972897502806,True,False,False,True,0,3,0,20,0,3,880,746,"[false, false, false]",140,2,0,Starfield Stage - 1
2380,2025-09-28T18:05:29.978426,8,735.0,589.5,-2.3943186291702245,True,False,False,True,0,3,0,20,0,3,880,746,"[false, false, false]",140,2,0,Starfield Stage - 1
2381,2025-09-28T18:05:29.989864,8,737.5,592.0,-2.394960893426747,True,False,False,True,0,3,0,20,0,3,880,746,"[false, false, false]",140,2,0,Starfield Stage - 1
2382,2025-09-28T18:05:29.993871,8,740.0,594.5,-2.3956251570937463,True,False,False,True,0,3,0,20,0,3,880,746,"[false, false, false]",140,2,0,Starfield Stage - 1
2383,2025-09-28T18:05:30.003740,9,742.5,597.0,-2.396312569564523,True,False,False,True,0,3,0,20,0,3,880,746,"[false, false, false]",140,2,0,Starfield Stage - 1
2384,2025-09-28T18:05:30.011184,9,745.0,599.5,-2.3970243616752565,True,False,False,True,0,3,0,20,0,3,880,746,"[false, false, false]",140,2,0,Starfield Stage - 1
2385,2025-09-28T18:05:30.019517,8,747.5,602.0,-2.397761853044366,True,False,False,True,0,3,0,20,0,3,880,746,"[false, false, false]",140,2,0,Starfield Stage - 1
2386,2025-09-28T18:05:30.029430,8,750.0,604.5,-2.3985264602196366,True,False,False,True,0,3,0,20,0,3,880,746,"[false, false, false]",140,2,0,Starfield Stage - 1
2387,2025-09-28T18:05:30.038361,9,752.5,607.0,-2.3993197057386895,True,False,False,True,0,3,0,20,0,3,880,746,"[false, false, false]",140,2,0,Starfield Stage - 1
2388,2025-09-28T18:05:30.044258,8,755.0,609.5,-2.400143228224459,True,False,False,True,0,3,0,20,0,3,880,746,"[false, false, false]",140,2,0,Starfield Stage - 1
2389,2025-09-28T18:05:30.051793,8,757.5,612.0,-2.400998793656187,True,False,False,True,0,3,0,20,0,3,880,746,"[false, false, false]",140,2,0,Starfield Stage - 1
2390,2025-09-28T18:05:30.065453,9,760.0,614.5,-2.401888307978681,True,False,False,True,0,3,0,20,0,3,880,746,"[false, false, false]",140,2,0,Starfield Stage - 1
2391,2025-09-28T18:05:30.068737,8,762.5,617.0,-2.4028138312388085,True,False,False,True,0,3,0,20,0,3,880,746,"[false, false, false]",140,2,0,Starfield Stage - 1
2392,2025-09-28T18:05:30.077813,9,765.0,619.5,-2.403777593469328,True,False,False,True,0,2,0,20,0,3,880,746,"[false, false, false]",140,2,0,Starfield Stage - 1
2393,2025-09-28T18:05:30.087430,9,767.5,622.0,-2.4047820125771167,True,False,False,True,0,2,0,20,0,3,880,746,"[false, false, false]",140,2,0,Starfield Stage - 1
2394,2025-09-28T18:05:30.098639,9,770.0,624.5,-2.4058297145369787,True,False,False,True,0,2,0,20,0,3,880,746,"[false, false, false]",140,2,0,Starfield Stage - 1
2395,2025-09-28T18:05:30.105382,9,772.5,627.0,-2.4069235562450326,True,False,False,True,0,2,0,20,0,3,880,746,"[false, false, false]",140,2,0,Starfield Stage - 1
2396,2025-09-28T18:05:30.116777,8,775.0,629.5,-2.408066651449111,True,False,False,True,0,2,0,20,0,3,880,746,"[false, false, false]",140,2,0,Starfield Stage - 1
2397,2025-09-28T18:05:30.126239,8,777.5,632.0,-2.409262400250143,True,False,False,True,0,2,0,20,0,3,880,746,"[false, false, false]",140,2,0,Starfield Stage - 1
2398,2025-09-28T18:05:30.134192,9,780.0,634.5,-2.410514522761146,True,False,False,True,0,2,0,20,0,3,880,746,"[false, false, false]",140,2,0,Starfield Stage - 1
2399,2025-09-28T18:05:30.140722,8,782.5,637.0,-2.4118270976231235,True,False,False,True,0,2,0,20,0,3,880,746,"[false, false, false]",140,2,0,Starfield Stage - 1
2400,2025-09-28T18:05:30.147564,9,785.0,639.5,-2.413204606214726,True,False,False,True,0,2,0,20,0,3,880,746,"[false, false, false]",140,2,0,Starfield Stage - 1
2401,2025-09-28T18:05:30.159944,8,785.0,642.0,-2.401389823413174,True,True,False,True,0,2,0,21,0,3,880,746,"[false, false, false]",140,2,0,Starfield Stage - 1
2402,2025-09-28T18:05:30.163410,8,785.0,644.5,-2.3892613134080998,True,True,False,True,0,2,0,21,0,3,880,746,"[false, false, false]",140,2,0,Starfield Stage - 1
2403,2025-09-28T18:05:30.171518,8,785.0,647.0,-2.376810125817949,True,True,False,True,0,2,0,21,0,3,880,746,"[false, false, false]",140,2,0,Starfield Stage - 1
2404,2025-09-28T18:05:30.181833,9,785.0,649.5,-2.364027228176587,True,True,False,True,0,2,0,21,0,3,880,746,"[false, false, false]",140,2,0,Starfield Stage - 1
2405,2025-09-28T18:05:30.188997,9,785.0,652.0,-2.3509035342739444,True,True,False,True,0,2,0,21,0,3,880,746,"[false, false, false]",140,2,0,Starfield Stage - 1
2406,2025-09-28T18:05:30.199811,10,782.5,654.5,-2.324459116663887,False,True,False,True,0,2,0,21,0,3,880,746,"[false, false, false]",140,2,0,Starfield Stage - 1
2407,2025-09-28T18:05:30.208240,9,780.0,657.0,-2.298059014791587,False,True,False,True,0,2,0,21,0,3,880,746,"[false, false, false]",140,2,0,Starfield Stage - 1
2408,2025-09-28T18:05:30.219996,9,777.5,659.5,-2.271739773945428,False,True,False,True,0,2,0,21,0,3,880,746,"[false, false, false]",140,2,0,Starfield Stage - 1
2409,2025-09-28T18:05:30.225741,9,775.0,662.0,-2.2455372690184494,False,True,False,True,0,2,0,21,0,3,880,746,"[false, false, false]",140,2,0,Starfield Stage - 1
2410,2025-09-28T18:05:30.238122,8,772.5,664.5,-2.219486417925937,False,True,False,True,0,2,0,21,0,3,880,746,"[false, false, false]",140,2,0,Starfield Stage - 1
2411,2025-09-28T18:05:30.243750,9,770.0,667.0,-2.19362091438188,False,True,False,True,0,2,0,21,0,3,880,746,"[false, false, false]",140,2,0,Starfield Stage - 1
2412,2025-09-28T18:05:30.252243,9,767.5,669.5,-2.167972984887574,False,True,False,True,0,2,0,21,0,3,880,746,"[false, false, false]",140,2,0,Starfield Stage - 1
2413,2025-09-28T18:05:30.260084,8,765.0,672.0,-2.142573173911323,False,True,False,True,0,2,0,22,0,3,880,746,"[false, false, false]",140,2,0,Starfield Stage - 1
2414,2025-09-28T18:05:30.269007,9,762.5,674.5,-2.1174501602595557,False,True,False,True,0,2,0,22,0,3,880,746,"[false, false, false]",140,2,0,Starfield Stage - 1
2415,2025-09-28T18:05:30.279911,10,760.0,677.0,-2.092630606609307,False,True,False,True,0,2,0,22,0,3,880,746,"[false, false, false]",140,2,0,Starfield Stage - 1
2416,2025-09-28T18:05:30.288202,9,757.5,679.5,-2.068139043141719,False,True,False,True,0,2,0,22,0,3,880,746,"[false, false, false]",140,2,0,Starfield Stage - 1
2417,2025-09-28T18:05:30.298779,8,755.0,682.0,-2.0439977852333,False,True,False,True,0,2,0,22,0,3,880,746,"[false, false, false]",140,2,0,Starfield Stage - 1
2418,2025-09-28T18:05:30.307797,9,752.5,684.5,-2.020226884266214,False,True,False,True,0,2,0,22,0,3,880,746,"[false, false, false]",140,2,0,Starfield Stage - 1
2419,2025-09-28T18:05:30.314006,8,750.0,687.0,-1.996844109841785,False,True,False,True,0,2,0,22,0,3,880,746,"[false, false, false]",140,2,0,Starfield Stage - 1
2420,2025-09-28T18:05:30.322902,9,747.5,689.5,-1.9738649610434464,False,True,False,True,0,2,0,22,0,3,880,746,"[false, false, false]",140,2,0,Starfield Stage - 1
2421,2025-09-28T18:05:30.333990,9,745.0,692.0,-1.9513027039072615,False,True,False,True,0,2,0,22,0,3,880,746,"[false, false, false]",140,2,0,Starfield Stage - 1
2422,2025-09-28T18:05:30.340135,9,742.5,694.5,-1.9291684319211688,False,True,False,True,0,2,0,22,0,3,880,746,"[false, false, false]",140,2,0,Starfield Stage - 1
2423,2025-09-28T18:05:30.349485,9,740.0,697.0,-1.9074711461816238,False,True,False,True,0,2,0,22,0,3,880,746,"[false, false, false]",140,2,0,Starfield Stage - 1
2424,2025-09-28T18:05:30.360179,9,737.5,699.5,-1.886217851775337,False,True,False,True,0,2,0,22,0,3,880,746,"[false, false, false]",140,2,0,Starfield Stage - 1
2425,2025-09-28T18:05:30.369404,8,735.0,702.0,-1.8673421358645972,False,True,False,True,0,2,0,23,0,3,879,746,"[false, false, false]",140,2,0,Starfield Stage - 1
2426,2025-09-28T18:05:30.375111,9,732.5,704.5,-1.8523143654926018,False,True,False,True,0,2,0,23,0,3,876,746,"[false, false, false]",140,2,0,Starfield Stage - 1
2427,2025-09-28T18:05:30.384259,9,730.0,707.0,-1.8440860076769665,False,True,False,True,0,2,0,23,0,3,862,744,"[false, false, false]",140,2,0,Starfield Stage - 1
2428,2025-09-28T18:05:30.394942,8,727.5,709.5,-1.8186078435335984,False,True,False,True,0,2,0,23,0,3,852,741,"[false, false, false]",140,2,0,Starfield Stage - 1
2429,2025-09-28T18:05:30.401277,9,725.0,712.0,-1.784857010358718,False,True,False,True,0,2,0,23,0,3,840,737,"[false, false, false]",140,2,0,Starfield Stage - 1
2430,2025-09-28T18:05:30.409528,8,722.5,714.5,-1.7367207992439537,False,True,False,True,0,2,0,23,0,3,827,732,"[false, false, false]",140,2,0,Starfield Stage - 1
2431,2025-09-28T18:05:30.421421,9,720.0,714.5,-1.695151321341658,False,True,False,False,0,2,0,23,0,3,812,726,"[false, false, false]",140,2,0,Starfield Stage - 1
2432,2025-09-28T18:05:30.430542,8,717.5,714.5,-1.6287957200028498,False,True,False,False,0,2,0,23,0,3,795,719,"[false, false, false]",140,2,0,Starfield Stage - 1
2433,2025-09-28T18:05:30.435096,8,715.0,714.5,-1.5311345968717691,False,True,False,False,0,2,0,23,0,3,778,712,"[false, false, false]",140,2,0,Starfield Stage - 1
2434,2025-09-28T18:05:30.443231,9,712.5,714.5,-1.3937231720160213,False,True,False,False,0,2,0,23,0,3,760,706,"[false, false, false]",140,2,0,Starfield Stage - 1
2435,2025-09-28T18:05:30.450990,8,710.0,714.5,-1.1567973241826968,False,True,False,False,0,2,0,23,0,3,743,700,"[false, false, false]",140,2,0,Starfield Stage - 1
2436,2025-09-28T18:05:30.463695,9,707.5,714.5,-0.7590884461445261,False,True,False,False,0,2,0,23,0,3,726,695,"[false, false, false]",140,2,0,Starfield Stage - 1
2437,2025-09-28T18:05:30.469514,9,705.0,714.5,-0.20131710837464076,False,True,False,False,0,2,0,24,0,3,710,690,"[false, false, false]",140,2,0,Starfield Stage - 1
2438,2025-09-28T18:05:30.480547,9,702.5,714.5,0.28053679173832197,False,True,False,False,0,2,0,24,0,3,694,685,"[false, false, false]",140,2,0,Starfield Stage - 1
2439,2025-09-28T18:05:30.486619,8,700.0,714.5,0.5467888408892474,False,True,False,False,0,2,0,24,0,3,679,680,"[false, false, false]",140,2,0,Starfield Stage - 1
2440,2025-09-28T18:05:30.495657,9,697.5,714.5,0.7179331388755436,False,True,False,False,0,2,0,24,0,3,663,675,"[false, false, false]",140,2,0,Starfield Stage - 1
2441,2025-09-28T18:05:30.503336,8,695.0,714.5,0.9223139391525961,False,True,False,False,0,2,0,24,0,3,631,666,"[false, false, false]",140,2,0,Starfield Stage - 1
2442,2025-09-28T18:05:30.514453,9,692.5,714.5,0.9493273292215095,False,True,False,False,0,2,0,24,0,3,615,659,"[false, false, false]",140,2,0,Starfield Stage - 1
2443,2025-09-28T18:05:30.522681,8,690.0,714.5,0.9615469209487049,False,True,False,False,0,2,0,24,0,3,599,651,"[false, false, false]",140,2,0,Starfield Stage - 1
2444,2025-09-28T18:05:30.529483,9,687.5,714.5,0.9623003682663129,False,True,False,False,0,2,0,24,0,3,582,641,"[false, false, false]",140,2,0,Starfield Stage - 1
2445,2025-09-28T18:05:30.540544,9,685.0,714.5,0.9556468358258158,False,True,False,False,0,2,0,24,0,3,564,629,"[false, false, false]",140,2,0,Starfield Stage - 1
2446,2025-09-28T18:05:30.550403,9,682.5,714.5,0.9422194829916972,False,True,False,False,0,2,0,24,0,3,547,616,"[false, false, false]",140,2,0,Starfield Stage - 1
2447,2025-09-28T18:05:30.556238,9,680.0,714.5,0.9379048994651472,False,True,False,False,0,2,0,24,0,3,528,603,"[false, false, false]",140,2,0,Starfield Stage - 1
2448,2025-09-28T18:05:30.564709,8,677.5,714.5,0.9316076014275722,False,True,False,False,0,2,0,24,0,3,510,590,"[false, false, false]",140,2,0,Starfield Stage - 1
2449,2025-09-28T18:05:30.573716,9,675.0,712.0,0.93614454451787,False,True,True,False,0,2,0,24,0,3,493,578,"[false, false, false]",140,2,0,Starfield Stage - 1
2450,2025-09-28T18:05:30.581986,9,672.5,709.5,0.9409363726450628,False,True,True,False,0,2,0,24,0,3,477,567,"[false, false, false]",140,2,0,Starfield Stage - 1
2451,2025-09-28T18:05:30.591256,9,670.0,707.0,0.9492697022982748,False,True,True,False,0,2,0,24,0,3,448,548,"[false, false, false]",140,2,0,Starfield Stage - 1
2452,2025-09-28T18:05:30.602476,8,667.5,704.5,0.9538376557530094,False,True,True,False,0,2,0,24,0,3,437,541,"[false, false, false]",140,2,0,Starfield Stage - 1
2453,2025-09-28T18:05:30.607947,8,665.0,702.0,0.9581073811917297,False,True,True,False,0,2,0,24,0,3,426,534,"[false, false, false]",140,2,0,Starfield Stage - 1
2454,2025-09-28T18:05:30.616566,9,662.5,699.5,0.9610278234727048,False,True,True,False,0,2,0,24,0,3,417,528,"[false, false, false]",140,2,0,Starfield Stage - 1
2455,2025-09-28T18:05:30.625686,9,660.0,697.0,0.9654596931432393,False,True,True,False,0,2,0,24,0,3,410,524,"[false, false, false]",140,2,0,Starfield Stage - 1
2456,2025-09-28T18:05:30.635629,9,657.5,694.5,0.972438397774005,False,True,True,False,0,2,0,24,0,3,403,521,"[false, false, false]",140,2,0,Starfield Stage - 1
2457,2025-09-28T18:05:30.643437,9,655.0,692.0,0.9756446046535151,False,True,True,False,0,2,0,24,0,3,398,518,"[false, false, false]",140,2,0,Starfield Stage - 1
2458,2025-09-28T18:05:30.651484,8,652.5,689.5,0.978756060128542,False,True,True,False,0,2,0,24,0,3,396,517,"[false, false, false]",140,2,0,Starfield Stage - 1
2459,2025-09-28T18:05:30.662912,9,650.0,687.0,0.9818928225901585,False,True,True,False,0,2,0,24,0,3,394,516,"[false, false, false]",140,2,0,Starfield Stage - 1
2460,2025-09-28T18:05:30.671421,9,647.5,684.5,0.9814294676134926,False,True,True,False,0,2,0,24,0,3,394,515,"[false, false, false]",140,2,0,Starfield Stage - 1
2461,2025-09-28T18:05:30.678064,8,645.0,682.0,0.9837136861892696,False,True,True,False,0,2,0,25,0,3,394,515,"[false, false, false]",140,2,0,Starfield Stage - 1
2462,2025-09-28T18:05:30.686590,9,642.5,679.5,0.986051040717335,False,True,True,False,0,2,0,25,0,3,394,515,"[false, false, false]",140,2,0,Starfield Stage - 1
2463,2025-09-28T18:05:30.695448,9,640.0,677.0,0.9884433806509134,False,True,True,False,0,2,0,25,0,3,394,515,"[false, false, false]",140,2,0,Starfield Stage - 1
2464,2025-09-28T18:05:30.703485,8,637.5,674.5,0.9908926409737324,False,True,True,False,0,2,0,25,0,3,394,515,"[false, false, false]",140,2,0,Starfield Stage - 1
2465,2025-09-28T18:05:30.712092,9,635.0,672.0,0.993400847120319,False,True,True,False,0,2,0,25,0,3,394,515,"[false, false, false]",140,2,0,Starfield Stage - 1
2466,2025-09-28T18:05:30.723416,9,632.5,669.5,0.9959701202336522,False,True,True,False,0,2,0,25,0,3,394,515,"[false, false, false]",140,2,0,Starfield Stage - 1
2467,2025-09-28T18:05:30.732514,9,630.0,667.0,0.9986026827869026,False,True,True,False,0,2,0,25,0,3,394,515,"[false, false, false]",140,2,0,Starfield Stage - 1
2468,2025-09-28T18:05:30.738682,8,627.5,664.5,1.0013008645983736,False,True,True,False,0,2,0,25,0,3,394,515,"[false, false, false]",140,2,0,Starfield Stage - 1
2469,2025-09-28T18:05:30.746593,9,625.0,662.0,1.0040671092713902,False,True,True,False,0,2,0,25,0,3,394,515,"[false, false, false]",140,2,0,Starfield Stage - 1
2470,2025-09-28T18:05:30.755669,8,622.5,659.5,1.0069039810937581,False,True,True,False,0,2,0,25,0,3,394,515,"[false, false, false]",140,2,0,Starfield Stage - 1
2471,2025-09-28T18:05:30.763830,9,620.0,657.0,1.009814172434594,False,True,True,False,0,2,0,25,0,3,394,515,"[false, false, false]",140,2,0,Starfield Stage - 1
2472,2025-09-28T18:05:30.773977,9,617.5,654.5,1.0128005116798169,False,True,True,False,0,2,0,25,0,3,394,515,"[false, false, false]",140,2,0,Starfield Stage - 1
2473,2025-09-28T18:05:30.785143,9,615.0,652.0,1.015865971751438,False,True,True,False,0,2,0,25,0,3,394,515,"[false, false, false]",140,2,0,Starfield Stage - 1
2474,2025-09-28T18:05:30.792656,8,612.5,649.5,1.0190136792600217,False,True,True,False,0,2,0,25,0,3,394,515,"[false, false, false]",140,2,0,Starfield Stage - 1
2475,2025-09-28T18:05:30.799419,9,610.0,647.0,1.0222469243443686,False,True,True,False,0,2,0,25,0,3,394,515,"[false, false, false]",140,2,0,Starfield Stage - 1
2476,2025-09-28T18:05:30.807305,8,607.5,644.5,1.0255691712576214,False,True,True,False,0,2,0,25,0,3,394,515,"[false, false, false]",140,2,0,Starfield Stage - 1
2477,2025-09-28T18:05:30.816237,9,605.0,642.0,1.0289840697646893,False,True,True,False,0,2,0,25,0,3,394,515,"[false, false, false]",140,2,0,Starfield Stage - 1
2478,2025-09-28T18:05:30.824456,8,602.5,639.5,1.0324954674221651,False,True,True,False,0,2,0,25,0,3,394,515,"[false, false, false]",140,2,0,Starfield Stage - 1
2479,2025-09-28T18:05:30.832862,9,600.0,637.0,1.0361074228188574,False,True,True,False,0,2,0,25,0,3,394,515,"[false, false, false]",140,2,0,Starfield Stage - 1
2480,2025-09-28T18:05:30.843750,9,597.5,634.5,1.0398242198627243,False,True,True,False,0,2,0,25,0,3,394,515,"[false, false, false]",140,2,0,Starfield Stage - 1
2481,2025-09-28T18:05:30.851796,9,595.0,632.0,1.0436503832084871,False,True,True,False,0,2,0,25,0,3,394,515,"[false, false, false]",140,2,0,Starfield Stage - 1
2482,2025-09-28T18:05:30.860572,9,592.5,629.5,1.0475906949295664,False,True,True,False,0,2,0,25,0,3,394,515,"[false, false, false]",140,2,0,Starfield Stage - 1
2483,2025-09-28T18:05:30.868930,9,590.0,627.0,1.0516502125483738,False,True,True,False,0,2,0,25,0,3,394,515,"[false, false, false]",140,2,0,Starfield Stage - 1
2484,2025-09-28T18:05:30.877967,9,587.5,624.5,1.0558342885504484,False,True,True,False,0,2,0,25,0,3,394,515,"[false, false, false]",140,2,0,Starfield Stage - 1
2485,2025-09-28T18:05:30.887792,9,585.0,622.0,1.0601485915206317,False,True,True,False,0,2,0,25,0,3,394,515,"[false, false, false]",140,2,0,Starfield Stage - 1
2486,2025-09-28T18:05:30.898663,9,582.5,619.5,1.0645991290534973,False,True,True,False,0,2,0,25,0,3,394,515,"[false, false, false]",140,2,0,Starfield Stage - 1
2487,2025-09-28T18:05:30.905045,9,580.0,617.0,1.069192272605776,False,True,True,False,0,2,0,25,0,3,394,515,"[false, false, false]",140,2,0,Starfield Stage - 1
2488,2025-09-28T18:05:30.915490,9,577.5,614.5,1.0739347844756568,False,True,True,False,0,2,0,25,0,3,394,515,"[false, false, false]",140,2,0,Starfield Stage - 1
2489,2025-09-28T18:05:30.922519,8,575.0,612.0,1.07883384711278,False,True,True,False,0,2,0,25,0,3,394,515,"[false, false, false]",140,2,0,Starfield Stage - 1
2490,2025-09-28T18:05:30.930996,9,572.5,609.5,1.0838970949836275,False,True,True,False,0,2,0,25,0,3,394,515,"[false, false, false]",140,2,0,Starfield Stage - 1
2491,2025-09-28T18:05:30.940484,9,570.0,607.0,1.089132649240035,False,True,True,False,0,2,0,25,0,3,394,515,"[false, false, false]",140,2,0,Starfield Stage - 1
2492,2025-09-28T18:05:30.949223,9,567.5,604.5,1.0945491554638733,False,True,True,False,0,2,0,25,0,3,394,515,"[false, false, false]",140,2,0,Starfield Stage - 1
2493,2025-09-28T18:05:30.959654,8,565.0,602.0,1.1001558247887573,False,True,True,False,0,2,0,25,0,3,394,515,"[false, false, false]",140,2,0,Starfield Stage - 1
2494,2025-09-28T18:05:30.965464,8,562.5,599.5,1.1059624787300981,False,True,True,False,0,2,0,25,0,3,394,515,"[false, false, false]",140,2,0,Starfield Stage - 1
2495,2025-09-28T18:05:30.975508,9,560.0,597.0,1.111979598088067,False,True,True,False,0,2,0,25,0,3,394,515,"[false, false, false]",140,2,0,Starfield Stage - 1
2496,2025-09-28T18:05:30.982724,9,557.5,594.5,1.1182183763241975,False,True,True,False,0,2,0,25,0,3,394,515,"[false, false, false]",140,2,0,Starfield Stage - 1
2497,2025-09-28T18:05:30.992351,9,555.0,592.0,1.124690777851493,False,True,True,False,0,3,0,25,0,3,394,515,"[false, false, false]",140,2,0,Starfield Stage - 1
2498,2025-09-28T18:05:31.001010,8,552.5,589.5,1.1314096017199589,False,True,True,False,0,3,0,25,0,3,394,515,"[false, false, false]",140,2,0,Starfield Stage - 1
2499,2025-09-28T18:05:31.010877,9,550.0,587.0,1.1383885512243588,False,True,True,False,0,3,0,25,0,3,394,515,"[false, false, false]",140,2,0,Starfield Stage - 1
2500,2025-09-28T18:05:31.018405,9,547.5,584.5,1.1456423100083286,False,True,True,False,0,3,0,25,0,3,394,515,"[false, false, false]",140,2,0,Starfield Stage - 1
2501,2025-09-28T18:05:31.027147,9,545.0,582.0,1.1531866252882412,False,True,True,False,0,3,0,25,0,3,394,515,"[false, false, false]",140,2,0,Starfield Stage - 1
2502,2025-09-28T18:05:31.037433,8,542.5,579.5,1.1610383988705137,False,True,True,False,0,3,0,25,0,3,394,515,"[false, false, false]",140,2,0,Starfield Stage - 1
2503,2025-09-28T18:05:31.043341,8,540.0,577.0,1.1692157866860171,False,True,True,False,0,3,0,25,0,3,394,515,"[false, false, false]",140,2,0,Starfield Stage - 1
2504,2025-09-28T18:05:31.052552,9,537.5,574.5,1.1777383076129642,False,True,True,False,0,3,0,25,0,3,394,515,"[false, false, false]",140,2,0,Starfield Stage - 1
2505,2025-09-28T18:05:31.061195,9,535.0,572.0,1.1866269624022971,False,True,True,False,0,3,0,25,0,3,394,515,"[false, false, false]",140,2,0,Starfield Stage - 1
2506,2025-09-28T18:05:31.069585,8,532.5,569.5,1.1959043635533189,False,True,True,False,0,3,0,25,0,3,394,515,"[false, false, false]",140,2,0,Starfield Stage - 1
2507,2025-09-28T18:05:31.079021,9,530.0,567.0,1.2055948770067235,False,True,True,False,0,3,0,25,0,3,394,515,"[false, false, false]",140,2,0,Starfield Stage - 1
2508,2025-09-28T18:05:31.087734,9,527.5,564.5,1.2157247765200072,False,True,True,False,0,3,0,25,0,3,394,515,"[false, false, false]",140,2,0,Starfield Stage - 1
2509,2025-09-28T18:05:31.097301,8,525.0,562.0,1.2263224115566134,False,True,True,False,0,3,0,25,0,3,394,515,"[false, false, false]",140,2,0,Starfield Stage - 1
2510,2025-09-28T18:05:31.102958,8,522.5,559.5,1.2374183894418707,False,True,True,False,0,3,0,25,0,3,394,515,"[false, false, false]",140,2,0,Starfield Stage - 1
2511,2025-09-28T18:05:31.113037,9,520.0,557.0,1.2490457723982544,False,True,True,False,0,3,0,25,0,3,394,515,"[false, false, false]",140,2,0,Starfield Stage - 1
2512,2025-09-28T18:05:31.121844,9,517.5,554.5,1.2612402898465063,False,True,True,False,0,3,0,25,0,3,394,515,"[false, false, false]",140,2,0,Starfield Stage - 1
2513,2025-09-28T18:05:31.130105,9,515.0,552.0,1.2740405660171745,False,True,True,False,0,3,0,25,0,3,394,515,"[false, false, false]",140,2,0,Starfield Stage - 1
2514,2025-09-28T18:05:31.139027,9,512.5,549.5,1.2874883624194424,False,True,True,False,0,3,0,25,0,3,394,515,"[false, false, false]",140,2,0,Starfield Stage - 1
2515,2025-09-28T18:05:31.150125,10,510.0,547.0,1.3016288340091962,False,True,True,False,0,3,0,25,0,3,394,515,"[false, false, false]",140,2,0,Starfield Stage - 1
2516,2025-09-28T18:05:31.158758,9,507.5,544.5,1.3165107969201593,False,True,True,False,0,3,0,25,0,3,394,515,"[false, false, false]",140,2,0,Starfield Stage - 1
2517,2025-09-28T18:05:31.167152,9,505.0,542.0,1.3321870042866957,False,True,True,False,0,3,0,25,0,3,394,515,"[false, false, false]",140,2,0,Starfield Stage - 1
2518,2025-09-28T18:05:31.175453,8,502.5,539.5,1.3487144248894165,False,True,True,False,0,3,0,25,0,3,394,515,"[false, false, false]",140,2,0,Starfield Stage - 1
2519,2025-09-28T18:05:31.183810,8,500.0,537.0,1.3661545169651188,False,True,True,False,0,3,0,25,0,3,394,515,"[false, false, false]",140,2,0,Starfield Stage - 1
2520,2025-09-28T18:05:31.194608,9,497.5,534.5,1.384573486383755,False,True,True,False,0,3,0,25,0,3,394,515,"[false, false, false]",140,2,0,Starfield Stage - 1
2521,2025-09-28T18:05:31.201491,9,495.0,532.0,1.4040425143221955,False,True,True,False,0,3,0,25,0,3,394,515,"[false, false, false]",140,2,0,Starfield Stage - 1
2522,2025-09-28T18:05:31.209460,8,492.5,529.5,1.4246379343484348,False,True,True,False,0,3,0,25,0,3,394,515,"[false, false, false]",140,2,0,Starfield Stage - 1
2523,2025-09-28T18:05:31.219021,8,490.0,527.0,1.446441332248135,False,True,True,False,0,3,0,25,0,3,394,515,"[false, false, false]",140,2,0,Starfield Stage - 1
2524,2025-09-28T18:05:31.226065,9,487.5,524.5,1.4695395337649262,False,True,True,False,0,3,0,25,0,3,394,515,"[false, false, false]",140,2,0,Starfield Stage - 1
2525,2025-09-28T18:05:31.235348,9,485.0,522.0,1.4940244355251187,False,True,True,False,0,3,0,25,0,3,394,515,"[false, false, false]",140,2,0,Starfield Stage - 1
2526,2025-09-28T18:05:31.243620,8,482.5,519.5,1.519992622736675,False,True,True,False,0,3,0,25,0,3,394,515,"[false, false, false]",140,2,0,Starfield Stage - 1
2527,2025-09-28T18:05:31.252640,9,480.0,517.0,1.5475447039844337,False,True,True,False,0,3,0,25,0,3,394,515,"[false, false, false]",140,2,0,Starfield Stage - 1
2528,2025-09-28T18:05:31.261841,8,477.5,514.5,1.5767842791788098,False,True,True,False,0,3,0,25,0,3,394,515,"[false, false, false]",140,2,0,Starfield Stage - 1
2529,2025-09-28T18:05:31.269277,9,475.0,512.0,1.6078164426688266,False,True,True,False,0,3,0,25,0,3,394,515,"[false, false, false]",140,2,0,Starfield Stage - 1
2530,2025-09-28T18:05:31.278964,8,472.5,509.5,1.6407457118356785,False,True,True,False,0,3,0,25,0,3,394,515,"[false, false, false]",140,2,0,Starfield Stage - 1
2531,2025-09-28T18:05:31.285990,9,470.0,507.0,1.6756732655251305,False,True,True,False,0,3,0,25,0,3,394,515,"[false, false, false]",140,2,0,Starfield Stage - 1
2532,2025-09-28T18:05:31.296277,9,467.5,504.5,1.7126933813990606,False,True,True,False,0,3,0,25,0,3,394,515,"[false, false, false]",140,2,0,Starfield Stage - 1
2533,2025-09-28T18:05:31.303751,8,465.0,502.0,1.7518889833261153,False,True,True,False,0,3,0,25,0,3,394,515,"[false, false, false]",140,2,0,Starfield Stage - 1
2534,2025-09-28T18:05:31.312228,9,462.5,499.5,1.7933262573442343,False,True,True,False,0,3,0,25,0,3,394,515,"[false, false, false]",140,2,0,Starfield Stage - 1
2535,2025-09-28T18:05:31.323458,8,460.0,497.0,1.837048375945822,False,True,True,False,0,3,0,25,0,3,394,515,"[false, false, false]",140,2,0,Starfield Stage - 1
2536,2025-09-28T18:05:31.328276,8,457.5,494.5,1.8830684920616765,False,True,True,False,0,3,0,24,0,3,394,515,"[false, false, false]",140,2,0,Starfield Stage - 1
2537,2025-09-28T18:05:31.337100,8,455.0,492.0,1.9313623272730025,False,True,True,False,0,3,0,24,0,3,394,515,"[false, false, false]",140,2,0,Starfield Stage - 1
2538,2025-09-28T18:05:31.344776,9,452.5,489.5,1.981860874184761,False,True,True,False,0,3,0,24,0,3,394,515,"[false, false, false]",140,2,0,Starfield Stage - 1
2539,2025-09-28T18:05:31.356145,9,450.0,487.0,2.0344439357957027,False,True,True,False,0,3,0,24,0,3,394,515,"[false, false, false]",140,2,0,Starfield Stage - 1
2540,2025-09-28T18:05:31.363017,8,447.5,484.5,2.0889353920364337,False,True,True,False,0,2,0,24,0,3,394,515,"[false, false, false]",140,2,0,Starfield Stage - 1
2541,2025-09-28T18:05:31.371456,9,445.0,482.0,2.1451011569695986,False,True,True,False,0,2,0,24,0,3,394,515,"[false, false, false]",140,2,0,Starfield Stage - 1
2542,2025-09-28T18:05:31.382377,9,442.5,479.5,2.202650707652789,False,True,True,False,0,2,0,24,0,3,394,515,"[false, false, false]",140,2,0,Starfield Stage - 1
2543,2025-09-28T18:05:31.389718,8,440.0,477.0,2.2612427838495885,False,True,True,False,0,2,0,24,0,3,394,515,"[false, false, false]",140,2,0,Starfield Stage - 1
2544,2025-09-28T18:05:31.399190,8,437.5,474.5,2.320495377513021,False,True,True,False,0,2,0,24,0,3,394,515,"[false, false, false]",140,2,0,Starfield Stage - 1
2545,2025-09-28T18:05:31.404378,8,435.0,472.0,2.379999516377415,False,True,True,False,0,2,0,24,0,3,394,515,"[false, false, false]",140,2,0,Starfield Stage - 1
2546,2025-09-28T18:05:31.412136,8,432.5,469.5,2.439335722080786,False,True,True,False,0,2,0,24,0,3,394,515,"[false, false, false]",140,2,0,Starfield Stage - 1
2547,2025-09-28T18:05:31.423164,9,430.0,467.0,2.498091544796509,False,True,True,False,0,2,0,24,0,3,394,515,"[false, false, false]",140,2,0,Starfield Stage - 1
2548,2025-09-28T18:05:31.431725,9,427.5,464.5,2.5558783755674463,False,True,True,False,0,2,0,24,0,3,394,515,"[false, false, false]",140,2,0,Starfield Stage - 1
2549,2025-09-28T18:05:31.439017,9,425.0,462.0,2.6123458727579485,False,True,True,False,0,2,0,24,0,3,394,515,"[false, false, false]",140,2,0,Starfield Stage - 1
2550,2025-09-28T18:05:31.449937,9,422.5,459.5,2.667192770797886,False,True,True,False,0,2,0,24,0,3,394,515,"[false, false, false]",140,2,0,Starfield Stage - 1
2551,2025-09-28T18:05:31.457806,9,420.0,457.0,2.720173446701989,False,True,True,False,0,2,0,24,0,3,394,515,"[false, false, false]",140,2,0,Starfield Stage - 1
2552,2025-09-28T18:05:31.465738,8,417.5,454.5,2.7711002478832194,False,True,True,False,0,2,0,24,0,3,394,515,"[false, false, false]",140,2,0,Starfield Stage - 1
2553,2025-09-28T18:05:31.474401,9,415.0,452.0,2.819842099193151,False,True,True,False,0,2,0,24,0,3,394,515,"[false, false, false]",140,2,0,Starfield Stage - 1
2554,2025-09-28T18:05:31.485304,9,412.5,449.5,2.866320230544154,False,True,True,False,0,2,0,24,0,3,394,515,"[false, false, false]",140,2,0,Starfield Stage - 1
2555,2025-09-28T18:05:31.491280,8,410.0,447.0,2.9105019863938963,False,True,True,False,0,2,0,24,0,3,394,515,"[false, false, false]",140,2,0,Starfield Stage - 1
2556,2025-09-28T18:05:31.500176,9,407.5,444.5,2.952393631489825,False,True,True,False,0,2,0,24,0,3,394,515,"[false, false, false]",140,2,0,Starfield Stage - 1
2557,2025-09-28T18:05:31.511262,8,405.0,442.0,2.99203291371609,False,True,True,False,0,2,0,25,0,3,394,515,"[false, false, false]",140,2,0,Starfield Stage - 1
2558,2025-09-28T18:05:31.516366,8,402.5,439.5,3.0294819450673636,False,True,True,False,0,2,0,25,0,3,394,515,"[false, false, false]",140,2,0,Starfield Stage - 1
2559,2025-09-28T18:05:31.524877,9,400.0,437.0,3.064820762320015,False,True,True,False,0,2,0,25,0,3,394,515,"[false, false, false]",140,2,0,Starfield Stage - 1
2560,2025-09-28T18:05:31.534301,9,397.5,434.5,3.0981417581982624,False,True,True,False,0,2,0,25,0,3,394,515,"[false, false, false]",140,2,0,Starfield Stage - 1
2561,2025-09-28T18:05:31.544378,8,395.0,432.0,3.1295450437356074,False,True,True,False,0,2,0,25,0,3,394,515,"[false, false, false]",140,2,0,Starfield Stage - 1
2562,2025-09-28T18:05:31.554219,8,392.5,429.5,-3.124050593532391,False,True,True,False,0,2,0,25,0,3,394,515,"[false, false, false]",140,2,0,Starfield Stage - 1
2563,2025-09-28T18:05:31.557636,8,390.0,427.0,-3.096169374168216,False,True,True,False,0,2,0,25,0,3,394,515,"[false, false, false]",140,2,0,Starfield Stage - 1
2564,2025-09-28T18:05:31.567286,8,387.5,424.5,-3.0698925700574997,False,True,True,False,0,2,0,25,0,3,394,515,"[false, false, false]",140,2,0,Starfield Stage - 1
2565,2025-09-28T18:05:31.577164,9,385.0,422.0,-3.0451188784072065,False,True,True,False,0,2,0,25,0,3,394,515,"[false, false, false]",140,2,0,Starfield Stage - 1
2566,2025-09-28T18:05:31.582760,8,382.5,419.5,-3.0217508456791444,False,True,True,False,0,2,0,25,0,3,394,515,"[false, false, false]",140,2,0,Starfield Stage - 1
2567,2025-09-28T18:05:31.591579,8,380.0,417.0,-2.999695598985629,False,True,True,False,0,2,0,25,0,3,394,515,"[false, false, false]",140,2,0,Starfield Stage - 1
2568,2025-09-28T18:05:31.599866,9,377.5,414.5,-2.9788652789494123,False,True,True,False,0,2,0,25,0,3,394,515,"[false, false, false]",140,2,0,Starfield Stage - 1
2569,2025-09-28T18:05:31.610594,9,375.0,412.0,-2.9311624502433196,False,True,True,False,0,2,0,26,0,3,397,515,"[false, false, false]",140,2,0,Starfield Stage - 1
2570,2025-09-28T18:05:31.619678,8,372.5,409.5,-2.8713723712998345,False,True,True,False,0,2,0,26,0,3,402,516,"[false, false, false]",140,2,0,Starfield Stage - 1
2571,2025-09-28T18:05:31.625991,9,370.0,407.0,-2.78776754141585,False,True,True,False,0,2,0,26,0,3,411,518,"[false, false, false]",140,2,0,Starfield Stage - 1
2572,2025-09-28T18:05:31.636481,9,367.5,404.5,-2.7003165268041847,False,True,True,False,0,2,0,26,0,3,423,522,"[false, false, false]",140,2,0,Starfield Stage - 1
2573,2025-09-28T18:05:31.642962,8,365.0,402.0,-2.6164840887062213,False,True,True,False,0,2,0,26,0,3,438,528,"[false, false, false]",140,2,0,Starfield Stage - 1
2574,2025-09-28T18:05:31.652633,9,362.5,402.0,-2.528851070866978,False,True,False,False,0,2,0,26,0,3,456,535,"[false, false, false]",140,2,0,Starfield Stage - 1
2575,2025-09-28T18:05:31.660978,9,360.0,402.0,-2.453165654043191,False,True,False,False,0,2,0,26,0,3,476,543,"[false, false, false]",140,2,0,Starfield Stage - 1
2576,2025-09-28T18:05:31.670448,9,357.5,402.0,-2.3891115389519317,False,True,False,False,0,2,0,26,0,3,497,551,"[false, false, false]",140,2,0,Starfield Stage - 1
2577,2025-09-28T18:05:31.680558,8,355.0,402.0,-2.331354879688256,False,True,False,False,0,2,0,26,0,3,520,559,"[false, false, false]",140,2,0,Starfield Stage - 1
2578,2025-09-28T18:05:31.686934,8,352.5,402.0,-2.2358426768232236,False,True,False,False,0,2,0,26,0,3,568,571,"[false, false, false]",140,2,0,Starfield Stage - 1
2579,2025-09-28T18:05:31.697067,9,352.5,402.0,-2.204540006363512,True,True,False,False,0,2,0,26,0,3,592,578,"[false, false, false]",140,2,0,Starfield Stage - 1
2580,2025-09-28T18:05:31.703939,9,352.5,402.0,-2.173484699536531,True,True,False,False,0,2,0,26,0,3,617,584,"[false, false, false]",140,2,0,Starfield Stage - 1
2581,2025-09-28T18:05:31.714172,9,352.5,402.0,-2.145172519275907,True,True,False,False,0,2,0,26,0,3,643,590,"[false, false, false]",140,2,0,Starfield Stage - 1
2582,2025-09-28T18:05:31.721142,8,352.5,402.0,-2.1206865533684827,True,True,False,False,0,2,0,26,0,3,669,596,"[false, false, false]",140,2,0,Starfield Stage - 1
2583,2025-09-28T18:05:31.729282,8,352.5,402.0,-2.096792715328523,True,True,False,False,0,2,0,26,0,3,697,602,"[false, false, false]",140,2,0,Starfield Stage - 1
2584,2025-09-28T18:05:31.739772,8,352.5,402.0,-2.0750334449252974,True,True,False,False,0,2,0,26,0,3,724,607,"[false, false, false]",140,2,0,Starfield Stage - 1
2585,2025-09-28T18:05:31.746538,9,352.5,402.0,-2.0538252064916316,True,True,False,False,0,2,0,26,0,3,751,611,"[false, false, false]",140,2,0,Starfield Stage - 1
2586,2025-09-28T18:05:31.755009,9,355.0,402.0,-2.0334978622842095,True,False,False,False,0,2,0,26,0,3,778,613,"[false, false, false]",140,2,0,Starfield Stage - 1
2587,2025-09-28T18:05:31.764094,9,357.5,402.0,-2.0167827288307265,True,False,False,False,0,2,0,26,0,3,803,615,"[false, false, false]",140,2,0,Starfield Stage - 1
2588,2025-09-28T18:05:31.773116,9,360.0,402.0,-2.0021125486988094,True,False,False,False,0,2,0,26,0,3,825,616,"[false, false, false]",140,2,0,Starfield Stage - 1
2589,2025-09-28T18:05:31.782637,9,362.5,402.0,-1.9741227922633229,True,False,False,False,0,2,0,26,0,3,864,616,"[false, false, false]",140,2,0,Starfield Stage - 1
2590,2025-09-28T18:05:31.792486,9,365.0,402.0,-1.9646219295533047,True,False,False,False,0,2,0,26,0,3,880,616,"[false, false, false]",140,2,0,Starfield Stage - 1
2591,2025-09-28T18:05:31.800148,9,367.5,402.0,-1.9545669325616368,True,False,False,False,0,2,0,26,0,3,895,615,"[false, false, false]",140,2,0,Starfield Stage - 1
2592,2025-09-28T18:05:31.808743,8,370.0,402.0,-1.9461646630586384,True,False,False,False,0,2,0,26,0,3,908,614,"[false, false, false]",140,2,0,Starfield Stage - 1
2593,2025-09-28T18:05:31.818433,8,372.5,404.5,-1.9324609117490448,True,False,False,True,0,2,0,26,0,3,921,612,"[false, false, false]",140,2,0,Starfield Stage - 1
2594,2025-09-28T18:05:31.824031,8,375.0,407.0,-1.9202878951769942,True,False,False,True,0,2,0,26,0,3,932,610,"[false, false, false]",140,2,0,Starfield Stage - 1
2595,2025-09-28T18:05:31.833869,9,377.5,409.5,-1.908930193215993,True,False,False,True,0,2,0,26,0,3,942,608,"[false, false, false]",140,2,0,Starfield Stage - 1
2596,2025-09-28T18:05:31.841556,8,380.0,412.0,-1.8967441283172413,True,False,False,True,0,2,0,26,0,3,951,605,"[false, false, false]",140,2,0,Starfield Stage - 1
2597,2025-09-28T18:05:31.850375,9,382.5,414.5,-1.8873249965407624,True,False,False,True,0,2,0,26,0,3,958,603,"[false, false, false]",140,2,0,Starfield Stage - 1
2598,2025-09-28T18:05:31.861248,8,385.0,417.0,-1.877420231174482,True,False,False,True,0,2,0,26,0,3,963,600,"[false, false, false]",140,2,0,Starfield Stage - 1
2599,2025-09-28T18:05:31.868933,8,387.5,419.5,-1.8670581256478653,True,False,False,True,0,2,0,26,0,3,969,597,"[false, false, false]",140,2,0,Starfield Stage - 1
2600,2025-09-28T18:05:31.877842,9,390.0,422.0,-1.856104688582106,True,False,False,True,0,2,0,26,0,3,973,593,"[false, false, false]",140,2,0,Starfield Stage - 1
2601,2025-09-28T18:05:31.884312,9,392.5,424.5,-1.8487564272392043,True,False,False,True,0,2,0,26,0,3,976,591,"[false, false, false]",140,2,0,Starfield Stage - 1
2602,2025-09-28T18:05:31.892742,9,395.0,427.0,-1.83820712397877,True,False,False,True,0,2,0,26,0,3,979,587,"[false, false, false]",140,2,0,Starfield Stage - 1
2603,2025-09-28T18:05:31.902027,9,397.5,429.5,-1.82280722280394,True,False,False,True,0,2,0,26,0,3,982,580,"[false, false, false]",140,2,0,Starfield Stage - 1
2604,2025-09-28T18:05:31.911512,9,400.0,432.0,-1.8113305747408013,True,False,False,True,0,2,0,26,0,3,983,575,"[false, false, false]",140,2,0,Starfield Stage - 1
2605,2025-09-28T18:05:31.921927,9,402.5,434.5,-1.7997292414057284,True,False,False,True,0,2,0,27,0,3,984,570,"[false, false, false]",140,2,0,Starfield Stage - 1
2606,2025-09-28T18:05:31.929600,9,405.0,437.0,-1.7883677790542392,True,False,False,True,0,2,0,27,0,3,984,565,"[false, false, false]",140,2,0,Starfield Stage - 1
2607,2025-09-28T18:05:31.939265,9,407.5,439.5,-1.775187108985528,True,False,False,True,0,2,0,27,0,3,984,559,"[false, false, false]",140,2,0,Starfield Stage - 1
2608,2025-09-28T18:05:31.946236,8,410.0,442.0,-1.7624699699598043,True,False,False,True,0,2,0,27,0,3,982,553,"[false, false, false]",140,2,0,Starfield Stage - 1
2609,2025-09-28T18:05:31.956094,8,412.5,444.5,-1.7532117338774076,True,False,False,True,0,2,0,27,0,3,979,549,"[false, false, false]",140,2,0,Starfield Stage - 1
2610,2025-09-28T18:05:31.963156,9,415.0,447.0,-1.7440419932472615,True,False,False,True,0,2,0,27,0,3,975,545,"[false, false, false]",140,2,0,Starfield Stage - 1
2611,2025-09-28T18:05:31.971604,8,417.5,449.5,-1.7381415155401256,True,False,False,True,0,2,0,27,0,3,971,543,"[false, false, false]",140,2,0,Starfield Stage - 1
2612,2025-09-28T18:05:31.981855,9,420.0,452.0,-1.7338690878558274,True,False,False,True,0,2,0,27,0,3,967,542,"[false, false, false]",140,2,0,Starfield Stage - 1
2613,2025-09-28T18:05:31.988914,9,422.5,454.5,-1.7289123504384605,True,False,False,True,0,2,0,27,0,3,965,541,"[false, false, false]",140,2,0,Starfield Stage - 1
2614,2025-09-28T18:05:31.999786,10,425.0,457.0,-1.7238646495790506,True,False,False,True,0,2,0,27,0,3,963,540,"[false, false, false]",140,2,0,Starfield Stage - 1
2615,2025-09-28T18:05:32.010768,9,427.5,459.5,-1.7200058653171308,True,False,False,True,1,2,0,27,0,3,963,540,"[true, false, false]",140,2,0,Starfield Stage - 1
2616,2025-09-28T18:05:32.016938,8,430.0,462.0,-1.7161063374305987,True,False,False,True,1,2,0,27,0,3,963,540,"[true, false, false]",140,2,0,Starfield Stage - 1
2617,2025-09-28T18:05:32.025294,9,432.5,464.5,-1.7121655376898355,True,False,False,True,1,3,0,27,0,3,963,540,"[false, false, false]",140,2,0,Starfield Stage - 1
2618,2025-09-28T18:05:32.034695,8,435.0,467.0,-1.708182931752923,True,False,False,True,1,3,0,27,0,3,963,540,"[false, false, false]",140,2,0,Starfield Stage - 1
2619,2025-09-28T18:05:32.043613,9,437.5,469.5,-1.7041579791860466,True,False,False,True,1,3,0,27,0,3,963,540,"[false, false, false]",140,2,0,Starfield Stage - 1
2620,2025-09-28T18:05:32.051068,9,440.0,472.0,-1.7000901334904501,True,False,False,True,1,3,0,27,0,3,963,540,"[false, false, false]",140,2,0,Starfield Stage - 1
2621,2025-09-28T18:05:32.061038,9,442.5,474.5,-1.6962172927488728,True,False,False,True,1,3,0,27,0,3,962,540,"[false, false, false]",140,2,0,Starfield Stage - 1
2622,2025-09-28T18:05:32.068555,9,445.0,477.0,-1.692756116341266,True,False,False,True,1,3,0,27,0,3,959,540,"[false, false, false]",140,2,0,Starfield Stage - 1
2623,2025-09-28T18:05:32.077817,8,447.5,479.5,-1.6877332402161929,True,False,False,True,1,3,0,27,0,3,954,539,"[false, false, false]",140,2,0,Starfield Stage - 1
2624,2025-09-28T18:05:32.086602,9,450.0,482.0,-1.6787593470336528,True,False,False,True,1,3,0,27,0,3,939,535,"[false, false, false]",140,2,0,Starfield Stage - 1
2625,2025-09-28T18:05:32.097392,9,452.5,484.5,-1.6701532909844639,True,False,False,True,1,3,0,27,0,3,929,532,"[false, false, false]",140,2,0,Starfield Stage - 1
2626,2025-09-28T18:05:32.103382,8,455.0,487.0,-1.6567906179891374,True,False,False,True,1,3,0,27,0,3,919,527,"[false, false, false]",140,2,0,Starfield Stage - 1
2627,2025-09-28T18:05:32.111154,8,457.5,489.5,-1.6407598126281422,True,False,False,True,1,3,0,27,0,3,907,521,"[false, false, false]",140,2,0,Starfield Stage - 1
2628,2025-09-28T18:05:32.121445,8,460.0,492.0,-1.6213279854671125,True,False,False,True,1,3,0,27,0,3,895,514,"[false, false, false]",140,2,0,Starfield Stage - 1
2629,2025-09-28T18:05:32.127365,8,462.5,494.5,-1.5980730712286801,True,False,False,True,1,3,0,27,0,3,884,506,"[false, false, false]",140,2,0,Starfield Stage - 1
2630,2025-09-28T18:05:32.138333,9,465.0,497.0,-1.5756982483163458,True,False,False,True,1,3,0,27,0,3,873,499,"[false, false, false]",140,2,0,Starfield Stage - 1
2631,2025-09-28T18:05:32.144674,8,467.5,499.5,-1.5544043524868913,True,False,False,True,1,3,0,27,0,3,864,493,"[false, false, false]",140,2,0,Starfield Stage - 1
2632,2025-09-28T18:05:32.153001,9,470.0,502.0,-1.5346363846551063,True,False,False,True,1,3,0,27,0,3,857,488,"[false, false, false]",140,2,0,Starfield Stage - 1
2633,2025-09-28T18:05:32.162810,9,472.5,504.5,-1.5194580778189928,True,False,False,True,1,3,0,27,0,3,852,485,"[false, false, false]",140,2,0,Starfield Stage - 1
2634,2025-09-28T18:05:32.171100,9,475.0,507.0,-1.5095397277981566,True,False,False,True,2,3,0,27,0,3,850,484,"[true, false, false]",140,2,0,Starfield Stage - 1
2635,2025-09-28T18:05:32.181217,9,477.5,509.5,-1.4995845100246183,True,False,False,True,2,3,0,27,0,3,849,483,"[true, false, false]",140,2,0,Starfield Stage - 1
2636,2025-09-28T18:05:32.188175,8,480.0,512.0,-1.4923667495176167,True,False,False,True,2,3,0,27,0,3,849,483,"[true, false, false]",140,2,0,Starfield Stage - 1
2637,2025-09-28T18:05:32.199004,9,482.5,514.5,-1.48505887091687,True,False,False,True,2,3,0,27,0,3,849,483,"[true, false, false]",140,2,0,Starfield Stage - 1
2638,2025-09-28T18:05:32.206255,9,485.0,517.0,-1.4776599711550715,True,False,False,True,2,3,0,27,0,3,849,483,"[true, false, false]",140,2,0,Starfield Stage - 1
2639,2025-09-28T18:05:32.214654,8,487.5,519.5,-1.4701691643959884,True,False,False,True,2,3,0,27,0,3,849,483,"[true, false, false]",140,2,0,Starfield Stage - 1
2640,2025-09-28T18:05:32.226255,9,490.0,522.0,-1.4625855839204844,True,False,False,True,2,3,0,27,0,3,849,483,"[true, false, false]",140,2,0,Starfield Stage - 1
2641,2025-09-28T18:05:32.231723,9,492.5,524.5,-1.4549083840957147,True,False,False,True,2,3,0,27,0,3,849,483,"[true, false, false]",140,2,0,Starfield Stage - 1
2642,2025-09-28T18:05:32.242364,9,495.0,527.0,-1.4471367424281085,True,False,False,True,2,3,0,27,0,3,849,483,"[false, false, false]",140,2,0,Starfield Stage - 1
2643,2025-09-28T18:05:32.249996,9,497.5,529.5,-1.4392698617004593,True,False,False,True,2,3,0,27,0,3,849,483,"[false, false, false]",140,2,0,Starfield Stage - 1
2644,2025-09-28T18:05:32.259083,9,500.0,532.0,-1.431306972193123,True,False,False,True,2,3,0,27,0,3,849,483,"[false, false, false]",140,2,0,Starfield Stage - 1
2645,2025-09-28T18:05:32.267988,9,502.5,534.5,-1.4232473339889602,True,False,False,True,2,3,0,27,0,3,849,483,"[false, false, false]",140,2,0,Starfield Stage - 1
2646,2025-09-28T18:05:32.279134,9,505.0,537.0,-1.415090239361272,True,False,False,True,2,3,0,27,0,3,849,483,"[false, false, false]",140,2,0,Starfield Stage - 1
2647,2025-09-28T18:05:32.286420,9,507.5,539.5,-1.4068350152435494,True,False,False,True,2,3,0,27,0,3,849,483,"[false, false, false]",140,2,0,Starfield Stage - 1
2648,2025-09-28T18:05:32.297691,9,510.0,542.0,-1.3984810257793852,True,False,False,True,2,3,0,27,0,3,849,483,"[false, false, false]",140,2,0,Starfield Stage - 1
2649,2025-09-28T18:05:32.304505,9,512.5,544.5,-1.3900276749504081,True,False,False,True,2,3,0,27,0,3,849,483,"[false, false, false]",140,2,0,Starfield Stage - 1
2650,2025-09-28T18:05:32.315168,8,515.0,547.0,-1.3814744092795461,True,False,False,True,2,3,0,27,0,3,849,483,"[false, false, false]",140,2,0,Starfield Stage - 1
2651,2025-09-28T18:05:32.320121,8,517.5,549.5,-1.3728207206063565,True,False,False,True,2,3,0,27,0,3,849,483,"[false, false, false]",140,2,0,Starfield Stage - 1
2652,2025-09-28T18:05:32.329587,9,520.0,552.0,-1.3640661489305457,True,False,False,True,2,3,0,27,0,3,849,483,"[false, false, false]",140,2,0,Starfield Stage - 1
2653,2025-09-28T18:05:32.341542,8,522.5,554.5,-1.355210285319148,True,False,False,True,2,3,0,27,0,3,849,483,"[false, false, false]",140,2,0,Starfield Stage - 1
2654,2025-09-28T18:05:32.345496,8,525.0,557.0,-1.3462527748721471,True,False,False,True,2,3,0,27,0,3,849,483,"[false, false, false]",140,2,0,Starfield Stage - 1
2655,2025-09-28T18:05:32.354364,9,527.5,559.5,-1.3371933197406083,True,False,False,True,3,3,0,27,0,3,849,483,"[true, false, false]",140,2,0,Starfield Stage - 1
2656,2025-09-28T18:05:32.368357,8,530.0,562.0,-1.3280316821906306,True,False,False,True,3,3,0,27,0,3,849,483,"[true, false, false]",140,2,0,Starfield Stage - 1
2657,2025-09-28T18:05:32.376214,10,532.5,562.0,-1.3261894108628036,True,False,False,False,3,3,0,27,0,3,849,483,"[true, false, false]",140,2,0,Starfield Stage - 1
2658,2025-09-28T18:05:32.380425,8,535.0,562.0,-1.3243195374479988,True,False,False,False,3,3,0,27,0,3,849,483,"[true, false, false]",140,2,0,Starfield Stage - 1
2659,2025-09-28T18:05:32.388666,8,537.5,562.0,-1.3254400201814531,True,False,False,False,3,3,0,27,0,3,849,484,"[true, false, false]",140,2,0,Starfield Stage - 1
2660,2025-09-28T18:05:32.398717,9,540.0,562.0,-1.3296286208283365,True,False,False,False,3,3,0,27,0,3,849,486,"[true, false, false]",140,2,0,Starfield Stage - 1
2661,2025-09-28T18:05:32.406564,9,542.5,562.0,-1.3431636492737447,True,False,False,False,3,3,0,27,0,3,849,491,"[true, false, false]",140,2,0,Starfield Stage - 1
2662,2025-09-28T18:05:32.452966,9,545.0,562.0,-1.3476040993135965,True,False,False,False,2,2,0,27,0,3,849,493,"[true, false, false]",160,2,0,Starfield Stage - 1
2663,2025-09-28T18:05:32.456511,41,547.5,562.0,-1.366778347202348,True,False,False,False,2,2,0,27,0,3,852,499,"[false, false, false]",160,2,0,Starfield Stage - 1
2664,2025-09-28T18:05:32.467590,8,550.0,562.0,-1.373400766945016,True,False,False,False,2,2,0,27,0,3,855,501,"[false, false, false]",160,2,0,Starfield Stage - 1
2665,2025-09-28T18:05:32.474943,9,552.5,562.0,-1.380626528713605,True,False,False,False,2,2,0,27,0,3,859,503,"[false, false, false]",160,2,0,Starfield Stage - 1
2666,2025-09-28T18:05:32.485451,9,555.0,562.0,-1.387801775082406,True,False,False,False,2,2,0,27,0,3,863,505,"[false, false, false]",160,2,0,Starfield Stage - 1
2667,2025-09-28T18:05:32.491176,9,557.5,562.0,-1.3986055122719576,True,False,False,False,2,2,0,27,0,3,868,508,"[false, false, false]",160,2,0,Starfield Stage - 1
2668,2025-09-28T18:05:32.501979,9,560.0,562.0,-1.406165784048929,True,False,False,False,2,2,0,27,0,3,873,510,"[false, false, false]",160,2,0,Starfield Stage - 1
2669,2025-09-28T18:05:32.509150,9,562.5,562.0,-1.417197443788879,True,False,False,False,2,2,0,27,0,3,879,513,"[false, false, false]",160,2,0,Starfield Stage - 1
2670,2025-09-28T18:05:32.517589,8,565.0,562.0,-1.428463162318686,True,False,False,False,2,2,0,27,0,3,886,516,"[false, false, false]",160,2,0,Starfield Stage - 1
2671,2025-09-28T18:05:32.530145,9,567.5,562.0,-1.4612808438298324,True,False,False,False,2,2,0,27,0,3,904,525,"[false, false, false]",160,2,0,Starfield Stage - 1
2672,2025-09-28T18:05:32.533528,8,570.0,562.0,-1.4604677286785108,True,False,False,False,2,2,0,27,0,3,904,525,"[false, false, false]",160,2,0,Starfield Stage - 1
2673,2025-09-28T18:05:32.543276,9,572.5,562.0,-1.4952043126993753,True,False,False,False,2,2,0,27,0,3,929,535,"[false, false, false]",160,2,0,Starfield Stage - 1
2674,2025-09-28T18:05:32.552274,9,575.0,562.0,-1.5139470794620589,True,False,False,False,2,2,0,27,0,3,944,541,"[false, false, false]",160,2,0,Starfield Stage - 1
2675,2025-09-28T18:05:32.562472,8,577.5,562.0,-1.5289906333001906,True,False,False,False,2,2,0,27,0,3,960,546,"[false, false, false]",160,2,0,Starfield Stage - 1
2676,2025-09-28T18:05:32.568935,9,580.0,562.0,-1.5429554210708203,True,False,False,False,2,2,0,27,0,3,975,551,"[false, false, false]",160,2,0,Starfield Stage - 1
2677,2025-09-28T18:05:32.578668,9,582.5,562.0,-1.5536621408320432,True,False,False,False,2,2,0,27,0,3,991,555,"[false, false, false]",160,2,0,Starfield Stage - 1
2678,2025-09-28T18:05:32.589760,9,585.0,559.5,-1.5672163898211016,True,False,True,False,2,2,0,27,0,3,1004,558,"[false, false, false]",160,2,0,Starfield Stage - 1
2679,2025-09-28T18:05:32.595942,8,587.5,557.0,-1.5778137554628107,True,False,True,False,2,2,0,27,0,3,1015,560,"[false, false, false]",160,2,0,Starfield Stage - 1
2680,2025-09-28T18:05:32.606012,9,590.0,554.5,-1.5903340702955457,True,False,True,False,2,2,0,27,0,3,1025,563,"[false, false, false]",160,2,0,Starfield Stage - 1
2681,2025-09-28T18:05:32.613041,9,592.5,552.0,-1.5980932991569734,True,False,True,False,2,2,0,27,0,3,1032,564,"[false, false, false]",160,2,0,Starfield Stage - 1
2682,2025-09-28T18:05:32.622137,9,595.0,549.5,-1.6081093174355667,True,False,True,False,2,2,0,27,0,3,1037,566,"[false, false, false]",160,2,0,Starfield Stage - 1
2683,2025-09-28T18:05:32.631949,9,597.5,547.0,-1.62226259582952,True,False,True,False,2,2,0,27,0,3,1044,570,"[false, false, false]",160,2,0,Starfield Stage - 1
2684,2025-09-28T18:05:32.643293,9,600.0,544.5,-1.6323775575911719,True,False,True,False,3,2,0,27,0,3,1046,572,"[true, false, false]",160,2,0,Starfield Stage - 1
2685,2025-09-28T18:05:32.650166,8,602.5,542.0,-1.6447353644528369,True,False,True,False,3,2,0,27,0,3,1048,575,"[true, false, false]",160,2,0,Starfield Stage - 1
2686,2025-09-28T18:05:32.656375,8,605.0,539.5,-1.6611536421440583,True,False,True,False,3,2,0,27,0,3,1052,580,"[true, false, false]",160,2,0,Starfield Stage - 1
2687,2025-09-28T18:05:32.666454,9,607.5,537.0,-1.6771785037792593,True,False,True,False,3,2,0,28,0,3,1057,585,"[true, false, false]",160,2,0,Starfield Stage - 1
2688,2025-09-28T18:05:32.674042,9,610.0,534.5,-1.695151321341658,True,False,True,False,3,2,0,28,0,3,1062,591,"[true, false, false]",160,2,0,Starfield Stage - 1
2689,2025-09-28T18:05:32.685381,9,612.5,532.0,-1.7131564157848607,True,False,True,False,3,2,0,28,0,3,1066,597,"[true, false, false]",160,2,0,Starfield Stage - 1
2690,2025-09-28T18:05:32.691064,8,615.0,529.5,-1.7316462665833983,True,False,True,False,3,2,0,28,0,3,1068,603,"[true, false, false]",160,2,0,Starfield Stage - 1
2691,2025-09-28T18:05:32.700510,9,617.5,527.0,-1.748309965399856,True,False,True,False,3,2,0,28,0,3,1069,608,"[true, false, false]",160,2,0,Starfield Stage - 1
2692,2025-09-28T18:05:32.710587,9,620.0,524.5,-1.7632615943318013,True,False,True,False,3,2,0,28,0,3,1069,612,"[true, false, false]",160,2,0,Starfield Stage - 1
2693,2025-09-28T18:05:32.717769,8,622.5,522.0,-1.77355779350424,True,False,True,False,3,2,0,28,0,3,1070,614,"[true, false, false]",160,2,0,Starfield Stage - 1
2694,2025-09-28T18:05:32.731940,9,625.0,519.5,-1.7838794025513545,True,False,True,False,3,2,0,28,0,3,1071,616,"[false, false, false]",160,2,0,Starfield Stage - 1
2695,2025-09-28T18:05:32.739692,9,627.5,517.0,-1.7904200402507835,True,False,True,False,3,2,0,28,0,3,1071,616,"[false, false, false]",160,2,0,Starfield Stage - 1
2696,2025-09-28T18:05:32.745893,8,630.0,514.5,-1.7970154647687948,True,False,True,False,3,2,0,28,0,3,1071,616,"[false, false, false]",160,2,0,Starfield Stage - 1
2697,2025-09-28T18:05:32.752749,9,632.5,514.5,-1.7982612863239522,True,False,False,False,3,2,0,28,0,3,1071,616,"[false, false, false]",160,2,0,Starfield Stage - 1
2698,2025-09-28T18:05:32.764127,9,635.0,514.5,-1.7995206643067776,True,False,False,False,3,2,0,28,0,3,1071,616,"[false, false, false]",160,2,0,Starfield Stage - 1
2699,2025-09-28T18:05:32.770585,9,637.5,514.5,-1.8007938171386215,True,False,False,False,3,2,0,28,0,3,1071,616,"[false, false, false]",160,2,0,Starfield Stage - 1
2700,2025-09-28T18:05:32.778538,9,640.0,514.5,-1.8020809678665453,True,False,False,False,3,2,0,28,0,3,1071,616,"[false, false, false]",160,2,0,Starfield Stage - 1
2701,2025-09-28T18:05:32.788780,8,642.5,514.5,-1.8033823442838028,True,False,False,False,3,2,0,28,0,3,1071,616,"[false, false, false]",160,2,0,Starfield Stage - 1
2702,2025-09-28T18:05:32.798304,9,645.0,514.5,-1.8046981790540146,True,False,False,False,3,2,0,28,0,3,1071,616,"[false, false, false]",160,2,0,Starfield Stage - 1
2703,2025-09-28T18:05:32.804598,8,647.5,514.5,-1.8065650912474225,True,False,False,False,3,2,0,28,0,3,1070,616,"[false, false, false]",160,2,0,Starfield Stage - 1
2704,2025-09-28T18:05:32.813240,9,650.0,514.5,-1.8072934290996487,True,False,False,False,3,2,0,28,0,3,1067,615,"[false, false, false]",160,2,0,Starfield Stage - 1
2705,2025-09-28T18:05:32.824533,8,652.5,514.5,-1.808597392826529,True,False,False,False,3,2,0,28,0,3,1063,614,"[false, false, false]",160,2,0,Starfield Stage - 1
2706,2025-09-28T18:05:32.832097,9,655.0,514.5,-1.806865216783886,True,False,False,False,3,2,0,28,0,3,1052,610,"[false, false, false]",160,2,0,Starfield Stage - 1
2707,2025-09-28T18:05:32.839161,9,657.5,514.5,-1.8069740032020085,True,False,False,False,3,2,0,28,0,3,1046,608,"[false, false, false]",160,2,0,Starfield Stage - 1
2708,2025-09-28T18:05:32.849292,8,660.0,514.5,-1.8089702697130714,True,False,False,False,3,2,0,28,0,3,1041,607,"[false, false, false]",160,2,0,Starfield Stage - 1
2709,2025-09-28T18:05:32.855057,8,662.5,514.5,-1.8091316203999066,True,False,False,False,3,2,0,28,0,3,1035,605,"[false, false, false]",160,2,0,Starfield Stage - 1
2710,2025-09-28T18:05:32.864437,8,665.0,514.5,-1.8086714607135521,True,False,False,False,3,2,0,28,0,3,1030,603,"[false, false, false]",160,2,0,Starfield Stage - 1
2711,2025-09-28T18:05:32.871737,9,667.5,514.5,-1.808832952680191,True,False,False,False,3,2,0,28,0,3,1024,601,"[false, false, false]",160,2,0,Starfield Stage - 1
2712,2025-09-28T18:05:32.881220,9,670.0,514.5,-1.8090023200249277,True,False,False,False,3,2,0,28,0,3,1018,599,"[false, false, false]",160,2,0,Starfield Stage - 1
2713,2025-09-28T18:05:32.892225,8,672.5,514.5,-1.8098578992157335,True,False,False,False,3,2,0,28,0,3,1011,597,"[false, false, false]",160,2,0,Starfield Stage - 1
2714,2025-09-28T18:05:32.897422,8,675.0,514.5,-1.8129209127622992,True,False,False,False,3,2,0,28,0,3,1005,596,"[false, false, false]",160,2,0,Starfield Stage - 1
2715,2025-09-28T18:05:32.906121,8,677.5,514.5,-1.8102785264024719,True,False,False,False,3,2,0,28,0,3,999,593,"[false, false, false]",160,2,0,Starfield Stage - 1
2716,2025-09-28T18:05:32.914246,9,680.0,514.5,-1.8074889272100583,True,False,False,False,3,2,0,28,0,3,993,590,"[false, false, false]",160,2,0,Starfield Stage - 1
2717,2025-09-28T18:05:32.922843,9,682.5,514.5,-1.8021624507830187,True,False,False,False,3,2,0,28,0,3,986,586,"[false, false, false]",160,2,0,Starfield Stage - 1
2718,2025-09-28T18:05:32.932177,9,685.0,517.0,-1.7851394164511822,True,False,False,True,3,2,0,28,0,3,979,581,"[false, false, false]",160,2,0,Starfield Stage - 1
2719,2025-09-28T18:05:32.939947,8,687.5,519.5,-1.770218910895569,True,False,False,True,3,2,0,28,0,3,972,577,"[false, false, false]",160,2,0,Starfield Stage - 1
2720,2025-09-28T18:05:32.949326,9,690.0,522.0,-1.7535178875569941,True,False,False,True,3,2,0,28,0,3,966,573,"[false, false, false]",160,2,0,Starfield Stage - 1
2721,2025-09-28T18:05:32.996145,8,692.5,524.5,-1.7320020461779941,True,False,False,True,2,1,0,28,0,3,960,568,"[false, false, false]",170,2,0,Starfield Stage - 1
2722,2025-09-28T18:05:32.999778,43,695.0,527.0,-1.7065032522480128,True,False,False,True,3,1,0,28,0,3,944,561,"[true, false, false]",170,2,0,Starfield Stage - 1
2723,2025-09-28T18:05:33.008904,9,697.5,529.5,-1.6978965103528276,True,False,False,True,3,1,0,28,0,3,944,561,"[true, false, false]",170,2,0,Starfield Stage - 1
2724,2025-09-28T18:05:33.021346,9,700.0,532.0,-1.6895761130147675,True,False,False,True,2,1,0,28,0,3,943,561,"[true, false, false]",170,2,0,Starfield Stage - 1
2725,2025-09-28T18:05:33.032198,9,702.5,534.5,-1.680540723028354,True,False,False,True,2,1,0,28,0,3,943,561,"[true, false, false]",170,2,0,Starfield Stage - 1
2726,2025-09-28T18:05:33.036114,9,705.0,537.0,-1.6712969258495265,True,False,False,True,2,1,0,28,0,3,943,561,"[true, false, false]",170,2,0,Starfield Stage - 1
2727,2025-09-28T18:05:33.046920,9,707.5,539.5,-1.6622251488690851,True,False,False,True,2,1,0,28,0,3,942,561,"[true, false, false]",170,2,0,Starfield Stage - 1
2728,2025-09-28T18:05:33.053606,8,710.0,542.0,-1.6525105171975238,True,False,False,True,2,1,0,28,0,3,942,561,"[true, false, false]",170,2,0,Starfield Stage - 1
2729,2025-09-28T18:05:33.062535,9,712.5,544.5,-1.6425682597307163,True,False,False,True,2,1,0,28,0,3,942,561,"[true, false, false]",170,2,0,Starfield Stage - 1
2730,2025-09-28T18:05:33.073751,9,715.0,547.0,-1.6323923174482955,True,False,False,True,2,1,0,28,0,3,942,561,"[false, false, false]",170,2,0,Starfield Stage - 1
2731,2025-09-28T18:05:33.080302,9,717.5,549.5,-1.622205128729498,True,False,False,True,2,1,0,28,0,3,941,561,"[false, false, false]",170,2,0,Starfield Stage - 1
2732,2025-09-28T18:05:33.090772,9,720.0,552.0,-1.607309771541773,True,False,False,True,2,1,0,28,0,3,939,560,"[false, false, false]",170,2,0,Starfield Stage - 1
2733,2025-09-28T18:05:33.097917,9,722.5,554.5,-1.5917722708289193,True,False,False,True,2,1,0,28,0,3,937,559,"[false, false, false]",170,2,0,Starfield Stage - 1
2734,2025-09-28T18:05:33.109074,9,725.0,557.0,-1.5659886715282056,True,False,False,True,2,2,0,28,0,3,933,556,"[false, false, false]",170,2,0,Starfield Stage - 1
2735,2025-09-28T18:05:33.116691,9,727.5,559.5,-1.5385494443596428,True,False,False,True,2,2,0,28,0,3,929,553,"[false, false, false]",170,2,0,Starfield Stage - 1
2736,2025-09-28T18:05:33.127414,9,730.0,562.0,-1.503540405218296,True,False,False,True,2,2,0,28,0,3,923,549,"[false, false, false]",170,2,0,Starfield Stage - 1
2737,2025-09-28T18:05:33.133676,8,732.5,564.5,-1.4595410195679122,True,False,False,True,2,2,0,28,0,3,916,544,"[false, false, false]",170,2,0,Starfield Stage - 1
2738,2025-09-28T18:05:33.142754,9,735.0,567.0,-1.3745595149779641,True,False,False,True,2,2,0,28,0,3,901,534,"[false, false, false]",170,2,0,Starfield Stage - 1
2739,2025-09-28T18:05:33.154670,9,735.0,569.5,-1.315485927982253,True,True,False,True,2,2,0,28,0,3,894,528,"[false, false, false]",170,2,0,Starfield Stage - 1
2740,2025-09-28T18:05:33.164349,9,735.0,572.0,-1.2529983209850046,True,True,False,True,2,2,0,28,0,3,887,522,"[false, false, false]",170,2,0,Starfield Stage - 1
2741,2025-09-28T18:05:33.168346,8,735.0,574.5,-1.1932661313713584,True,True,False,True,1,2,0,28,0,3,880,517,"[false, false, false]",170,2,0,Starfield Stage - 1
2742,2025-09-28T18:05:33.177239,9,735.0,577.0,-1.1333817655692822,True,True,False,True,1,2,0,28,0,3,874,512,"[false, false, false]",170,2,0,Starfield Stage - 1
2743,2025-09-28T18:05:33.188303,8,735.0,579.5,-1.0775277543649644,True,True,False,True,1,2,0,28,0,3,868,508,"[false, false, false]",170,2,0,Starfield Stage - 1
2744,2025-09-28T18:05:33.194029,9,735.0,582.0,-1.0143231599130573,True,True,False,True,1,2,0,28,0,3,862,503,"[false, false, false]",170,2,0,Starfield Stage - 1
2745,2025-09-28T18:05:33.204038,9,735.0,582.0,-0.956777289786956,True,True,False,False,1,2,0,28,0,3,857,496,"[false, false, false]",170,2,0,Starfield Stage - 1
2746,2025-09-28T18:05:33.216919,9,735.0,582.0,-0.8991901705411564,True,True,False,False,1,2,0,28,0,3,852,489,"[false, false, false]",170,2,0,Starfield Stage - 1
2747,2025-09-28T18:05:33.224511,8,735.0,582.0,-0.8419416003422657,True,True,False,False,1,2,0,28,0,3,847,482,"[false, false, false]",170,2,0,Starfield Stage - 1
2748,2025-09-28T18:05:33.228971,8,735.0,582.0,-0.7807470341463391,True,True,False,False,1,2,0,28,0,3,842,474,"[false, false, false]",170,2,0,Starfield Stage - 1
2749,2025-09-28T18:05:33.237295,9,735.0,582.0,-0.7121350296582089,True,True,False,False,1,2,0,28,0,3,836,465,"[false, false, false]",170,2,0,Starfield Stage - 1
2750,2025-09-28T18:05:33.246007,9,735.0,582.0,-0.6422400754137995,True,True,False,False,1,2,0,28,0,3,830,455,"[false, false, false]",170,2,0,Starfield Stage - 1
2751,2025-09-28T18:05:33.255887,9,735.0,582.0,-0.4844779290370232,True,True,False,False,1,2,0,28,0,3,815,430,"[false, false, false]",170,2,0,Starfield Stage - 1
2752,2025-09-28T18:05:33.267213,9,735.0,582.0,-0.4092458951990335,True,True,False,False,1,2,0,28,0,3,807,416,"[false, false, false]",170,2,0,Starfield Stage - 1
2753,2025-09-28T18:05:33.277394,8,735.0,582.0,-0.3332443011116727,True,True,False,False,1,2,0,28,0,3,798,400,"[false, false, false]",170,2,0,Starfield Stage - 1
2754,2025-09-28T18:05:33.285603,9,732.5,582.0,-0.27460840060236086,False,True,False,False,1,2,0,28,0,3,788,385,"[false, false, false]",170,2,0,Starfield Stage - 1
2755,2025-09-28T18:05:33.289612,8,730.0,582.0,-0.22064718266034367,False,True,False,False,1,2,0,28,0,3,778,368,"[false, false, false]",170,2,0,Starfield Stage - 1
2756,2025-09-28T18:05:33.298948,10,727.5,582.0,-0.17356067667977804,False,True,False,False,1,2,0,28,0,3,768,351,"[false, false, false]",170,2,0,Starfield Stage - 1
2757,2025-09-28T18:05:33.308839,9,725.0,582.0,-0.1283232276857948,False,True,False,False,1,2,0,28,0,3,757,334,"[false, false, false]",170,2,0,Starfield Stage - 1
2758,2025-09-28T18:05:33.317653,9,722.5,582.0,-0.09219075860222448,False,True,False,False,1,2,0,28,0,3,747,317,"[false, false, false]",170,2,0,Starfield Stage - 1
2759,2025-09-28T18:05:33.328940,8,720.0,582.0,-0.03423319630938071,False,True,False,False,1,2,0,28,0,3,730,290,"[false, false, false]",170,2,0,Starfield Stage - 1
2760,2025-09-28T18:05:33.334070,9,717.5,582.0,-0.01814982197140064,False,True,False,False,1,2,0,28,0,3,723,279,"[false, false, false]",170,2,0,Starfield Stage - 1
2761,2025-09-28T18:05:33.343730,9,715.0,582.0,-0.006410168610311595,False,True,False,False,1,2,0,28,0,3,717,270,"[false, false, false]",170,2,0,Starfield Stage - 1
2762,2025-09-28T18:05:33.352435,9,712.5,582.0,0.0015624987284361075,False,True,False,False,1,2,0,28,0,3,712,262,"[false, false, false]",170,2,0,Starfield Stage - 1
2763,2025-09-28T18:05:33.362277,8,710.0,582.0,0.0030674750415040563,False,True,False,False,1,2,0,28,0,3,709,256,"[false, false, false]",170,2,0,Starfield Stage - 1
2764,2025-09-28T18:05:33.371237,8,707.5,582.0,-0.0015197556688664395,False,True,False,False,1,2,0,28,0,3,708,253,"[false, false, false]",170,2,0,Starfield Stage - 1
2765,2025-09-28T18:05:33.376649,9,705.0,582.0,-0.006042222540700726,False,True,False,False,1,2,0,28,0,3,707,251,"[false, false, false]",170,2,0,Starfield Stage - 1
2766,2025-09-28T18:05:33.386429,9,702.5,582.0,-0.013553386913193835,False,True,False,False,1,2,0,28,0,3,707,250,"[false, false, false]",170,2,0,Starfield Stage - 1
2767,2025-09-28T18:05:33.395253,9,700.0,579.5,-0.0212411144263056,False,True,True,False,1,2,0,28,0,3,707,250,"[false, false, false]",170,2,0,Starfield Stage - 1
2768,2025-09-28T18:05:33.404204,8,697.5,577.0,-0.029043818437417053,False,True,True,False,2,2,0,28,0,3,707,250,"[true, false, false]",170,2,0,Starfield Stage - 1
2769,2025-09-28T18:05:33.411024,8,695.0,574.5,-0.03696312607516571,False,True,True,False,2,2,0,28,0,3,707,250,"[true, false, false]",170,2,0,Starfield Stage - 1
2770,2025-09-28T18:05:33.420902,9,692.5,572.0,-0.045000654948605466,False,True,True,False,2,2,0,28,0,3,707,250,"[true, false, false]",170,2,0,Starfield Stage - 1
2771,2025-09-28T18:05:33.432436,9,690.0,569.5,-0.05315801021288665,False,True,True,False,2,2,0,28,0,3,707,250,"[true, false, false]",170,2,0,Starfield Stage - 1
2772,2025-09-28T18:05:33.437714,8,687.5,567.0,-0.061436781439991574,False,True,True,False,2,2,0,28,0,3,707,250,"[true, false, false]",170,2,0,Starfield Stage - 1
2773,2025-09-28T18:05:33.448491,8,685.0,564.5,-0.06983853928813973,False,True,True,False,2,2,0,28,0,3,707,250,"[true, false, false]",170,2,0,Starfield Stage - 1
2774,2025-09-28T18:05:33.456076,8,682.5,562.0,-0.07836483196385204,False,True,True,False,2,2,0,28,0,3,707,250,"[true, false, false]",170,2,0,Starfield Stage - 1
2775,2025-09-28T18:05:33.466978,10,680.0,559.5,-0.08701718147112829,False,True,True,False,2,2,0,28,0,3,707,250,"[true, false, false]",170,2,0,Starfield Stage - 1
2776,2025-09-28T18:05:33.473206,9,677.5,557.0,-0.0957970796427559,False,True,True,False,2,2,0,28,0,3,707,250,"[false, false, false]",170,2,0,Starfield Stage - 1
2777,2025-09-28T18:05:33.481821,8,675.0,554.5,-0.10470598394943927,False,True,True,False,2,2,0,28,0,3,707,250,"[false, false, false]",170,2,0,Starfield Stage - 1
2778,2025-09-28T18:05:33.492511,9,672.5,552.0,-0.1137453130832265,False,True,True,False,2,2,0,28,0,3,707,250,"[false, false, false]",170,2,0,Starfield Stage - 1
2779,2025-09-28T18:05:33.497837,9,670.0,549.5,-0.1229164423126218,False,True,True,False,2,2,0,28,0,3,707,250,"[false, false, false]",170,2,0,Starfield Stage - 1
2780,2025-09-28T18:05:33.506601,8,667.5,547.0,-0.1322206986078177,False,True,True,False,2,2,0,28,0,3,707,250,"[false, false, false]",170,2,0,Starfield Stage - 1
2781,2025-09-28T18:05:33.515879,9,665.0,544.5,-0.14165935553566705,False,True,True,False,2,2,0,28,0,3,707,250,"[false, false, false]",170,2,0,Starfield Stage - 1
2782,2025-09-28T18:05:33.525639,8,662.5,542.0,-0.1512336279253505,False,True,True,False,2,2,0,29,0,3,707,250,"[false, false, false]",170,2,0,Starfield Stage - 1
2783,2025-09-28T18:05:33.532100,9,660.0,539.5,-0.16094466630718599,False,True,True,False,2,2,0,29,0,3,707,250,"[false, false, false]",170,2,0,Starfield Stage - 1
2784,2025-09-28T18:05:33.541255,9,657.5,537.0,-0.16963420942842078,False,True,True,False,2,2,0,29,0,3,707,248,"[false, false, false]",170,2,0,Starfield Stage - 1
2785,2025-09-28T18:05:33.551760,8,655.0,534.5,-0.1816830449382406,False,True,True,False,2,2,0,29,0,3,708,246,"[false, false, false]",170,2,0,Starfield Stage - 1
2786,2025-09-28T18:05:33.558908,10,652.5,532.0,-0.1924171741618041,False,True,True,False,1,2,0,29,0,3,709,242,"[false, false, false]",170,2,0,Starfield Stage - 1
2787,2025-09-28T18:05:33.570185,9,650.0,529.5,-0.2076703059878006,False,True,True,False,1,2,0,29,0,3,711,240,"[false, false, false]",170,2,0,Starfield Stage - 1
2788,2025-09-28T18:05:33.576926,8,647.5,527.0,-0.21958469653371018,False,True,True,False,1,2,0,29,0,3,712,238,"[false, false, false]",170,2,0,Starfield Stage - 1
2789,2025-09-28T18:05:33.587767,9,645.0,524.5,-0.23475825040392756,False,True,True,False,1,2,0,29,0,3,714,236,"[false, false, false]",170,2,0,Starfield Stage - 1
2790,2025-09-28T18:05:33.594535,9,642.5,522.0,-0.24497866312686414,False,True,True,False,1,2,0,29,0,3,714,236,"[false, false, false]",170,2,0,Starfield Stage - 1
2791,2025-09-28T18:05:33.604237,8,640.0,519.5,-0.25775620348317724,False,True,True,False,2,2,0,29,0,3,715,235,"[true, false, false]",170,2,0,Starfield Stage - 1
2792,2025-09-28T18:05:33.613326,8,637.5,517.0,-0.2682013644206908,False,True,True,False,2,2,0,29,0,3,715,235,"[true, false, false]",170,2,0,Starfield Stage - 1
2793,2025-09-28T18:05:33.618665,9,635.0,514.5,-0.27877213711783905,False,True,True,False,2,2,0,29,0,3,715,235,"[true, false, false]",170,2,0,Starfield Stage - 1
2794,2025-09-28T18:05:33.627960,9,632.5,512.0,-0.294789560008796,False,True,True,False,2,2,0,29,0,3,716,237,"[true, false, false]",170,2,0,Starfield Stage - 1
2795,2025-09-28T18:05:33.640694,9,630.0,509.5,-0.3302010574632843,False,True,True,False,2,2,0,29,0,3,721,244,"[true, false, false]",170,2,0,Starfield Stage - 1
2796,2025-09-28T18:05:33.646629,9,627.5,507.0,-0.3566533751071451,False,True,True,False,2,2,0,29,0,3,724,248,"[true, false, false]",170,2,0,Starfield Stage - 1
2797,2025-09-28T18:05:33.654636,8,625.0,504.5,-0.38391584225106073,False,True,True,False,2,2,0,29,0,3,727,252,"[true, false, false]",170,2,0,Starfield Stage - 1
2798,2025-09-28T18:05:33.664996,9,622.5,502.0,-0.41539201086891336,False,True,True,False,2,2,0,29,0,3,731,256,"[true, false, false]",170,2,0,Starfield Stage - 1
2799,2025-09-28T18:05:33.672189,8,622.5,499.5,-0.4391385700586688,False,False,True,False,2,2,0,29,0,3,735,260,"[false, false, false]",170,2,0,Starfield Stage - 1
2800,2025-09-28T18:05:33.680087,9,625.0,497.0,-0.4550271328886698,True,False,True,False,2,2,0,29,0,3,739,264,"[false, false, false]",170,2,0,Starfield Stage - 1
2801,2025-09-28T18:05:33.691047,9,627.5,494.5,-0.4732711089321126,True,False,True,False,2,2,0,29,0,3,744,267,"[false, false, false]",170,2,0,Starfield Stage - 1
2802,2025-09-28T18:05:33.698221,9,630.0,492.0,-0.49394136891958124,True,False,True,False,2,2,0,29,0,3,749,271,"[false, false, false]",170,2,0,Starfield Stage - 1
2803,2025-09-28T18:05:33.706949,9,632.5,489.5,-0.5153725472525875,True,False,True,False,2,2,0,29,0,3,754,275,"[false, false, false]",170,2,0,Starfield Stage - 1
2804,2025-09-28T18:05:33.716349,9,635.0,487.0,-0.5354795263406088,True,False,True,False,2,2,0,29,0,3,759,278,"[false, false, false]",170,2,0,Starfield Stage - 1
2805,2025-09-28T18:05:33.727074,9,637.5,484.5,-0.5712120565306347,True,False,True,False,2,2,0,29,0,3,767,283,"[false, false, false]",170,2,0,Starfield Stage - 1
2806,2025-09-28T18:05:33.734839,9,640.0,482.0,-0.5809769580203017,True,False,True,False,2,2,0,29,0,3,770,284,"[false, false, false]",170,2,0,Starfield Stage - 1
2807,2025-09-28T18:05:33.745947,9,642.5,479.5,-0.5838384396336211,True,False,True,False,2,2,0,29,0,3,771,285,"[false, false, false]",170,2,0,Starfield Stage - 1
2808,2025-09-28T18:05:33.752253,9,645.0,477.0,-0.5843881614562458,True,False,True,False,2,2,0,29,0,3,772,285,"[false, false, false]",170,2,0,Starfield Stage - 1
2809,2025-09-28T18:05:33.760400,8,647.5,474.5,-0.5812748763073952,True,False,True,False,2,2,0,29,0,3,772,285,"[false, false, false]",170,2,0,Starfield Stage - 1
2810,2025-09-28T18:05:33.768799,9,650.0,472.0,-0.5780650424900767,True,False,True,False,2,2,0,29,0,3,772,285,"[false, false, false]",170,2,0,Starfield Stage - 1
2811,2025-09-28T18:05:33.780760,9,652.5,469.5,-0.5747541673720501,True,False,True,False,3,2,0,29,0,3,772,285,"[true, false, false]",170,2,0,Starfield Stage - 1
2812,2025-09-28T18:05:33.787342,9,655.0,467.0,-0.5738465350647162,True,False,True,False,3,2,0,29,0,3,772,286,"[true, false, false]",170,2,0,Starfield Stage - 1
2813,2025-09-28T18:05:33.796439,8,657.5,464.5,-0.5729019786282873,True,False,True,False,3,2,0,29,0,3,772,287,"[true, false, false]",170,2,0,Starfield Stage - 1
2814,2025-09-28T18:05:33.806947,9,660.0,462.0,-0.5745444659237692,True,False,True,False,3,2,0,29,0,3,772,289,"[true, false, false]",170,2,0,Starfield Stage - 1
2815,2025-09-28T18:05:33.814455,8,662.5,459.5,-0.5762709126745911,True,False,True,False,3,2,0,29,0,3,772,291,"[true, false, false]",170,2,0,Starfield Stage - 1
2816,2025-09-28T18:05:33.823133,8,665.0,457.0,-0.5780879142708696,True,False,True,False,3,2,0,29,0,3,772,293,"[true, false, false]",170,2,0,Starfield Stage - 1
2817,2025-09-28T18:05:33.829080,9,667.5,454.5,-0.5800027742076809,True,False,True,False,3,2,0,29,0,3,772,295,"[true, false, false]",170,2,0,Starfield Stage - 1
2818,2025-09-28T18:05:33.838059,9,670.0,452.0,-0.5804726253868884,True,False,True,False,3,2,0,29,0,3,771,298,"[true, false, false]",170,2,0,Starfield Stage - 1
2819,2025-09-28T18:05:33.847316,9,672.5,449.5,-0.5764912164148138,True,False,True,False,3,2,0,29,0,3,771,298,"[false, false, false]",170,2,0,Starfield Stage - 1
2820,2025-09-28T18:05:33.855857,8,675.0,447.0,-0.572354428635598,True,False,True,False,3,2,0,29,0,3,771,298,"[false, false, false]",170,2,0,Starfield Stage - 1
2821,2025-09-28T18:05:33.867140,9,677.5,444.5,-0.5711637782546894,True,False,True,False,3,2,0,29,0,3,771,299,"[false, false, false]",170,2,0,Starfield Stage - 1
2822,2025-09-28T18:05:33.873894,9,680.0,442.0,-0.5667292175235064,True,False,True,False,3,2,0,29,0,3,771,299,"[false, false, false]",170,2,0,Starfield Stage - 1
2823,2025-09-28T18:05:33.884489,9,682.5,439.5,-0.5653364607638831,True,False,True,False,3,2,0,29,0,3,771,300,"[false, false, false]",170,2,0,Starfield Stage - 1
2824,2025-09-28T18:05:33.890280,8,685.0,437.0,-0.5605652367951691,True,False,True,False,3,2,0,29,0,3,771,300,"[false, false, false]",170,2,0,Starfield Stage - 1
2825,2025-09-28T18:05:33.901697,9,687.5,434.5,-0.5555862678830272,True,False,True,False,3,2,0,29,0,3,771,300,"[false, false, false]",170,2,0,Starfield Stage - 1
2826,2025-09-28T18:05:33.908229,9,690.0,432.0,-0.5558708091541579,True,False,True,False,3,2,0,29,0,3,772,300,"[false, false, false]",170,2,0,Starfield Stage - 1
2827,2025-09-28T18:05:33.955302,8,692.5,429.5,-0.554039543367664,True,False,True,False,2,1,0,29,0,3,772,301,"[false, false, false]",180,2,0,Starfield Stage - 1
2828,2025-09-28T18:05:33.959505,43,695.0,427.0,-0.5563300302827882,True,False,True,False,2,1,0,29,0,3,769,308,"[false, false, false]",180,2,0,Starfield Stage - 1
2829,2025-09-28T18:05:33.968228,8,697.5,424.5,-0.5455410944135249,True,False,True,False,2,1,0,29,0,3,767,310,"[false, false, false]",180,2,0,Starfield Stage - 1
2830,2025-09-28T18:05:33.978199,8,700.0,422.0,-0.5337081916392615,True,False,True,False,2,1,0,29,0,3,765,312,"[false, false, false]",180,2,0,Starfield Stage - 1
2831,2025-09-28T18:05:33.983799,9,702.5,419.5,-0.5103426130441365,True,False,True,False,2,1,0,29,0,3,761,315,"[false, false, false]",180,2,0,Starfield Stage - 1
2832,2025-09-28T18:05:33.995376,9,705.0,417.0,-0.4840529396873442,True,False,True,False,2,1,0,29,0,3,756,320,"[false, false, false]",180,2,0,Starfield Stage - 1
2833,2025-09-28T18:05:34.004803,9,707.5,414.5,-0.4291785080012981,True,False,True,False,2,1,0,29,0,3,748,326,"[false, false, false]",180,2,0,Starfield Stage - 1
2834,2025-09-28T18:05:34.010855,9,710.0,412.0,-0.325495855236478,True,False,True,False,2,1,0,29,0,3,737,332,"[false, false, false]",180,2,0,Starfield Stage - 1
2835,2025-09-28T18:05:34.022934,9,712.5,409.5,-0.18919902209996817,True,False,True,False,1,1,0,29,0,3,726,339,"[false, false, false]",180,2,0,Starfield Stage - 1
2836,2025-09-28T18:05:34.031611,9,715.0,407.0,0.23624526071843754,True,False,True,False,1,1,0,29,0,3,702,353,"[false, false, false]",180,2,0,Starfield Stage - 1
2837,2025-09-28T18:05:34.037189,8,717.5,404.5,0.559586481854093,True,False,True,False,1,1,0,29,0,3,689,359,"[false, false, false]",180,2,0,Starfield Stage - 1
2838,2025-09-28T18:05:34.045803,8,720.0,402.0,0.8695364039286193,True,False,True,False,1,1,0,29,0,3,675,364,"[false, false, false]",180,2,0,Starfield Stage - 1
2839,2025-09-28T18:05:34.057409,9,722.5,399.5,1.1038483997436033,True,False,True,False,1,1,0,29,0,3,662,369,"[false, false, false]",180,2,0,Starfield Stage - 1
2840,2025-09-28T18:05:34.066917,8,725.0,397.0,1.2490457723982544,True,False,True,False,1,1,0,29,0,3,650,372,"[false, false, false]",180,2,0,Starfield Stage - 1
2841,2025-09-28T18:05:34.070659,8,727.5,394.5,1.3539227111284884,True,False,True,False,1,1,0,29,0,3,639,375,"[false, false, false]",180,2,0,Starfield Stage - 1
2842,2025-09-28T18:05:34.079382,9,730.0,392.0,1.4427872681216998,True,False,True,False,1,1,0,29,0,3,629,379,"[false, false, false]",180,2,0,Starfield Stage - 1
2843,2025-09-28T18:05:34.089198,8,732.5,389.5,1.503632924994134,True,False,True,False,1,1,0,29,0,3,621,382,"[false, false, false]",180,2,0,Starfield Stage - 1
2844,2025-09-28T18:05:34.098437,9,735.0,387.0,1.5625320521352455,True,False,True,False,1,1,0,29,0,3,614,386,"[false, false, false]",180,2,0,Starfield Stage - 1
2845,2025-09-28T18:05:34.105082,9,737.5,384.5,1.6286467627050438,True,False,True,False,1,1,0,29,0,3,608,392,"[false, false, false]",180,2,0,Starfield Stage - 1
2846,2025-09-28T18:05:34.117012,9,740.0,382.0,1.6870579728773831,True,False,True,False,1,1,0,29,0,3,603,398,"[false, false, false]",180,2,0,Starfield Stage - 1
2847,2025-09-28T18:05:34.125954,9,742.5,379.5,1.749748655308345,True,False,True,False,1,1,0,29,0,3,596,406,"[false, false, false]",180,2,0,Starfield Stage - 1
2848,2025-09-28T18:05:34.132173,9,745.0,377.0,1.8082676234572037,True,False,True,False,1,1,0,29,0,3,588,415,"[false, false, false]",180,2,0,Starfield Stage - 1
2849,2025-09-28T18:05:34.140605,8,745.0,374.5,1.8733360700757191,True,True,True,False,1,1,0,29,0,3,580,426,"[false, false, false]",180,2,0,Starfield Stage - 1
2850,2025-09-28T18:05:34.153089,9,745.0,372.0,1.935255936956543,True,True,True,False,1,1,0,29,0,3,572,438,"[false, false, false]",180,2,0,Starfield Stage - 1
2851,2025-09-28T18:05:34.158241,9,742.5,369.5,2.039791478404853,False,True,True,False,1,1,0,29,0,3,556,464,"[false, false, false]",180,2,0,Starfield Stage - 1
2852,2025-09-28T18:05:34.166693,8,740.0,367.0,2.097241581485117,False,True,True,False,1,2,0,29,0,3,549,478,"[false, false, false]",180,2,0,Starfield Stage - 1
2853,2025-09-28T18:05:34.178329,9,737.5,364.5,2.1486982637571423,False,True,True,False,0,2,0,29,0,3,542,492,"[false, false, false]",180,2,0,Starfield Stage - 1
2854,2025-09-28T18:05:34.186942,8,735.0,362.0,2.1995926132103296,False,True,True,False,0,2,0,29,0,3,537,506,"[false, false, false]",180,2,0,Starfield Stage - 1
2855,2025-09-28T18:05:34.192648,9,732.5,359.5,2.2482820013756686,False,True,True,False,1,2,0,29,0,3,533,520,"[true, false, false]",180,2,0,Starfield Stage - 1
2856,2025-09-28T18:05:34.201240,9,730.0,357.0,2.2871554525180087,False,True,True,False,1,2,0,29,0,3,529,532,"[true, false, false]",180,2,0,Starfield Stage - 1
2857,2025-09-28T18:05:34.210395,9,727.5,354.5,2.3255135835643017,False,True,True,False,1,2,0,29,0,3,526,544,"[true, false, false]",180,2,0,Starfield Stage - 1
2858,2025-09-28T18:05:34.219886,9,725.0,352.0,2.356194490192345,False,True,True,False,1,2,0,29,0,3,522,555,"[true, false, false]",180,2,0,Starfield Stage - 1
2859,2025-09-28T18:05:34.231159,10,722.5,349.5,2.3823789804720317,False,True,True,False,1,2,0,29,0,3,518,565,"[true, false, false]",180,2,0,Starfield Stage - 1
2860,2025-09-28T18:05:34.236958,8,720.0,347.0,2.402457752616702,False,True,True,False,1,2,0,29,0,3,514,573,"[true, false, false]",180,2,0,Starfield Stage - 1
2861,2025-09-28T18:05:34.245987,9,717.5,344.5,2.421125507045648,False,True,True,False,1,2,0,29,0,3,509,582,"[true, false, false]",180,2,0,Starfield Stage - 1
2862,2025-09-28T18:05:34.259063,9,715.0,342.0,2.431942141465219,False,True,True,False,1,2,0,29,0,3,508,583,"[false, false, false]",180,2,0,Starfield Stage - 1
2863,2025-09-28T18:05:34.267415,9,712.5,339.5,2.445046787475867,False,True,True,False,1,2,0,29,0,3,508,584,"[false, false, false]",180,2,0,Starfield Stage - 1
2864,2025-09-28T18:05:34.272206,8,710.0,337.0,2.456083649846416,False,True,True,False,1,2,0,30,0,3,508,584,"[false, false, false]",180,2,0,Starfield Stage - 1
2865,2025-09-28T18:05:34.280117,8,707.5,334.5,2.4670961503738384,False,True,True,False,1,2,0,30,0,3,508,584,"[false, false, false]",180,2,0,Starfield Stage - 1
2866,2025-09-28T18:05:34.291235,9,705.0,332.0,2.478081708010226,False,True,True,False,1,2,0,30,0,3,508,584,"[false, false, false]",180,2,0,Starfield Stage - 1
2867,2025-09-28T18:05:34.298784,8,702.5,329.5,2.4890377803217327,False,True,True,False,1,2,0,30,0,3,508,584,"[false, false, false]",180,2,0,Starfield Stage - 1
2868,2025-09-28T18:05:34.308988,9,700.0,327.0,2.5018228707631676,False,True,True,False,1,2,0,30,0,3,508,585,"[false, false, false]",180,2,0,Starfield Stage - 1
2869,2025-09-28T18:05:34.315408,9,697.5,324.5,2.5126822510045943,False,True,True,False,1,2,0,30,0,3,508,585,"[false, false, false]",180,2,0,Starfield Stage - 1
2870,2025-09-28T18:05:34.325658,8,695.0,322.0,2.527822558573225,False,True,True,False,1,2,0,30,0,3,509,586,"[false, false, false]",180,2,0,Starfield Stage - 1
2871,2025-09-28T18:05:34.332146,9,692.5,319.5,2.542883821006594,False,True,True,False,1,2,0,30,0,3,510,587,"[false, false, false]",180,2,0,Starfield Stage - 1
2872,2025-09-28T18:05:34.340221,8,690.0,317.0,2.557859878918598,False,True,True,False,1,2,0,30,0,3,511,588,"[false, false, false]",180,2,0,Starfield Stage - 1
2873,2025-09-28T18:05:34.348925,9,687.5,314.5,2.593401289075989,False,True,True,False,1,2,0,30,0,3,515,597,"[false, false, false]",180,2,0,Starfield Stage - 1
2874,2025-09-28T18:05:34.359472,9,685.0,312.0,2.6195010397615057,False,True,True,False,1,2,0,30,0,3,517,604,"[false, false, false]",180,2,0,Starfield Stage - 1
2875,2025-09-28T18:05:34.369714,8,682.5,309.5,2.6500120908292457,False,True,True,False,1,2,0,30,0,3,520,613,"[false, false, false]",180,2,0,Starfield Stage - 1
2876,2025-09-28T18:05:34.375025,9,680.0,307.0,2.6842342698416943,False,True,True,False,1,2,0,30,0,3,523,626,"[false, false, false]",180,2,0,Starfield Stage - 1
2877,2025-09-28T18:05:34.385976,9,677.5,304.5,2.719916729267957,False,True,True,False,2,2,0,30,0,3,527,640,"[true, false, false]",180,2,0,Starfield Stage - 1
2878,2025-09-28T18:05:34.393579,9,675.0,302.0,2.7542670933340028,False,True,True,False,2,2,0,30,0,3,531,655,"[true, false, false]",180,2,0,Starfield Stage - 1
2879,2025-09-28T18:05:34.402609,9,672.5,299.5,2.7871061940701916,False,True,True,False,2,2,0,30,0,3,535,671,"[true, false, false]",180,2,0,Starfield Stage - 1
2880,2025-09-28T18:05:34.412646,8,670.0,297.0,2.8167604448496477,False,True,True,False,2,2,0,30,0,3,539,686,"[true, false, false]",180,2,0,Starfield Stage - 1
2881,2025-09-28T18:05:34.419595,9,667.5,294.5,2.8407501797268786,False,True,True,False,2,2,0,30,0,3,542,699,"[true, false, false]",180,2,0,Starfield Stage - 1
2882,2025-09-28T18:05:34.429219,9,665.0,292.0,2.860458356507684,False,True,True,False,2,2,0,30,0,3,544,711,"[true, false, false]",180,2,0,Starfield Stage - 1
2883,2025-09-28T18:05:34.436761,8,662.5,289.5,2.8788901852716013,False,True,True,False,2,2,0,30,0,3,547,719,"[true, false, false]",180,2,0,Starfield Stage - 1
2884,2025-09-28T18:05:34.445598,9,660.0,287.0,2.8976789527866265,False,True,True,False,2,2,0,30,0,3,550,729,"[true, false, false]",180,2,0,Starfield Stage - 1
2885,2025-09-28T18:05:34.454096,9,657.5,284.5,2.904817034831157,False,True,True,False,2,2,0,30,0,3,550,730,"[false, false, false]",180,2,0,Starfield Stage - 1
2886,2025-09-28T18:05:34.464534,9,655.0,282.0,2.9139806653670988,False,True,True,False,2,2,0,30,0,3,551,731,"[false, false, false]",180,2,0,Starfield Stage - 1
2887,2025-09-28T18:05:34.473812,8,652.5,279.5,2.9204626790502766,False,True,True,False,2,2,0,30,0,3,551,731,"[false, false, false]",180,2,0,Starfield Stage - 1
2888,2025-09-28T18:05:34.479676,9,650.0,277.0,2.9268919408548846,False,True,True,False,2,2,0,30,0,3,551,731,"[false, false, false]",180,2,0,Starfield Stage - 1
2889,2025-09-28T18:05:34.488744,9,647.5,274.5,2.9332685670865275,False,True,True,False,2,2,0,30,0,3,551,731,"[false, false, false]",180,2,0,Starfield Stage - 1
2890,2025-09-28T18:05:34.501593,10,645.0,272.0,2.9395926892758792,False,True,True,False,2,2,0,30,0,3,551,731,"[false, false, false]",180,2,0,Starfield Stage - 1
2891,2025-09-28T18:05:34.507936,9,642.5,269.5,2.945864453595358,False,True,True,False,2,2,0,30,0,3,551,731,"[false, false, false]",180,2,0,Starfield Stage - 1
2892,2025-09-28T18:05:34.516478,8,640.0,267.0,2.952084020282946,False,True,True,False,2,2,0,30,0,3,551,731,"[false, false, false]",180,2,0,Starfield Stage - 1
2893,2025-09-28T18:05:34.527451,8,637.5,264.5,2.9582515630737802,False,True,True,False,2,2,0,30,0,3,551,731,"[false, false, false]",180,2,0,Starfield Stage - 1
2894,2025-09-28T18:05:34.534232,9,635.0,262.0,2.9639964863063053,False,True,True,False,2,2,0,30,0,3,551,730,"[false, false, false]",180,2,0,Starfield Stage - 1
2895,2025-09-28T18:05:34.541604,8,632.5,259.5,2.968995646915163,False,True,True,False,2,2,0,30,0,3,551,727,"[false, false, false]",180,2,0,Starfield Stage - 1
2896,2025-09-28T18:05:34.552122,9,630.0,257.0,2.974365697213784,False,True,True,False,2,2,0,30,0,3,551,725,"[false, false, false]",180,2,0,Starfield Stage - 1
2897,2025-09-28T18:05:34.558700,9,627.5,254.5,2.980072783471213,False,True,True,False,2,2,0,30,0,3,551,724,"[false, false, false]",180,2,0,Starfield Stage - 1
2898,2025-09-28T18:05:34.568451,9,625.0,252.0,2.9851002696545317,False,True,True,False,2,2,0,30,0,3,551,721,"[false, false, false]",180,2,0,Starfield Stage - 1
2899,2025-09-28T18:05:34.576486,8,622.5,249.5,2.9904641756988974,False,True,True,False,2,2,0,30,0,3,551,719,"[false, false, false]",180,2,0,Starfield Stage - 1
2900,2025-09-28T18:05:34.585320,8,620.0,247.0,2.995825418844518,False,True,True,False,2,2,0,30,0,3,551,717,"[false, false, false]",180,2,0,Starfield Stage - 1
2901,2025-09-28T18:05:34.595093,8,617.5,244.5,3.000888559946697,False,True,True,False,3,2,0,30,0,3,551,714,"[true, false, false]",180,2,0,Starfield Stage - 1
2902,2025-09-28T18:05:34.600852,9,615.0,242.0,3.006254837057384,False,True,True,False,3,2,0,30,0,3,551,712,"[true, false, false]",180,2,0,Starfield Stage - 1
2903,2025-09-28T18:05:34.610503,9,612.5,239.5,3.0116175378471373,False,True,True,False,3,2,0,30,0,3,551,710,"[true, false, false]",180,2,0,Starfield Stage - 1
2904,2025-09-28T18:05:34.619339,9,610.0,237.0,3.0148865661963544,False,True,True,False,3,2,0,30,0,3,550,708,"[true, false, false]",180,2,0,Starfield Stage - 1
2905,2025-09-28T18:05:34.630199,8,607.5,234.5,3.0181513776244104,False,True,True,False,3,2,0,30,0,3,549,706,"[true, false, false]",180,2,0,Starfield Stage - 1
2906,2025-09-28T18:05:34.636271,9,605.0,232.0,3.0214119108222848,False,True,True,False,3,2,0,30,0,3,548,704,"[true, false, false]",180,2,0,Starfield Stage - 1
2907,2025-09-28T18:05:34.645001,8,602.5,229.5,3.022330993606526,False,True,True,False,3,2,0,30,0,3,546,701,"[true, false, false]",180,2,0,Starfield Stage - 1
2908,2025-09-28T18:05:34.655014,9,600.0,227.0,3.0211592075677918,False,True,True,False,3,2,0,30,0,3,543,698,"[true, false, false]",180,2,0,Starfield Stage - 1
2909,2025-09-28T18:05:34.662212,9,597.5,224.5,3.0099578405906566,False,True,True,False,3,2,0,30,0,3,536,689,"[false, false, false]",180,2,0,Starfield Stage - 1
2910,2025-09-28T18:05:34.672754,8,595.0,222.0,3.0036457455623777,False,True,True,False,3,2,0,30,0,3,531,683,"[false, false, false]",180,2,0,Starfield Stage - 1
2911,2025-09-28T18:05:34.679251,9,592.5,219.5,2.996623412030523,False,True,True,False,3,2,0,30,0,3,526,675,"[false, false, false]",180,2,0,Starfield Stage - 1
2912,2025-09-28T18:05:34.688891,8,590.0,217.0,2.986935631723445,False,True,True,False,3,2,0,30,0,3,520,666,"[false, false, false]",180,2,0,Starfield Stage - 1
2913,2025-09-28T18:05:34.696447,9,587.5,214.5,2.9769937287311077,False,True,True,False,3,2,0,30,0,3,514,657,"[false, false, false]",180,2,0,Starfield Stage - 1
2914,2025-09-28T18:05:34.704253,8,585.0,212.0,2.9667896159063876,False,True,True,False,3,2,0,30,0,3,508,648,"[false, false, false]",180,2,0,Starfield Stage - 1
2915,2025-09-28T18:05:34.714908,8,582.5,209.5,2.9553374528136382,False,True,True,False,3,2,0,30,0,3,501,642,"[false, false, false]",180,2,0,Starfield Stage - 1
2916,2025-09-28T18:05:34.722709,9,580.0,207.0,2.9491099617614367,False,True,True,False,3,2,0,30,0,3,496,638,"[false, false, false]",180,2,0,Starfield Stage - 1
2917,2025-09-28T18:05:34.732635,9,577.5,204.5,2.94598041775225,False,True,True,False,3,2,0,30,0,3,492,636,"[false, false, false]",180,2,0,Starfield Stage - 1
2918,2025-09-28T18:05:34.739044,9,575.0,202.0,2.945529833954841,False,True,True,False,3,2,0,30,0,3,489,635,"[false, false, false]",180,2,0,Starfield Stage - 1
2919,2025-09-28T18:05:34.748500,9,572.5,199.5,2.9495138358439448,False,True,True,False,3,2,0,30,0,3,488,634,"[false, false, false]",180,2,0,Starfield Stage - 1
2920,2025-09-28T18:05:34.757899,8,570.0,197.0,2.95610654388235,False,True,True,False,4,2,0,29,0,3,488,634,"[true, false, false]",180,2,0,Starfield Stage - 1
2921,2025-09-28T18:05:34.765189,9,567.5,194.5,2.96043798347768,False,True,True,False,4,2,0,29,0,3,487,634,"[true, false, false]",180,2,0,Starfield Stage - 1
2922,2025-09-28T18:05:34.776049,8,565.0,192.0,2.9669204545815537,False,True,True,False,4,2,0,29,0,3,487,634,"[true, false, false]",180,2,0,Starfield Stage - 1
2923,2025-09-28T18:05:34.782354,9,562.5,189.5,2.971534031997737,False,True,True,False,4,2,0,29,0,3,486,635,"[true, false, false]",180,2,0,Starfield Stage - 1
2924,2025-09-28T18:05:34.791089,9,560.0,187.0,2.976082834984655,False,True,True,False,4,2,0,31,0,3,485,636,"[true, false, false]",180,2,0,Starfield Stage - 1
2925,2025-09-28T18:05:34.800649,9,560.0,184.5,2.9751899460191975,True,True,True,False,4,2,0,31,0,3,484,637,"[true, false, false]",180,2,0,Starfield Stage - 1
2926,2025-09-28T18:05:34.809008,9,560.0,182.0,2.972179609700175,True,True,True,False,4,2,0,31,0,3,482,638,"[true, false, false]",180,2,0,Starfield Stage - 1
2927,2025-09-28T18:05:34.818065,9,560.0,179.5,2.971331185747303,True,True,True,False,4,2,0,31,0,3,481,639,"[true, false, false]",180,2,0,Starfield Stage - 1
2928,2025-09-28T18:05:34.827699,9,562.5,177.0,2.9627869720459605,True,False,True,False,4,2,0,31,0,3,479,639,"[true, false, false]",180,2,0,Starfield Stage - 1
2929,2025-09-28T18:05:34.836080,9,565.0,174.5,2.9543606101893958,True,False,True,False,4,2,0,31,0,3,477,639,"[false, false, false]",180,2,0,Starfield Stage - 1
2930,2025-09-28T18:05:34.845759,10,567.5,172.0,2.943991205334339,True,False,True,False,4,2,0,31,0,3,474,639,"[false, false, false]",180,2,0,Starfield Stage - 1
2931,2025-09-28T18:05:34.858840,9,570.0,172.0,2.9326939035300335,True,False,False,False,4,2,0,31,0,3,471,639,"[false, false, false]",180,2,0,Starfield Stage - 1
2932,2025-09-28T18:05:34.864562,9,572.5,172.0,2.923037318258421,True,False,False,False,4,2,0,31,0,3,469,638,"[false, false, false]",180,2,0,Starfield Stage - 1
2933,2025-09-28T18:05:34.872647,8,575.0,172.0,2.910862390030382,True,False,False,False,4,2,0,31,0,3,466,636,"[false, false, false]",180,2,0,Starfield Stage - 1
2934,2025-09-28T18:05:34.880646,8,577.5,172.0,2.898145773793866,True,False,False,False,4,2,0,31,0,3,463,633,"[false, false, false]",180,2,0,Starfield Stage - 1
2935,2025-09-28T18:05:34.892345,9,580.0,172.0,2.8833019248447007,True,False,False,False,4,2,0,31,0,3,459,630,"[false, false, false]",180,2,0,Starfield Stage - 1
2936,2025-09-28T18:05:34.897147,8,582.5,172.0,2.868380160002541,True,False,False,False,4,2,0,31,0,3,455,627,"[false, false, false]",180,2,0,Starfield Stage - 1
2937,2025-09-28T18:05:34.905531,8,585.0,172.0,2.8554214370497157,True,False,False,False,4,2,0,31,0,3,452,624,"[false, false, false]",180,2,0,Starfield Stage - 1
2938,2025-09-28T18:05:34.915924,8,587.5,172.0,2.843015645801399,True,False,False,False,4,2,0,31,0,3,449,622,"[false, false, false]",180,2,0,Starfield Stage - 1
2939,2025-09-28T18:05:34.922216,9,590.0,172.0,2.833264111933242,True,False,False,False,4,2,0,31,0,3,447,621,"[false, false, false]",180,2,0,Starfield Stage - 1
2940,2025-09-28T18:05:34.933511,8,592.5,172.0,2.8282171127576956,True,False,False,False,3,2,0,31,0,3,447,621,"[false, false, false]",180,2,0,Starfield Stage - 1
2941,2025-09-28T18:05:34.939506,9,595.0,172.0,2.8211789967923955,True,False,False,False,3,2,0,31,0,3,446,621,"[false, false, false]",180,2,0,Starfield Stage - 1
2942,2025-09-28T18:05:34.948061,8,597.5,172.0,2.8161717786708413,True,False,False,False,3,2,0,31,0,3,446,621,"[true, false, false]",180,2,0,Starfield Stage - 1
2943,2025-09-28T18:05:34.959416,9,600.0,172.0,2.811181422999488,True,False,False,False,3,2,0,31,0,3,446,621,"[true, false, false]",180,2,0,Starfield Stage - 1
2944,2025-09-28T18:05:34.963956,8,602.5,172.0,2.8062080920350363,True,False,False,False,3,2,0,31,0,3,446,621,"[true, false, false]",180,2,0,Starfield Stage - 1
2945,2025-09-28T18:05:34.973529,9,605.0,172.0,2.80125194356052,True,False,False,False,3,2,0,31,0,3,446,621,"[true, false, false]",180,2,0,Starfield Stage - 1
2946,2025-09-28T18:05:34.981215,8,607.5,172.0,2.7963131308943523,True,False,False,False,3,2,0,31,0,3,446,621,"[true, false, false]",180,2,0,Starfield Stage - 1
2947,2025-09-28T18:05:34.992555,9,610.0,172.0,2.7913918029016687,True,False,False,False,3,2,0,31,0,3,446,621,"[true, false, false]",180,2,0,Starfield Stage - 1
2948,2025-09-28T18:05:35.001008,9,612.5,172.0,2.7864881040079013,True,False,False,False,3,2,0,31,1,3,446,621,"[true, false, false]",180,2,0,Starfield Stage - 1
2949,2025-09-28T18:05:35.012507,10,615.0,172.0,2.7816021742145347,True,False,False,False,3,2,0,31,1,3,446,621,"[true, false, false]",180,2,0,Starfield Stage - 1
2950,2025-09-28T18:05:35.018156,9,617.5,172.0,2.776734149116974,True,False,False,False,3,2,0,31,1,3,446,621,"[false, false, false]",180,2,0,Starfield Stage - 1
2951,2025-09-28T18:05:35.026923,8,620.0,172.0,2.771884159924477,True,False,False,False,3,2,0,31,1,3,446,621,"[false, false, false]",180,2,0,Starfield Stage - 1
2952,2025-09-28T18:05:35.037054,9,622.5,172.0,2.7670523334820767,True,False,False,False,3,2,0,31,1,3,446,621,"[false, false, false]",180,2,0,Starfield Stage - 1
2953,2025-09-28T18:05:35.046528,9,625.0,172.0,2.76223879229445,True,False,False,False,3,2,0,31,1,3,446,621,"[false, false, false]",180,2,0,Starfield Stage - 1
2954,2025-09-28T18:05:35.054485,8,627.5,172.0,2.756668325966555,True,False,False,False,3,2,0,31,1,3,446,620,"[false, false, false]",180,2,0,Starfield Stage - 1
2955,2025-09-28T18:05:35.061195,9,630.0,172.0,2.7475996183175555,True,False,False,False,3,2,0,31,1,3,445,617,"[false, false, false]",180,2,0,Starfield Stage - 1
2956,2025-09-28T18:05:35.070680,8,632.5,172.0,2.7403929057731298,True,False,False,False,3,2,0,31,1,3,445,614,"[false, false, false]",180,2,0,Starfield Stage - 1
2957,2025-09-28T18:05:35.079552,8,635.0,172.0,2.727856432366622,True,False,False,False,3,2,0,31,1,3,444,607,"[false, false, false]",180,2,0,Starfield Stage - 1
2958,2025-09-28T18:05:35.086472,9,637.5,172.0,2.725415293786775,True,False,False,False,3,2,0,31,1,3,447,603,"[false, false, false]",180,2,0,Starfield Stage - 1
2959,2025-09-28T18:05:35.096562,9,640.0,172.0,2.7270857790050074,True,False,False,False,3,2,0,31,1,3,453,597,"[false, false, false]",180,2,0,Starfield Stage - 1
2960,2025-09-28T18:05:35.103363,8,642.5,174.5,2.7367008673047097,True,False,False,True,3,2,0,31,1,3,464,591,"[false, false, false]",180,2,0,Starfield Stage - 1
2961,2025-09-28T18:05:35.112445,9,645.0,177.0,2.7551841527691696,True,False,False,True,3,2,0,31,1,3,479,585,"[false, false, false]",180,2,0,Starfield Stage - 1
2962,2025-09-28T18:05:35.121441,9,647.5,179.5,2.784886105886578,True,False,False,True,3,2,0,31,1,3,499,578,"[false, false, false]",180,2,0,Starfield Stage - 1
2963,2025-09-28T18:05:35.131649,8,650.0,182.0,2.826781078029893,True,False,False,True,3,2,0,31,1,3,523,572,"[false, false, false]",180,2,0,Starfield Stage - 1
2964,2025-09-28T18:05:35.140931,8,652.5,184.5,2.880252375610873,True,False,False,True,3,2,0,31,1,3,551,564,"[false, false, false]",180,2,0,Starfield Stage - 1
2965,2025-09-28T18:05:35.146757,9,655.0,187.0,2.943152162040812,True,False,False,True,2,2,0,31,1,3,581,555,"[false, false, false]",180,2,0,Starfield Stage - 1
2966,2025-09-28T18:05:35.156765,9,657.5,189.5,3.016716916163527,True,False,False,True,2,2,0,31,1,3,613,544,"[false, false, false]",180,2,0,Starfield Stage - 1
2967,2025-09-28T18:05:35.163792,8,660.0,192.0,3.1031500635686053,True,False,False,True,2,2,0,31,1,3,647,530,"[false, false, false]",180,2,0,Starfield Stage - 1
2968,2025-09-28T18:05:35.172626,9,662.5,194.5,-3.080635403500219,True,False,False,True,2,2,0,31,1,3,682,514,"[false, false, false]",180,2,0,Starfield Stage - 1
2969,2025-09-28T18:05:35.180941,9,665.0,197.0,-2.8253065256776386,True,False,False,True,2,2,0,31,1,3,755,472,"[false, false, false]",180,2,0,Starfield Stage - 1
2970,2025-09-28T18:05:35.191293,9,667.5,199.5,-2.6771405395332692,True,False,False,True,2,2,0,31,1,3,792,448,"[false, false, false]",180,2,0,Starfield Stage - 1
2971,2025-09-28T18:05:35.201564,9,670.0,202.0,-2.526045997408447,True,False,False,True,2,2,0,31,1,3,827,424,"[false, false, false]",180,2,0,Starfield Stage - 1
2972,2025-09-28T18:05:35.208195,9,672.5,204.5,-2.3771887804938174,True,False,False,True,2,3,0,31,1,3,859,399,"[false, false, false]",180,2,0,Starfield Stage - 1
2973,2025-09-28T18:05:35.218445,8,675.0,207.0,-2.235728004886647,True,False,False,True,2,3,0,31,1,3,888,374,"[false, false, false]",180,2,0,Starfield Stage - 1
2974,2025-09-28T18:05:35.224545,8,677.5,209.5,-2.110588474575638,True,False,False,True,2,3,0,31,1,3,912,350,"[false, false, false]",180,2,0,Starfield Stage - 1
2975,2025-09-28T18:05:35.233693,9,680.0,212.0,-1.9992021227300942,True,False,False,True,2,3,0,31,1,3,934,328,"[false, false, false]",180,2,0,Starfield Stage - 1
2976,2025-09-28T18:05:35.244639,9,682.5,214.5,-1.9082230885580753,True,False,False,True,2,3,0,31,1,3,949,308,"[false, false, false]",180,2,0,Starfield Stage - 1
2977,2025-09-28T18:05:35.255273,9,685.0,217.0,-1.8311715490777218,True,False,False,True,2,3,0,31,1,3,959,290,"[false, false, false]",180,2,0,Starfield Stage - 1
2978,2025-09-28T18:05:35.262177,8,687.5,219.5,-1.764724494160751,True,False,False,True,2,3,0,31,1,3,965,274,"[false, false, false]",180,2,0,Starfield Stage - 1
2979,2025-09-28T18:05:35.267241,8,690.0,222.0,-1.7040597716433459,True,False,False,True,2,3,0,31,1,3,966,259,"[false, false, false]",180,2,0,Starfield Stage - 1
2980,2025-09-28T18:05:35.275446,8,692.5,224.5,-1.6531782573865872,True,False,False,True,2,3,0,31,1,3,965,247,"[false, false, false]",180,2,0,Starfield Stage - 1
2981,2025-09-28T18:05:35.283693,8,695.0,227.0,-1.6007499121038202,True,False,False,True,2,3,0,31,1,3,962,235,"[false, false, false]",180,2,0,Starfield Stage - 1
2982,2025-09-28T18:05:35.291520,8,697.5,229.5,-1.5534570242367431,True,False,False,True,2,3,0,30,1,3,957,225,"[false, false, false]",180,2,0,Starfield Stage - 1
2983,2025-09-28T18:05:35.300233,9,700.0,232.0,-1.5146305618617322,True,False,False,True,2,3,0,30,1,3,949,218,"[false, false, false]",180,2,0,Starfield Stage - 1
2984,2025-09-28T18:05:35.344687,8,702.5,234.5,-1.4771255341273917,True,False,False,True,2,2,0,30,1,3,942,212,"[true, false, false]",200,2,1,Starfield Stage - 2
2985,2025-09-28T18:05:35.351021,40,705.0,237.0,-1.3454229945252372,True,False,False,True,2,2,0,30,1,3,910,190,"[true, false, false]",200,2,1,Starfield Stage - 2
2986,2025-09-28T18:05:35.357352,9,707.5,239.5,-1.2585241615281166,True,False,False,True,2,2,0,30,1,3,898,178,"[true, false, false]",200,2,1,Starfield Stage - 2
2987,2025-09-28T18:05:35.365758,9,710.0,242.0,-1.1988448740539535,True,False,False,True,2,2,0,30,1,3,892,171,"[false, false, false]",200,2,1,Starfield Stage - 2
2988,2025-09-28T18:05:35.377352,8,712.5,244.5,-1.129161384117182,True,False,False,True,2,2,0,30,1,3,887,162,"[false, false, false]",200,2,1,Starfield Stage - 2
2989,2025-09-28T18:05:35.382423,9,715.0,247.0,-1.0581226140756692,True,False,False,True,2,2,0,30,1,3,882,153,"[false, false, false]",200,2,1,Starfield Stage - 2
2990,2025-09-28T18:05:35.392194,9,717.5,249.5,-0.9864195231670335,True,False,False,True,2,2,0,30,1,3,877,144,"[false, false, false]",200,2,1,Starfield Stage - 2
2991,2025-09-28T18:05:35.400286,8,720.0,252.0,-0.9074648324189889,True,False,False,True,1,2,0,30,1,3,871,134,"[false, false, false]",200,2,1,Starfield Stage - 2
2992,2025-09-28T18:05:35.410324,8,722.5,254.5,-0.8370127961033137,True,False,False,True,1,2,0,30,1,3,865,126,"[false, false, false]",200,2,1,Starfield Stage - 2
2993,2025-09-28T18:05:35.418590,8,725.0,257.0,-0.7669500720062918,True,False,False,True,1,2,0,30,1,3,858,119,"[false, false, false]",200,2,1,Starfield Stage - 2
2994,2025-09-28T18:05:35.424344,8,727.5,259.5,-0.7004181349298919,True,False,False,True,1,2,0,30,1,3,851,113,"[false, false, false]",200,2,1,Starfield Stage - 2
2995,2025-09-28T18:05:35.431927,8,730.0,262.0,-0.6403564650708428,True,False,False,True,1,2,0,30,1,3,844,109,"[false, false, false]",200,2,1,Starfield Stage - 2
2996,2025-09-28T18:05:35.443442,9,732.5,264.5,-0.5872742715569066,True,False,False,True,1,2,0,30,1,3,838,106,"[false, false, false]",200,2,1,Starfield Stage - 2
2997,2025-09-28T18:05:35.452581,9,735.0,267.0,-0.5386241700630505,True,False,False,True,1,2,0,31,1,3,833,103,"[false, false, false]",200,2,1,Starfield Stage - 2
2998,2025-09-28T18:05:35.459193,9,737.5,269.5,-0.4858143393700763,True,False,False,True,1,2,0,31,1,3,827,100,"[false, false, false]",200,2,1,Starfield Stage - 2
2999,2025-09-28T18:05:35.467377,8,740.0,272.0,-0.44262267017660195,True,False,False,True,1,2,0,31,1,3,822,99,"[false, false, false]",200,2,1,Starfield Stage - 2
3000,2025-09-28T18:05:35.476130,9,742.5,274.5,-0.3994086335595163,True,False,False,True,1,2,0,31,1,3,817,98,"[false, false, false]",200,2,1,Starfield Stage - 2
3001,2025-09-28T18:05:35.485374,9,745.0,277.0,-0.34653886443394183,True,False,False,True,1,2,0,31,1,3,810,97,"[false, false, false]",200,2,1,Starfield Stage - 2
3002,2025-09-28T18:05:35.494124,9,747.5,279.5,-0.31847724366513186,True,False,False,True,1,2,0,31,1,3,808,96,"[false, false, false]",200,2,1,Starfield Stage - 2
3003,2025-09-28T18:05:35.504709,9,750.0,282.0,-0.29393449010143985,True,False,False,True,2,2,0,31,1,3,806,97,"[true, false, false]",200,2,1,Starfield Stage - 2
3004,2025-09-28T18:05:35.514834,9,752.5,284.5,-0.27080782628815536,True,False,False,True,2,2,0,31,1,3,804,99,"[true, false, false]",200,2,1,Starfield Stage - 2
3005,2025-09-28T18:05:35.521161,9,755.0,287.0,-0.25139706022584907,True,False,False,True,2,2,0,31,1,3,802,104,"[true, false, false]",200,2,1,Starfield Stage - 2
3006,2025-09-28T18:05:35.529038,8,757.5,289.5,-0.23374318086890142,True,False,False,True,2,2,0,31,1,3,800,111,"[true, false, false]",200,2,1,Starfield Stage - 2
3007,2025-09-28T18:05:35.538135,9,760.0,292.0,-0.22172704031640122,True,False,False,True,2,2,0,31,1,3,799,119,"[true, false, false]",200,2,1,Starfield Stage - 2
3008,2025-09-28T18:05:35.546801,8,762.5,294.5,-0.21455634647242428,True,False,False,True,2,2,0,31,1,3,799,127,"[true, false, false]",200,2,1,Starfield Stage - 2
3009,2025-09-28T18:05:35.557370,8,765.0,297.0,-0.205640367136851,True,False,False,True,2,2,0,31,1,3,799,134,"[true, false, false]",200,2,1,Starfield Stage - 2
3010,2025-09-28T18:05:35.564779,9,767.5,299.5,-0.1889416549714337,True,False,False,True,2,2,0,31,1,3,798,140,"[false, false, false]",200,2,1,Starfield Stage - 2
3011,2025-09-28T18:05:35.574627,9,770.0,302.0,-0.18974264803173782,True,False,False,True,2,2,0,31,1,3,799,151,"[false, false, false]",200,2,1,Starfield Stage - 2
3012,2025-09-28T18:05:35.580310,8,772.5,304.5,-0.18837518595516686,True,False,False,True,2,2,0,31,1,3,801,155,"[false, false, false]",200,2,1,Starfield Stage - 2
3013,2025-09-28T18:05:35.588945,9,775.0,307.0,-0.1986858817144267,True,False,False,True,2,2,0,31,1,3,805,158,"[false, false, false]",200,2,1,Starfield Stage - 2
3014,2025-09-28T18:05:35.598155,9,777.5,309.5,-0.21545811138532106,True,False,False,True,2,2,0,31,1,3,810,161,"[false, false, false]",200,2,1,Starfield Stage - 2
3015,2025-09-28T18:05:35.607036,8,780.0,312.0,-0.24339888561011713,True,False,False,True,2,2,0,31,1,3,817,163,"[false, false, false]",200,2,1,Starfield Stage - 2
3016,2025-09-28T18:05:35.617879,9,782.5,314.5,-0.2769739858974708,True,False,False,True,2,2,0,31,1,3,825,165,"[false, false, false]",200,2,1,Starfield Stage - 2
3017,2025-09-28T18:05:35.625512,9,785.0,317.0,-0.3097029445424562,True,False,False,True,2,2,0,31,1,3,833,167,"[false, false, false]",200,2,1,Starfield Stage - 2
3018,2025-09-28T18:05:35.635718,8,787.5,319.5,-0.3394652365824872,True,False,False,True,2,2,0,31,1,3,841,168,"[false, false, false]",200,2,1,Starfield Stage - 2
3019,2025-09-28T18:05:35.641059,9,790.0,322.0,-0.3623471929320824,True,False,False,True,2,2,0,31,1,3,848,169,"[false, false, false]",200,2,1,Starfield Stage - 2
3020,2025-09-28T18:05:35.652543,9,792.5,324.5,-0.38995579012645726,True,False,False,True,2,2,0,31,1,3,856,170,"[false, false, false]",200,2,1,Starfield Stage - 2
3021,2025-09-28T18:05:35.659137,9,795.0,327.0,-0.4033533259603965,True,False,False,True,2,2,0,31,1,3,862,170,"[false, false, false]",200,2,1,Starfield Stage - 2
3022,2025-09-28T18:05:35.670763,10,797.5,329.5,-0.4421046812042968,True,False,False,True,2,2,0,31,1,3,873,170,"[false, false, false]",200,2,1,Starfield Stage - 2
3023,2025-09-28T18:05:35.678536,9,800.0,332.0,-0.43865281538188594,True,False,False,True,2,2,0,31,1,3,876,170,"[false, false, false]",200,2,1,Starfield Stage - 2
3024,2025-09-28T18:05:35.687715,9,802.5,334.5,-0.43529515926929696,True,False,False,True,3,2,0,31,1,3,879,170,"[true, false, false]",200,2,1,Starfield Stage - 2
3025,2025-09-28T18:05:35.697404,9,805.0,337.0,-0.42934734136116615,True,False,False,True,3,2,0,31,1,3,881,171,"[true, false, false]",200,2,1,Starfield Stage - 2
3026,2025-09-28T18:05:35.707166,8,807.5,339.5,-0.42572210632130053,True,False,False,True,3,2,0,31,1,3,883,173,"[true, false, false]",200,2,1,Starfield Stage - 2
3027,2025-09-28T18:05:35.715370,8,810.0,342.0,-0.4171126012990512,True,False,False,True,3,2,0,31,1,3,884,175,"[true, false, false]",200,2,1,Starfield Stage - 2
3028,2025-09-28T18:05:35.719993,8,812.5,344.5,-0.4084888930726273,True,False,False,True,3,2,0,31,1,3,885,177,"[true, false, false]",200,2,1,Starfield Stage - 2
3029,2025-09-28T18:05:35.729185,9,815.0,347.0,-0.40199743836154705,True,False,False,True,3,2,0,31,1,3,886,180,"[true, false, false]",200,2,1,Starfield Stage - 2
3030,2025-09-28T18:05:35.741317,8,817.5,349.5,-0.38820247965154353,True,False,False,True,3,2,0,31,1,3,886,182,"[true, false, false]",200,2,1,Starfield Stage - 2
3031,2025-09-28T18:05:35.745092,8,820.0,352.0,-0.3794796834279364,True,False,False,True,3,2,0,31,1,3,887,184,"[true, false, false]",200,2,1,Starfield Stage - 2
3032,2025-09-28T18:05:35.754150,9,822.5,354.5,-0.3655821121222799,True,False,False,True,3,2,0,31,1,3,887,186,"[false, false, false]",200,2,1,Starfield Stage - 2
3033,2025-09-28T18:05:35.762407,8,825.0,357.0,-0.35489722288982284,True,False,False,True,3,2,0,31,1,3,888,187,"[false, false, false]",200,2,1,Starfield Stage - 2
3034,2025-09-28T18:05:35.770376,8,827.5,359.5,-0.3409789534963494,True,False,False,True,3,2,0,31,1,3,888,189,"[false, false, false]",200,2,1,Starfield Stage - 2
3035,2025-09-28T18:05:35.781778,8,830.0,362.0,-0.33044598740842074,True,False,False,True,3,2,0,31,1,3,889,190,"[false, false, false]",200,2,1,Starfield Stage - 2
3036,2025-09-28T18:05:35.788261,9,832.5,364.5,-0.3148182564345602,True,False,False,True,2,2,0,31,1,3,889,191,"[false, false, false]",200,2,1,Starfield Stage - 2
3037,2025-09-28T18:05:35.795690,8,835.0,367.0,-0.2993018218191158,True,False,False,True,2,2,0,31,1,3,889,192,"[false, false, false]",200,2,1,Starfield Stage - 2
3038,2025-09-28T18:05:35.807284,9,837.5,369.5,-0.2823873359776943,True,False,False,True,2,2,0,31,1,3,889,192,"[false, false, false]",200,2,1,Starfield Stage - 2
3039,2025-09-28T18:05:35.851927,8,840.0,372.0,-0.26719722845358324,True,False,False,True,1,1,0,31,1,3,889,193,"[false, false, false]",210,2,1,Starfield Stage - 2
3040,2025-09-28T18:05:35.855843,43,842.5,374.5,-0.2508038399564528,True,False,False,True,1,1,0,31,1,3,889,193,"[false, false, false]",210,2,1,Starfield Stage - 2
3041,2025-09-28T18:05:35.867266,9,845.0,377.0,-0.2347226124851971,True,False,False,True,1,1,0,32,1,3,889,193,"[false, false, false]",210,2,1,Starfield Stage - 2
3042,2025-09-28T18:05:35.875449,9,847.5,379.5,-0.21895279485865476,True,False,False,True,1,1,0,32,1,3,889,193,"[false, false, false]",210,2,1,Starfield Stage - 2
3043,2025-09-28T18:05:35.889297,9,850.0,382.0,-0.20349304525756276,True,False,False,True,1,1,0,32,1,3,889,193,"[false, false, false]",210,2,1,Starfield Stage - 2
3044,2025-09-28T18:05:35.897379,11,852.5,384.5,-0.18834148130899414,True,False,False,True,1,1,0,32,1,3,889,193,"[false, false, false]",210,2,1,Starfield Stage - 2
3045,2025-09-28T18:05:35.901614,8,855.0,387.0,-0.17349572896278162,True,False,False,True,2,1,0,32,1,3,889,193,"[true, false, false]",210,2,1,Starfield Stage - 2
3046,2025-09-28T18:05:35.910337,9,857.5,389.5,-0.15895296982869278,True,False,False,True,2,1,0,32,1,3,889,193,"[true, false, false]",210,2,1,Starfield Stage - 2
3047,2025-09-28T18:05:35.921752,8,860.0,392.0,-0.14470998670675073,True,False,False,True,1,1,0,32,1,3,889,193,"[true, false, false]",210,2,1,Starfield Stage - 2
3048,2025-09-28T18:05:35.928812,8,862.5,394.5,-0.13076320710181055,True,False,False,True,1,1,0,32,1,3,889,193,"[true, false, false]",210,2,1,Starfield Stage - 2
3049,2025-09-28T18:05:35.935214,9,865.0,397.0,-0.11710874456686428,True,False,False,True,1,1,0,32,1,3,889,193,"[true, false, false]",210,2,1,Starfield Stage - 2
3050,2025-09-28T18:05:35.945643,8,867.5,399.5,-0.10374243776732928,True,False,False,True,1,1,0,32,1,3,889,193,"[true, false, false]",210,2,1,Starfield Stage - 2
3051,2025-09-28T18:05:35.951542,8,870.0,402.0,-0.09065988720074511,True,False,False,True,1,1,0,32,1,3,889,193,"[true, false, false]",210,2,1,Starfield Stage - 2
3052,2025-09-28T18:05:35.962151,9,872.5,404.5,-0.0778564895429691,True,False,False,True,1,1,0,32,1,3,889,193,"[false, false, false]",210,2,1,Starfield Stage - 2
3053,2025-09-28T18:05:35.968531,8,875.0,407.0,-0.06532746962335156,True,False,False,True,1,1,0,32,1,3,889,193,"[false, false, false]",210,2,1,Starfield Stage - 2
3054,2025-09-28T18:05:35.977371,9,877.5,409.5,-0.0530679100577978,True,False,False,True,1,1,0,32,1,3,889,193,"[false, false, false]",210,2,1,Starfield Stage - 2
3055,2025-09-28T18:05:35.988440,8,880.0,412.0,-0.04107277859045407,True,False,False,True,1,1,0,32,1,3,889,193,"[false, false, false]",210,2,1,Starfield Stage - 2
3056,2025-09-28T18:05:35.995710,9,882.5,414.5,-0.02933695321239429,True,False,False,True,1,1,0,32,1,3,889,193,"[false, false, false]",210,2,1,Starfield Stage - 2
3057,2025-09-28T18:05:36.006494,9,885.0,417.0,-0.017855245139552514,True,False,False,True,1,1,0,32,1,3,889,193,"[false, false, false]",210,2,1,Starfield Stage - 2
3058,2025-09-28T18:05:36.012070,9,887.5,419.5,-0.006622419742667827,True,False,False,True,1,1,0,32,1,3,889,193,"[false, false, false]",210,2,1,Starfield Stage - 2
3059,2025-09-28T18:05:36.021296,9,890.0,422.0,0.004366784470406329,True,False,False,True,1,1,0,32,1,3,889,193,"[false, false, false]",210,2,1,Starfield Stage - 2
3060,2025-09-28T18:05:36.030465,9,892.5,424.5,0.015117638714630986,True,False,False,True,1,1,0,32,1,3,889,193,"[false, false, false]",210,2,1,Starfield Stage - 2
3061,2025-09-28T18:05:36.041163,9,895.0,427.0,0.02563540852167748,True,False,False,True,1,1,0,32,1,3,889,193,"[false, false, false]",210,2,1,Starfield Stage - 2
3062,2025-09-28T18:05:36.049979,8,897.5,427.0,0.03217773092440363,True,False,False,False,1,1,0,32,1,3,890,194,"[false, false, false]",210,2,1,Starfield Stage - 2
3063,2025-09-28T18:05:36.055814,9,900.0,427.0,0.03911048105562257,True,False,False,False,1,1,0,32,0,3,891,197,"[false, false, false]",210,2,1,Starfield Stage - 2
3064,2025-09-28T18:05:36.066192,8,902.5,427.0,0.0331736662292211,True,False,False,False,1,1,0,32,0,3,895,201,"[false, false, false]",210,2,1,Starfield Stage - 2
3065,2025-09-28T18:05:36.072201,8,905.0,427.0,0.022827084521385262,True,False,False,False,1,1,0,32,0,3,900,208,"[false, false, false]",210,2,1,Starfield Stage - 2
3066,2025-09-28T18:05:36.080646,8,907.5,427.0,0.0023584861930352314,True,False,False,False,1,1,0,32,0,3,907,215,"[false, false, false]",210,2,1,Starfield Stage - 2
3067,2025-09-28T18:05:36.091287,9,910.0,427.0,-0.03430026763963997,True,False,False,False,1,1,0,32,0,3,917,223,"[false, false, false]",210,2,1,Starfield Stage - 2
3068,2025-09-28T18:05:36.097322,8,912.5,427.0,-0.0738450703588371,True,False,False,False,1,1,0,32,0,3,927,231,"[false, false, false]",210,2,1,Starfield Stage - 2
3069,2025-09-28T18:05:36.105462,8,915.0,427.0,-0.1276444563663153,True,False,False,False,1,1,0,32,0,3,939,240,"[false, false, false]",210,2,1,Starfield Stage - 2
3070,2025-09-28T18:05:36.116372,8,917.5,427.0,-0.18400589409953158,True,False,False,False,1,1,0,32,0,3,951,247,"[false, false, false]",210,2,1,Starfield Stage - 2
3071,2025-09-28T18:05:36.121786,9,920.0,427.0,-0.23554498072086333,True,False,False,False,1,1,0,32,0,3,962,252,"[false, false, false]",210,2,1,Starfield Stage - 2
3072,2025-09-28T18:05:36.131639,9,922.5,427.0,-0.2925294677054963,True,False,False,False,1,1,0,32,0,3,974,256,"[false, false, false]",210,2,1,Starfield Stage - 2
3073,2025-09-28T18:05:36.139946,9,925.0,427.0,-0.34639345219125584,True,False,False,False,1,1,0,32,0,3,986,258,"[false, false, false]",210,2,1,Starfield Stage - 2
3074,2025-09-28T18:05:36.149282,9,927.5,427.0,-0.46123506844620554,True,False,False,False,1,1,0,32,0,3,1010,261,"[false, false, false]",210,2,1,Starfield Stage - 2
3075,2025-09-28T18:05:36.159054,8,930.0,427.0,-0.513252272866261,True,False,False,False,1,1,0,32,0,3,1023,262,"[false, false, false]",210,2,1,Starfield Stage - 2
3076,2025-09-28T18:05:36.170078,9,932.5,427.0,-0.5558708091541579,True,False,False,False,1,1,0,32,0,3,1035,262,"[false, false, false]",210,2,1,Starfield Stage - 2
3077,2025-09-28T18:05:36.176823,9,935.0,427.0,-0.6045985900934768,True,False,False,False,1,1,0,33,0,3,1049,262,"[false, false, false]",210,2,1,Starfield Stage - 2
3078,2025-09-28T18:05:36.186384,9,937.5,427.0,-0.6464038582601841,True,False,False,False,1,1,0,33,0,3,1062,262,"[false, false, false]",210,2,1,Starfield Stage - 2
3079,2025-09-28T18:05:36.192660,8,940.0,424.5,-0.6842470544070329,True,False,True,False,1,1,0,33,0,3,1075,259,"[false, false, false]",210,2,1,Starfield Stage - 2
3080,2025-09-28T18:05:36.201047,9,942.5,422.0,-0.7162653546781806,True,False,True,False,1,1,0,33,0,3,1087,256,"[false, false, false]",210,2,1,Starfield Stage - 2
3081,2025-09-28T18:05:36.210655,9,945.0,419.5,-0.7401871831730215,True,False,True,False,1,1,0,33,0,3,1098,252,"[false, false, false]",210,2,1,Starfield Stage - 2
3082,2025-09-28T18:05:36.219742,9,947.5,417.0,-0.7596072217873602,True,False,True,False,1,1,0,33,0,3,1108,248,"[false, false, false]",210,2,1,Starfield Stage - 2
3083,2025-09-28T18:05:36.229340,10,950.0,414.5,-0.7868453403900573,True,False,True,False,1,1,0,33,0,3,1123,242,"[false, false, false]",210,2,1,Starfield Stage - 2
3084,2025-09-28T18:05:36.238616,9,952.5,412.0,-0.7925716414965287,True,False,True,False,1,1,0,33,0,3,1128,239,"[false, false, false]",210,2,1,Starfield Stage - 2
3085,2025-09-28T18:05:36.248780,9,955.0,409.5,-0.7896534568619245,True,False,True,False,1,1,0,33,0,3,1132,234,"[false, false, false]",210,2,1,Starfield Stage - 2
3086,2025-09-28T18:05:36.258191,9,957.5,407.0,-0.7868006870220052,True,False,True,False,1,1,0,33,0,3,1136,229,"[false, false, false]",210,2,1,Starfield Stage - 2
3087,2025-09-28T18:05:36.265305,9,960.0,404.5,-0.7757165848519628,True,False,True,False,1,1,0,33,0,3,1139,222,"[false, false, false]",210,2,1,Starfield Stage - 2
3088,2025-09-28T18:05:36.273351,8,962.5,402.0,-0.7622730347992005,True,False,True,False,1,1,0,33,0,3,1142,214,"[false, false, false]",210,2,1,Starfield Stage - 2
3089,2025-09-28T18:05:36.283212,9,965.0,399.5,-0.7464916319692664,True,False,True,False,0,2,0,33,0,3,1144,206,"[false, false, false]",210,2,1,Starfield Stage - 2
3090,2025-09-28T18:05:36.291411,8,967.5,397.0,-0.7311468147202934,True,False,True,False,0,2,0,33,0,3,1146,198,"[false, false, false]",210,2,1,Starfield Stage - 2
3091,2025-09-28T18:05:36.299515,9,970.0,394.5,-0.7186560260673602,True,False,True,False,0,2,0,33,0,3,1148,191,"[false, false, false]",210,2,1,Starfield Stage - 2
3092,2025-09-28T18:05:36.309231,9,972.5,392.0,-0.7136262304616285,True,False,True,False,0,2,0,33,0,3,1150,187,"[false, false, false]",210,2,1,Starfield Stage - 2
3093,2025-09-28T18:05:36.316521,8,975.0,389.5,-0.7110257876184307,True,False,True,False,0,2,0,33,0,3,1152,184,"[false, false, false]",210,2,1,Starfield Stage - 2
3094,2025-09-28T18:05:36.327064,8,977.5,387.0,-0.7100444235270439,True,False,True,False,1,2,0,33,0,3,1152,184,"[true, false, false]",210,2,1,Starfield Stage - 2
3095,2025-09-28T18:05:36.333089,9,980.0,384.5,-0.7090368654119258,True,False,True,False,1,2,0,33,0,3,1152,184,"[true, false, false]",210,2,1,Starfield Stage - 2
3096,2025-09-28T18:05:36.342738,9,982.5,382.0,-0.7080020524834028,True,False,True,False,1,2,0,33,0,3,1152,184,"[true, false, false]",210,2,1,Starfield Stage - 2
3097,2025-09-28T18:05:36.353153,9,985.0,379.5,-0.7069388660093211,True,False,True,False,1,2,0,33,0,3,1152,184,"[true, false, false]",210,2,1,Starfield Stage - 2
3098,2025-09-28T18:05:36.359441,8,987.5,377.0,-0.7088395827046398,True,False,True,False,1,2,0,33,0,3,1153,184,"[true, false, false]",210,2,1,Starfield Stage - 2
3099,2025-09-28T18:05:36.369432,9,990.0,374.5,-0.7077610333213074,True,False,True,False,1,2,0,33,0,3,1153,184,"[true, false, false]",210,2,1,Starfield Stage - 2
3100,2025-09-28T18:05:36.377391,8,992.5,374.5,-0.7031974438110484,True,False,False,False,1,2,0,33,0,3,1154,184,"[true, false, false]",210,2,1,Starfield Stage - 2
3101,2025-09-28T18:05:36.387648,8,995.0,374.5,-0.6955122698501949,True,False,False,False,1,2,0,33,0,3,1154,184,"[false, false, false]",210,2,1,Starfield Stage - 2
3102,2025-09-28T18:05:36.393159,9,997.5,374.5,-0.6903100686212769,True,False,False,False,1,2,0,33,0,3,1154,185,"[false, false, false]",210,2,1,Starfield Stage - 2
3103,2025-09-28T18:05:36.401286,8,1000.0,374.5,-0.6850068632506086,True,False,False,False,1,2,0,33,0,3,1154,186,"[false, false, false]",210,2,1,Starfield Stage - 2
3104,2025-09-28T18:05:36.411843,9,1002.5,374.5,-0.6770011902311881,True,False,False,False,1,2,0,33,0,3,1154,186,"[false, false, false]",210,2,1,Starfield Stage - 2
3105,2025-09-28T18:05:36.419237,9,1005.0,374.5,-0.671480438616218,True,False,False,False,1,2,0,33,0,3,1154,187,"[false, false, false]",210,2,1,Starfield Stage - 2
3106,2025-09-28T18:05:36.427531,8,1007.5,374.5,-0.6632547391484791,True,False,False,False,1,2,0,33,0,3,1154,187,"[false, false, false]",210,2,1,Starfield Stage - 2
3107,2025-09-28T18:05:36.436294,9,1010.0,374.5,-0.6549219320051991,True,False,False,False,1,2,0,33,0,3,1154,187,"[false, false, false]",210,2,1,Starfield Stage - 2
3108,2025-09-28T18:05:36.446677,8,1012.5,374.5,-0.6464810914579483,True,False,False,False,1,2,0,33,0,3,1154,187,"[false, false, false]",210,2,1,Starfield Stage - 2
3109,2025-09-28T18:05:36.453177,9,1015.0,374.5,-0.6379313292006844,True,False,False,False,1,2,0,33,0,3,1154,187,"[false, false, false]",210,2,1,Starfield Stage - 2
3110,2025-09-28T18:05:36.461575,9,1017.5,374.5,-0.6292717975541061,True,False,False,False,1,2,0,33,0,3,1154,187,"[false, false, false]",210,2,1,Starfield Stage - 2
3111,2025-09-28T18:05:36.472507,8,1020.0,374.5,-0.6205016927870578,True,False,False,False,1,2,0,33,0,3,1154,187,"[false, false, false]",210,2,1,Starfield Stage - 2
3112,2025-09-28T18:05:36.479029,9,1022.5,374.5,-0.6116202585525181,True,False,False,False,1,2,0,33,0,3,1154,187,"[false, false, false]",210,2,1,Starfield Stage - 2
3113,2025-09-28T18:05:36.488126,9,1025.0,374.5,-0.6026267894348938,True,False,False,False,1,2,0,33,0,3,1154,187,"[false, false, false]",210,2,1,Starfield Stage - 2
3114,2025-09-28T18:05:36.536022,9,1027.5,374.5,-0.5960024328874541,True,False,False,False,0,1,0,33,0,3,1154,188,"[false, false, false]",220,2,1,Starfield Stage - 2
3115,2025-09-28T18:05:36.543684,42,1030.0,377.0,-0.5412691177381996,True,False,False,True,1,1,0,33,0,3,1134,204,"[true, false, false]",220,2,1,Starfield Stage - 2
3116,2025-09-28T18:05:36.551891,8,1032.5,379.5,-0.5169455519387929,True,False,False,True,1,1,0,33,0,3,1130,208,"[true, false, false]",220,2,1,Starfield Stage - 2
3117,2025-09-28T18:05:36.556180,8,1035.0,382.0,-0.4890463031228334,True,False,False,True,1,1,0,33,0,3,1126,211,"[true, false, false]",220,2,1,Starfield Stage - 2
3118,2025-09-28T18:05:36.563360,8,1037.5,384.5,-0.4554028017138359,True,False,False,True,1,1,0,33,0,3,1121,214,"[false, false, false]",220,2,1,Starfield Stage - 2
3119,2025-09-28T18:05:36.571888,9,1040.0,387.0,-0.42529711697162154,True,False,False,True,1,1,0,33,0,3,1117,217,"[false, false, false]",220,2,1,Starfield Stage - 2
3120,2025-09-28T18:05:36.583660,9,1042.5,389.5,-0.3779303910533808,True,False,False,True,1,1,0,33,0,3,1109,222,"[false, false, false]",220,2,1,Starfield Stage - 2
3121,2025-09-28T18:05:36.589558,9,1045.0,392.0,-0.3430239404207034,True,False,False,True,1,1,0,33,0,3,1105,224,"[false, false, false]",220,2,1,Starfield Stage - 2
3122,2025-09-28T18:05:36.599967,9,1047.5,394.5,-0.3074402611934813,True,False,False,True,1,1,0,33,0,3,1101,226,"[false, false, false]",220,2,1,Starfield Stage - 2
3123,2025-09-28T18:05:36.608987,10,1050.0,397.0,-0.2642600199133301,True,False,False,True,1,1,0,33,0,3,1096,227,"[false, false, false]",220,2,1,Starfield Stage - 2
3124,2025-09-28T18:05:36.618402,9,1050.0,399.5,-0.24566453407555666,True,True,False,True,1,1,0,33,0,3,1093,228,"[false, false, false]",220,2,1,Starfield Stage - 2
3125,2025-09-28T18:05:36.628648,8,1050.0,402.0,-0.22595921768864075,True,True,False,True,1,1,0,33,0,3,1090,228,"[false, false, false]",220,2,1,Starfield Stage - 2
3126,2025-09-28T18:05:36.638020,9,1050.0,404.5,-0.2066394509772744,True,True,False,True,1,1,0,33,0,3,1087,228,"[false, false, false]",220,2,1,Starfield Stage - 2
3127,2025-09-28T18:05:36.644005,9,1050.0,407.0,-0.1930945111029892,True,True,False,True,1,1,0,33,0,3,1085,228,"[false, false, false]",220,2,1,Starfield Stage - 2
3128,2025-09-28T18:05:36.655647,9,1050.0,409.5,-0.18518161599855942,True,True,False,True,1,1,0,33,0,3,1084,228,"[false, false, false]",220,2,1,Starfield Stage - 2
3129,2025-09-28T18:05:36.661682,8,1050.0,412.0,-0.18272156076209756,True,True,False,True,1,1,0,33,0,3,1084,228,"[false, false, false]",220,2,1,Starfield Stage - 2
3130,2025-09-28T18:05:36.670721,9,1050.0,414.5,-0.1803253091464762,True,True,False,True,2,1,0,33,0,3,1084,228,"[true, false, false]",220,2,1,Starfield Stage - 2
3131,2025-09-28T18:05:36.679645,9,1050.0,417.0,-0.17799043720654628,True,True,False,True,2,1,0,33,0,3,1084,228,"[true, false, false]",220,2,1,Starfield Stage - 2
3132,2025-09-28T18:05:36.690776,8,1050.0,419.5,-0.17152614197210034,True,True,False,True,2,1,0,33,0,3,1083,229,"[true, false, false]",220,2,1,Starfield Stage - 2
3133,2025-09-28T18:05:36.696279,9,1050.0,419.5,-0.17241350686977555,True,True,False,False,2,1,0,33,0,3,1083,230,"[true, false, false]",220,2,1,Starfield Stage - 2
3134,2025-09-28T18:05:36.704963,8,1050.0,419.5,-0.1681581266267893,True,True,False,False,2,1,0,33,0,3,1082,231,"[true, false, false]",220,2,1,Starfield Stage - 2
3135,2025-09-28T18:05:36.716566,9,1047.5,419.5,-0.1768011495630833,False,True,False,False,2,1,0,33,0,3,1081,232,"[true, false, false]",220,2,1,Starfield Stage - 2
3136,2025-09-28T18:05:36.723542,8,1045.0,419.5,-0.19168726689562918,False,True,False,False,2,1,0,33,0,3,1081,234,"[true, false, false]",220,2,1,Starfield Stage - 2
3137,2025-09-28T18:05:36.733030,9,1042.5,419.5,-0.19531005713825256,False,True,False,False,2,1,0,33,0,3,1079,235,"[true, false, false]",220,2,1,Starfield Stage - 2
3138,2025-09-28T18:05:36.738802,9,1040.0,419.5,-0.20941798110443227,False,True,False,False,2,1,0,33,0,3,1079,236,"[true, false, false]",220,2,1,Starfield Stage - 2
3139,2025-09-28T18:05:36.749420,8,1037.5,419.5,-0.21954383628938867,False,True,False,False,2,1,0,33,0,3,1078,238,"[true, false, false]",220,2,1,Starfield Stage - 2
3140,2025-09-28T18:05:36.758366,8,1035.0,419.5,-0.22861886626674713,False,True,False,False,2,1,0,33,0,3,1077,239,"[false, false, false]",220,2,1,Starfield Stage - 2
3141,2025-09-28T18:05:36.763002,8,1032.5,419.5,-0.24171709608818953,False,True,False,False,2,1,0,33,0,3,1077,239,"[false, false, false]",220,2,1,Starfield Stage - 2
3142,2025-09-28T18:05:36.772100,9,1030.0,419.5,-0.2522153789004128,False,True,False,False,2,1,0,33,0,3,1076,241,"[false, false, false]",220,2,1,Starfield Stage - 2
3143,2025-09-28T18:05:36.782149,9,1027.5,419.5,-0.2564724098418947,False,True,False,False,2,1,0,33,0,3,1073,246,"[false, false, false]",220,2,1,Starfield Stage - 2
3144,2025-09-28T18:05:36.789056,8,1025.0,419.5,-0.26500361034884445,False,True,False,False,2,1,0,33,0,3,1071,250,"[false, false, false]",220,2,1,Starfield Stage - 2
3145,2025-09-28T18:05:36.798250,9,1022.5,419.5,-0.2811075136396397,False,True,False,False,2,1,0,33,0,3,1070,255,"[false, false, false]",220,2,1,Starfield Stage - 2
3146,2025-09-28T18:05:36.806846,8,1020.0,419.5,-0.28827024674660273,False,True,False,False,2,1,0,33,0,3,1067,261,"[false, false, false]",220,2,1,Starfield Stage - 2
3147,2025-09-28T18:05:36.817956,9,1017.5,419.5,-0.30571986361481046,False,True,False,False,2,1,0,33,0,3,1065,269,"[false, false, false]",220,2,1,Starfield Stage - 2
3148,2025-09-28T18:05:36.824375,9,1015.0,419.5,-0.3249728848118726,False,True,False,False,2,1,0,33,0,3,1062,280,"[false, false, false]",220,2,1,Starfield Stage - 2
3149,2025-09-28T18:05:36.832861,9,1012.5,419.5,-0.3472080164227781,False,True,False,False,2,1,0,33,0,3,1059,291,"[false, false, false]",220,2,1,Starfield Stage - 2
3150,2025-09-28T18:05:36.843264,9,1010.0,419.5,-0.374468714628756,False,True,False,False,2,1,0,33,0,3,1055,305,"[false, false, false]",220,2,1,Starfield Stage - 2
3151,2025-09-28T18:05:36.853958,9,1007.5,417.0,-0.43405793908921764,False,True,True,False,2,1,0,33,0,3,1052,321,"[false, false, false]",220,2,1,Starfield Stage - 2
3152,2025-09-28T18:05:36.860480,9,1005.0,414.5,-0.6194264409011763,False,True,True,False,2,1,0,33,0,3,1046,357,"[false, false, false]",220,2,1,Starfield Stage - 2
3153,2025-09-28T18:05:36.868212,8,1002.5,412.0,-0.6691730710306308,False,True,True,False,2,1,0,33,0,3,1046,357,"[false, false, false]",220,2,1,Starfield Stage - 2
3154,2025-09-28T18:05:36.879345,9,1000.0,409.5,-1.401964424783776,False,True,True,False,1,1,0,33,0,3,1044,402,"[false, false, false]",220,2,1,Starfield Stage - 2
3155,2025-09-28T18:05:36.885051,8,997.5,407.0,-1.9586962845228288,False,True,True,False,1,1,0,33,0,3,1044,426,"[false, false, false]",220,2,1,Starfield Stage - 2
3156,2025-09-28T18:05:36.894832,9,995.0,404.5,-2.319940951400914,False,True,True,False,1,1,0,33,0,3,1045,451,"[false, false, false]",220,2,1,Starfield Stage - 2
3157,2025-09-28T18:05:36.903061,9,992.5,402.0,-2.5002869309511215,False,True,True,False,1,1,0,33,0,3,1047,475,"[false, false, false]",220,2,1,Starfield Stage - 2
3158,2025-09-28T18:05:36.912286,9,990.0,399.5,-2.6181707770516836,False,True,True,False,1,1,0,33,0,3,1048,500,"[false, false, false]",220,2,1,Starfield Stage - 2
3159,2025-09-28T18:05:36.920179,8,987.5,397.0,-2.6970206319539423,False,True,True,False,1,1,0,33,0,3,1048,524,"[false, false, false]",220,2,1,Starfield Stage - 2
3160,2025-09-28T18:05:36.929439,8,985.0,394.5,-2.761086276477428,False,True,True,False,1,1,0,33,0,3,1046,547,"[false, false, false]",220,2,1,Starfield Stage - 2
3161,2025-09-28T18:05:36.937640,8,982.5,392.0,-2.815586805728675,False,True,True,False,1,1,0,33,0,3,1042,568,"[false, false, false]",220,2,1,Starfield Stage - 2
3162,2025-09-28T18:05:36.945213,9,980.0,389.5,-2.8606200975087335,False,True,True,False,1,1,0,33,0,3,1037,587,"[false, false, false]",220,2,1,Starfield Stage - 2
3163,2025-09-28T18:05:36.953908,8,977.5,387.0,-2.900935951666787,False,True,True,False,1,1,0,33,0,3,1031,605,"[false, false, false]",220,2,1,Starfield Stage - 2
3164,2025-09-28T18:05:36.963454,9,975.0,384.5,-2.926046606330244,False,True,True,False,1,1,0,33,0,3,1027,622,"[false, false, false]",220,2,1,Starfield Stage - 2
3165,2025-09-28T18:05:36.973901,9,972.5,382.0,-2.943070545211603,False,True,True,False,1,1,0,33,0,3,1024,638,"[false, false, false]",220,2,1,Starfield Stage - 2
3166,2025-09-28T18:05:36.980822,9,970.0,379.5,-2.971619950031721,False,True,True,False,2,1,0,33,0,3,1019,665,"[true, false, false]",220,2,1,Starfield Stage - 2
3167,2025-09-28T18:05:36.989318,9,967.5,377.0,-2.9780660347688,False,True,True,False,2,1,0,33,0,3,1017,677,"[true, false, false]",220,2,1,Starfield Stage - 2
3168,2025-09-28T18:05:36.999999,8,965.0,374.5,-2.9767034468491564,False,True,True,False,2,1,0,33,0,3,1017,687,"[true, false, false]",220,2,1,Starfield Stage - 2
3169,2025-09-28T18:05:37.006774,9,965.0,372.0,-2.9699245098672926,False,False,True,False,2,1,0,34,0,3,1021,695,"[true, false, false]",220,2,1,Starfield Stage - 2
3170,2025-09-28T18:05:37.017889,9,965.0,369.5,-2.964936159023531,False,False,True,False,2,1,0,34,0,3,1024,700,"[true, false, false]",220,2,1,Starfield Stage - 2
3171,2025-09-28T18:05:37.024572,8,965.0,367.0,-2.956782241617939,False,False,True,False,2,1,0,34,0,3,1028,704,"[true, false, false]",220,2,1,Starfield Stage - 2
3172,2025-09-28T18:05:37.032885,9,965.0,364.5,-2.9535057106202123,False,False,True,False,2,1,0,34,0,3,1030,706,"[true, false, false]",220,2,1,Starfield Stage - 2
3173,2025-09-28T18:05:37.041824,9,965.0,362.0,-2.952572107304457,False,False,True,False,2,1,0,34,0,3,1031,707,"[true, false, false]",220,2,1,Starfield Stage - 2
3174,2025-09-28T18:05:37.050075,9,965.0,359.5,-2.954426208889255,False,False,True,False,2,1,0,34,0,3,1031,708,"[true, false, false]",220,2,1,Starfield Stage - 2
3175,2025-09-28T18:05:37.061794,9,967.5,357.0,-2.962616786470682,True,False,True,False,2,1,0,34,0,3,1031,708,"[false, false, false]",220,2,1,Starfield Stage - 2
3176,2025-09-28T18:05:37.067648,9,970.0,354.5,-2.970715349565853,True,False,True,False,2,1,0,34,0,3,1031,708,"[false, false, false]",220,2,1,Starfield Stage - 2
3177,2025-09-28T18:05:37.078753,8,972.5,352.0,-2.97872239556364,True,False,True,False,1,1,0,34,0,3,1031,708,"[false, false, false]",220,2,1,Starfield Stage - 2
3178,2025-09-28T18:05:37.085438,9,975.0,349.5,-2.9839166631647847,True,False,True,False,1,1,0,34,0,3,1032,708,"[false, false, false]",220,2,1,Starfield Stage - 2
3179,2025-09-28T18:05:37.096226,8,977.5,347.0,-2.9917546464011315,True,False,True,False,1,1,0,34,0,3,1032,708,"[false, false, false]",220,2,1,Starfield Stage - 2
3180,2025-09-28T18:05:37.101622,8,980.0,344.5,-2.9968082152868702,True,False,True,False,1,1,0,34,0,3,1033,708,"[false, false, false]",220,2,1,Starfield Stage - 2
3181,2025-09-28T18:05:37.110066,9,982.5,342.0,-3.0044802514689875,True,False,True,False,1,1,0,34,0,3,1033,708,"[false, false, false]",220,2,1,Starfield Stage - 2
3182,2025-09-28T18:05:37.121337,9,985.0,339.5,-3.0120641404474386,True,False,True,False,1,1,0,34,0,3,1033,708,"[false, false, false]",220,2,1,Starfield Stage - 2
3183,2025-09-28T18:05:37.128369,9,987.5,337.0,-3.0195605352367942,True,False,True,False,1,1,0,34,0,3,1033,708,"[false, false, false]",220,2,1,Starfield Stage - 2
3184,2025-09-28T18:05:37.139303,8,990.0,334.5,-3.026970113208078,True,False,True,False,1,1,0,34,0,3,1033,708,"[false, false, false]",220,2,1,Starfield Stage - 2
3185,2025-09-28T18:05:37.145842,8,992.5,332.0,-3.0342935742675605,True,False,True,False,1,1,0,34,0,3,1033,708,"[false, false, false]",220,2,1,Starfield Stage - 2
3186,2025-09-28T18:05:37.152660,8,995.0,332.0,-3.04087081560072,True,False,False,False,1,1,0,34,0,3,1033,708,"[false, false, false]",220,2,1,Starfield Stage - 2
3187,2025-09-28T18:05:37.161520,9,997.5,332.0,-3.04720726986457,True,False,False,False,1,1,0,34,0,3,1033,707,"[false, false, false]",220,2,1,Starfield Stage - 2
3188,2025-09-28T18:05:37.169237,8,1000.0,332.0,-3.0538187612625727,True,False,False,False,1,1,0,34,0,3,1033,707,"[false, false, false]",220,2,1,Starfield Stage - 2
3189,2025-09-28T18:05:37.177228,8,1002.5,332.0,-3.060437954790648,True,False,False,False,2,1,0,34,0,3,1033,707,"[true, false, false]",220,2,1,Starfield Stage - 2
3190,2025-09-28T18:05:37.188464,9,1005.0,332.0,-3.067064282928673,True,False,False,False,2,1,0,34,0,3,1033,707,"[true, false, false]",220,2,1,Starfield Stage - 2
3191,2025-09-28T18:05:37.194818,9,1007.5,332.0,-3.0736971744267323,True,False,False,False,2,1,0,34,0,3,1033,707,"[true, false, false]",220,2,1,Starfield Stage - 2
3192,2025-09-28T18:05:37.205239,9,1010.0,332.0,-3.080336054593053,True,False,False,False,2,1,0,34,0,3,1033,707,"[true, false, false]",220,2,1,Starfield Stage - 2
3193,2025-09-28T18:05:37.212029,8,1012.5,332.0,-3.086980345586423,True,False,False,False,2,1,0,34,0,3,1033,707,"[true, false, false]",220,2,1,Starfield Stage - 2
3194,2025-09-28T18:05:37.221165,9,1015.0,332.0,-3.0936294667127164,True,False,False,False,2,1,0,34,0,3,1033,707,"[false, false, false]",220,2,1,Starfield Stage - 2
3195,2025-09-28T18:05:37.228991,8,1017.5,332.0,-3.1002828347251654,True,False,False,False,2,1,0,34,0,3,1033,707,"[false, false, false]",220,2,1,Starfield Stage - 2
3196,2025-09-28T18:05:37.238050,9,1020.0,332.0,-3.1069398641279866,True,False,False,False,2,1,0,34,0,3,1033,707,"[false, false, false]",220,2,1,Starfield Stage - 2
3197,2025-09-28T18:05:37.249184,8,1022.5,332.0,-3.1135999674829793,True,False,False,False,2,1,0,34,0,3,1033,707,"[false, false, false]",220,2,1,Starfield Stage - 2
3198,2025-09-28T18:05:37.254304,8,1025.0,332.0,-3.120262555718688,True,False,False,False,2,1,0,34,0,3,1033,707,"[false, false, false]",220,2,1,Starfield Stage - 2
3199,2025-09-28T18:05:37.264625,8,1027.5,332.0,-3.1242610558448365,True,False,False,False,2,1,0,34,0,3,1034,707,"[false, false, false]",220,2,1,Starfield Stage - 2
3200,2025-09-28T18:05:37.270457,8,1030.0,332.0,-3.125465019746157,True,False,False,False,2,1,0,34,0,3,1036,704,"[false, false, false]",220,2,1,Starfield Stage - 2
3201,2025-09-28T18:05:37.279199,9,1032.5,332.0,-3.118498933825547,True,False,False,False,2,1,0,34,0,3,1041,700,"[false, false, false]",220,2,1,Starfield Stage - 2
3202,2025-09-28T18:05:37.287906,8,1035.0,332.0,-3.1054972266539966,True,False,False,False,2,1,0,34,0,3,1048,692,"[false, false, false]",220,2,1,Starfield Stage - 2
3203,2025-09-28T18:05:37.296051,9,1037.5,332.0,-3.0860941483440762,True,False,False,False,2,1,0,34,0,3,1057,683,"[false, false, false]",220,2,1,Starfield Stage - 2
3204,2025-09-28T18:05:37.305503,9,1040.0,332.0,-3.0594251312280933,True,False,False,False,2,1,0,34,0,3,1068,672,"[false, false, false]",220,2,1,Starfield Stage - 2
3205,2025-09-28T18:05:37.317516,9,1042.5,332.0,-3.0274125481473297,True,False,False,False,2,2,0,34,0,3,1080,659,"[false, false, false]",220,2,1,Starfield Stage - 2
3206,2025-09-28T18:05:37.326603,8,1045.0,332.0,-2.9939409037688183,True,False,False,False,2,2,0,34,0,3,1092,648,"[false, false, false]",220,2,1,Starfield Stage - 2
3207,2025-09-28T18:05:37.330824,8,1047.5,332.0,-2.958423133656405,True,False,False,False,2,2,0,34,0,3,1104,637,"[false, false, false]",220,2,1,Starfield Stage - 2
3208,2025-09-28T18:05:37.339149,9,1050.0,332.0,-2.9286543040103963,True,False,False,False,2,2,0,34,0,3,1114,628,"[false, false, false]",220,2,1,Starfield Stage - 2
3209,2025-09-28T18:05:37.348564,8,1052.5,332.0,-2.9031153210495884,True,False,False,False,2,2,0,34,0,3,1123,622,"[false, false, false]",220,2,1,Starfield Stage - 2
3210,2025-09-28T18:05:37.358937,9,1055.0,332.0,-2.8859847914303316,True,False,False,False,2,2,0,34,0,3,1130,619,"[false, false, false]",220,2,1,Starfield Stage - 2
3211,2025-09-28T18:05:37.365064,9,1057.5,332.0,-2.859820786316441,True,False,False,False,3,2,0,34,0,3,1140,617,"[true, false, false]",220,2,1,Starfield Stage - 2
3212,2025-09-28T18:05:37.376328,9,1060.0,332.0,-2.860074614892088,True,False,False,False,3,2,0,34,0,3,1143,619,"[true, false, false]",220,2,1,Starfield Stage - 2
3213,2025-09-28T18:05:37.385906,8,1062.5,332.0,-2.8635215137763166,True,False,False,False,3,2,0,34,0,3,1145,621,"[true, false, false]",220,2,1,Starfield Stage - 2
3214,2025-09-28T18:05:37.391437,9,1065.0,332.0,-2.871878414002367,True,False,False,False,2,2,0,34,0,3,1146,625,"[true, false, false]",220,2,1,Starfield Stage - 2
3215,2025-09-28T18:05:37.400372,9,1065.0,332.0,-2.8761926349057934,True,True,False,False,2,2,0,34,0,3,1146,630,"[true, false, false]",220,2,1,Starfield Stage - 2
3216,2025-09-28T18:05:37.409178,9,1065.0,332.0,-2.87954815324183,True,True,False,False,2,2,0,34,0,3,1146,634,"[true, false, false]",220,2,1,Starfield Stage - 2
3217,2025-09-28T18:05:37.417333,8,1065.0,332.0,-2.8828217616260954,True,True,False,False,2,2,0,34,0,3,1146,638,"[true, false, false]",220,2,1,Starfield Stage - 2
3218,2025-09-28T18:05:37.426847,9,1065.0,332.0,-2.8882555225063515,True,True,False,False,2,2,0,34,0,3,1145,641,"[true, false, false]",220,2,1,Starfield Stage - 2
3219,2025-09-28T18:05:37.437572,9,1065.0,332.0,-2.8928347189624337,True,True,False,False,2,2,0,34,0,3,1144,643,"[false, false, false]",220,2,1,Starfield Stage - 2
3220,2025-09-28T18:05:37.446858,9,1065.0,332.0,-2.894360049877091,True,True,False,False,2,2,0,34,0,3,1144,645,"[false, false, false]",220,2,1,Starfield Stage - 2
3221,2025-09-28T18:05:37.451453,9,1065.0,332.0,-2.898113239714429,True,True,False,False,2,2,0,34,0,3,1143,646,"[false, false, false]",220,2,1,Starfield Stage - 2
3222,2025-09-28T18:05:37.459695,9,1065.0,332.0,-2.898113239714429,True,True,False,False,2,2,0,34,0,3,1143,646,"[false, false, false]",220,2,1,Starfield Stage - 2
3223,2025-09-28T18:05:37.469093,9,1065.0,332.0,-2.898113239714429,True,True,False,False,2,2,0,34,0,3,1143,646,"[false, false, false]",220,2,1,Starfield Stage - 2
3224,2025-09-28T18:05:37.477744,9,1065.0,332.0,-2.898113239714429,True,True,False,False,2,2,0,34,0,3,1143,646,"[false, false, false]",220,2,1,Starfield Stage - 2
3225,2025-09-28T18:05:37.486699,9,1062.5,334.5,-2.888698588494196,False,True,False,True,2,2,0,34,0,3,1143,646,"[false, false, false]",220,2,1,Starfield Stage - 2
3226,2025-09-28T18:05:37.495665,8,1060.0,337.0,-2.882199207455368,False,True,False,True,2,2,0,34,0,3,1142,646,"[false, false, false]",220,2,1,Starfield Stage - 2
3227,2025-09-28T18:05:37.503901,9,1057.5,339.5,-2.872581990746871,False,True,False,True,2,2,0,34,0,3,1142,646,"[false, false, false]",220,2,1,Starfield Stage - 2
3228,2025-09-28T18:05:37.513743,9,1055.0,342.0,-2.8659016843192338,False,True,False,True,2,2,0,34,0,3,1141,646,"[false, false, false]",220,2,1,Starfield Stage - 2
3229,2025-09-28T18:05:37.522077,9,1052.5,344.5,-2.8600214686336347,False,True,False,True,2,2,0,34,0,3,1140,647,"[false, false, false]",220,2,1,Starfield Stage - 2
3230,2025-09-28T18:05:37.531612,9,1050.0,347.0,-2.860224174757651,False,True,False,True,2,2,0,34,0,3,1137,648,"[false, false, false]",220,2,1,Starfield Stage - 2
3231,2025-09-28T18:05:37.539111,8,1047.5,349.5,-2.8533661201422054,False,True,False,True,2,2,0,34,0,3,1136,648,"[false, false, false]",220,2,1,Starfield Stage - 2
3232,2025-09-28T18:05:37.547909,9,1045.0,352.0,-2.846420705926014,False,True,False,True,2,2,0,34,0,3,1135,648,"[false, false, false]",220,2,1,Starfield Stage - 2
3233,2025-09-28T18:05:37.556979,9,1042.5,354.5,-2.836284604923236,False,True,False,True,2,2,0,34,0,3,1135,648,"[false, false, false]",220,2,1,Starfield Stage - 2
3234,2025-09-28T18:05:37.565910,9,1040.0,357.0,-2.82705103713247,False,True,False,True,3,2,0,34,0,3,1135,649,"[true, false, false]",220,2,1,Starfield Stage - 2
3235,2025-09-28T18:05:37.575085,9,1037.5,359.5,-2.8239785802541713,False,True,False,True,3,2,0,34,0,3,1133,650,"[true, false, false]",220,2,1,Starfield Stage - 2
3236,2025-09-28T18:05:37.584423,9,1035.0,362.0,-2.8177674133731805,False,True,False,True,3,2,0,34,0,3,1132,651,"[true, false, false]",220,2,1,Starfield Stage - 2
3237,2025-09-28T18:05:37.592834,9,1032.5,364.5,-2.8156884366842303,False,True,False,True,3,2,0,34,0,3,1130,653,"[true, false, false]",220,2,1,Starfield Stage - 2
3238,2025-09-28T18:05:37.602177,9,1030.0,367.0,-2.8125429587494537,False,True,False,True,3,2,0,34,0,3,1128,654,"[true, false, false]",220,2,1,Starfield Stage - 2
3239,2025-09-28T18:05:37.611121,9,1027.5,369.5,-2.802024278502974,False,True,False,True,3,2,0,34,0,3,1128,654,"[true, false, false]",220,2,1,Starfield Stage - 2
3240,2025-09-28T18:05:37.619874,9,1025.0,372.0,-2.7913987710571977,False,True,False,True,3,2,0,34,0,3,1128,654,"[false, false, false]",220,2,1,Starfield Stage - 2
3241,2025-09-28T18:05:37.666264,9,1022.5,374.5,-2.780667236409152,False,True,False,True,2,1,0,34,0,3,1128,654,"[false, false, false]",230,2,1,Starfield Stage - 2
3242,2025-09-28T18:05:37.670245,39,1020.0,377.0,-2.7698305882643743,False,True,False,True,1,1,0,34,0,3,1128,654,"[false, false, false]",230,2,1,Starfield Stage - 2
3243,2025-09-28T18:05:37.677091,9,1017.5,379.5,-2.758889857041158,False,True,False,True,1,1,0,34,0,3,1128,654,"[false, false, false]",230,2,1,Starfield Stage - 2
3244,2025-09-28T18:05:37.685916,9,1015.0,382.0,-2.747846192689958,False,True,False,True,1,1,0,34,0,3,1128,654,"[false, false, false]",230,2,1,Starfield Stage - 2
3245,2025-09-28T18:05:37.694922,8,1012.5,384.5,-2.7367008673047097,False,True,False,True,1,1,0,34,0,3,1128,654,"[false, false, false]",230,2,1,Starfield Stage - 2
3246,2025-09-28T18:05:37.703115,9,1010.0,387.0,-2.7254552775024763,False,True,False,True,1,1,0,34,0,3,1128,654,"[false, false, false]",230,2,1,Starfield Stage - 2
3247,2025-09-28T18:05:37.711026,8,1007.5,389.5,-2.7141109465476783,False,True,False,True,1,1,0,34,0,3,1128,654,"[false, false, false]",230,2,1,Starfield Stage - 2
3248,2025-09-28T18:05:37.720198,9,1005.0,392.0,-2.702669526197191,False,True,False,True,1,1,0,34,0,3,1128,654,"[false, false, false]",230,2,1,Starfield Stage - 2
3249,2025-09-28T18:05:37.728009,8,1002.5,394.5,-2.6911327982428093,False,True,False,True,1,1,0,34,0,3,1128,654,"[false, false, false]",230,2,1,Starfield Stage - 2
3250,2025-09-28T18:05:37.737785,9,1000.0,397.0,-2.679502675728024,False,True,False,True,1,1,0,34,0,3,1128,654,"[false, false, false]",230,2,1,Starfield Stage - 2
3251,2025-09-28T18:05:37.747514,10,997.5,399.5,-2.667781203816722,False,True,False,True,1,1,0,34,0,3,1128,654,"[false, false, false]",230,2,1,Starfield Stage - 2
3252,2025-09-28T18:05:37.756570,9,995.0,402.0,-2.6559705602923245,False,True,False,True,1,1,0,34,0,3,1128,654,"[false, false, false]",230,2,1,Starfield Stage - 2
3253,2025-09-28T18:05:37.764442,8,992.5,404.5,-2.644073055667032,False,True,False,True,1,1,0,34,0,3,1128,654,"[false, false, false]",230,2,1,Starfield Stage - 2
3254,2025-09-28T18:05:37.773078,9,990.0,407.0,-2.632091132882252,False,True,False,True,1,1,0,34,0,3,1128,654,"[false, false, false]",230,2,1,Starfield Stage - 2
3255,2025-09-28T18:05:37.781986,9,987.5,409.5,-2.626198452879152,False,True,False,True,1,1,0,34,0,3,1126,654,"[false, false, false]",230,2,1,Starfield Stage - 2
3256,2025-09-28T18:05:37.790847,9,985.0,412.0,-2.6197583737753827,False,True,False,True,1,1,0,34,0,3,1123,652,"[false, false, false]",230,2,1,Starfield Stage - 2
3257,2025-09-28T18:05:37.800400,9,982.5,414.5,-2.612586735040278,False,True,False,True,1,1,0,34,0,3,1119,648,"[false, false, false]",230,2,1,Starfield Stage - 2
3258,2025-09-28T18:05:37.809296,9,980.0,417.0,-2.6071294031994277,False,True,False,True,1,1,0,34,0,3,1112,640,"[false, false, false]",230,2,1,Starfield Stage - 2
3259,2025-09-28T18:05:37.817028,8,977.5,417.0,-2.5994242918632904,False,True,False,False,1,1,0,34,0,3,1104,627,"[false, false, false]",230,2,1,Starfield Stage - 2
3260,2025-09-28T18:05:37.825983,9,975.0,417.0,-2.5835130887191795,False,True,False,False,1,1,0,34,0,3,1083,590,"[false, false, false]",230,2,1,Starfield Stage - 2
3261,2025-09-28T18:05:37.835351,9,972.5,417.0,-2.5559012940007384,False,True,False,False,1,1,0,34,0,3,1072,567,"[false, false, false]",230,2,1,Starfield Stage - 2
3262,2025-09-28T18:05:37.844130,9,970.0,417.0,-2.519058327713975,False,True,False,False,1,1,0,34,0,3,1059,541,"[false, false, false]",230,2,1,Starfield Stage - 2
3263,2025-09-28T18:05:37.853501,9,967.5,417.0,-2.477410325186608,False,True,False,False,1,1,0,34,0,3,1045,516,"[false, false, false]",230,2,1,Starfield Stage - 2
3264,2025-09-28T18:05:37.861834,9,965.0,417.0,-2.399645385583876,False,True,False,False,1,1,0,34,0,3,1031,489,"[false, false, false]",230,2,1,Starfield Stage - 2
3265,2025-09-28T18:05:37.871579,9,962.5,417.0,-2.249996548267505,False,True,False,False,1,1,0,34,0,3,1017,461,"[false, false, false]",230,2,1,Starfield Stage - 2
3266,2025-09-28T18:05:37.879351,8,960.0,417.0,-1.892546881191539,False,True,False,False,1,1,0,34,0,3,1005,432,"[false, false, false]",230,2,1,Starfield Stage - 2
3267,2025-09-28T18:05:37.888060,9,957.5,417.0,-1.1902899496825317,False,True,False,False,1,1,0,34,0,3,995,402,"[false, false, false]",230,2,1,Starfield Stage - 2
3268,2025-09-28T18:05:37.896811,9,955.0,417.0,-0.5984188934785372,False,True,False,False,1,1,0,34,0,3,985,373,"[false, false, false]",230,2,1,Starfield Stage - 2
3269,2025-09-28T18:05:37.907537,10,952.5,417.0,-0.17849233910861195,False,True,False,False,1,1,0,34,0,3,970,320,"[false, false, false]",230,2,1,Starfield Stage - 2
3270,2025-09-28T18:05:37.916267,8,950.0,417.0,-0.11614162687999023,False,True,False,False,1,1,0,34,0,3,964,297,"[false, false, false]",230,2,1,Starfield Stage - 2
3271,2025-09-28T18:05:37.923119,8,947.5,417.0,-0.08842132362310733,False,True,False,False,1,1,0,34,0,3,960,276,"[false, false, false]",230,2,1,Starfield Stage - 2
3272,2025-09-28T18:05:37.932064,9,945.0,417.0,-0.08057054346379847,False,True,False,False,1,1,0,34,0,3,958,256,"[false, false, false]",230,2,1,Starfield Stage - 2
3273,2025-09-28T18:05:37.941211,9,942.5,417.0,-0.08082909728032435,False,True,False,False,1,1,0,34,0,3,957,238,"[false, false, false]",230,2,1,Starfield Stage - 2
3274,2025-09-28T18:05:37.950027,8,940.0,417.0,-0.08228798977468188,False,True,False,False,1,1,0,34,0,3,956,223,"[false, false, false]",230,2,1,Starfield Stage - 2
3275,2025-09-28T18:05:37.957873,9,937.5,417.0,-0.08956555627405083,False,True,False,False,1,1,0,34,0,3,956,211,"[false, false, false]",230,2,1,Starfield Stage - 2
3276,2025-09-28T18:05:37.967011,9,935.0,417.0,-0.09691762779436304,False,True,False,False,1,1,0,34,0,3,956,201,"[false, false, false]",230,2,1,Starfield Stage - 2
3277,2025-09-28T18:05:37.976036,9,932.5,417.0,-0.10499365208171141,False,True,False,False,1,1,0,34,0,3,956,194,"[false, false, false]",230,2,1,Starfield Stage - 2
3278,2025-09-28T18:05:37.984735,8,930.0,417.0,-0.11787210319721633,False,True,False,False,1,1,0,34,0,3,957,189,"[false, false, false]",230,2,1,Starfield Stage - 2
3279,2025-09-28T18:05:37.993172,9,927.5,417.0,-0.12647644455963053,False,True,False,False,1,1,0,34,0,3,957,185,"[false, false, false]",230,2,1,Starfield Stage - 2
3280,2025-09-28T18:05:38.001547,8,925.0,417.0,-0.13648520124556013,False,True,False,False,1,1,0,34,0,3,957,184,"[false, false, false]",230,2,1,Starfield Stage - 2
3281,2025-09-28T18:05:38.010256,9,922.5,417.0,-0.14700058279562106,False,True,False,False,2,1,0,34,0,3,957,184,"[true, false, false]",230,2,1,Starfield Stage - 2
3282,2025-09-28T18:05:38.018308,8,920.0,417.0,-0.15748332232447285,False,True,False,False,2,1,0,34,0,3,957,184,"[true, false, false]",230,2,1,Starfield Stage - 2
3283,2025-09-28T18:05:38.026976,9,917.5,417.0,-0.16793127892848175,False,True,False,False,2,1,0,34,0,3,957,184,"[true, false, false]",230,2,1,Starfield Stage - 2
3284,2025-09-28T18:05:38.036247,9,915.0,417.0,-0.17834235625063474,False,True,False,False,2,1,0,34,0,3,957,184,"[true, false, false]",230,2,1,Starfield Stage - 2
3285,2025-09-28T18:05:38.043905,8,912.5,417.0,-0.18871450467323056,False,True,False,False,2,1,0,34,0,3,957,184,"[true, false, false]",230,2,1,Starfield Stage - 2
3286,2025-09-28T18:05:38.053128,9,910.0,417.0,-0.19904572336856055,False,True,False,False,2,1,0,34,0,3,957,184,"[true, false, false]",230,2,1,Starfield Stage - 2
3287,2025-09-28T18:05:38.062916,9,912.5,417.0,-0.18871450467323056,True,False,False,False,1,1,0,34,0,3,957,184,"[true, false, false]",230,2,1,Starfield Stage - 2
3288,2025-09-28T18:05:38.071359,9,915.0,417.0,-0.17834235625063474,True,False,False,False,1,1,0,34,0,3,957,184,"[false, false, false]",230,2,1,Starfield Stage - 2
3289,2025-09-28T18:05:38.079645,9,917.5,417.0,-0.16793127892848175,True,False,False,False,1,1,0,34,0,3,957,184,"[false, false, false]",230,2,1,Starfield Stage - 2
3290,2025-09-28T18:05:38.088199,8,920.0,417.0,-0.15748332232447285,True,False,False,False,1,1,0,34,0,3,957,184,"[false, false, false]",230,2,1,Starfield Stage - 2
3291,2025-09-28T18:05:38.097157,9,922.5,417.0,-0.14806800183754476,True,False,False,False,1,1,0,34,0,3,958,179,"[false, false, false]",230,2,1,Starfield Stage - 2
3292,2025-09-28T18:05:38.105338,8,925.0,417.0,-0.14247077800650498,True,False,False,False,1,1,0,34,0,3,960,173,"[false, false, false]",230,2,1,Starfield Stage - 2
3293,2025-09-28T18:05:38.113392,8,927.5,417.0,-0.13605892243487083,True,False,False,False,1,1,0,34,0,3,962,165,"[false, false, false]",230,2,1,Starfield Stage - 2
3294,2025-09-28T18:05:38.121896,9,930.0,417.0,-0.13280153229146568,True,False,False,False,1,1,0,34,0,3,965,155,"[false, false, false]",230,2,1,Starfield Stage - 2
3295,2025-09-28T18:05:38.131571,9,932.5,417.0,-0.13291141711798915,True,False,False,False,1,1,0,34,0,3,969,144,"[false, false, false]",230,2,1,Starfield Stage - 2
3296,2025-09-28T18:05:38.139117,8,935.0,417.0,-0.12955200275993944,True,False,False,False,1,1,0,34,0,3,972,133,"[false, false, false]",230,2,1,Starfield Stage - 2
3297,2025-09-28T18:05:38.147974,9,937.5,417.0,-0.12644049725838966,True,False,False,False,1,1,0,34,0,3,975,122,"[false, false, false]",230,2,1,Starfield Stage - 2
3298,2025-09-28T18:05:38.156658,9,940.0,417.0,-0.12395144331765914,True,False,False,False,1,1,0,34,0,3,978,112,"[false, false, false]",230,2,1,Starfield Stage - 2
3299,2025-09-28T18:05:38.165670,8,942.5,417.0,-0.11961849947578312,True,False,False,False,1,1,0,34,0,3,980,105,"[false, false, false]",230,2,1,Starfield Stage - 2
3300,2025-09-28T18:05:38.173896,8,945.0,417.0,-0.11308020016364916,True,False,False,False,1,1,0,34,0,3,981,100,"[false, false, false]",230,2,1,Starfield Stage - 2
3301,2025-09-28T18:05:38.181942,9,947.5,417.0,-0.10773174337278449,True,False,False,False,1,1,0,34,0,3,982,98,"[false, false, false]",230,2,1,Starfield Stage - 2
3302,2025-09-28T18:05:38.191009,9,950.0,417.0,-0.09966865249116202,True,False,False,False,1,1,0,34,0,3,982,97,"[false, false, false]",230,2,1,Starfield Stage - 2
3303,2025-09-28T18:05:38.199905,8,952.5,419.5,-0.09121901490317288,True,False,False,True,1,1,0,34,0,3,982,97,"[false, false, false]",230,2,1,Starfield Stage - 2
3304,2025-09-28T18:05:38.207782,9,955.0,422.0,-0.08288658458047461,True,False,False,True,2,1,0,34,0,3,982,97,"[true, false, false]",230,2,1,Starfield Stage - 2
3305,2025-09-28T18:05:38.216877,9,957.5,424.5,-0.07467007278610843,True,False,False,True,2,1,0,34,0,3,982,97,"[true, false, false]",230,2,1,Starfield Stage - 2
3306,2025-09-28T18:05:38.265043,10,960.0,427.0,-0.06697285820941647,True,False,False,True,1,0,0,34,0,3,982,99,"[true, false, false]",230,2,1,Starfield Stage - 2
3307,2025-09-28T18:05:38.266529,39,962.5,429.5,-0.05159735468523717,True,False,False,True,1,0,0,34,0,3,979,110,"[false, false, false]",230,2,1,Starfield Stage - 2
3308,2025-09-28T18:05:38.275185,9,965.0,432.0,-0.04372211860158762,True,False,False,True,1,0,0,34,0,3,979,112,"[false, false, false]",230,2,1,Starfield Stage - 2
3309,2025-09-28T18:05:38.283389,8,967.5,434.5,-0.03586604829626974,True,False,False,True,1,0,0,34,0,3,979,114,"[false, false, false]",230,2,1,Starfield Stage - 2
3310,2025-09-28T18:05:38.291658,9,970.0,437.0,-0.02499479361892016,True,False,False,True,1,0,0,34,0,3,978,117,"[false, false, false]",230,2,1,Starfield Stage - 2
3311,2025-09-28T18:05:38.300114,8,972.5,439.5,-0.01408357582286019,True,False,False,True,1,0,0,34,0,3,977,120,"[false, false, false]",230,2,1,Starfield Stage - 2
3312,2025-09-28T18:05:38.308449,9,975.0,442.0,-0.0,True,False,False,True,1,0,0,34,0,3,975,124,"[false, false, false]",230,2,1,Starfield Stage - 2
3313,2025-09-28T18:05:38.317769,9,975.0,444.5,0.003159547148241363,False,False,False,True,1,0,0,34,0,3,974,128,"[false, false, false]",230,2,1,Starfield Stage - 2
3314,2025-09-28T18:05:38.326968,9,975.0,447.0,0.009523521593612855,False,False,False,True,1,0,0,34,0,3,972,132,"[false, false, false]",230,2,1,Starfield Stage - 2
3315,2025-09-28T18:05:38.336009,9,972.5,449.5,0.004784652483358332,False,True,False,True,1,0,0,34,0,3,971,136,"[false, false, false]",230,2,1,Starfield Stage - 2
3316,2025-09-28T18:05:38.345272,9,970.0,452.0,0.006472401527295519,False,True,False,True,1,0,0,34,0,3,968,143,"[false, false, false]",230,2,1,Starfield Stage - 2
3317,2025-09-28T18:05:38.352652,8,967.5,454.5,-0.0016051350580743727,False,True,False,True,1,0,0,34,0,3,968,143,"[false, false, false]",230,2,1,Starfield Stage - 2
3318,2025-09-28T18:05:38.361950,9,965.0,457.0,-0.009646003067677333,False,True,False,True,1,0,0,34,0,3,968,146,"[false, false, false]",230,2,1,Starfield Stage - 2
3319,2025-09-28T18:05:38.370920,9,962.5,459.5,-0.01439900479581639,False,True,False,True,1,1,0,34,0,3,967,147,"[false, false, false]",230,2,1,Starfield Stage - 2
3320,2025-09-28T18:05:38.380221,9,960.0,462.0,-0.01910595511844083,False,True,False,True,1,1,0,34,0,3,966,148,"[false, false, false]",230,2,1,Starfield Stage - 2
3321,2025-09-28T18:05:38.387853,8,957.5,464.5,-0.023767314528414744,False,True,False,True,1,1,0,34,0,3,965,149,"[false, false, false]",230,2,1,Starfield Stage - 2
3322,2025-09-28T18:05:38.397121,9,955.0,467.0,-0.028473315441318543,False,True,False,True,2,1,0,34,0,3,964,151,"[true, false, false]",230,2,1,Starfield Stage - 2
3323,2025-09-28T18:05:38.406779,10,952.5,469.5,-0.03631893566863698,False,True,False,True,2,1,0,34,0,3,964,153,"[true, false, false]",230,2,1,Starfield Stage - 2
3324,2025-09-28T18:05:38.416120,9,950.0,472.0,-0.04111605551949617,False,True,False,True,2,1,0,34,0,3,963,156,"[true, false, false]",230,2,1,Starfield Stage - 2
3325,2025-09-28T18:05:38.425751,9,947.5,474.5,-0.045781573924338875,False,True,False,True,2,1,0,34,0,3,962,158,"[true, false, false]",230,2,1,Starfield Stage - 2
3326,2025-09-28T18:05:38.434329,8,945.0,477.0,-0.05058970876938464,False,True,False,True,2,1,0,34,0,3,961,161,"[true, false, false]",230,2,1,Starfield Stage - 2
3327,2025-09-28T18:05:38.441090,8,942.5,479.5,-0.05801958136154178,False,True,False,True,2,1,0,34,0,3,961,161,"[true, false, false]",230,2,1,Starfield Stage - 2
3328,2025-09-28T18:05:38.449756,9,940.0,482.0,-0.0628103526541007,False,True,False,True,2,1,0,34,0,3,960,164,"[true, false, false]",230,2,1,Starfield Stage - 2
3329,2025-09-28T18:05:38.459082,9,937.5,484.5,-0.07030646411862446,False,True,False,True,2,1,0,34,0,3,960,165,"[true, false, false]",230,2,1,Starfield Stage - 2
3330,2025-09-28T18:05:38.468380,9,935.0,487.0,-0.07462750570751274,False,True,False,True,2,1,0,34,0,3,959,166,"[false, false, false]",230,2,1,Starfield Stage - 2
3331,2025-09-28T18:05:38.476837,9,932.5,489.5,-0.08173404335839893,False,True,False,True,2,1,0,34,0,3,959,166,"[false, false, false]",230,2,1,Starfield Stage - 2
3332,2025-09-28T18:05:38.485882,9,930.0,492.0,-0.08899507186867553,False,True,False,True,2,1,0,34,0,3,959,167,"[false, false, false]",230,2,1,Starfield Stage - 2
3333,2025-09-28T18:05:38.495553,9,927.5,494.5,-0.09588823801909589,False,True,False,True,2,1,0,34,0,3,959,167,"[false, false, false]",230,2,1,Starfield Stage - 2
3334,2025-09-28T18:05:38.503872,9,925.0,494.5,-0.10376077878554718,False,True,False,False,2,1,0,34,0,3,959,168,"[false, false, false]",230,2,1,Starfield Stage - 2
3335,2025-09-28T18:05:38.513512,9,922.5,494.5,-0.1113294899801824,False,True,False,False,2,1,0,34,0,3,959,168,"[false, false, false]",230,2,1,Starfield Stage - 2
3336,2025-09-28T18:05:38.521255,8,920.0,494.5,-0.11961119711419951,False,True,False,False,2,1,0,34,0,3,959,170,"[false, false, false]",230,2,1,Starfield Stage - 2
3337,2025-09-28T18:05:38.528926,8,917.5,494.5,-0.12719858877801024,False,True,False,False,2,1,0,34,0,3,959,170,"[false, false, false]",230,2,1,Starfield Stage - 2
3338,2025-09-28T18:05:38.537962,9,915.0,494.5,-0.12990199197674968,False,True,False,False,2,1,0,34,0,3,957,173,"[false, false, false]",230,2,1,Starfield Stage - 2
3339,2025-09-28T18:05:38.546983,9,912.5,494.5,-0.13183615173398916,False,True,False,False,2,1,0,34,0,3,955,174,"[false, false, false]",230,2,1,Starfield Stage - 2
3340,2025-09-28T18:05:38.556356,9,910.0,494.5,-0.134614022926856,False,True,False,False,2,1,0,34,0,3,953,177,"[false, false, false]",230,2,1,Starfield Stage - 2
3341,2025-09-28T18:05:38.564839,8,907.5,494.5,-0.13161119196157006,False,True,False,False,2,1,0,34,0,3,949,181,"[false, false, false]",230,2,1,Starfield Stage - 2
3342,2025-09-28T18:05:38.573395,9,905.0,494.5,-0.11936501600372616,False,True,False,False,2,1,0,34,0,3,942,186,"[false, false, false]",230,2,1,Starfield Stage - 2
3343,2025-09-28T18:05:38.580846,8,902.5,494.5,-0.09785616477414313,False,True,False,False,2,1,0,34,0,3,932,194,"[false, false, false]",230,2,1,Starfield Stage - 2
3344,2025-09-28T18:05:38.589499,8,900.0,494.5,-0.06508803278338557,False,True,False,False,2,1,0,34,0,3,919,203,"[false, false, false]",230,2,1,Starfield Stage - 2
3345,2025-09-28T18:05:38.598089,9,897.5,494.5,-0.01609878796716228,False,True,False,False,2,1,0,34,0,3,902,215,"[false, false, false]",230,2,1,Starfield Stage - 2
3346,2025-09-28T18:05:38.607651,9,895.0,494.5,0.045167000595819184,False,True,False,False,2,1,0,34,0,3,883,229,"[false, false, false]",230,2,1,Starfield Stage - 2
3347,2025-09-28T18:05:38.616321,8,892.5,494.5,0.12953118691769877,False,True,False,False,2,1,0,34,0,3,860,245,"[false, false, false]",230,2,1,Starfield Stage - 2
3348,2025-09-28T18:05:38.623383,8,890.0,494.5,0.22821194179065735,False,True,False,False,2,1,0,34,0,3,836,262,"[false, false, false]",230,2,1,Starfield Stage - 2
3349,2025-09-28T18:05:38.632018,9,887.5,494.5,0.349329766796383,False,True,False,False,2,1,0,34,0,3,809,279,"[false, false, false]",230,2,1,Starfield Stage - 2
3350,2025-09-28T18:05:38.641317,9,885.0,494.5,0.6350267353903137,False,True,False,False,2,1,0,34,0,3,752,314,"[false, false, false]",230,2,1,Starfield Stage - 2
3351,2025-09-28T18:05:38.649008,8,882.5,494.5,0.7730148954795618,False,True,False,False,2,1,0,34,0,3,723,331,"[false, false, false]",230,2,1,Starfield Stage - 2
3352,2025-09-28T18:05:38.658266,9,880.0,494.5,0.8937648126611182,False,True,False,False,1,1,0,34,0,3,694,345,"[false, false, false]",230,2,1,Starfield Stage - 2
3353,2025-09-28T18:05:38.666757,9,877.5,494.5,0.9955072449695227,False,True,False,False,1,1,0,34,0,3,667,358,"[false, false, false]",230,2,1,Starfield Stage - 2
3354,2025-09-28T18:05:38.677078,10,875.0,494.5,1.0782697479281367,False,True,False,False,1,1,0,34,0,3,643,370,"[false, false, false]",230,2,1,Starfield Stage - 2
3355,2025-09-28T18:05:38.686178,9,872.5,494.5,1.1435698520085973,False,True,False,False,1,1,0,34,0,4,621,380,"[false, false, false]",230,2,1,Starfield Stage - 2
3356,2025-09-28T18:05:38.695080,8,870.0,492.0,1.2058832276331033,False,True,True,False,1,1,0,34,0,4,603,390,"[false, false, false]",230,2,1,Starfield Stage - 2
3357,2025-09-28T18:05:38.702654,9,867.5,489.5,1.2566050236590602,False,True,True,False,1,1,0,34,0,4,589,399,"[false, false, false]",230,2,1,Starfield Stage - 2
3358,2025-09-28T18:05:38.712034,9,865.0,487.0,1.2948071997225026,False,True,True,False,1,1,0,34,0,4,579,406,"[false, false, false]",230,2,1,Starfield Stage - 2
3359,2025-09-28T18:05:38.721184,9,862.5,484.5,1.3469553207436389,False,True,True,False,1,1,0,34,0,4,566,417,"[false, false, false]",230,2,1,Starfield Stage - 2
3360,2025-09-28T18:05:38.729490,8,860.0,482.0,1.3688875803089033,False,True,True,False,1,1,0,34,0,4,562,421,"[false, false, false]",230,2,1,Starfield Stage - 2
3361,2025-09-28T18:05:38.737700,9,857.5,479.5,1.392866186074715,False,True,True,False,1,1,0,34,0,4,560,426,"[false, false, false]",230,2,1,Starfield Stage - 2
3362,2025-09-28T18:05:38.746941,9,855.0,477.0,1.4133271473417086,False,True,True,False,2,1,0,34,0,4,559,430,"[true, false, false]",230,2,1,Starfield Stage - 2
3363,2025-09-28T18:05:38.755804,9,852.5,474.5,1.4370175274584678,False,True,True,False,2,1,0,34,0,4,559,435,"[true, false, false]",230,2,1,Starfield Stage - 2
3364,2025-09-28T18:05:38.765315,9,850.0,472.0,1.457876666042294,False,True,True,False,2,1,0,34,0,4,559,439,"[true, false, false]",230,2,1,Starfield Stage - 2
3365,2025-09-28T18:05:38.773495,8,847.5,469.5,1.4826372158751688,False,True,True,False,2,1,0,34,0,4,559,444,"[true, false, false]",230,2,1,Starfield Stage - 2
3366,2025-09-28T18:05:38.781437,8,845.0,467.0,1.511425624058284,False,True,True,False,2,1,0,34,0,4,559,450,"[true, false, false]",230,2,1,Starfield Stage - 2
3367,2025-09-28T18:05:38.789571,9,842.5,464.5,1.537299160855638,False,True,True,False,2,1,0,34,0,4,559,455,"[true, false, false]",230,2,1,Starfield Stage - 2
3368,2025-09-28T18:05:38.798852,9,840.0,462.0,1.5672376229566805,False,True,True,False,2,1,0,34,0,4,559,461,"[true, false, false]",230,2,1,Starfield Stage - 2
3369,2025-09-28T18:05:38.808205,9,837.5,459.5,1.5941314081262807,False,True,True,False,2,1,0,34,0,4,559,466,"[true, false, false]",230,2,1,Starfield Stage - 2
3370,2025-09-28T18:05:38.816781,8,835.0,457.0,1.6178629901109074,False,True,True,False,2,1,0,34,0,4,559,470,"[false, false, false]",230,2,1,Starfield Stage - 2
3371,2025-09-28T18:05:38.824865,8,832.5,454.5,1.6419738708325744,False,True,True,False,2,1,0,34,0,4,559,474,"[false, false, false]",230,2,1,Starfield Stage - 2
3372,2025-09-28T18:05:38.833244,9,830.0,452.0,1.6627868851995955,False,True,True,False,2,1,0,34,0,4,559,477,"[false, false, false]",230,2,1,Starfield Stage - 2
3373,2025-09-28T18:05:38.841319,8,827.5,449.5,1.691253152598059,False,True,True,False,2,1,0,34,0,4,559,482,"[false, false, false]",230,2,1,Starfield Stage - 2
3374,2025-09-28T18:05:38.849043,8,825.0,447.0,1.7126933813990606,False,True,True,False,2,1,0,34,0,4,559,485,"[false, false, false]",230,2,1,Starfield Stage - 2
3375,2025-09-28T18:05:38.857786,9,822.5,444.5,1.7430678320301596,False,True,True,False,1,1,0,34,0,4,561,490,"[false, false, false]",230,2,1,Starfield Stage - 2
3376,2025-09-28T18:05:38.866894,9,820.0,442.0,1.7832283473036388,False,True,True,False,1,1,0,34,0,4,565,497,"[false, false, false]",230,2,1,Starfield Stage - 2
3377,2025-09-28T18:05:38.875392,8,817.5,439.5,1.8295116909669915,False,True,True,False,1,1,0,34,0,4,570,505,"[false, false, false]",230,2,1,Starfield Stage - 2
3378,2025-09-28T18:05:38.883412,8,815.0,437.0,1.8862576559388315,False,True,True,False,1,1,0,34,0,4,576,515,"[false, false, false]",230,2,1,Starfield Stage - 2
3379,2025-09-28T18:05:38.891561,8,812.5,434.5,1.9539293395177024,False,True,True,False,1,1,0,34,0,4,583,527,"[false, false, false]",230,2,1,Starfield Stage - 2
3380,2025-09-28T18:05:38.899743,9,810.0,432.0,2.0344439357957027,False,True,True,False,1,1,0,34,0,4,592,541,"[false, false, false]",230,2,1,Starfield Stage - 2
3381,2025-09-28T18:05:38.908995,9,807.5,429.5,2.130499150849659,False,True,True,False,1,1,0,34,0,4,604,557,"[false, false, false]",230,2,1,Starfield Stage - 2
3382,2025-09-28T18:05:38.917975,9,805.0,427.0,2.2277759790385203,False,True,True,False,1,1,0,34,0,4,617,572,"[false, false, false]",230,2,1,Starfield Stage - 2
3383,2025-09-28T18:05:38.926742,9,802.5,424.5,2.335113276352197,False,True,True,False,1,1,0,34,0,4,633,587,"[false, false, false]",230,2,1,Starfield Stage - 2
3384,2025-09-28T18:05:38.935858,9,800.0,422.0,2.443584634277262,False,True,True,False,1,1,0,34,0,4,649,602,"[false, false, false]",230,2,1,Starfield Stage - 2
3385,2025-09-28T18:05:38.945398,9,797.5,419.5,2.6467936519473803,False,True,True,False,1,1,0,34,0,4,685,628,"[false, false, false]",230,2,1,Starfield Stage - 2
3386,2025-09-28T18:05:38.953870,9,795.0,417.0,2.757997483211688,False,True,True,False,1,1,0,34,0,4,705,640,"[false, false, false]",230,2,1,Starfield Stage - 2
3387,2025-09-28T18:05:38.963136,9,792.5,414.5,2.865786755001271,False,True,True,False,1,1,0,34,0,4,725,653,"[false, false, false]",230,2,1,Starfield Stage - 2
3388,2025-09-28T18:05:38.971478,9,790.0,412.0,2.9789788249918447,False,True,True,False,1,1,0,34,0,4,748,668,"[false, false, false]",230,2,1,Starfield Stage - 2
3389,2025-09-28T18:05:38.980775,9,787.5,409.5,3.0813366176832204,False,True,True,False,2,1,0,34,0,4,771,683,"[true, false, false]",230,2,1,Starfield Stage - 2
3390,2025-09-28T18:05:38.989788,9,785.0,407.0,-3.1072419097917683,False,True,True,False,2,1,0,34,0,4,795,698,"[true, false, false]",230,2,1,Starfield Stage - 2
3391,2025-09-28T18:05:38.999334,9,782.5,404.5,-3.030223941963204,False,True,True,False,2,1,0,34,0,4,817,713,"[true, false, false]",230,2,1,Starfield Stage - 2
3392,2025-09-28T18:05:39.007997,9,780.0,402.0,-2.9669204545815537,False,True,True,False,2,1,0,34,0,4,837,725,"[true, false, false]",230,2,1,Starfield Stage - 2
3393,2025-09-28T18:05:39.017064,9,777.5,399.5,-2.9202427489915825,False,True,True,False,2,1,0,34,0,4,853,735,"[true, false, false]",230,2,1,Starfield Stage - 2
3394,2025-09-28T18:05:39.025824,9,775.0,397.0,-2.864045723083841,False,True,True,False,2,1,0,34,0,4,875,748,"[true, false, false]",230,2,1,Starfield Stage - 2
3395,2025-09-28T18:05:39.035167,9,772.5,394.5,-2.848721069059105,False,True,True,False,2,1,0,34,0,4,880,751,"[true, false, false]",230,2,1,Starfield Stage - 2
3396,2025-09-28T18:05:39.042976,8,770.0,392.0,-2.8349163341881103,False,True,True,False,2,1,0,34,0,4,884,752,"[false, false, false]",230,2,1,Starfield Stage - 2
3397,2025-09-28T18:05:39.052471,9,767.5,389.5,-2.8239743070786036,False,True,True,False,2,1,0,34,0,4,887,753,"[false, false, false]",230,2,1,Starfield Stage - 2
3398,2025-09-28T18:05:39.060699,9,765.0,387.0,-2.817385101680325,False,True,True,False,2,1,0,34,0,4,888,753,"[false, false, false]",230,2,1,Starfield Stage - 2
3399,2025-09-28T18:05:39.070143,9,762.5,384.5,-2.8109137650133142,False,True,True,False,2,1,0,34,0,4,889,753,"[false, false, false]",230,2,1,Starfield Stage - 2
3400,2025-09-28T18:05:39.078754,9,760.0,382.0,-2.8045576901610136,False,True,True,False,2,1,0,34,0,4,890,753,"[false, false, false]",230,2,1,Starfield Stage - 2
3401,2025-09-28T18:05:39.087909,9,757.5,379.5,-2.800690410740731,False,True,True,False,2,1,0,34,0,4,890,753,"[false, false, false]",230,2,1,Starfield Stage - 2
3402,2025-09-28T18:05:39.096728,9,755.0,377.0,-2.7945310500503027,False,True,True,False,2,1,0,34,0,4,891,753,"[false, false, false]",230,2,1,Starfield Stage - 2
3403,2025-09-28T18:05:39.106845,10,752.5,374.5,-2.7884798367723094,False,True,True,False,2,1,0,34,0,4,892,753,"[false, false, false]",230,2,1,Starfield Stage - 2
3404,2025-09-28T18:05:39.116234,9,750.0,372.0,-2.7833958713480405,False,True,True,False,2,1,0,34,0,4,893,754,"[false, false, false]",230,2,1,Starfield Stage - 2
3405,2025-09-28T18:05:39.124700,8,747.5,369.5,-2.7761582509621454,False,True,True,False,2,1,0,34,0,4,895,755,"[false, false, false]",230,2,1,Starfield Stage - 2
3406,2025-09-28T18:05:39.133214,9,745.0,367.0,-2.771321789067794,False,True,True,False,2,1,0,34,0,4,896,756,"[false, false, false]",230,2,1,Starfield Stage - 2
3407,2025-09-28T18:05:39.141033,8,742.5,364.5,-2.763059525396276,False,True,True,False,2,1,0,34,0,4,899,758,"[false, false, false]",230,2,1,Starfield Stage - 2
3408,2025-09-28T18:05:39.149984,9,740.0,362.0,-2.755036220649959,False,True,True,False,2,1,0,34,0,4,902,760,"[false, false, false]",230,2,1,Starfield Stage - 2
3409,2025-09-28T18:05:39.158974,9,737.5,359.5,-2.7460099077030335,False,True,True,False,2,1,0,34,0,4,906,763,"[false, false, false]",230,2,1,Starfield Stage - 2
3410,2025-09-28T18:05:39.168288,9,735.0,357.0,-2.735226377072783,False,True,True,False,3,1,0,34,0,4,911,766,"[true, false, false]",230,2,1,Starfield Stage - 2
3411,2025-09-28T18:05:39.176368,8,732.5,354.5,-2.7257154751714174,False,True,True,False,3,1,0,34,0,4,916,770,"[true, false, false]",230,2,1,Starfield Stage - 2
3412,2025-09-28T18:05:39.184622,8,730.0,352.0,-2.7165731633650037,False,True,True,False,3,1,0,34,0,4,921,774,"[true, false, false]",230,2,1,Starfield Stage - 2
3413,2025-09-28T18:05:39.193286,9,727.5,349.5,-2.706751433961898,False,True,True,False,3,1,0,34,0,4,927,779,"[true, false, false]",230,2,1,Starfield Stage - 2
3414,2025-09-28T18:05:39.201700,8,725.0,347.0,-2.7031969256353423,False,True,True,False,3,1,0,34,0,4,928,780,"[false, false, false]",230,2,1,Starfield Stage - 2
3415,2025-09-28T18:05:39.210765,9,722.5,344.5,-2.6969506372220815,False,True,True,False,3,1,0,34,0,4,930,780,"[false, false, false]",230,2,1,Starfield Stage - 2
3416,2025-09-28T18:05:39.218739,9,720.0,342.0,-2.692663392909596,False,True,True,False,3,1,0,34,0,4,931,780,"[false, false, false]",230,2,1,Starfield Stage - 2
3417,2025-09-28T18:05:39.228381,9,717.5,339.5,-2.6866087585050877,False,True,True,False,3,1,0,34,0,4,933,780,"[false, false, false]",230,2,1,Starfield Stage - 2
3418,2025-09-28T18:05:39.236970,9,715.0,337.0,-2.677945044588987,False,True,True,False,3,1,0,34,0,4,936,779,"[false, false, false]",230,2,1,Starfield Stage - 2
3419,2025-09-28T18:05:39.245668,8,712.5,334.5,-2.6657889572171922,False,True,True,False,3,1,0,34,0,4,940,776,"[false, false, false]",230,2,1,Starfield Stage - 2
3420,2025-09-28T18:05:39.255127,9,710.0,332.0,-2.651871817812914,False,True,True,False,3,1,0,34,0,4,944,771,"[false, false, false]",230,2,1,Starfield Stage - 2
3421,2025-09-28T18:05:39.262828,9,707.5,329.5,-2.6342987603761836,False,True,True,False,3,1,0,34,0,4,949,764,"[false, false, false]",230,2,1,Starfield Stage - 2
3422,2025-09-28T18:05:39.272520,9,705.0,327.0,-2.6174403233436716,False,True,True,False,3,1,0,34,0,4,953,756,"[false, false, false]",230,2,1,Starfield Stage - 2
3423,2025-09-28T18:05:39.280803,9,702.5,324.5,-2.5987459736195357,False,True,True,False,3,1,0,34,0,4,958,748,"[false, false, false]",230,2,1,Starfield Stage - 2
3424,2025-09-28T18:05:39.290331,9,700.0,322.0,-2.5621222661996037,False,True,True,False,3,1,0,34,0,4,967,730,"[false, false, false]",230,2,1,Starfield Stage - 2
3425,2025-09-28T18:05:39.298698,9,697.5,319.5,-2.544755854102845,False,True,True,False,3,1,0,34,0,4,971,722,"[false, false, false]",230,2,1,Starfield Stage - 2
3426,2025-09-28T18:05:39.308489,9,695.0,317.0,-2.5301924941232294,False,True,True,False,3,1,0,34,0,4,974,715,"[false, false, false]",230,2,1,Starfield Stage - 2
3427,2025-09-28T18:05:39.317520,9,692.5,314.5,-2.5163384429480526,False,True,True,False,3,1,0,34,0,4,978,710,"[false, false, false]",230,2,1,Starfield Stage - 2
3428,2025-09-28T18:05:39.326174,8,690.0,312.0,-2.5066522814430683,False,True,True,False,3,1,0,34,0,4,981,707,"[false, false, false]",230,2,1,Starfield Stage - 2
3429,2025-09-28T18:05:39.333217,8,687.5,309.5,-2.4982938510854744,False,True,True,False,4,1,0,34,0,4,984,705,"[true, false, false]",230,2,1,Starfield Stage - 2
3430,2025-09-28T18:05:39.341117,8,685.0,307.0,-2.4912752911002767,False,True,True,False,4,1,0,34,0,4,987,704,"[true, false, false]",230,2,1,Starfield Stage - 2
3431,2025-09-28T18:05:39.350348,9,682.5,304.5,-2.485957666484681,False,True,True,False,4,1,0,34,0,4,989,703,"[true, false, false]",230,2,1,Starfield Stage - 2
3432,2025-09-28T18:05:39.358457,8,680.0,302.0,-2.4819321316285117,False,True,True,False,4,1,0,34,0,4,991,703,"[true, false, false]",230,2,1,Starfield Stage - 2
3433,2025-09-28T18:05:39.366954,9,677.5,299.5,-2.47986184517068,False,True,True,False,3,1,0,34,0,4,991,702,"[true, false, false]",230,2,1,Starfield Stage - 2
3434,2025-09-28T18:05:39.376268,9,675.0,297.0,-2.4774799172993895,False,True,True,False,3,1,0,34,0,4,992,702,"[true, false, false]",230,2,1,Starfield Stage - 2
3435,2025-09-28T18:05:39.384927,8,672.5,294.5,-2.4766538404894094,False,True,True,False,3,1,0,34,0,4,992,702,"[true, false, false]",230,2,1,Starfield Stage - 2
3436,2025-09-28T18:05:39.393034,9,670.0,292.0,-2.4746523332185606,False,True,True,False,3,1,0,34,0,4,992,701,"[true, false, false]",230,2,1,Starfield Stage - 2
3437,2025-09-28T18:05:39.402049,9,667.5,289.5,-2.47242646151026,False,True,True,False,3,1,0,34,0,4,989,696,"[false, false, false]",230,2,1,Starfield Stage - 2
3438,2025-09-28T18:05:39.411300,9,665.0,287.0,-2.46897356328947,False,True,True,False,3,1,0,34,0,4,986,690,"[false, false, false]",230,2,1,Starfield Stage - 2
3439,2025-09-28T18:05:39.419727,8,665.0,284.5,-2.4708327039627656,True,True,True,False,3,2,0,34,0,4,982,684,"[false, false, false]",230,2,1,Starfield Stage - 2
3440,2025-09-28T18:05:39.428217,9,667.5,282.0,-2.474167894649955,True,False,True,False,3,2,0,34,0,4,978,676,"[false, false, false]",230,2,1,Starfield Stage - 2
3441,2025-09-28T18:05:39.435900,8,670.0,279.5,-2.4763646636516152,True,False,True,False,3,2,0,34,0,4,974,667,"[false, false, false]",230,2,1,Starfield Stage - 2
3442,2025-09-28T18:05:39.444554,8,672.5,277.0,-2.477369122904025,True,False,True,False,3,2,0,34,0,4,970,657,"[false, false, false]",230,2,1,Starfield Stage - 2
3443,2025-09-28T18:05:39.452232,8,675.0,274.5,-2.479715920053035,True,False,True,False,3,2,0,34,0,4,966,648,"[false, false, false]",230,2,1,Starfield Stage - 2
3444,2025-09-28T18:05:39.460507,9,677.5,272.0,-2.480455171809083,True,False,True,False,3,2,0,34,0,4,963,639,"[false, false, false]",230,2,1,Starfield Stage - 2
3445,2025-09-28T18:05:39.470011,9,680.0,272.0,-2.4801660491750757,True,False,False,False,3,2,0,34,0,4,961,633,"[false, false, false]",230,2,1,Starfield Stage - 2
3446,2025-09-28T18:05:39.479033,9,682.5,272.0,-2.4843421340637555,True,False,False,False,3,2,0,34,0,4,958,629,"[false, false, false]",230,2,1,Starfield Stage - 2
3447,2025-09-28T18:05:39.487970,9,685.0,272.0,-2.487805682153915,True,False,False,False,3,2,0,34,0,4,957,627,"[false, false, false]",230,2,1,Starfield Stage - 2
3448,2025-09-28T18:05:39.497007,9,687.5,272.0,-2.494485520309602,True,False,False,False,3,2,0,34,0,4,955,626,"[false, false, false]",230,2,1,Starfield Stage - 2
3449,2025-09-28T18:05:39.507581,10,690.0,272.0,-2.5008089294122855,True,False,False,False,4,2,0,34,0,4,954,626,"[true, false, false]",230,2,1,Starfield Stage - 2
3450,2025-09-28T18:05:39.516338,9,692.5,272.0,-2.505362491419304,True,False,False,False,4,2,0,34,0,4,954,626,"[true, false, false]",230,2,1,Starfield Stage - 2
3451,2025-09-28T18:05:39.524435,8,695.0,272.0,-2.5117893181693747,True,False,False,False,4,2,0,34,0,4,953,626,"[true, false, false]",230,2,1,Starfield Stage - 2
3452,2025-09-28T18:05:39.532658,8,697.5,272.0,-2.5182769193842165,True,False,False,False,4,2,0,34,0,4,952,626,"[true, false, false]",230,2,1,Starfield Stage - 2
3453,2025-09-28T18:05:39.541170,9,700.0,272.0,-2.52482560731979,True,False,False,False,4,2,0,34,0,4,951,626,"[true, false, false]",230,2,1,Starfield Stage - 2
3454,2025-09-28T18:05:39.548954,8,702.5,272.0,-2.5314356791818553,True,False,False,False,4,2,0,34,0,4,950,626,"[true, false, false]",230,2,1,Starfield Stage - 2
3455,2025-09-28T18:05:39.557921,9,705.0,272.0,-2.536194897578889,True,False,False,False,4,2,0,34,0,4,950,626,"[true, false, false]",230,2,1,Starfield Stage - 2
3456,2025-09-28T18:05:39.567405,9,707.5,272.0,-2.5442233989123086,True,False,False,False,4,2,0,34,0,4,949,627,"[true, false, false]",230,2,1,Starfield Stage - 2
3457,2025-09-28T18:05:39.575819,8,710.0,272.0,-2.549053464184476,True,False,False,False,4,2,0,34,0,4,949,627,"[false, false, false]",230,2,1,Starfield Stage - 2
3458,2025-09-28T18:05:39.584243,9,712.5,272.0,-2.5539151475600312,True,False,False,False,4,2,0,34,0,4,949,627,"[false, false, false]",230,2,1,Starfield Stage - 2
3459,2025-09-28T18:05:39.592295,8,715.0,272.0,-2.558808528437414,True,False,False,False,4,2,0,34,0,4,949,627,"[false, false, false]",230,2,1,Starfield Stage - 2
3460,2025-09-28T18:05:39.600443,8,717.5,272.0,-2.563733681181764,True,False,False,False,4,2,0,34,0,4,949,627,"[false, false, false]",230,2,1,Starfield Stage - 2
3461,2025-09-28T18:05:39.608282,8,720.0,272.0,-2.568690674961506,True,False,False,False,4,2,0,34,0,4,949,627,"[false, false, false]",230,2,1,Starfield Stage - 2
3462,2025-09-28T18:05:39.616600,8,722.5,272.0,-2.573679573583207,True,False,False,False,4,2,0,34,0,4,949,627,"[false, false, false]",230,2,1,Starfield Stage - 2
3463,2025-09-28T18:05:39.624899,9,725.0,272.0,-2.5819840022276455,True,False,False,False,4,2,0,35,0,4,948,628,"[false, false, false]",230,2,1,Starfield Stage - 2
3464,2025-09-28T18:05:39.634676,9,727.5,272.0,-2.59032847923269,True,False,False,False,3,2,0,35,0,4,947,629,"[false, false, false]",230,2,1,Starfield Stage - 2
3465,2025-09-28T18:05:39.643161,9,730.0,272.0,-2.5954260901560056,True,False,False,False,3,2,0,35,0,4,947,629,"[false, false, false]",230,2,1,Starfield Stage - 2
3466,2025-09-28T18:05:39.651337,8,732.5,272.0,-2.6005554881723096,True,False,False,False,3,2,0,35,0,4,947,629,"[false, false, false]",230,2,1,Starfield Stage - 2
3467,2025-09-28T18:05:39.659715,9,735.0,272.0,-2.6057166990878717,True,False,False,False,3,2,0,35,0,4,947,629,"[false, false, false]",230,2,1,Starfield Stage - 2
3468,2025-09-28T18:05:39.668153,8,737.5,272.0,-2.6109097422507146,True,False,False,False,3,2,0,35,0,4,947,629,"[false, false, false]",230,2,1,Starfield Stage - 2
3469,2025-09-28T18:05:39.713338,9,740.0,272.0,-2.616134630380873,True,False,False,False,1,1,0,35,0,4,947,629,"[false, false, false]",240,2,1,Starfield Stage - 2
3470,2025-09-28T18:05:39.714685,38,742.5,272.0,-2.6213913694002335,True,False,False,False,1,1,0,35,0,4,947,629,"[false, false, false]",240,2,1,Starfield Stage - 2
3471,2025-09-28T18:05:39.723969,9,745.0,274.5,-2.6236625290160145,True,False,False,True,1,1,0,35,0,4,947,629,"[false, false, false]",240,2,1,Starfield Stage - 2
3472,2025-09-28T18:05:39.732752,9,747.5,277.0,-2.625971969250315,True,False,False,True,1,1,0,35,0,4,947,629,"[false, false, false]",240,2,1,Starfield Stage - 2
3473,2025-09-28T18:05:39.741753,9,750.0,279.5,-2.628320640894482,True,False,False,True,1,1,0,35,0,4,947,629,"[false, false, false]",240,2,1,Starfield Stage - 2
3474,2025-09-28T18:05:39.751033,9,752.5,282.0,-2.630709525587196,True,False,False,True,1,1,0,35,0,4,947,629,"[false, false, false]",240,2,1,Starfield Stage - 2
3475,2025-09-28T18:05:39.759392,8,755.0,284.5,-2.6331396370348217,True,False,False,True,1,1,0,35,0,4,947,629,"[false, false, false]",240,2,1,Starfield Stage - 2
3476,2025-09-28T18:05:39.768501,9,757.5,287.0,-2.63561202228789,True,False,False,True,1,1,0,35,0,4,947,629,"[false, false, false]",240,2,1,Starfield Stage - 2
3477,2025-09-28T18:05:39.777163,9,760.0,289.5,-2.638127763076599,True,False,False,True,1,1,0,35,0,4,947,629,"[false, false, false]",240,2,1,Starfield Stage - 2
3478,2025-09-28T18:05:39.785872,8,762.5,292.0,-2.64297388519206,True,False,False,True,1,1,0,35,0,4,946,629,"[false, false, false]",240,2,1,Starfield Stage - 2
3479,2025-09-28T18:05:39.794673,9,765.0,294.5,-2.6502398712296835,True,False,False,True,1,1,0,35,0,4,944,629,"[false, false, false]",240,2,1,Starfield Stage - 2
3480,2025-09-28T18:05:39.803423,9,767.5,297.0,-2.66003651158846,True,False,False,True,1,1,0,35,0,4,941,629,"[false, false, false]",240,2,1,Starfield Stage - 2
3481,2025-09-28T18:05:39.811700,8,770.0,299.5,-2.667679704698697,True,False,False,True,1,1,0,35,0,4,939,629,"[false, false, false]",240,2,1,Starfield Stage - 2
3482,2025-09-28T18:05:39.819998,9,772.5,302.0,-2.680394519175696,True,False,False,True,1,1,0,35,0,4,935,629,"[false, false, false]",240,2,1,Starfield Stage - 2
3483,2025-09-28T18:05:39.829152,9,775.0,304.5,-2.6934717470612215,True,False,False,True,1,1,0,35,0,4,931,629,"[false, false, false]",240,2,1,Starfield Stage - 2
3484,2025-09-28T18:05:39.836919,8,777.5,307.0,-2.709480328079597,True,False,False,True,1,1,0,35,0,4,926,629,"[false, false, false]",240,2,1,Starfield Stage - 2
3485,2025-09-28T18:05:39.846127,9,780.0,309.5,-2.7286076880897614,True,False,False,True,1,1,0,35,0,4,920,629,"[false, false, false]",240,2,1,Starfield Stage - 2
3486,2025-09-28T18:05:39.855416,9,782.5,312.0,-2.748370511645507,True,False,False,True,1,1,0,35,0,4,914,629,"[false, false, false]",240,2,1,Starfield Stage - 2
3487,2025-09-28T18:05:39.864316,9,785.0,314.5,-2.7715455702557823,True,False,False,True,1,1,0,35,0,4,907,629,"[false, false, false]",240,2,1,Starfield Stage - 2
3488,2025-09-28T18:05:39.873174,9,787.5,317.0,-2.798365688098283,True,False,False,True,1,1,0,35,0,4,899,629,"[false, false, false]",240,2,1,Starfield Stage - 2
3489,2025-09-28T18:05:39.881120,8,790.0,319.5,-2.8261557598356286,True,False,False,True,1,1,0,35,0,4,891,629,"[false, false, false]",240,2,1,Starfield Stage - 2
3490,2025-09-28T18:05:39.889896,9,792.5,322.0,-2.874369865595265,True,False,False,True,1,1,0,35,0,4,876,627,"[false, false, false]",240,2,1,Starfield Stage - 2
3491,2025-09-28T18:05:39.898806,9,795.0,324.5,-2.8977849501150965,True,False,False,True,1,1,0,35,0,4,870,626,"[false, false, false]",240,2,1,Starfield Stage - 2
3492,2025-09-28T18:05:39.907508,8,797.5,327.0,-2.915651753603378,True,False,False,True,1,1,0,35,0,4,866,625,"[false, false, false]",240,2,1,Starfield Stage - 2
3493,2025-09-28T18:05:39.915581,8,800.0,329.5,-2.9276024570914783,True,False,False,True,1,1,0,35,0,4,864,624,"[false, false, false]",240,2,1,Starfield Stage - 2
3494,2025-09-28T18:05:39.923992,8,802.5,332.0,-2.9366089846814347,True,False,False,True,1,1,0,35,0,4,863,623,"[false, false, false]",240,2,1,Starfield Stage - 2
3495,2025-09-28T18:05:39.931836,9,805.0,334.5,-2.946531200871578,True,False,False,True,1,1,0,35,0,4,862,623,"[false, false, false]",240,2,1,Starfield Stage - 2
3496,2025-09-28T18:05:39.941369,9,807.5,337.0,-2.953290814094964,True,False,False,True,1,1,0,35,0,4,862,623,"[false, false, false]",240,2,1,Starfield Stage - 2
3497,2025-09-28T18:05:39.949648,8,810.0,339.5,-2.9595594904267757,True,False,False,True,1,1,0,35,0,4,862,622,"[false, false, false]",240,2,1,Starfield Stage - 2
3498,2025-09-28T18:05:39.958446,9,812.5,342.0,-2.9584174323858767,True,False,False,True,1,1,0,35,0,4,864,620,"[false, false, false]",240,2,1,Starfield Stage - 2
3499,2025-09-28T18:05:39.967390,9,815.0,344.5,-2.9445525860818518,True,False,False,True,1,1,0,35,0,4,869,615,"[false, false, false]",240,2,1,Starfield Stage - 2
3500,2025-09-28T18:05:39.976016,9,817.5,347.0,-2.916620415841065,True,False,False,True,1,1,0,35,0,4,877,607,"[false, false, false]",240,2,1,Starfield Stage - 2
3501,2025-09-28T18:05:39.986157,9,820.0,349.5,-2.8192079838691395,True,False,False,True,1,1,0,35,0,4,899,586,"[false, false, false]",240,2,1,Starfield Stage - 2
3502,2025-09-28T18:05:39.993685,8,822.5,352.0,-2.761471187928781,True,False,False,True,1,1,0,35,0,4,912,576,"[false, false, false]",240,2,1,Starfield Stage - 2
3503,2025-09-28T18:05:40.002303,9,825.0,354.5,-2.699721904540903,True,False,False,True,1,1,0,35,0,4,926,568,"[false, false, false]",240,2,1,Starfield Stage - 2
3504,2025-09-28T18:05:40.010727,8,827.5,357.0,-2.6338700594095403,True,False,False,True,1,1,0,35,0,4,941,561,"[false, false, false]",240,2,1,Starfield Stage - 2
3505,2025-09-28T18:05:40.019029,9,830.0,359.5,-2.567815527851596,True,False,False,True,1,1,0,35,0,4,957,556,"[false, false, false]",240,2,1,Starfield Stage - 2
3506,2025-09-28T18:05:40.028217,9,832.5,362.0,-2.5107758539152254,True,False,False,True,1,1,0,35,0,4,972,553,"[false, false, false]",240,2,1,Starfield Stage - 2
3507,2025-09-28T18:05:40.037104,9,835.0,364.5,-2.460381403731166,True,False,False,True,1,1,0,35,0,4,987,552,"[false, false, false]",240,2,1,Starfield Stage - 2
3508,2025-09-28T18:05:40.046732,9,837.5,367.0,-2.414782583959624,True,False,False,True,1,1,0,35,0,4,1002,552,"[false, false, false]",240,2,1,Starfield Stage - 2
3509,2025-09-28T18:05:40.055026,9,840.0,369.5,-2.3771704342263678,True,False,False,True,1,1,0,35,0,4,1015,552,"[false, false, false]",240,2,1,Starfield Stage - 2
3510,2025-09-28T18:05:40.064716,9,842.5,372.0,-2.320636361580887,True,False,False,True,1,1,0,35,0,4,1039,555,"[false, false, false]",240,2,1,Starfield Stage - 2
3511,2025-09-28T18:05:40.072826,9,845.0,374.5,-2.303066840480033,True,False,False,True,1,1,0,35,0,4,1048,557,"[false, false, false]",240,2,1,Starfield Stage - 2
3512,2025-09-28T18:05:40.081968,9,847.5,377.0,-2.288780875146875,True,False,False,True,1,1,0,35,0,4,1057,560,"[false, false, false]",240,2,1,Starfield Stage - 2
3513,2025-09-28T18:05:40.091969,9,850.0,379.5,-2.2769158552337228,True,False,False,True,1,1,0,35,0,4,1064,562,"[false, false, false]",240,2,1,Starfield Stage - 2
3514,2025-09-28T18:05:40.099757,9,852.5,382.0,-2.2671226234352884,True,False,False,True,1,1,0,35,0,4,1069,563,"[false, false, false]",240,2,1,Starfield Stage - 2
3515,2025-09-28T18:05:40.109853,9,855.0,384.5,-2.261897428759939,True,False,False,True,1,1,0,35,0,4,1072,564,"[false, false, false]",240,2,1,Starfield Stage - 2
3516,2025-09-28T18:05:40.117981,9,857.5,387.0,-2.261182821026611,True,False,False,True,1,1,0,35,0,4,1073,565,"[false, false, false]",240,2,1,Starfield Stage - 2
3517,2025-09-28T18:05:40.126971,9,860.0,389.5,-2.2576698565233086,True,False,False,True,1,1,0,35,0,4,1074,565,"[false, false, false]",240,2,1,Starfield Stage - 2
3518,2025-09-28T18:05:40.137093,10,862.5,392.0,-2.2563970878628314,True,False,False,True,1,1,0,35,0,4,1074,565,"[false, false, false]",240,2,1,Starfield Stage - 2
3519,2025-09-28T18:05:40.146073,9,865.0,394.5,-2.2550911184560465,True,False,False,True,1,1,0,35,0,4,1074,565,"[false, false, false]",240,2,1,Starfield Stage - 2
3520,2025-09-28T18:05:40.155251,9,867.5,397.0,-2.2537506366852207,True,False,False,True,1,1,0,35,0,4,1074,565,"[false, false, false]",240,2,1,Starfield Stage - 2
3521,2025-09-28T18:05:40.163305,8,870.0,399.5,-2.2523742611779842,True,False,False,True,1,1,0,35,0,4,1074,565,"[false, false, false]",240,2,1,Starfield Stage - 2
3522,2025-09-28T18:05:40.170850,8,872.5,402.0,-2.250960536125619,True,False,False,True,1,1,0,35,0,4,1074,565,"[false, false, false]",240,2,1,Starfield Stage - 2
3523,2025-09-28T18:05:40.180090,9,875.0,404.5,-2.249507926220673,True,False,False,True,1,1,0,35,0,4,1074,565,"[false, false, false]",240,2,1,Starfield Stage - 2
3524,2025-09-28T18:05:40.189076,9,877.5,407.0,-2.248014811177452,True,False,False,True,1,1,0,35,0,4,1074,565,"[false, false, false]",240,2,1,Starfield Stage - 2
3525,2025-09-28T18:05:40.198682,9,880.0,409.5,-2.2464794797949064,True,False,False,True,1,1,0,35,0,4,1074,565,"[false, false, false]",240,2,1,Starfield Stage - 2
3526,2025-09-28T18:05:40.207168,9,882.5,412.0,-2.2449001235168997,True,False,False,True,0,1,0,35,0,4,1074,565,"[false, false, false]",240,2,1,Starfield Stage - 2
3527,2025-09-28T18:05:40.215942,8,885.0,414.5,-2.243274829439742,True,False,False,True,0,1,0,35,0,4,1074,565,"[false, false, false]",240,2,1,Starfield Stage - 2
3528,2025-09-28T18:05:40.224162,9,887.5,417.0,-2.241601572711098,True,False,False,True,0,1,0,35,0,4,1074,565,"[false, false, false]",240,2,1,Starfield Stage - 2
3529,2025-09-28T18:05:40.232719,9,890.0,419.5,-2.2398782082578665,True,False,False,True,0,1,0,35,0,4,1074,565,"[false, false, false]",240,2,1,Starfield Stage - 2
3530,2025-09-28T18:05:40.241693,9,892.5,422.0,-2.238102461773251,True,False,False,True,0,1,0,35,0,4,1074,565,"[false, false, false]",240,2,1,Starfield Stage - 2
3531,2025-09-28T18:05:40.251137,9,895.0,424.5,-2.2362719198848438,True,False,False,True,0,1,0,35,0,4,1074,565,"[false, false, false]",240,2,1,Starfield Stage - 2
3532,2025-09-28T18:05:40.260098,9,897.5,427.0,-2.2343840194160633,True,False,False,True,0,1,0,35,0,4,1074,565,"[false, false, false]",240,2,1,Starfield Stage - 2
3533,2025-09-28T18:05:40.268839,9,900.0,429.5,-2.2324360356424298,True,False,False,True,0,1,0,35,0,4,1074,565,"[false, false, false]",240,2,1,Starfield Stage - 2
3534,2025-09-28T18:05:40.277874,9,902.5,432.0,-2.230425069431817,True,False,False,True,0,1,0,35,0,4,1074,565,"[false, false, false]",240,2,1,Starfield Stage - 2
3535,2025-09-28T18:05:40.288019,9,905.0,434.5,-2.2283480331437313,True,False,False,True,0,1,0,35,0,4,1074,565,"[false, false, false]",240,2,1,Starfield Stage - 2
3536,2025-09-28T18:05:40.296727,10,907.5,437.0,-2.226201635146491,True,False,False,True,0,1,0,35,0,4,1074,565,"[false, false, false]",240,2,1,Starfield Stage - 2
3537,2025-09-28T18:05:40.306045,9,910.0,439.5,-2.223982362792696,True,False,False,True,0,1,0,35,0,4,1074,565,"[false, false, false]",240,2,1,Starfield Stage - 2
3538,2025-09-28T18:05:40.315356,9,912.5,442.0,-2.2216864636720857,True,False,False,True,0,1,0,35,0,4,1074,565,"[false, false, false]",240,2,1,Starfield Stage - 2
3539,2025-09-28T18:05:40.325153,9,915.0,444.5,-2.219309924936399,True,False,False,True,0,1,0,35,0,4,1074,565,"[false, false, false]",240,2,1,Starfield Stage - 2
3540,2025-09-28T18:05:40.331970,8,917.5,447.0,-2.216848450462603,True,False,False,True,0,1,0,35,0,4,1074,565,"[false, false, false]",240,2,1,Starfield Stage - 2
3541,2025-09-28T18:05:40.341870,9,920.0,449.5,-2.214297435588181,True,False,False,True,0,1,0,35,0,4,1074,565,"[false, false, false]",240,2,1,Starfield Stage - 2
3542,2025-09-28T18:05:40.350359,9,922.5,452.0,-2.211651939114332,True,False,False,True,0,1,0,35,0,4,1074,565,"[false, false, false]",240,2,1,Starfield Stage - 2
3543,2025-09-28T18:05:40.358842,8,925.0,454.5,-2.208906652228974,True,False,False,True,0,1,0,35,0,4,1074,565,"[false, false, false]",240,2,1,Starfield Stage - 2
3544,2025-09-28T18:05:40.366894,9,927.5,457.0,-2.206055863950298,True,False,False,True,0,1,0,35,0,4,1074,565,"[false, false, false]",240,2,1,Starfield Stage - 2
3545,2025-09-28T18:05:40.377508,10,930.0,459.5,-2.203093422631904,True,False,False,True,0,1,0,35,0,4,1074,565,"[false, false, false]",240,2,1,Starfield Stage - 2
3546,2025-09-28T18:05:40.386965,9,932.5,462.0,-2.2000126930007844,True,False,False,True,0,1,0,35,0,4,1074,565,"[false, false, false]",240,2,1,Starfield Stage - 2
3547,2025-09-28T18:05:40.395722,9,935.0,464.5,-2.1968065081175316,True,False,False,True,0,1,0,35,0,4,1074,565,"[false, false, false]",240,2,1,Starfield Stage - 2
3548,2025-09-28T18:05:40.404060,8,937.5,467.0,-2.193467115551964,True,False,False,True,0,1,0,35,0,4,1074,565,"[false, false, false]",240,2,1,Starfield Stage - 2
3549,2025-09-28T18:05:40.411957,9,940.0,469.5,-2.189986116953965,True,False,False,True,0,1,0,35,0,4,1074,565,"[false, false, false]",240,2,1,Starfield Stage - 2
3550,2025-09-28T18:05:40.421146,9,942.5,472.0,-2.1863544000653414,True,False,False,True,0,1,0,35,0,4,1074,565,"[false, false, false]",240,2,1,Starfield Stage - 2
3551,2025-09-28T18:05:40.429450,8,945.0,474.5,-2.182562062059723,True,False,False,True,0,1,0,35,0,4,1074,565,"[false, false, false]",240,2,1,Starfield Stage - 2
3552,2025-09-28T18:05:40.437474,8,947.5,477.0,-2.178598322908857,True,False,False,True,0,1,0,35,0,4,1074,565,"[false, false, false]",240,2,1,Starfield Stage - 2
3553,2025-09-28T18:05:40.446665,9,950.0,479.5,-2.174451427248775,True,False,False,True,0,1,0,35,0,4,1074,565,"[false, false, false]",240,2,1,Starfield Stage - 2
3554,2025-09-28T18:05:40.455697,9,952.5,482.0,-2.1701085329505627,True,False,False,True,0,1,0,35,0,4,1074,565,"[false, false, false]",240,2,1,Starfield Stage - 2
3555,2025-09-28T18:05:40.464186,9,955.0,484.5,-2.1655555842782492,True,False,False,True,0,1,0,35,0,4,1074,565,"[false, false, false]",240,2,1,Starfield Stage - 2
3556,2025-09-28T18:05:40.472019,8,957.5,487.0,-2.1647690086670015,True,False,False,True,0,2,0,35,0,4,1073,565,"[false, false, false]",240,2,1,Starfield Stage - 2
3557,2025-09-28T18:05:40.480994,9,960.0,489.5,-2.1809005940307546,True,False,False,True,0,2,0,35,0,4,1068,565,"[false, false, false]",240,2,1,Starfield Stage - 2
3558,2025-09-28T18:05:40.489962,9,960.0,492.0,-2.1783192271862686,True,True,False,True,0,2,0,35,0,4,1065,565,"[false, false, false]",240,2,1,Starfield Stage - 2
3559,2025-09-28T18:05:40.498989,9,960.0,494.5,-2.18019206250414,True,True,False,True,0,2,0,35,0,4,1061,565,"[false, false, false]",240,2,1,Starfield Stage - 2
3560,2025-09-28T18:05:40.508073,9,960.0,497.0,-2.1774014353894233,True,True,False,True,0,2,0,35,0,4,1058,565,"[false, false, false]",240,2,1,Starfield Stage - 2
3561,2025-09-28T18:05:40.517135,9,960.0,499.5,-2.162396037130008,True,True,False,True,0,2,0,35,0,4,1056,564,"[false, false, false]",240,2,1,Starfield Stage - 2
3562,2025-09-28T18:05:40.526025,8,960.0,502.0,-2.1490192910334334,True,True,False,True,0,2,0,35,0,4,1055,564,"[false, false, false]",240,2,1,Starfield Stage - 2
3563,2025-09-28T18:05:40.534317,9,960.0,504.5,-2.130341268334138,True,True,False,True,0,2,0,35,0,4,1055,564,"[false, false, false]",240,2,1,Starfield Stage - 2
3564,2025-09-28T18:05:40.543658,9,960.0,507.0,-2.1158959801015738,True,True,False,True,0,2,0,35,0,4,1054,564,"[false, false, false]",240,2,1,Starfield Stage - 2
3565,2025-09-28T18:05:40.552136,9,960.0,509.5,-2.0962208973560523,True,True,False,True,0,2,0,35,0,4,1054,564,"[false, false, false]",240,2,1,Starfield Stage - 2
3566,2025-09-28T18:05:40.562016,9,960.0,512.0,-2.0760865148942913,True,True,False,True,0,2,0,35,0,4,1054,564,"[false, false, false]",240,2,1,Starfield Stage - 2
3567,2025-09-28T18:05:40.570021,9,960.0,514.5,-2.0554934579327493,True,True,False,True,0,2,0,35,0,4,1054,564,"[false, false, false]",240,2,1,Starfield Stage - 2
3568,2025-09-28T18:05:40.579336,9,960.0,517.0,-2.0344439357957027,True,True,False,True,0,2,0,35,0,4,1054,564,"[false, false, false]",240,2,1,Starfield Stage - 2
3569,2025-09-28T18:05:40.587215,8,960.0,519.5,-2.0170920982964016,True,True,False,True,0,2,0,35,0,4,1053,564,"[false, false, false]",240,2,1,Starfield Stage - 2
3570,2025-09-28T18:05:40.595280,8,960.0,519.5,-2.0167074366973905,True,True,False,False,0,2,0,35,0,4,1051,563,"[false, false, false]",240,2,1,Starfield Stage - 2
3571,2025-09-28T18:05:40.603560,8,960.0,519.5,-2.0252063232752118,True,True,False,False,0,2,0,35,0,4,1047,562,"[false, false, false]",240,2,1,Starfield Stage - 2
3572,2025-09-28T18:05:40.611769,9,960.0,519.5,-2.0295539992211595,True,True,False,False,0,2,0,35,0,4,1042,560,"[false, false, false]",240,2,1,Starfield Stage - 2
3573,2025-09-28T18:05:40.620878,9,960.0,519.5,-2.0450536172592377,True,True,False,False,0,2,0,35,0,4,1035,558,"[false, false, false]",240,2,1,Starfield Stage - 2
3574,2025-09-28T18:05:40.630204,9,960.0,519.5,-2.063421329647264,True,True,False,False,0,2,0,35,0,4,1028,556,"[false, false, false]",240,2,1,Starfield Stage - 2
3575,2025-09-28T18:05:40.638695,9,960.0,519.5,-2.0999239607191678,True,True,False,False,0,2,0,35,0,4,1019,554,"[false, false, false]",240,2,1,Starfield Stage - 2
3576,2025-09-28T18:05:40.648070,9,960.0,519.5,-2.2711289502237,True,True,False,False,0,2,0,35,0,4,995,549,"[false, false, false]",240,2,1,Starfield Stage - 2
3577,2025-09-28T18:05:40.656633,9,960.0,519.5,-2.5269297016676275,True,True,False,False,0,2,0,35,0,4,978,545,"[false, false, false]",240,2,1,Starfield Stage - 2
3578,2025-09-28T18:05:40.665833,9,960.0,519.5,-3.141592653589793,True,True,False,False,0,2,0,35,0,4,960,541,"[false, false, false]",240,2,1,Starfield Stage - 2
3579,2025-09-28T18:05:40.675175,9,957.5,519.5,2.32679120198834,False,True,False,False,0,2,0,35,0,4,940,536,"[false, false, false]",240,2,1,Starfield Stage - 2
3580,2025-09-28T18:05:40.683318,8,955.0,519.5,1.9049943710603998,False,True,False,False,0,2,0,35,0,4,919,532,"[false, false, false]",240,2,1,Starfield Stage - 2
3581,2025-09-28T18:05:40.690989,8,952.5,519.5,1.6853370235915779,False,True,False,False,0,2,0,35,0,4,896,526,"[false, false, false]",240,2,1,Starfield Stage - 2
3582,2025-09-28T18:05:40.700580,9,950.0,519.5,1.5900247258946039,False,True,False,False,0,2,0,35,0,4,872,521,"[false, false, false]",240,2,1,Starfield Stage - 2
3583,2025-09-28T18:05:40.709237,9,947.5,519.5,1.5161244953757465,False,True,False,False,0,2,0,35,0,4,847,514,"[false, false, false]",240,2,1,Starfield Stage - 2
3584,2025-09-28T18:05:40.717945,9,945.0,519.5,1.4768117381390145,False,True,False,False,0,2,0,35,0,4,823,508,"[false, false, false]",240,2,1,Starfield Stage - 2
3585,2025-09-28T18:05:40.726996,9,942.5,519.5,1.449444326224133,False,True,False,False,0,2,0,35,0,4,799,502,"[false, false, false]",240,2,1,Starfield Stage - 2
3586,2025-09-28T18:05:40.736553,9,940.0,519.5,1.4225027709441225,False,True,False,False,0,2,0,35,0,4,776,495,"[false, false, false]",240,2,1,Starfield Stage - 2
3587,2025-09-28T18:05:40.744973,8,937.5,519.5,1.396407253486906,False,True,False,False,0,2,0,35,0,4,736,484,"[false, false, false]",240,2,1,Starfield Stage - 2
3588,2025-09-28T18:05:40.753697,9,935.0,519.5,1.3862832172898214,False,True,False,False,0,2,0,35,0,4,718,479,"[false, false, false]",240,2,1,Starfield Stage - 2
3589,2025-09-28T18:05:40.762317,9,932.5,517.0,1.3863653270268856,False,True,True,False,0,2,0,35,0,4,702,474,"[false, false, false]",240,2,1,Starfield Stage - 2
3590,2025-09-28T18:05:40.769977,8,930.0,514.5,1.3849494370875792,False,True,True,False,0,2,0,35,0,4,688,469,"[false, false, false]",240,2,1,Starfield Stage - 2
3591,2025-09-28T18:05:40.779903,9,927.5,512.0,1.379119347383,False,True,True,False,0,2,0,35,0,4,675,463,"[false, false, false]",240,2,1,Starfield Stage - 2
3592,2025-09-28T18:05:40.788365,9,925.0,509.5,1.3686161144616575,False,True,True,False,0,2,0,35,0,4,664,456,"[false, false, false]",240,2,1,Starfield Stage - 2
3593,2025-09-28T18:05:40.797146,9,922.5,507.0,1.355272642811862,False,True,True,False,0,2,0,35,0,4,653,448,"[false, false, false]",240,2,1,Starfield Stage - 2
3594,2025-09-28T18:05:40.805601,8,920.0,504.5,1.3428156014186867,False,True,True,False,0,2,0,35,0,4,642,440,"[false, false, false]",240,2,1,Starfield Stage - 2
3595,2025-09-28T18:05:40.813808,9,917.5,502.0,1.3286841586833769,False,True,True,False,0,2,0,35,0,4,630,431,"[false, false, false]",240,2,1,Starfield Stage - 2
3596,2025-09-28T18:05:40.822854,9,915.0,499.5,1.314720219926392,False,True,True,False,0,2,0,35,0,4,619,422,"[false, false, false]",240,2,1,Starfield Stage - 2
3597,2025-09-28T18:05:40.832150,9,912.5,497.0,1.287912411509975,False,True,True,False,0,2,0,35,0,4,596,405,"[false, false, false]",240,2,1,Starfield Stage - 2
3598,2025-09-28T18:05:40.840560,8,910.0,494.5,1.2931277152449345,False,True,True,False,0,2,0,35,0,4,596,405,"[false, false, false]",240,2,1,Starfield Stage - 2
3599,2025-09-28T18:05:40.849032,9,907.5,492.0,1.271244209710806,False,True,True,False,0,2,0,35,0,4,574,389,"[false, false, false]",240,2,1,Starfield Stage - 2
3600,2025-09-28T18:05:40.858568,9,905.0,489.5,1.2627435457711202,False,True,True,False,0,2,0,35,0,4,564,381,"[false, false, false]",240,2,1,Starfield Stage - 2
3601,2025-09-28T18:05:40.867128,9,902.5,487.0,1.2564017626069113,False,True,True,False,0,2,0,35,0,4,555,374,"[false, false, false]",240,2,1,Starfield Stage - 2
3602,2025-09-28T18:05:40.877233,10,900.0,484.5,1.2494707617479335,False,True,True,False,0,2,0,35,0,4,547,367,"[false, false, false]",240,2,1,Starfield Stage - 2
3603,2025-09-28T18:05:40.885643,8,897.5,482.0,1.2452848206365805,False,True,True,False,0,2,0,35,0,4,539,361,"[false, false, false]",240,2,1,Starfield Stage - 2
3604,2025-09-28T18:05:40.894525,9,895.0,479.5,1.240393330723695,False,True,True,False,0,2,0,35,0,4,532,355,"[false, false, false]",240,2,1,Starfield Stage - 2
3605,2025-09-28T18:05:40.902385,8,892.5,477.0,1.2396621228984694,False,True,True,False,0,2,0,35,0,4,526,351,"[false, false, false]",240,2,1,Starfield Stage - 2
3606,2025-09-28T18:05:40.910229,8,890.0,474.5,1.2381106068288716,False,True,True,False,0,2,0,35,0,4,521,347,"[false, false, false]",240,2,1,Starfield Stage - 2
3607,2025-09-28T18:05:40.918756,8,887.5,472.0,1.2357454684489941,False,True,True,False,0,2,0,35,0,4,517,343,"[false, false, false]",240,2,1,Starfield Stage - 2
3608,2025-09-28T18:05:40.927330,9,885.0,469.5,1.2301649307280746,False,True,True,False,0,2,0,35,0,4,514,338,"[false, false, false]",240,2,1,Starfield Stage - 2
3609,2025-09-28T18:05:40.935492,8,882.5,467.0,1.2254784226834916,False,True,True,False,0,2,0,35,0,4,510,333,"[false, false, false]",240,2,1,Starfield Stage - 2
3610,2025-09-28T18:05:40.943558,8,880.0,464.5,1.219351532791345,False,True,True,False,0,2,0,35,0,4,505,327,"[false, false, false]",240,2,1,Starfield Stage - 2
3611,2025-09-28T18:05:40.951895,9,877.5,462.0,1.2147937147226124,False,True,True,False,0,2,0,35,0,4,501,322,"[false, false, false]",240,2,1,Starfield Stage - 2
3612,2025-09-28T18:05:40.961203,9,875.0,459.5,1.2040588311983966,False,True,True,False,0,2,0,35,0,4,491,312,"[false, false, false]",240,2,1,Starfield Stage - 2
3613,2025-09-28T18:05:40.969395,8,872.5,457.0,1.2019721861278037,False,True,True,False,0,2,0,35,0,4,487,308,"[false, false, false]",240,2,1,Starfield Stage - 2
3614,2025-09-28T18:05:40.977549,8,870.0,454.5,1.2021515240627074,False,True,True,False,0,2,0,35,0,4,483,305,"[false, false, false]",240,2,1,Starfield Stage - 2
3615,2025-09-28T18:05:40.986190,9,867.5,452.0,1.2023295017137805,False,True,True,False,0,2,0,35,0,4,479,302,"[false, false, false]",240,2,1,Starfield Stage - 2
3616,2025-09-28T18:05:40.994634,8,865.0,449.5,1.2047398109474783,False,True,True,False,0,2,0,35,0,4,475,300,"[false, false, false]",240,2,1,Starfield Stage - 2
3617,2025-09-28T18:05:41.003752,9,862.5,447.0,1.2076717514518485,False,True,True,False,0,2,0,36,0,4,473,299,"[false, false, false]",240,2,1,Starfield Stage - 2
3618,2025-09-28T18:05:41.012199,9,860.0,444.5,1.212305964856156,False,True,True,False,0,2,0,36,0,4,469,298,"[false, false, false]",240,2,1,Starfield Stage - 2
3619,2025-09-28T18:05:41.020130,8,857.5,442.0,1.2152568900103142,False,True,True,False,0,2,0,36,0,4,467,297,"[false, false, false]",240,2,1,Starfield Stage - 2
3620,2025-09-28T18:05:41.028643,9,855.0,439.5,1.219876329384468,False,True,True,False,0,2,0,36,0,4,463,296,"[false, false, false]",240,2,1,Starfield Stage - 2
3621,2025-09-28T18:05:41.038691,9,852.5,437.0,1.2267263616510997,False,True,True,False,0,2,0,36,0,4,459,296,"[false, false, false]",240,2,1,Starfield Stage - 2
3622,2025-09-28T18:05:41.047675,9,850.0,434.5,1.231305089462108,False,True,True,False,0,2,0,36,0,4,455,295,"[false, false, false]",240,2,1,Starfield Stage - 2
3623,2025-09-28T18:05:41.057192,9,847.5,432.0,1.250901057839142,False,True,True,False,0,2,0,36,0,4,443,298,"[false, false, false]",240,2,1,Starfield Stage - 2
3624,2025-09-28T18:05:41.064958,8,845.0,429.5,1.264976251250748,False,True,True,False,0,2,0,36,0,4,438,301,"[false, false, false]",240,2,1,Starfield Stage - 2
3625,2025-09-28T18:05:41.073432,9,842.5,427.0,1.2870488767877293,False,True,True,False,0,2,0,36,0,4,431,307,"[false, false, false]",240,2,1,Starfield Stage - 2
3626,2025-09-28T18:05:41.081305,8,840.0,424.5,1.3111666973866392,False,True,True,False,0,2,0,36,0,4,424,314,"[false, false, false]",240,2,1,Starfield Stage - 2
3627,2025-09-28T18:05:41.090280,9,837.5,422.0,1.3356102997087265,False,True,True,False,1,2,0,36,0,4,416,321,"[true, false, false]",240,2,1,Starfield Stage - 2
3628,2025-09-28T18:05:41.099203,9,835.0,419.5,1.3646546342780383,False,True,True,False,1,2,0,36,0,4,407,330,"[true, false, false]",240,2,1,Starfield Stage - 2
3629,2025-09-28T18:05:41.107443,8,832.5,417.0,1.390536859299155,False,True,True,False,1,2,0,36,0,4,399,338,"[true, false, false]",240,2,1,Starfield Stage - 2
3630,2025-09-28T18:05:41.115890,8,830.0,414.5,1.4115636461775094,False,True,True,False,1,2,0,36,0,4,391,344,"[true, false, false]",240,2,1,Starfield Stage - 2
3631,2025-09-28T18:05:41.124445,9,827.5,412.0,1.4296885380094801,False,True,True,False,1,2,0,36,0,4,384,349,"[false, false, false]",240,2,1,Starfield Stage - 2
3632,2025-09-28T18:05:41.132338,8,825.0,409.5,1.442579815101867,False,True,True,False,1,2,0,36,0,4,379,352,"[false, false, false]",240,2,1,Starfield Stage - 2
3633,2025-09-28T18:05:41.139835,8,822.5,407.0,1.4531701513189035,False,True,True,False,1,2,0,36,0,4,374,354,"[false, false, false]",240,2,1,Starfield Stage - 2
3634,2025-09-28T18:05:41.149252,9,820.0,404.5,1.459287420707085,False,True,True,False,1,2,0,36,0,4,369,354,"[false, false, false]",240,2,1,Starfield Stage - 2
3635,2025-09-28T18:05:41.156995,8,817.5,402.0,1.4673000464521826,False,True,True,False,1,2,0,36,0,4,365,355,"[false, false, false]",240,2,1,Starfield Stage - 2
3636,2025-09-28T18:05:41.165355,8,815.0,399.5,1.4728764975290731,False,True,True,False,1,2,0,36,0,4,362,355,"[false, false, false]",240,2,1,Starfield Stage - 2
3637,2025-09-28T18:05:41.173465,8,812.5,397.0,1.4784467483287362,False,True,True,False,1,2,0,36,0,4,359,355,"[false, false, false]",240,2,1,Starfield Stage - 2
3638,2025-09-28T18:05:41.180966,8,810.0,394.5,1.4840104641193275,False,True,True,False,1,2,0,36,0,4,356,355,"[false, false, false]",240,2,1,Starfield Stage - 2
3639,2025-09-28T18:05:41.189497,8,807.5,392.0,1.487198890558542,False,True,True,False,1,2,0,36,0,4,354,354,"[false, false, false]",240,2,1,Starfield Stage - 2
3640,2025-09-28T18:05:41.197636,8,805.0,389.5,1.4925897162799822,False,True,True,False,1,2,0,36,0,4,352,354,"[false, false, false]",240,2,1,Starfield Stage - 2
3641,2025-09-28T18:05:41.205372,8,802.5,387.0,1.4937715057606782,False,True,True,False,1,2,0,36,0,4,349,352,"[false, false, false]",240,2,1,Starfield Stage - 2
3642,2025-09-28T18:05:41.213632,8,800.0,384.5,1.497141264788552,False,True,True,False,1,2,0,36,0,4,346,351,"[false, false, false]",240,2,1,Starfield Stage - 2
3643,2025-09-28T18:05:41.221358,8,797.5,382.0,1.4962912438329186,False,True,True,False,1,2,0,36,0,4,342,348,"[false, false, false]",240,2,1,Starfield Stage - 2
3644,2025-09-28T18:05:41.229759,9,795.0,379.5,1.4979407558076987,False,True,True,False,1,2,0,36,0,4,336,346,"[false, false, false]",240,2,1,Starfield Stage - 2
3645,2025-09-28T18:05:41.239037,9,792.5,377.0,1.4974148136700072,False,True,True,False,1,2,0,36,0,4,330,343,"[false, false, false]",240,2,1,Starfield Stage - 2
3646,2025-09-28T18:05:41.248514,9,790.0,374.5,1.4899204913970423,False,True,True,False,1,2,0,36,0,4,315,336,"[false, false, false]",240,2,1,Starfield Stage - 2
3647,2025-09-28T18:05:41.257174,9,787.5,372.0,1.4877412127154055,False,True,True,False,1,2,0,36,0,4,307,332,"[false, false, false]",240,2,1,Starfield Stage - 2
3648,2025-09-28T18:05:41.266139,9,785.0,369.5,1.4874844610031546,False,True,True,False,2,2,0,36,0,4,300,329,"[true, false, false]",240,2,1,Starfield Stage - 2
3649,2025-09-28T18:05:41.275671,9,782.5,367.0,1.4868912179543694,False,True,True,False,2,2,0,36,0,4,295,326,"[true, false, false]",240,2,1,Starfield Stage - 2
3650,2025-09-28T18:05:41.284104,9,780.0,364.5,1.4881628379448233,False,True,True,False,2,2,0,36,0,4,291,324,"[true, false, false]",240,2,1,Starfield Stage - 2
3651,2025-09-28T18:05:41.294099,9,777.5,362.0,1.4872324406628143,False,True,True,False,2,2,0,36,0,4,288,321,"[true, false, false]",240,2,1,Starfield Stage - 2
3652,2025-09-28T18:05:41.302507,9,775.0,359.5,1.4883307134169506,False,True,True,False,2,2,0,36,0,4,285,319,"[true, false, false]",240,2,1,Starfield Stage - 2
3653,2025-09-28T18:05:41.310998,8,772.5,357.0,1.4872324406628143,False,True,True,False,2,2,0,36,0,4,283,316,"[true, false, false]",240,2,1,Starfield Stage - 2
3654,2025-09-28T18:05:41.319345,9,770.0,354.5,1.4842781554425226,False,True,True,False,2,2,0,36,0,4,280,312,"[true, false, false]",240,2,1,Starfield Stage - 2
3655,2025-09-28T18:05:41.328465,9,767.5,352.0,1.4669829345926673,False,True,True,False,2,2,0,36,0,4,278,301,"[false, false, false]",240,2,1,Starfield Stage - 2
3656,2025-09-28T18:05:41.337393,9,765.0,349.5,1.4575533890677486,False,True,True,False,2,2,0,36,0,4,277,294,"[false, false, false]",240,2,1,Starfield Stage - 2
3657,2025-09-28T18:05:41.345778,9,762.5,347.0,1.4458076187714965,False,True,True,False,2,2,0,36,0,4,277,286,"[false, false, false]",240,2,1,Starfield Stage - 2
3658,2025-09-28T18:05:41.355651,9,760.0,344.5,1.4380413770884979,False,True,True,False,2,2,0,36,0,4,277,280,"[false, false, false]",240,2,1,Starfield Stage - 2
3659,2025-09-28T18:05:41.363901,9,757.5,342.0,1.4299213188490256,False,True,True,False,2,2,0,36,0,4,278,274,"[false, false, false]",240,2,1,Starfield Stage - 2
3660,2025-09-28T18:05:41.373791,9,755.0,339.5,1.42170092436267,False,True,True,False,2,2,0,36,0,4,279,268,"[false, false, false]",240,2,1,Starfield Stage - 2
3661,2025-09-28T18:05:41.381970,9,752.5,337.0,1.415444517100209,False,True,True,False,2,2,0,36,0,4,280,263,"[false, false, false]",240,2,1,Starfield Stage - 2
3662,2025-09-28T18:05:41.391584,9,750.0,334.5,1.406687330170103,False,True,True,False,2,2,0,36,0,4,282,257,"[false, false, false]",240,2,1,Starfield Stage - 2
3663,2025-09-28T18:05:41.400233,9,747.5,332.0,1.3911331038529429,False,True,True,False,2,2,0,36,0,4,285,248,"[false, false, false]",240,2,1,Starfield Stage - 2
3664,2025-09-28T18:05:41.408382,8,745.0,329.5,1.3883501690896953,False,True,True,False,2,2,0,36,0,4,287,245,"[false, false, false]",240,2,1,Starfield Stage - 2
3665,2025-09-28T18:05:41.416909,9,742.5,327.0,1.3880400775355186,False,True,True,False,2,2,0,36,0,4,288,243,"[false, false, false]",240,2,1,Starfield Stage - 2
3666,2025-09-28T18:05:41.425788,9,740.0,324.5,1.3898698660407751,False,True,True,False,2,2,0,36,0,4,289,242,"[false, false, false]",240,2,1,Starfield Stage - 2
3667,2025-09-28T18:05:41.434878,8,737.5,322.0,1.393894121926032,False,True,True,False,3,2,0,36,0,4,290,242,"[true, false, false]",240,2,1,Starfield Stage - 2
3668,2025-09-28T18:05:41.442906,9,735.0,319.5,1.3983684330919517,False,True,True,False,3,2,0,36,0,4,290,242,"[true, false, false]",240,2,1,Starfield Stage - 2
3669,2025-09-28T18:05:41.452556,9,732.5,317.0,1.402900403544522,False,True,True,False,3,2,0,36,0,4,290,242,"[true, false, false]",240,2,1,Starfield Stage - 2
3670,2025-09-28T18:05:41.460653,8,730.0,314.5,1.4074909652648693,False,True,True,False,3,2,0,36,0,4,290,242,"[true, false, false]",240,2,1,Starfield Stage - 2
3671,2025-09-28T18:05:41.468930,9,727.5,312.0,1.4121410646084953,False,True,True,False,3,2,0,36,0,4,290,242,"[true, false, false]",240,2,1,Starfield Stage - 2
3672,2025-09-28T18:05:41.478428,9,725.0,309.5,1.4168516623365468,False,True,True,False,3,2,0,36,0,4,290,242,"[true, false, false]",240,2,1,Starfield Stage - 2
3673,2025-09-28T18:05:41.487017,9,722.5,307.0,1.4216237336304614,False,True,True,False,3,2,0,36,0,4,290,242,"[true, false, false]",240,2,1,Starfield Stage - 2
3674,2025-09-28T18:05:41.495988,9,720.0,304.5,1.42645826808862,False,True,True,False,3,2,0,36,0,4,290,242,"[true, false, false]",240,2,1,Starfield Stage - 2
3675,2025-09-28T18:05:41.505334,9,717.5,302.0,1.4379376456174568,False,True,True,False,3,2,0,36,0,4,291,245,"[false, false, false]",240,2,1,Starfield Stage - 2
3676,2025-09-28T18:05:41.513202,8,715.0,299.5,1.4519733765565783,False,True,True,False,3,2,0,36,0,4,292,249,"[false, false, false]",240,2,1,Starfield Stage - 2
3677,2025-09-28T18:05:41.521572,8,712.5,297.0,1.4634264047593493,False,True,True,False,3,2,0,36,0,4,295,252,"[false, false, false]",240,2,1,Starfield Stage - 2
3678,2025-09-28T18:05:41.529971,9,710.0,294.5,1.47784461778548,False,True,True,False,3,3,0,36,0,4,297,256,"[false, false, false]",240,2,1,Starfield Stage - 2
3679,2025-09-28T18:05:41.538996,9,707.5,292.0,1.4875535514462033,False,True,True,False,3,3,0,36,0,4,300,258,"[false, false, false]",240,2,1,Starfield Stage - 2
3680,2025-09-28T18:05:41.547771,9,705.0,289.5,1.4973625251770093,False,True,True,False,3,3,0,36,0,4,304,260,"[false, false, false]",240,2,1,Starfield Stage - 2
3681,2025-09-28T18:05:41.556878,9,702.5,287.0,1.504818531509142,False,True,True,False,3,3,0,36,0,4,309,261,"[false, false, false]",240,2,1,Starfield Stage - 2
3682,2025-09-28T18:05:41.566841,10,700.0,284.5,1.5150101138681302,False,True,True,False,3,3,0,36,0,4,315,263,"[false, false, false]",240,2,1,Starfield Stage - 2
3683,2025-09-28T18:05:41.614473,10,697.5,282.0,1.5330275212679934,False,True,True,False,2,2,0,36,0,4,327,268,"[false, false, false]",260,2,1,Starfield Stage - 2
3684,2025-09-28T18:05:41.616473,39,695.0,279.5,1.555038318919134,False,True,True,False,2,2,0,36,0,4,346,274,"[false, false, false]",260,2,1,Starfield Stage - 2
3685,2025-09-28T18:05:41.625449,9,692.5,277.0,1.5650076794403631,False,True,True,False,2,2,0,36,0,4,347,275,"[false, false, false]",260,2,1,Starfield Stage - 2
3686,2025-09-28T18:05:41.633354,8,690.0,274.5,1.5781061381166999,False,True,True,False,2,2,0,37,0,4,348,277,"[false, false, false]",260,2,1,Starfield Stage - 2
3687,2025-09-28T18:05:41.641725,9,687.5,272.0,1.5914728480011975,False,True,True,False,2,2,0,37,0,4,349,279,"[false, false, false]",260,2,1,Starfield Stage - 2
3688,2025-09-28T18:05:41.650784,9,685.0,269.5,1.61107304097022,False,True,True,False,2,2,0,37,0,4,350,283,"[false, false, false]",260,2,1,Starfield Stage - 2
3689,2025-09-28T18:05:41.660072,9,682.5,267.0,1.6278771092011612,False,True,True,False,3,2,0,37,0,4,350,286,"[true, false, false]",260,2,1,Starfield Stage - 2
3690,2025-09-28T18:05:41.669487,9,680.0,264.5,1.648149275523976,False,True,True,False,3,2,0,37,0,4,351,290,"[true, false, false]",260,2,1,Starfield Stage - 2
3691,2025-09-28T18:05:41.678419,9,677.5,262.0,1.6684934926076587,False,True,True,False,3,2,0,37,0,4,351,294,"[true, false, false]",260,2,1,Starfield Stage - 2
3692,2025-09-28T18:05:41.687035,8,675.0,259.5,1.6863779435514255,False,True,True,False,3,2,0,37,0,4,352,297,"[false, false, false]",260,2,1,Starfield Stage - 2
3693,2025-09-28T18:05:41.695850,9,672.5,257.0,1.704165269760646,False,True,True,False,3,2,0,37,0,4,352,300,"[false, false, false]",260,2,1,Starfield Stage - 2
3694,2025-09-28T18:05:41.704219,9,670.0,254.5,1.7323506679553258,False,True,True,False,3,2,0,37,0,4,354,306,"[false, false, false]",260,2,1,Starfield Stage - 2
3695,2025-09-28T18:05:41.713517,9,667.5,252.0,1.750649826587375,False,True,True,False,3,2,0,37,0,4,354,309,"[false, false, false]",260,2,1,Starfield Stage - 2
3696,2025-09-28T18:05:41.721429,8,665.0,249.5,1.7691192434113954,False,True,True,False,3,2,0,37,0,4,354,312,"[false, false, false]",260,2,1,Starfield Stage - 2
3697,2025-09-28T18:05:41.729582,8,662.5,247.0,1.7915303187783436,False,True,True,False,3,2,0,37,0,4,355,316,"[false, false, false]",260,2,1,Starfield Stage - 2
3698,2025-09-28T18:05:41.737887,9,660.0,244.5,1.8080202015980773,False,True,True,False,3,2,0,37,0,4,356,318,"[false, false, false]",260,2,1,Starfield Stage - 2
3699,2025-09-28T18:05:41.747005,8,657.5,242.0,1.8286951793247868,False,True,True,False,3,2,0,37,0,4,358,321,"[false, false, false]",260,2,1,Starfield Stage - 2
3700,2025-09-28T18:05:41.756272,9,655.0,239.5,1.845746288636631,False,True,True,False,3,2,0,37,0,4,359,323,"[false, false, false]",260,2,1,Starfield Stage - 2
3701,2025-09-28T18:05:41.763977,9,652.5,237.0,1.8661691413552237,False,True,True,False,3,2,0,37,0,4,360,326,"[false, false, false]",260,2,1,Starfield Stage - 2
3702,2025-09-28T18:05:41.773600,9,650.0,234.5,1.8868267147717308,False,True,True,False,3,2,0,37,0,4,361,329,"[false, false, false]",260,2,1,Starfield Stage - 2
3703,2025-09-28T18:05:41.782572,9,647.5,232.0,1.9066157809158941,False,True,True,False,3,2,0,37,0,4,361,332,"[false, false, false]",260,2,1,Starfield Stage - 2
3704,2025-09-28T18:05:41.791103,8,645.0,229.5,1.9233787179084196,False,True,True,False,3,2,0,37,0,4,361,334,"[false, false, false]",260,2,1,Starfield Stage - 2
3705,2025-09-28T18:05:41.799232,9,642.5,227.0,1.9390371430179345,False,True,True,False,3,2,0,37,0,4,360,336,"[false, false, false]",260,2,1,Starfield Stage - 2
3706,2025-09-28T18:05:41.808473,9,640.0,227.0,1.949480105682392,False,True,False,False,3,2,0,37,0,4,356,340,"[false, false, false]",260,2,1,Starfield Stage - 2
3707,2025-09-28T18:05:41.817146,9,637.5,227.0,1.9549335502817764,False,True,False,False,3,2,0,37,0,4,353,342,"[false, false, false]",260,2,1,Starfield Stage - 2
3708,2025-09-28T18:05:41.827172,10,635.0,227.0,1.9603440488549289,False,True,False,False,3,2,0,37,0,4,350,344,"[false, false, false]",260,2,1,Starfield Stage - 2
3709,2025-09-28T18:05:41.835243,8,632.5,227.0,1.9644716522639354,False,True,False,False,3,2,0,37,0,4,346,346,"[false, false, false]",260,2,1,Starfield Stage - 2
3710,2025-09-28T18:05:41.843701,9,630.0,227.0,1.9697859893717216,False,True,False,False,3,2,0,37,0,4,343,348,"[false, false, false]",260,2,1,Starfield Stage - 2
3711,2025-09-28T18:05:41.853478,9,627.5,227.0,1.9750582580299523,False,True,False,False,3,2,0,37,0,4,340,350,"[false, false, false]",260,2,1,Starfield Stage - 2
3712,2025-09-28T18:05:41.861172,8,625.0,227.0,1.980288666151735,False,True,False,False,3,2,0,37,0,4,337,352,"[false, false, false]",260,2,1,Starfield Stage - 2
3713,2025-09-28T18:05:41.908499,8,622.5,227.0,1.9842029644039825,False,True,False,False,2,1,0,37,0,4,333,354,"[false, false, false]",270,2,1,Starfield Stage - 2
3714,2025-09-28T18:05:41.910225,41,620.0,227.0,1.988092438818924,False,True,False,False,2,1,0,37,0,4,320,360,"[false, false, false]",270,2,1,Starfield Stage - 2
3715,2025-09-28T18:05:41.918403,8,617.5,227.0,1.9887108190486416,False,True,False,False,2,1,0,37,0,4,318,360,"[false, false, false]",270,2,1,Starfield Stage - 2
3716,2025-09-28T18:05:41.926754,9,615.0,227.0,1.988092438818924,False,True,False,False,2,1,0,37,0,4,315,360,"[false, false, false]",270,2,1,Starfield Stage - 2
3717,2025-09-28T18:05:41.936304,9,612.5,227.0,1.9887108190486416,False,True,False,False,2,1,0,37,0,4,313,360,"[false, false, false]",270,2,1,Starfield Stage - 2
3718,2025-09-28T18:05:41.944583,8,610.0,227.0,1.9868608325187194,False,True,False,False,2,1,0,37,0,4,309,360,"[false, false, false]",270,2,1,Starfield Stage - 2
3719,2025-09-28T18:05:41.953117,9,607.5,227.0,1.9874757788761324,False,True,False,False,2,1,0,37,0,4,307,360,"[false, false, false]",270,2,1,Starfield Stage - 2
3720,2025-09-28T18:05:41.962525,9,605.0,227.0,1.9853032013796825,False,True,False,False,2,1,0,37,0,4,305,359,"[false, false, false]",270,2,1,Starfield Stage - 2
3721,2025-09-28T18:05:41.971319,9,602.5,229.5,1.9773042732890174,False,True,False,True,2,1,0,37,0,4,304,358,"[false, false, false]",270,2,1,Starfield Stage - 2
3722,2025-09-28T18:05:41.980911,9,600.0,232.0,1.9646275235833557,False,True,False,True,2,1,0,37,0,4,304,355,"[false, false, false]",270,2,1,Starfield Stage - 2
3723,2025-09-28T18:05:41.988834,9,597.5,234.5,1.9404622261383897,False,True,False,True,2,1,0,37,0,4,302,349,"[false, false, false]",270,2,1,Starfield Stage - 2
3724,2025-09-28T18:05:41.998629,9,595.0,237.0,1.9138202672156,False,True,False,True,2,1,0,37,0,4,301,342,"[false, false, false]",270,2,1,Starfield Stage - 2
3725,2025-09-28T18:05:42.007160,9,592.5,239.5,1.8822908305498718,False,True,False,True,2,1,0,37,0,4,299,334,"[false, false, false]",270,2,1,Starfield Stage - 2
3726,2025-09-28T18:05:42.016147,8,590.0,242.0,1.843678431578701,False,True,False,True,2,1,0,37,0,4,297,324,"[false, false, false]",270,2,1,Starfield Stage - 2
3727,2025-09-28T18:05:42.023159,8,587.5,244.5,1.8008386764485804,False,True,False,True,2,1,0,37,0,4,295,313,"[false, false, false]",270,2,1,Starfield Stage - 2
3728,2025-09-28T18:05:42.031365,8,585.0,247.0,1.7629356932634717,False,True,False,True,2,1,0,37,0,4,292,304,"[false, false, false]",270,2,1,Starfield Stage - 2
3729,2025-09-28T18:05:42.040121,9,582.5,249.5,1.7284513892748232,False,True,False,True,2,1,0,37,0,4,290,296,"[false, false, false]",270,2,1,Starfield Stage - 2
3730,2025-09-28T18:05:42.049547,9,580.0,252.0,1.6896868948571704,False,True,False,True,2,1,0,37,0,4,287,287,"[false, false, false]",270,2,1,Starfield Stage - 2
3731,2025-09-28T18:05:42.057616,8,577.5,254.5,1.6754044724127077,False,True,False,True,2,1,0,37,0,4,287,285,"[false, false, false]",270,2,1,Starfield Stage - 2
3732,2025-09-28T18:05:42.066388,9,575.0,257.0,1.663951530089129,False,True,False,True,2,1,0,37,0,4,286,284,"[false, false, false]",270,2,1,Starfield Stage - 2
3733,2025-09-28T18:05:42.074231,8,572.5,259.5,1.6561036202776884,False,True,False,True,3,1,0,37,0,4,286,284,"[true, false, false]",270,2,1,Starfield Stage - 2
3734,2025-09-28T18:05:42.082378,8,570.0,262.0,1.6481067209743883,False,True,False,True,3,1,0,37,0,4,286,284,"[true, false, false]",270,2,1,Starfield Stage - 2
3735,2025-09-28T18:05:42.090166,8,567.5,264.5,1.6399576012129895,False,True,False,True,3,1,0,37,0,4,286,284,"[true, false, false]",270,2,1,Starfield Stage - 2
3736,2025-09-28T18:05:42.098075,8,565.0,267.0,1.6352231662204502,False,True,False,True,3,1,0,37,0,4,286,285,"[true, false, false]",270,2,1,Starfield Stage - 2
3737,2025-09-28T18:05:42.107484,9,562.5,269.5,1.6376045289722552,False,True,False,True,3,1,0,37,0,4,286,288,"[true, false, false]",270,2,1,Starfield Stage - 2
3738,2025-09-28T18:05:42.115649,8,560.0,272.0,1.6436598069218964,False,True,False,True,3,1,0,37,0,4,286,292,"[true, false, false]",270,2,1,Starfield Stage - 2
3739,2025-09-28T18:05:42.124070,9,557.5,274.5,1.6498211007640216,False,True,False,True,3,1,0,37,0,4,286,296,"[true, false, false]",270,2,1,Starfield Stage - 2
3740,2025-09-28T18:05:42.133123,9,555.0,277.0,1.6560907389916217,False,True,False,True,3,1,0,37,0,4,286,300,"[true, false, false]",270,2,1,Starfield Stage - 2
3741,2025-09-28T18:05:42.142555,9,552.5,279.5,1.6624710986269033,False,True,False,True,3,1,0,37,0,4,286,304,"[true, false, false]",270,2,1,Starfield Stage - 2
3742,2025-09-28T18:05:42.151066,9,550.0,282.0,1.6614562139956417,False,True,False,True,3,1,0,37,0,4,286,306,"[false, false, false]",270,2,1,Starfield Stage - 2
3743,2025-09-28T18:05:42.160134,9,547.5,284.5,1.6717899832428098,False,True,False,True,3,1,0,37,0,4,286,311,"[false, false, false]",270,2,1,Starfield Stage - 2
3744,2025-09-28T18:05:42.168872,9,545.0,287.0,1.6708472422643812,False,True,False,True,3,1,0,37,0,4,286,313,"[false, false, false]",270,2,1,Starfield Stage - 2
3745,2025-09-28T18:05:42.178087,9,542.5,289.5,1.6737449212188868,False,True,False,True,3,1,0,37,0,4,286,316,"[false, false, false]",270,2,1,Starfield Stage - 2
3746,2025-09-28T18:05:42.187156,9,540.0,292.0,1.6728032447050087,False,True,False,True,3,1,0,37,0,4,286,318,"[false, false, false]",270,2,1,Starfield Stage - 2
3747,2025-09-28T18:05:42.194695,8,537.5,294.5,1.6722432820943802,False,True,False,True,3,1,0,37,0,4,287,320,"[false, false, false]",270,2,1,Starfield Stage - 2
3748,2025-09-28T18:05:42.204331,9,535.0,297.0,1.6676582504894955,False,True,False,True,3,1,0,37,0,4,288,321,"[false, false, false]",270,2,1,Starfield Stage - 2
3749,2025-09-28T18:05:42.212857,9,532.5,299.5,1.6588636272117607,False,True,False,True,3,1,0,37,0,4,289,321,"[false, false, false]",270,2,1,Starfield Stage - 2
3750,2025-09-28T18:05:42.222259,9,530.0,302.0,1.654283819057311,False,True,False,True,3,1,0,37,0,4,291,322,"[false, false, false]",270,2,1,Starfield Stage - 2
3751,2025-09-28T18:05:42.229923,8,527.5,304.5,1.6449699777276439,False,True,False,True,3,1,0,37,0,4,292,322,"[false, false, false]",270,2,1,Starfield Stage - 2
3752,2025-09-28T18:05:42.239179,9,525.0,307.0,1.635361632018513,False,True,False,True,3,1,0,37,0,4,293,322,"[false, false, false]",270,2,1,Starfield Stage - 2
3753,2025-09-28T18:05:42.247004,8,522.5,309.5,1.6254464502298536,False,True,False,True,3,1,0,37,0,4,294,322,"[false, false, false]",270,2,1,Starfield Stage - 2
3754,2025-09-28T18:05:42.257283,10,522.5,312.0,1.6291569446833485,True,True,False,True,3,1,0,37,0,4,300,325,"[false, false, false]",270,2,1,Starfield Stage - 2
3755,2025-09-28T18:05:42.266307,8,522.5,314.5,1.633071355339652,True,True,False,True,3,1,0,37,0,4,306,328,"[false, false, false]",270,2,1,Starfield Stage - 2
3756,2025-09-28T18:05:42.273054,8,525.0,317.0,1.6417669778509227,True,False,False,True,3,1,0,37,0,4,314,332,"[false, false, false]",270,2,1,Starfield Stage - 2
3757,2025-09-28T18:05:42.282588,9,527.5,319.5,1.6663277432176407,True,False,False,True,3,1,0,37,0,4,324,339,"[false, false, false]",270,2,1,Starfield Stage - 2
3758,2025-09-28T18:05:42.291554,9,530.0,322.0,1.7163563686792953,True,False,False,True,3,1,0,37,0,4,339,350,"[false, false, false]",270,2,1,Starfield Stage - 2
3759,2025-09-28T18:05:42.299157,8,532.5,324.5,1.7801478386709868,True,False,False,True,3,1,0,37,0,4,356,362,"[false, false, false]",270,2,1,Starfield Stage - 2
3760,2025-09-28T18:05:42.307148,8,535.0,327.0,1.883023359597926,True,False,False,True,2,1,0,37,0,4,377,378,"[false, false, false]",270,2,1,Starfield Stage - 2
3761,2025-09-28T18:05:42.315300,8,537.5,329.5,2.018197211801385,True,False,False,True,2,1,0,37,0,4,401,395,"[false, false, false]",270,2,1,Starfield Stage - 2
3762,2025-09-28T18:05:42.323393,8,540.0,332.0,2.1885520523611293,True,False,False,True,2,1,0,37,0,4,426,413,"[false, false, false]",270,2,1,Starfield Stage - 2
3763,2025-09-28T18:05:42.332007,9,542.5,334.5,2.399410808998922,True,False,False,True,2,1,0,37,0,4,454,431,"[false, false, false]",270,2,1,Starfield Stage - 2
3764,2025-09-28T18:05:42.340960,9,545.0,337.0,2.621468066074324,True,False,False,True,2,1,0,37,0,4,482,447,"[false, false, false]",270,2,1,Starfield Stage - 2
3765,2025-09-28T18:05:42.350700,9,547.5,339.5,2.8573245358848127,True,False,False,True,2,1,0,37,0,4,512,461,"[false, false, false]",270,2,1,Starfield Stage - 2
3766,2025-09-28T18:05:42.359105,9,550.0,342.0,3.0890095919788516,True,False,False,True,2,1,0,37,0,4,543,475,"[false, false, false]",270,2,1,Starfield Stage - 2
3767,2025-09-28T18:05:42.368401,9,552.5,344.5,-2.7803888980961116,True,False,False,True,2,1,0,37,0,4,612,502,"[false, false, false]",270,2,1,Starfield Stage - 2
3768,2025-09-28T18:05:42.376760,8,555.0,347.0,-2.6410103476949467,True,False,False,True,2,1,0,37,0,4,648,517,"[false, false, false]",270,2,1,Starfield Stage - 2
3769,2025-09-28T18:05:42.385492,9,557.5,349.5,-2.5218645439935146,True,False,False,True,2,1,0,37,0,4,687,531,"[false, false, false]",270,2,1,Starfield Stage - 2
3770,2025-09-28T18:05:42.393460,8,560.0,352.0,-2.4257201314822256,True,False,False,True,2,1,0,37,0,4,727,544,"[false, false, false]",270,2,1,Starfield Stage - 2
3771,2025-09-28T18:05:42.401568,9,562.5,354.5,-2.3537314409859524,True,False,False,True,2,1,0,37,0,4,766,557,"[false, false, false]",270,2,1,Starfield Stage - 2
3772,2025-09-28T18:05:42.410941,9,565.0,357.0,-2.29198134119733,True,False,False,True,2,1,0,37,0,4,805,568,"[false, false, false]",270,2,1,Starfield Stage - 2
3773,2025-09-28T18:05:42.420111,9,567.5,359.5,-2.2448680743826745,True,False,False,True,2,1,0,37,0,4,841,578,"[false, false, false]",270,2,1,Starfield Stage - 2
3774,2025-09-28T18:05:42.429050,9,570.0,362.0,-2.205259935766528,True,False,False,True,1,1,0,37,0,4,873,585,"[false, false, false]",270,2,1,Starfield Stage - 2
3775,2025-09-28T18:05:42.438441,9,572.5,364.5,-2.173796061903319,True,False,False,True,1,1,0,37,0,4,900,590,"[false, false, false]",270,2,1,Starfield Stage - 2
3776,2025-09-28T18:05:42.447256,9,575.0,367.0,-2.1447436310642027,True,False,False,True,1,1,0,37,0,4,923,592,"[false, false, false]",270,2,1,Starfield Stage - 2
3777,2025-09-28T18:05:42.455907,8,577.5,369.5,-2.107683659651294,True,False,False,True,1,1,0,37,0,4,953,593,"[false, false, false]",270,2,1,Starfield Stage - 2
3778,2025-09-28T18:05:42.464391,9,580.0,372.0,-2.094149989844382,True,False,False,True,2,1,0,37,0,4,963,593,"[true, false, false]",270,2,1,Starfield Stage - 2
3779,2025-09-28T18:05:42.472405,8,582.5,374.5,-2.0831246810867676,True,False,False,True,2,1,0,37,0,4,971,593,"[true, false, false]",270,2,1,Starfield Stage - 2
3780,2025-09-28T18:05:42.480911,9,585.0,377.0,-2.0733464544955105,True,False,False,True,2,1,0,37,0,4,978,593,"[true, false, false]",270,2,1,Starfield Stage - 2
3781,2025-09-28T18:05:42.490029,9,587.5,379.5,-2.0617324455582384,True,False,False,True,2,1,0,37,0,4,985,592,"[true, false, false]",270,2,1,Starfield Stage - 2
3782,2025-09-28T18:05:42.499920,9,590.0,382.0,-2.0512573858925234,True,False,False,True,2,1,0,37,0,4,991,591,"[true, false, false]",270,2,1,Starfield Stage - 2
3783,2025-09-28T18:05:42.508268,9,592.5,384.5,-2.0418512077268676,True,False,False,True,2,1,0,37,0,4,996,590,"[true, false, false]",270,2,1,Starfield Stage - 2
3784,2025-09-28T18:05:42.516398,8,595.0,387.0,-2.031476585454628,True,False,False,True,2,1,0,37,0,4,1000,588,"[false, false, false]",270,2,1,Starfield Stage - 2
3785,2025-09-28T18:05:42.525249,8,597.5,389.5,-2.0250055672882104,True,False,False,True,2,1,0,37,0,4,1002,587,"[false, false, false]",270,2,1,Starfield Stage - 2
3786,2025-09-28T18:05:42.531864,8,600.0,392.0,-2.012535091267894,True,False,False,True,2,1,0,37,0,4,1006,584,"[false, false, false]",270,2,1,Starfield Stage - 2
3787,2025-09-28T18:05:42.540343,8,602.5,394.5,-1.9929884396558313,True,False,False,True,2,1,0,37,0,4,1011,578,"[false, false, false]",270,2,1,Starfield Stage - 2
3788,2025-09-28T18:05:42.548049,8,605.0,397.0,-1.9695352461022693,True,False,False,True,2,1,0,37,0,4,1018,571,"[false, false, false]",270,2,1,Starfield Stage - 2
3789,2025-09-28T18:05:42.557049,9,607.5,399.5,-1.9398947773225623,True,False,False,True,2,1,0,37,0,4,1025,561,"[false, false, false]",270,2,1,Starfield Stage - 2
3790,2025-09-28T18:05:42.566239,9,610.0,402.0,-1.910212887703438,True,False,False,True,2,1,0,37,0,4,1032,551,"[false, false, false]",270,2,1,Starfield Stage - 2
3791,2025-09-28T18:05:42.574753,8,612.5,404.5,-1.879091602600282,True,False,False,True,2,2,0,37,0,4,1038,540,"[false, false, false]",270,2,1,Starfield Stage - 2
3792,2025-09-28T18:05:42.583258,9,615.0,407.0,-1.8243908241117701,True,False,False,True,2,2,0,37,0,4,1051,520,"[false, false, false]",270,2,1,Starfield Stage - 2
3793,2025-09-28T18:05:42.591717,8,617.5,409.5,-1.797263554897417,True,False,False,True,2,2,0,37,0,4,1058,511,"[false, false, false]",270,2,1,Starfield Stage - 2
3794,2025-09-28T18:05:42.600250,9,620.0,412.0,-1.7751121913950179,True,False,False,True,2,2,0,37,0,4,1064,504,"[false, false, false]",270,2,1,Starfield Stage - 2
3795,2025-09-28T18:05:42.608179,8,622.5,414.5,-1.7556709520575298,True,False,False,True,2,2,0,37,0,4,1069,498,"[false, false, false]",270,2,1,Starfield Stage - 2
3796,2025-09-28T18:05:42.616276,8,625.0,417.0,-1.7431755361912662,True,False,False,True,2,2,0,37,0,4,1073,495,"[false, false, false]",270,2,1,Starfield Stage - 2
3797,2025-09-28T18:05:42.624766,9,627.5,419.5,-1.7354026068662212,True,False,False,True,2,2,0,37,0,4,1076,494,"[false, false, false]",270,2,1,Starfield Stage - 2
3798,2025-09-28T18:05:42.634400,9,630.0,422.0,-1.7283171100195374,True,False,False,True,3,2,0,37,0,4,1077,493,"[true, false, false]",270,2,1,Starfield Stage - 2
3799,2025-09-28T18:05:42.642780,8,632.5,424.5,-1.7233613168248392,True,False,False,True,3,2,0,37,0,4,1078,493,"[true, false, false]",270,2,1,Starfield Stage - 2
3800,2025-09-28T18:05:42.652058,9,635.0,427.0,-1.7231063846349008,True,False,False,True,3,2,0,37,0,4,1078,495,"[true, false, false]",270,2,1,Starfield Stage - 2
3801,2025-09-28T18:05:42.660319,9,637.5,429.5,-1.7272816264866964,True,False,False,True,3,2,0,37,0,4,1078,499,"[true, false, false]",270,2,1,Starfield Stage - 2
3802,2025-09-28T18:05:42.668245,8,640.0,432.0,-1.7314989423606788,True,False,False,True,3,2,0,37,0,4,1078,503,"[true, false, false]",270,2,1,Starfield Stage - 2
3803,2025-09-28T18:05:42.676830,8,642.5,434.5,-1.7383699201802467,True,False,False,True,3,2,0,37,0,4,1077,508,"[true, false, false]",270,2,1,Starfield Stage - 2
3804,2025-09-28T18:05:42.684801,9,645.0,437.0,-1.7426940580905885,True,False,False,True,3,2,0,37,0,4,1077,512,"[true, false, false]",270,2,1,Starfield Stage - 2
3805,2025-09-28T18:05:42.694819,9,647.5,439.5,-1.7452022496810844,True,False,False,True,2,2,0,37,0,4,1076,515,"[true, false, false]",270,2,1,Starfield Stage - 2
3806,2025-09-28T18:05:42.702628,8,650.0,442.0,-1.7454685258031364,True,False,False,True,2,2,0,37,0,4,1075,517,"[false, false, false]",270,2,1,Starfield Stage - 2
3807,2025-09-28T18:05:42.710204,8,652.5,444.5,-1.7453335001490824,True,False,False,True,2,2,0,37,0,4,1075,519,"[false, false, false]",270,2,1,Starfield Stage - 2
3808,2025-09-28T18:05:42.718606,8,655.0,447.0,-1.7428866590030614,True,False,False,True,2,2,0,37,0,4,1075,520,"[false, false, false]",270,2,1,Starfield Stage - 2
3809,2025-09-28T18:05:42.727000,9,657.5,449.5,-1.7380805086316948,True,False,False,True,2,2,0,37,0,4,1075,520,"[false, false, false]",270,2,1,Starfield Stage - 2
3810,2025-09-28T18:05:42.736100,9,660.0,452.0,-1.7332084981395839,True,False,False,True,2,2,0,37,0,4,1075,520,"[false, false, false]",270,2,1,Starfield Stage - 2
3811,2025-09-28T18:05:42.745269,9,662.5,454.5,-1.7282695005442297,True,False,False,True,2,2,0,37,0,4,1075,520,"[false, false, false]",270,2,1,Starfield Stage - 2
3812,2025-09-28T18:05:42.754088,8,665.0,457.0,-1.723262370734736,True,False,False,True,2,2,0,37,0,4,1075,520,"[false, false, false]",270,2,1,Starfield Stage - 2
3813,2025-09-28T18:05:42.762808,9,667.5,459.5,-1.7181859454575192,True,False,False,True,2,2,0,37,0,4,1075,520,"[false, false, false]",270,2,1,Starfield Stage - 2
3814,2025-09-28T18:05:42.771130,9,670.0,462.0,-1.713039043327914,True,False,False,True,2,2,0,37,0,4,1075,520,"[false, false, false]",270,2,1,Starfield Stage - 2
3815,2025-09-28T18:05:42.780141,9,672.5,464.5,-1.7078204648698743,True,False,False,True,2,2,0,37,0,4,1075,520,"[false, false, false]",270,2,1,Starfield Stage - 2
3816,2025-09-28T18:05:42.788817,9,675.0,467.0,-1.7025289925860958,True,False,False,True,2,2,0,37,0,4,1075,520,"[false, false, false]",270,2,1,Starfield Stage - 2
3817,2025-09-28T18:05:42.799304,9,677.5,469.5,-1.697795583338541,True,False,False,True,2,2,0,37,0,4,1073,520,"[false, false, false]",270,2,1,Starfield Stage - 2
3818,2025-09-28T18:05:42.806248,8,680.0,472.0,-1.692331779941111,True,False,False,True,2,2,0,37,0,4,1073,520,"[false, false, false]",270,2,1,Starfield Stage - 2
3819,2025-09-28T18:05:42.815665,8,682.5,474.5,-1.6873823322562123,True,False,False,True,2,2,0,37,0,4,1071,520,"[false, false, false]",270,2,1,Starfield Stage - 2
3820,2025-09-28T18:05:42.823315,9,680.0,477.0,-1.6783488444248176,False,True,False,True,3,2,0,37,0,4,1069,519,"[true, false, false]",270,2,1,Starfield Stage - 2
3821,2025-09-28T18:05:42.830966,8,677.5,479.5,-1.67135004669941,False,True,False,True,3,2,0,37,0,4,1069,519,"[true, false, false]",270,2,1,Starfield Stage - 2
3822,2025-09-28T18:05:42.840367,9,675.0,482.0,-1.6671887813303505,False,True,False,True,3,2,0,37,0,4,1068,520,"[true, false, false]",270,2,1,Starfield Stage - 2
3823,2025-09-28T18:05:42.848755,9,672.5,484.5,-1.6603162236094045,False,True,False,True,3,2,0,37,0,4,1068,520,"[true, false, false]",270,2,1,Starfield Stage - 2
3824,2025-09-28T18:05:42.859070,9,670.0,487.0,-1.6560165577670256,False,True,False,True,3,2,0,37,0,4,1068,521,"[true, false, false]",270,2,1,Starfield Stage - 2
3825,2025-09-28T18:05:42.867615,9,667.5,489.5,-1.651767468052467,False,True,False,True,3,2,0,37,0,4,1068,522,"[true, false, false]",270,2,1,Starfield Stage - 2
3826,2025-09-28T18:05:42.877035,8,665.0,489.5,-1.6512673380603575,False,True,False,False,3,2,0,37,0,4,1068,522,"[true, false, false]",270,2,1,Starfield Stage - 2
3827,2025-09-28T18:05:42.884241,9,662.5,489.5,-1.6507733352946068,False,True,False,False,3,2,0,37,0,4,1068,522,"[true, false, false]",270,2,1,Starfield Stage - 2
3828,2025-09-28T18:05:42.892926,8,660.0,489.5,-1.6502853480780675,False,True,False,False,3,2,0,37,0,4,1068,522,"[false, false, false]",270,2,1,Starfield Stage - 2
3829,2025-09-28T18:05:42.901942,9,657.5,489.5,-1.6498032674254888,False,True,False,False,3,2,0,37,0,4,1068,522,"[false, false, false]",270,2,1,Starfield Stage - 2
3830,2025-09-28T18:05:42.909817,9,655.0,489.5,-1.6493269869630638,False,True,False,False,3,2,0,37,0,4,1068,522,"[false, false, false]",270,2,1,Starfield Stage - 2
3831,2025-09-28T18:05:42.919303,9,652.5,489.5,-1.6488564028508395,False,True,False,False,3,2,0,37,0,4,1068,522,"[false, false, false]",270,2,1,Starfield Stage - 2
3832,2025-09-28T18:05:42.926844,8,650.0,489.5,-1.6483914137078692,False,True,False,False,3,2,0,37,0,4,1068,522,"[false, false, false]",270,2,1,Starfield Stage - 2
3833,2025-09-28T18:05:42.935909,9,647.5,489.5,-1.64793192054,False,True,False,False,3,2,0,37,0,4,1068,522,"[false, false, false]",270,2,1,Starfield Stage - 2
3834,2025-09-28T18:05:42.944286,8,645.0,489.5,-1.6474778266701817,False,True,False,False,3,2,0,37,0,4,1068,522,"[false, false, false]",270,2,1,Starfield Stage - 2
3835,2025-09-28T18:05:42.952642,9,642.5,489.5,-1.6470290376712016,False,True,False,False,3,2,0,37,0,4,1068,522,"[false, false, false]",270,2,1,Starfield Stage - 2
3836,2025-09-28T18:05:42.961523,8,640.0,489.5,-1.6465854613007425,False,True,False,False,3,2,0,37,0,4,1068,522,"[false, false, false]",270,2,1,Starfield Stage - 2
3837,2025-09-28T18:05:42.968899,8,637.5,489.5,-1.6461470074386735,False,True,False,False,3,2,0,37,0,4,1068,522,"[false, false, false]",270,2,1,Starfield Stage - 2
3838,2025-09-28T18:05:42.977439,8,635.0,489.5,-1.6457135880264846,False,True,False,False,3,2,0,37,0,4,1068,522,"[false, false, false]",270,2,1,Starfield Stage - 2
3839,2025-09-28T18:05:42.985710,9,632.5,489.5,-1.6452851170087783,False,True,False,False,3,2,0,37,0,4,1068,522,"[false, false, false]",270,2,1,Starfield Stage - 2
3840,2025-09-28T18:05:42.994680,8,630.0,489.5,-1.645200009177361,False,True,False,False,3,2,0,37,0,4,1066,522,"[false, false, false]",270,2,1,Starfield Stage - 2
3841,2025-09-28T18:05:43.003407,9,627.5,489.5,-1.6457998733119743,False,True,False,False,3,2,0,37,0,4,1060,522,"[false, false, false]",270,2,1,Starfield Stage - 2
3842,2025-09-28T18:05:43.011124,8,625.0,489.5,-1.642103791580187,False,True,False,False,3,2,0,37,0,4,1052,520,"[false, false, false]",270,2,1,Starfield Stage - 2
3843,2025-09-28T18:05:43.020600,10,622.5,489.5,-1.6389540616369331,False,True,False,False,3,2,0,37,0,4,1040,518,"[false, false, false]",270,2,1,Starfield Stage - 2
3844,2025-09-28T18:05:43.029079,8,620.0,489.5,-1.6309203347302086,False,True,False,False,3,2,0,37,0,4,1027,514,"[false, false, false]",270,2,1,Starfield Stage - 2
3845,2025-09-28T18:05:43.074734,9,617.5,489.5,-1.62031109493963,False,True,False,False,2,1,0,37,0,4,1011,509,"[false, false, false]",280,2,1,Starfield Stage - 2
3846,2025-09-28T18:05:43.076372,38,615.0,487.0,-1.4093354015627793,False,True,True,False,2,1,0,37,0,4,879,444,"[false, false, false]",280,2,1,Starfield Stage - 2
3847,2025-09-28T18:05:43.085085,9,612.5,484.5,-1.2887599792314932,False,True,True,False,2,1,0,37,0,4,842,418,"[false, false, false]",280,2,1,Starfield Stage - 2
3848,2025-09-28T18:05:43.094810,9,610.0,482.0,-1.1261739061670684,False,True,True,False,2,1,0,37,0,4,801,391,"[false, false, false]",280,2,1,Starfield Stage - 2
3849,2025-09-28T18:05:43.102900,9,607.5,479.5,-0.6418608696956271,False,True,True,False,2,1,0,37,0,4,717,333,"[false, false, false]",280,2,1,Starfield Stage - 2
3850,2025-09-28T18:05:43.112096,9,605.0,477.0,-0.38650630511392003,False,True,True,False,2,1,0,37,0,4,675,305,"[false, false, false]",280,2,1,Starfield Stage - 2
3851,2025-09-28T18:05:43.121300,9,602.5,474.5,-0.15476267779464287,False,True,True,False,2,1,0,37,0,4,633,279,"[false, false, false]",280,2,1,Starfield Stage - 2
3852,2025-09-28T18:05:43.129209,8,600.0,472.0,0.037020115873930025,False,True,True,False,2,1,0,37,0,4,592,256,"[false, false, false]",280,2,1,Starfield Stage - 2
3853,2025-09-28T18:05:43.137305,8,597.5,469.5,0.1891107452640393,False,True,True,False,2,1,0,37,0,4,553,237,"[false, false, false]",280,2,1,Starfield Stage - 2
3854,2025-09-28T18:05:43.145314,8,595.0,467.0,0.31441572261167955,False,True,True,False,2,1,0,37,0,4,515,221,"[false, false, false]",280,2,1,Starfield Stage - 2
3855,2025-09-28T18:05:43.154007,8,592.5,464.5,0.41333040453932784,False,True,True,False,2,1,0,37,0,4,480,208,"[false, false, false]",280,2,1,Starfield Stage - 2
3856,2025-09-28T18:05:43.162304,9,590.0,462.0,0.4993467216801301,False,True,True,False,2,1,0,37,0,4,446,198,"[false, false, false]",280,2,1,Starfield Stage - 2
3857,2025-09-28T18:05:43.170376,8,587.5,459.5,0.5693658365336219,False,True,True,False,2,1,0,37,0,4,415,190,"[false, false, false]",280,2,1,Starfield Stage - 2
3858,2025-09-28T18:05:43.178306,8,585.0,457.0,0.6240230529767569,False,True,True,False,2,1,0,37,0,4,387,182,"[false, false, false]",280,2,1,Starfield Stage - 2
3859,2025-09-28T18:05:43.186845,9,582.5,454.5,0.663028770609525,False,True,True,False,2,1,0,37,0,4,365,176,"[false, false, false]",280,2,1,Starfield Stage - 2
3860,2025-09-28T18:05:43.196024,9,580.0,452.0,0.6943881361549896,False,True,True,False,2,1,0,37,0,4,346,171,"[false, false, false]",280,2,1,Starfield Stage - 2
3861,2025-09-28T18:05:43.205726,9,577.5,449.5,0.7151716331999454,False,True,True,False,2,1,0,37,0,4,333,168,"[false, false, false]",280,2,1,Starfield Stage - 2
3862,2025-09-28T18:05:43.214399,9,575.0,447.0,0.7310427523228732,False,True,True,False,2,1,0,37,0,4,323,166,"[false, false, false]",280,2,1,Starfield Stage - 2
3863,2025-09-28T18:05:43.223423,8,575.0,444.5,0.7436397228696483,False,False,True,False,2,1,0,37,0,4,317,164,"[false, false, false]",280,2,1,Starfield Stage - 2
3864,2025-09-28T18:05:43.230039,8,575.0,442.0,0.7557771999683222,False,False,True,False,2,1,0,37,0,4,313,164,"[false, false, false]",280,2,1,Starfield Stage - 2
3865,2025-09-28T18:05:43.238984,9,575.0,439.5,0.7603802146624093,False,False,True,False,2,1,0,37,0,4,312,163,"[false, false, false]",280,2,1,Starfield Stage - 2
3866,2025-09-28T18:05:43.249171,10,575.0,437.0,0.7668129429412746,False,False,True,False,3,1,0,37,0,4,311,163,"[true, false, false]",280,2,1,Starfield Stage - 2
3867,2025-09-28T18:05:43.257822,8,575.0,434.5,0.7713934768139322,False,False,True,False,3,1,0,37,0,4,311,163,"[true, false, false]",280,2,1,Starfield Stage - 2
3868,2025-09-28T18:05:43.266783,9,575.0,432.0,0.776017575517352,False,False,True,False,2,1,0,37,0,4,311,163,"[true, false, false]",280,2,1,Starfield Stage - 2
3869,2025-09-28T18:05:43.275511,9,575.0,429.5,0.78068566293828,False,False,True,False,2,1,0,37,0,4,311,163,"[true, false, false]",280,2,1,Starfield Stage - 2
3870,2025-09-28T18:05:43.283524,8,575.0,427.0,0.7853981633974483,False,False,True,False,2,1,0,37,0,4,311,163,"[true, false, false]",280,2,1,Starfield Stage - 2
3871,2025-09-28T18:05:43.291857,8,575.0,424.5,0.7901555014369355,False,False,True,False,2,1,0,37,0,4,311,163,"[true, false, false]",280,2,1,Starfield Stage - 2
3872,2025-09-28T18:05:43.300935,9,575.0,422.0,0.7968480446916183,False,False,True,False,2,1,0,37,0,4,310,163,"[true, false, false]",280,2,1,Starfield Stage - 2
3873,2025-09-28T18:05:43.309358,9,575.0,419.5,0.805452780981695,False,False,True,False,2,1,0,37,0,4,308,163,"[true, false, false]",280,2,1,Starfield Stage - 2
3874,2025-09-28T18:05:43.317476,8,575.0,417.0,0.8140709915414515,False,False,True,False,2,1,0,37,0,4,306,163,"[false, false, false]",280,2,1,Starfield Stage - 2
3875,2025-09-28T18:05:43.325887,9,575.0,414.5,0.8227014250130861,False,False,True,False,2,1,0,37,0,4,304,163,"[false, false, false]",280,2,1,Starfield Stage - 2
3876,2025-09-28T18:05:43.335169,9,577.5,412.0,0.8465846519703855,True,False,True,False,2,1,0,37,0,4,296,163,"[false, false, false]",280,2,1,Starfield Stage - 2
3877,2025-09-28T18:05:43.343549,8,580.0,409.5,0.8645972343668998,True,False,True,False,2,1,0,37,0,4,291,163,"[false, false, false]",280,2,1,Starfield Stage - 2
3878,2025-09-28T18:05:43.351458,8,582.5,407.0,0.8855230618648003,True,False,True,False,2,1,0,37,0,4,284,163,"[false, false, false]",280,2,1,Starfield Stage - 2
3879,2025-09-28T18:05:43.359233,8,585.0,404.5,0.9053990490302597,True,False,True,False,2,1,0,37,0,4,276,162,"[false, false, false]",280,2,1,Starfield Stage - 2
3880,2025-09-28T18:05:43.367296,8,587.5,402.0,0.9143254468130235,True,False,True,False,2,1,0,37,0,4,276,162,"[false, false, false]",280,2,1,Starfield Stage - 2
3881,2025-09-28T18:05:43.375168,8,590.0,399.5,0.9385060571061326,True,False,True,False,2,1,0,37,0,4,259,157,"[false, false, false]",280,2,1,Starfield Stage - 2
3882,2025-09-28T18:05:43.383266,8,592.5,397.0,0.955105449930682,True,False,True,False,2,1,0,37,0,4,249,154,"[false, false, false]",280,2,1,Starfield Stage - 2
3883,2025-09-28T18:05:43.391808,9,595.0,394.5,0.9695857284641847,True,False,True,False,2,1,0,37,0,4,240,151,"[false, false, false]",280,2,1,Starfield Stage - 2
3884,2025-09-28T18:05:43.401056,9,597.5,392.0,0.982793723247329,True,False,True,False,2,1,0,37,0,4,233,149,"[false, false, false]",280,2,1,Starfield Stage - 2
3885,2025-09-28T18:05:43.410445,9,600.0,389.5,0.9974344216277784,True,False,True,False,1,1,0,37,0,4,226,148,"[false, false, false]",280,2,1,Starfield Stage - 2
3886,2025-09-28T18:05:43.418498,8,602.5,387.0,1.0061956714036606,True,False,True,False,1,1,0,37,0,4,222,146,"[false, false, false]",280,2,1,Starfield Stage - 2
3887,2025-09-28T18:05:43.427172,9,605.0,384.5,1.0161759255032043,True,False,True,False,1,1,0,37,0,4,220,146,"[false, false, false]",280,2,1,Starfield Stage - 2
3888,2025-09-28T18:05:43.435013,8,607.5,382.0,1.0241703987865443,True,False,True,False,1,1,0,37,0,4,218,145,"[false, false, false]",280,2,1,Starfield Stage - 2
3889,2025-09-28T18:05:43.444447,9,610.0,379.5,1.0350435837599314,True,False,True,False,1,1,0,37,0,4,215,145,"[false, false, false]",280,2,1,Starfield Stage - 2
3890,2025-09-28T18:05:43.452590,8,612.5,377.0,1.042799699380053,True,False,True,False,2,1,0,37,0,4,213,144,"[true, false, false]",280,2,1,Starfield Stage - 2
3891,2025-09-28T18:05:43.460702,9,615.0,374.5,1.0515172691830308,True,False,True,False,2,1,0,37,0,4,210,143,"[true, false, false]",280,2,1,Starfield Stage - 2
3892,2025-09-28T18:05:43.471003,9,617.5,372.0,1.060085494219824,True,False,True,False,2,1,0,37,0,4,207,142,"[true, false, false]",280,2,1,Starfield Stage - 2
3893,2025-09-28T18:05:43.479208,9,620.0,369.5,1.0705281780007694,True,False,True,False,2,1,0,37,0,4,202,141,"[true, false, false]",280,2,1,Starfield Stage - 2
3894,2025-09-28T18:05:43.487134,8,622.5,367.0,1.0776352655838661,True,False,True,False,2,1,0,37,0,4,202,141,"[true, false, false]",280,2,1,Starfield Stage - 2
3895,2025-09-28T18:05:43.496312,9,625.0,364.5,1.0857864314670147,True,False,True,False,2,1,0,37,0,4,199,140,"[false, false, false]",280,2,1,Starfield Stage - 2
3896,2025-09-28T18:05:43.503893,8,627.5,362.0,1.0909464320152416,True,False,True,False,2,1,0,37,0,4,199,139,"[false, false, false]",280,2,1,Starfield Stage - 2
3897,2025-09-28T18:05:43.513565,9,630.0,359.5,1.0979111052735995,True,False,True,False,2,1,0,37,0,4,199,139,"[false, false, false]",280,2,1,Starfield Stage - 2
3898,2025-09-28T18:05:43.521653,8,632.5,357.0,1.104844574406286,True,False,True,False,2,1,0,37,0,4,199,139,"[false, false, false]",280,2,1,Starfield Stage - 2
3899,2025-09-28T18:05:43.530098,9,635.0,354.5,1.1117463865472128,True,False,True,False,2,1,0,37,0,4,199,139,"[false, false, false]",280,2,1,Starfield Stage - 2
3900,2025-09-28T18:05:43.539151,9,637.5,352.0,1.1186161050183925,True,False,True,False,2,1,0,37,0,4,199,139,"[false, false, false]",280,2,1,Starfield Stage - 2
3901,2025-09-28T18:05:43.546815,8,640.0,349.5,1.125453309308629,True,False,True,False,2,1,0,37,0,4,199,139,"[false, false, false]",280,2,1,Starfield Stage - 2
3902,2025-09-28T18:05:43.556428,9,642.5,347.0,1.130410944271301,True,False,True,False,2,1,0,37,0,4,199,138,"[false, false, false]",280,2,1,Starfield Stage - 2
3903,2025-09-28T18:05:43.564771,8,645.0,344.5,1.1353358842904668,True,False,True,False,2,1,0,37,0,4,199,137,"[false, false, false]",280,2,1,Starfield Stage - 2
3904,2025-09-28T18:05:43.573743,9,647.5,342.0,1.1402282151788514,True,False,True,False,2,1,0,37,0,4,199,136,"[false, false, false]",280,2,1,Starfield Stage - 2
3905,2025-09-28T18:05:43.581973,9,650.0,339.5,1.1450880278605473,True,False,True,False,2,1,0,37,0,4,199,135,"[false, false, false]",280,2,1,Starfield Stage - 2
3906,2025-09-28T18:05:43.591030,9,652.5,337.0,1.14991541819904,True,False,True,False,2,1,0,37,0,4,199,134,"[false, false, false]",280,2,1,Starfield Stage - 2
3907,2025-09-28T18:05:43.601190,9,655.0,334.5,1.152877247511437,True,False,True,False,2,1,0,37,0,4,199,132,"[false, false, false]",280,2,1,Starfield Stage - 2
3908,2025-09-28T18:05:43.608775,8,655.0,332.0,1.1574659222555688,False,False,True,False,2,2,0,37,0,4,199,132,"[false, false, false]",280,2,1,Starfield Stage - 2
3909,2025-09-28T18:05:43.616842,9,655.0,329.5,1.1602280338246773,False,False,True,False,2,2,0,37,0,4,199,131,"[false, false, false]",280,2,1,Starfield Stage - 2
3910,2025-09-28T18:05:43.625460,8,655.0,327.0,1.1648463398465994,False,False,True,False,3,2,0,37,0,4,199,131,"[true, false, false]",280,2,1,Starfield Stage - 2
3911,2025-09-28T18:05:43.633972,8,655.0,324.5,1.1694830540615784,False,False,True,False,3,2,0,37,0,4,199,131,"[true, false, false]",280,2,1,Starfield Stage - 2
3912,2025-09-28T18:05:43.642320,9,652.5,322.0,1.1721753055459676,False,True,True,False,3,2,0,37,0,4,199,131,"[true, false, false]",280,2,1,Starfield Stage - 2
3913,2025-09-28T18:05:43.650125,8,650.0,319.5,1.1722242089647978,False,True,True,False,3,2,0,37,0,4,200,130,"[true, false, false]",280,2,1,Starfield Stage - 2
3914,2025-09-28T18:05:43.659342,9,647.5,317.0,1.1749742796253109,False,True,True,False,3,2,0,37,0,4,200,130,"[true, false, false]",280,2,1,Starfield Stage - 2
3915,2025-09-28T18:05:43.667031,8,645.0,314.5,1.1750460514464993,False,True,True,False,3,2,0,37,0,4,201,129,"[true, false, false]",280,2,1,Starfield Stage - 2
3916,2025-09-28T18:05:43.675951,9,642.5,312.0,1.1778561626507214,False,True,True,False,3,2,0,37,0,4,201,129,"[true, false, false]",280,2,1,Starfield Stage - 2
3917,2025-09-28T18:05:43.685822,9,640.0,312.0,1.1758434733103573,False,True,False,False,3,2,0,37,0,4,201,129,"[false, false, false]",280,2,1,Starfield Stage - 2
3918,2025-09-28T18:05:43.693896,9,637.5,312.0,1.17381115893364,False,True,False,False,3,2,0,37,0,4,201,129,"[false, false, false]",280,2,1,Starfield Stage - 2
3919,2025-09-28T18:05:43.703014,9,635.0,312.0,1.1717589481152866,False,True,False,False,3,2,0,37,0,4,201,129,"[false, false, false]",280,2,1,Starfield Stage - 2
3920,2025-09-28T18:05:43.712282,9,632.5,312.0,1.1696865647802306,False,True,False,False,3,2,0,37,0,4,201,129,"[false, false, false]",280,2,1,Starfield Stage - 2
3921,2025-09-28T18:05:43.719789,8,630.0,312.0,1.1675937280923834,False,True,False,False,3,2,0,37,0,4,201,129,"[false, false, false]",280,2,1,Starfield Stage - 2
3922,2025-09-28T18:05:43.728099,8,627.5,312.0,1.1654801523615752,False,True,False,False,3,2,0,37,0,4,201,129,"[false, false, false]",280,2,1,Starfield Stage - 2
3923,2025-09-28T18:05:43.736927,9,625.0,312.0,1.1633455469486396,False,True,False,False,3,2,0,37,0,4,201,129,"[false, false, false]",280,2,1,Starfield Stage - 2
3924,2025-09-28T18:05:43.745271,8,622.5,312.0,1.1611896161686202,False,True,False,False,3,2,0,37,0,4,201,129,"[false, false, false]",280,2,1,Starfield Stage - 2
3925,2025-09-28T18:05:43.753325,8,620.0,312.0,1.159012059192063,False,True,False,False,3,2,0,37,0,4,201,129,"[false, false, false]",280,2,1,Starfield Stage - 2
3926,2025-09-28T18:05:43.761320,8,617.5,312.0,1.1568125699443739,False,True,False,False,3,2,0,37,0,4,201,129,"[false, false, false]",280,2,1,Starfield Stage - 2
3927,2025-09-28T18:05:43.768942,8,615.0,312.0,1.1545908370032079,False,True,False,False,3,2,0,37,0,4,201,129,"[false, false, false]",280,2,1,Starfield Stage - 2
3928,2025-09-28T18:05:43.777756,9,612.5,312.0,1.1523465434938647,False,True,False,False,3,2,0,37,0,4,201,129,"[false, false, false]",280,2,1,Starfield Stage - 2
3929,2025-09-28T18:05:43.786989,9,610.0,312.0,1.1500793669826657,False,True,False,False,3,2,0,37,0,4,201,129,"[false, false, false]",280,2,1,Starfield Stage - 2
3930,2025-09-28T18:05:43.797017,10,607.5,312.0,1.1477889793682838,False,True,False,False,3,2,0,37,0,4,201,129,"[false, false, false]",280,2,1,Starfield Stage - 2
3931,2025-09-28T18:05:43.806319,9,605.0,312.0,1.143606720180288,False,True,False,False,3,2,0,37,0,4,203,129,"[false, false, false]",280,2,1,Starfield Stage - 2
3932,2025-09-28T18:05:43.814809,8,602.5,312.0,1.1393461760214076,False,True,False,False,3,2,0,39,0,4,205,129,"[false, false, false]",280,2,1,Starfield Stage - 2
3933,2025-09-28T18:05:43.823043,9,600.0,312.0,1.1330496600323101,False,True,False,False,3,2,0,39,0,4,209,129,"[false, false, false]",280,2,1,Starfield Stage - 2
3934,2025-09-28T18:05:43.832517,9,597.5,312.0,1.1130562752784294,False,True,False,False,3,2,0,39,0,4,224,128,"[false, false, false]",280,2,1,Starfield Stage - 2
3935,2025-09-28T18:05:43.841012,9,595.0,312.0,1.0982993912778327,False,True,False,False,3,2,0,39,0,4,235,128,"[false, false, false]",280,2,1,Starfield Stage - 2
3936,2025-09-28T18:05:43.850712,10,592.5,312.0,1.0824977489256005,False,True,False,False,2,2,0,39,0,4,248,129,"[false, false, false]",280,2,1,Starfield Stage - 2
3937,2025-09-28T18:05:43.860338,9,590.0,314.5,1.0617525518696056,False,True,False,True,2,2,0,39,0,4,263,132,"[false, false, false]",280,2,1,Starfield Stage - 2
3938,2025-09-28T18:05:43.870000,9,587.5,317.0,1.0416176828727104,False,True,False,True,2,2,0,39,0,4,278,136,"[false, false, false]",280,2,1,Starfield Stage - 2
3939,2025-09-28T18:05:43.878327,9,585.0,319.5,1.022108410597765,False,True,False,True,2,2,0,39,0,4,293,141,"[false, false, false]",280,2,1,Starfield Stage - 2
3940,2025-09-28T18:05:43.923387,9,582.5,322.0,1.0006565615166176,False,True,False,True,1,1,0,39,0,4,308,146,"[false, false, false]",290,2,1,Starfield Stage - 2
3941,2025-09-28T18:05:43.924991,38,580.0,324.5,0.9678941636454842,False,True,False,True,1,1,0,39,0,4,373,182,"[false, false, false]",290,2,1,Starfield Stage - 2
3942,2025-09-28T18:05:43.934594,9,577.5,327.0,0.9563416865039227,False,True,False,True,1,1,0,39,0,4,389,194,"[false, false, false]",290,2,1,Starfield Stage - 2
3943,2025-09-28T18:05:43.942591,8,575.0,329.5,0.9474750828108404,False,True,False,True,1,1,0,39,0,4,406,208,"[false, false, false]",290,2,1,Starfield Stage - 2
3944,2025-09-28T18:05:43.950689,8,572.5,332.0,0.9420000403794636,False,True,False,True,1,1,0,39,0,4,424,224,"[false, false, false]",290,2,1,Starfield Stage - 2
3945,2025-09-28T18:05:43.958929,9,570.0,334.5,1.004941999686837,False,True,False,True,1,1,0,39,0,4,459,264,"[false, false, false]",290,2,1,Starfield Stage - 2
3946,2025-09-28T18:05:43.968856,9,567.5,337.0,1.0759088843638223,False,True,False,True,1,1,0,39,0,4,473,286,"[false, false, false]",290,2,1,Starfield Stage - 2
3947,2025-09-28T18:05:43.977428,9,565.0,339.5,1.1849136573968229,False,True,False,True,1,1,0,39,0,4,485,307,"[false, false, false]",290,2,1,Starfield Stage - 2
3948,2025-09-28T18:05:43.986307,9,562.5,342.0,1.3476262860370574,False,True,False,True,1,1,0,39,0,4,492,326,"[false, false, false]",290,2,1,Starfield Stage - 2
3949,2025-09-28T18:05:43.994341,8,560.0,344.5,1.5317536768397297,False,True,False,True,1,1,0,39,0,4,496,342,"[false, false, false]",290,2,1,Starfield Stage - 2
3950,2025-09-28T18:05:44.003560,9,557.5,347.0,1.6841297235603006,False,True,False,True,1,1,0,39,0,4,496,354,"[false, false, false]",290,2,1,Starfield Stage - 2
3951,2025-09-28T18:05:44.012170,9,555.0,349.5,1.8005380739456434,False,True,False,True,1,1,0,39,0,4,493,364,"[false, false, false]",290,2,1,Starfield Stage - 2
3952,2025-09-28T18:05:44.020230,8,552.5,352.0,1.8572674075979476,False,True,False,True,1,1,0,39,0,4,488,371,"[false, false, false]",290,2,1,Starfield Stage - 2
3953,2025-09-28T18:05:44.028484,8,550.0,354.5,1.9035354498742725,False,True,False,True,1,1,0,39,0,4,482,378,"[false, false, false]",290,2,1,Starfield Stage - 2
3954,2025-09-28T18:05:44.036829,9,547.5,357.0,1.9228406411103138,False,True,False,True,1,1,0,39,0,4,474,384,"[false, false, false]",290,2,1,Starfield Stage - 2
3955,2025-09-28T18:05:44.046677,9,545.0,359.5,1.9323740072368745,False,True,False,True,1,1,0,39,0,4,467,389,"[false, false, false]",290,2,1,Starfield Stage - 2
3956,2025-09-28T18:05:44.054742,8,542.5,362.0,1.9471662228462412,False,True,False,True,1,1,0,39,0,4,459,395,"[false, false, false]",290,2,1,Starfield Stage - 2
3957,2025-09-28T18:05:44.063005,9,540.0,364.5,1.9560827822227753,False,True,False,True,1,1,0,39,0,4,450,401,"[false, false, false]",290,2,1,Starfield Stage - 2
3958,2025-09-28T18:05:44.072627,9,537.5,367.0,1.9907455360779,False,True,False,True,1,1,0,39,0,4,430,415,"[false, false, false]",290,2,1,Starfield Stage - 2
3959,2025-09-28T18:05:44.081529,9,535.0,369.5,1.99646565988283,False,True,False,True,1,1,0,39,0,4,417,423,"[false, false, false]",290,2,1,Starfield Stage - 2
3960,2025-09-28T18:05:44.090115,9,532.5,372.0,2.0046721707993833,False,True,False,True,1,1,0,39,0,4,403,432,"[false, false, false]",290,2,1,Starfield Stage - 2
3961,2025-09-28T18:05:44.098977,9,530.0,374.5,2.020056439406777,False,True,False,True,1,1,0,39,0,4,390,442,"[false, false, false]",290,2,1,Starfield Stage - 2
3962,2025-09-28T18:05:44.108507,9,527.5,377.0,2.0277773678918347,False,True,False,True,1,1,0,39,0,4,377,451,"[false, false, false]",290,2,1,Starfield Stage - 2
3963,2025-09-28T18:05:44.117123,9,525.0,379.5,2.0369408095082444,False,True,False,True,2,1,0,39,0,4,365,460,"[true, false, false]",290,2,1,Starfield Stage - 2
3964,2025-09-28T18:05:44.126142,9,522.5,382.0,2.045132364857273,False,True,False,True,2,1,0,39,0,4,355,468,"[true, false, false]",290,2,1,Starfield Stage - 2
3965,2025-09-28T18:05:44.134721,8,520.0,384.5,2.054918889819871,False,True,False,True,2,1,0,39,0,4,346,476,"[true, false, false]",290,2,1,Starfield Stage - 2
3966,2025-09-28T18:05:44.143121,8,517.5,387.0,2.0575675667983404,False,True,False,True,2,1,0,39,0,4,338,482,"[true, false, false]",290,2,1,Starfield Stage - 2
3967,2025-09-28T18:05:44.151183,9,515.0,389.5,2.063940120512725,False,True,False,True,2,1,0,39,0,4,328,490,"[true, false, false]",290,2,1,Starfield Stage - 2
3968,2025-09-28T18:05:44.160102,8,512.5,392.0,2.060753653048625,False,True,False,True,2,1,0,39,0,4,325,492,"[true, false, false]",290,2,1,Starfield Stage - 2
3969,2025-09-28T18:05:44.167767,9,510.0,394.5,2.053408995761198,False,True,False,True,2,1,0,39,0,4,322,493,"[true, false, false]",290,2,1,Starfield Stage - 2
3970,2025-09-28T18:05:44.176875,9,507.5,397.0,2.04821425178723,False,True,False,True,2,1,0,39,0,4,320,494,"[false, false, false]",290,2,1,Starfield Stage - 2
3971,2025-09-28T18:05:44.186207,8,507.5,399.5,2.0355043807852597,False,False,False,True,2,1,0,39,0,4,319,494,"[false, false, false]",290,2,1,Starfield Stage - 2
3972,2025-09-28T18:05:44.193427,8,510.0,402.0,2.0156177084016402,True,False,False,True,2,1,0,39,0,4,317,494,"[false, false, false]",290,2,1,Starfield Stage - 2
3973,2025-09-28T18:05:44.201229,8,512.5,404.5,1.9920701425816607,True,False,False,True,2,1,0,39,0,4,315,493,"[false, false, false]",290,2,1,Starfield Stage - 2
3974,2025-09-28T18:05:44.209868,8,515.0,407.0,1.9631364710104124,True,False,False,True,2,1,0,39,0,4,312,491,"[false, false, false]",290,2,1,Starfield Stage - 2
3975,2025-09-28T18:05:44.218254,9,517.5,409.5,1.9209080688974105,True,False,False,True,2,1,0,39,0,4,308,486,"[false, false, false]",290,2,1,Starfield Stage - 2
3976,2025-09-28T18:05:44.227138,9,520.0,412.0,1.8715709371575162,True,False,False,True,2,1,0,39,0,4,304,479,"[false, false, false]",290,2,1,Starfield Stage - 2
3977,2025-09-28T18:05:44.235043,8,522.5,414.5,1.818405178491027,True,False,False,True,2,1,0,39,0,4,299,471,"[false, false, false]",290,2,1,Starfield Stage - 2
3978,2025-09-28T18:05:44.244335,9,525.0,417.0,1.763191928310819,True,False,False,True,2,1,0,39,0,4,294,462,"[false, false, false]",290,2,1,Starfield Stage - 2
3979,2025-09-28T18:05:44.252262,8,527.5,419.5,1.7103445894764342,True,False,False,True,2,1,0,38,0,4,289,453,"[false, false, false]",290,2,1,Starfield Stage - 2
3980,2025-09-28T18:05:44.260452,8,530.0,422.0,1.6552722258921748,True,False,False,True,2,1,0,38,0,4,282,443,"[false, false, false]",290,2,1,Starfield Stage - 2
3981,2025-09-28T18:05:44.268176,8,532.5,424.5,1.6039226059883847,True,False,False,True,2,1,0,38,0,4,276,433,"[false, false, false]",290,2,1,Starfield Stage - 2
3982,2025-09-28T18:05:44.276689,8,535.0,427.0,1.548328198209071,True,False,False,True,2,1,0,38,0,4,268,421,"[false, false, false]",290,2,1,Starfield Stage - 2
3983,2025-09-28T18:05:44.285650,9,537.5,429.5,1.4970563997734703,True,False,False,True,2,1,0,38,0,4,260,409,"[false, false, false]",290,2,1,Starfield Stage - 2
3984,2025-09-28T18:05:44.294811,9,540.0,432.0,1.456710547626737,True,False,False,True,2,1,0,38,0,4,252,399,"[false, false, false]",290,2,1,Starfield Stage - 2
3985,2025-09-28T18:05:44.303490,9,542.5,434.5,1.4085974933315142,True,False,False,True,2,1,0,38,0,4,240,385,"[false, false, false]",290,2,1,Starfield Stage - 2
3986,2025-09-28T18:05:44.311567,8,545.0,437.0,1.3952041648447164,True,False,False,True,2,1,0,38,0,4,235,382,"[false, false, false]",290,2,1,Starfield Stage - 2
3987,2025-09-28T18:05:44.320119,9,547.5,439.5,1.386888606240267,True,False,False,True,2,1,0,38,0,4,233,381,"[false, false, false]",290,2,1,Starfield Stage - 2
3988,2025-09-28T18:05:44.329070,9,550.0,442.0,1.3782433441030624,True,False,False,True,3,1,0,38,0,4,232,380,"[true, false, false]",290,2,1,Starfield Stage - 2
3989,2025-09-28T18:05:44.338344,9,552.5,444.5,1.3728026808919271,True,False,False,True,3,1,0,39,0,4,231,380,"[true, false, false]",290,2,1,Starfield Stage - 2
3990,2025-09-28T18:05:44.346763,9,555.0,447.0,1.3668804088472273,True,False,False,True,3,1,0,39,0,4,231,380,"[true, false, false]",290,2,1,Starfield Stage - 2
3991,2025-09-28T18:05:44.356217,9,557.5,449.5,1.3610629676264834,True,False,False,True,3,1,0,39,0,4,231,380,"[true, false, false]",290,2,1,Starfield Stage - 2
3992,2025-09-28T18:05:44.364526,8,560.0,452.0,1.355347981702193,True,False,False,True,3,1,0,39,0,4,231,380,"[true, false, false]",290,2,1,Starfield Stage - 2
3993,2025-09-28T18:05:44.373189,9,562.5,454.5,1.349733131705018,True,False,False,True,3,1,0,39,0,4,231,380,"[true, false, false]",290,2,1,Starfield Stage - 2
3994,2025-09-28T18:05:44.381023,8,565.0,457.0,1.3442161535680521,True,False,False,True,3,1,0,39,0,4,231,380,"[true, false, false]",290,2,1,Starfield Stage - 2
3995,2025-09-28T18:05:44.389925,9,567.5,459.5,1.338794837626809,True,False,False,True,3,1,0,39,0,4,231,380,"[false, false, false]",290,2,1,Starfield Stage - 2
3996,2025-09-28T18:05:44.398831,9,570.0,462.0,1.3334670276821774,True,False,False,True,3,1,0,39,0,4,231,380,"[false, false, false]",290,2,1,Starfield Stage - 2
3997,2025-09-28T18:05:44.407536,9,572.5,464.5,1.3282306200329037,True,False,False,True,3,1,0,39,0,4,231,380,"[false, false, false]",290,2,1,Starfield Stage - 2
3998,2025-09-28T18:05:44.416898,9,575.0,467.0,1.3230835624835375,True,False,False,True,2,1,0,39,0,4,231,380,"[false, false, false]",290,2,1,Starfield Stage - 2
3999,2025-09-28T18:05:44.425578,8,577.5,469.5,1.3180238533331954,True,False,False,True,2,1,0,39,0,4,231,380,"[false, false, false]",290,2,1,Starfield Stage - 2
4000,2025-09-28T18:05:44.433337,8,580.0,472.0,1.3130495403499665,True,False,False,True,2,1,0,39,0,4,231,380,"[false, false, false]",290,2,1,Starfield Stage - 2
4001,2025-09-28T18:05:44.441016,8,582.5,474.5,1.3081587197352929,True,False,False,True,2,1,0,40,0,4,231,380,"[false, false, false]",290,2,1,Starfield Stage - 2
4002,2025-09-28T18:05:44.450322,9,585.0,477.0,1.303349535082207,True,False,False,True,2,1,0,40,0,4,231,380,"[false, false, false]",290,2,1,Starfield Stage - 2
4003,2025-09-28T18:05:44.458501,8,587.5,479.5,1.2986201763308955,True,False,False,True,2,1,0,40,0,4,231,380,"[false, false, false]",290,2,1,Starfield Stage - 2
4004,2025-09-28T18:05:44.466864,9,590.0,482.0,1.2913933214188302,True,False,False,True,2,1,0,40,0,4,231,379,"[false, false, false]",290,2,1,Starfield Stage - 2
4005,2025-09-28T18:05:44.476609,9,592.5,484.5,1.286842888892819,True,False,False,True,2,1,0,40,0,4,231,379,"[false, false, false]",290,2,1,Starfield Stage - 2
4006,2025-09-28T18:05:44.484358,8,595.0,487.0,1.2798436915886577,True,False,False,True,3,1,0,40,0,4,231,378,"[true, false, false]",290,2,1,Starfield Stage - 2
4007,2025-09-28T18:05:44.492264,8,597.5,489.5,1.2754640672837576,True,False,False,True,3,1,0,40,0,4,231,378,"[true, false, false]",290,2,1,Starfield Stage - 2
4008,2025-09-28T18:05:44.499857,8,600.0,492.0,1.271155191250838,True,False,False,True,3,1,0,40,0,4,231,378,"[true, false, false]",290,2,1,Starfield Stage - 2
4009,2025-09-28T18:05:44.508998,9,602.5,494.5,1.2669155191184782,True,False,False,True,3,1,0,40,0,4,231,378,"[true, false, false]",290,2,1,Starfield Stage - 2
4010,2025-09-28T18:05:44.518696,9,605.0,497.0,1.2627435457711202,True,False,False,True,3,1,0,40,0,4,231,378,"[true, false, false]",290,2,1,Starfield Stage - 2
4011,2025-09-28T18:05:44.527750,9,607.5,499.5,1.2586378043482422,True,False,False,True,3,1,0,40,0,4,231,378,"[true, false, false]",290,2,1,Starfield Stage - 2
4012,2025-09-28T18:05:44.537295,9,610.0,502.0,1.254596865260304,True,False,False,True,3,1,0,40,0,4,231,378,"[true, false, false]",290,2,1,Starfield Stage - 2
4013,2025-09-28T18:05:44.545117,9,612.5,504.5,1.2506193352222248,True,False,False,True,3,1,0,40,0,4,231,378,"[false, false, false]",290,2,1,Starfield Stage - 2
4014,2025-09-28T18:05:44.554398,9,615.0,507.0,1.246703856305025,True,False,False,True,3,1,0,40,0,4,231,378,"[false, false, false]",290,2,1,Starfield Stage - 2
4015,2025-09-28T18:05:44.562500,8,617.5,509.5,1.2428491050061243,True,False,False,True,3,1,0,40,0,4,231,378,"[false, false, false]",290,2,1,Starfield Stage - 2
4016,2025-09-28T18:05:44.570052,8,620.0,512.0,1.2390537913386979,True,False,False,True,3,1,0,40,0,4,231,378,"[false, false, false]",290,2,1,Starfield Stage - 2
4017,2025-09-28T18:05:44.579587,9,622.5,514.5,1.2353166579403705,True,False,False,True,3,1,0,40,0,4,231,378,"[false, false, false]",290,2,1,Starfield Stage - 2
4018,2025-09-28T18:05:44.587453,8,625.0,517.0,1.2316364792014631,True,False,False,True,3,1,0,40,0,4,231,378,"[false, false, false]",290,2,1,Starfield Stage - 2
4019,2025-09-28T18:05:44.596301,8,627.5,519.5,1.228012060412905,True,False,False,True,3,1,0,40,0,4,231,378,"[false, false, false]",290,2,1,Starfield Stage - 2
4020,2025-09-28T18:05:44.603855,8,630.0,522.0,1.2244422369338703,True,False,False,True,3,1,0,40,0,4,231,378,"[false, false, false]",290,2,1,Starfield Stage - 2
4021,2025-09-28T18:05:44.611948,9,632.5,524.5,1.2209258733791286,True,False,False,True,3,1,0,40,0,4,231,378,"[false, false, false]",290,2,1,Starfield Stage - 2
4022,2025-09-28T18:05:44.621421,9,635.0,527.0,1.2174618628260419,True,False,False,True,3,1,0,40,0,4,231,378,"[false, false, false]",290,2,1,Starfield Stage - 2
4023,2025-09-28T18:05:44.629953,9,637.5,529.5,1.214852408989833,True,False,False,True,3,1,0,40,0,4,230,378,"[false, false, false]",290,2,1,Starfield Stage - 2
4024,2025-09-28T18:05:44.639772,9,640.0,532.0,1.2130900520776549,True,False,False,True,3,1,0,40,0,4,228,378,"[false, false, false]",290,2,1,Starfield Stage - 2
4025,2025-09-28T18:05:44.648338,9,642.5,534.5,1.2105758091152754,True,False,False,True,3,2,0,40,0,4,227,378,"[false, false, false]",290,2,1,Starfield Stage - 2
4026,2025-09-28T18:05:44.657910,9,645.0,537.0,1.2081082046392957,True,False,False,True,3,2,0,40,0,4,226,378,"[false, false, false]",290,2,1,Starfield Stage - 2
4027,2025-09-28T18:05:44.667251,10,647.5,539.5,1.207752731603569,True,False,False,True,3,2,0,40,0,4,225,379,"[false, false, false]",290,2,1,Starfield Stage - 2
4028,2025-09-28T18:05:44.675184,8,650.0,542.0,1.207403193299666,True,False,False,True,3,2,0,40,0,4,224,380,"[false, false, false]",290,2,1,Starfield Stage - 2
4029,2025-09-28T18:05:44.683453,8,652.5,544.5,1.2090946084632435,True,False,False,True,4,2,0,40,0,4,223,382,"[true, false, false]",290,2,1,Starfield Stage - 2
4030,2025-09-28T18:05:44.691185,8,655.0,547.0,1.2087395207291651,True,False,False,True,4,2,0,40,0,4,222,383,"[true, false, false]",290,2,1,Starfield Stage - 2
4031,2025-09-28T18:05:44.699469,8,657.5,549.5,1.2103947459141253,True,False,False,True,4,2,0,40,0,4,221,385,"[true, false, false]",290,2,1,Starfield Stage - 2
4032,2025-09-28T18:05:44.707774,9,660.0,552.0,1.21003461883674,True,False,False,True,4,2,0,40,0,4,220,386,"[true, false, false]",290,2,1,Starfield Stage - 2
4033,2025-09-28T18:05:44.716908,9,662.5,554.5,1.2096802713667651,True,False,False,True,4,2,0,40,0,4,219,387,"[true, false, false]",290,2,1,Starfield Stage - 2
4034,2025-09-28T18:05:44.728836,10,665.0,557.0,1.2093315655650156,True,False,False,True,4,2,0,40,0,4,218,388,"[false, false, false]",290,2,1,Starfield Stage - 2
4035,2025-09-28T18:05:44.736496,9,667.5,559.5,1.2063086527598819,True,False,False,True,4,2,0,40,0,4,218,388,"[false, false, false]",290,2,1,Starfield Stage - 2
4036,2025-09-28T18:05:44.744664,8,670.0,562.0,1.203326021001966,True,False,False,True,3,2,0,40,0,4,218,388,"[false, false, false]",290,2,1,Starfield Stage - 2
4037,2025-09-28T18:05:44.752825,9,670.0,564.5,1.1985178543231125,True,True,False,True,3,2,0,40,0,4,218,388,"[false, false, false]",290,2,1,Starfield Stage - 2
4038,2025-09-28T18:05:44.762161,9,670.0,567.0,1.193727674872031,True,True,False,True,3,2,0,40,0,4,218,388,"[false, false, false]",290,2,1,Starfield Stage - 2
4039,2025-09-28T18:05:44.769736,8,667.5,569.5,1.1870338799790239,False,True,False,True,3,2,0,40,0,4,218,388,"[false, false, false]",290,2,1,Starfield Stage - 2
4040,2025-09-28T18:05:44.779266,9,665.0,572.0,1.180301807008066,False,True,False,True,3,2,0,40,0,4,218,388,"[false, false, false]",290,2,1,Starfield Stage - 2
4041,2025-09-28T18:05:44.786927,8,662.5,574.5,1.1735317421002942,False,True,False,True,3,2,0,40,0,4,218,388,"[false, false, false]",290,2,1,Starfield Stage - 2
4042,2025-09-28T18:05:44.795402,8,660.0,577.0,1.166723988564581,False,True,False,True,3,2,0,40,0,4,218,388,"[false, false, false]",290,2,1,Starfield Stage - 2
4043,2025-09-28T18:05:44.803357,8,657.5,579.5,1.1598788670682194,False,True,False,True,3,2,0,40,0,4,218,388,"[false, false, false]",290,2,1,Starfield Stage - 2
4044,2025-09-28T18:05:44.811188,8,655.0,582.0,1.1529967158140415,False,True,False,True,3,2,0,40,0,4,218,388,"[false, false, false]",290,2,1,Starfield Stage - 2
4045,2025-09-28T18:05:44.818824,8,652.5,584.5,1.1460778907032227,False,True,False,True,3,2,0,40,0,4,218,388,"[false, false, false]",290,2,1,Starfield Stage - 2
4046,2025-09-28T18:05:44.828409,9,650.0,587.0,1.1391227654830296,False,True,False,True,3,2,0,40,0,4,218,388,"[false, false, false]",290,2,1,Starfield Stage - 2
4047,2025-09-28T18:05:44.836332,8,647.5,589.5,1.132131731878774,False,True,False,True,3,2,0,40,0,4,218,388,"[false, false, false]",290,2,1,Starfield Stage - 2
4048,2025-09-28T18:05:44.845005,8,645.0,589.5,1.1298828391918367,False,True,False,False,3,2,0,40,0,4,218,388,"[false, false, false]",290,2,1,Starfield Stage - 2
4049,2025-09-28T18:05:44.853244,9,642.5,589.5,1.1276123054325589,False,True,False,False,3,2,0,40,0,4,218,388,"[false, false, false]",290,2,1,Starfield Stage - 2
4050,2025-09-28T18:05:44.861688,8,640.0,589.5,1.1253198404650975,False,True,False,False,3,2,0,40,0,4,218,388,"[false, false, false]",290,2,1,Starfield Stage - 2
4051,2025-09-28T18:05:44.870615,9,637.5,589.5,1.1230051494437636,False,True,False,False,3,2,0,40,0,4,218,388,"[false, false, false]",290,2,1,Starfield Stage - 2
4052,2025-09-28T18:05:44.879145,9,635.0,589.5,1.1265167556938582,False,True,False,False,3,2,0,40,0,4,218,391,"[false, false, false]",290,2,1,Starfield Stage - 2
4053,2025-09-28T18:05:44.887581,8,632.5,589.5,1.1272736390902574,False,True,False,False,3,2,0,40,0,4,221,394,"[false, false, false]",290,2,1,Starfield Stage - 2
4054,2025-09-28T18:05:44.896021,8,630.0,589.5,1.1292224024255044,False,True,False,False,3,2,0,40,0,4,227,399,"[false, false, false]",290,2,1,Starfield Stage - 2
4055,2025-09-28T18:05:44.904196,9,627.5,589.5,1.1324924883792884,False,True,False,False,3,2,0,40,0,4,236,406,"[false, false, false]",290,2,1,Starfield Stage - 2
4056,2025-09-28T18:05:44.913081,8,625.0,589.5,1.1319147893009158,False,True,False,False,3,2,0,40,0,4,249,413,"[false, false, false]",290,2,1,Starfield Stage - 2
4057,2025-09-28T18:05:44.921031,9,622.5,589.5,1.1324954010458927,False,True,False,False,2,2,0,40,0,4,263,421,"[false, false, false]",290,2,1,Starfield Stage - 2
4058,2025-09-28T18:05:44.930693,9,620.0,589.5,1.1297504603016917,False,True,False,False,2,2,0,40,0,4,280,429,"[false, false, false]",290,2,1,Starfield Stage - 2
4059,2025-09-28T18:05:44.939402,9,617.5,589.5,1.120380459717679,False,True,False,False,2,2,0,40,0,4,298,435,"[false, false, false]",290,2,1,Starfield Stage - 2
4060,2025-09-28T18:05:44.947487,8,615.0,589.5,1.1071487177940904,False,True,False,False,2,2,0,40,0,4,318,441,"[false, false, false]",290,2,1,Starfield Stage - 2
4061,2025-09-28T18:05:44.955176,8,612.5,589.5,1.0862433283187831,False,True,False,False,2,2,0,40,0,4,338,445,"[false, false, false]",290,2,1,Starfield Stage - 2
4062,2025-09-28T18:05:44.963502,8,610.0,589.5,1.0574615978366915,False,True,False,False,2,2,0,40,0,4,359,448,"[false, false, false]",290,2,1,Starfield Stage - 2
4063,2025-09-28T18:05:44.973058,9,607.5,589.5,1.0187719316492416,False,True,False,False,2,2,0,40,0,4,381,450,"[false, false, false]",290,2,1,Starfield Stage - 2
4064,2025-09-28T18:05:44.981298,9,605.0,589.5,0.9720717865007836,False,True,False,False,2,2,0,40,0,4,402,451,"[false, false, false]",290,2,1,Starfield Stage - 2
4065,2025-09-28T18:05:44.989319,8,602.5,589.5,0.9109177536909941,False,True,False,False,2,2,0,40,0,4,424,451,"[false, false, false]",290,2,1,Starfield Stage - 2
4066,2025-09-28T18:05:44.998010,8,600.0,587.0,0.8542546526984929,False,True,True,False,2,2,0,40,0,4,445,452,"[false, false, false]",290,2,1,Starfield Stage - 2
4067,2025-09-28T18:05:45.006059,9,597.5,584.5,0.7777937472437549,False,True,True,False,2,2,0,40,0,4,467,452,"[false, false, false]",290,2,1,Starfield Stage - 2
4068,2025-09-28T18:05:45.016000,9,595.0,582.0,0.5371692408601765,False,True,True,False,2,2,0,40,0,4,514,446,"[false, false, false]",290,2,1,Starfield Stage - 2
4069,2025-09-28T18:05:45.024294,9,592.5,579.5,0.3536546188816646,False,True,True,False,2,2,0,40,0,4,541,440,"[false, false, false]",290,2,1,Starfield Stage - 2
4070,2025-09-28T18:05:45.032866,8,590.0,577.0,0.1505757180962231,False,True,True,False,2,2,0,40,0,4,568,432,"[false, false, false]",290,2,1,Starfield Stage - 2
4071,2025-09-28T18:05:45.040847,9,587.5,574.5,-0.05604685101419004,False,True,True,False,2,2,0,40,0,4,596,423,"[false, false, false]",290,2,1,Starfield Stage - 2
4072,2025-09-28T18:05:45.050053,9,585.0,572.0,-0.23459327984235898,False,True,True,False,2,2,0,40,0,4,623,413,"[false, false, false]",290,2,1,Starfield Stage - 2
4073,2025-09-28T18:05:45.059102,9,582.5,569.5,-0.3687542355052099,False,True,True,False,2,2,0,40,0,4,648,400,"[false, false, false]",290,2,1,Starfield Stage - 2
4074,2025-09-28T18:05:45.068300,9,580.0,567.0,-0.45919329547583987,False,True,True,False,2,2,0,40,0,4,669,387,"[false, false, false]",290,2,1,Starfield Stage - 2
4075,2025-09-28T18:05:45.076780,8,577.5,564.5,-0.5295419184311851,False,True,True,False,2,2,0,40,0,4,689,374,"[false, false, false]",290,2,1,Starfield Stage - 2
4076,2025-09-28T18:05:45.085251,9,575.0,562.0,-0.5821819475136389,False,True,True,False,2,2,0,40,0,4,706,363,"[false, false, false]",290,2,1,Starfield Stage - 2
4077,2025-09-28T18:05:45.093952,8,572.5,559.5,-0.6202494859828215,False,True,True,False,2,2,0,40,0,4,720,353,"[false, false, false]",290,2,1,Starfield Stage - 2
4078,2025-09-28T18:05:45.102038,9,570.0,557.0,-0.6554676280694723,False,True,True,False,2,2,0,40,0,4,733,345,"[false, false, false]",290,2,1,Starfield Stage - 2
4079,2025-09-28T18:05:45.111057,9,567.5,554.5,-0.7046914976058913,False,True,True,False,2,2,0,40,0,4,755,334,"[false, false, false]",290,2,1,Starfield Stage - 2
4080,2025-09-28T18:05:45.120148,9,565.0,552.0,-0.7357934995319935,False,True,True,False,2,2,0,40,0,4,766,330,"[false, false, false]",290,2,1,Starfield Stage - 2
4081,2025-09-28T18:05:45.128524,8,562.5,549.5,-0.771731588352342,False,True,True,False,2,2,0,40,0,4,779,327,"[false, false, false]",290,2,1,Starfield Stage - 2
4082,2025-09-28T18:05:45.137448,9,560.0,547.0,-0.8115930437193181,False,True,True,False,2,2,0,40,0,4,795,324,"[false, false, false]",290,2,1,Starfield Stage - 2
4083,2025-09-28T18:05:45.145507,8,557.5,544.5,-0.8526649437984724,False,True,True,False,1,2,0,40,0,4,811,323,"[false, false, false]",290,2,1,Starfield Stage - 2
4084,2025-09-28T18:05:45.153655,8,557.5,542.0,-0.8853677487714912,False,False,True,False,1,2,0,40,0,4,829,320,"[false, false, false]",290,2,1,Starfield Stage - 2
4085,2025-09-28T18:05:45.161744,9,557.5,539.5,-0.9188416424504516,False,False,True,False,1,2,0,40,0,4,849,317,"[false, false, false]",290,2,1,Starfield Stage - 2
4086,2025-09-28T18:05:45.171263,9,557.5,537.0,-0.94584063599452,False,False,True,False,1,2,0,40,0,4,868,313,"[false, false, false]",290,2,1,Starfield Stage - 2
4087,2025-09-28T18:05:45.179358,8,560.0,534.5,-0.9670827255492352,True,False,True,False,1,2,0,40,0,4,887,309,"[false, false, false]",290,2,1,Starfield Stage - 2
4088,2025-09-28T18:05:45.187154,8,562.5,532.0,-0.980763269184889,True,False,True,False,1,2,0,40,0,4,903,304,"[false, false, false]",290,2,1,Starfield Stage - 2
4089,2025-09-28T18:05:45.194686,8,565.0,529.5,-0.9943215393199876,True,False,True,False,1,2,0,40,0,4,918,300,"[false, false, false]",290,2,1,Starfield Stage - 2
4090,2025-09-28T18:05:45.203875,8,567.5,527.0,-1.003442611181462,True,False,True,False,1,2,0,40,0,4,930,296,"[false, false, false]",290,2,1,Starfield Stage - 2
4091,2025-09-28T18:05:45.211773,9,570.0,524.5,-1.0104936428590687,True,False,True,False,1,2,0,40,0,4,939,293,"[false, false, false]",290,2,1,Starfield Stage - 2
4092,2025-09-28T18:05:45.221319,9,572.5,522.0,-1.0180991351595927,True,False,True,False,1,2,0,40,0,4,947,291,"[false, false, false]",290,2,1,Starfield Stage - 2
4093,2025-09-28T18:05:45.228763,8,575.0,519.5,-1.0239654125297064,True,False,True,False,1,2,0,40,0,4,952,290,"[false, false, false]",290,2,1,Starfield Stage - 2
4094,2025-09-28T18:05:45.238467,9,577.5,517.0,-1.030956760733413,True,False,True,False,2,2,0,40,0,4,958,289,"[true, false, false]",290,2,1,Starfield Stage - 2
4095,2025-09-28T18:05:45.247037,9,580.0,514.5,-1.0321247369602078,True,False,True,False,2,2,0,40,0,4,959,288,"[true, false, false]",290,2,1,Starfield Stage - 2
4096,2025-09-28T18:05:45.256590,9,582.5,512.0,-1.0352605540576318,True,False,True,False,2,2,0,40,0,4,960,288,"[true, false, false]",290,2,1,Starfield Stage - 2
4097,2025-09-28T18:05:45.264885,9,585.0,509.5,-1.0372678377459106,True,False,True,False,2,2,0,40,0,4,960,288,"[true, false, false]",290,2,1,Starfield Stage - 2
4098,2025-09-28T18:05:45.274293,9,587.5,509.5,-1.034334067442698,True,False,False,False,2,2,0,40,0,4,960,288,"[false, false, false]",290,2,1,Starfield Stage - 2
4099,2025-09-28T18:05:45.282397,8,590.0,509.5,-1.031371059642726,True,False,False,False,2,2,0,40,0,4,960,288,"[false, false, false]",290,2,1,Starfield Stage - 2
4100,2025-09-28T18:05:45.291002,9,592.5,509.5,-1.0256016936980938,True,False,False,False,2,2,0,40,0,4,961,286,"[false, false, false]",290,2,1,Starfield Stage - 2
4101,2025-09-28T18:05:45.300858,9,595.0,509.5,-1.0190655407492117,True,False,False,False,2,2,0,40,0,4,963,283,"[false, false, false]",290,2,1,Starfield Stage - 2
4102,2025-09-28T18:05:45.308880,9,597.5,509.5,-1.0125639839119251,True,False,False,False,2,2,0,40,0,4,965,280,"[false, false, false]",290,2,1,Starfield Stage - 2
4103,2025-09-28T18:05:45.318416,9,600.0,509.5,-1.0002855777408817,True,False,False,False,2,2,0,40,0,4,967,274,"[false, false, false]",290,2,1,Starfield Stage - 2
4104,2025-09-28T18:05:45.327435,9,602.5,509.5,-0.9793573106573414,True,False,False,False,2,2,0,40,0,4,971,262,"[false, false, false]",290,2,1,Starfield Stage - 2
4105,2025-09-28T18:05:45.336586,9,605.0,509.5,-0.9639105190797806,True,False,False,False,2,2,0,40,0,4,973,254,"[false, false, false]",290,2,1,Starfield Stage - 2
4106,2025-09-28T18:05:45.344317,8,607.5,509.5,-0.9487473568932235,True,False,False,False,2,2,0,40,0,4,975,246,"[false, false, false]",290,2,1,Starfield Stage - 2
4107,2025-09-28T18:05:45.352644,8,610.0,509.5,-0.9303539805837635,True,False,False,False,2,2,0,40,0,4,977,236,"[false, false, false]",290,2,1,Starfield Stage - 2
4108,2025-09-28T18:05:45.361419,9,612.5,509.5,-0.9106983372468676,True,False,False,False,2,2,0,40,0,4,979,225,"[false, false, false]",290,2,1,Starfield Stage - 2
4109,2025-09-28T18:05:45.369028,8,615.0,509.5,-0.8882740846705167,True,False,False,False,2,2,0,40,0,4,981,212,"[false, false, false]",290,2,1,Starfield Stage - 2
4110,2025-09-28T18:05:45.378154,9,617.5,509.5,-0.8636404755054501,True,False,False,False,2,2,0,40,0,4,982,198,"[false, false, false]",290,2,1,Starfield Stage - 2
4111,2025-09-28T18:05:45.386810,9,620.0,509.5,-0.8369139081917478,True,False,False,False,2,2,0,40,0,4,982,183,"[false, false, false]",290,2,1,Starfield Stage - 2
4112,2025-09-28T18:05:45.395987,9,622.5,509.5,-0.8097486502722938,True,False,False,False,2,2,0,40,0,4,980,169,"[false, false, false]",290,2,1,Starfield Stage - 2
4113,2025-09-28T18:05:45.405568,9,625.0,509.5,-0.7832780252313615,True,False,False,False,2,2,0,40,0,4,978,155,"[false, false, false]",290,2,1,Starfield Stage - 2
4114,2025-09-28T18:05:45.414233,9,627.5,509.5,-0.7450301331712997,True,False,False,False,2,2,0,40,0,4,972,136,"[false, false, false]",290,2,1,Starfield Stage - 2
4115,2025-09-28T18:05:45.422698,8,630.0,509.5,-0.730401414256137,True,False,False,False,1,2,0,40,0,4,969,131,"[false, false, false]",290,2,1,Starfield Stage - 2
4116,2025-09-28T18:05:45.431330,9,632.5,509.5,-0.7183658763838093,True,False,False,False,2,2,0,40,0,4,966,128,"[true, false, false]",290,2,1,Starfield Stage - 2
4117,2025-09-28T18:05:45.439734,8,635.0,509.5,-0.7088415342059297,True,False,False,False,2,2,0,40,0,4,963,127,"[true, false, false]",290,2,1,Starfield Stage - 2
4118,2025-09-28T18:05:45.448028,9,637.5,509.5,-0.6992099469153567,True,False,False,False,2,2,0,40,0,4,960,126,"[true, false, false]",290,2,1,Starfield Stage - 2
4119,2025-09-28T18:05:45.457604,9,640.0,509.5,-0.691017482487236,True,False,False,False,2,2,0,40,0,4,958,125,"[true, false, false]",290,2,1,Starfield Stage - 2
4120,2025-09-28T18:05:45.466351,9,642.5,509.5,-0.684027626292139,True,False,False,False,2,2,0,40,0,4,956,125,"[false, false, false]",290,2,1,Starfield Stage - 2
4121,2025-09-28T18:05:45.475062,9,645.0,509.5,-0.6772665879977053,True,False,False,False,2,2,0,40,0,4,955,124,"[false, false, false]",290,2,1,Starfield Stage - 2
4122,2025-09-28T18:05:45.484567,9,647.5,509.5,-0.6733157650411917,True,False,False,False,2,2,0,40,0,4,955,124,"[false, false, false]",290,2,1,Starfield Stage - 2
4123,2025-09-28T18:05:45.493590,9,650.0,512.0,-0.6646018726889031,True,False,False,True,2,2,0,40,0,4,954,124,"[false, false, false]",290,2,1,Starfield Stage - 2
4124,2025-09-28T18:05:45.501808,9,652.5,514.5,-0.6574876282780995,True,False,False,True,2,2,0,40,0,4,954,124,"[false, false, false]",290,2,1,Starfield Stage - 2
4125,2025-09-28T18:05:45.510739,9,655.0,517.0,-0.6503863786838538,True,False,False,True,2,2,0,40,0,4,954,124,"[false, false, false]",290,2,1,Starfield Stage - 2
4126,2025-09-28T18:05:45.520517,9,657.5,519.5,-0.6432988025043187,True,False,False,True,2,2,0,40,0,4,954,124,"[false, false, false]",290,2,1,Starfield Stage - 2
4127,2025-09-28T18:05:45.529152,9,660.0,522.0,-0.6362255702330131,True,False,False,True,2,2,0,40,0,4,954,124,"[false, false, false]",290,2,1,Starfield Stage - 2
4128,2025-09-28T18:05:45.537310,8,662.5,524.5,-0.6291673439123181,True,False,False,True,2,2,0,40,0,4,954,124,"[false, false, false]",290,2,1,Starfield Stage - 2
4129,2025-09-28T18:05:45.545750,8,665.0,527.0,-0.6221247767990638,True,False,False,True,2,2,0,40,0,4,954,124,"[false, false, false]",290,2,1,Starfield Stage - 2
4130,2025-09-28T18:05:45.554486,9,667.5,529.5,-0.6150985130425671,True,False,False,True,2,2,0,40,0,4,954,124,"[false, false, false]",290,2,1,Starfield Stage - 2
4131,2025-09-28T18:05:45.562550,8,670.0,532.0,-0.6080891873754501,True,False,False,True,2,2,0,40,0,4,954,124,"[false, false, false]",290,2,1,Starfield Stage - 2
4132,2025-09-28T18:05:45.570164,8,672.5,534.5,-0.6010974248175309,True,False,False,True,2,2,0,40,0,4,954,124,"[false, false, false]",290,2,1,Starfield Stage - 2
4133,2025-09-28T18:05:45.578464,8,675.0,537.0,-0.5941238403930553,True,False,False,True,2,2,0,40,0,4,954,124,"[false, false, false]",290,2,1,Starfield Stage - 2
4134,2025-09-28T18:05:45.586211,8,677.5,539.5,-0.5871690388614964,True,False,False,True,2,2,0,40,0,4,954,124,"[false, false, false]",290,2,1,Starfield Stage - 2
4135,2025-09-28T18:05:45.594811,9,680.0,542.0,-0.5802336144621217,True,False,False,True,3,2,0,40,0,4,954,124,"[true, false, false]",290,2,1,Starfield Stage - 2
4136,2025-09-28T18:05:45.604502,9,682.5,544.5,-0.5733181506724937,True,False,False,True,3,2,0,40,0,4,954,124,"[true, false, false]",290,2,1,Starfield Stage - 2
4137,2025-09-28T18:05:45.613000,9,685.0,547.0,-0.5664232199810374,True,False,False,True,3,2,0,40,0,4,954,124,"[true, false, false]",290,2,1,Starfield Stage - 2
4138,2025-09-28T18:05:45.622115,9,687.5,549.5,-0.5595493836737757,True,False,False,True,3,2,0,40,0,4,954,124,"[true, false, false]",290,2,1,Starfield Stage - 2
4139,2025-09-28T18:05:45.631299,9,690.0,552.0,-0.5510029221097464,True,False,False,True,3,2,0,40,0,4,953,124,"[true, false, false]",290,2,1,Starfield Stage - 2
4140,2025-09-28T18:05:45.639826,8,692.5,554.5,-0.5424665803179823,True,False,False,True,3,2,0,40,0,4,952,124,"[true, false, false]",290,2,1,Starfield Stage - 2
4141,2025-09-28T18:05:45.647827,9,695.0,557.0,-0.535651144040064,True,False,False,True,3,2,0,40,0,4,952,124,"[false, false, false]",290,2,1,Starfield Stage - 2
4142,2025-09-28T18:05:45.657436,9,697.5,559.5,-0.5281459945377064,True,False,False,True,3,2,0,40,0,4,951,125,"[false, false, false]",290,2,1,Starfield Stage - 2
4143,2025-09-28T18:05:45.665301,8,700.0,562.0,-0.5223512314764551,True,False,False,True,3,2,0,40,0,4,951,126,"[false, false, false]",290,2,1,Starfield Stage - 2
4144,2025-09-28T18:05:45.674326,9,702.5,564.5,-0.5175409791884485,True,False,False,True,3,2,0,40,0,4,951,128,"[false, false, false]",290,2,1,Starfield Stage - 2
4145,2025-09-28T18:05:45.682781,8,705.0,567.0,-0.5109759568485182,True,False,False,True,3,2,0,40,0,4,950,130,"[false, false, false]",290,2,1,Starfield Stage - 2
4146,2025-09-28T18:05:45.691162,9,707.5,569.5,-0.5061276309109762,True,False,False,True,3,3,0,41,0,4,950,132,"[false, false, false]",290,2,1,Starfield Stage - 2
4147,2025-09-28T18:05:45.698893,8,710.0,572.0,-0.49854838239580035,True,False,False,True,3,3,0,41,0,4,949,133,"[false, false, false]",290,2,1,Starfield Stage - 2
4148,2025-09-28T18:05:45.708533,9,712.5,572.0,-0.4950979096652335,True,False,False,False,3,3,0,41,0,4,949,134,"[false, false, false]",290,2,1,Starfield Stage - 2
4149,2025-09-28T18:05:45.717138,9,715.0,572.0,-0.4906680581880709,True,False,False,False,3,3,0,41,0,4,949,134,"[false, false, false]",290,2,1,Starfield Stage - 2
4150,2025-09-28T18:05:45.726077,9,717.5,572.0,-0.48621713946728895,True,False,False,False,3,3,0,41,0,4,949,134,"[false, false, false]",290,2,1,Starfield Stage - 2
4151,2025-09-28T18:05:45.735515,9,720.0,572.0,-0.48174518046841014,True,False,False,False,3,3,0,41,0,4,949,134,"[false, false, false]",290,2,1,Starfield Stage - 2
4152,2025-09-28T18:05:45.743585,8,722.5,572.0,-0.4772522117785814,True,False,False,False,3,3,0,41,0,4,949,134,"[false, false, false]",290,2,1,Starfield Stage - 2
4153,2025-09-28T18:05:45.752173,9,725.0,572.0,-0.4727382676658659,True,False,False,False,3,3,0,41,0,4,949,134,"[false, false, false]",290,2,1,Starfield Stage - 2
4154,2025-09-28T18:05:45.760547,8,727.5,572.0,-0.46820338613803614,True,False,False,False,3,3,0,41,0,4,949,134,"[false, false, false]",290,2,1,Starfield Stage - 2
4155,2025-09-28T18:05:45.769337,9,730.0,572.0,-0.4599879730056217,True,False,False,False,3,3,0,41,0,4,947,134,"[false, false, false]",290,2,1,Starfield Stage - 2
4156,2025-09-28T18:05:45.777482,8,732.5,572.0,-0.44985538016397264,True,False,False,False,3,3,0,41,0,4,944,134,"[false, false, false]",290,2,1,Starfield Stage - 2
4157,2025-09-28T18:05:45.786046,8,735.0,572.0,-0.4321181723350779,True,False,False,False,3,3,0,41,0,4,937,134,"[false, false, false]",290,2,1,Starfield Stage - 2
4158,2025-09-28T18:05:45.794165,9,737.5,572.0,-0.4089078289509254,True,False,False,False,3,3,0,41,0,4,926,137,"[false, false, false]",290,2,1,Starfield Stage - 2
4159,2025-09-28T18:05:45.801938,8,740.0,572.0,-0.373687389343753,True,False,False,False,3,3,0,41,0,4,909,141,"[false, false, false]",290,2,1,Starfield Stage - 2
4160,2025-09-28T18:05:45.811567,9,742.5,572.0,-0.326342539075485,True,False,False,False,3,3,0,41,0,4,886,148,"[false, false, false]",290,2,1,Starfield Stage - 2
4161,2025-09-28T18:05:45.857896,9,745.0,572.0,-0.25910201777941017,True,False,False,False,2,2,0,41,0,4,855,157,"[false, false, false]",310,2,1,Starfield Stage - 2
4162,2025-09-28T18:05:45.863810,39,747.5,569.5,0.280489581843163,True,False,True,False,2,2,0,41,0,4,652,238,"[false, false, false]",310,2,1,Starfield Stage - 2
4163,2025-09-28T18:05:45.868580,9,747.5,567.0,0.4274945807331816,True,True,True,False,2,2,0,41,0,4,609,263,"[false, false, false]",310,2,1,Starfield Stage - 2
4164,2025-09-28T18:05:45.877134,8,747.5,564.5,0.5716106292395623,True,True,True,False,2,2,0,41,0,4,569,287,"[false, false, false]",310,2,1,Starfield Stage - 2
4165,2025-09-28T18:05:45.885886,10,747.5,562.0,0.7114195609521894,True,True,True,False,2,2,0,41,0,4,532,312,"[false, false, false]",310,2,1,Starfield Stage - 2
4166,2025-09-28T18:05:45.895895,9,747.5,559.5,0.930508762300413,True,True,True,False,2,2,0,41,0,4,473,355,"[false, false, false]",310,2,1,Starfield Stage - 2
4167,2025-09-28T18:05:45.905055,9,745.0,557.0,1.0060640003380144,False,True,True,False,2,2,0,41,0,4,453,372,"[false, false, false]",310,2,1,Starfield Stage - 2
4168,2025-09-28T18:05:45.914196,9,742.5,554.5,1.0639776209403056,False,True,True,False,2,2,0,41,0,4,439,386,"[false, false, false]",310,2,1,Starfield Stage - 2
4169,2025-09-28T18:05:45.921713,8,740.0,552.0,1.1058550574549604,False,True,True,False,3,2,0,41,0,4,431,397,"[true, false, false]",310,2,1,Starfield Stage - 2
4170,2025-09-28T18:05:45.930175,9,737.5,549.5,1.137878086745981,False,True,True,False,3,2,0,41,0,4,427,406,"[true, false, false]",310,2,1,Starfield Stage - 2
4171,2025-09-28T18:05:45.938325,8,735.0,547.0,1.1600793636802245,False,True,True,False,3,2,0,41,0,4,425,412,"[true, false, false]",310,2,1,Starfield Stage - 2
4172,2025-09-28T18:05:45.947207,9,732.5,544.5,1.1749665461876277,False,True,True,False,3,2,0,41,0,4,425,416,"[true, false, false]",310,2,1,Starfield Stage - 2
4173,2025-09-28T18:05:45.955761,8,730.0,542.0,1.1874666934909073,False,True,True,False,3,2,0,41,0,4,425,419,"[true, false, false]",310,2,1,Starfield Stage - 2
4174,2025-09-28T18:05:45.964026,9,727.5,539.5,1.193439094726111,False,True,True,False,3,2,0,41,0,4,426,420,"[true, false, false]",310,2,1,Starfield Stage - 2
4175,2025-09-28T18:05:45.973850,9,725.0,537.0,1.198443525544439,False,True,True,False,3,2,0,41,0,4,428,421,"[true, false, false]",310,2,1,Starfield Stage - 2
4176,2025-09-28T18:05:45.982433,9,722.5,534.5,1.1984691068802908,False,True,True,False,3,2,0,41,0,4,437,423,"[false, false, false]",310,2,1,Starfield Stage - 2
4177,2025-09-28T18:05:45.991044,9,720.0,532.0,1.1978086049948355,False,True,True,False,3,2,0,41,0,4,444,424,"[false, false, false]",310,2,1,Starfield Stage - 2
4178,2025-09-28T18:05:46.000307,9,717.5,529.5,1.1958219466180027,False,True,True,False,3,2,0,41,0,4,452,425,"[false, false, false]",310,2,1,Starfield Stage - 2
4179,2025-09-28T18:05:46.008742,8,715.0,527.0,1.1909716128353005,False,True,True,False,3,2,0,41,0,4,462,426,"[false, false, false]",310,2,1,Starfield Stage - 2
4180,2025-09-28T18:05:46.017410,9,712.5,524.5,1.183526079889178,False,True,True,False,3,2,0,41,0,4,471,426,"[false, false, false]",310,2,1,Starfield Stage - 2
4181,2025-09-28T18:05:46.025778,9,710.0,522.0,1.1664316885896084,False,True,True,False,3,2,0,41,0,4,481,424,"[false, false, false]",310,2,1,Starfield Stage - 2
4182,2025-09-28T18:05:46.035328,9,707.5,519.5,1.1549099313194353,False,True,True,False,3,2,0,41,0,4,489,423,"[false, false, false]",310,2,1,Starfield Stage - 2
4183,2025-09-28T18:05:46.043174,8,705.0,517.0,1.1362666993011294,False,True,True,False,3,2,0,41,0,4,496,420,"[false, false, false]",310,2,1,Starfield Stage - 2
4184,2025-09-28T18:05:46.051288,8,702.5,514.5,1.12222295278905,False,True,True,False,2,2,0,41,0,4,502,418,"[false, false, false]",310,2,1,Starfield Stage - 2
4185,2025-09-28T18:05:46.059396,8,700.0,512.0,1.115430101971765,False,True,True,False,2,2,0,41,0,4,506,417,"[false, false, false]",310,2,1,Starfield Stage - 2
4186,2025-09-28T18:05:46.067414,8,697.5,509.5,1.1103368047612474,False,True,True,False,2,2,0,41,0,4,509,416,"[false, false, false]",310,2,1,Starfield Stage - 2
4187,2025-09-28T18:05:46.075928,9,695.0,507.0,1.1136562181245024,False,True,True,False,2,2,0,41,0,4,510,416,"[false, false, false]",310,2,1,Starfield Stage - 2
4188,2025-09-28T18:05:46.085242,9,692.5,504.5,1.1171151652002975,False,True,True,False,2,2,0,41,0,4,511,416,"[false, false, false]",310,2,1,Starfield Stage - 2
4189,2025-09-28T18:05:46.093774,8,690.0,502.0,1.1229131775116927,False,True,True,False,2,2,0,41,0,4,511,416,"[false, false, false]",310,2,1,Starfield Stage - 2
4190,2025-09-28T18:05:46.102459,9,687.5,499.5,1.1382089212640132,False,True,True,False,3,2,0,41,0,4,511,418,"[true, false, false]",310,2,1,Starfield Stage - 2
4191,2025-09-28T18:05:46.111344,9,685.0,497.0,1.2220253232109897,False,True,True,False,3,2,0,41,0,4,509,433,"[true, false, false]",310,2,1,Starfield Stage - 2
4192,2025-09-28T18:05:46.119430,8,682.5,494.5,1.3026276532539058,False,True,True,False,3,2,0,41,0,4,506,446,"[true, false, false]",310,2,1,Starfield Stage - 2
4193,2025-09-28T18:05:46.127896,8,680.0,492.0,1.3810175946149408,False,True,True,False,3,2,0,41,0,4,503,458,"[true, false, false]",310,2,1,Starfield Stage - 2
4194,2025-09-28T18:05:46.136111,9,677.5,489.5,1.461375963369994,False,True,True,False,3,2,0,41,0,4,500,470,"[true, false, false]",310,2,1,Starfield Stage - 2
4195,2025-09-28T18:05:46.145822,9,675.0,487.0,1.5314907380667016,False,True,True,False,3,2,0,41,0,4,497,480,"[true, false, false]",310,2,1,Starfield Stage - 2
4196,2025-09-28T18:05:46.153501,8,672.5,484.5,1.590512081679921,False,True,True,False,3,2,0,41,0,4,495,488,"[true, false, false]",310,2,1,Starfield Stage - 2
4197,2025-09-28T18:05:46.161460,8,670.0,482.0,1.633215136790854,False,True,True,False,3,2,0,41,0,4,494,493,"[false, false, false]",310,2,1,Starfield Stage - 2
4198,2025-09-28T18:05:46.169692,9,667.5,479.5,1.6707486672217107,False,True,True,False,3,2,0,41,0,4,493,497,"[false, false, false]",310,2,1,Starfield Stage - 2
4199,2025-09-28T18:05:46.179525,9,665.0,477.0,1.697285030763623,False,True,True,False,3,2,0,41,0,4,492,499,"[false, false, false]",310,2,1,Starfield Stage - 2
4200,2025-09-28T18:05:46.187014,8,662.5,474.5,1.719256043540361,False,True,True,False,3,2,0,41,0,4,492,500,"[false, false, false]",310,2,1,Starfield Stage - 2
4201,2025-09-28T18:05:46.195543,9,660.0,472.0,1.7417308605717057,False,True,True,False,3,2,0,41,0,4,492,501,"[false, false, false]",310,2,1,Starfield Stage - 2
4202,2025-09-28T18:05:46.204263,8,657.5,469.5,1.7647035287013484,False,True,True,False,3,2,0,41,0,4,492,502,"[false, false, false]",310,2,1,Starfield Stage - 2
4203,2025-09-28T18:05:46.212240,8,655.0,467.0,1.7823085958959413,False,True,True,False,3,2,0,41,0,4,492,502,"[false, false, false]",310,2,1,Starfield Stage - 2
4204,2025-09-28T18:05:46.220381,8,652.5,464.5,1.8062234802510762,False,True,True,False,3,2,0,41,0,4,492,503,"[false, false, false]",310,2,1,Starfield Stage - 2
4205,2025-09-28T18:05:46.227981,8,650.0,462.0,1.824690058335235,False,True,True,False,3,2,0,41,0,4,492,503,"[false, false, false]",310,2,1,Starfield Stage - 2
4206,2025-09-28T18:05:46.236977,9,647.5,459.5,1.8435664802678116,False,True,True,False,3,2,0,41,0,4,492,503,"[false, false, false]",310,2,1,Starfield Stage - 2
4207,2025-09-28T18:05:46.246672,9,645.0,457.0,1.8628526415846294,False,True,True,False,3,2,0,41,0,4,492,503,"[false, false, false]",310,2,1,Starfield Stage - 2
4208,2025-09-28T18:05:46.255045,9,642.5,454.5,1.8825472145048736,False,True,True,False,3,2,0,41,0,4,492,503,"[false, false, false]",310,2,1,Starfield Stage - 2
4209,2025-09-28T18:05:46.265313,9,640.0,452.0,1.9026475477768607,False,True,True,False,3,2,0,41,0,4,492,503,"[false, false, false]",310,2,1,Starfield Stage - 2
4210,2025-09-28T18:05:46.272282,8,637.5,449.5,1.9329289567560388,False,True,True,False,2,2,0,41,0,4,491,505,"[false, false, false]",310,2,1,Starfield Stage - 2
4211,2025-09-28T18:05:46.280585,8,635.0,447.0,1.974855473805289,False,True,True,False,3,2,0,41,0,4,490,509,"[true, false, false]",310,2,1,Starfield Stage - 2
4212,2025-09-28T18:05:46.288995,9,632.5,444.5,2.03304923656055,False,True,True,False,3,2,0,41,0,4,489,516,"[true, false, false]",310,2,1,Starfield Stage - 2
4213,2025-09-28T18:05:46.298127,9,630.0,442.0,2.09448098779114,False,True,True,False,3,2,0,41,0,4,488,524,"[true, false, false]",310,2,1,Starfield Stage - 2
4214,2025-09-28T18:05:46.307206,9,627.5,439.5,2.1563134342179353,False,True,True,False,3,2,0,41,0,4,488,532,"[true, false, false]",310,2,1,Starfield Stage - 2
4215,2025-09-28T18:05:46.315137,8,625.0,437.0,2.210784569476048,False,True,True,False,3,2,0,41,0,4,488,539,"[true, false, false]",310,2,1,Starfield Stage - 2
4216,2025-09-28T18:05:46.325389,9,622.5,434.5,2.2540917654291426,False,True,True,False,3,2,0,41,0,4,488,544,"[true, false, false]",310,2,1,Starfield Stage - 2
4217,2025-09-28T18:05:46.333139,9,620.0,432.0,2.287476947673788,False,True,True,False,3,2,0,41,0,4,488,547,"[true, false, false]",310,2,1,Starfield Stage - 2
4218,2025-09-28T18:05:46.341335,8,617.5,429.5,2.316055418146613,False,True,True,False,3,2,0,41,0,4,488,549,"[true, false, false]",310,2,1,Starfield Stage - 2
4219,2025-09-28T18:05:46.349652,8,615.0,427.0,2.3401958553160016,False,True,True,False,3,2,0,41,0,4,488,550,"[true, false, false]",310,2,1,Starfield Stage - 2
4220,2025-09-28T18:05:46.358236,9,612.5,424.5,2.3601944688592162,False,True,True,False,3,2,0,41,0,4,488,550,"[false, false, false]",310,2,1,Starfield Stage - 2
4221,2025-09-28T18:05:46.367707,9,610.0,422.0,2.380189883784215,False,True,True,False,3,2,0,41,0,4,488,550,"[false, false, false]",310,2,1,Starfield Stage - 2
4222,2025-09-28T18:05:46.376569,9,607.5,419.5,2.4001661284633804,False,True,True,False,3,2,0,41,0,4,488,550,"[false, false, false]",310,2,1,Starfield Stage - 2
4223,2025-09-28T18:05:46.385207,9,605.0,417.0,2.420107322981079,False,True,True,False,3,2,0,41,0,4,488,550,"[false, false, false]",310,2,1,Starfield Stage - 2
4224,2025-09-28T18:05:46.393187,8,602.5,414.5,2.4363437097325247,False,True,True,False,3,2,0,41,0,4,488,549,"[false, false, false]",310,2,1,Starfield Stage - 2
4225,2025-09-28T18:05:46.401913,8,600.0,412.0,2.453447688443911,False,True,True,False,3,2,0,41,0,4,489,547,"[false, false, false]",310,2,1,Starfield Stage - 2
4226,2025-09-28T18:05:46.410514,9,597.5,409.5,2.4554522963631555,False,True,True,False,3,2,0,41,0,4,489,542,"[false, false, false]",310,2,1,Starfield Stage - 2
4227,2025-09-28T18:05:46.455231,8,595.0,407.0,2.4630817009521557,False,True,True,False,2,1,0,41,0,4,491,536,"[false, false, false]",320,2,1,Starfield Stage - 2
4228,2025-09-28T18:05:46.457033,39,592.5,404.5,2.424381299365809,False,True,True,False,3,1,0,41,0,4,497,514,"[true, false, false]",320,2,1,Starfield Stage - 2
4229,2025-09-28T18:05:46.466279,9,590.0,402.0,2.4548827508407514,False,True,True,False,3,1,0,41,0,4,499,513,"[true, false, false]",320,2,1,Starfield Stage - 2
4230,2025-09-28T18:05:46.474661,8,587.5,399.5,2.4903832181447654,False,True,True,False,3,1,0,41,0,4,501,513,"[true, false, false]",320,2,1,Starfield Stage - 2
4231,2025-09-28T18:05:46.483041,9,585.0,397.0,2.5262531117844014,False,True,True,False,3,1,0,41,0,4,503,513,"[true, false, false]",320,2,1,Starfield Stage - 2
4232,2025-09-28T18:05:46.492103,9,582.5,394.5,2.558516118570649,False,True,True,False,3,1,0,41,0,4,505,512,"[true, false, false]",320,2,1,Starfield Stage - 2
4233,2025-09-28T18:05:46.501844,9,580.0,392.0,2.5890083032990794,False,True,True,False,3,1,0,41,0,4,506,512,"[true, false, false]",320,2,1,Starfield Stage - 2
4234,2025-09-28T18:05:46.510056,9,577.5,389.5,2.625528872162077,False,True,True,False,3,1,0,41,0,4,508,512,"[true, false, false]",320,2,1,Starfield Stage - 2
4235,2025-09-28T18:05:46.519304,9,575.0,387.0,2.6495615020220544,False,True,True,False,3,1,0,41,0,4,508,512,"[false, false, false]",320,2,1,Starfield Stage - 2
4236,2025-09-28T18:05:46.527144,8,572.5,384.5,2.67636526707224,False,True,True,False,3,1,0,41,0,4,509,511,"[false, false, false]",320,2,1,Starfield Stage - 2
4237,2025-09-28T18:05:46.535838,8,570.0,382.0,2.696870229628854,False,True,True,False,3,1,0,41,0,4,509,510,"[false, false, false]",320,2,1,Starfield Stage - 2
4238,2025-09-28T18:05:46.545405,9,567.5,379.5,2.724460424049631,False,True,True,False,3,1,0,41,0,4,511,507,"[false, false, false]",320,2,1,Starfield Stage - 2
4239,2025-09-28T18:05:46.552715,9,565.0,377.0,2.750187525464583,False,True,True,False,3,1,0,41,0,4,513,503,"[false, false, false]",320,2,1,Starfield Stage - 2
4240,2025-09-28T18:05:46.563211,9,562.5,374.5,2.7905106603926724,False,True,True,False,3,1,0,41,0,4,518,496,"[false, false, false]",320,2,1,Starfield Stage - 2
4241,2025-09-28T18:05:46.569899,8,560.0,372.0,2.835713782184941,False,True,True,False,3,1,0,41,0,4,524,486,"[false, false, false]",320,2,1,Starfield Stage - 2
4242,2025-09-28T18:05:46.579402,9,557.5,369.5,2.8888963928630926,False,True,True,False,3,1,0,41,0,4,530,476,"[false, false, false]",320,2,1,Starfield Stage - 2
4243,2025-09-28T18:05:46.587418,8,555.0,367.0,2.9680969246270115,False,True,True,False,3,1,0,41,0,4,538,464,"[false, false, false]",320,2,1,Starfield Stage - 2
4244,2025-09-28T18:05:46.596119,9,552.5,364.5,3.057048898076795,False,True,True,False,3,1,0,41,0,4,545,453,"[false, false, false]",320,2,1,Starfield Stage - 2
4245,2025-09-28T18:05:46.605899,10,550.0,362.0,-3.104110216898132,False,True,True,False,3,1,0,41,0,4,553,442,"[false, false, false]",320,2,1,Starfield Stage - 2
4246,2025-09-28T18:05:46.615693,9,547.5,359.5,-2.8493901470950447,False,True,True,False,3,1,0,41,0,4,566,421,"[false, false, false]",320,2,1,Starfield Stage - 2
4247,2025-09-28T18:05:46.623278,8,545.0,357.0,-2.677945044588987,False,True,True,False,3,1,0,41,0,4,572,411,"[false, false, false]",320,2,1,Starfield Stage - 2
4248,2025-09-28T18:05:46.631958,9,542.5,354.5,-2.4997778838388136,False,True,True,False,3,1,0,41,0,4,578,402,"[false, false, false]",320,2,1,Starfield Stage - 2
4249,2025-09-28T18:05:46.641305,9,540.0,352.0,-2.3447007434773144,False,True,True,False,3,1,0,41,0,4,584,395,"[false, false, false]",320,2,1,Starfield Stage - 2
4250,2025-09-28T18:05:46.649277,8,537.5,349.5,-2.20354516179708,False,True,True,False,3,1,0,41,0,4,590,388,"[false, false, false]",320,2,1,Starfield Stage - 2
4251,2025-09-28T18:05:46.658343,8,535.0,347.0,-2.0792856508745867,False,True,True,False,3,1,0,41,0,4,596,381,"[false, false, false]",320,2,1,Starfield Stage - 2
4252,2025-09-28T18:05:46.666060,8,532.5,344.5,-1.9739989254974097,False,True,True,False,3,1,0,41,0,4,604,375,"[false, false, false]",320,2,1,Starfield Stage - 2
4253,2025-09-28T18:05:46.674070,9,530.0,342.0,-1.8743670661185605,False,True,True,False,3,1,0,41,0,4,613,368,"[false, false, false]",320,2,1,Starfield Stage - 2
4254,2025-09-28T18:05:46.683558,9,527.5,339.5,-1.7922353486860823,False,True,True,False,3,1,0,41,0,4,623,361,"[false, false, false]",320,2,1,Starfield Stage - 2
4255,2025-09-28T18:05:46.691959,9,525.0,337.0,-1.7051177687478651,False,True,True,False,3,1,0,41,0,4,636,352,"[false, false, false]",320,2,1,Starfield Stage - 2
4256,2025-09-28T18:05:46.701672,9,522.5,334.5,-1.6451687025739143,False,True,True,False,3,1,0,41,0,4,650,344,"[false, false, false]",320,2,1,Starfield Stage - 2
4257,2025-09-28T18:05:46.709612,8,520.0,332.0,-1.5983755391946375,False,True,True,False,3,1,0,41,0,4,665,336,"[false, false, false]",320,2,1,Starfield Stage - 2
4258,2025-09-28T18:05:46.718869,9,517.5,329.5,-1.5677194134281294,False,True,True,False,3,1,0,41,0,4,680,329,"[false, false, false]",320,2,1,Starfield Stage - 2
4259,2025-09-28T18:05:46.728432,9,515.0,327.0,-1.524910191585961,False,True,True,False,3,2,0,41,0,4,711,318,"[false, false, false]",320,2,1,Starfield Stage - 2
4260,2025-09-28T18:05:46.736223,8,512.5,324.5,-1.5211916629294417,False,True,True,False,3,2,0,41,0,4,724,314,"[false, false, false]",320,2,1,Starfield Stage - 2
4261,2025-09-28T18:05:46.743693,8,510.0,322.0,-1.5179820513152427,False,True,True,False,3,2,0,41,0,4,737,310,"[false, false, false]",320,2,1,Starfield Stage - 2
4262,2025-09-28T18:05:46.751700,8,510.0,319.5,-1.5138957895200615,False,False,True,False,3,2,0,41,0,4,747,306,"[false, false, false]",320,2,1,Starfield Stage - 2
4263,2025-09-28T18:05:46.759232,8,510.0,317.0,-1.5139470794620589,False,False,True,False,3,2,0,41,0,4,756,303,"[false, false, false]",320,2,1,Starfield Stage - 2
4264,2025-09-28T18:05:46.767292,8,510.0,314.5,-1.5174871995507286,False,False,True,False,3,2,0,41,0,4,763,301,"[false, false, false]",320,2,1,Starfield Stage - 2
4265,2025-09-28T18:05:46.775868,9,510.0,312.0,-1.5202557460038562,False,False,True,False,3,2,0,41,0,4,767,299,"[false, false, false]",320,2,1,Starfield Stage - 2
4266,2025-09-28T18:05:46.786005,9,510.0,309.5,-1.5264239270985676,False,False,True,False,3,2,0,41,0,4,769,298,"[false, false, false]",320,2,1,Starfield Stage - 2
4267,2025-09-28T18:05:46.794586,9,510.0,307.0,-1.5323537367737086,False,False,True,False,3,2,0,41,0,4,770,297,"[false, false, false]",320,2,1,Starfield Stage - 2
4268,2025-09-28T18:05:46.803500,9,510.0,304.5,-1.5419581699237777,False,False,True,False,3,2,0,41,0,4,770,297,"[false, false, false]",320,2,1,Starfield Stage - 2
4269,2025-09-28T18:05:46.811494,8,510.0,304.5,-1.5419581699237777,False,False,False,False,3,2,0,41,0,4,770,297,"[false, false, false]",320,2,1,Starfield Stage - 2
4270,2025-09-28T18:05:46.820531,8,510.0,304.5,-1.5419581699237777,False,False,False,False,3,2,0,41,0,4,770,297,"[false, false, false]",320,2,1,Starfield Stage - 2
4271,2025-09-28T18:05:46.828385,9,510.0,304.5,-1.5419581699237777,False,False,False,False,3,2,0,41,0,4,770,297,"[false, false, false]",320,2,1,Starfield Stage - 2
4272,2025-09-28T18:05:46.837538,9,510.0,304.5,-1.5419581699237777,False,False,False,False,3,2,0,41,0,4,770,297,"[false, false, false]",320,2,1,Starfield Stage - 2
4273,2025-09-28T18:05:46.846566,9,510.0,304.5,-1.5419581699237777,False,False,False,False,2,2,0,41,0,4,770,297,"[false, false, false]",320,2,1,Starfield Stage - 2
4274,2025-09-28T18:05:46.855123,9,510.0,304.5,-1.5419581699237777,False,False,False,False,2,2,0,41,0,4,770,297,"[false, false, false]",320,2,1,Starfield Stage - 2
4275,2025-09-28T18:05:46.864498,9,510.0,304.5,-1.5419581699237777,False,False,False,False,2,2,0,41,0,4,770,297,"[false, false, false]",320,2,1,Starfield Stage - 2
4276,2025-09-28T18:05:46.873074,9,510.0,304.5,-1.5419581699237777,False,False,False,False,2,2,0,41,0,4,770,297,"[false, false, false]",320,2,1,Starfield Stage - 2
4277,2025-09-28T18:05:46.882567,9,510.0,304.5,-1.5419581699237777,False,False,False,False,2,2,0,41,0,4,770,297,"[false, false, false]",320,2,1,Starfield Stage - 2
4278,2025-09-28T18:05:46.890634,8,510.0,304.5,-1.5419581699237777,False,False,False,False,2,2,0,41,0,4,770,297,"[false, false, false]",320,2,1,Starfield Stage - 2
4279,2025-09-28T18:05:46.899463,9,510.0,304.5,-1.5419581699237777,False,False,False,False,2,2,0,41,0,4,770,297,"[false, false, false]",320,2,1,Starfield Stage - 2
4280,2025-09-28T18:05:46.908434,9,510.0,304.5,-1.5419581699237777,False,False,False,False,2,2,0,41,0,4,770,297,"[false, false, false]",320,2,1,Starfield Stage - 2
4281,2025-09-28T18:05:46.916438,8,510.0,304.5,-1.5419581699237777,False,False,False,False,2,2,0,41,0,4,770,297,"[false, false, false]",320,2,1,Starfield Stage - 2
4282,2025-09-28T18:05:46.925227,9,510.0,304.5,-1.5344139207473662,False,False,False,False,2,2,0,41,0,4,771,295,"[false, false, false]",320,2,1,Starfield Stage - 2
4283,2025-09-28T18:05:46.933491,8,510.0,304.5,-1.484802035600656,False,False,False,False,2,2,0,41,0,4,771,282,"[false, false, false]",320,2,1,Starfield Stage - 2
4284,2025-09-28T18:05:46.942517,9,510.0,304.5,-1.4454873616336381,False,False,False,False,1,2,0,41,0,4,768,272,"[false, false, false]",320,2,1,Starfield Stage - 2
4285,2025-09-28T18:05:46.950283,8,510.0,304.5,-1.3960109415958557,False,False,False,False,1,2,0,41,0,4,762,260,"[false, false, false]",320,2,1,Starfield Stage - 2
4286,2025-09-28T18:05:46.958150,8,510.0,304.5,-1.3480255040990516,False,False,False,False,0,2,0,41,0,4,755,249,"[false, false, false]",320,2,1,Starfield Stage - 2
4287,2025-09-28T18:05:46.967468,9,510.0,304.5,-1.3040065469196755,False,False,False,False,0,2,0,41,0,4,746,240,"[false, false, false]",320,2,1,Starfield Stage - 2
4288,2025-09-28T18:05:46.976083,9,510.0,304.5,-1.25907888054563,False,False,False,False,0,2,0,41,0,4,735,232,"[false, false, false]",320,2,1,Starfield Stage - 2
4289,2025-09-28T18:05:46.986135,9,510.0,304.5,-1.2248290541821003,False,False,False,False,0,2,0,41,0,4,725,227,"[false, false, false]",320,2,1,Starfield Stage - 2
4290,2025-09-28T18:05:46.993051,8,510.0,304.5,-1.1923943236805739,False,False,False,False,0,2,0,41,0,4,715,223,"[false, false, false]",320,2,1,Starfield Stage - 2
4291,2025-09-28T18:05:47.002040,9,510.0,304.5,-1.1637513602015295,False,False,False,False,0,2,0,41,0,4,706,220,"[false, false, false]",320,2,1,Starfield Stage - 2
4292,2025-09-28T18:05:47.010902,9,510.0,304.5,-1.1354944496688648,False,False,False,False,0,2,0,41,0,4,696,218,"[false, false, false]",320,2,1,Starfield Stage - 2
4293,2025-09-28T18:05:47.020815,9,510.0,304.5,-1.104878574134275,False,False,False,False,0,2,0,41,0,4,686,216,"[false, false, false]",320,2,1,Starfield Stage - 2
4294,2025-09-28T18:05:47.028717,8,510.0,304.5,-1.078820996450329,False,False,False,False,0,2,0,41,0,4,677,215,"[false, false, false]",320,2,1,Starfield Stage - 2
4295,2025-09-28T18:05:47.037165,9,510.0,304.5,-1.0279294501086278,False,False,False,False,0,2,0,41,0,4,660,214,"[false, false, false]",320,2,1,Starfield Stage - 2
4296,2025-09-28T18:05:47.045063,8,510.0,304.5,-1.0097040281460206,False,False,False,False,0,2,0,41,0,4,654,214,"[false, false, false]",320,2,1,Starfield Stage - 2
4297,2025-09-28T18:05:47.053644,9,510.0,304.5,-0.9954406037477849,False,False,False,False,0,2,0,41,0,4,648,215,"[false, false, false]",320,2,1,Starfield Stage - 2
4298,2025-09-28T18:05:47.062474,8,510.0,304.5,-0.9836617785848522,False,False,False,False,1,2,0,41,0,4,643,216,"[true, false, false]",320,2,1,Starfield Stage - 2
4299,2025-09-28T18:05:47.071144,9,510.0,304.5,-0.9711663402909452,False,False,False,False,1,2,0,41,0,4,638,217,"[true, false, false]",320,2,1,Starfield Stage - 2
4300,2025-09-28T18:05:47.079212,8,512.5,304.5,-0.9497557017366272,True,False,False,False,1,1,0,41,0,4,632,219,"[true, false, false]",320,2,1,Starfield Stage - 2
4301,2025-09-28T18:05:47.087180,8,515.0,304.5,-0.9244441922267036,True,False,False,False,1,1,0,41,0,4,627,220,"[true, false, false]",320,2,1,Starfield Stage - 2
4302,2025-09-28T18:05:47.095967,9,517.5,304.5,-0.8908259145203391,True,False,False,False,1,1,0,41,0,4,622,220,"[true, false, false]",320,2,1,Starfield Stage - 2
4303,2025-09-28T18:05:47.105195,9,520.0,304.5,-0.8600514137693737,True,False,False,False,1,1,0,41,0,4,617,221,"[true, false, false]",320,2,1,Starfield Stage - 2
4304,2025-09-28T18:05:47.113466,8,522.5,304.5,-0.820066348606948,True,False,False,False,1,1,0,41,0,4,612,221,"[true, false, false]",320,2,1,Starfield Stage - 2
4305,2025-09-28T18:05:47.121911,9,525.0,304.5,-0.7823951694214506,True,False,False,False,1,1,0,41,0,4,608,221,"[false, false, false]",320,2,1,Starfield Stage - 2
4306,2025-09-28T18:05:47.132579,9,527.5,304.5,-0.7416760447958607,True,False,False,False,0,0,0,0,0,0,604,221,"[false, false, false]",320,2,1,Starfield Stage - 2
4307,2025-09-28T18:05:47.139777,8,530.0,304.5,-0.6987985787097499,True,False,False,False,0,0,0,0,0,0,601,220,"[false, false, false]",320,2,1,Starfield Stage - 2
4308,2025-09-28T18:05:47.148755,9,532.5,304.5,-0.6667527316037473,True,False,False,False,0,0,0,0,0,0,599,220,"[false, false, false]",320,2,1,Starfield Stage - 2
4309,2025-09-28T18:05:47.157512,9,535.0,304.5,-0.6330053110160516,True,False,False,False,0,0,0,0,0,0,597,220,"[false, false, false]",320,2,1,Starfield Stage - 2
4310,2025-09-28T18:05:47.165396,8,537.5,304.5,-0.6055446636049701,True,False,False,False,0,0,0,0,0,0,596,220,"[false, false, false]",320,2,1,Starfield Stage - 2
4311,2025-09-28T18:05:47.174152,8,540.0,304.5,-0.5601933628775752,True,False,False,False,0,0,0,0,0,0,593,220,"[false, false, false]",320,2,1,Starfield Stage - 2
4312,2025-09-28T18:05:47.181139,8,542.5,304.5,-0.5386773417543919,True,False,False,False,0,0,0,0,0,0,593,220,"[false, false, false]",320,2,1,Starfield Stage - 2
4313,2025-09-28T18:05:47.190723,9,545.0,304.5,-0.49851719055559585,True,False,False,False,0,0,0,0,0,0,591,220,"[false, false, false]",320,2,1,Starfield Stage - 2
4314,2025-09-28T18:05:47.198975,8,547.5,304.5,-0.47541177215056485,True,False,False,False,0,0,0,0,0,0,591,220,"[false, false, false]",320,2,1,Starfield Stage - 2
4315,2025-09-28T18:05:47.207844,9,550.0,304.5,-0.4517434094424963,True,False,False,False,0,0,0,0,0,0,591,220,"[false, false, false]",320,2,1,Starfield Stage - 2
4316,2025-09-28T18:05:47.217233,9,552.5,304.5,-0.42751875848803056,True,False,False,False,0,0,0,0,0,0,591,220,"[false, false, false]",320,2,1,Starfield Stage - 2
4317,2025-09-28T18:05:47.225623,9,555.0,304.5,-0.4027474007228181,True,False,False,False,0,0,0,0,0,0,591,220,"[false, false, false]",320,2,1,Starfield Stage - 2
4318,2025-09-28T18:05:47.234439,8,557.5,304.5,-0.3774420353250273,True,False,False,False,0,0,0,0,0,0,591,220,"[false, false, false]",320,2,1,Starfield Stage - 2
4319,2025-09-28T18:05:47.242204,8,560.0,304.5,-0.3516186465748182,True,False,False,False,0,0,0,0,0,0,591,220,"[false, false, false]",320,2,1,Starfield Stage - 2
4320,2025-09-28T18:05:47.249637,8,562.5,304.5,-0.3289188903937342,True,False,False,False,0,0,0,0,0,0,591,221,"[false, false, false]",320,2,1,Starfield Stage - 2
4321,2025-09-28T18:05:47.259333,9,565.0,304.5,-0.2942345651111878,True,False,False,False,1,0,0,0,0,0,590,222,"[true, false, false]",320,2,1,Starfield Stage - 2
4322,2025-09-28T18:05:47.267500,8,567.5,304.5,-0.26412212691916825,True,False,False,False,0,0,0,0,0,0,589,225,"[true, false, false]",320,2,1,Starfield Stage - 2
4323,2025-09-28T18:05:47.275283,9,570.0,304.5,-0.24344020280217726,True,False,False,False,0,0,0,0,0,0,589,228,"[true, false, false]",320,2,1,Starfield Stage - 2
4324,2025-09-28T18:05:47.284266,8,572.5,304.5,-0.20512736453791688,True,False,False,False,0,0,0,0,0,0,588,230,"[true, false, false]",320,2,1,Starfield Stage - 2
4325,2025-09-28T18:05:47.291991,8,575.0,307.0,-0.1607627406258347,True,False,False,True,0,0,0,0,0,0,587,233,"[true, false, false]",320,2,1,Starfield Stage - 2
4326,2025-09-28T18:05:47.301504,9,577.5,309.5,-0.1251699902913368,True,False,False,True,0,0,0,0,0,0,587,234,"[true, false, false]",320,2,1,Starfield Stage - 2
4327,2025-09-28T18:05:47.309700,9,580.0,312.0,-0.07776493960273234,True,False,False,True,0,0,0,0,0,0,586,235,"[false, false, false]",320,2,1,Starfield Stage - 2
4328,2025-09-28T18:05:47.319208,9,582.5,314.5,-0.04455647813620993,True,False,False,True,0,0,0,0,0,0,586,236,"[false, false, false]",320,2,1,Starfield Stage - 2
4329,2025-09-28T18:05:47.327401,9,585.0,317.0,-0.012345051844224488,True,False,False,True,0,0,0,0,0,0,586,236,"[false, false, false]",320,2,1,Starfield Stage - 2
4330,2025-09-28T18:05:47.335890,8,587.5,319.5,0.01817981507297828,True,False,False,True,0,0,0,0,0,0,586,237,"[false, false, false]",320,2,1,Starfield Stage - 2
4331,2025-09-28T18:05:47.344370,9,590.0,322.0,0.04815551305991548,True,False,False,True,0,0,0,0,0,0,586,239,"[false, false, false]",320,2,1,Starfield Stage - 2
4332,2025-09-28T18:05:47.352563,8,592.5,324.5,0.07862545726563365,True,False,False,True,0,0,0,0,0,0,586,242,"[false, false, false]",320,2,1,Starfield Stage - 2
4333,2025-09-28T18:05:47.360995,8,595.0,327.0,0.10931853388790005,True,False,False,True,0,0,0,0,0,0,586,245,"[false, false, false]",320,2,1,Starfield Stage - 2
4334,2025-09-28T18:05:47.369199,9,597.5,329.5,0.1329687204243272,True,False,False,True,0,0,0,0,0,0,587,251,"[false, false, false]",320,2,1,Starfield Stage - 2
4335,2025-09-28T18:05:47.377675,8,600.0,332.0,0.1343214419529685,True,False,False,True,0,0,0,0,0,0,590,258,"[false, false, false]",320,2,1,Starfield Stage - 2
4336,2025-09-28T18:05:47.386316,8,602.5,334.5,0.12713019556272384,True,False,False,True,0,0,0,0,0,0,594,268,"[false, false, false]",320,2,1,Starfield Stage - 2
4337,2025-09-28T18:05:47.394095,8,605.0,337.0,0.08749534080239131,True,False,False,True,0,0,0,0,0,0,600,280,"[false, false, false]",320,2,1,Starfield Stage - 2
4338,2025-09-28T18:05:47.402702,9,607.5,339.5,0.011235482257962729,True,False,False,True,0,0,0,0,0,0,607,295,"[false, false, false]",320,2,1,Starfield Stage - 2
4339,2025-09-28T18:05:47.410944,8,610.0,339.5,-0.20131710837464076,True,False,False,False,0,0,0,0,0,0,615,315,"[false, false, false]",320,2,1,Starfield Stage - 2
4340,2025-09-28T18:05:47.419537,9,612.5,339.5,-1.6183794300718801,True,False,False,False,0,0,0,0,0,0,623,340,"[false, false, false]",320,2,1,Starfield Stage - 2
4341,2025-09-28T18:05:47.429180,9,612.5,339.5,-2.549405974040151,True,True,False,False,0,0,0,0,0,0,631,367,"[false, false, false]",320,2,1,Starfield Stage - 2
4342,2025-09-28T18:05:47.437359,9,612.5,339.5,-2.730528106199929,True,True,False,False,0,0,0,0,0,0,638,398,"[false, false, false]",320,2,1,Starfield Stage - 2
4343,2025-09-28T18:05:47.446751,9,610.0,339.5,-2.8062122121784174,False,True,False,False,0,0,0,0,0,0,652,460,"[false, false, false]",320,2,1,Starfield Stage - 2
4344,2025-09-28T18:05:47.455662,9,607.5,339.5,-2.815834104622727,False,True,False,False,0,0,0,0,0,0,658,489,"[false, false, false]",320,2,1,Starfield Stage - 2
4345,2025-09-28T18:05:47.464362,8,605.0,339.5,-2.8172801919031185,False,True,False,False,0,0,0,0,0,0,664,515,"[false, false, false]",320,2,1,Starfield Stage - 2
4346,2025-09-28T18:05:47.472358,9,602.5,339.5,-2.8213618548620176,False,True,False,False,0,0,0,0,0,0,668,537,"[false, false, false]",320,2,1,Starfield Stage - 2
4347,2025-09-28T18:05:47.481278,8,600.0,339.5,-2.8191462050814065,False,True,False,False,0,0,0,0,0,0,672,555,"[false, false, false]",320,2,1,Starfield Stage - 2
4348,2025-09-28T18:05:47.488946,8,597.5,339.5,-2.8172413248229997,False,True,False,False,0,0,0,0,0,0,675,570,"[false, false, false]",320,2,1,Starfield Stage - 2
4349,2025-09-28T18:05:47.498125,9,595.0,339.5,-2.8155184695568685,False,True,False,False,0,0,0,0,0,0,677,582,"[false, false, false]",320,2,1,Starfield Stage - 2
4350,2025-09-28T18:05:47.507986,10,592.5,339.5,-2.8150971763213866,False,True,False,False,0,0,0,0,0,0,678,592,"[false, false, false]",320,2,1,Starfield Stage - 2
4351,2025-09-28T18:05:47.517087,9,590.0,339.5,-2.8181287941876767,False,True,False,False,1,0,0,0,0,0,678,602,"[true, false, false]",320,2,1,Starfield Stage - 2
4352,2025-09-28T18:05:47.526013,9,587.5,339.5,-2.8306524888672575,False,True,False,False,0,0,0,0,0,0,677,618,"[true, false, false]",320,2,1,Starfield Stage - 2
4353,2025-09-28T18:05:47.534226,9,585.0,339.5,-2.8330339460408105,False,True,False,False,0,0,0,0,0,0,676,625,"[true, false, false]",320,2,1,Starfield Stage - 2
4354,2025-09-28T18:05:47.543084,8,582.5,339.5,-2.836455316200792,False,True,False,False,0,0,0,0,0,0,674,630,"[true, false, false]",320,2,1,Starfield Stage - 2
4355,2025-09-28T18:05:47.552058,9,580.0,339.5,-2.835713782184941,False,True,False,False,0,0,0,0,0,0,673,634,"[true, false, false]",320,2,1,Starfield Stage - 2
4356,2025-09-28T18:05:47.560778,9,577.5,339.5,-2.83402554518446,False,True,False,False,0,0,0,0,0,0,672,637,"[true, false, false]",320,2,1,Starfield Stage - 2
4357,2025-09-28T18:05:47.570027,9,575.0,339.5,-2.8314051836173837,False,True,False,False,0,0,0,0,0,0,671,639,"[true, false, false]",320,2,1,Starfield Stage - 2
4358,2025-09-28T18:05:47.578698,9,572.5,339.5,-2.824842057527109,False,True,False,False,0,0,0,0,0,0,671,640,"[true, false, false]",320,2,1,Starfield Stage - 2
4359,2025-09-28T18:05:47.587299,9,570.0,339.5,-2.818350305172987,False,True,False,False,0,0,0,0,0,0,671,641,"[true, false, false]",320,2,1,Starfield Stage - 2
4360,2025-09-28T18:05:47.596167,8,567.5,339.5,-2.8109137650133142,False,True,False,False,0,0,0,0,0,0,671,641,"[true, false, false]",320,2,1,Starfield Stage - 2
4361,2025-09-28T18:05:47.603854,8,565.0,337.0,-2.806090510299941,False,True,True,False,0,0,0,0,0,0,671,641,"[false, false, false]",320,2,1,Starfield Stage - 2
4362,2025-09-28T18:05:47.611880,8,562.5,334.5,-2.801361713044163,False,True,True,False,0,0,0,0,0,0,671,641,"[false, false, false]",320,2,1,Starfield Stage - 2
4363,2025-09-28T18:05:47.620768,9,560.0,332.0,-2.796724830808858,False,True,True,False,0,0,0,0,0,0,671,641,"[false, false, false]",320,2,1,Starfield Stage - 2
4364,2025-09-28T18:05:47.629183,9,557.5,329.5,-2.792177403219616,False,True,True,False,0,0,0,0,0,0,671,641,"[false, false, false]",320,2,1,Starfield Stage - 2
4365,2025-09-28T18:05:47.637327,8,555.0,327.0,-2.787717049115969,False,True,True,False,0,0,0,0,0,0,671,641,"[false, false, false]",320,2,1,Starfield Stage - 2
4366,2025-09-28T18:05:47.646438,8,552.5,324.5,-2.7833414637919724,False,True,True,False,0,0,0,0,0,0,671,641,"[false, false, false]",320,2,1,Starfield Stage - 2
4367,2025-09-28T18:05:47.654316,9,550.0,322.0,-2.7790484163252858,False,True,True,False,0,0,0,0,0,0,671,641,"[false, false, false]",320,2,1,Starfield Stage - 2
4368,2025-09-28T18:05:47.663095,8,547.5,319.5,-2.774835746993612,False,True,True,False,0,0,0,0,0,0,671,641,"[false, false, false]",320,2,1,Starfield Stage - 2
4369,2025-09-28T18:05:47.671399,9,545.0,317.0,-2.770701364777131,False,True,True,False,0,0,0,0,0,0,671,641,"[false, false, false]",320,2,1,Starfield Stage - 2
4370,2025-09-28T18:05:47.680213,9,542.5,314.5,-2.7666432449453473,False,True,True,False,0,0,0,0,0,0,671,641,"[false, false, false]",320,2,1,Starfield Stage - 2
4371,2025-09-28T18:05:47.689067,8,540.0,312.0,-2.765285726856565,False,True,True,False,0,0,0,0,0,0,670,641,"[false, false, false]",320,2,1,Starfield Stage - 2
4372,2025-09-28T18:05:47.698333,9,537.5,309.5,-2.7613463544949712,False,True,True,False,0,0,0,0,0,0,670,641,"[false, false, false]",320,2,1,Starfield Stage - 2
4373,2025-09-28T18:05:47.705771,8,535.0,307.0,-2.7574780447137575,False,True,True,False,0,0,0,0,0,0,670,641,"[false, false, false]",320,2,1,Starfield Stage - 2
4374,2025-09-28T18:05:47.714859,9,532.5,304.5,-2.7536790045462634,False,True,True,False,0,0,0,0,0,0,670,641,"[false, false, false]",320,2,1,Starfield Stage - 2
4375,2025-09-28T18:05:47.723252,8,530.0,302.0,-2.7499474966657362,False,True,True,False,0,0,0,0,0,0,670,641,"[false, false, false]",320,2,1,Starfield Stage - 2
4376,2025-09-28T18:05:47.730726,8,527.5,299.5,-2.7462818374395734,False,True,True,False,0,0,0,0,0,0,670,641,"[false, false, false]",320,2,1,Starfield Stage - 2
4377,2025-09-28T18:05:47.739464,9,525.0,297.0,-2.7426803950533047,False,True,True,False,0,0,0,0,0,0,670,641,"[false, false, false]",320,2,1,Starfield Stage - 2
4378,2025-09-28T18:05:47.748184,8,522.5,294.5,-2.7391415877022194,False,True,True,False,0,0,0,0,0,0,670,641,"[false, false, false]",320,2,1,Starfield Stage - 2
4379,2025-09-28T18:05:47.755789,8,520.0,292.0,-2.735663881848553,False,True,True,False,0,0,0,0,0,0,670,641,"[false, false, false]",320,2,1,Starfield Stage - 2
4380,2025-09-28T18:05:47.764059,8,517.5,289.5,-2.7322457905421507,False,True,True,False,0,0,0,0,0,0,670,641,"[false, false, false]",320,2,1,Starfield Stage - 2
4381,2025-09-28T18:05:47.773272,9,515.0,287.0,-2.728885871802533,False,True,True,False,1,0,0,0,0,0,670,641,"[true, false, false]",320,2,1,Starfield Stage - 2
4382,2025-09-28T18:05:47.780560,8,512.5,284.5,-2.7255827270603272,False,True,True,False,0,0,0,0,0,0,670,641,"[true, false, false]",320,2,1,Starfield Stage - 2
4383,2025-09-28T18:05:47.789197,9,510.0,282.0,-2.722334999656051,False,True,True,False,0,0,0,0,0,0,670,641,"[true, false, false]",320,2,1,Starfield Stage - 2
4384,2025-09-28T18:05:47.797838,8,510.0,279.5,-2.7249093527123645,False,False,True,False,0,0,0,0,0,0,670,641,"[true, false, false]",320,2,1,Starfield Stage - 2
4385,2025-09-28T18:05:47.807223,10,510.0,277.0,-2.7274541031135815,False,False,True,False,0,0,0,0,0,0,670,641,"[true, false, false]",320,2,1,Starfield Stage - 2
4386,2025-09-28T18:05:47.816529,8,510.0,274.5,-2.7345623609413683,False,False,True,False,0,0,0,0,0,0,668,641,"[true, false, false]",320,2,1,Starfield Stage - 2
4387,2025-09-28T18:05:47.824535,9,510.0,272.0,-2.7416172485389882,False,False,True,False,0,0,0,0,0,0,666,641,"[false, false, false]",320,2,1,Starfield Stage - 2
4388,2025-09-28T18:05:47.833604,9,510.0,269.5,-2.754588340548916,False,False,True,False,0,0,0,0,0,0,661,640,"[false, false, false]",320,2,1,Starfield Stage - 2
4389,2025-09-28T18:05:47.843010,9,512.5,267.0,-2.780467315117672,True,False,True,False,0,0,0,0,0,0,653,639,"[false, false, false]",320,2,1,Starfield Stage - 2
4390,2025-09-28T18:05:47.851934,9,515.0,264.5,-2.807377927644113,True,False,True,False,0,0,0,0,0,0,644,636,"[false, false, false]",320,2,1,Starfield Stage - 2
4391,2025-09-28T18:05:47.860508,9,517.5,262.0,-2.8422416108673025,True,False,True,False,0,0,0,0,0,0,632,633,"[false, false, false]",320,2,1,Starfield Stage - 2
4392,2025-09-28T18:05:47.868998,8,520.0,259.5,-2.8809902618424523,True,False,True,False,0,0,0,0,0,0,618,627,"[false, false, false]",320,2,1,Starfield Stage - 2
4393,2025-09-28T18:05:47.877603,9,522.5,257.0,-2.9233612806167453,True,False,True,False,0,0,0,0,0,0,603,620,"[false, false, false]",320,2,1,Starfield Stage - 2
4394,2025-09-28T18:05:47.887049,9,525.0,257.0,-3.01546461125562,True,False,False,False,0,0,0,0,0,0,569,604,"[false, false, false]",320,2,1,Starfield Stage - 2
4395,2025-09-28T18:05:47.895835,9,527.5,257.0,-3.0749260161559913,True,False,False,False,0,0,0,0,0,0,550,594,"[false, false, false]",320,2,1,Starfield Stage - 2
4396,2025-09-28T18:05:47.904245,9,530.0,257.0,3.138525178548289,True,False,False,False,0,0,0,0,0,0,529,583,"[false, false, false]",320,2,1,Starfield Stage - 2
4397,2025-09-28T18:05:47.913866,9,532.5,257.0,3.063227821625941,True,False,False,False,0,0,0,0,0,0,508,569,"[false, false, false]",320,2,1,Starfield Stage - 2
4398,2025-09-28T18:05:47.922566,9,535.0,257.0,2.974253399175261,True,False,False,False,0,0,0,0,0,0,485,553,"[false, false, false]",320,2,1,Starfield Stage - 2
4399,2025-09-28T18:05:47.931446,9,537.5,257.0,2.868784820938948,True,False,False,False,0,0,0,0,0,0,460,534,"[false, false, false]",320,2,1,Starfield Stage - 2
4400,2025-09-28T18:05:47.939699,8,540.0,257.0,2.7496002951242247,True,False,False,False,0,0,0,0,0,0,435,511,"[false, false, false]",320,2,1,Starfield Stage - 2
4401,2025-09-28T18:05:47.949463,9,542.5,257.0,2.608033548792513,True,False,False,False,0,0,0,0,0,0,409,483,"[false, false, false]",320,2,1,Starfield Stage - 2
4402,2025-09-28T18:05:47.957828,9,545.0,257.0,2.44685437739309,True,False,False,False,0,0,0,0,0,0,385,449,"[false, false, false]",320,2,1,Starfield Stage - 2
4403,2025-09-28T18:05:47.966226,8,547.5,257.0,2.0904875486461907,True,False,False,False,0,0,0,0,0,0,350,370,"[false, false, false]",320,2,1,Starfield Stage - 2
4404,2025-09-28T18:05:47.973925,8,550.0,257.0,2.085082868064346,True,False,False,False,0,0,0,0,0,0,350,370,"[false, false, false]",320,2,1,Starfield Stage - 2
4405,2025-09-28T18:05:47.982858,9,552.5,257.0,1.7080132283629677,True,False,False,False,0,0,0,0,0,0,328,288,"[false, false, false]",320,2,1,Starfield Stage - 2
4406,2025-09-28T18:05:47.991471,8,555.0,257.0,1.5326792046222653,True,False,False,False,0,0,0,0,0,0,319,248,"[false, false, false]",320,2,1,Starfield Stage - 2
4407,2025-09-28T18:05:47.999679,9,557.5,257.0,1.3848310929269878,True,False,False,False,0,0,0,0,0,0,313,211,"[false, false, false]",320,2,1,Starfield Stage - 2
4408,2025-09-28T18:05:48.009168,9,560.0,257.0,1.2610933822524404,True,False,False,False,0,0,0,0,0,0,310,177,"[false, false, false]",320,2,1,Starfield Stage - 2
4409,2025-09-28T18:05:48.016639,8,562.5,257.0,1.1518343982345507,True,False,False,False,0,0,0,0,0,0,311,145,"[false, false, false]",320,2,1,Starfield Stage - 2
4410,2025-09-28T18:05:48.025026,8,565.0,257.0,1.0630133598126643,True,False,False,False,0,0,0,0,0,0,317,119,"[false, false, false]",320,2,1,Starfield Stage - 2
4411,2025-09-28T18:05:48.033908,9,567.5,257.0,0.9770106551874751,True,False,False,False,0,0,0,0,0,0,329,96,"[false, false, false]",320,2,1,Starfield Stage - 2
4412,2025-09-28T18:05:48.043025,9,570.0,257.0,0.8916957391675759,True,False,False,False,0,0,0,0,0,0,347,77,"[false, false, false]",320,2,1,Starfield Stage - 2
4413,2025-09-28T18:05:48.052475,9,572.5,257.0,0.8067249169099848,True,False,False,False,0,0,0,0,0,0,369,62,"[false, false, false]",320,2,1,Starfield Stage - 2
4414,2025-09-28T18:05:48.059810,8,575.0,257.0,0.707431529565906,True,False,False,False,0,0,0,0,0,0,398,50,"[false, false, false]",320,2,1,Starfield Stage - 2
4415,2025-09-28T18:05:48.069374,9,577.5,257.0,0.6034762884064062,True,False,False,False,0,0,0,0,0,0,430,43,"[false, false, false]",320,2,1,Starfield Stage - 2
4416,2025-09-28T18:05:48.077744,9,580.0,257.0,0.335448327769508,True,False,False,False,0,0,0,0,0,0,504,39,"[false, false, false]",320,2,1,Starfield Stage - 2
4417,2025-09-28T18:05:48.086597,9,582.5,257.0,0.18169474157428755,True,False,False,False,0,0,0,0,0,0,543,42,"[false, false, false]",320,2,1,Starfield Stage - 2
4418,2025-09-28T18:05:48.095420,9,585.0,257.0,-0.0,True,False,False,False,0,0,0,0,0,0,585,50,"[false, false, false]",320,2,1,Starfield Stage - 2
4419,2025-09-28T18:05:48.103500,8,587.5,257.0,-0.20187537059841557,True,False,False,False,0,0,0,0,0,0,627,64,"[false, false, false]",320,2,1,Starfield Stage - 2
4420,2025-09-28T18:05:48.111850,8,590.0,257.0,-0.42357473331228646,True,False,False,False,0,0,0,0,0,0,668,84,"[false, false, false]",320,2,1,Starfield Stage - 2
4421,2025-09-28T18:05:48.120723,9,592.5,257.0,-0.66174921721536,True,False,False,False,0,0,0,0,0,0,707,110,"[false, false, false]",320,2,1,Starfield Stage - 2
4422,2025-09-28T18:05:48.129722,9,595.0,257.0,-0.9187025186384781,True,False,False,False,0,0,0,0,0,0,743,144,"[false, false, false]",320,2,1,Starfield Stage - 2
4423,2025-09-28T18:05:48.138913,9,597.5,257.0,-1.1806143928916384,True,False,False,False,0,0,0,0,0,0,775,184,"[false, false, false]",320,2,1,Starfield Stage - 2
4424,2025-09-28T18:05:48.148082,9,600.0,257.0,-1.4233591626669586,True,False,False,False,0,0,0,0,0,0,802,227,"[false, false, false]",320,2,1,Starfield Stage - 2
4425,2025-09-28T18:05:48.158108,10,602.5,257.0,-1.8211936560987712,True,False,False,False,0,0,0,0,0,0,841,318,"[false, false, false]",320,2,1,Starfield Stage - 2
4426,2025-09-28T18:05:48.168936,10,605.0,259.5,-1.977410976253513,True,False,False,True,0,0,0,0,0,0,850,365,"[false, false, false]",320,2,1,Starfield Stage - 2
4427,2025-09-28T18:05:48.176787,9,605.0,262.0,-2.1106202345212544,True,True,False,True,0,0,0,0,0,0,852,410,"[false, false, false]",320,2,1,Starfield Stage - 2
4428,2025-09-28T18:05:48.185738,8,605.0,264.5,-2.2376773903095564,True,True,False,True,0,0,0,0,0,0,847,455,"[false, false, false]",320,2,1,Starfield Stage - 2
4429,2025-09-28T18:05:48.193614,9,605.0,267.0,-2.3540063098773447,True,True,False,True,0,0,0,0,0,0,834,495,"[false, false, false]",320,2,1,Starfield Stage - 2
4430,2025-09-28T18:05:48.201654,8,605.0,269.5,-2.4668517113662407,True,True,False,True,0,0,0,0,0,0,815,532,"[false, false, false]",320,2,1,Starfield Stage - 2
4431,2025-09-28T18:05:48.210763,9,605.0,272.0,-2.5833001808263525,True,True,False,True,0,0,0,0,0,0,788,565,"[false, false, false]",320,2,1,Starfield Stage - 2
4432,2025-09-28T18:05:48.219352,9,605.0,274.5,-2.704020558055436,True,True,False,True,0,0,0,0,0,0,754,593,"[false, false, false]",320,2,1,Starfield Stage - 2
4433,2025-09-28T18:05:48.228469,9,605.0,277.0,-2.8286914257094087,True,True,False,True,0,0,0,0,0,0,715,617,"[false, false, false]",320,2,1,Starfield Stage - 2
4434,2025-09-28T18:05:48.236879,8,605.0,279.5,-2.9671598226452813,True,True,False,True,0,0,0,0,0,0,668,637,"[false, false, false]",320,2,1,Starfield Stage - 2
4435,2025-09-28T18:05:48.245775,9,602.5,282.0,3.0395546492074876,False,True,False,True,0,0,0,0,0,0,564,658,"[false, false, false]",320,2,1,Starfield Stage - 2
4436,2025-09-28T18:05:48.254827,9,600.0,284.5,2.9013191000330534,False,True,False,True,0,0,0,0,0,0,508,660,"[false, false, false]",320,2,1,Starfield Stage - 2
4437,2025-09-28T18:05:48.263655,9,597.5,287.0,2.772144649217474,False,True,False,True,0,0,0,0,0,0,455,655,"[false, false, false]",320,2,1,Starfield Stage - 2
4438,2025-09-28T18:05:48.272639,9,595.0,289.5,2.645395837822278,False,True,False,True,0,0,0,0,0,0,402,646,"[false, false, false]",320,2,1,Starfield Stage - 2
4439,2025-09-28T18:05:48.282195,9,592.5,292.0,2.523164659217274,False,True,False,True,0,0,0,0,0,0,352,630,"[false, false, false]",320,2,1,Starfield Stage - 2
4440,2025-09-28T18:05:48.289714,8,590.0,294.5,2.4088653943891463,False,True,False,True,0,0,0,0,0,0,307,609,"[false, false, false]",320,2,1,Starfield Stage - 2
4441,2025-09-28T18:05:48.298440,9,587.5,297.0,2.299371966179606,False,True,False,True,0,0,0,0,0,0,267,583,"[false, false, false]",320,2,1,Starfield Stage - 2
4442,2025-09-28T18:05:48.307020,8,585.0,299.5,2.1938779023063564,False,True,False,True,0,0,0,0,0,0,235,551,"[false, false, false]",320,2,1,Starfield Stage - 2
4443,2025-09-28T18:05:48.316080,9,582.5,302.0,2.09543292191958,False,True,False,True,0,0,0,0,0,0,211,517,"[false, false, false]",320,2,1,Starfield Stage - 2
4444,2025-09-28T18:05:48.324870,9,580.0,304.5,1.9891402163926857,False,True,False,True,0,0,0,0,0,0,192,477,"[false, false, false]",320,2,1,Starfield Stage - 2
4445,2025-09-28T18:05:48.333670,9,577.5,307.0,1.7765389381929322,False,True,False,True,0,0,0,0,0,0,175,391,"[false, false, false]",320,2,1,Starfield Stage - 2
4446,2025-09-28T18:05:48.342672,9,575.0,309.5,1.6645060181623874,False,True,False,True,0,0,0,0,0,0,176,347,"[false, false, false]",320,2,1,Starfield Stage - 2
4447,2025-09-28T18:05:48.351513,9,572.5,312.0,1.5604474077811474,False,True,False,True,0,0,0,0,0,0,186,308,"[false, false, false]",320,2,1,Starfield Stage - 2
4448,2025-09-28T18:05:48.360271,8,570.0,314.5,1.455193843971395,False,True,False,True,0,0,0,0,0,0,204,272,"[false, false, false]",320,2,1,Starfield Stage - 2
4449,2025-09-28T18:05:48.367455,8,567.5,317.0,1.3458430960135774,False,True,False,True,0,0,0,0,0,0,231,240,"[false, false, false]",320,2,1,Starfield Stage - 2
4450,2025-09-28T18:05:48.376315,9,565.0,319.5,1.2326374987031075,False,True,False,True,0,0,0,0,0,0,265,214,"[false, false, false]",320,2,1,Starfield Stage - 2
4451,2025-09-28T18:05:48.385273,8,562.5,322.0,1.1048122734474972,False,True,False,True,0,0,0,0,0,0,306,193,"[false, false, false]",320,2,1,Starfield Stage - 2
4452,2025-09-28T18:05:48.392194,8,560.0,324.5,0.9549016150257228,False,True,False,True,0,0,0,0,0,0,353,178,"[false, false, false]",320,2,1,Starfield Stage - 2
4453,2025-09-28T18:05:48.400490,8,557.5,327.0,0.7741264990713344,False,True,False,True,0,0,0,0,0,0,404,170,"[false, false, false]",320,2,1,Starfield Stage - 2
4454,2025-09-28T18:05:48.408988,8,555.0,329.5,0.5309218211413029,False,True,False,True,0,0,0,0,0,0,459,166,"[false, false, false]",320,2,1,Starfield Stage - 2
4455,2025-09-28T18:05:48.417768,9,552.5,332.0,0.22029232107126476,False,True,False,True,0,0,0,0,0,0,516,169,"[false, false, false]",320,2,1,Starfield Stage - 2
4456,2025-09-28T18:05:48.426106,8,550.0,334.5,-0.1541081165654265,False,True,False,True,0,0,0,0,0,0,574,180,"[false, false, false]",320,2,1,Starfield Stage - 2
4457,2025-09-28T18:05:48.434352,9,547.5,337.0,-0.5293963247218622,False,True,False,True,0,0,0,0,0,0,630,196,"[false, false, false]",320,2,1,Starfield Stage - 2
4458,2025-09-28T18:05:48.442794,8,545.0,339.5,-0.8493883488678455,False,True,False,True,0,0,0,0,0,0,682,219,"[false, false, false]",320,2,1,Starfield Stage - 2
4459,2025-09-28T18:05:48.451959,9,542.5,342.0,-1.1017724255083816,False,True,False,True,0,0,0,0,0,0,728,248,"[false, false, false]",320,2,1,Starfield Stage - 2
4460,2025-09-28T18:05:48.461068,9,540.0,344.5,-1.3032458179767472,False,True,False,True,0,0,0,0,0,0,768,282,"[false, false, false]",320,2,1,Starfield Stage - 2
4461,2025-09-28T18:05:48.469561,9,537.5,347.0,-1.4724429685471272,False,True,False,True,0,0,0,0,0,0,801,321,"[false, false, false]",320,2,1,Starfield Stage - 2
4462,2025-09-28T18:05:48.478333,9,535.0,349.5,-1.7507940850976265,False,True,False,True,0,0,0,0,0,0,840,405,"[false, false, false]",320,2,1,Starfield Stage - 2
4463,2025-09-28T18:05:48.486490,8,532.5,352.0,-1.865918794003496,False,True,False,True,0,0,0,0,0,0,845,447,"[false, false, false]",320,2,1,Starfield Stage - 2
4464,2025-09-28T18:05:48.495110,8,530.0,354.5,-1.9735517791771615,False,True,False,True,0,0,0,0,0,0,841,487,"[false, false, false]",320,2,1,Starfield Stage - 2
4465,2025-09-28T18:05:48.503906,9,527.5,357.0,-2.080876506292623,False,True,False,True,0,0,0,0,0,0,826,524,"[false, false, false]",320,2,1,Starfield Stage - 2
4466,2025-09-28T18:05:48.512863,9,525.0,359.5,-2.191902123580576,False,True,False,True,0,0,0,0,0,0,801,557,"[false, false, false]",320,2,1,Starfield Stage - 2
4467,2025-09-28T18:05:48.521784,9,522.5,362.0,-2.314328527279396,False,True,False,True,0,0,0,0,0,0,765,585,"[false, false, false]",320,2,1,Starfield Stage - 2
4468,2025-09-28T18:05:48.531070,9,520.0,364.5,-2.4604272877690603,False,True,False,True,0,0,0,0,0,0,719,610,"[false, false, false]",320,2,1,Starfield Stage - 2
4469,2025-09-28T18:05:48.539203,9,517.5,367.0,-2.6301131939378655,False,True,False,True,0,0,0,0,0,0,664,628,"[false, false, false]",320,2,1,Starfield Stage - 2
4470,2025-09-28T18:05:48.547494,8,515.0,369.5,-2.819285616223326,False,True,False,True,0,0,0,0,0,0,605,639,"[false, false, false]",320,2,1,Starfield Stage - 2
4471,2025-09-28T18:05:48.555825,8,512.5,372.0,-3.029106537889291,False,True,False,True,0,0,0,0,0,0,543,642,"[false, false, false]",320,2,1,Starfield Stage - 2
4472,2025-09-28T18:05:48.564040,8,510.0,374.5,3.0341086817606002,False,True,False,True,0,0,0,0,0,0,482,634,"[false, false, false]",320,2,1,Starfield Stage - 2
4473,2025-09-28T18:05:48.572897,9,507.5,377.0,2.7980387012934504,False,True,False,True,0,0,0,0,0,0,422,616,"[false, false, false]",320,2,1,Starfield Stage - 2
4474,2025-09-28T18:05:48.581610,9,505.0,379.5,2.332814981967911,False,True,False,True,0,0,0,0,0,0,319,557,"[false, false, false]",320,2,1,Starfield Stage - 2
4475,2025-09-28T18:05:48.589613,8,502.5,382.0,2.121954106132594,False,True,False,True,0,0,0,0,0,0,278,520,"[false, false, false]",320,2,1,Starfield Stage - 2
4476,2025-09-28T18:05:48.598448,9,500.0,384.5,1.9295669970654687,False,True,False,True,0,0,0,0,0,0,248,479,"[false, false, false]",320,2,1,Starfield Stage - 2
4477,2025-09-28T18:05:48.607601,9,497.5,387.0,1.7487115314860917,False,True,False,True,0,0,0,0,0,0,225,436,"[false, false, false]",320,2,1,Starfield Stage - 2
4478,2025-09-28T18:05:48.616112,8,495.0,389.5,1.5830764112311955,False,True,False,True,0,0,0,0,0,0,210,393,"[false, false, false]",320,2,1,Starfield Stage - 2
4479,2025-09-28T18:05:48.624592,9,492.5,392.0,1.4339631305223133,False,True,False,True,0,0,0,0,0,0,202,352,"[false, false, false]",320,2,1,Starfield Stage - 2
4480,2025-09-28T18:05:48.633996,9,490.0,394.5,1.30323175105336,False,True,False,True,0,0,0,0,0,0,200,315,"[false, false, false]",320,2,1,Starfield Stage - 2
4481,2025-09-28T18:05:48.642980,9,487.5,397.0,1.1902899496825317,False,True,False,True,0,0,0,0,0,0,205,284,"[false, false, false]",320,2,1,Starfield Stage - 2
4482,2025-09-28T18:05:48.651928,9,485.0,399.5,1.0819127994256053,False,True,False,True,0,0,0,0,0,0,219,258,"[false, false, false]",320,2,1,Starfield Stage - 2
4483,2025-09-28T18:05:48.660899,9,482.5,402.0,0.9742428627748481,False,True,False,True,0,0,0,0,0,0,241,238,"[false, false, false]",320,2,1,Starfield Stage - 2
4484,2025-09-28T18:05:48.669615,8,480.0,404.5,0.8607991193725565,False,True,False,True,0,0,0,0,0,0,270,224,"[false, false, false]",320,2,1,Starfield Stage - 2
4485,2025-09-28T18:05:48.678353,9,477.5,407.0,0.5980972725199395,False,True,False,True,0,0,0,0,0,0,346,214,"[false, false, false]",320,2,1,Starfield Stage - 2
4486,2025-09-28T18:05:48.686409,8,475.0,409.5,0.5832661084765892,False,True,False,True,0,0,0,0,0,0,346,214,"[false, false, false]",320,2,1,Starfield Stage - 2
4487,2025-09-28T18:05:48.694367,8,472.5,412.0,0.16426723207216934,False,True,False,True,0,0,0,0,0,0,442,228,"[false, false, false]",320,2,1,Starfield Stage - 2
4488,2025-09-28T18:05:48.701749,8,470.0,414.5,-0.13984366939977788,False,True,False,True,0,0,0,0,0,0,494,244,"[false, false, false]",320,2,1,Starfield Stage - 2
4489,2025-09-28T18:05:48.709926,8,470.0,417.0,-0.4636476090008061,False,False,False,True,0,0,0,0,0,0,545,267,"[false, false, false]",320,2,1,Starfield Stage - 2
4490,2025-09-28T18:05:48.719033,9,470.0,417.0,-0.7853981633974483,False,False,False,False,0,0,0,0,0,0,594,293,"[false, false, false]",320,2,1,Starfield Stage - 2
4491,2025-09-28T18:05:48.728653,9,470.0,417.0,-1.0652152719206915,False,False,False,False,0,0,0,0,0,0,638,324,"[false, false, false]",320,2,1,Starfield Stage - 2
4492,2025-09-28T18:05:48.736428,8,470.0,417.0,-1.2931348297963263,False,False,False,False,0,0,0,0,0,0,677,358,"[false, false, false]",320,2,1,Starfield Stage - 2
4493,2025-09-28T18:05:48.743563,8,470.0,417.0,-1.4711276743037347,False,False,False,False,0,0,0,0,0,0,710,393,"[false, false, false]",320,2,1,Starfield Stage - 2
4494,2025-09-28T18:05:48.752254,9,470.0,417.0,-1.623577447424837,False,False,False,False,0,0,0,0,0,0,735,431,"[false, false, false]",320,2,1,Starfield Stage - 2
4495,2025-09-28T18:05:48.760861,8,470.0,417.0,-1.7475051828649333,False,False,False,False,0,0,0,0,0,0,750,467,"[false, false, false]",320,2,1,Starfield Stage - 2
4496,2025-09-28T18:05:48.769484,9,470.0,417.0,-1.8583721575753438,False,False,False,False,0,0,0,0,0,0,754,501,"[false, false, false]",320,2,1,Starfield Stage - 2
4497,2025-09-28T18:05:48.779541,9,470.0,417.0,-1.9586962845228288,False,False,False,False,0,0,0,0,0,0,749,531,"[false, false, false]",320,2,1,Starfield Stage - 2
4498,2025-09-28T18:05:48.787846,9,470.0,417.0,-2.0629219918541546,False,False,False,False,0,0,0,0,0,0,733,558,"[false, false, false]",320,2,1,Starfield Stage - 2
4499,2025-09-28T18:05:48.796716,8,470.0,417.0,-2.177225554521213,False,False,False,False,0,0,0,0,0,0,705,580,"[false, false, false]",320,2,1,Starfield Stage - 2
4500,2025-09-28T18:05:48.804780,9,470.0,417.0,-2.308358670216167,False,False,False,False,0,0,0,0,0,0,667,596,"[false, false, false]",320,2,1,Starfield Stage - 2
4501,2025-09-28T18:05:48.813776,9,470.0,417.0,-2.6590793585673165,False,False,False,False,0,0,0,0,0,0,569,606,"[false, false, false]",320,2,1,Starfield Stage - 2
4502,2025-09-28T18:05:48.822271,9,470.0,417.0,-2.9031243151494586,False,False,False,False,0,0,0,0,0,0,514,598,"[false, false, false]",320,2,1,Starfield Stage - 2
4503,2025-09-28T18:05:48.830401,8,470.0,417.0,3.0750244898139694,False,False,False,False,0,0,0,0,0,0,459,582,"[false, false, false]",320,2,1,Starfield Stage - 2
4504,2025-09-28T18:05:48.839088,8,470.0,417.0,2.7187387274568526,False,False,False,False,0,0,0,0,0,0,407,557,"[false, false, false]",320,2,1,Starfield Stage - 2
4505,2025-09-28T18:05:48.847476,9,470.0,417.0,2.347185724901928,False,False,False,False,0,0,0,0,0,0,358,527,"[false, false, false]",320,2,1,Starfield Stage - 2
4506,2025-09-28T18:05:48.855537,8,470.0,417.0,2.0293025929224435,False,False,False,False,0,0,0,0,0,0,314,494,"[false, false, false]",320,2,1,Starfield Stage - 2
4507,2025-09-28T18:05:48.863944,8,470.0,417.0,1.7850721103769107,False,False,False,False,0,0,0,0,0,0,277,459,"[false, false, false]",320,2,1,Starfield Stage - 2
4508,2025-09-28T18:05:48.872732,9,470.0,417.0,1.6061797829190478,False,False,False,False,0,0,0,0,0,0,244,425,"[false, false, false]",320,2,1,Starfield Stage - 2
4509,2025-09-28T18:05:48.881960,9,470.0,417.0,1.4797786578562873,False,False,False,False,0,0,0,0,0,0,218,394,"[false, false, false]",320,2,1,Starfield Stage - 2
4510,2025-09-28T18:05:48.890789,9,470.0,417.0,1.389002337846855,False,False,False,False,0,0,0,0,0,0,198,367,"[false, false, false]",320,2,1,Starfield Stage - 2
4511,2025-09-28T18:05:48.899838,9,470.0,417.0,1.316756956107785,False,False,False,False,0,0,0,0,0,0,185,343,"[false, false, false]",320,2,1,Starfield Stage - 2
4512,2025-09-28T18:05:48.908423,9,470.0,417.0,1.2655731930009753,False,False,False,False,0,0,0,0,0,0,178,325,"[false, false, false]",320,2,1,Starfield Stage - 2
4513,2025-09-28T18:05:48.918082,9,470.0,417.0,1.2277723863741932,False,False,False,False,0,0,0,0,0,0,176,312,"[false, false, false]",320,2,1,Starfield Stage - 2
4514,2025-09-28T18:05:48.926575,9,470.0,417.0,1.1794860483326854,False,False,False,False,0,0,0,0,0,0,184,299,"[false, false, false]",320,2,1,Starfield Stage - 2
4515,2025-09-28T18:05:48.934899,8,470.0,417.0,1.1602744570787151,False,False,False,False,0,0,0,0,0,0,192,296,"[false, false, false]",320,2,1,Starfield Stage - 2
4516,2025-09-28T18:05:48.943699,9,470.0,417.0,1.1419304490460227,False,False,False,False,0,0,0,0,0,0,201,294,"[false, false, false]",320,2,1,Starfield Stage - 2
4517,2025-09-28T18:05:48.952412,9,470.0,417.0,1.1256365957021437,False,False,False,False,0,0,0,0,0,0,208,292,"[false, false, false]",320,2,1,Starfield Stage - 2
4518,2025-09-28T18:05:48.961486,9,470.0,417.0,1.1087185752171922,False,False,False,False,0,0,0,0,0,0,215,290,"[false, false, false]",320,2,1,Starfield Stage - 2
4519,2025-09-28T18:05:48.969461,8,470.0,417.0,1.0975948683564933,False,False,False,False,0,0,0,0,0,0,220,289,"[false, false, false]",320,2,1,Starfield Stage - 2
4520,2025-09-28T18:05:48.978020,8,470.0,417.0,1.0894940514649947,False,False,False,False,0,0,0,0,0,0,223,288,"[false, false, false]",320,2,1,Starfield Stage - 2
4521,2025-09-28T18:05:48.985934,8,470.0,417.0,1.0829598881352542,False,False,False,False,0,0,0,0,0,0,225,287,"[false, false, false]",320,2,1,Starfield Stage - 2
4522,2025-09-28T18:05:48.995195,9,470.0,417.0,1.0780777501247565,False,False,False,False,0,0,0,0,0,0,226,286,"[false, false, false]",320,2,1,Starfield Stage - 2
4523,2025-09-28T18:05:49.002756,8,470.0,417.0,1.0780777501247565,False,False,False,False,0,0,0,0,0,0,226,286,"[false, false, false]",320,2,1,Starfield Stage - 2
4524,2025-09-28T18:05:49.011139,8,470.0,417.0,1.0780777501247565,False,False,False,False,0,0,0,0,0,0,226,286,"[false, false, false]",320,2,1,Starfield Stage - 2
4525,2025-09-28T18:05:49.020495,9,470.0,417.0,1.0780777501247565,False,False,False,False,0,0,0,0,0,0,226,286,"[false, false, false]",320,2,1,Starfield Stage - 2
4526,2025-09-28T18:05:49.027958,8,470.0,417.0,1.0780777501247565,False,False,False,False,0,0,0,0,0,0,226,286,"[false, false, false]",320,2,1,Starfield Stage - 2
4527,2025-09-28T18:05:49.037381,10,470.0,417.0,1.0780777501247565,False,False,False,False,0,0,0,0,0,0,226,286,"[false, false, false]",320,2,1,Starfield Stage - 2
4528,2025-09-28T18:05:49.045826,8,470.0,417.0,1.0780777501247565,False,False,False,False,0,0,0,0,0,0,226,286,"[false, false, false]",320,2,1,Starfield Stage - 2
4529,2025-09-28T18:05:49.054916,9,470.0,417.0,1.0780777501247565,False,False,False,False,0,0,0,0,0,0,226,286,"[false, false, false]",320,2,1,Starfield Stage - 2
4530,2025-09-28T18:05:49.063612,9,470.0,417.0,1.0780777501247565,False,False,False,False,0,0,0,0,0,0,226,286,"[false, false, false]",320,2,1,Starfield Stage - 2
4531,2025-09-28T18:05:49.072702,9,470.0,417.0,1.0780777501247565,False,False,False,False,0,0,0,0,0,0,226,286,"[false, false, false]",320,2,1,Starfield Stage - 2
4532,2025-09-28T18:05:49.081763,9,470.0,417.0,1.0780777501247565,False,False,False,False,0,0,0,0,0,0,226,286,"[false, false, false]",320,2,1,Starfield Stage - 2
4533,2025-09-28T18:05:49.090911,9,470.0,417.0,1.0780777501247565,False,False,False,False,0,0,0,0,0,0,226,286,"[false, false, false]",320,2,1,Starfield Stage - 2
4534,2025-09-28T18:05:49.100426,9,470.0,417.0,1.0780777501247565,False,False,False,False,0,0,0,0,0,0,226,286,"[false, false, false]",320,2,1,Starfield Stage - 2
4535,2025-09-28T18:05:49.108511,9,470.0,417.0,1.0780777501247565,False,False,False,False,0,0,0,0,0,0,226,286,"[false, false, false]",320,2,1,Starfield Stage - 2
4536,2025-09-28T18:05:49.118115,9,470.0,417.0,1.0780777501247565,False,False,False,False,0,0,0,0,0,0,226,286,"[false, false, false]",320,2,1,Starfield Stage - 2
4537,2025-09-28T18:05:49.127920,10,470.0,417.0,1.0780777501247565,False,False,False,False,0,0,0,0,0,0,226,286,"[false, false, false]",320,2,1,Starfield Stage - 2
4538,2025-09-28T18:05:49.137050,9,470.0,417.0,1.0780777501247565,False,False,False,False,0,0,0,0,0,0,226,286,"[false, false, false]",320,2,1,Starfield Stage - 2
4539,2025-09-28T18:05:49.146065,9,470.0,417.0,1.0780777501247565,False,False,False,False,0,0,0,0,0,0,226,286,"[false, false, false]",320,2,1,Starfield Stage - 2
4540,2025-09-28T18:05:49.155378,9,470.0,417.0,1.0780777501247565,False,False,False,False,0,0,0,0,0,0,226,286,"[false, false, false]",320,2,1,Starfield Stage - 2
4541,2025-09-28T18:05:49.163303,9,470.0,417.0,1.0780777501247565,False,False,False,False,0,0,0,0,0,0,226,286,"[false, false, false]",320,2,1,Starfield Stage - 2
4542,2025-09-28T18:05:49.171976,8,470.0,417.0,1.0780777501247565,False,False,False,False,0,0,0,0,0,0,226,286,"[false, false, false]",320,2,1,Starfield Stage - 2
4543,2025-09-28T18:05:49.180932,9,470.0,417.0,1.0780777501247565,False,False,False,False,0,0,0,0,0,0,226,286,"[false, false, false]",320,2,1,Starfield Stage - 2
4544,2025-09-28T18:05:49.189592,9,470.0,417.0,1.0780777501247565,False,False,False,False,0,0,0,0,0,0,226,286,"[false, false, false]",320,2,1,Starfield Stage - 2
4545,2025-09-28T18:05:49.198758,9,470.0,417.0,1.0780777501247565,False,False,False,False,0,0,0,0,0,0,226,286,"[false, false, false]",320,2,1,Starfield Stage - 2
4546,2025-09-28T18:05:49.207923,9,470.0,417.0,1.0780777501247565,False,False,False,False,0,0,0,0,0,0,226,286,"[false, false, false]",320,2,1,Starfield Stage - 2
4547,2025-09-28T18:05:49.216539,9,470.0,417.0,1.0780777501247565,False,False,False,False,0,0,0,0,0,0,226,286,"[false, false, false]",320,2,1,Starfield Stage - 2
4548,2025-09-28T18:05:49.224861,8,470.0,417.0,1.0780777501247565,False,False,False,False,0,0,0,0,0,0,226,286,"[false, false, false]",320,2,1,Starfield Stage - 2
4549,2025-09-28T18:05:49.233708,9,470.0,417.0,1.0780777501247565,False,False,False,False,0,0,0,0,0,0,226,286,"[false, false, false]",320,2,1,Starfield Stage - 2
4550,2025-09-28T18:05:49.242550,9,470.0,417.0,1.0780777501247565,False,False,False,False,0,0,0,0,0,0,226,286,"[false, false, false]",320,2,1,Starfield Stage - 2
4551,2025-09-28T18:05:49.251594,9,470.0,417.0,1.0780777501247565,False,False,False,False,0,0,0,0,0,0,226,286,"[false, false, false]",320,2,1,Starfield Stage - 2
4552,2025-09-28T18:05:49.259701,8,470.0,417.0,1.0780777501247565,False,False,False,False,0,0,0,0,0,0,226,286,"[false, false, false]",320,2,1,Starfield Stage - 2
4553,2025-09-28T18:05:49.268776,9,470.0,417.0,1.0780777501247565,False,False,False,False,0,0,0,0,0,0,226,286,"[false, false, false]",320,2,1,Starfield Stage - 2
4554,2025-09-28T18:05:49.277632,9,470.0,417.0,1.0780777501247565,False,False,False,False,0,0,0,0,0,0,226,286,"[false, false, false]",320,2,1,Starfield Stage - 2
4555,2025-09-28T18:05:49.285768,8,470.0,417.0,1.0780777501247565,False,False,False,False,0,0,0,0,0,0,226,286,"[false, false, false]",320,2,1,Starfield Stage - 2
4556,2025-09-28T18:05:49.294789,9,470.0,417.0,1.0780777501247565,False,False,False,False,0,0,0,0,0,0,226,286,"[false, false, false]",320,2,1,Starfield Stage - 2
4557,2025-09-28T18:05:49.303870,9,470.0,417.0,1.0780777501247565,False,False,False,False,0,0,0,0,0,0,226,286,"[false, false, false]",320,2,1,Starfield Stage - 2
4558,2025-09-28T18:05:49.313001,9,470.0,417.0,1.0780777501247565,False,False,False,False,0,0,0,0,0,0,226,286,"[false, false, false]",320,2,1,Starfield Stage - 2
4559,2025-09-28T18:05:49.321361,9,470.0,417.0,1.0780777501247565,False,False,False,False,0,0,0,0,0,0,226,286,"[false, false, false]",320,2,1,Starfield Stage - 2
4560,2025-09-28T18:05:49.334933,8,470.0,417.0,1.0780777501247565,False,False,False,False,0,0,0,0,0,0,226,286,"[false, false, false]",320,2,1,Starfield Stage - 2
4561,2025-09-28T18:05:49.341279,9,470.0,417.0,1.0780777501247565,False,False,False,False,0,0,0,0,0,0,226,286,"[false, false, false]",320,2,1,Starfield Stage - 2
4562,2025-09-28T18:05:49.348307,9,470.0,417.0,1.0780777501247565,False,False,False,False,0,0,0,0,0,0,226,286,"[false, false, false]",320,2,1,Starfield Stage - 2
4563,2025-09-28T18:05:49.356138,8,470.0,417.0,1.0780777501247565,False,False,False,False,0,0,0,0,0,0,226,286,"[false, false, false]",320,2,1,Starfield Stage - 2
4564,2025-09-28T18:05:49.365342,9,470.0,417.0,1.0780777501247565,False,False,False,False,0,0,0,0,0,0,226,286,"[false, false, false]",320,2,1,Starfield Stage - 2
4565,2025-09-28T18:05:49.373102,8,470.0,417.0,1.0780777501247565,False,False,False,False,0,0,0,0,0,0,226,286,"[false, false, false]",320,2,1,Starfield Stage - 2
4566,2025-09-28T18:05:49.381624,9,470.0,417.0,1.0780777501247565,False,False,False,False,0,0,0,0,0,0,226,286,"[false, false, false]",320,2,1,Starfield Stage - 2
4567,2025-09-28T18:05:49.390104,8,470.0,417.0,1.0780777501247565,False,False,False,False,0,0,0,0,0,0,226,286,"[false, false, false]",320,2,1,Starfield Stage - 2
4568,2025-09-28T18:05:49.398933,9,470.0,417.0,1.0780777501247565,False,False,False,False,0,0,0,0,0,0,226,286,"[false, false, false]",320,2,1,Starfield Stage - 2
4569,2025-09-28T18:05:49.407877,9,470.0,417.0,1.0780777501247565,False,False,False,False,0,0,0,0,0,0,226,286,"[false, false, false]",320,2,1,Starfield Stage - 2
4570,2025-09-28T18:05:49.417179,9,470.0,417.0,1.0780777501247565,False,False,False,False,0,0,0,0,0,0,226,286,"[false, false, false]",320,2,1,Starfield Stage - 2
4571,2025-09-28T18:05:49.424778,8,470.0,417.0,1.0780777501247565,False,False,False,False,0,0,0,0,0,0,226,286,"[false, false, false]",320,2,1,Starfield Stage - 2
4572,2025-09-28T18:05:49.433950,9,470.0,417.0,1.0780777501247565,False,False,False,False,0,0,0,0,0,0,226,286,"[false, false, false]",320,2,1,Starfield Stage - 2
4573,2025-09-28T18:05:49.442902,9,470.0,417.0,1.0780777501247565,False,False,False,False,0,0,0,0,0,0,226,286,"[false, false, false]",320,2,1,Starfield Stage - 2
4574,2025-09-28T18:05:49.451653,9,470.0,417.0,1.0783105609229717,False,False,False,False,0,0,0,0,0,0,224,285,"[false, false, false]",320,2,1,Starfield Stage - 2
4575,2025-09-28T18:05:49.460900,9,470.0,417.0,1.0804255211353335,False,False,False,False,0,0,0,0,0,0,219,283,"[false, false, false]",320,2,1,Starfield Stage - 2
4576,2025-09-28T18:05:49.470236,9,470.0,417.0,1.0983641707037965,False,False,False,False,0,0,0,0,0,0,198,278,"[false, false, false]",320,2,1,Starfield Stage - 2
4577,2025-09-28T18:05:49.477378,8,470.0,417.0,1.1085434170292434,False,False,False,False,0,0,0,0,0,0,183,274,"[false, false, false]",320,2,1,Starfield Stage - 2
4578,2025-09-28T18:05:49.486400,9,470.0,417.0,1.1203929764588196,False,False,False,False,0,0,0,0,0,0,166,270,"[false, false, false]",320,2,1,Starfield Stage - 2
4579,2025-09-28T18:05:49.495049,8,470.0,417.0,1.1273479903751584,False,False,False,False,0,0,0,0,0,0,150,265,"[false, false, false]",320,2,1,Starfield Stage - 2
4580,2025-09-28T18:05:49.503430,9,470.0,417.0,1.136302059563252,False,False,False,False,0,0,0,0,0,0,136,262,"[false, false, false]",320,2,1,Starfield Stage - 2
4581,2025-09-28T18:05:49.511927,8,470.0,417.0,1.138940123148567,False,False,False,False,0,0,0,0,0,0,125,258,"[false, false, false]",320,2,1,Starfield Stage - 2
4582,2025-09-28T18:05:49.520949,9,470.0,417.0,1.1418169030035903,False,False,False,False,0,0,0,0,0,0,118,256,"[false, false, false]",320,2,1,Starfield Stage - 2
4583,2025-09-28T18:05:49.530207,9,470.0,417.0,1.1412264293810983,False,False,False,False,0,0,0,0,0,0,112,253,"[false, false, false]",320,2,1,Starfield Stage - 2
4584,2025-09-28T18:05:49.537718,8,470.0,417.0,1.1420837657972318,False,False,False,False,0,0,0,0,0,0,109,252,"[false, false, false]",320,2,1,Starfield Stage - 2
4585,2025-09-28T18:05:49.546558,9,470.0,417.0,1.1429276261961943,False,False,False,False,0,0,0,0,0,0,106,251,"[false, false, false]",320,2,1,Starfield Stage - 2
4586,2025-09-28T18:05:49.555564,8,470.0,417.0,1.141694611912784,False,False,False,False,0,0,0,0,0,0,105,250,"[false, false, false]",320,2,1,Starfield Stage - 2
4587,2025-09-28T18:05:49.563707,9,470.0,417.0,1.1427288017483774,False,False,False,False,0,0,0,0,0,0,104,250,"[false, false, false]",320,2,1,Starfield Stage - 2
4588,2025-09-28T18:05:49.572116,8,470.0,417.0,1.1427288017483774,False,False,False,False,0,0,0,0,0,0,104,250,"[false, false, false]",320,2,1,Starfield Stage - 2
4589,2025-09-28T18:05:49.581416,9,470.0,417.0,1.1373408826710532,False,False,False,False,0,0,0,0,0,0,107,249,"[false, false, false]",320,2,1,Starfield Stage - 2
4590,2025-09-28T18:05:49.588680,8,470.0,417.0,1.1252873178483394,False,False,False,False,0,0,0,0,0,0,114,247,"[false, false, false]",320,2,1,Starfield Stage - 2
4591,2025-09-28T18:05:49.598012,9,470.0,417.0,1.103656298931459,False,False,False,False,0,0,0,0,0,0,127,244,"[false, false, false]",320,2,1,Starfield Stage - 2
4592,2025-09-28T18:05:49.606411,9,470.0,417.0,1.071019867281315,False,False,False,False,0,0,0,0,0,0,144,239,"[false, false, false]",320,2,1,Starfield Stage - 2
4593,2025-09-28T18:05:49.615171,8,470.0,417.0,1.0289268517067327,False,False,False,False,0,0,0,0,0,0,166,234,"[false, false, false]",320,2,1,Starfield Stage - 2
4594,2025-09-28T18:05:49.622637,8,470.0,417.0,0.9737180648447727,False,False,False,False,0,0,0,0,0,0,192,228,"[false, false, false]",320,2,1,Starfield Stage - 2
4595,2025-09-28T18:05:49.630845,8,470.0,417.0,0.9108618049401084,False,False,False,False,0,0,0,0,0,0,220,223,"[false, false, false]",320,2,1,Starfield Stage - 2
4596,2025-09-28T18:05:49.639912,9,470.0,417.0,0.83798122500839,False,False,False,False,0,0,0,0,0,0,250,219,"[false, false, false]",320,2,1,Starfield Stage - 2
4597,2025-09-28T18:05:49.648791,9,470.0,417.0,0.7571280619864807,False,False,False,False,0,0,0,0,0,0,281,217,"[false, false, false]",320,2,1,Starfield Stage - 2
4598,2025-09-28T18:05:49.658386,9,470.0,417.0,0.6661889210311118,False,False,False,False,0,0,0,0,0,0,312,216,"[false, false, false]",320,2,1,Starfield Stage - 2
4599,2025-09-28T18:05:49.665905,8,470.0,417.0,0.5635034222608851,False,False,False,False,0,0,0,0,0,0,343,216,"[false, false, false]",320,2,1,Starfield Stage - 2
4600,2025-09-28T18:05:49.674513,8,470.0,417.0,0.44151842515400636,False,False,False,False,0,0,0,0,0,0,375,216,"[false, false, false]",320,2,1,Starfield Stage - 2
4601,2025-09-28T18:05:49.682839,9,470.0,417.0,0.3068262894065572,False,False,False,False,0,0,0,0,0,0,406,215,"[false, false, false]",320,2,1,Starfield Stage - 2
4602,2025-09-28T18:05:49.691804,9,470.0,417.0,0.1667538124727012,False,False,False,False,0,0,0,0,0,0,436,215,"[false, false, false]",320,2,1,Starfield Stage - 2
4603,2025-09-28T18:05:49.700170,8,470.0,417.0,0.029694239606909516,False,False,False,False,0,0,0,0,0,0,464,215,"[false, false, false]",320,2,1,Starfield Stage - 2
4604,2025-09-28T18:05:49.707309,8,470.0,417.0,-0.09917604169357014,False,False,False,False,0,0,0,0,0,0,490,216,"[false, false, false]",320,2,1,Starfield Stage - 2
4605,2025-09-28T18:05:49.715446,8,470.0,417.0,-0.2128085974067764,False,False,False,False,0,0,0,0,0,0,513,218,"[false, false, false]",320,2,1,Starfield Stage - 2
4606,2025-09-28T18:05:49.723783,8,470.0,417.0,-0.3124915597345191,False,False,False,False,0,0,0,0,0,0,533,222,"[false, false, false]",320,2,1,Starfield Stage - 2
4607,2025-09-28T18:05:49.731953,8,470.0,417.0,-0.38770697273491145,False,False,False,False,0,0,0,0,0,0,548,226,"[false, false, false]",320,2,1,Starfield Stage - 2
4608,2025-09-28T18:05:49.740222,9,470.0,417.0,-0.4377913036415464,False,False,False,False,0,0,0,0,0,0,558,229,"[false, false, false]",320,2,1,Starfield Stage - 2
4609,2025-09-28T18:05:49.749100,8,470.0,417.0,-0.4658074328562125,False,False,False,False,0,0,0,0,0,0,563,232,"[false, false, false]",320,2,1,Starfield Stage - 2
4610,2025-09-28T18:05:49.757809,9,470.0,417.0,-0.48740123980122685,False,False,False,False,0,0,0,0,0,0,567,234,"[false, false, false]",320,2,1,Starfield Stage - 2
4611,2025-09-28T18:05:49.766880,9,470.0,417.0,-0.48740123980122685,False,False,False,False,0,0,0,0,0,0,567,234,"[false, false, false]",320,2,1,Starfield Stage - 2
4612,2025-09-28T18:05:49.775984,9,470.0,417.0,-0.48740123980122685,False,False,False,False,0,0,0,0,0,0,567,234,"[false, false, false]",320,2,1,Starfield Stage - 2
4613,2025-09-28T18:05:49.784420,8,470.0,417.0,-0.48740123980122685,False,False,False,False,0,0,0,0,0,0,567,234,"[false, false, false]",320,2,1,Starfield Stage - 2
4614,2025-09-28T18:05:49.791844,8,470.0,417.0,-0.48740123980122685,False,False,False,False,0,0,0,0,0,0,567,234,"[false, false, false]",320,2,1,Starfield Stage - 2
4615,2025-09-28T18:05:49.799855,8,470.0,417.0,-0.48740123980122685,False,False,False,False,0,0,0,0,0,0,567,234,"[false, false, false]",320,2,1,Starfield Stage - 2
4616,2025-09-28T18:05:49.808455,9,470.0,417.0,-0.48740123980122685,False,False,False,False,0,0,0,0,0,0,567,234,"[false, false, false]",320,2,1,Starfield Stage - 2
4617,2025-09-28T18:05:49.817287,9,470.0,417.0,-0.48740123980122685,False,False,False,False,0,0,0,0,0,0,567,234,"[false, false, false]",320,2,1,Starfield Stage - 2
4618,2025-09-28T18:05:49.826217,8,470.0,417.0,-0.48740123980122685,False,False,False,False,0,0,0,0,0,0,567,234,"[false, false, false]",320,2,1,Starfield Stage - 2
4619,2025-09-28T18:05:49.833707,8,470.0,417.0,-0.48740123980122685,False,False,False,False,0,0,0,0,0,0,567,234,"[false, false, false]",320,2,1,Starfield Stage - 2
4620,2025-09-28T18:05:49.842494,9,470.0,417.0,-0.48740123980122685,False,False,False,False,0,0,0,0,0,0,567,234,"[false, false, false]",320,2,1,Starfield Stage - 2
4621,2025-09-28T18:05:49.851007,8,470.0,417.0,-0.48740123980122685,False,False,False,False,0,0,0,0,0,0,567,234,"[false, false, false]",320,2,1,Starfield Stage - 2
4622,2025-09-28T18:05:49.860010,9,470.0,417.0,-0.48740123980122685,False,False,False,False,0,0,0,0,0,0,567,234,"[false, false, false]",320,2,1,Starfield Stage - 2
4623,2025-09-28T18:05:49.868827,9,470.0,417.0,-0.48740123980122685,False,False,False,False,0,0,0,0,0,0,567,234,"[false, false, false]",320,2,1,Starfield Stage - 2
4624,2025-09-28T18:05:49.877688,9,470.0,417.0,-0.48740123980122685,False,False,False,False,0,0,0,0,0,0,567,234,"[false, false, false]",320,2,1,Starfield Stage - 2
4625,2025-09-28T18:05:49.886301,9,470.0,417.0,-0.48740123980122685,False,False,False,False,0,0,0,0,0,0,567,234,"[false, false, false]",320,2,1,Starfield Stage - 2
4626,2025-09-28T18:05:49.895062,8,470.0,417.0,-0.48740123980122685,False,False,False,False,0,0,0,0,0,0,567,234,"[false, false, false]",320,2,1,Starfield Stage - 2
4627,2025-09-28T18:05:49.903573,9,470.0,417.0,-0.48740123980122685,False,False,False,False,0,0,0,0,0,0,567,234,"[false, false, false]",320,2,1,Starfield Stage - 2
4628,2025-09-28T18:05:49.912183,8,470.0,417.0,-0.48740123980122685,False,False,False,False,0,0,0,0,0,0,567,234,"[false, false, false]",320,2,1,Starfield Stage - 2
4629,2025-09-28T18:05:49.920252,9,470.0,417.0,-0.48740123980122685,False,False,False,False,0,0,0,0,0,0,567,234,"[false, false, false]",320,2,1,Starfield Stage - 2
4630,2025-09-28T18:05:49.929139,8,470.0,417.0,-0.48740123980122685,False,False,False,False,0,0,0,0,0,0,567,234,"[false, false, false]",320,2,1,Starfield Stage - 2
4631,2025-09-28T18:05:49.937899,9,470.0,417.0,-0.48740123980122685,False,False,False,False,0,0,0,0,0,0,567,234,"[false, false, false]",320,2,1,Starfield Stage - 2
4632,2025-09-28T18:05:49.946329,9,470.0,417.0,-0.48740123980122685,False,False,False,False,0,0,0,0,0,0,567,234,"[false, false, false]",320,2,1,Starfield Stage - 2
4633,2025-09-28T18:05:49.955976,9,470.0,417.0,-0.48740123980122685,False,False,False,False,0,0,0,0,0,0,567,234,"[false, false, false]",320,2,1,Starfield Stage - 2
4634,2025-09-28T18:05:49.964773,9,470.0,417.0,-0.48740123980122685,False,False,False,False,0,0,0,0,0,0,567,234,"[false, false, false]",320,2,1,Starfield Stage - 2
4635,2025-09-28T18:05:49.973477,9,470.0,417.0,-0.48740123980122685,False,False,False,False,0,0,0,0,0,0,567,234,"[false, false, false]",320,2,1,Starfield Stage - 2
4636,2025-09-28T18:05:49.981571,8,470.0,417.0,-0.48740123980122685,False,False,False,False,0,0,0,0,0,0,567,234,"[false, false, false]",320,2,1,Starfield Stage - 2
4637,2025-09-28T18:05:49.989723,8,470.0,417.0,-0.48740123980122685,False,False,False,False,0,0,0,0,0,0,567,234,"[false, false, false]",320,2,1,Starfield Stage - 2
4638,2025-09-28T18:05:49.998311,9,470.0,417.0,-0.48740123980122685,False,False,False,False,0,0,0,0,0,0,567,234,"[false, false, false]",320,2,1,Starfield Stage - 2
4639,2025-09-28T18:05:50.007354,8,470.0,417.0,-0.48740123980122685,False,False,False,False,0,0,0,0,0,0,567,234,"[false, false, false]",320,2,1,Starfield Stage - 2
4640,2025-09-28T18:05:50.015874,9,470.0,417.0,-0.48740123980122685,False,False,False,False,0,0,0,0,0,0,567,234,"[false, false, false]",320,2,1,Starfield Stage - 2
4641,2025-09-28T18:05:50.024753,9,470.0,417.0,-0.48740123980122685,False,False,False,False,0,0,0,0,0,0,567,234,"[false, false, false]",320,2,1,Starfield Stage - 2
4642,2025-09-28T18:05:50.033143,8,470.0,417.0,-0.48740123980122685,False,False,False,False,0,0,0,0,0,0,567,234,"[false, false, false]",320,2,1,Starfield Stage - 2
4643,2025-09-28T18:05:50.040724,8,470.0,417.0,-0.48740123980122685,False,False,False,False,0,0,0,0,0,0,567,234,"[false, false, false]",320,2,1,Starfield Stage - 2
4644,2025-09-28T18:05:50.048948,8,470.0,417.0,-0.48740123980122685,False,False,False,False,0,0,0,0,0,0,567,234,"[false, false, false]",320,2,1,Starfield Stage - 2
4645,2025-09-28T18:05:50.057988,9,470.0,417.0,-0.48740123980122685,False,False,False,False,0,0,0,0,0,0,567,234,"[false, false, false]",320,2,1,Starfield Stage - 2
4646,2025-09-28T18:05:50.066773,9,470.0,417.0,-0.48740123980122685,False,False,False,False,0,0,0,0,0,0,567,234,"[false, false, false]",320,2,1,Starfield Stage - 2
4647,2025-09-28T18:05:50.075222,8,470.0,417.0,-0.48740123980122685,False,False,False,False,0,0,0,0,0,0,567,234,"[false, false, false]",320,2,1,Starfield Stage - 2
4648,2025-09-28T18:05:50.082843,8,470.0,417.0,-0.48740123980122685,False,False,False,False,0,0,0,0,0,0,567,234,"[false, false, false]",320,2,1,Starfield Stage - 2
4649,2025-09-28T18:05:50.091047,8,470.0,417.0,-0.48740123980122685,False,False,False,False,0,0,0,0,0,0,567,234,"[false, false, false]",320,2,1,Starfield Stage - 2
4650,2025-09-28T18:05:50.099801,9,470.0,417.0,-0.48740123980122685,False,False,False,False,0,0,0,0,0,0,567,234,"[false, false, false]",320,2,1,Starfield Stage - 2
4651,2025-09-28T18:05:50.108944,9,470.0,417.0,-0.48740123980122685,False,False,False,False,0,0,0,0,0,0,567,234,"[false, false, false]",320,2,1,Starfield Stage - 2
4652,2025-09-28T18:05:50.117892,9,470.0,417.0,-0.48740123980122685,False,False,False,False,0,0,0,0,0,0,567,234,"[false, false, false]",320,2,1,Starfield Stage - 2
4653,2025-09-28T18:05:50.126340,9,470.0,417.0,-0.48740123980122685,False,False,False,False,0,0,0,0,0,0,567,234,"[false, false, false]",320,2,1,Starfield Stage - 2
4654,2025-09-28T18:05:50.135227,8,470.0,417.0,-0.48740123980122685,False,False,False,False,0,0,0,0,0,0,567,234,"[false, false, false]",320,2,1,Starfield Stage - 2
4655,2025-09-28T18:05:50.143240,8,470.0,417.0,-0.48740123980122685,False,False,False,False,0,0,0,0,0,0,567,234,"[false, false, false]",320,2,1,Starfield Stage - 2
4656,2025-09-28T18:05:50.150350,8,470.0,417.0,-0.48740123980122685,False,False,False,False,0,0,0,0,0,0,567,234,"[false, false, false]",320,2,1,Starfield Stage - 2
4657,2025-09-28T18:05:50.158639,8,470.0,417.0,-0.48740123980122685,False,False,False,False,0,0,0,0,0,0,567,234,"[false, false, false]",320,2,1,Starfield Stage - 2
4658,2025-09-28T18:05:50.167881,9,470.0,417.0,-0.48740123980122685,False,False,False,False,0,0,0,0,0,0,567,234,"[false, false, false]",320,2,1,Starfield Stage - 2
4659,2025-09-28T18:05:50.176134,8,470.0,417.0,-0.48740123980122685,False,False,False,False,0,0,0,0,0,0,567,234,"[false, false, false]",320,2,1,Starfield Stage - 2
4660,2025-09-28T18:05:50.184914,9,470.0,417.0,-0.48740123980122685,False,False,False,False,0,0,0,0,0,0,567,234,"[false, false, false]",320,2,1,Starfield Stage - 2
4661,2025-09-28T18:05:50.193996,9,470.0,417.0,-0.48740123980122685,False,False,False,False,0,0,0,0,0,0,567,234,"[false, false, false]",320,2,1,Starfield Stage - 2
4662,2025-09-28T18:05:50.202675,9,470.0,417.0,-0.48740123980122685,False,False,False,False,0,0,0,0,0,0,567,234,"[false, false, false]",320,2,1,Starfield Stage - 2
4663,2025-09-28T18:05:50.211617,9,470.0,417.0,-0.48740123980122685,False,False,False,False,0,0,0,0,0,0,567,234,"[false, false, false]",320,2,1,Starfield Stage - 2
4664,2025-09-28T18:05:50.219852,8,470.0,417.0,-0.48740123980122685,False,False,False,False,0,0,0,0,0,0,567,234,"[false, false, false]",320,2,1,Starfield Stage - 2
4665,2025-09-28T18:05:50.228951,9,470.0,417.0,-0.48740123980122685,False,False,False,False,0,0,0,0,0,0,567,234,"[false, false, false]",320,2,1,Starfield Stage - 2
4666,2025-09-28T18:05:50.237541,9,470.0,417.0,-0.48740123980122685,False,False,False,False,0,0,0,0,0,0,567,234,"[false, false, false]",320,2,1,Starfield Stage - 2
4667,2025-09-28T18:05:50.246746,9,470.0,417.0,-0.48740123980122685,False,False,False,False,0,0,0,0,0,0,567,234,"[false, false, false]",320,2,1,Starfield Stage - 2
4668,2025-09-28T18:05:50.255108,8,470.0,417.0,-0.48740123980122685,False,False,False,False,0,0,0,0,0,0,567,234,"[false, false, false]",320,2,1,Starfield Stage - 2
4669,2025-09-28T18:05:50.264480,9,470.0,417.0,-0.48740123980122685,False,False,False,False,0,0,0,0,0,0,567,234,"[false, false, false]",320,2,1,Starfield Stage - 2
4670,2025-09-28T18:05:50.271658,8,470.0,417.0,-0.48740123980122685,False,False,False,False,0,0,0,0,0,0,567,234,"[false, false, false]",320,2,1,Starfield Stage - 2
4671,2025-09-28T18:05:50.279874,8,470.0,417.0,-0.48740123980122685,False,False,False,False,0,0,0,0,0,0,567,234,"[false, false, false]",320,2,1,Starfield Stage - 2
4672,2025-09-28T18:05:50.288774,9,470.0,417.0,-0.48740123980122685,False,False,False,False,0,0,0,0,0,0,567,234,"[false, false, false]",320,2,1,Starfield Stage - 2
4673,2025-09-28T18:05:50.297976,9,470.0,417.0,-0.48740123980122685,False,False,False,False,0,0,0,0,0,0,567,234,"[false, false, false]",320,2,1,Starfield Stage - 2
4674,2025-09-28T18:05:50.306764,9,470.0,417.0,-0.48740123980122685,False,False,False,False,0,0,0,0,0,0,567,234,"[false, false, false]",320,2,1,Starfield Stage - 2
4675,2025-09-28T18:05:50.315349,8,470.0,417.0,-0.48740123980122685,False,False,False,False,0,0,0,0,0,0,567,234,"[false, false, false]",320,2,1,Starfield Stage - 2
4676,2025-09-28T18:05:50.322867,8,470.0,417.0,-0.48740123980122685,False,False,False,False,0,0,0,0,0,0,567,234,"[false, false, false]",320,2,1,Starfield Stage - 2
4677,2025-09-28T18:05:50.331590,8,470.0,417.0,-0.48312566481733366,False,False,False,False,0,0,0,0,0,0,566,234,"[false, false, false]",320,2,1,Starfield Stage - 2
4678,2025-09-28T18:05:50.339090,8,470.0,417.0,-0.46145942868580586,False,False,False,False,0,0,0,0,0,0,561,234,"[false, false, false]",320,2,1,Starfield Stage - 2
4679,2025-09-28T18:05:50.348531,9,470.0,417.0,-0.4327523654948725,False,False,False,False,0,0,0,0,0,0,555,233,"[false, false, false]",320,2,1,Starfield Stage - 2
4680,2025-09-28T18:05:50.356326,8,470.0,417.0,-0.3878999577279323,False,False,False,False,0,0,0,0,0,0,546,231,"[false, false, false]",320,2,1,Starfield Stage - 2
4681,2025-09-28T18:05:50.363870,8,470.0,417.0,-0.3470616035394905,False,False,False,False,0,0,0,0,0,0,538,229,"[false, false, false]",320,2,1,Starfield Stage - 2
4682,2025-09-28T18:05:50.373176,9,470.0,417.0,-0.30108576986627944,False,False,False,False,0,0,0,0,0,0,529,227,"[false, false, false]",320,2,1,Starfield Stage - 2
4683,2025-09-28T18:05:50.380716,8,470.0,417.0,-0.2914567944778671,False,False,False,False,0,0,0,0,0,0,527,227,"[false, false, false]",320,2,1,Starfield Stage - 2
4684,2025-09-28T18:05:50.389855,9,470.0,417.0,-0.2866212422254526,False,False,False,False,0,0,0,0,0,0,526,227,"[false, false, false]",320,2,1,Starfield Stage - 2
4685,2025-09-28T18:05:50.398721,9,470.0,417.0,-0.28177186727335213,False,False,False,False,0,0,0,0,0,0,525,227,"[false, false, false]",320,2,1,Starfield Stage - 2
4686,2025-09-28T18:05:50.407746,9,470.0,417.0,-0.28177186727335213,False,False,False,False,0,0,0,0,0,0,525,227,"[false, false, false]",320,2,1,Starfield Stage - 2
4687,2025-09-28T18:05:50.416785,8,470.0,417.0,-0.2769088393177584,False,False,False,False,0,0,0,0,0,0,524,227,"[false, false, false]",320,2,1,Starfield Stage - 2
4688,2025-09-28T18:05:50.425453,9,470.0,417.0,-0.2769088393177584,False,False,False,False,0,0,0,0,0,0,524,227,"[false, false, false]",320,2,1,Starfield Stage - 2
4689,2025-09-28T18:05:50.432589,8,470.0,417.0,-0.2769088393177584,False,False,False,False,0,0,0,0,0,0,524,227,"[false, false, false]",320,2,1,Starfield Stage - 2
4690,2025-09-28T18:05:50.440196,8,470.0,417.0,-0.2769088393177584,False,False,False,False,0,0,0,0,0,0,524,227,"[false, false, false]",320,2,1,Starfield Stage - 2
4691,2025-09-28T18:05:50.447512,8,470.0,417.0,-0.2769088393177584,False,False,False,False,0,0,0,0,0,0,524,227,"[false, false, false]",320,2,1,Starfield Stage - 2
4692,2025-09-28T18:05:50.457037,9,470.0,417.0,-0.2769088393177584,False,False,False,False,0,0,0,0,0,0,524,227,"[false, false, false]",320,2,1,Starfield Stage - 2
4693,2025-09-28T18:05:50.467764,10,470.0,417.0,-0.2769088393177584,False,False,False,False,0,0,0,0,0,0,524,227,"[false, false, false]",320,2,1,Starfield Stage - 2
4694,2025-09-28T18:05:50.476488,9,470.0,417.0,-0.2769088393177584,False,False,False,False,0,0,0,0,0,0,524,227,"[false, false, false]",320,2,1,Starfield Stage - 2
4695,2025-09-28T18:05:50.484451,8,470.0,417.0,-0.2769088393177584,False,False,False,False,0,0,0,0,0,0,524,227,"[false, false, false]",320,2,1,Starfield Stage - 2
4696,2025-09-28T18:05:50.493271,9,470.0,417.0,-0.2769088393177584,False,False,False,False,0,0,0,0,0,0,524,227,"[false, false, false]",320,2,1,Starfield Stage - 2
4697,2025-09-28T18:05:50.502092,9,470.0,417.0,-0.2769088393177584,False,False,False,False,0,0,0,0,0,0,524,227,"[false, false, false]",320,2,1,Starfield Stage - 2
4698,2025-09-28T18:05:50.511458,9,470.0,417.0,-0.2769088393177584,False,False,False,False,0,0,0,0,0,0,524,227,"[false, false, false]",320,2,1,Starfield Stage - 2
4699,2025-09-28T18:05:50.519807,8,470.0,417.0,-0.2769088393177584,False,False,False,False,0,0,0,0,0,0,524,227,"[false, false, false]",320,2,1,Starfield Stage - 2
4700,2025-09-28T18:05:50.528133,9,470.0,417.0,-0.2769088393177584,False,False,False,False,0,0,0,0,0,0,524,227,"[false, false, false]",320,2,1,Starfield Stage - 2
4701,2025-09-28T18:05:50.537523,9,470.0,417.0,-0.2769088393177584,False,False,False,False,0,0,0,0,0,0,524,227,"[false, false, false]",320,2,1,Starfield Stage - 2
4702,2025-09-28T18:05:50.545937,9,470.0,417.0,-0.2769088393177584,False,False,False,False,0,0,0,0,0,0,524,227,"[false, false, false]",320,2,1,Starfield Stage - 2
4703,2025-09-28T18:05:50.555770,9,470.0,417.0,-0.2769088393177584,False,False,False,False,0,0,0,0,0,0,524,227,"[false, false, false]",320,2,1,Starfield Stage - 2
4704,2025-09-28T18:05:50.563490,9,470.0,417.0,-0.2769088393177584,False,False,False,False,0,0,0,0,0,0,524,227,"[false, false, false]",320,2,1,Starfield Stage - 2
4705,2025-09-28T18:05:50.572597,8,470.0,417.0,-0.2769088393177584,False,False,False,False,0,0,0,0,0,0,524,227,"[false, false, false]",320,2,1,Starfield Stage - 2
4706,2025-09-28T18:05:50.580792,9,470.0,417.0,-0.2769088393177584,False,False,False,False,0,0,0,0,0,0,524,227,"[false, false, false]",320,2,1,Starfield Stage - 2
4707,2025-09-28T18:05:50.590230,9,470.0,417.0,-0.2769088393177584,False,False,False,False,0,0,0,0,0,0,524,227,"[false, false, false]",320,2,1,Starfield Stage - 2
4708,2025-09-28T18:05:50.598351,8,470.0,417.0,-0.2769088393177584,False,False,False,False,0,0,0,0,0,0,524,227,"[false, false, false]",320,2,1,Starfield Stage - 2
4709,2025-09-28T18:05:50.607038,9,470.0,417.0,-0.2769088393177584,False,False,False,False,0,0,0,0,0,0,524,227,"[false, false, false]",320,2,1,Starfield Stage - 2
4710,2025-09-28T18:05:50.617074,10,470.0,417.0,-0.2769088393177584,False,False,False,False,0,0,0,0,0,0,524,227,"[false, false, false]",320,2,1,Starfield Stage - 2
4711,2025-09-28T18:05:50.626129,9,470.0,417.0,-0.2769088393177584,False,False,False,False,0,0,0,0,0,0,524,227,"[false, false, false]",320,2,1,Starfield Stage - 2
4712,2025-09-28T18:05:50.635119,9,470.0,417.0,-0.2769088393177584,False,False,False,False,0,0,0,0,0,0,524,227,"[false, false, false]",320,2,1,Starfield Stage - 2
4713,2025-09-28T18:05:50.643787,9,470.0,417.0,-0.2769088393177584,False,False,False,False,0,0,0,0,0,0,524,227,"[false, false, false]",320,2,1,Starfield Stage - 2
4714,2025-09-28T18:05:50.652899,9,470.0,417.0,-0.2769088393177584,False,False,False,False,0,0,0,0,0,0,524,227,"[false, false, false]",320,2,1,Starfield Stage - 2
4715,2025-09-28T18:05:50.661611,9,470.0,417.0,-0.2769088393177584,False,False,False,False,0,0,0,0,0,0,524,227,"[false, false, false]",320,2,1,Starfield Stage - 2
4716,2025-09-28T18:05:50.670282,8,470.0,417.0,-0.2769088393177584,False,False,False,False,0,0,0,0,0,0,524,227,"[false, false, false]",320,2,1,Starfield Stage - 2
4717,2025-09-28T18:05:50.678039,8,470.0,417.0,-0.2769088393177584,False,False,False,False,0,0,0,0,0,0,524,227,"[false, false, false]",320,2,1,Starfield Stage - 2
4718,2025-09-28T18:05:50.687610,9,470.0,417.0,-0.2769088393177584,False,False,False,False,0,0,0,0,0,0,524,227,"[false, false, false]",320,2,1,Starfield Stage - 2
4719,2025-09-28T18:05:50.695691,8,470.0,417.0,-0.2769088393177584,False,False,False,False,0,0,0,0,0,0,524,227,"[false, false, false]",320,2,1,Starfield Stage - 2
4720,2025-09-28T18:05:50.705272,9,470.0,417.0,-0.2769088393177584,False,False,False,False,0,0,0,0,0,0,524,227,"[false, false, false]",320,2,1,Starfield Stage - 2
4721,2025-09-28T18:05:50.712255,8,470.0,417.0,-0.2769088393177584,False,False,False,False,0,0,0,0,0,0,524,227,"[false, false, false]",320,2,1,Starfield Stage - 2
4722,2025-09-28T18:05:50.720094,8,470.0,417.0,-0.2769088393177584,False,False,False,False,0,0,0,0,0,0,524,227,"[false, false, false]",320,2,1,Starfield Stage - 2
4723,2025-09-28T18:05:50.729328,9,470.0,417.0,-0.2769088393177584,False,False,False,False,0,0,0,0,0,0,524,227,"[false, false, false]",320,2,1,Starfield Stage - 2
4724,2025-09-28T18:05:50.737904,9,470.0,417.0,-0.2769088393177584,False,False,False,False,0,0,0,0,0,0,524,227,"[false, false, false]",320,2,1,Starfield Stage - 2
4725,2025-09-28T18:05:50.746852,9,470.0,417.0,-0.2769088393177584,False,False,False,False,0,0,0,0,0,0,524,227,"[false, false, false]",320,2,1,Starfield Stage - 2
4726,2025-09-28T18:05:50.756810,10,470.0,417.0,-0.2769088393177584,False,False,False,False,0,0,0,0,0,0,524,227,"[false, false, false]",320,2,1,Starfield Stage - 2
4727,2025-09-28T18:05:50.766118,9,470.0,417.0,-0.2769088393177584,False,False,False,False,0,0,0,0,0,0,524,227,"[false, false, false]",320,2,1,Starfield Stage - 2
4728,2025-09-28T18:05:50.775937,9,470.0,417.0,-0.2769088393177584,False,False,False,False,0,0,0,0,0,0,524,227,"[false, false, false]",320,2,1,Starfield Stage - 2
4729,2025-09-28T18:05:50.784161,9,470.0,417.0,-0.2769088393177584,False,False,False,False,0,0,0,0,0,0,524,227,"[false, false, false]",320,2,1,Starfield Stage - 2
4730,2025-09-28T18:05:50.792028,8,470.0,417.0,-0.2769088393177584,False,False,False,False,0,0,0,0,0,0,524,227,"[false, false, false]",320,2,1,Starfield Stage - 2
4731,2025-09-28T18:05:50.801183,9,470.0,417.0,-0.2769088393177584,False,False,False,False,0,0,0,0,0,0,524,227,"[false, false, false]",320,2,1,Starfield Stage - 2
4732,2025-09-28T18:05:50.809546,8,470.0,417.0,-0.2769088393177584,False,False,False,False,0,0,0,0,0,0,524,227,"[false, false, false]",320,2,1,Starfield Stage - 2
4733,2025-09-28T18:05:50.817807,9,470.0,417.0,-0.2769088393177584,False,False,False,False,0,0,0,0,0,0,524,227,"[false, false, false]",320,2,1,Starfield Stage - 2
4734,2025-09-28T18:05:50.827288,9,470.0,417.0,-0.2769088393177584,False,False,False,False,0,0,0,0,0,0,524,227,"[false, false, false]",320,2,1,Starfield Stage - 2
4735,2025-09-28T18:05:50.835291,8,470.0,417.0,-0.2769088393177584,False,False,False,False,0,0,0,0,0,0,524,227,"[false, false, false]",320,2,1,Starfield Stage - 2
4736,2025-09-28T18:05:50.843066,8,470.0,417.0,-0.2769088393177584,False,False,False,False,0,0,0,0,0,0,524,227,"[false, false, false]",320,2,1,Starfield Stage - 2
4737,2025-09-28T18:05:50.852297,9,470.0,417.0,-0.2769088393177584,False,False,False,False,0,0,0,0,0,0,524,227,"[false, false, false]",320,2,1,Starfield Stage - 2
4738,2025-09-28T18:05:50.860326,8,470.0,417.0,-0.2769088393177584,False,False,False,False,0,0,0,0,0,0,524,227,"[false, false, false]",320,2,1,Starfield Stage - 2
4739,2025-09-28T18:05:50.868070,8,470.0,417.0,-0.2769088393177584,False,False,False,False,0,0,0,0,0,0,524,227,"[false, false, false]",320,2,1,Starfield Stage - 2
4740,2025-09-28T18:05:50.877017,9,470.0,417.0,-0.2769088393177584,False,False,False,False,0,0,0,0,0,0,524,227,"[false, false, false]",320,2,1,Starfield Stage - 2
4741,2025-09-28T18:05:50.886408,9,470.0,417.0,-0.2769088393177584,False,False,False,False,0,0,0,0,0,0,524,227,"[false, false, false]",320,2,1,Starfield Stage - 2
4742,2025-09-28T18:05:50.894684,8,470.0,417.0,-0.2769088393177584,False,False,False,False,0,0,0,0,0,0,524,227,"[false, false, false]",320,2,1,Starfield Stage - 2
4743,2025-09-28T18:05:50.902974,9,470.0,417.0,-0.2769088393177584,False,False,False,False,0,0,0,0,0,0,524,227,"[false, false, false]",320,2,1,Starfield Stage - 2
4744,2025-09-28T18:05:50.912171,8,470.0,417.0,-0.2769088393177584,False,False,False,False,0,0,0,0,0,0,524,227,"[false, false, false]",320,2,1,Starfield Stage - 2
4745,2025-09-28T18:05:50.919240,8,470.0,417.0,-0.2769088393177584,False,False,False,False,0,0,0,0,0,0,524,227,"[false, false, false]",320,2,1,Starfield Stage - 2
4746,2025-09-28T18:05:50.927283,8,470.0,417.0,-0.2769088393177584,False,False,False,False,0,0,0,0,0,0,524,227,"[false, false, false]",320,2,1,Starfield Stage - 2
4747,2025-09-28T18:05:50.935385,8,470.0,417.0,-0.2769088393177584,False,False,False,False,0,0,0,0,0,0,524,227,"[false, false, false]",320,2,1,Starfield Stage - 2
4748,2025-09-28T18:05:50.942846,8,470.0,417.0,-0.2769088393177584,False,False,False,False,0,0,0,0,0,0,524,227,"[false, false, false]",320,2,1,Starfield Stage - 2
4749,2025-09-28T18:05:50.951921,9,470.0,417.0,-0.2769088393177584,False,False,False,False,0,0,0,0,0,0,524,227,"[false, false, false]",320,2,1,Starfield Stage - 2
4750,2025-09-28T18:05:50.960989,9,470.0,417.0,-0.2769088393177584,False,False,False,False,0,0,0,0,0,0,524,227,"[false, false, false]",320,2,1,Starfield Stage - 2
4751,2025-09-28T18:05:50.969927,9,470.0,417.0,-0.2769088393177584,False,False,False,False,0,0,0,0,0,0,524,227,"[false, false, false]",320,2,1,Starfield Stage - 2
4752,2025-09-28T18:05:50.978879,9,470.0,417.0,-0.2769088393177584,False,False,False,False,0,0,0,0,0,0,524,227,"[false, false, false]",320,2,1,Starfield Stage - 2
4753,2025-09-28T18:05:50.987830,9,470.0,417.0,-0.2769088393177584,False,False,False,False,0,0,0,0,0,0,524,227,"[false, false, false]",320,2,1,Starfield Stage - 2
4754,2025-09-28T18:05:50.997473,9,470.0,417.0,-0.2769088393177584,False,False,False,False,0,0,0,0,0,0,524,227,"[false, false, false]",320,2,1,Starfield Stage - 2
4755,2025-09-28T18:05:51.005238,8,470.0,417.0,-0.2769088393177584,False,False,False,False,0,0,0,0,0,0,524,227,"[false, false, false]",320,2,1,Starfield Stage - 2
4756,2025-09-28T18:05:51.014253,8,470.0,417.0,-0.2769088393177584,False,False,False,False,0,0,0,0,0,0,524,227,"[false, false, false]",320,2,1,Starfield Stage - 2
4757,2025-09-28T18:05:51.021929,9,470.0,417.0,-0.2769088393177584,False,False,False,False,0,0,0,0,0,0,524,227,"[false, false, false]",320,2,1,Starfield Stage - 2
4758,2025-09-28T18:05:51.031284,9,470.0,417.0,-0.2769088393177584,False,False,False,False,0,0,0,0,0,0,524,227,"[false, false, false]",320,2,1,Starfield Stage - 2
4759,2025-09-28T18:05:51.039806,8,470.0,417.0,-0.2769088393177584,False,False,False,False,0,0,0,0,0,0,524,227,"[false, false, false]",320,2,1,Starfield Stage - 2
4760,2025-09-28T18:05:51.048106,9,470.0,417.0,-0.2769088393177584,False,False,False,False,0,0,0,0,0,0,524,227,"[false, false, false]",320,2,1,Starfield Stage - 2
4761,2025-09-28T18:05:51.057054,9,470.0,417.0,-0.2769088393177584,False,False,False,False,0,0,0,0,0,0,524,227,"[false, false, false]",320,2,1,Starfield Stage - 2
4762,2025-09-28T18:05:51.067259,10,470.0,417.0,-0.2769088393177584,False,False,False,False,0,1,0,0,0,0,524,227,"[false, false, false]",320,2,1,Starfield Stage - 2
4763,2025-09-28T18:05:51.075325,8,470.0,417.0,-0.2769088393177584,False,False,False,False,0,1,0,0,0,0,524,227,"[false, false, false]",320,2,1,Starfield Stage - 2
4764,2025-09-28T18:05:51.083472,8,470.0,417.0,-0.2769088393177584,False,False,False,False,0,1,0,0,0,0,524,227,"[false, false, false]",320,2,1,Starfield Stage - 2
4765,2025-09-28T18:05:51.091490,8,470.0,417.0,-0.2769088393177584,False,False,False,False,0,1,0,0,0,0,524,227,"[false, false, false]",320,2,1,Starfield Stage - 2
4766,2025-09-28T18:05:51.099805,8,470.0,417.0,-0.2769088393177584,False,False,False,False,0,1,0,0,0,0,524,227,"[false, false, false]",320,2,1,Starfield Stage - 2
4767,2025-09-28T18:05:51.108058,9,470.0,417.0,-0.2769088393177584,False,False,False,False,0,1,0,0,0,0,524,227,"[false, false, false]",320,2,1,Starfield Stage - 2
4768,2025-09-28T18:05:51.118086,9,470.0,417.0,-0.2769088393177584,False,False,False,False,0,1,0,0,0,0,524,227,"[false, false, false]",320,2,1,Starfield Stage - 2
4769,2025-09-28T18:05:51.125636,9,470.0,417.0,-0.2769088393177584,False,False,False,False,0,1,0,0,0,0,524,227,"[false, false, false]",320,2,1,Starfield Stage - 2
4770,2025-09-28T18:05:51.133996,8,470.0,417.0,-0.2769088393177584,False,False,False,False,0,1,0,0,0,0,524,227,"[false, false, false]",320,2,1,Starfield Stage - 2
4771,2025-09-28T18:05:51.143151,9,470.0,417.0,-0.2769088393177584,False,False,False,False,0,1,0,0,0,0,524,227,"[false, false, false]",320,2,1,Starfield Stage - 2
4772,2025-09-28T18:05:51.151066,8,470.0,417.0,-0.2769088393177584,False,False,False,False,0,1,0,0,0,0,524,227,"[false, false, false]",320,2,1,Starfield Stage - 2
4773,2025-09-28T18:05:51.160249,9,470.0,417.0,-0.2769088393177584,False,False,False,False,0,1,0,0,0,0,524,227,"[false, false, false]",320,2,1,Starfield Stage - 2
4774,2025-09-28T18:05:51.167997,8,470.0,417.0,-0.2769088393177584,False,False,False,False,0,1,0,0,0,0,524,227,"[false, false, false]",320,2,1,Starfield Stage - 2
4775,2025-09-28T18:05:51.177158,9,470.0,417.0,-0.2769088393177584,False,False,False,False,0,1,0,0,0,0,524,227,"[false, false, false]",320,2,1,Starfield Stage - 2
4776,2025-09-28T18:05:51.184977,8,470.0,417.0,-0.2769088393177584,False,False,False,False,0,1,0,0,0,0,524,227,"[false, false, false]",320,2,1,Starfield Stage - 2
4777,2025-09-28T18:05:51.193873,9,470.0,417.0,-0.2769088393177584,False,False,False,False,0,1,0,0,0,0,524,227,"[false, false, false]",320,2,1,Starfield Stage - 2
4778,2025-09-28T18:05:51.202909,9,470.0,417.0,-0.2769088393177584,False,False,False,False,0,1,0,0,0,0,524,227,"[false, false, false]",320,2,1,Starfield Stage - 2
4779,2025-09-28T18:05:51.212078,9,470.0,417.0,-0.2769088393177584,False,False,False,False,0,1,0,0,0,0,524,227,"[false, false, false]",320,2,1,Starfield Stage - 2
4780,2025-09-28T18:05:51.220861,9,470.0,417.0,-0.2769088393177584,False,False,False,False,0,1,0,0,0,0,524,227,"[false, false, false]",320,2,1,Starfield Stage - 2
4781,2025-09-28T18:05:51.230141,9,470.0,417.0,-0.2769088393177584,False,False,False,False,0,1,0,0,0,0,524,227,"[false, false, false]",320,2,1,Starfield Stage - 2
4782,2025-09-28T18:05:51.239156,9,470.0,417.0,-0.2769088393177584,False,False,False,False,0,1,0,0,0,0,524,227,"[false, false, false]",320,2,1,Starfield Stage - 2
4783,2025-09-28T18:05:51.247037,8,470.0,417.0,-0.2769088393177584,False,False,False,False,0,1,0,0,0,0,524,227,"[false, false, false]",320,2,1,Starfield Stage - 2
4784,2025-09-28T18:05:51.256987,10,470.0,417.0,-0.2769088393177584,False,False,False,False,0,1,0,0,0,0,524,227,"[false, false, false]",320,2,1,Starfield Stage - 2
4785,2025-09-28T18:05:51.266202,9,470.0,417.0,-0.2769088393177584,False,False,False,False,0,1,0,0,0,0,524,227,"[false, false, false]",320,2,1,Starfield Stage - 2
4786,2025-09-28T18:05:51.274840,8,470.0,417.0,-0.2769088393177584,False,False,False,False,0,1,0,0,0,0,524,227,"[false, false, false]",320,2,1,Starfield Stage - 2
4787,2025-09-28T18:05:51.283067,9,470.0,417.0,-0.2769088393177584,False,False,False,False,0,1,0,0,0,0,524,227,"[false, false, false]",320,2,1,Starfield Stage - 2
4788,2025-09-28T18:05:51.291967,9,470.0,417.0,-0.2769088393177584,False,False,False,False,0,1,0,0,0,0,524,227,"[false, false, false]",320,2,1,Starfield Stage - 2
4789,2025-09-28T18:05:51.302305,9,470.0,417.0,-0.2769088393177584,False,False,False,False,0,1,0,0,0,0,524,227,"[false, false, false]",320,2,1,Starfield Stage - 2
4790,2025-09-28T18:05:51.310523,9,470.0,417.0,-0.2769088393177584,False,False,False,False,0,1,0,0,0,0,524,227,"[false, false, false]",320,2,1,Starfield Stage - 2
4791,2025-09-28T18:05:51.318585,8,470.0,417.0,-0.2769088393177584,False,False,False,False,0,1,0,0,0,0,524,227,"[false, false, false]",320,2,1,Starfield Stage - 2
4792,2025-09-28T18:05:51.326779,9,470.0,417.0,-0.2769088393177584,False,False,False,False,0,1,0,0,0,0,524,227,"[false, false, false]",320,2,1,Starfield Stage - 2
4793,2025-09-28T18:05:51.336268,9,470.0,417.0,-0.2769088393177584,False,False,False,False,0,1,0,0,0,0,524,227,"[false, false, false]",320,2,1,Starfield Stage - 2
4794,2025-09-28T18:05:51.344008,8,467.5,417.0,-0.28904075665652623,False,True,False,False,0,1,0,0,0,0,524,227,"[false, false, false]",320,2,1,Starfield Stage - 2
4795,2025-09-28T18:05:51.353356,9,465.0,417.0,-0.3201707768798952,False,True,False,False,0,1,0,0,0,0,528,227,"[false, false, false]",320,2,1,Starfield Stage - 2
4796,2025-09-28T18:05:51.361925,9,462.5,417.0,-0.3726868492788018,False,True,False,False,0,1,0,0,0,0,536,229,"[false, false, false]",320,2,1,Starfield Stage - 2
4797,2025-09-28T18:05:51.371344,9,460.0,417.0,-0.565637912027307,False,True,False,False,0,1,0,0,0,0,573,239,"[false, false, false]",320,2,1,Starfield Stage - 2
4798,2025-09-28T18:05:51.379347,8,457.5,417.0,-0.7103394373630635,False,True,False,False,0,1,0,0,0,0,602,249,"[false, false, false]",320,2,1,Starfield Stage - 2
4799,2025-09-28T18:05:51.387239,8,455.0,417.0,-0.855869507976244,False,True,False,False,0,1,0,0,0,0,637,259,"[false, false, false]",320,2,1,Starfield Stage - 2
4800,2025-09-28T18:05:51.395267,8,452.5,417.0,-0.8626165828804604,False,True,False,False,0,1,0,0,0,0,637,259,"[false, false, false]",320,2,1,Starfield Stage - 2
4801,2025-09-28T18:05:51.403585,8,450.0,417.0,-1.1086707866339212,False,True,False,False,0,1,0,0,0,0,713,286,"[false, false, false]",320,2,1,Starfield Stage - 2
4802,2025-09-28T18:05:51.412037,9,447.5,417.0,-1.210396403802274,False,True,False,False,0,1,0,0,0,0,750,303,"[false, false, false]",320,2,1,Starfield Stage - 2
4803,2025-09-28T18:05:51.421003,8,445.0,417.0,-1.2975688053309344,False,True,False,False,0,1,0,0,0,0,784,322,"[false, false, false]",320,2,1,Starfield Stage - 2
4804,2025-09-28T18:05:51.429179,9,442.5,417.0,-1.3803612113813424,False,True,False,False,0,1,0,0,0,0,816,345,"[false, false, false]",320,2,1,Starfield Stage - 2
4805,2025-09-28T18:05:51.437282,8,440.0,417.0,-1.4482606146557828,False,True,False,False,0,1,0,0,0,0,846,367,"[false, false, false]",320,2,1,Starfield Stage - 2
4806,2025-09-28T18:05:51.445795,8,437.5,417.0,-1.5068834940061626,False,True,False,False,0,1,0,0,0,0,875,389,"[false, false, false]",320,2,1,Starfield Stage - 2
4807,2025-09-28T18:05:51.454244,9,435.0,417.0,-1.5537404115703677,False,True,False,False,0,1,0,0,0,0,904,409,"[false, false, false]",320,2,1,Starfield Stage - 2
4808,2025-09-28T18:05:51.462519,8,432.5,417.0,-1.5908538171746318,False,True,False,False,0,1,0,0,0,0,931,427,"[false, false, false]",320,2,1,Starfield Stage - 2
4809,2025-09-28T18:05:51.470895,9,430.0,417.0,-1.6144947265126994,False,True,False,False,0,1,0,0,0,0,956,440,"[false, false, false]",320,2,1,Starfield Stage - 2
4810,2025-09-28T18:05:51.480293,9,427.5,417.0,-1.6287549134318484,False,True,False,False,0,1,0,0,0,0,979,449,"[false, false, false]",320,2,1,Starfield Stage - 2
4811,2025-09-28T18:05:51.488780,8,425.0,417.0,-1.6366730871316881,False,True,False,False,0,1,0,0,0,0,1001,455,"[false, false, false]",320,2,1,Starfield Stage - 2
4812,2025-09-28T18:05:51.496874,9,422.5,417.0,-1.6406243276341648,False,True,False,False,0,1,0,0,0,0,1023,459,"[false, false, false]",320,2,1,Starfield Stage - 2
4813,2025-09-28T18:05:51.506396,9,420.0,414.5,-1.6451780773688403,False,True,True,False,0,1,0,0,0,0,1044,461,"[false, false, false]",320,2,1,Starfield Stage - 2
4814,2025-09-28T18:05:51.513943,8,417.5,412.0,-1.6477450944262522,False,True,True,False,0,1,0,0,0,0,1066,462,"[false, false, false]",320,2,1,Starfield Stage - 2
4815,2025-09-28T18:05:51.523345,9,415.0,409.5,-1.6436440686390492,False,True,True,False,0,1,0,0,0,0,1107,460,"[false, false, false]",320,2,1,Starfield Stage - 2
4816,2025-09-28T18:05:51.531822,8,412.5,407.0,-1.640856909433352,False,True,True,False,0,1,0,0,0,0,1125,457,"[false, false, false]",320,2,1,Starfield Stage - 2
4817,2025-09-28T18:05:51.540009,9,410.0,404.5,-1.6369564568625767,False,True,True,False,0,1,0,0,0,0,1142,453,"[false, false, false]",320,2,1,Starfield Stage - 2
4818,2025-09-28T18:05:51.549342,9,407.5,402.0,-1.6321753767263545,False,True,True,False,0,1,0,0,0,0,1156,448,"[false, false, false]",320,2,1,Starfield Stage - 2
4819,2025-09-28T18:05:51.557087,8,405.0,399.5,-1.6303588177949124,False,True,True,False,0,1,0,0,0,0,1168,445,"[false, false, false]",320,2,1,Starfield Stage - 2
4820,2025-09-28T18:05:51.567398,10,402.5,397.0,-1.6288330791277985,False,True,True,False,0,1,0,0,0,0,1177,442,"[false, false, false]",320,2,1,Starfield Stage - 2
4821,2025-09-28T18:05:51.575190,8,400.0,394.5,-1.6301136317649216,False,True,True,False,0,1,0,0,0,0,1183,441,"[false, false, false]",320,2,1,Starfield Stage - 2
4822,2025-09-28T18:05:51.583875,8,400.0,392.0,-1.6316348599773665,False,False,True,False,0,1,0,0,0,0,1188,440,"[false, false, false]",320,2,1,Starfield Stage - 2
4823,2025-09-28T18:05:51.593296,9,402.5,389.5,-1.6348356246811186,True,False,True,False,0,1,0,0,0,0,1190,440,"[false, false, false]",320,2,1,Starfield Stage - 2
4824,2025-09-28T18:05:51.600802,9,405.0,387.0,-1.6381244330065443,True,False,True,False,0,1,0,0,0,0,1191,440,"[false, false, false]",320,2,1,Starfield Stage - 2
4825,2025-09-28T18:05:51.610387,9,407.5,384.5,-1.6415141957484651,True,False,True,False,0,1,0,0,0,0,1191,440,"[false, false, false]",320,2,1,Starfield Stage - 2
4826,2025-09-28T18:05:51.618851,9,410.0,382.0,-1.6449240169997665,True,False,True,False,0,1,0,0,0,0,1191,440,"[false, false, false]",320,2,1,Starfield Stage - 2
4827,2025-09-28T18:05:51.628044,9,412.5,379.5,-1.6482548963950425,True,False,True,False,0,1,0,0,0,0,1192,440,"[false, false, false]",320,2,1,Starfield Stage - 2
4828,2025-09-28T18:05:51.637075,9,415.0,377.0,-1.6513906046236777,True,False,True,False,0,1,0,0,0,0,1195,440,"[false, false, false]",320,2,1,Starfield Stage - 2
4829,2025-09-28T18:05:51.647357,10,417.5,374.5,-1.6544140768873294,True,False,True,False,0,1,0,0,0,0,1199,440,"[false, false, false]",320,2,1,Starfield Stage - 2
4830,2025-09-28T18:05:51.654892,8,420.0,372.0,-1.6578670201919299,True,False,True,False,0,1,0,0,0,0,1199,440,"[false, false, false]",320,2,1,Starfield Stage - 2
4831,2025-09-28T18:05:51.664340,9,422.5,369.5,-1.6613400969501813,True,False,True,False,0,1,0,0,0,0,1199,440,"[false, false, false]",320,2,1,Starfield Stage - 2
4832,2025-09-28T18:05:51.673042,9,425.0,367.0,-1.666113842169013,True,False,True,False,0,1,0,0,0,0,1199,441,"[false, false, false]",320,2,1,Starfield Stage - 2
4833,2025-09-28T18:05:51.682365,9,427.5,364.5,-1.6709141290794038,True,False,True,False,0,1,0,0,0,0,1199,442,"[false, false, false]",320,2,1,Starfield Stage - 2
4834,2025-09-28T18:05:51.690551,8,430.0,364.5,-1.6738113854829606,True,False,False,False,0,1,0,0,0,0,1199,444,"[false, false, false]",320,2,1,Starfield Stage - 2
4835,2025-09-28T18:05:51.698338,8,432.5,364.5,-1.6754355664566336,True,False,False,False,0,1,0,0,0,0,1199,445,"[false, false, false]",320,2,1,Starfield Stage - 2
4836,2025-09-28T18:05:51.707381,9,435.0,364.5,-1.6783638114474766,True,False,False,False,0,1,0,0,0,0,1199,447,"[false, false, false]",320,2,1,Starfield Stage - 2
4837,2025-09-28T18:05:51.715491,8,437.5,364.5,-1.6787142237941532,True,False,False,False,0,1,0,0,0,0,1199,447,"[false, false, false]",320,2,1,Starfield Stage - 2
4838,2025-09-28T18:05:51.724595,9,440.0,364.5,-1.6790669176553528,True,False,False,False,0,1,0,0,0,0,1199,447,"[false, false, false]",320,2,1,Starfield Stage - 2
4839,2025-09-28T18:05:51.732611,8,442.5,364.5,-1.6794219152974554,True,False,False,False,0,1,0,0,0,0,1199,447,"[false, false, false]",320,2,1,Starfield Stage - 2
4840,2025-09-28T18:05:51.741551,9,445.0,364.5,-1.679779239276359,True,False,False,False,0,1,0,0,0,0,1199,447,"[false, false, false]",320,2,1,Starfield Stage - 2
4841,2025-09-28T18:05:51.749361,8,447.5,364.5,-1.6801389124421782,True,False,False,False,0,1,0,0,0,0,1199,447,"[false, false, false]",320,2,1,Starfield Stage - 2
4842,2025-09-28T18:05:51.758587,9,450.0,364.5,-1.6805009579440386,True,False,False,False,0,1,0,0,0,0,1199,447,"[false, false, false]",320,2,1,Starfield Stage - 2
4843,2025-09-28T18:05:51.767581,9,452.5,364.5,-1.6808653992349627,True,False,False,False,0,1,0,0,0,0,1199,447,"[false, false, false]",320,2,1,Starfield Stage - 2
4844,2025-09-28T18:05:51.776152,8,455.0,364.5,-1.6812322600768521,True,False,False,False,1,1,0,0,0,0,1199,447,"[true, false, false]",320,2,1,Starfield Stage - 2
4845,2025-09-28T18:05:51.782583,8,457.5,364.5,-1.681601564545568,True,False,False,False,1,1,0,0,0,0,1199,447,"[true, false, false]",320,2,1,Starfield Stage - 2
4846,2025-09-28T18:05:51.792070,9,460.0,364.5,-1.6819733370361107,True,False,False,False,1,1,0,0,0,0,1199,447,"[true, false, false]",320,2,1,Starfield Stage - 2
4847,2025-09-28T18:05:51.801125,9,462.5,364.5,-1.6823476022679031,True,False,False,False,1,1,0,0,0,0,1199,447,"[true, false, false]",320,2,1,Starfield Stage - 2
4848,2025-09-28T18:05:51.810821,9,465.0,364.5,-1.6828758091551657,True,False,False,False,1,1,0,0,0,0,1198,447,"[true, false, false]",320,2,1,Starfield Stage - 2
4849,2025-09-28T18:05:51.819885,9,467.5,364.5,-1.6837159875474992,True,False,False,False,1,1,0,0,0,0,1195,447,"[false, false, false]",320,2,1,Starfield Stage - 2
4850,2025-09-28T18:05:51.828140,9,470.0,364.5,-1.680758835614325,True,False,False,False,1,1,0,0,0,0,1181,443,"[false, false, false]",320,2,1,Starfield Stage - 2
4851,2025-09-28T18:05:51.836057,8,472.5,364.5,-1.6798819635326658,True,False,False,False,1,1,0,0,0,0,1171,441,"[false, false, false]",320,2,1,Starfield Stage - 2
4852,2025-09-28T18:05:51.845071,9,475.0,364.5,-1.6792867910675429,True,False,False,False,1,1,0,0,0,0,1159,439,"[false, false, false]",320,2,1,Starfield Stage - 2
4853,2025-09-28T18:05:51.853659,9,477.5,364.5,-1.6803041231876341,True,False,False,False,1,1,0,0,0,0,1146,438,"[false, false, false]",320,2,1,Starfield Stage - 2
4854,2025-09-28T18:05:51.862629,8,480.0,364.5,-1.6828819983878605,True,False,False,False,1,1,0,0,0,0,1133,438,"[false, false, false]",320,2,1,Starfield Stage - 2
4855,2025-09-28T18:05:51.871093,9,482.5,364.5,-1.6855836225755234,True,False,False,False,1,1,0,0,0,0,1120,438,"[false, false, false]",320,2,1,Starfield Stage - 2
4856,2025-09-28T18:05:51.880276,9,485.0,364.5,-1.6896248800222229,True,False,False,False,1,1,0,0,0,0,1109,439,"[false, false, false]",320,2,1,Starfield Stage - 2
4857,2025-09-28T18:05:51.889131,8,487.5,364.5,-1.6936415086992498,True,False,False,False,1,1,0,0,0,0,1099,440,"[false, false, false]",320,2,1,Starfield Stage - 2
4858,2025-09-28T18:05:51.897206,9,490.0,364.5,-1.6974033392358505,True,False,False,False,1,1,0,0,0,0,1091,441,"[false, false, false]",320,2,1,Starfield Stage - 2
4859,2025-09-28T18:05:51.906280,8,492.5,364.5,-1.7006429250317108,True,False,False,False,1,1,0,0,0,0,1086,442,"[false, false, false]",320,2,1,Starfield Stage - 2
4860,2025-09-28T18:05:51.913936,8,495.0,367.0,-1.6993353973437328,True,False,False,True,1,1,0,0,0,0,1083,443,"[false, false, false]",320,2,1,Starfield Stage - 2
4861,2025-09-28T18:05:51.922948,9,497.5,369.5,-1.696100387807736,True,False,False,True,1,1,0,0,0,0,1081,443,"[false, false, false]",320,2,1,Starfield Stage - 2
4862,2025-09-28T18:05:51.930998,9,500.0,372.0,-1.6923965073738012,True,False,False,True,1,1,0,0,0,0,1081,443,"[false, false, false]",320,2,1,Starfield Stage - 2
4863,2025-09-28T18:05:51.940340,9,502.5,374.5,-1.6886572148292132,True,False,False,True,2,1,0,0,0,0,1081,443,"[true, false, false]",320,2,1,Starfield Stage - 2
4864,2025-09-28T18:05:51.948648,8,505.0,377.0,-1.684882105963056,True,False,False,True,2,1,0,0,0,0,1081,443,"[true, false, false]",320,2,1,Starfield Stage - 2
4865,2025-09-28T18:05:51.956787,9,507.5,379.5,-1.6810707728678693,True,False,False,True,2,1,0,0,0,0,1081,443,"[true, false, false]",320,2,1,Starfield Stage - 2
4866,2025-09-28T18:05:51.966696,9,510.0,382.0,-1.6772228039805073,True,False,False,True,2,1,0,0,0,0,1081,443,"[true, false, false]",320,2,1,Starfield Stage - 2
4867,2025-09-28T18:05:51.974299,8,512.5,384.5,-1.673337784127781,True,False,False,True,2,1,0,0,0,0,1081,443,"[true, false, false]",320,2,1,Starfield Stage - 2
4868,2025-09-28T18:05:51.982904,9,515.0,387.0,-1.6694152945771146,True,False,False,True,2,1,0,0,0,0,1081,443,"[true, false, false]",320,2,1,Starfield Stage - 2
4869,2025-09-28T18:05:51.992227,9,517.5,389.5,-1.6654549130924488,True,False,False,True,2,1,0,0,0,0,1081,443,"[true, false, false]",320,2,1,Starfield Stage - 2
4870,2025-09-28T18:05:51.999968,8,520.0,392.0,-1.6614562139956417,True,False,False,True,2,1,0,0,0,0,1081,443,"[true, false, false]",320,2,1,Starfield Stage - 2
4871,2025-09-28T18:05:52.008947,9,522.5,394.5,-1.6574187682336181,True,False,False,True,2,1,0,0,0,0,1081,443,"[true, false, false]",320,2,1,Starfield Stage - 2
4872,2025-09-28T18:05:52.018105,9,525.0,397.0,-1.6533421434515267,True,False,False,True,2,1,0,0,0,0,1081,443,"[false, false, false]",320,2,1,Starfield Stage - 2
4873,2025-09-28T18:05:52.027085,9,527.5,399.5,-1.6492259040721766,True,False,False,True,2,1,0,0,0,0,1081,443,"[false, false, false]",320,2,1,Starfield Stage - 2
4874,2025-09-28T18:05:52.035614,9,530.0,402.0,-1.64506961138203,True,False,False,True,2,1,0,0,0,0,1081,443,"[false, false, false]",320,2,1,Starfield Stage - 2
4875,2025-09-28T18:05:52.044262,8,532.5,404.5,-1.6408728236240346,True,False,False,True,2,1,0,0,0,0,1081,443,"[false, false, false]",320,2,1,Starfield Stage - 2
4876,2025-09-28T18:05:52.052278,8,535.0,407.0,-1.6366350960975904,True,False,False,True,2,1,0,0,0,0,1081,443,"[false, false, false]",320,2,1,Starfield Stage - 2
4877,2025-09-28T18:05:52.060400,8,537.5,409.5,-1.6323559812659523,True,False,False,True,2,1,0,0,0,0,1081,443,"[false, false, false]",320,2,1,Starfield Stage - 2
4878,2025-09-28T18:05:52.067771,8,540.0,412.0,-1.6280350288713756,True,False,False,True,2,1,0,0,0,0,1081,443,"[false, false, false]",320,2,1,Starfield Stage - 2
4879,2025-09-28T18:05:52.077238,9,542.5,414.5,-1.623671786058324,True,False,False,True,2,1,0,0,0,0,1081,443,"[false, false, false]",320,2,1,Starfield Stage - 2
4880,2025-09-28T18:05:52.085852,9,545.0,417.0,-1.6192657975050635,True,False,False,True,2,1,0,0,0,0,1081,443,"[false, false, false]",320,2,1,Starfield Stage - 2
4881,2025-09-28T18:05:52.095535,9,547.5,419.5,-1.6148166055639726,True,False,False,True,2,1,0,0,0,0,1081,443,"[false, false, false]",320,2,1,Starfield Stage - 2
4882,2025-09-28T18:05:52.104614,9,550.0,422.0,-1.610323750410912,True,False,False,True,2,2,0,0,0,0,1081,443,"[false, false, false]",320,2,1,Starfield Stage - 2
4883,2025-09-28T18:05:52.113088,9,552.5,424.5,-1.6057867702039976,True,False,False,True,3,2,0,0,0,0,1081,443,"[true, false, false]",320,2,1,Starfield Stage - 2
4884,2025-09-28T18:05:52.122262,9,555.0,427.0,-1.6012052012521296,True,False,False,True,3,2,0,0,0,0,1081,443,"[true, false, false]",320,2,1,Starfield Stage - 2
4885,2025-09-28T18:05:52.130463,8,557.5,429.5,-1.596578578193639,True,False,False,True,3,2,0,0,0,0,1081,443,"[true, false, false]",320,2,1,Starfield Stage - 2
4886,2025-09-28T18:05:52.138586,9,560.0,432.0,-1.591906434185418,True,False,False,True,3,2,0,0,0,0,1081,443,"[true, false, false]",320,2,1,Starfield Stage - 2
4887,2025-09-28T18:05:52.148176,9,562.5,434.5,-1.587188301102902,True,False,False,True,3,2,0,0,0,0,1081,443,"[true, false, false]",320,2,1,Starfield Stage - 2
4888,2025-09-28T18:05:52.156182,8,565.0,437.0,-1.5824237097512805,True,False,False,True,3,2,0,0,0,0,1081,443,"[true, false, false]",320,2,1,Starfield Stage - 2
4889,2025-09-28T18:05:52.164388,8,567.5,439.5,-1.5776121900883227,True,False,False,True,3,2,0,0,0,0,1081,443,"[true, false, false]",320,2,1,Starfield Stage - 2
4890,2025-09-28T18:05:52.172787,9,570.0,442.0,-1.5727532714591932,True,False,False,True,3,2,0,0,0,0,1081,443,"[true, false, false]",320,2,1,Starfield Stage - 2
4891,2025-09-28T18:05:52.181960,9,572.5,444.5,-1.5678464828436522,True,False,False,True,3,2,0,0,0,0,1081,443,"[true, false, false]",320,2,1,Starfield Stage - 2
4892,2025-09-28T18:05:52.191734,9,575.0,447.0,-1.5628913531160276,True,False,False,True,3,2,0,0,0,0,1081,443,"[false, false, false]",320,2,1,Starfield Stage - 2
4893,2025-09-28T18:05:52.200065,9,577.5,449.5,-1.5578874113183494,True,False,False,True,3,2,0,0,0,0,1081,443,"[false, false, false]",320,2,1,Starfield Stage - 2
4894,2025-09-28T18:05:52.209916,10,580.0,452.0,-1.5528341869470392,True,False,False,True,3,2,0,0,0,0,1081,443,"[false, false, false]",320,2,1,Starfield Stage - 2
4895,2025-09-28T18:05:52.218514,8,582.5,454.5,-1.5477312102535445,True,False,False,True,3,2,0,0,0,0,1081,443,"[false, false, false]",320,2,1,Starfield Stage - 2
4896,2025-09-28T18:05:52.227425,9,585.0,457.0,-1.5425780125593067,True,False,False,True,3,2,0,0,0,0,1081,443,"[false, false, false]",320,2,1,Starfield Stage - 2
4897,2025-09-28T18:05:52.235397,8,587.5,459.5,-1.5373741265854495,True,False,False,True,3,2,0,0,0,0,1081,443,"[false, false, false]",320,2,1,Starfield Stage - 2
4898,2025-09-28T18:05:52.244253,9,587.5,459.5,-1.5373741265854495,True,True,False,False,3,2,0,0,0,0,1081,443,"[false, false, false]",320,2,1,Starfield Stage - 2
4899,2025-09-28T18:05:52.252063,8,587.5,459.5,-1.5373741265854495,True,True,False,False,3,2,0,0,0,0,1081,443,"[false, false, false]",320,2,1,Starfield Stage - 2
4900,2025-09-28T18:05:52.260919,9,587.5,459.5,-1.5373741265854495,True,True,False,False,3,2,0,0,0,0,1081,443,"[false, false, false]",320,2,1,Starfield Stage - 2
4901,2025-09-28T18:05:52.270304,9,587.5,459.5,-1.5373741265854495,True,True,False,False,3,2,0,0,0,0,1081,443,"[false, false, false]",320,2,1,Starfield Stage - 2
4902,2025-09-28T18:05:52.278854,9,587.5,459.5,-1.5373741265854495,True,True,False,False,3,2,0,0,0,0,1081,443,"[false, false, false]",320,2,1,Starfield Stage - 2
4903,2025-09-28T18:05:52.288845,9,587.5,459.5,-1.5373741265854495,True,True,False,False,3,2,0,0,0,0,1081,443,"[false, false, false]",320,2,1,Starfield Stage - 2
4904,2025-09-28T18:05:52.297674,9,587.5,459.5,-1.5373741265854495,True,True,False,False,3,2,0,0,0,0,1081,443,"[false, false, false]",320,2,1,Starfield Stage - 2
4905,2025-09-28T18:05:52.306786,9,587.5,459.5,-1.5373741265854495,True,True,False,False,3,2,0,0,0,0,1081,443,"[false, false, false]",320,2,1,Starfield Stage - 2
4906,2025-09-28T18:05:52.314755,8,587.5,459.5,-1.5373741265854495,True,True,False,False,3,2,0,0,0,0,1081,443,"[false, false, false]",320,2,1,Starfield Stage - 2
4907,2025-09-28T18:05:52.323205,9,585.0,459.5,-1.5395564933646284,False,True,False,False,3,2,0,0,0,0,1081,444,"[false, false, false]",320,2,1,Starfield Stage - 2
4908,2025-09-28T18:05:52.331806,8,582.5,459.5,-1.5536436196839811,False,True,False,False,3,2,0,0,0,0,1078,451,"[false, false, false]",320,2,1,Starfield Stage - 2
4909,2025-09-28T18:05:52.340579,9,580.0,459.5,-1.5677660330400338,False,True,False,False,3,2,0,0,0,0,1075,458,"[false, false, false]",320,2,1,Starfield Stage - 2
4910,2025-09-28T18:05:52.348894,9,577.5,459.5,-1.5859313970580138,False,True,False,False,3,2,0,0,0,0,1073,467,"[false, false, false]",320,2,1,Starfield Stage - 2
4911,2025-09-28T18:05:52.358064,9,575.0,459.5,-1.6102495278919362,False,True,False,False,3,2,0,0,0,0,1069,479,"[false, false, false]",320,2,1,Starfield Stage - 2
4912,2025-09-28T18:05:52.367243,9,572.5,459.5,-1.6369585366011397,False,True,False,False,3,2,0,0,0,0,1063,492,"[false, false, false]",320,2,1,Starfield Stage - 2
4913,2025-09-28T18:05:52.414232,8,570.0,459.5,-1.6704649792860586,False,True,False,False,2,2,0,0,0,0,1055,508,"[false, false, false]",340,2,1,Starfield Stage - 2
4914,2025-09-28T18:05:52.415716,41,567.5,459.5,-1.8889237086400785,False,True,False,False,2,2,0,0,0,0,982,596,"[false, false, false]",340,2,1,Starfield Stage - 2
4915,2025-09-28T18:05:52.425452,9,565.0,457.0,-1.9378017820998055,False,True,True,False,2,2,0,0,0,0,963,610,"[false, false, false]",340,2,1,Starfield Stage - 2
4916,2025-09-28T18:05:52.433243,8,562.5,454.5,-1.985479335239596,False,True,True,False,2,2,0,0,0,0,943,622,"[false, false, false]",340,2,1,Starfield Stage - 2
4917,2025-09-28T18:05:52.441110,8,560.0,452.0,-2.0322315500247976,False,True,True,False,2,2,0,0,0,0,922,632,"[false, false, false]",340,2,1,Starfield Stage - 2
4918,2025-09-28T18:05:52.450411,9,557.5,449.5,-2.0771529915607068,False,True,True,False,2,2,0,0,0,0,901,640,"[false, false, false]",340,2,1,Starfield Stage - 2
4919,2025-09-28T18:05:52.458888,9,555.0,447.0,-2.1224513093234436,False,True,True,False,2,2,0,0,0,0,880,647,"[false, false, false]",340,2,1,Starfield Stage - 2
4920,2025-09-28T18:05:52.468093,9,552.5,444.5,-2.211752911817701,False,True,True,False,2,2,0,0,0,0,836,656,"[false, false, false]",340,2,1,Starfield Stage - 2
4921,2025-09-28T18:05:52.476828,9,550.0,442.0,-2.2587906063223504,False,True,True,False,2,2,0,0,0,0,814,659,"[false, false, false]",340,2,1,Starfield Stage - 2
4922,2025-09-28T18:05:52.485962,9,547.5,439.5,-2.3066660632711655,False,True,True,False,2,2,0,0,0,0,791,660,"[false, false, false]",340,2,1,Starfield Stage - 2
4923,2025-09-28T18:05:52.495711,9,545.0,437.0,-2.356194490192345,False,True,True,False,2,2,0,0,0,0,769,661,"[false, false, false]",340,2,1,Starfield Stage - 2
4924,2025-09-28T18:05:52.542349,9,542.5,434.5,-2.4047673654984774,False,True,True,False,1,1,0,0,0,0,748,661,"[false, false, false]",350,2,1,Starfield Stage - 2
4925,2025-09-28T18:05:52.547570,40,540.0,432.0,-2.611496255290333,False,True,True,False,1,1,0,0,0,0,666,647,"[false, false, false]",350,2,1,Starfield Stage - 2
4926,2025-09-28T18:05:52.552606,8,537.5,429.5,-2.6440441970956834,False,True,True,False,1,1,0,0,0,0,654,644,"[false, false, false]",350,2,1,Starfield Stage - 2
4927,2025-09-28T18:05:52.561142,9,535.0,427.0,-2.6760863106700854,False,True,True,False,1,1,0,0,0,0,643,642,"[false, false, false]",350,2,1,Starfield Stage - 2
4928,2025-09-28T18:05:52.570664,9,535.0,424.5,-2.7109519207979678,False,False,True,False,1,1,0,0,0,0,634,640,"[false, false, false]",350,2,1,Starfield Stage - 2
4929,2025-09-28T18:05:52.579063,9,535.0,422.0,-2.7367008673047097,False,False,True,False,1,1,0,0,0,0,628,639,"[false, false, false]",350,2,1,Starfield Stage - 2
4930,2025-09-28T18:05:52.588175,9,535.0,419.5,-2.75872128285756,False,False,True,False,1,1,0,0,0,0,623,638,"[false, false, false]",350,2,1,Starfield Stage - 2
4931,2025-09-28T18:05:52.597049,9,535.0,417.0,-2.7665592476334586,False,False,True,False,1,1,0,0,0,0,622,638,"[false, false, false]",350,2,1,Starfield Stage - 2
4932,2025-09-28T18:05:52.605930,9,537.5,414.5,-2.780127892359912,True,False,True,False,1,1,0,0,0,0,622,638,"[false, false, false]",350,2,1,Starfield Stage - 2
4933,2025-09-28T18:05:52.615853,9,540.0,412.0,-2.7935323819402287,True,False,True,False,1,1,0,0,0,0,622,638,"[false, false, false]",350,2,1,Starfield Stage - 2
4934,2025-09-28T18:05:52.623726,9,542.5,409.5,-2.8067709482429692,True,False,True,False,1,1,0,0,0,0,622,638,"[false, false, false]",350,2,1,Starfield Stage - 2
4935,2025-09-28T18:05:52.633407,9,545.0,407.0,-2.821135759532281,True,False,True,False,1,1,0,0,0,0,622,639,"[false, false, false]",350,2,1,Starfield Stage - 2
4936,2025-09-28T18:05:52.640968,8,547.5,404.5,-2.835205807017824,True,False,True,False,1,1,0,0,0,0,622,640,"[false, false, false]",350,2,1,Starfield Stage - 2
4937,2025-09-28T18:05:52.650680,9,550.0,402.0,-2.8501358591119264,True,False,True,False,1,1,0,0,0,0,622,642,"[false, false, false]",350,2,1,Starfield Stage - 2
4938,2025-09-28T18:05:52.658165,8,552.5,399.5,-2.8646439799826995,True,False,True,False,1,1,0,0,0,0,622,644,"[false, false, false]",350,2,1,Starfield Stage - 2
4939,2025-09-28T18:05:52.667697,9,555.0,397.0,-2.880742307471139,True,False,True,False,1,1,0,0,0,0,622,648,"[false, false, false]",350,2,1,Starfield Stage - 2
4940,2025-09-28T18:05:52.676405,9,557.5,394.5,-2.8933807453785825,True,False,True,False,1,1,0,0,0,0,622,649,"[false, false, false]",350,2,1,Starfield Stage - 2
4941,2025-09-28T18:05:52.685085,9,560.0,392.0,-2.9057545037187245,True,False,True,False,1,1,0,0,0,0,622,650,"[false, false, false]",350,2,1,Starfield Stage - 2
4942,2025-09-28T18:05:52.694279,9,562.5,389.5,-2.917868139058652,True,False,True,False,1,1,0,0,0,0,622,651,"[false, false, false]",350,2,1,Starfield Stage - 2
4943,2025-09-28T18:05:52.702565,8,565.0,387.0,-2.930499320367047,True,False,True,False,1,1,0,0,0,0,622,653,"[false, false, false]",350,2,1,Starfield Stage - 2
4944,2025-09-28T18:05:52.710966,9,567.5,384.5,-2.9441970937399127,True,False,True,False,1,1,0,0,0,0,622,657,"[false, false, false]",350,2,1,Starfield Stage - 2
4945,2025-09-28T18:05:52.720192,9,570.0,382.0,-2.9607930802858218,True,False,True,False,1,1,0,0,0,0,621,661,"[false, false, false]",350,2,1,Starfield Stage - 2
4946,2025-09-28T18:05:52.729020,9,572.5,379.5,-2.980692038981653,True,False,True,False,1,1,0,0,0,0,619,666,"[false, false, false]",350,2,1,Starfield Stage - 2
4947,2025-09-28T18:05:52.738095,9,575.0,377.0,-3.0025636599552485,True,False,True,False,1,1,0,0,0,0,616,670,"[false, false, false]",350,2,1,Starfield Stage - 2
4948,2025-09-28T18:05:52.746925,9,577.5,374.5,-3.0309354324158977,True,False,True,False,1,1,0,0,0,0,611,676,"[false, false, false]",350,2,1,Starfield Stage - 2
4949,2025-09-28T18:05:52.756016,9,580.0,372.0,-3.0841479370716733,True,False,True,False,1,1,0,0,0,0,598,685,"[false, false, false]",350,2,1,Starfield Stage - 2
4950,2025-09-28T18:05:52.764547,9,582.5,369.5,-3.1181959876300103,True,False,True,False,1,1,0,0,0,0,590,690,"[false, false, false]",350,2,1,Starfield Stage - 2
4951,2025-09-28T18:05:52.773038,8,585.0,367.0,3.132418599044683,True,False,True,False,1,1,0,0,0,0,582,694,"[false, false, false]",350,2,1,Starfield Stage - 2
4952,2025-09-28T18:05:52.782335,9,587.5,364.5,3.1010134380736445,True,False,True,False,1,1,0,0,0,0,574,697,"[false, false, false]",350,2,1,Starfield Stage - 2
4953,2025-09-28T18:05:52.790146,8,590.0,362.0,3.0736500551797326,True,False,True,False,1,1,0,0,0,0,567,700,"[false, false, false]",350,2,1,Starfield Stage - 2
4954,2025-09-28T18:05:52.797955,8,592.5,359.5,3.0469854184700638,True,False,True,False,1,1,0,0,0,0,560,702,"[false, false, false]",350,2,1,Starfield Stage - 2
4955,2025-09-28T18:05:52.807017,9,595.0,357.0,3.0243171867837266,True,False,True,False,1,1,0,0,0,0,554,705,"[false, false, false]",350,2,1,Starfield Stage - 2
4956,2025-09-28T18:05:52.815723,9,597.5,354.5,3.005244491697503,True,False,True,False,1,1,0,0,0,0,549,708,"[false, false, false]",350,2,1,Starfield Stage - 2
4957,2025-09-28T18:05:52.825333,9,600.0,352.0,2.9872738776636742,True,False,True,False,1,1,0,0,0,0,544,712,"[false, false, false]",350,2,1,Starfield Stage - 2
4958,2025-09-28T18:05:52.833914,9,602.5,349.5,2.972232074679753,True,False,True,False,1,1,0,0,0,0,540,715,"[false, false, false]",350,2,1,Starfield Stage - 2
4959,2025-09-28T18:05:52.842909,9,605.0,347.0,2.9581930693702763,True,False,True,False,1,1,0,0,0,0,536,719,"[false, false, false]",350,2,1,Starfield Stage - 2
4960,2025-09-28T18:05:52.851844,9,607.5,344.5,2.943693061524531,True,False,True,False,2,1,0,0,0,0,531,726,"[true, false, false]",350,2,1,Starfield Stage - 2
4961,2025-09-28T18:05:52.860343,8,610.0,342.0,2.935268759560076,True,False,True,False,2,1,0,0,0,0,529,729,"[true, false, false]",350,2,1,Starfield Stage - 2
4962,2025-09-28T18:05:52.869037,8,612.5,339.5,2.9290170649350236,True,False,True,False,2,1,0,0,0,0,528,731,"[true, false, false]",350,2,1,Starfield Stage - 2
4963,2025-09-28T18:05:52.877267,9,615.0,337.0,2.9223876584506585,True,False,True,False,2,1,0,0,0,0,527,732,"[true, false, false]",350,2,1,Starfield Stage - 2
4964,2025-09-28T18:05:52.886386,8,617.5,334.5,2.9158937134333236,True,False,True,False,1,1,0,0,0,0,526,733,"[true, false, false]",350,2,1,Starfield Stage - 2
4965,2025-09-28T18:05:52.893975,9,620.0,332.0,2.9113361305073964,True,False,True,False,1,1,0,0,0,0,526,733,"[true, false, false]",350,2,1,Starfield Stage - 2
4966,2025-09-28T18:05:52.903543,9,622.5,329.5,2.906844560151614,True,False,True,False,1,1,0,0,0,0,526,733,"[true, false, false]",350,2,1,Starfield Stage - 2
4967,2025-09-28T18:05:52.912420,9,625.0,327.0,2.902417755826117,True,False,True,False,1,1,0,0,0,0,526,733,"[false, false, false]",350,2,1,Starfield Stage - 2
4968,2025-09-28T18:05:52.920193,8,627.5,324.5,2.898054496525035,True,False,True,False,1,1,0,0,0,0,526,733,"[false, false, false]",350,2,1,Starfield Stage - 2
4969,2025-09-28T18:05:52.928663,8,630.0,322.0,2.8937535863648325,True,False,True,False,1,1,0,0,0,0,526,733,"[false, false, false]",350,2,1,Starfield Stage - 2
4970,2025-09-28T18:05:52.937415,9,632.5,319.5,2.8895138541666707,True,False,True,False,1,1,0,0,0,0,526,733,"[false, false, false]",350,2,1,Starfield Stage - 2
4971,2025-09-28T18:05:52.945795,8,635.0,317.0,2.885334153034133,True,False,True,False,1,1,0,0,0,0,526,733,"[false, false, false]",350,2,1,Starfield Stage - 2
4972,2025-09-28T18:05:52.954918,9,637.5,314.5,2.881213359927544,True,False,True,False,1,1,0,0,0,0,526,733,"[false, false, false]",350,2,1,Starfield Stage - 2
4973,2025-09-28T18:05:52.963345,9,640.0,312.0,2.8771503752360097,True,False,True,False,1,1,0,0,0,0,526,733,"[false, false, false]",350,2,1,Starfield Stage - 2
4974,2025-09-28T18:05:52.972516,8,642.5,309.5,2.8731441223482053,True,False,True,False,1,1,0,0,0,0,526,733,"[false, false, false]",350,2,1,Starfield Stage - 2
4975,2025-09-28T18:05:52.980077,9,645.0,307.0,2.8691935472228347,True,False,True,False,1,1,0,0,0,0,526,733,"[false, false, false]",350,2,1,Starfield Stage - 2
4976,2025-09-28T18:05:52.989113,9,647.5,304.5,2.8652976179596132,True,False,True,False,1,1,0,0,0,0,526,733,"[false, false, false]",350,2,1,Starfield Stage - 2
4977,2025-09-28T18:05:52.997954,9,650.0,302.0,2.8614553243715317,True,False,True,False,1,1,0,0,0,0,526,733,"[false, false, false]",350,2,1,Starfield Stage - 2
4978,2025-09-28T18:05:53.007339,9,652.5,299.5,2.857665677559093,True,False,True,False,2,1,0,0,0,0,526,733,"[true, false, false]",350,2,1,Starfield Stage - 2
4979,2025-09-28T18:05:53.015369,8,655.0,297.0,2.8539277094871403,True,False,True,False,2,1,0,0,0,0,526,733,"[true, false, false]",350,2,1,Starfield Stage - 2
4980,2025-09-28T18:05:53.022801,8,657.5,294.5,2.8502404725648347,True,False,True,False,2,1,0,0,0,0,526,733,"[true, false, false]",350,2,1,Starfield Stage - 2
4981,2025-09-28T18:05:53.031654,8,655.0,292.0,2.857015050156828,False,True,True,False,2,1,0,0,0,0,526,733,"[true, false, false]",350,2,1,Starfield Stage - 2
4982,2025-09-28T18:05:53.039850,9,652.5,289.5,2.863739755537832,False,True,True,False,2,1,0,0,0,0,526,733,"[true, false, false]",350,2,1,Starfield Stage - 2
4983,2025-09-28T18:05:53.049197,9,650.0,287.0,2.8704145359104447,False,True,True,False,2,1,0,0,0,0,526,733,"[true, false, false]",350,2,1,Starfield Stage - 2
4984,2025-09-28T18:05:53.057182,8,647.5,284.5,2.8770393570516872,False,True,True,False,2,1,0,0,0,0,526,733,"[true, false, false]",350,2,1,Starfield Stage - 2
4985,2025-09-28T18:05:53.064724,8,645.0,282.0,2.8836142027890843,False,True,True,False,2,1,0,0,0,0,526,733,"[false, false, false]",350,2,1,Starfield Stage - 2
4986,2025-09-28T18:05:53.073604,9,642.5,279.5,2.8901390744753916,False,True,True,False,2,1,0,0,0,0,526,733,"[false, false, false]",350,2,1,Starfield Stage - 2
4987,2025-09-28T18:05:53.082064,8,640.0,277.0,2.896613990462929,False,True,True,False,2,1,0,0,0,0,526,733,"[false, false, false]",350,2,1,Starfield Stage - 2
4988,2025-09-28T18:05:53.090815,9,637.5,274.5,2.917688153459444,False,True,True,False,2,1,0,0,0,0,534,729,"[false, false, false]",350,2,1,Starfield Stage - 2
4989,2025-09-28T18:05:53.099986,8,635.0,272.0,2.9365506837173485,False,True,True,False,2,1,0,0,0,0,541,724,"[false, false, false]",350,2,1,Starfield Stage - 2
4990,2025-09-28T18:05:53.108233,9,632.5,269.5,2.9596797274649296,False,True,True,False,2,1,0,0,0,0,550,718,"[false, false, false]",350,2,1,Starfield Stage - 2
4991,2025-09-28T18:05:53.117319,9,630.0,267.0,2.98522209744566,False,True,True,False,2,1,0,0,0,0,560,711,"[false, false, false]",350,2,1,Starfield Stage - 2
4992,2025-09-28T18:05:53.125075,8,627.5,264.5,3.011207722310908,False,True,True,False,2,1,0,0,0,0,570,703,"[false, false, false]",350,2,1,Starfield Stage - 2
4993,2025-09-28T18:05:53.134346,9,625.0,262.0,3.0403236366670026,False,True,True,False,2,1,0,0,0,0,581,695,"[false, false, false]",350,2,1,Starfield Stage - 2
4994,2025-09-28T18:05:53.180497,9,622.5,259.5,3.0658916168098496,False,True,True,False,1,0,0,0,0,0,590,688,"[false, false, false]",350,2,1,Starfield Stage - 2
4995,2025-09-28T18:05:53.182252,39,620.0,257.0,-3.141592653589793,False,True,True,False,2,1,0,0,0,0,620,674,"[true, false, false]",350,2,1,Starfield Stage - 2
4996,2025-09-28T18:05:53.190436,8,617.5,254.5,-3.133229646652907,False,True,True,False,2,1,0,0,0,0,621,673,"[true, false, false]",350,2,1,Starfield Stage - 2
4997,2025-09-28T18:05:53.199276,9,615.0,252.0,-3.1249671071901153,False,True,True,False,2,1,0,0,0,0,622,673,"[true, false, false]",350,2,1,Starfield Stage - 2
4998,2025-09-28T18:05:53.208255,9,612.5,249.5,-3.1168043435524937,False,True,True,False,2,1,0,0,0,0,623,673,"[true, false, false]",350,2,1,Starfield Stage - 2
4999,2025-09-28T18:05:53.217009,9,610.0,247.0,-3.1110856892111687,False,True,True,False,2,1,0,0,0,0,623,673,"[true, false, false]",350,2,1,Starfield Stage - 2
5000,2025-09-28T18:05:53.225984,9,607.5,244.5,-3.1054357226546956,False,True,True,False,2,1,0,0,0,0,623,673,"[true, false, false]",350,2,1,Starfield Stage - 2
5001,2025-09-28T18:05:53.234861,9,605.0,242.0,-3.099853568025571,False,True,True,False,2,1,0,0,0,0,623,673,"[true, false, false]",350,2,1,Starfield Stage - 2
5002,2025-09-28T18:05:53.244526,9,602.5,239.5,-3.094338353457471,False,True,True,False,2,1,0,0,0,0,623,673,"[true, false, false]",350,2,1,Starfield Stage - 2
5003,2025-09-28T18:05:53.252056,8,600.0,237.0,-3.0888892115773623,False,True,True,False,2,1,0,0,0,0,623,673,"[true, false, false]",350,2,1,Starfield Stage - 2
5004,2025-09-28T18:05:53.260607,9,597.5,234.5,-3.0835052799723717,False,True,True,False,2,1,0,0,0,0,623,673,"[true, false, false]",350,2,1,Starfield Stage - 2
5005,2025-09-28T18:05:53.270061,9,595.0,232.0,-3.0781857016229615,False,True,True,False,2,1,0,0,0,0,623,673,"[false, false, false]",350,2,1,Starfield Stage - 2
5006,2025-09-28T18:05:53.279142,9,592.5,229.5,-3.07292962530394,False,True,True,False,2,1,0,0,0,0,623,673,"[false, false, false]",350,2,1,Starfield Stage - 2
5007,2025-09-28T18:05:53.287535,8,590.0,227.0,-3.06773620595479,False,True,True,False,2,1,0,0,0,0,623,673,"[false, false, false]",350,2,1,Starfield Stage - 2
5008,2025-09-28T18:05:53.295522,8,587.5,224.5,-3.0626046050207547,False,True,True,False,2,1,0,0,0,0,623,673,"[false, false, false]",350,2,1,Starfield Stage - 2
5009,2025-09-28T18:05:53.304360,9,585.0,222.0,-3.057533990766086,False,True,True,False,2,1,0,0,0,0,623,673,"[false, false, false]",350,2,1,Starfield Stage - 2
5010,2025-09-28T18:05:53.312813,8,582.5,219.5,-3.0525235385608216,False,True,True,False,2,1,0,0,0,0,623,673,"[false, false, false]",350,2,1,Starfield Stage - 2
5011,2025-09-28T18:05:53.321358,9,580.0,217.0,-3.0475724311424015,False,True,True,False,2,1,0,0,0,0,623,673,"[false, false, false]",350,2,1,Starfield Stage - 2
5012,2025-09-28T18:05:53.330312,9,577.5,214.5,-3.0426798588534005,False,True,True,False,2,1,0,0,0,0,623,673,"[false, false, false]",350,2,1,Starfield Stage - 2
5013,2025-09-28T18:05:53.339351,9,575.0,212.0,-3.037845019856612,False,True,True,False,2,1,0,0,0,0,623,673,"[false, false, false]",350,2,1,Starfield Stage - 2
5014,2025-09-28T18:05:53.348729,9,572.5,212.0,-3.0324832344897956,False,True,False,False,2,1,0,0,0,0,623,673,"[false, false, false]",350,2,1,Starfield Stage - 2
5015,2025-09-28T18:05:53.357754,9,570.0,212.0,-3.0271277402039782,False,True,False,False,2,1,0,0,0,0,623,673,"[false, false, false]",350,2,1,Starfield Stage - 2
5016,2025-09-28T18:05:53.366189,8,567.5,212.0,-3.021778832581267,False,True,False,False,2,1,0,0,0,0,623,673,"[false, false, false]",350,2,1,Starfield Stage - 2
5017,2025-09-28T18:05:53.372728,8,565.0,212.0,-3.016436804969718,False,True,False,False,2,1,0,0,0,0,623,673,"[false, false, false]",350,2,1,Starfield Stage - 2
5018,2025-09-28T18:05:53.381395,8,562.5,212.0,-3.0111019483927195,False,True,False,False,2,1,0,0,0,0,623,673,"[false, false, false]",350,2,1,Starfield Stage - 2
5019,2025-09-28T18:05:53.389754,8,560.0,212.0,-3.0057745514602914,False,True,False,False,2,1,0,0,0,0,623,673,"[false, false, false]",350,2,1,Starfield Stage - 2
5020,2025-09-28T18:05:53.398145,9,557.5,212.0,-3.0004549002823797,False,True,False,False,2,1,0,0,0,0,623,673,"[false, false, false]",350,2,1,Starfield Stage - 2
5021,2025-09-28T18:05:53.406816,9,555.0,212.0,-2.99514327838419,False,True,False,False,2,1,0,0,0,0,623,673,"[false, false, false]",350,2,1,Starfield Stage - 2
5022,2025-09-28T18:05:53.416915,10,552.5,212.0,-2.989839966623622,False,True,False,False,2,1,0,0,0,0,623,673,"[false, false, false]",350,2,1,Starfield Stage - 2
5023,2025-09-28T18:05:53.426095,9,550.0,212.0,-2.9845452431108597,False,True,False,False,2,1,0,0,0,0,623,673,"[false, false, false]",350,2,1,Starfield Stage - 2
5024,2025-09-28T18:05:53.435493,9,547.5,212.0,-2.9708211220622256,False,True,False,False,2,1,0,0,0,0,627,673,"[false, false, false]",350,2,1,Starfield Stage - 2
5025,2025-09-28T18:05:53.444221,9,545.0,212.0,-2.949197052073871,False,True,False,False,2,1,0,0,0,0,635,674,"[false, false, false]",350,2,1,Starfield Stage - 2
5026,2025-09-28T18:05:53.452179,8,542.5,212.0,-2.9159746284146197,False,True,False,False,2,1,0,0,0,0,649,676,"[false, false, false]",350,2,1,Starfield Stage - 2
5027,2025-09-28T18:05:53.460191,8,540.0,212.0,-2.8751601967193747,False,True,False,False,2,1,0,0,0,0,668,681,"[false, false, false]",350,2,1,Starfield Stage - 2
5028,2025-09-28T18:05:53.468215,8,537.5,212.0,-2.8233197962067194,False,True,False,False,2,1,0,0,0,0,694,687,"[false, false, false]",350,2,1,Starfield Stage - 2
5029,2025-09-28T18:05:53.476931,9,535.0,212.0,-2.771502566408398,False,True,False,False,2,1,0,0,0,0,722,694,"[false, false, false]",350,2,1,Starfield Stage - 2
5030,2025-09-28T18:05:53.487114,10,532.5,212.0,-2.722138195940661,False,True,False,False,2,1,0,0,0,0,751,702,"[false, false, false]",350,2,1,Starfield Stage - 2
5031,2025-09-28T18:05:53.495797,9,530.0,212.0,-2.6731373893222963,False,True,False,False,2,1,0,0,0,0,782,710,"[false, false, false]",350,2,1,Starfield Stage - 2
5032,2025-09-28T18:05:53.506135,9,527.5,214.5,-2.6272722391490375,False,True,False,True,2,1,0,0,0,0,812,718,"[false, false, false]",350,2,1,Starfield Stage - 2
5033,2025-09-28T18:05:53.512702,8,525.0,217.0,-2.587420438772698,False,True,False,True,2,1,0,0,0,0,840,726,"[false, false, false]",350,2,1,Starfield Stage - 2
5034,2025-09-28T18:05:53.522437,9,522.5,219.5,-2.5493328496801193,False,True,False,True,2,1,0,0,0,0,868,733,"[false, false, false]",350,2,1,Starfield Stage - 2
5035,2025-09-28T18:05:53.530428,8,520.0,222.0,-2.5166021382131127,False,True,False,True,2,1,0,0,0,0,893,739,"[false, false, false]",350,2,1,Starfield Stage - 2
5036,2025-09-28T18:05:53.538890,9,517.5,224.5,-2.462112410356774,False,True,False,True,2,1,0,0,0,0,942,750,"[false, false, false]",350,2,1,Starfield Stage - 2
5037,2025-09-28T18:05:53.548322,9,515.0,227.0,-2.4334335983725275,False,True,False,True,1,1,0,0,0,0,968,756,"[false, false, false]",350,2,1,Starfield Stage - 2
5038,2025-09-28T18:05:53.556844,9,512.5,229.5,-2.40841521422403,False,True,False,True,1,1,0,0,0,0,993,763,"[false, false, false]",350,2,1,Starfield Stage - 2
5039,2025-09-28T18:05:53.566327,9,510.0,232.0,-2.3859076986523955,False,True,False,True,1,1,0,0,0,0,1016,769,"[false, false, false]",350,2,1,Starfield Stage - 2
5040,2025-09-28T18:05:53.575005,8,512.5,234.5,-2.3683890076405967,True,False,False,True,1,1,0,0,0,0,1039,774,"[false, false, false]",350,2,1,Starfield Stage - 2
5041,2025-09-28T18:05:53.583077,9,515.0,237.0,-2.3552745272504043,True,False,False,True,1,1,0,0,0,0,1059,780,"[false, false, false]",350,2,1,Starfield Stage - 2
5042,2025-09-28T18:05:53.592137,9,517.5,239.5,-2.3407971563722394,True,False,False,True,1,1,0,0,0,0,1078,783,"[false, false, false]",350,2,1,Starfield Stage - 2
5043,2025-09-28T18:05:53.601657,9,520.0,242.0,-2.327579762438916,True,False,False,True,1,1,0,0,0,0,1095,785,"[false, false, false]",350,2,1,Starfield Stage - 2
5044,2025-09-28T18:05:53.609966,9,522.5,244.5,-2.31894464769714,True,False,False,True,1,1,0,0,0,0,1107,787,"[false, false, false]",350,2,1,Starfield Stage - 2
5045,2025-09-28T18:05:53.619166,9,525.0,247.0,-2.3061044982084957,True,False,False,True,1,1,0,0,0,0,1122,787,"[false, false, false]",350,2,1,Starfield Stage - 2
5046,2025-09-28T18:05:53.627052,8,527.5,249.5,-2.302548827918737,True,False,False,True,1,1,0,0,0,0,1126,787,"[false, false, false]",350,2,1,Starfield Stage - 2
5047,2025-09-28T18:05:53.637003,10,530.0,252.0,-2.30147884025201,True,False,False,True,2,1,0,0,0,0,1127,787,"[true, false, false]",350,2,1,Starfield Stage - 2
5048,2025-09-28T18:05:53.646093,9,532.5,254.5,-2.300401390758656,True,False,False,True,2,1,0,0,0,0,1128,787,"[true, false, false]",350,2,1,Starfield Stage - 2
5049,2025-09-28T18:05:53.654338,8,535.0,257.0,-2.300153498438716,True,False,False,True,2,1,0,0,0,0,1128,787,"[true, false, false]",350,2,1,Starfield Stage - 2
5050,2025-09-28T18:05:53.662444,8,537.5,259.5,-2.2999033958224584,True,False,False,True,2,1,0,0,0,0,1128,787,"[true, false, false]",350,2,1,Starfield Stage - 2
5051,2025-09-28T18:05:53.670277,8,540.0,262.0,-2.2996510532475276,True,False,False,True,2,1,0,0,0,0,1128,787,"[true, false, false]",350,2,1,Starfield Stage - 2
5052,2025-09-28T18:05:53.678672,9,542.5,264.5,-2.299396440518998,True,False,False,True,2,1,0,0,0,0,1128,787,"[true, false, false]",350,2,1,Starfield Stage - 2
5053,2025-09-28T18:05:53.687791,9,545.0,267.0,-2.2991395268973807,True,False,False,True,2,1,0,0,0,0,1128,787,"[true, false, false]",350,2,1,Starfield Stage - 2
5054,2025-09-28T18:05:53.697212,9,547.5,269.5,-2.298880281086305,True,False,False,True,2,1,0,0,0,0,1128,787,"[true, false, false]",350,2,1,Starfield Stage - 2
5055,2025-09-28T18:05:53.705081,8,550.0,272.0,-2.298618671219864,True,False,False,True,2,1,0,0,0,0,1128,787,"[true, false, false]",350,2,1,Starfield Stage - 2
5056,2025-09-28T18:05:53.714301,9,552.5,274.5,-2.298354664849615,True,False,False,True,2,1,0,0,0,0,1128,787,"[false, false, false]",350,2,1,Starfield Stage - 2
5057,2025-09-28T18:05:53.722451,8,555.0,277.0,-2.2980882289312223,True,False,False,True,1,1,0,0,0,0,1128,787,"[false, false, false]",350,2,1,Starfield Stage - 2
5058,2025-09-28T18:05:53.730273,8,557.5,279.5,-2.297819329810729,True,False,False,True,1,1,0,0,0,0,1128,787,"[false, false, false]",350,2,1,Starfield Stage - 2
5059,2025-09-28T18:05:53.737831,8,560.0,282.0,-2.297547933210453,True,False,False,True,1,1,0,0,0,0,1128,787,"[false, false, false]",350,2,1,Starfield Stage - 2
5060,2025-09-28T18:05:53.747507,9,562.5,284.5,-2.2972740042144846,True,False,False,True,1,1,0,0,0,0,1128,787,"[false, false, false]",350,2,1,Starfield Stage - 2
5061,2025-09-28T18:05:53.755667,8,565.0,287.0,-2.296997507253781,True,False,False,True,1,1,0,0,0,0,1128,787,"[false, false, false]",350,2,1,Starfield Stage - 2
5062,2025-09-28T18:05:53.764346,9,567.5,289.5,-2.2967184060908408,True,False,False,True,1,1,0,0,0,0,1128,787,"[false, false, false]",350,2,1,Starfield Stage - 2
5063,2025-09-28T18:05:53.773002,9,570.0,292.0,-2.2964366638039473,True,False,False,True,1,1,0,0,0,0,1128,787,"[false, false, false]",350,2,1,Starfield Stage - 2
5064,2025-09-28T18:05:53.782551,9,572.5,294.5,-2.2952595347578466,True,False,False,True,1,1,0,0,0,0,1129,787,"[false, false, false]",350,2,1,Starfield Stage - 2
5065,2025-09-28T18:05:53.791067,9,575.0,297.0,-2.290261488932732,True,False,False,True,1,1,0,0,0,0,1132,785,"[false, false, false]",350,2,1,Starfield Stage - 2
5066,2025-09-28T18:05:53.799826,9,577.5,299.5,-2.2842037320388484,True,False,False,True,1,1,0,0,0,0,1135,782,"[false, false, false]",350,2,1,Starfield Stage - 2
5067,2025-09-28T18:05:53.809073,9,580.0,302.0,-2.2761724995671413,True,False,False,True,1,1,0,0,0,0,1139,778,"[false, false, false]",350,2,1,Starfield Stage - 2
5068,2025-09-28T18:05:53.817948,9,582.5,304.5,-2.26597316098471,True,False,False,True,1,1,0,0,0,0,1143,772,"[false, false, false]",350,2,1,Starfield Stage - 2
5069,2025-09-28T18:05:53.827230,9,585.0,307.0,-2.2457526934011574,True,False,False,True,1,1,0,0,0,0,1151,760,"[false, false, false]",350,2,1,Starfield Stage - 2
5070,2025-09-28T18:05:53.835821,9,587.5,309.5,-2.2382839589580517,True,False,False,True,1,1,0,0,0,0,1154,756,"[false, false, false]",350,2,1,Starfield Stage - 2
5071,2025-09-28T18:05:53.845450,9,590.0,312.0,-2.2318394956455836,True,False,False,True,2,1,0,0,0,0,1157,753,"[true, false, false]",350,2,1,Starfield Stage - 2
5072,2025-09-28T18:05:53.854238,8,592.5,314.5,-2.227301876555998,True,False,False,True,2,1,0,0,0,0,1159,751,"[true, false, false]",350,2,1,Starfield Stage - 2
5073,2025-09-28T18:05:53.861193,8,595.0,317.0,-2.22554871887953,True,False,False,True,2,1,0,0,0,0,1159,750,"[true, false, false]",350,2,1,Starfield Stage - 2
5074,2025-09-28T18:05:53.869069,8,597.5,319.5,-2.2229166936631355,True,False,False,True,2,1,0,0,0,0,1160,749,"[true, false, false]",350,2,1,Starfield Stage - 2
5075,2025-09-28T18:05:53.878005,9,600.0,322.0,-2.222249554245682,True,False,False,True,2,1,0,0,0,0,1160,749,"[true, false, false]",350,2,1,Starfield Stage - 2
5076,2025-09-28T18:05:53.887364,9,602.5,324.5,-2.2215757429155594,True,False,False,True,2,1,0,0,0,0,1160,749,"[true, false, false]",350,2,1,Starfield Stage - 2
5077,2025-09-28T18:05:53.895422,9,605.0,327.0,-2.2208951597044493,True,False,False,True,2,1,0,0,0,0,1160,749,"[true, false, false]",350,2,1,Starfield Stage - 2
5078,2025-09-28T18:05:53.904244,8,607.5,329.5,-2.2202077026495974,True,False,False,True,2,1,0,0,0,0,1160,749,"[true, false, false]",350,2,1,Starfield Stage - 2
5079,2025-09-28T18:05:53.912444,8,610.0,332.0,-2.219513267744157,True,False,False,True,2,1,0,0,0,0,1160,749,"[false, false, false]",350,2,1,Starfield Stage - 2
5080,2025-09-28T18:05:53.921032,9,612.5,334.5,-2.2188117488860493,True,False,False,True,2,1,0,0,0,0,1160,749,"[false, false, false]",350,2,1,Starfield Stage - 2
5081,2025-09-28T18:05:53.930458,9,615.0,337.0,-2.215763710197193,True,False,False,True,2,1,0,0,0,0,1160,747,"[false, false, false]",350,2,1,Starfield Stage - 2
5082,2025-09-28T18:05:53.938307,8,617.5,339.5,-2.211489699505443,True,False,False,True,2,1,0,0,0,0,1160,744,"[false, false, false]",350,2,1,Starfield Stage - 2
5083,2025-09-28T18:05:53.947077,8,620.0,342.0,-2.207148316994367,True,False,False,True,2,1,0,0,0,0,1160,741,"[false, false, false]",350,2,1,Starfield Stage - 2
5084,2025-09-28T18:05:53.955160,9,622.5,344.5,-2.20273812460646,True,False,False,True,2,1,0,0,0,0,1160,738,"[false, false, false]",350,2,1,Starfield Stage - 2
5085,2025-09-28T18:05:53.963266,8,625.0,347.0,-2.1994814650502894,True,False,False,True,2,1,0,0,0,0,1160,736,"[false, false, false]",350,2,1,Starfield Stage - 2
5086,2025-09-28T18:05:53.971620,8,627.5,349.5,-2.1952883187011714,True,False,False,True,2,1,0,0,0,0,1161,734,"[false, false, false]",350,2,1,Starfield Stage - 2
5087,2025-09-28T18:05:53.980247,9,630.0,352.0,-2.1922893722717025,True,False,False,True,2,1,0,0,0,0,1162,733,"[false, false, false]",350,2,1,Starfield Stage - 2
5088,2025-09-28T18:05:53.988345,8,632.5,354.5,-2.191403019406569,True,False,False,True,2,1,0,0,0,0,1162,733,"[false, false, false]",350,2,1,Starfield Stage - 2
5089,2025-09-28T18:05:53.996496,8,635.0,357.0,-2.189248546560468,True,False,False,True,2,1,0,0,0,0,1162,732,"[false, false, false]",350,2,1,Starfield Stage - 2
5090,2025-09-28T18:05:54.004627,8,637.5,359.5,-2.1883353026104513,True,False,False,True,2,1,0,0,0,0,1162,732,"[false, false, false]",350,2,1,Starfield Stage - 2
5091,2025-09-28T18:05:54.012695,9,640.0,362.0,-2.1874121078404882,True,False,False,True,2,1,0,0,0,0,1162,732,"[false, false, false]",350,2,1,Starfield Stage - 2
5092,2025-09-28T18:05:54.021560,8,642.5,364.5,-2.186478800321306,True,False,False,True,3,1,0,0,0,0,1162,732,"[true, false, false]",350,2,1,Starfield Stage - 2
5093,2025-09-28T18:05:54.028986,8,645.0,367.0,-2.185535214627008,True,False,False,True,3,1,0,0,0,0,1162,732,"[true, false, false]",350,2,1,Starfield Stage - 2
5094,2025-09-28T18:05:54.038524,9,647.5,369.5,-2.1845811817412066,True,False,False,True,3,1,0,0,0,0,1162,732,"[true, false, false]",350,2,1,Starfield Stage - 2
5095,2025-09-28T18:05:54.046762,9,650.0,372.0,-2.183616528960138,True,False,False,True,3,1,0,0,0,0,1162,732,"[true, false, false]",350,2,1,Starfield Stage - 2
5096,2025-09-28T18:05:54.056240,9,652.5,374.5,-2.1826410797926674,True,False,False,True,3,1,0,0,0,0,1162,732,"[true, false, false]",350,2,1,Starfield Stage - 2
5097,2025-09-28T18:05:54.064643,9,655.0,377.0,-2.1816546538570583,True,False,False,True,3,1,0,0,0,0,1162,732,"[true, false, false]",350,2,1,Starfield Stage - 2
5098,2025-09-28T18:05:54.074116,9,657.5,379.5,-2.1806570667743874,True,False,False,True,3,1,0,0,0,0,1162,732,"[true, false, false]",350,2,1,Starfield Stage - 2
5099,2025-09-28T18:05:54.083099,9,660.0,382.0,-2.17964813005848,True,False,False,True,3,1,0,0,0,0,1162,732,"[false, false, false]",350,2,1,Starfield Stage - 2
5100,2025-09-28T18:05:54.092734,10,662.5,384.5,-2.178627651002229,True,False,False,True,3,1,0,0,0,0,1162,732,"[false, false, false]",350,2,1,Starfield Stage - 2
5101,2025-09-28T18:05:54.101624,8,665.0,387.0,-2.177595432560174,True,False,False,True,3,1,0,0,0,0,1162,732,"[false, false, false]",350,2,1,Starfield Stage - 2
5102,2025-09-28T18:05:54.110227,8,667.5,389.5,-2.176551273227174,True,False,False,True,3,1,0,0,0,0,1162,732,"[false, false, false]",350,2,1,Starfield Stage - 2
5103,2025-09-28T18:05:54.117657,8,670.0,392.0,-2.1754949669130523,True,False,False,True,3,1,0,0,0,0,1162,732,"[false, false, false]",350,2,1,Starfield Stage - 2
5104,2025-09-28T18:05:54.126085,9,672.5,394.5,-2.174426302813033,True,False,False,True,3,1,0,0,0,0,1162,732,"[false, false, false]",350,2,1,Starfield Stage - 2
5105,2025-09-28T18:05:54.135119,9,675.0,397.0,-2.173345065273825,True,False,False,True,3,1,0,0,0,0,1162,732,"[false, false, false]",350,2,1,Starfield Stage - 2
5106,2025-09-28T18:05:54.143937,9,677.5,399.5,-2.17225103365517,True,False,False,True,3,1,0,0,0,0,1162,732,"[false, false, false]",350,2,1,Starfield Stage - 2
5107,2025-09-28T18:05:54.153387,9,680.0,402.0,-2.1711439821866887,True,False,False,True,3,1,0,0,0,0,1162,732,"[false, false, false]",350,2,1,Starfield Stage - 2
5108,2025-09-28T18:05:54.161455,8,682.5,404.5,-2.170023679819832,True,False,False,True,3,1,0,0,0,0,1162,732,"[false, false, false]",350,2,1,Starfield Stage - 2
5109,2025-09-28T18:05:54.170082,9,685.0,407.0,-2.163140437073717,True,False,False,True,3,1,0,0,0,0,1162,728,"[false, false, false]",350,2,1,Starfield Stage - 2
5110,2025-09-28T18:05:54.179093,9,687.5,409.5,-2.157582089862502,True,False,False,True,3,1,0,0,0,0,1162,725,"[false, false, false]",350,2,1,Starfield Stage - 2
5111,2025-09-28T18:05:54.188665,9,687.5,412.0,-2.1480229575601544,True,True,False,True,3,1,0,0,0,0,1162,721,"[false, false, false]",350,2,1,Starfield Stage - 2
5112,2025-09-28T18:05:54.197019,9,687.5,414.5,-2.138343317067823,True,True,False,True,3,1,0,0,0,0,1162,717,"[false, false, false]",350,2,1,Starfield Stage - 2
5113,2025-09-28T18:05:54.205777,9,687.5,417.0,-2.1270241800691445,True,True,False,True,3,1,0,0,0,0,1162,712,"[false, false, false]",350,2,1,Starfield Stage - 2
5114,2025-09-28T18:05:54.215186,9,687.5,419.5,-2.11802054727417,True,True,False,True,3,1,0,0,0,0,1161,708,"[false, false, false]",350,2,1,Starfield Stage - 2
5115,2025-09-28T18:05:54.222917,8,687.5,422.0,-2.1073162991789487,True,True,False,True,3,2,0,0,0,0,1160,703,"[false, false, false]",350,2,1,Starfield Stage - 2
5116,2025-09-28T18:05:54.233127,9,685.0,424.5,-2.0941355261678405,False,True,False,True,3,2,0,0,0,0,1159,698,"[false, false, false]",350,2,1,Starfield Stage - 2
5117,2025-09-28T18:05:54.242071,9,682.5,424.5,-2.084135834322175,False,True,False,False,3,2,0,0,0,0,1157,692,"[false, false, false]",350,2,1,Starfield Stage - 2
5118,2025-09-28T18:05:54.249967,9,680.0,424.5,-2.064298190500107,False,True,False,False,3,2,0,0,0,0,1155,680,"[false, false, false]",350,2,1,Starfield Stage - 2
5119,2025-09-28T18:05:54.259016,9,677.5,424.5,-2.0507128382303548,False,True,False,False,3,2,0,0,0,0,1153,672,"[false, false, false]",350,2,1,Starfield Stage - 2
5120,2025-09-28T18:05:54.268180,9,675.0,424.5,-2.0369617651373164,False,True,False,False,3,2,0,0,0,0,1151,664,"[false, false, false]",350,2,1,Starfield Stage - 2
5121,2025-09-28T18:05:54.276249,8,672.5,424.5,-2.0230472152289147,False,True,False,False,3,2,0,0,0,0,1149,656,"[false, false, false]",350,2,1,Starfield Stage - 2
5122,2025-09-28T18:05:54.284665,9,670.0,424.5,-2.0081676618674806,False,True,False,False,3,2,0,0,0,0,1148,648,"[false, false, false]",350,2,1,Starfield Stage - 2
5123,2025-09-28T18:05:54.294534,9,667.5,424.5,-1.993173215798491,False,True,False,False,3,2,0,0,0,0,1147,640,"[false, false, false]",350,2,1,Starfield Stage - 2
5124,2025-09-28T18:05:54.302336,8,665.0,424.5,-1.9763152295160193,False,True,False,False,3,2,0,0,0,0,1146,631,"[false, false, false]",350,2,1,Starfield Stage - 2
5125,2025-09-28T18:05:54.311394,9,662.5,424.5,-1.9557613866849226,False,True,False,False,3,2,0,0,0,0,1145,620,"[false, false, false]",350,2,1,Starfield Stage - 2
5126,2025-09-28T18:05:54.319094,8,660.0,424.5,-1.9313771546086775,False,True,False,False,3,2,0,0,0,0,1144,607,"[false, false, false]",350,2,1,Starfield Stage - 2
5127,2025-09-28T18:05:54.327737,9,657.5,424.5,-1.9061346798590304,False,True,False,False,3,2,0,0,0,0,1141,593,"[false, false, false]",350,2,1,Starfield Stage - 2
5128,2025-09-28T18:05:54.336681,9,655.0,424.5,-1.8803865825841675,False,True,False,False,3,2,0,0,0,0,1138,579,"[false, false, false]",350,2,1,Starfield Stage - 2
5129,2025-09-28T18:05:54.345722,8,652.5,424.5,-1.8527951057956908,False,True,False,False,3,2,0,0,0,0,1134,564,"[false, false, false]",350,2,1,Starfield Stage - 2
5130,2025-09-28T18:05:54.353997,9,650.0,424.5,-1.8240735546064302,False,True,False,False,3,2,0,0,0,0,1131,549,"[false, false, false]",350,2,1,Starfield Stage - 2
5131,2025-09-28T18:05:54.363177,9,647.5,424.5,-1.7722585580046335,False,True,False,False,3,2,0,0,0,0,1120,521,"[false, false, false]",350,2,1,Starfield Stage - 2
5132,2025-09-28T18:05:54.370817,8,645.0,424.5,-1.749427333308846,False,True,False,False,3,2,0,0,0,0,1113,509,"[false, false, false]",350,2,1,Starfield Stage - 2
5133,2025-09-28T18:05:54.379764,9,642.5,424.5,-1.7262877100634921,False,True,False,False,3,2,0,0,0,0,1105,497,"[false, false, false]",350,2,1,Starfield Stage - 2
5134,2025-09-28T18:05:54.389094,9,640.0,424.5,-1.707009005691132,False,True,False,False,3,2,0,0,0,0,1096,487,"[false, false, false]",350,2,1,Starfield Stage - 2
5135,2025-09-28T18:05:54.398283,9,637.5,424.5,-1.6900486211803463,False,True,False,False,3,2,0,0,0,0,1084,478,"[false, false, false]",350,2,1,Starfield Stage - 2
5136,2025-09-28T18:05:54.407852,9,635.0,422.0,-1.6784247838833986,False,True,True,False,3,2,0,0,0,0,1070,469,"[false, false, false]",350,2,1,Starfield Stage - 2
5137,2025-09-28T18:05:54.417212,9,632.5,419.5,-1.6687070999295255,False,True,True,False,3,2,0,0,0,0,1055,461,"[false, false, false]",350,2,1,Starfield Stage - 2
5138,2025-09-28T18:05:54.425316,8,630.0,417.0,-1.6588037003226375,False,True,True,False,3,2,0,0,0,0,1038,453,"[false, false, false]",350,2,1,Starfield Stage - 2
5139,2025-09-28T18:05:54.432840,8,627.5,414.5,-1.6430970192445506,False,True,True,False,3,2,0,0,0,0,1021,443,"[false, false, false]",350,2,1,Starfield Stage - 2
5140,2025-09-28T18:05:54.441067,9,625.0,412.0,-1.6289318021956547,False,True,True,False,3,2,0,0,0,0,1003,434,"[false, false, false]",350,2,1,Starfield Stage - 2
5141,2025-09-28T18:05:54.450147,9,622.5,409.5,-1.6135289175092964,False,True,True,False,3,2,0,0,0,0,985,425,"[false, false, false]",350,2,1,Starfield Stage - 2
5142,2025-09-28T18:05:54.458345,8,620.0,407.0,-1.5738083658788475,False,True,True,False,3,2,0,0,0,0,952,408,"[false, false, false]",350,2,1,Starfield Stage - 2
5143,2025-09-28T18:05:54.467067,9,617.5,404.5,-1.5598421483728275,False,True,True,False,3,2,0,0,0,0,937,401,"[false, false, false]",350,2,1,Starfield Stage - 2
5144,2025-09-28T18:05:54.476264,9,615.0,402.0,-1.5482195183080354,False,True,True,False,2,2,0,0,0,0,925,395,"[false, false, false]",350,2,1,Starfield Stage - 2
5145,2025-09-28T18:05:54.484624,9,612.5,399.5,-1.5359845253290239,False,True,True,False,2,2,0,0,0,0,914,389,"[false, false, false]",350,2,1,Starfield Stage - 2
5146,2025-09-28T18:05:54.493536,8,610.0,397.0,-1.5267570231158742,False,True,True,False,2,2,0,0,0,0,905,384,"[false, false, false]",350,2,1,Starfield Stage - 2
5147,2025-09-28T18:05:54.501316,8,607.5,394.5,-1.520923775351222,False,True,True,False,2,2,0,0,0,0,898,380,"[false, false, false]",350,2,1,Starfield Stage - 2
5148,2025-09-28T18:05:54.509028,8,605.0,392.0,-1.5223912608557462,False,True,True,False,2,2,0,0,0,0,894,378,"[false, false, false]",350,2,1,Starfield Stage - 2
5149,2025-09-28T18:05:54.517968,8,602.5,389.5,-1.5274958525815334,False,True,True,False,2,2,0,0,0,0,891,377,"[false, false, false]",350,2,1,Starfield Stage - 2
5150,2025-09-28T18:05:54.525484,8,600.0,387.0,-1.532883467885594,False,True,True,False,2,2,0,0,0,0,890,376,"[false, false, false]",350,2,1,Starfield Stage - 2
5151,2025-09-28T18:05:54.533268,8,597.5,384.5,-1.545160918273219,False,True,True,False,2,2,0,0,0,0,890,377,"[false, false, false]",350,2,1,Starfield Stage - 2
5152,2025-09-28T18:05:54.541235,8,595.0,382.0,-1.5674065092704579,False,True,True,False,2,2,0,0,0,0,890,381,"[false, false, false]",350,2,1,Starfield Stage - 2
5153,2025-09-28T18:05:54.584608,8,592.5,379.5,-1.602718252569145,False,True,True,False,1,1,0,0,0,0,890,389,"[false, false, false]",360,2,1,Starfield Stage - 2
5154,2025-09-28T18:05:54.586382,37,592.5,377.0,-1.872540244287035,False,False,True,False,1,1,0,0,0,0,917,478,"[false, false, false]",360,2,1,Starfield Stage - 2
5155,2025-09-28T18:05:54.594203,8,592.5,374.5,-1.8795485417988496,False,False,True,False,1,1,0,0,0,0,917,478,"[false, false, false]",360,2,1,Starfield Stage - 2
5156,2025-09-28T18:05:54.602242,8,592.5,372.0,-1.9916798709542565,False,False,True,False,1,1,0,0,0,0,941,528,"[false, false, false]",360,2,1,Starfield Stage - 2
5157,2025-09-28T18:05:54.609920,8,595.0,369.5,-2.0366698642284544,True,False,True,False,1,1,0,0,0,0,954,550,"[false, false, false]",360,2,1,Starfield Stage - 2
5158,2025-09-28T18:05:54.619278,9,597.5,367.0,-2.072232115799672,True,False,True,False,1,1,0,0,0,0,966,569,"[false, false, false]",360,2,1,Starfield Stage - 2
5159,2025-09-28T18:05:54.626894,8,600.0,364.5,-2.101182718918105,True,False,True,False,1,1,0,0,0,0,976,585,"[false, false, false]",360,2,1,Starfield Stage - 2
5160,2025-09-28T18:05:54.635769,9,602.5,362.0,-2.1236174045605143,True,False,True,False,1,1,0,0,0,0,985,598,"[false, false, false]",360,2,1,Starfield Stage - 2
5161,2025-09-28T18:05:54.645131,8,605.0,359.5,-2.1397794849042406,True,False,True,False,1,1,0,0,0,0,992,607,"[false, false, false]",360,2,1,Starfield Stage - 2
5162,2025-09-28T18:05:54.652518,9,607.5,357.0,-2.1504583432945066,True,False,True,False,1,1,0,0,0,0,997,612,"[false, false, false]",360,2,1,Starfield Stage - 2
5163,2025-09-28T18:05:54.661854,9,610.0,354.5,-2.160272985878608,True,False,True,False,1,1,0,0,0,0,1001,616,"[false, false, false]",360,2,1,Starfield Stage - 2
5164,2025-09-28T18:05:54.670982,9,612.5,352.0,-2.1699716497812034,True,False,True,False,0,1,0,0,0,0,1002,618,"[false, false, false]",360,2,1,Starfield Stage - 2
5165,2025-09-28T18:05:54.680842,9,615.0,349.5,-2.177880583533767,True,False,True,False,0,1,0,0,0,0,1003,619,"[false, false, false]",360,2,1,Starfield Stage - 2
5166,2025-09-28T18:05:54.689395,9,617.5,347.0,-2.1869852961499276,True,False,True,False,0,1,0,0,0,0,1003,620,"[false, false, false]",360,2,1,Starfield Stage - 2
5167,2025-09-28T18:05:54.698185,9,620.0,344.5,-2.196090682000445,True,False,True,False,1,1,0,0,0,0,1003,621,"[true, false, false]",360,2,1,Starfield Stage - 2
5168,2025-09-28T18:05:54.705815,8,622.5,342.0,-2.2034881914786775,True,False,True,False,1,1,0,0,0,0,1003,621,"[true, false, false]",360,2,1,Starfield Stage - 2
5169,2025-09-28T18:05:54.714631,9,625.0,339.5,-2.211335734918515,True,False,True,False,1,1,0,0,0,0,1004,622,"[true, false, false]",360,2,1,Starfield Stage - 2
5170,2025-09-28T18:05:54.724037,9,627.5,337.0,-2.217468672314662,True,False,True,False,1,1,0,0,0,0,1005,622,"[true, false, false]",360,2,1,Starfield Stage - 2
5171,2025-09-28T18:05:54.733088,9,630.0,334.5,-2.224879051209257,True,False,True,False,1,1,0,0,0,0,1005,622,"[true, false, false]",360,2,1,Starfield Stage - 2
5172,2025-09-28T18:05:54.742740,9,632.5,332.0,-2.232303963796113,True,False,True,False,1,1,0,0,0,0,1005,622,"[true, false, false]",360,2,1,Starfield Stage - 2
5173,2025-09-28T18:05:54.751489,9,635.0,329.5,-2.2397426318896585,True,False,True,False,1,1,0,0,0,0,1005,622,"[true, false, false]",360,2,1,Starfield Stage - 2
5174,2025-09-28T18:05:54.760291,8,637.5,327.0,-2.2471942683304365,True,False,True,False,1,1,0,0,0,0,1005,622,"[true, false, false]",360,2,1,Starfield Stage - 2
5175,2025-09-28T18:05:54.767512,8,640.0,324.5,-2.2546580774524774,True,False,True,False,1,1,0,0,0,0,1005,622,"[false, false, false]",360,2,1,Starfield Stage - 2
5176,2025-09-28T18:05:54.776222,9,642.5,322.0,-2.2621332555643585,True,False,True,False,1,1,0,0,0,0,1005,622,"[false, false, false]",360,2,1,Starfield Stage - 2
5177,2025-09-28T18:05:54.785312,8,645.0,319.5,-2.269618991443271,True,False,True,False,1,1,0,0,0,0,1005,622,"[false, false, false]",360,2,1,Starfield Stage - 2
5178,2025-09-28T18:05:54.792367,8,647.5,317.0,-2.2771144668413785,True,False,True,False,1,1,0,0,0,0,1005,622,"[false, false, false]",360,2,1,Starfield Stage - 2
5179,2025-09-28T18:05:54.801173,8,650.0,314.5,-2.2813911003169247,True,False,True,False,1,1,0,0,0,0,1005,620,"[false, false, false]",360,2,1,Starfield Stage - 2
5180,2025-09-28T18:05:54.808956,8,652.5,312.0,-2.2840764338526256,True,False,True,False,1,1,0,0,0,0,1005,617,"[false, false, false]",360,2,1,Starfield Stage - 2
5181,2025-09-28T18:05:54.817804,9,655.0,309.5,-2.28188796138487,True,False,True,False,1,1,0,0,0,0,1005,611,"[false, false, false]",360,2,1,Starfield Stage - 2
5182,2025-09-28T18:05:54.827157,9,657.5,307.0,-2.2777565288230415,True,False,True,False,1,1,0,0,0,0,1004,603,"[false, false, false]",360,2,1,Starfield Stage - 2
5183,2025-09-28T18:05:54.834125,8,660.0,304.5,-2.2752057564471593,True,False,True,False,1,1,0,0,0,0,1003,596,"[false, false, false]",360,2,1,Starfield Stage - 2
5184,2025-09-28T18:05:54.843391,9,662.5,302.0,-2.2665567988972564,True,False,True,False,1,1,0,0,0,0,999,583,"[false, false, false]",360,2,1,Starfield Stage - 2
5185,2025-09-28T18:05:54.851857,8,665.0,299.5,-2.27055004994732,True,False,True,False,1,1,0,0,0,0,997,579,"[false, false, false]",360,2,1,Starfield Stage - 2
5186,2025-09-28T18:05:54.860315,9,667.5,297.0,-2.2763972709534404,True,False,True,False,1,1,0,0,0,0,995,576,"[false, false, false]",360,2,1,Starfield Stage - 2
5187,2025-09-28T18:05:54.868854,8,670.0,294.5,-2.2828333992381165,True,False,True,False,1,1,0,0,0,0,995,575,"[false, false, false]",360,2,1,Starfield Stage - 2
5188,2025-09-28T18:05:54.877909,9,672.5,292.0,-2.2908361806436357,True,False,True,False,1,1,0,0,0,0,994,574,"[false, false, false]",360,2,1,Starfield Stage - 2
5189,2025-09-28T18:05:54.887591,9,675.0,292.0,-2.2929456326592716,True,False,False,False,1,1,0,0,0,0,994,573,"[false, false, false]",360,2,1,Starfield Stage - 2
5190,2025-09-28T18:05:54.894436,8,677.5,292.0,-2.2968500282823707,True,False,False,False,1,1,0,0,0,0,994,573,"[false, false, false]",360,2,1,Starfield Stage - 2
5191,2025-09-28T18:05:54.902500,9,680.0,292.0,-2.300602588103713,True,False,False,False,1,1,0,0,0,0,993,572,"[false, false, false]",360,2,1,Starfield Stage - 2
5192,2025-09-28T18:05:54.911933,9,682.5,292.0,-2.3078040891170595,True,False,False,False,1,1,0,0,0,0,991,572,"[false, false, false]",360,2,1,Starfield Stage - 2
5193,2025-09-28T18:05:54.921458,9,685.0,292.0,-2.314980727534025,True,False,False,False,1,1,0,0,0,0,988,571,"[false, false, false]",360,2,1,Starfield Stage - 2
5194,2025-09-28T18:05:54.929961,9,687.5,292.0,-2.3256895704815332,True,False,False,False,1,1,0,0,0,0,983,570,"[false, false, false]",360,2,1,Starfield Stage - 2
5195,2025-09-28T18:05:54.938693,9,690.0,292.0,-2.352584397572345,True,False,False,False,1,1,0,0,0,0,968,568,"[false, false, false]",360,2,1,Starfield Stage - 2
5196,2025-09-28T18:05:54.948348,9,692.5,292.0,-2.375654498616422,True,False,False,False,1,1,0,0,0,0,957,567,"[false, false, false]",360,2,1,Starfield Stage - 2
5197,2025-09-28T18:05:54.956738,9,695.0,292.0,-2.407971587843203,True,False,False,False,1,1,0,0,0,0,942,566,"[false, false, false]",360,2,1,Starfield Stage - 2
5198,2025-09-28T18:05:54.966348,9,697.5,292.0,-2.4529881629967774,True,False,False,False,1,1,0,0,0,0,923,566,"[false, false, false]",360,2,1,Starfield Stage - 2
5199,2025-09-28T18:05:54.974521,8,700.0,292.0,-2.5110625154224415,True,False,False,False,1,1,0,0,0,0,900,566,"[false, false, false]",360,2,1,Starfield Stage - 2
5200,2025-09-28T18:05:54.983136,9,702.5,292.0,-2.5928956387704205,True,False,False,False,1,1,0,0,0,0,870,566,"[false, false, false]",360,2,1,Starfield Stage - 2
5201,2025-09-28T18:05:54.991897,9,705.0,292.0,-2.7015743238514376,True,False,False,False,1,1,0,0,0,0,834,566,"[false, false, false]",360,2,1,Starfield Stage - 2
5202,2025-09-28T18:05:55.001296,9,707.5,292.0,-2.839123455979617,True,False,False,False,1,1,0,0,0,0,793,566,"[false, false, false]",360,2,1,Starfield Stage - 2
5203,2025-09-28T18:05:55.008912,8,710.0,292.0,-3.007368082701135,True,False,False,False,1,1,0,0,0,0,747,566,"[false, false, false]",360,2,1,Starfield Stage - 2
5204,2025-09-28T18:05:55.018204,9,712.5,292.0,2.906945090824895,True,False,False,False,1,1,0,0,0,0,647,566,"[false, false, false]",360,2,1,Starfield Stage - 2
5205,2025-09-28T18:05:55.027042,9,712.5,292.0,2.733402000890071,True,True,False,False,1,1,0,0,0,0,594,566,"[false, false, false]",360,2,1,Starfield Stage - 2
5206,2025-09-28T18:05:55.035914,9,712.5,292.0,2.5780696951185447,True,True,False,False,1,1,0,0,0,0,540,565,"[false, false, false]",360,2,1,Starfield Stage - 2
5207,2025-09-28T18:05:55.045311,9,712.5,292.0,2.447216106442243,True,True,False,False,1,1,0,0,0,0,486,564,"[false, false, false]",360,2,1,Starfield Stage - 2
5208,2025-09-28T18:05:55.053329,8,712.5,292.0,2.342546566025589,True,True,False,False,1,1,0,0,0,0,434,563,"[false, false, false]",360,2,1,Starfield Stage - 2
5209,2025-09-28T18:05:55.061069,8,712.5,292.0,2.2581082466410693,True,True,False,False,1,1,0,0,0,0,386,560,"[false, false, false]",360,2,1,Starfield Stage - 2
5210,2025-09-28T18:05:55.070310,9,712.5,292.0,2.1916838119255546,True,True,False,False,1,1,0,0,0,0,342,557,"[false, false, false]",360,2,1,Starfield Stage - 2
5211,2025-09-28T18:05:55.077767,8,712.5,292.0,2.13997091295518,True,True,False,False,1,1,0,0,0,0,303,554,"[false, false, false]",360,2,1,Starfield Stage - 2
5212,2025-09-28T18:05:55.087329,9,712.5,292.0,2.096699910284103,True,True,False,False,1,1,0,0,0,0,268,550,"[false, false, false]",360,2,1,Starfield Stage - 2
5213,2025-09-28T18:05:55.095399,8,712.5,292.0,2.066436341454108,True,True,False,False,1,1,0,0,0,0,239,548,"[false, false, false]",360,2,1,Starfield Stage - 2
5214,2025-09-28T18:05:55.103004,8,710.0,292.0,2.0457156001218166,False,True,False,False,1,1,0,0,0,0,216,546,"[false, false, false]",360,2,1,Starfield Stage - 2
5215,2025-09-28T18:05:55.111781,9,707.5,292.0,2.0332609710478344,False,True,False,False,1,1,0,0,0,0,200,545,"[false, false, false]",360,2,1,Starfield Stage - 2
5216,2025-09-28T18:05:55.121086,9,705.0,292.0,2.0274292418115087,False,True,False,False,2,1,0,0,0,0,190,545,"[true, false, false]",360,2,1,Starfield Stage - 2
5217,2025-09-28T18:05:55.130231,9,702.5,292.0,2.0247543165751223,False,True,False,False,2,1,0,0,0,0,184,545,"[true, false, false]",360,2,1,Starfield Stage - 2
5218,2025-09-28T18:05:55.137825,8,700.0,292.0,2.0266619917202116,False,True,False,False,2,1,0,0,0,0,184,545,"[true, false, false]",360,2,1,Starfield Stage - 2
5219,2025-09-28T18:05:55.146797,9,697.5,292.0,2.027813767738939,False,True,False,False,2,1,0,0,0,0,183,545,"[true, false, false]",360,2,1,Starfield Stage - 2
5220,2025-09-28T18:05:55.155504,8,695.0,292.0,2.029745458232232,False,True,False,False,2,1,0,0,0,0,183,545,"[true, false, false]",360,2,1,Starfield Stage - 2
5221,2025-09-28T18:05:55.164115,9,692.5,292.0,2.0316923704128165,False,True,False,False,2,1,0,0,0,0,183,545,"[true, false, false]",360,2,1,Starfield Stage - 2
5222,2025-09-28T18:05:55.173575,9,690.0,292.0,2.033654669976955,False,True,False,False,2,1,0,0,0,0,183,545,"[true, false, false]",360,2,1,Starfield Stage - 2
5223,2025-09-28T18:05:55.181850,9,687.5,292.0,2.0364280601761586,False,True,False,False,2,1,0,0,0,0,184,545,"[false, false, false]",360,2,1,Starfield Stage - 2
5224,2025-09-28T18:05:55.191489,9,685.0,292.0,2.0400394009795364,False,True,False,False,2,1,0,0,0,0,186,545,"[false, false, false]",360,2,1,Starfield Stage - 2
5225,2025-09-28T18:05:55.199968,8,682.5,294.5,2.038874031663131,False,True,False,True,2,1,0,0,0,0,187,545,"[false, false, false]",360,2,1,Starfield Stage - 2
5226,2025-09-28T18:05:55.208311,9,680.0,297.0,2.036068629735789,False,True,False,True,2,1,0,0,0,0,188,544,"[false, false, false]",360,2,1,Starfield Stage - 2
5227,2025-09-28T18:05:55.217445,9,677.5,299.5,2.0348532685603975,False,True,False,True,2,1,0,0,0,0,189,544,"[false, false, false]",360,2,1,Starfield Stage - 2
5228,2025-09-28T18:05:55.226880,9,675.0,302.0,2.03361885347468,False,True,False,True,2,1,0,0,0,0,190,544,"[false, false, false]",360,2,1,Starfield Stage - 2
5229,2025-09-28T18:05:55.236033,9,672.5,304.5,2.034861821270751,False,True,False,True,2,1,0,0,0,0,194,544,"[false, false, false]",360,2,1,Starfield Stage - 2
5230,2025-09-28T18:05:55.244895,9,670.0,307.0,2.0352892441319814,False,True,False,True,2,1,0,0,0,0,197,544,"[false, false, false]",360,2,1,Starfield Stage - 2
5231,2025-09-28T18:05:55.253596,9,667.5,309.5,2.036585260145973,False,True,False,True,2,1,0,0,0,0,201,544,"[false, false, false]",360,2,1,Starfield Stage - 2
5232,2025-09-28T18:05:55.262588,8,665.0,312.0,2.0414063994428004,False,True,False,True,2,2,0,0,0,0,207,545,"[false, false, false]",360,2,1,Starfield Stage - 2
5233,2025-09-28T18:05:55.269331,8,662.5,314.5,2.049051130525714,False,True,False,True,2,2,0,0,0,0,214,547,"[false, false, false]",360,2,1,Starfield Stage - 2
5234,2025-09-28T18:05:55.277434,8,660.0,317.0,2.0615865895528103,False,True,False,True,2,2,0,0,0,0,224,550,"[false, false, false]",360,2,1,Starfield Stage - 2
5235,2025-09-28T18:05:55.285392,8,657.5,319.5,2.0784989390476953,False,True,False,True,2,2,0,0,0,0,236,554,"[false, false, false]",360,2,1,Starfield Stage - 2
5236,2025-09-28T18:05:55.293452,8,655.0,322.0,2.100251354187663,False,True,False,True,2,2,0,0,0,0,250,559,"[false, false, false]",360,2,1,Starfield Stage - 2
5237,2025-09-28T18:05:55.302373,9,652.5,324.5,2.128118800116156,False,True,False,True,2,2,0,0,0,0,265,566,"[false, false, false]",360,2,1,Starfield Stage - 2
5238,2025-09-28T18:05:55.311225,8,650.0,327.0,2.1594223716582,False,True,False,True,3,2,0,0,0,0,280,574,"[true, false, false]",360,2,1,Starfield Stage - 2
5239,2025-09-28T18:05:55.318030,8,647.5,329.5,2.1897103434861753,False,True,False,True,3,2,0,0,0,0,293,582,"[true, false, false]",360,2,1,Starfield Stage - 2
5240,2025-09-28T18:05:55.327074,9,645.0,332.0,2.2166393516814105,False,True,False,True,3,2,0,0,0,0,304,589,"[true, false, false]",360,2,1,Starfield Stage - 2
5241,2025-09-28T18:05:55.337219,10,642.5,334.5,2.2364314065977253,False,True,False,True,3,2,0,0,0,0,312,594,"[true, false, false]",360,2,1,Starfield Stage - 2
5242,2025-09-28T18:05:55.345137,8,640.0,337.0,2.2504262861009567,False,True,False,True,3,2,0,0,0,0,317,598,"[true, false, false]",360,2,1,Starfield Stage - 2
5243,2025-09-28T18:05:55.353136,8,637.5,339.5,2.2578964039151277,False,True,False,True,3,2,0,0,0,0,320,600,"[true, false, false]",360,2,1,Starfield Stage - 2
5244,2025-09-28T18:05:55.362255,9,635.0,342.0,2.2620678661706113,False,True,False,True,3,2,0,0,0,0,322,601,"[true, false, false]",360,2,1,Starfield Stage - 2
5245,2025-09-28T18:05:55.370881,9,632.5,344.5,2.2612427838495885,False,True,False,True,3,2,0,0,0,0,322,601,"[true, false, false]",360,2,1,Starfield Stage - 2
5246,2025-09-28T18:05:55.380157,9,630.0,347.0,2.2604031534843436,False,True,False,True,3,2,0,0,0,0,322,601,"[true, false, false]",360,2,1,Starfield Stage - 2
5247,2025-09-28T18:05:55.388282,8,627.5,349.5,2.259548588096546,False,True,False,True,3,2,0,0,0,0,322,601,"[false, false, false]",360,2,1,Starfield Stage - 2
5248,2025-09-28T18:05:55.396796,9,625.0,352.0,2.258678686904799,False,True,False,True,3,2,0,0,0,0,322,601,"[false, false, false]",360,2,1,Starfield Stage - 2
5249,2025-09-28T18:05:55.405966,9,622.5,354.5,2.257793034705738,False,True,False,True,3,2,0,0,0,0,322,601,"[false, false, false]",360,2,1,Starfield Stage - 2
5250,2025-09-28T18:05:55.414832,9,620.0,357.0,2.256891201221644,False,True,False,True,3,2,0,0,0,0,322,601,"[false, false, false]",360,2,1,Starfield Stage - 2
5251,2025-09-28T18:05:55.423509,8,617.5,359.5,2.2559727404124508,False,True,False,True,3,2,0,0,0,0,322,601,"[false, false, false]",360,2,1,Starfield Stage - 2
5252,2025-09-28T18:05:55.431659,8,615.0,362.0,2.2550371897498485,False,True,False,True,3,2,0,0,0,0,322,601,"[false, false, false]",360,2,1,Starfield Stage - 2
5253,2025-09-28T18:05:55.440381,9,612.5,364.5,2.2482506833568565,False,True,False,True,3,2,0,0,0,0,321,599,"[false, false, false]",360,2,1,Starfield Stage - 2
5254,2025-09-28T18:05:55.448940,9,610.0,367.0,2.23964260045154,False,True,False,True,3,2,0,0,0,0,319,597,"[false, false, false]",360,2,1,Starfield Stage - 2
5255,2025-09-28T18:05:55.458555,9,607.5,369.5,2.212406057135618,False,True,False,True,2,2,0,0,0,0,311,591,"[false, false, false]",360,2,1,Starfield Stage - 2
5256,2025-09-28T18:05:55.467279,9,605.0,372.0,2.196403467155619,False,True,False,True,2,2,0,0,0,0,306,588,"[false, false, false]",360,2,1,Starfield Stage - 2
5257,2025-09-28T18:05:55.475655,8,602.5,374.5,2.1818572247430894,False,True,False,True,2,2,0,0,0,0,302,585,"[false, false, false]",360,2,1,Starfield Stage - 2
5258,2025-09-28T18:05:55.483980,9,600.0,377.0,2.1686995969304528,False,True,False,True,2,2,0,0,0,0,299,582,"[false, false, false]",360,2,1,Starfield Stage - 2
5259,2025-09-28T18:05:55.493798,9,597.5,379.5,2.156124118227111,False,True,False,True,2,2,0,0,0,0,295,580,"[false, false, false]",360,2,1,Starfield Stage - 2
5260,2025-09-28T18:05:55.501995,9,595.0,382.0,2.1472875432097105,False,True,False,True,2,2,0,0,0,0,292,579,"[false, false, false]",360,2,1,Starfield Stage - 2
5261,2025-09-28T18:05:55.511889,9,592.5,384.5,2.137525544318403,False,True,False,True,3,2,0,0,0,0,290,577,"[true, false, false]",360,2,1,Starfield Stage - 2
5262,2025-09-28T18:05:55.520383,9,590.0,387.0,2.128505170423689,False,True,False,True,3,2,0,0,0,0,287,576,"[true, false, false]",360,2,1,Starfield Stage - 2
5263,2025-09-28T18:05:55.528387,8,587.5,389.5,2.1208820315568895,False,True,False,True,3,2,0,0,0,0,285,575,"[true, false, false]",360,2,1,Starfield Stage - 2
5264,2025-09-28T18:05:55.537108,9,585.0,392.0,2.1131613499026662,False,True,False,True,3,2,0,0,0,0,283,574,"[true, false, false]",360,2,1,Starfield Stage - 2
5265,2025-09-28T18:05:55.546292,9,582.5,394.5,2.102448394629822,False,True,False,True,3,2,0,0,0,0,279,573,"[true, false, false]",360,2,1,Starfield Stage - 2
5266,2025-09-28T18:05:55.554459,8,580.0,397.0,2.090650656220464,False,True,False,True,3,2,0,0,0,0,276,571,"[true, false, false]",360,2,1,Starfield Stage - 2
5267,2025-09-28T18:05:55.562511,8,577.5,399.5,2.081234646211589,False,True,False,True,3,2,0,0,0,0,273,570,"[false, false, false]",360,2,1,Starfield Stage - 2
5268,2025-09-28T18:05:55.570166,8,575.0,402.0,2.0692237198441115,False,True,False,True,3,2,0,0,0,0,270,568,"[false, false, false]",360,2,1,Starfield Stage - 2
5269,2025-09-28T18:05:55.578355,8,572.5,404.5,2.0557447807686287,False,True,False,True,3,2,0,0,0,0,266,566,"[false, false, false]",360,2,1,Starfield Stage - 2
5270,2025-09-28T18:05:55.586152,8,570.0,407.0,2.0370212496766738,False,True,False,True,3,2,0,0,0,0,260,563,"[false, false, false]",360,2,1,Starfield Stage - 2
5271,2025-09-28T18:05:55.594449,8,567.5,409.5,2.0197108571143483,False,True,False,True,3,2,0,0,0,0,253,561,"[false, false, false]",360,2,1,Starfield Stage - 2
5272,2025-09-28T18:05:55.602966,9,565.0,412.0,2.0012080970321264,False,True,False,True,3,2,0,0,0,0,247,558,"[false, false, false]",360,2,1,Starfield Stage - 2
5273,2025-09-28T18:05:55.612372,9,562.5,414.5,1.9816604198242227,False,True,False,True,3,2,0,0,0,0,240,555,"[false, false, false]",360,2,1,Starfield Stage - 2
5274,2025-09-28T18:05:55.620884,8,560.0,417.0,1.967115829584055,False,True,False,True,3,2,0,0,0,0,235,553,"[false, false, false]",360,2,1,Starfield Stage - 2
5275,2025-09-28T18:05:55.629078,9,557.5,419.5,1.954740934209767,False,True,False,True,3,2,0,0,0,0,232,551,"[false, false, false]",360,2,1,Starfield Stage - 2
5276,2025-09-28T18:05:55.638712,9,555.0,422.0,1.9459864328861571,False,True,False,True,3,2,0,0,0,0,230,550,"[false, false, false]",360,2,1,Starfield Stage - 2
5277,2025-09-28T18:05:55.647665,9,552.5,424.5,1.9381772857137165,False,True,False,True,3,2,0,0,0,0,229,549,"[false, false, false]",360,2,1,Starfield Stage - 2
5278,2025-09-28T18:05:55.656813,9,550.0,427.0,1.9339977792497298,False,True,False,True,3,2,0,0,0,0,229,549,"[false, false, false]",360,2,1,Starfield Stage - 2
5279,2025-09-28T18:05:55.703263,8,547.5,429.5,1.9297390252763986,False,True,False,True,2,1,0,0,0,0,229,549,"[false, false, false]",370,2,1,Starfield Stage - 2
5280,2025-09-28T18:05:55.704858,41,545.0,432.0,1.928179072904624,False,True,False,True,3,1,0,0,0,0,229,550,"[true, false, false]",370,2,1,Starfield Stage - 2
5281,2025-09-28T18:05:55.713445,8,542.5,434.5,1.923786714621807,False,True,False,True,3,1,0,0,0,0,229,550,"[true, false, false]",370,2,1,Starfield Stage - 2
5282,2025-09-28T18:05:55.722147,9,540.0,437.0,1.9249782541234388,False,True,False,True,3,1,0,0,0,0,229,552,"[true, false, false]",370,2,1,Starfield Stage - 2
5283,2025-09-28T18:05:55.730127,8,537.5,439.5,1.9204779584606428,False,True,False,True,3,1,0,0,0,0,229,552,"[true, false, false]",370,2,1,Starfield Stage - 2
5284,2025-09-28T18:05:55.738977,9,535.0,442.0,1.9158889444467222,False,True,False,True,3,1,0,0,0,0,229,552,"[false, false, false]",370,2,1,Starfield Stage - 2
5285,2025-09-28T18:05:55.748439,9,532.5,444.5,1.9112087616095244,False,True,False,True,3,1,0,0,0,0,229,552,"[false, false, false]",370,2,1,Starfield Stage - 2
5286,2025-09-28T18:05:55.756792,9,530.0,447.0,1.906434877122506,False,True,False,True,3,1,0,0,0,0,229,552,"[false, false, false]",370,2,1,Starfield Stage - 2
5287,2025-09-28T18:05:55.766564,9,527.5,449.5,1.9015646728117594,False,True,False,True,3,1,0,0,0,0,229,552,"[false, false, false]",370,2,1,Starfield Stage - 2
5288,2025-09-28T18:05:55.775238,9,525.0,452.0,1.896595442067567,False,True,False,True,3,1,0,0,0,0,229,552,"[false, false, false]",370,2,1,Starfield Stage - 2
5289,2025-09-28T18:05:55.784252,9,522.5,454.5,1.891524386660351,False,True,False,True,3,1,0,0,0,0,229,552,"[false, false, false]",370,2,1,Starfield Stage - 2
5290,2025-09-28T18:05:55.792577,8,520.0,457.0,1.8863486134614174,False,True,False,True,3,1,0,0,0,0,229,552,"[false, false, false]",370,2,1,Starfield Stage - 2
5291,2025-09-28T18:05:55.802312,9,517.5,457.0,1.8899359210671836,False,True,False,False,3,1,0,0,0,0,230,552,"[false, false, false]",370,2,1,Starfield Stage - 2
5292,2025-09-28T18:05:55.809773,8,515.0,457.0,1.892546881191539,False,True,False,False,3,1,0,1,0,0,230,552,"[false, false, false]",370,2,1,Starfield Stage - 2
5293,2025-09-28T18:05:55.818474,9,512.5,457.0,1.8951993948645431,False,True,False,False,3,1,0,1,0,0,230,552,"[false, false, false]",370,2,1,Starfield Stage - 2
5294,2025-09-28T18:05:55.827375,9,510.0,457.0,1.8978944238006894,False,True,False,False,3,1,0,1,0,0,230,552,"[false, false, false]",370,2,1,Starfield Stage - 2
5295,2025-09-28T18:05:55.835347,8,507.5,457.0,1.900632958321112,False,True,False,False,3,1,0,1,0,0,230,552,"[false, false, false]",370,2,1,Starfield Stage - 2
5296,2025-09-28T18:05:55.843108,8,505.0,457.0,1.903416018368809,False,True,False,False,3,1,0,1,0,0,230,552,"[false, false, false]",370,2,1,Starfield Stage - 2
5297,2025-09-28T18:05:55.852255,9,502.5,457.0,1.907389111727337,False,True,False,False,3,1,0,1,0,0,231,552,"[false, false, false]",370,2,1,Starfield Stage - 2
5298,2025-09-28T18:05:55.860778,9,500.0,457.0,1.9036575350891463,False,True,False,False,3,1,0,1,0,0,231,550,"[false, false, false]",370,2,1,Starfield Stage - 2
5299,2025-09-28T18:05:55.869677,9,497.5,457.0,1.9009973842581809,False,True,False,False,3,1,0,1,0,0,232,548,"[false, false, false]",370,2,1,Starfield Stage - 2
5300,2025-09-28T18:05:55.878974,9,495.0,457.0,1.8879597574021416,False,True,False,False,3,1,0,1,0,0,233,543,"[false, false, false]",370,2,1,Starfield Stage - 2
5301,2025-09-28T18:05:55.887652,8,492.5,457.0,1.8673912759136975,False,True,False,False,3,1,0,1,0,0,234,536,"[false, false, false]",370,2,1,Starfield Stage - 2
5302,2025-09-28T18:05:55.895917,8,490.0,457.0,1.8377093143822971,False,True,False,False,3,1,0,1,0,0,234,527,"[false, false, false]",370,2,1,Starfield Stage - 2
5303,2025-09-28T18:05:55.904128,9,487.5,457.0,1.792817449511246,False,True,False,False,3,1,0,1,0,0,235,514,"[false, false, false]",370,2,1,Starfield Stage - 2
5304,2025-09-28T18:05:55.912641,9,485.0,457.0,1.730078057184386,False,True,False,False,3,1,0,1,0,0,236,497,"[false, false, false]",370,2,1,Starfield Stage - 2
5305,2025-09-28T18:05:55.921887,9,482.5,457.0,1.5585270038410992,False,True,False,False,3,1,0,1,0,0,238,454,"[false, false, false]",370,2,1,Starfield Stage - 2
5306,2025-09-28T18:05:55.931018,9,480.0,457.0,1.4551323199659243,False,True,False,False,3,1,0,1,0,0,239,429,"[false, false, false]",370,2,1,Starfield Stage - 2
5307,2025-09-28T18:05:55.940204,9,477.5,457.0,1.3401731131117551,False,True,False,False,3,1,0,1,0,0,239,401,"[false, false, false]",370,2,1,Starfield Stage - 2
5308,2025-09-28T18:05:55.947996,8,475.0,457.0,1.2288464998171864,False,True,False,False,3,1,0,1,0,0,239,373,"[false, false, false]",370,2,1,Starfield Stage - 2
5309,2025-09-28T18:05:55.957548,9,472.5,454.5,1.13393574028158,False,True,True,False,3,1,0,1,0,0,238,345,"[false, false, false]",370,2,1,Starfield Stage - 2
5310,2025-09-28T18:05:55.965611,8,470.0,452.0,1.049361887023153,False,True,True,False,3,1,0,1,0,0,235,317,"[false, false, false]",370,2,1,Starfield Stage - 2
5311,2025-09-28T18:05:55.973324,8,467.5,449.5,0.9754803480295031,False,True,True,False,3,1,0,1,0,0,232,290,"[false, false, false]",370,2,1,Starfield Stage - 2
5312,2025-09-28T18:05:55.981729,9,465.0,447.0,0.9165357139184797,False,True,True,False,3,1,0,1,0,0,229,266,"[false, false, false]",370,2,1,Starfield Stage - 2
5313,2025-09-28T18:05:55.990957,9,462.5,444.5,0.863044945082673,False,True,True,False,3,1,0,1,0,0,227,243,"[false, false, false]",370,2,1,Starfield Stage - 2
5314,2025-09-28T18:05:56.000232,9,460.0,442.0,0.8162253988591066,False,True,True,False,3,1,0,1,0,0,226,222,"[false, false, false]",370,2,1,Starfield Stage - 2
5315,2025-09-28T18:05:56.008974,9,457.5,439.5,0.7747148091770988,False,True,True,False,3,1,0,1,0,0,226,203,"[false, false, false]",370,2,1,Starfield Stage - 2
5316,2025-09-28T18:05:56.018729,9,455.0,437.0,0.7061348415928244,False,True,True,False,3,1,0,1,0,0,229,172,"[false, false, false]",370,2,1,Starfield Stage - 2
5317,2025-09-28T18:05:56.026729,9,452.5,434.5,0.6807315517226891,False,True,True,False,3,1,0,1,0,0,231,161,"[false, false, false]",370,2,1,Starfield Stage - 2
5318,2025-09-28T18:05:56.035658,9,450.0,432.0,0.6588060361174762,False,True,True,False,3,1,0,1,0,0,234,153,"[false, false, false]",370,2,1,Starfield Stage - 2
5319,2025-09-28T18:05:56.045132,9,447.5,429.5,0.6443531392602097,False,True,True,False,3,1,0,1,0,0,236,148,"[false, false, false]",370,2,1,Starfield Stage - 2
5320,2025-09-28T18:05:56.054400,9,445.0,427.0,0.6372082856805842,False,True,True,False,3,1,0,1,0,0,237,146,"[false, false, false]",370,2,1,Starfield Stage - 2
5321,2025-09-28T18:05:56.062505,8,442.5,424.5,0.6333712092800008,False,True,True,False,4,1,0,1,0,0,238,146,"[true, false, false]",370,2,1,Starfield Stage - 2
5322,2025-09-28T18:05:56.070269,8,440.0,422.0,0.6277221729724397,False,True,True,False,4,1,0,1,0,0,239,145,"[true, false, false]",370,2,1,Starfield Stage - 2
5323,2025-09-28T18:05:56.078245,8,437.5,419.5,0.6254182890211184,False,True,True,False,4,1,0,1,0,0,240,146,"[true, false, false]",370,2,1,Starfield Stage - 2
5324,2025-09-28T18:05:56.087705,9,435.0,417.0,0.6290181142733738,False,True,True,False,4,1,0,1,0,0,240,149,"[true, false, false]",370,2,1,Starfield Stage - 2
5325,2025-09-28T18:05:56.095750,9,432.5,414.5,0.6295916504108794,False,True,True,False,4,1,0,1,0,0,242,153,"[true, false, false]",370,2,1,Starfield Stage - 2
5326,2025-09-28T18:05:56.105148,9,430.0,412.0,0.6460767631105215,False,True,True,False,4,1,0,1,0,0,243,164,"[true, false, false]",370,2,1,Starfield Stage - 2
5327,2025-09-28T18:05:56.112908,8,427.5,409.5,0.6517653834529356,False,True,True,False,4,1,0,1,0,0,244,169,"[true, false, false]",370,2,1,Starfield Stage - 2
5328,2025-09-28T18:05:56.122578,9,427.5,407.0,0.6650248614203621,False,False,True,False,4,1,0,1,0,0,244,173,"[true, false, false]",370,2,1,Starfield Stage - 2
5329,2025-09-28T18:05:56.130697,9,427.5,404.5,0.6766061145876986,False,False,True,False,4,1,0,1,0,0,244,176,"[false, false, false]",370,2,1,Starfield Stage - 2
5330,2025-09-28T18:05:56.140325,9,427.5,402.0,0.6841543274277793,False,False,True,False,4,1,0,1,0,0,244,177,"[false, false, false]",370,2,1,Starfield Stage - 2
5331,2025-09-28T18:05:56.148303,8,427.5,399.5,0.6940687828800822,False,False,True,False,4,1,0,1,0,0,244,179,"[false, false, false]",370,2,1,Starfield Stage - 2
5332,2025-09-28T18:05:56.156130,8,427.5,397.0,0.7046278166656829,False,False,True,False,4,1,0,1,0,0,243,180,"[false, false, false]",370,2,1,Starfield Stage - 2
5333,2025-09-28T18:05:56.166243,9,427.5,394.5,0.7203272535352314,False,False,True,False,3,1,0,1,0,0,241,182,"[false, false, false]",370,2,1,Starfield Stage - 2
5334,2025-09-28T18:05:56.173090,8,427.5,392.0,0.7362574289814281,False,False,True,False,3,1,0,1,0,0,239,184,"[false, false, false]",370,2,1,Starfield Stage - 2
5335,2025-09-28T18:05:56.182261,9,427.5,389.5,0.7600871142546,False,False,True,False,3,1,0,1,0,0,235,187,"[false, false, false]",370,2,1,Starfield Stage - 2
5336,2025-09-28T18:05:56.190883,9,427.5,387.0,0.7892100890254139,False,False,True,False,3,1,0,1,0,0,230,191,"[false, false, false]",370,2,1,Starfield Stage - 2
5337,2025-09-28T18:05:56.199833,9,427.5,384.5,0.8236448094611165,False,False,True,False,3,1,0,1,0,0,224,196,"[false, false, false]",370,2,1,Starfield Stage - 2
5338,2025-09-28T18:05:56.209005,9,427.5,382.0,0.8582523469929842,False,False,True,False,3,1,0,1,0,0,218,201,"[false, false, false]",370,2,1,Starfield Stage - 2
5339,2025-09-28T18:05:56.217934,9,427.5,379.5,0.9081708807836619,False,False,True,False,3,1,0,1,0,0,209,209,"[false, false, false]",370,2,1,Starfield Stage - 2
5340,2025-09-28T18:05:56.227011,9,427.5,377.0,0.9377565968140089,False,False,True,False,3,1,0,1,0,0,204,213,"[false, false, false]",370,2,1,Starfield Stage - 2
5341,2025-09-28T18:05:56.235917,9,427.5,374.5,0.9673027086274002,False,False,True,False,3,1,0,1,0,0,199,217,"[false, false, false]",370,2,1,Starfield Stage - 2
5342,2025-09-28T18:05:56.244916,8,427.5,372.0,0.9978301839061905,False,False,True,False,3,1,0,1,0,0,195,222,"[false, false, false]",370,2,1,Starfield Stage - 2
5343,2025-09-28T18:05:56.252963,9,427.5,369.5,1.0266385261815119,False,False,True,False,3,1,0,1,0,0,192,227,"[false, false, false]",370,2,1,Starfield Stage - 2
5344,2025-09-28T18:05:56.262756,9,427.5,367.0,1.058904676080632,False,False,True,False,4,1,0,1,0,0,189,233,"[true, false, false]",370,2,1,Starfield Stage - 2
5345,2025-09-28T18:05:56.271049,9,430.0,364.5,1.0923835890600222,True,False,True,False,4,1,0,1,0,0,188,239,"[true, false, false]",370,2,1,Starfield Stage - 2
5346,2025-09-28T18:05:56.280320,9,432.5,362.0,1.126060936365246,True,False,True,False,4,1,0,1,0,0,187,245,"[true, false, false]",370,2,1,Starfield Stage - 2
5347,2025-09-28T18:05:56.288603,8,435.0,359.5,1.1632417532908048,True,False,True,False,4,1,0,1,0,0,186,252,"[true, false, false]",370,2,1,Starfield Stage - 2
5348,2025-09-28T18:05:56.297065,9,437.5,357.0,1.1937087397815234,True,False,True,False,4,1,0,1,0,0,185,257,"[true, false, false]",370,2,1,Starfield Stage - 2
5349,2025-09-28T18:05:56.306073,9,440.0,354.5,1.2391566241589949,True,False,True,False,3,1,0,1,0,0,183,266,"[true, false, false]",370,2,1,Starfield Stage - 2
5350,2025-09-28T18:05:56.315109,9,442.5,352.0,1.2623474748159123,True,False,True,False,3,1,0,1,0,0,182,269,"[true, false, false]",370,2,1,Starfield Stage - 2
5351,2025-09-28T18:05:56.324296,9,445.0,349.5,1.2842303230153462,True,False,True,False,3,1,0,1,0,0,182,272,"[true, false, false]",370,2,1,Starfield Stage - 2
5352,2025-09-28T18:05:56.332096,8,447.5,347.0,1.2999462444066288,True,False,True,False,3,2,0,1,0,0,181,273,"[true, false, false]",370,2,1,Starfield Stage - 2
5353,2025-09-28T18:05:56.341959,9,450.0,344.5,1.314479292182935,True,False,True,False,2,2,0,1,0,0,181,274,"[false, false, false]",370,2,1,Starfield Stage - 2
5354,2025-09-28T18:05:56.350045,9,452.5,342.0,1.328853213754475,True,False,True,False,2,2,0,1,0,0,181,275,"[false, false, false]",370,2,1,Starfield Stage - 2
5355,2025-09-28T18:05:56.359900,9,455.0,339.5,1.339603950893085,True,False,True,False,2,2,0,1,0,0,181,275,"[false, false, false]",370,2,1,Starfield Stage - 2
5356,2025-09-28T18:05:56.368055,9,457.5,337.0,1.3502135076596544,True,False,True,False,2,2,0,1,0,0,181,275,"[false, false, false]",370,2,1,Starfield Stage - 2
5357,2025-09-28T18:05:56.377592,9,460.0,334.5,1.3606823052923764,True,False,True,False,2,2,0,1,0,0,181,275,"[false, false, false]",370,2,1,Starfield Stage - 2
5358,2025-09-28T18:05:56.385771,8,462.5,332.0,1.3710108773332055,True,False,True,False,2,2,0,1,0,0,181,275,"[false, false, false]",370,2,1,Starfield Stage - 2
5359,2025-09-28T18:05:56.394401,9,465.0,329.5,1.3845981272432233,True,False,True,False,2,2,0,1,0,0,181,276,"[false, false, false]",370,2,1,Starfield Stage - 2
5360,2025-09-28T18:05:56.402674,8,467.5,327.0,1.3946311459159468,True,False,True,False,2,2,0,1,0,0,181,276,"[false, false, false]",370,2,1,Starfield Stage - 2
5361,2025-09-28T18:05:56.411572,9,470.0,324.5,1.4078929445125725,True,False,True,False,2,2,0,1,0,0,181,277,"[false, false, false]",370,2,1,Starfield Stage - 2
5362,2025-09-28T18:05:56.420714,9,472.5,322.0,1.4176314680934532,True,False,True,False,2,2,0,1,0,0,181,277,"[false, false, false]",370,2,1,Starfield Stage - 2
5363,2025-09-28T18:05:56.429323,9,475.0,319.5,1.4272330037971086,True,False,True,False,2,2,0,1,0,0,181,277,"[false, false, false]",370,2,1,Starfield Stage - 2
5364,2025-09-28T18:05:56.437479,8,477.5,317.0,1.436698688607047,True,False,True,False,2,2,0,1,0,0,181,277,"[false, false, false]",370,2,1,Starfield Stage - 2
5365,2025-09-28T18:05:56.445363,8,480.0,314.5,1.4460297249447698,True,False,True,False,2,2,0,1,0,0,181,277,"[false, false, false]",370,2,1,Starfield Stage - 2
5366,2025-09-28T18:05:56.454061,9,482.5,312.0,1.4552273750636466,True,False,True,False,3,2,0,1,0,0,181,277,"[true, false, false]",370,2,1,Starfield Stage - 2
5367,2025-09-28T18:05:56.463280,9,485.0,309.5,1.4642929556689648,True,False,True,False,3,2,0,1,0,0,181,277,"[true, false, false]",370,2,1,Starfield Stage - 2
5368,2025-09-28T18:05:56.471702,8,487.5,307.0,1.4732278327669188,True,False,True,False,3,2,0,1,0,0,181,277,"[true, false, false]",370,2,1,Starfield Stage - 2
5369,2025-09-28T18:05:56.480081,8,490.0,304.5,1.4820334167437794,True,False,True,False,3,2,0,1,0,0,181,277,"[true, false, false]",370,2,1,Starfield Stage - 2
5370,2025-09-28T18:05:56.487947,9,492.5,302.0,1.4907111576751202,True,False,True,False,3,2,0,1,0,0,181,277,"[true, false, false]",370,2,1,Starfield Stage - 2
5371,2025-09-28T18:05:56.496807,9,495.0,299.5,1.499262540863759,True,False,True,False,3,2,0,1,0,0,181,277,"[true, false, false]",370,2,1,Starfield Stage - 2
5372,2025-09-28T18:05:56.505743,8,497.5,297.0,1.5076890826040006,True,False,True,False,3,2,0,1,0,0,181,277,"[true, false, false]",370,2,1,Starfield Stage - 2
5373,2025-09-28T18:05:56.513649,9,500.0,294.5,1.5159923261688315,True,False,True,False,3,2,0,1,0,0,181,277,"[true, false, false]",370,2,1,Starfield Stage - 2
5374,2025-09-28T18:05:56.523415,9,502.5,292.0,1.5241738380159022,True,False,True,False,3,2,0,1,0,0,181,277,"[false, false, false]",370,2,1,Starfield Stage - 2
5375,2025-09-28T18:05:56.531063,8,505.0,289.5,1.532235204207441,True,False,True,False,3,2,0,1,0,0,181,277,"[false, false, false]",370,2,1,Starfield Stage - 2
5376,2025-09-28T18:05:56.540557,9,507.5,287.0,1.5401780270386585,True,False,True,False,3,2,0,1,0,0,181,277,"[false, false, false]",370,2,1,Starfield Stage - 2
5377,2025-09-28T18:05:56.549165,9,510.0,284.5,1.5480039218687172,True,False,True,False,3,2,0,1,0,0,181,277,"[false, false, false]",370,2,1,Starfield Stage - 2
5378,2025-09-28T18:05:56.557031,8,512.5,282.0,1.5557145141479485,True,False,True,False,3,2,0,1,0,0,181,277,"[false, false, false]",370,2,1,Starfield Stage - 2
5379,2025-09-28T18:05:56.566460,9,515.0,279.5,1.5633114366346919,True,False,True,False,3,2,0,1,0,0,181,277,"[false, false, false]",370,2,1,Starfield Stage - 2
5380,2025-09-28T18:05:56.574915,9,517.5,277.0,1.5737680862487258,True,False,True,False,3,2,0,1,0,0,181,278,"[false, false, false]",370,2,1,Starfield Stage - 2
5381,2025-09-28T18:05:56.584749,9,520.0,274.5,1.581120443748172,True,False,True,False,3,2,0,1,0,0,181,278,"[false, false, false]",370,2,1,Starfield Stage - 2
5382,2025-09-28T18:05:56.592834,8,522.5,272.0,1.5913514343128343,True,False,True,False,2,2,0,1,0,0,182,279,"[false, false, false]",370,2,1,Starfield Stage - 2
5383,2025-09-28T18:05:56.601646,9,525.0,269.5,1.598486040871804,True,False,True,False,2,2,0,1,0,0,182,279,"[false, false, false]",370,2,1,Starfield Stage - 2
5384,2025-09-28T18:05:56.609690,8,527.5,267.0,1.6056153403019933,True,False,True,False,2,2,0,1,0,0,183,279,"[false, false, false]",370,2,1,Starfield Stage - 2
5385,2025-09-28T18:05:56.618160,9,530.0,264.5,1.6125587740379514,True,False,True,False,2,2,0,1,0,0,183,279,"[false, false, false]",370,2,1,Starfield Stage - 2
5386,2025-09-28T18:05:56.626796,8,532.5,262.0,1.6195381781048281,True,False,True,False,2,2,0,1,0,0,184,279,"[false, false, false]",370,2,1,Starfield Stage - 2
5387,2025-09-28T18:05:56.634561,8,535.0,259.5,1.6262948320406134,True,False,True,False,3,2,0,1,0,0,184,279,"[true, false, false]",370,2,1,Starfield Stage - 2
5388,2025-09-28T18:05:56.642546,8,537.5,257.0,1.6329509592697014,True,False,True,False,3,2,0,1,0,0,184,279,"[true, false, false]",370,2,1,Starfield Stage - 2
5389,2025-09-28T18:05:56.651160,8,540.0,254.5,1.6395082099078042,True,False,True,False,3,2,0,1,0,0,184,279,"[true, false, false]",370,2,1,Starfield Stage - 2
5390,2025-09-28T18:05:56.658006,8,542.5,252.0,1.6459682194300058,True,False,True,False,3,2,0,1,0,0,184,279,"[true, false, false]",370,2,1,Starfield Stage - 2
5391,2025-09-28T18:05:56.667236,9,545.0,249.5,1.652332607636762,True,False,True,False,3,2,0,1,0,0,184,279,"[true, false, false]",370,2,1,Starfield Stage - 2
5392,2025-09-28T18:05:56.675692,8,547.5,247.0,1.6586029777239681,True,False,True,False,3,2,0,1,0,0,184,279,"[true, false, false]",370,2,1,Starfield Stage - 2
5393,2025-09-28T18:05:56.684112,9,550.0,244.5,1.6647809154507789,True,False,True,False,3,2,0,1,0,0,184,279,"[true, false, false]",370,2,1,Starfield Stage - 2
5394,2025-09-28T18:05:56.693607,9,552.5,242.0,1.670867988399114,True,False,True,False,3,2,0,1,0,0,184,279,"[true, false, false]",370,2,1,Starfield Stage - 2
5395,2025-09-28T18:05:56.739950,9,555.0,239.5,1.6768657453190385,True,False,True,False,2,1,0,1,0,0,184,279,"[true, false, false]",380,2,1,Starfield Stage - 2
5396,2025-09-28T18:05:56.741480,39,557.5,237.0,1.685418867176612,True,False,True,False,2,1,0,1,0,0,184,280,"[false, false, false]",380,2,1,Starfield Stage - 2
5397,2025-09-28T18:05:56.749350,8,560.0,234.5,1.6967920089589092,True,False,True,False,2,1,0,1,0,0,185,282,"[false, false, false]",380,2,1,Starfield Stage - 2
5398,2025-09-28T18:05:56.757047,8,562.5,232.0,1.713625347578445,True,False,True,False,2,1,0,1,0,0,187,286,"[false, false, false]",380,2,1,Starfield Stage - 2
5399,2025-09-28T18:05:56.766189,9,565.0,229.5,1.7385384714876082,True,False,True,False,2,1,0,1,0,0,190,293,"[false, false, false]",380,2,1,Starfield Stage - 2
5400,2025-09-28T18:05:56.774089,8,567.5,227.0,1.7663891587495761,True,False,True,False,2,1,0,1,0,0,194,301,"[false, false, false]",380,2,1,Starfield Stage - 2
5401,2025-09-28T18:05:56.782999,9,570.0,224.5,1.8036233654904994,True,False,True,False,2,1,0,1,0,0,201,312,"[false, false, false]",380,2,1,Starfield Stage - 2
5402,2025-09-28T18:05:56.792020,9,572.5,222.0,1.8487336013259272,True,False,True,False,2,1,0,1,0,0,208,326,"[false, false, false]",380,2,1,Starfield Stage - 2
5403,2025-09-28T18:05:56.801225,9,575.0,219.5,1.9584454395766748,True,False,True,False,2,1,0,1,0,0,226,362,"[false, false, false]",380,2,1,Starfield Stage - 2
5404,2025-09-28T18:05:56.809444,8,577.5,217.0,2.024408853536825,True,False,True,False,2,1,0,1,0,0,237,383,"[false, false, false]",380,2,1,Starfield Stage - 2
5405,2025-09-28T18:05:56.818217,9,577.5,214.5,2.0927161327373307,False,False,True,False,2,1,0,1,0,0,248,404,"[false, false, false]",380,2,1,Starfield Stage - 2
5406,2025-09-28T18:05:56.826143,8,577.5,212.0,2.1609626485670024,False,False,True,False,1,1,0,1,0,0,258,426,"[false, false, false]",380,2,1,Starfield Stage - 2
5407,2025-09-28T18:05:56.834341,8,575.0,209.5,2.223582698781553,False,True,True,False,1,1,0,1,0,0,267,445,"[false, false, false]",380,2,1,Starfield Stage - 2
5408,2025-09-28T18:05:56.843308,8,572.5,207.0,2.2796984229398447,False,True,True,False,1,1,0,1,0,0,274,463,"[false, false, false]",380,2,1,Starfield Stage - 2
5409,2025-09-28T18:05:56.850417,8,570.0,204.5,2.323491741357534,False,True,True,False,1,1,0,1,0,0,278,478,"[false, false, false]",380,2,1,Starfield Stage - 2
5410,2025-09-28T18:05:56.857930,8,567.5,202.0,2.3640136184138516,False,True,True,False,1,1,0,1,0,0,282,492,"[false, false, false]",380,2,1,Starfield Stage - 2
5411,2025-09-28T18:05:56.866920,9,565.0,199.5,2.3963095936574668,False,True,True,False,1,1,0,1,0,0,284,504,"[false, false, false]",380,2,1,Starfield Stage - 2
5412,2025-09-28T18:05:56.875600,8,562.5,197.0,2.424328122889496,False,True,True,False,1,1,0,1,0,0,286,514,"[false, false, false]",380,2,1,Starfield Stage - 2
5413,2025-09-28T18:05:56.883121,8,560.0,194.5,2.4482032974382406,False,True,True,False,1,1,0,1,0,0,287,523,"[false, false, false]",380,2,1,Starfield Stage - 2
5414,2025-09-28T18:05:56.892791,9,557.5,192.0,2.4699169740342715,False,True,True,False,1,1,0,1,0,0,288,531,"[false, false, false]",380,2,1,Starfield Stage - 2
5415,2025-09-28T18:05:56.900997,9,555.0,189.5,2.4910333742102964,False,True,True,False,1,1,0,1,0,0,289,539,"[false, false, false]",380,2,1,Starfield Stage - 2
5416,2025-09-28T18:05:56.910090,9,552.5,187.0,2.5097475961327045,False,True,True,False,1,1,0,1,0,0,289,547,"[false, false, false]",380,2,1,Starfield Stage - 2
5417,2025-09-28T18:05:56.919077,9,550.0,184.5,2.5266110104371147,False,True,True,False,2,1,0,1,0,0,289,554,"[true, false, false]",380,2,1,Starfield Stage - 2
5418,2025-09-28T18:05:56.928438,9,547.5,182.0,2.5417795755879107,False,True,True,False,2,1,0,1,0,0,289,560,"[true, false, false]",380,2,1,Starfield Stage - 2
5419,2025-09-28T18:05:56.936398,8,545.0,179.5,2.5583818672145577,False,True,True,False,2,1,0,1,0,0,290,566,"[true, false, false]",380,2,1,Starfield Stage - 2
5420,2025-09-28T18:05:56.944794,9,542.5,177.0,2.5739652571619014,False,True,True,False,2,1,0,1,0,0,290,573,"[true, false, false]",380,2,1,Starfield Stage - 2
5421,2025-09-28T18:05:56.954163,9,540.0,174.5,2.597429187928057,False,True,True,False,2,1,0,1,0,0,291,586,"[true, false, false]",380,2,1,Starfield Stage - 2
5422,2025-09-28T18:05:56.961967,8,537.5,172.0,2.61440689633139,False,True,True,False,2,1,0,1,0,0,293,592,"[true, false, false]",380,2,1,Starfield Stage - 2
5423,2025-09-28T18:05:56.971474,9,535.0,169.5,2.6300365264194876,False,True,True,False,2,1,0,1,0,0,295,597,"[true, false, false]",380,2,1,Starfield Stage - 2
5424,2025-09-28T18:05:56.979292,8,532.5,167.0,2.6436160148692815,False,True,True,False,2,1,0,1,0,0,296,602,"[true, false, false]",380,2,1,Starfield Stage - 2
5425,2025-09-28T18:05:56.987309,8,530.0,164.5,2.658699435414504,False,True,True,False,2,1,0,1,0,0,298,607,"[false, false, false]",380,2,1,Starfield Stage - 2
5426,2025-09-28T18:05:56.996086,9,527.5,162.0,2.6726141310726703,False,True,True,False,2,1,0,1,0,0,300,611,"[false, false, false]",380,2,1,Starfield Stage - 2
5427,2025-09-28T18:05:57.005161,9,525.0,159.5,2.6863222736619425,False,True,True,False,2,1,0,1,0,0,302,615,"[false, false, false]",380,2,1,Starfield Stage - 2
5428,2025-09-28T18:05:57.012969,8,522.5,157.0,2.6998233912168037,False,True,True,False,2,1,0,1,0,0,304,619,"[false, false, false]",380,2,1,Starfield Stage - 2
5429,2025-09-28T18:05:57.022182,9,520.0,154.5,2.711498271184281,False,True,True,False,2,1,0,1,0,0,306,621,"[false, false, false]",380,2,1,Starfield Stage - 2
5430,2025-09-28T18:05:57.029612,8,517.5,152.0,2.725631208774603,False,True,True,False,2,1,0,1,0,0,309,624,"[false, false, false]",380,2,1,Starfield Stage - 2
5431,2025-09-28T18:05:57.038681,9,515.0,149.5,2.7378388109278293,False,True,True,False,2,1,0,1,0,0,311,627,"[false, false, false]",380,2,1,Starfield Stage - 2
5432,2025-09-28T18:05:57.048273,9,512.5,147.0,2.747390939259044,False,True,True,False,2,1,0,1,0,0,312,629,"[false, false, false]",380,2,1,Starfield Stage - 2
5433,2025-09-28T18:05:57.057204,9,510.0,144.5,2.760027889149922,False,True,True,False,2,1,0,1,0,0,314,633,"[false, false, false]",380,2,1,Starfield Stage - 2
5434,2025-09-28T18:05:57.065248,8,507.5,142.0,2.769331703646625,False,True,True,False,2,1,0,1,0,0,315,635,"[false, false, false]",380,2,1,Starfield Stage - 2
5435,2025-09-28T18:05:57.073409,8,505.0,139.5,2.7754334984465476,False,True,True,False,2,1,0,1,0,0,315,635,"[false, false, false]",380,2,1,Starfield Stage - 2
5436,2025-09-28T18:05:57.081966,8,502.5,137.0,2.7882798485661877,False,True,True,False,2,1,0,1,0,0,317,640,"[false, false, false]",380,2,1,Starfield Stage - 2
5437,2025-09-28T18:05:57.090563,9,500.0,134.5,2.7985065473106596,False,True,True,False,2,1,0,1,0,0,318,644,"[false, false, false]",380,2,1,Starfield Stage - 2
5438,2025-09-28T18:05:57.099218,8,497.5,132.0,2.807418583528042,False,True,True,False,2,1,0,1,0,0,318,649,"[false, false, false]",380,2,1,Starfield Stage - 2
5439,2025-09-28T18:05:57.107397,9,495.0,129.5,2.818987641981558,False,True,True,False,3,1,0,1,0,0,319,656,"[true, false, false]",380,2,1,Starfield Stage - 2
5440,2025-09-28T18:05:57.116077,9,492.5,127.0,2.832464149749172,False,True,True,False,3,1,0,1,0,0,321,664,"[true, false, false]",380,2,1,Starfield Stage - 2
5441,2025-09-28T18:05:57.125110,9,490.0,124.5,2.845534151299174,False,True,True,False,3,1,0,1,0,0,323,672,"[true, false, false]",380,2,1,Starfield Stage - 2
5442,2025-09-28T18:05:57.134091,9,487.5,122.0,2.8598643014705663,False,True,True,False,3,1,0,1,0,0,326,680,"[true, false, false]",380,2,1,Starfield Stage - 2
5443,2025-09-28T18:05:57.143148,9,485.0,119.5,2.871691257415942,False,True,True,False,3,1,0,1,0,0,328,687,"[true, false, false]",380,2,1,Starfield Stage - 2
5444,2025-09-28T18:05:57.150837,8,482.5,117.0,2.8802855785245773,False,True,True,False,3,1,0,1,0,0,329,691,"[true, false, false]",380,2,1,Starfield Stage - 2
5445,2025-09-28T18:05:57.160213,9,480.0,114.5,2.8887258045625557,False,True,True,False,3,1,0,1,0,0,330,695,"[true, false, false]",380,2,1,Starfield Stage - 2
5446,2025-09-28T18:05:57.168511,8,477.5,112.0,2.8946039429187365,False,True,True,False,3,1,0,1,0,0,330,697,"[true, false, false]",380,2,1,Starfield Stage - 2
5447,2025-09-28T18:05:57.176942,8,475.0,109.5,2.9016179518992917,False,True,True,False,3,1,0,1,0,0,331,698,"[true, false, false]",380,2,1,Starfield Stage - 2
5448,2025-09-28T18:05:57.185183,9,472.5,107.0,2.908572758597277,False,True,True,False,3,1,0,1,0,0,332,699,"[false, false, false]",380,2,1,Starfield Stage - 2
5449,2025-09-28T18:05:57.193266,8,470.0,104.5,2.915100949699724,False,True,True,False,3,1,0,1,0,0,333,699,"[false, false, false]",380,2,1,Starfield Stage - 2
5450,2025-09-28T18:05:57.201411,8,467.5,102.0,2.919999221193243,False,True,True,False,3,1,0,1,0,0,333,699,"[false, false, false]",380,2,1,Starfield Stage - 2
5451,2025-09-28T18:05:57.209489,8,465.0,99.5,2.9248673398650533,False,True,True,False,3,1,0,1,0,0,333,699,"[false, false, false]",380,2,1,Starfield Stage - 2
5452,2025-09-28T18:05:57.217484,8,462.5,97.0,2.930046344915326,False,True,True,False,3,1,0,1,0,0,333,700,"[false, false, false]",380,2,1,Starfield Stage - 2
5453,2025-09-28T18:05:57.225969,8,460.0,94.5,2.9348456465773594,False,True,True,False,2,1,0,1,0,0,333,700,"[false, false, false]",380,2,1,Starfield Stage - 2
5454,2025-09-28T18:05:57.233619,8,457.5,92.0,2.9399377725972315,False,True,True,False,2,1,0,1,0,0,333,701,"[false, false, false]",380,2,1,Starfield Stage - 2
5455,2025-09-28T18:05:57.241870,9,455.0,89.5,2.9446688659961526,False,True,True,False,2,1,0,1,0,0,333,701,"[false, false, false]",380,2,1,Starfield Stage - 2
5456,2025-09-28T18:05:57.251285,9,452.5,87.0,2.9493702722349653,False,True,True,False,2,1,0,1,0,0,333,701,"[false, false, false]",380,2,1,Starfield Stage - 2
5457,2025-09-28T18:05:57.260040,9,450.0,84.5,2.954042063984424,False,True,True,False,2,1,0,1,0,0,333,701,"[false, false, false]",380,2,1,Starfield Stage - 2
5458,2025-09-28T18:05:57.269271,9,447.5,82.0,2.9586843181734905,False,True,True,False,2,1,0,1,0,0,333,701,"[false, false, false]",380,2,1,Starfield Stage - 2
5459,2025-09-28T18:05:57.276916,8,445.0,79.5,2.963577516995385,False,True,True,False,2,1,0,1,0,0,333,702,"[false, false, false]",380,2,1,Starfield Stage - 2
5460,2025-09-28T18:05:57.285565,8,442.5,77.0,2.968965069843183,False,True,True,False,3,1,0,1,0,0,333,705,"[true, false, false]",380,2,1,Starfield Stage - 2
5461,2025-09-28T18:05:57.293789,9,440.0,74.5,2.974009332087621,False,True,True,False,3,1,0,1,0,0,333,707,"[true, false, false]",380,2,1,Starfield Stage - 2
5462,2025-09-28T18:05:57.302933,9,437.5,72.0,2.9792411716769784,False,True,True,False,3,1,0,1,0,0,333,710,"[true, false, false]",380,2,1,Starfield Stage - 2
5463,2025-09-28T18:05:57.312441,9,435.0,69.5,2.9843923326337376,False,True,True,False,3,1,0,1,0,0,333,713,"[true, false, false]",380,2,1,Starfield Stage - 2
5464,2025-09-28T18:05:57.320005,8,432.5,67.0,2.990741258531544,False,True,True,False,3,1,0,1,0,0,334,715,"[true, false, false]",380,2,1,Starfield Stage - 2
5465,2025-09-28T18:05:57.329448,9,430.0,64.5,2.9970146402613604,False,True,True,False,3,1,0,1,0,0,335,717,"[true, false, false]",380,2,1,Starfield Stage - 2
5466,2025-09-28T18:05:57.337042,8,427.5,64.5,3.000981220732866,False,True,True,False,3,1,0,1,0,0,335,718,"[true, false, false]",380,2,1,Starfield Stage - 2
5467,2025-09-28T18:05:57.346844,10,425.0,64.5,3.004733609742946,False,True,True,False,3,1,0,1,0,0,335,718,"[true, false, false]",380,2,1,Starfield Stage - 2
5468,2025-09-28T18:05:57.355870,9,422.5,64.5,3.0084898810582996,False,True,True,False,3,1,0,1,0,0,335,718,"[false, false, false]",380,2,1,Starfield Stage - 2
5469,2025-09-28T18:05:57.364991,8,420.0,64.5,3.0122499345466442,False,True,True,False,3,1,0,1,0,0,335,718,"[false, false, false]",380,2,1,Starfield Stage - 2
5470,2025-09-28T18:05:57.374188,9,417.5,64.5,3.016013669446194,False,True,True,False,3,2,0,1,0,0,335,718,"[false, false, false]",380,2,1,Starfield Stage - 2
5471,2025-09-28T18:05:57.382153,8,415.0,64.5,3.0197809843805827,False,True,True,False,3,2,0,1,0,0,335,718,"[false, false, false]",380,2,1,Starfield Stage - 2
5472,2025-09-28T18:05:57.389503,8,412.5,64.5,3.0235517773740357,False,True,True,False,3,2,0,1,0,0,335,718,"[false, false, false]",380,2,1,Starfield Stage - 2
5473,2025-09-28T18:05:57.396860,8,410.0,64.5,3.0273259458667887,False,True,True,False,3,2,0,1,0,0,335,718,"[false, false, false]",380,2,1,Starfield Stage - 2
5474,2025-09-28T18:05:57.406581,9,407.5,64.5,3.031103386730744,False,True,True,False,3,2,0,1,0,0,335,718,"[false, false, false]",380,2,1,Starfield Stage - 2
5475,2025-09-28T18:05:57.414868,9,405.0,64.5,3.034883996285367,False,True,True,False,3,2,0,1,0,0,335,718,"[false, false, false]",380,2,1,Starfield Stage - 2
5476,2025-09-28T18:05:57.424607,9,402.5,64.5,3.038667670313802,False,True,True,False,3,2,0,1,0,0,335,718,"[false, false, false]",380,2,1,Starfield Stage - 2
5477,2025-09-28T18:05:57.433484,9,400.0,64.5,3.039113312662974,False,True,True,False,3,2,0,1,0,0,333,716,"[false, false, false]",380,2,1,Starfield Stage - 2
5478,2025-09-28T18:05:57.441202,8,397.5,64.5,3.0429119177922064,False,True,True,False,3,2,0,1,0,0,333,716,"[false, false, false]",380,2,1,Starfield Stage - 2
5479,2025-09-28T18:05:57.449829,8,395.0,64.5,3.0401685457197414,False,True,True,False,3,2,0,1,0,0,329,713,"[false, false, false]",380,2,1,Starfield Stage - 2
5480,2025-09-28T18:05:57.458388,9,392.5,64.5,3.039091581206224,False,True,True,False,3,2,0,1,0,0,326,711,"[false, false, false]",380,2,1,Starfield Stage - 2
5481,2025-09-28T18:05:57.467010,9,390.0,64.5,3.041233817159142,False,True,True,False,3,2,0,1,0,0,325,710,"[false, false, false]",380,2,1,Starfield Stage - 2
5482,2025-09-28T18:05:57.475856,9,387.5,64.5,3.04200069409641,False,True,True,False,4,2,0,2,0,0,323,710,"[true, false, false]",380,2,1,Starfield Stage - 2
5483,2025-09-28T18:05:57.485448,9,385.0,64.5,3.044152024455561,False,True,True,False,4,2,0,2,0,0,322,709,"[true, false, false]",380,2,1,Starfield Stage - 2
5484,2025-09-28T18:05:57.493883,9,382.5,64.5,3.046457897642638,False,True,True,False,4,2,0,2,0,0,321,709,"[true, false, false]",380,2,1,Starfield Stage - 2
5485,2025-09-28T18:05:57.503059,9,380.0,64.5,3.0487647860105684,False,True,True,False,4,2,0,2,0,0,320,709,"[true, false, false]",380,2,1,Starfield Stage - 2
5486,2025-09-28T18:05:57.512098,9,377.5,64.5,3.052611790976078,False,True,True,False,4,2,0,2,0,0,320,709,"[true, false, false]",380,2,1,Starfield Stage - 2
5487,2025-09-28T18:05:57.521249,9,375.0,64.5,3.056461438450637,False,True,True,False,4,2,0,2,0,0,320,709,"[true, false, false]",380,2,1,Starfield Stage - 2
5488,2025-09-28T18:05:57.528998,8,372.5,64.5,3.060313616941717,False,True,True,False,4,2,0,2,0,0,320,709,"[true, false, false]",380,2,1,Starfield Stage - 2
5489,2025-09-28T18:05:57.538031,9,370.0,64.5,3.064168214509689,False,True,True,False,4,2,0,2,0,0,320,709,"[false, false, false]",380,2,1,Starfield Stage - 2
5490,2025-09-28T18:05:57.548166,9,370.0,64.5,3.064048378182719,True,True,True,False,4,2,0,2,0,0,320,708,"[false, false, false]",380,2,1,Starfield Stage - 2
5491,2025-09-28T18:05:57.555441,8,370.0,64.5,3.0622583461417405,True,True,True,False,4,2,0,2,0,0,319,706,"[false, false, false]",380,2,1,Starfield Stage - 2
5492,2025-09-28T18:05:57.564012,8,370.0,64.5,3.0602042113890664,True,True,True,False,4,2,0,2,0,0,318,702,"[false, false, false]",380,2,1,Starfield Stage - 2
5493,2025-09-28T18:05:57.572248,9,370.0,64.5,3.0581248377808925,True,True,True,False,4,2,0,2,0,0,317,698,"[false, false, false]",380,2,1,Starfield Stage - 2
5494,2025-09-28T18:05:57.581202,8,372.5,64.5,3.050358960685276,True,False,False,False,4,2,0,2,0,0,315,693,"[false, false, false]",380,2,1,Starfield Stage - 2
5495,2025-09-28T18:05:57.588095,8,375.0,64.5,3.042321647013731,True,False,False,False,4,2,0,2,0,0,313,687,"[false, false, false]",380,2,1,Starfield Stage - 2
5496,2025-09-28T18:05:57.635874,9,377.5,64.5,3.0359149395428817,True,False,False,False,3,1,0,2,0,0,312,682,"[false, false, false]",390,2,1,Starfield Stage - 2
5497,2025-09-28T18:05:57.637715,40,380.0,64.5,3.045524119503489,True,False,False,False,3,1,0,2,0,0,323,656,"[false, false, false]",390,2,1,Starfield Stage - 2
5498,2025-09-28T18:05:57.645289,8,382.5,64.5,3.0524676846003684,True,False,False,False,3,1,0,2,0,0,330,652,"[false, false, false]",390,2,1,Starfield Stage - 2
5499,2025-09-28T18:05:57.653153,8,385.0,64.5,3.0629207449510387,True,False,False,False,3,1,0,2,0,0,339,648,"[false, false, false]",390,2,1,Starfield Stage - 2
5500,2025-09-28T18:05:57.661013,8,387.5,64.5,3.0769717954854467,True,False,False,False,3,1,0,2,0,0,350,644,"[false, false, false]",390,2,1,Starfield Stage - 2
5501,2025-09-28T18:05:57.670362,9,390.0,64.5,3.0965234539393975,True,False,False,False,3,1,0,2,0,0,364,641,"[false, false, false]",390,2,1,Starfield Stage - 2
5502,2025-09-28T18:05:57.678319,8,392.5,64.5,3.121543030212267,True,False,False,False,3,1,0,2,0,0,381,638,"[false, false, false]",390,2,1,Starfield Stage - 2
5503,2025-09-28T18:05:57.686619,8,395.0,64.5,-3.131038955723006,True,False,False,False,3,1,0,2,0,0,401,633,"[false, false, false]",390,2,1,Starfield Stage - 2
5504,2025-09-28T18:05:57.694873,9,397.5,64.5,-3.096290337032027,True,False,False,False,3,1,0,2,0,0,423,627,"[false, false, false]",390,2,1,Starfield Stage - 2
5505,2025-09-28T18:05:57.704674,9,400.0,64.5,-3.0534537011154432,True,False,False,False,3,1,0,2,0,0,449,619,"[false, false, false]",390,2,1,Starfield Stage - 2
5506,2025-09-28T18:05:57.712643,8,402.5,64.5,-3.006683062902995,True,False,False,False,2,1,0,2,0,0,476,606,"[false, false, false]",390,2,1,Starfield Stage - 2
5507,2025-09-28T18:05:57.720770,8,405.0,64.5,-2.955383129999127,True,False,False,False,2,1,0,2,0,0,504,590,"[false, false, false]",390,2,1,Starfield Stage - 2
5508,2025-09-28T18:05:57.729086,9,407.5,64.5,-2.8982437911153345,True,False,False,False,2,1,0,2,0,0,533,570,"[false, false, false]",390,2,1,Starfield Stage - 2
5509,2025-09-28T18:05:57.737782,9,410.0,64.5,-2.7743455865238102,True,False,False,False,2,1,0,2,0,0,586,522,"[false, false, false]",390,2,1,Starfield Stage - 2
5510,2025-09-28T18:05:57.747143,9,412.5,64.5,-2.7153152392163387,True,False,False,False,2,1,0,2,0,0,608,495,"[false, false, false]",390,2,1,Starfield Stage - 2
5511,2025-09-28T18:05:57.755059,8,415.0,64.5,-2.6548646644276865,True,False,False,False,2,1,0,2,0,0,628,467,"[false, false, false]",390,2,1,Starfield Stage - 2
5512,2025-09-28T18:05:57.764440,9,417.5,67.0,-2.594675902749849,True,False,False,True,2,1,0,2,0,0,644,439,"[false, false, false]",390,2,1,Starfield Stage - 2
5513,2025-09-28T18:05:57.772051,8,420.0,69.5,-2.532337853302034,True,False,False,True,2,1,0,2,0,0,659,412,"[false, false, false]",390,2,1,Starfield Stage - 2
5514,2025-09-28T18:05:57.780546,9,422.5,72.0,-2.474078148072096,True,False,False,True,2,1,0,2,0,0,670,386,"[false, false, false]",390,2,1,Starfield Stage - 2
5515,2025-09-28T18:05:57.789373,8,425.0,74.5,-2.4236221822437285,True,False,False,True,2,1,0,2,0,0,677,363,"[false, false, false]",390,2,1,Starfield Stage - 2
5516,2025-09-28T18:05:57.797222,8,427.5,77.0,-2.3801592206949183,True,False,False,True,2,1,0,2,0,0,682,344,"[false, false, false]",390,2,1,Starfield Stage - 2
5517,2025-09-28T18:05:57.805594,8,430.0,79.5,-2.347221650249041,True,False,False,True,2,1,0,2,0,0,683,328,"[false, false, false]",390,2,1,Starfield Stage - 2
5518,2025-09-28T18:05:57.814295,9,432.5,82.0,-2.3180293366509,True,False,False,True,2,1,0,2,0,0,684,315,"[false, false, false]",390,2,1,Starfield Stage - 2
5519,2025-09-28T18:05:57.821954,8,435.0,84.5,-2.293310594853534,True,False,False,True,2,1,0,2,0,0,684,304,"[false, false, false]",390,2,1,Starfield Stage - 2
5520,2025-09-28T18:05:57.831448,9,437.5,87.0,-2.2685442247233127,True,False,False,True,2,1,0,2,0,0,682,292,"[false, false, false]",390,2,1,Starfield Stage - 2
5521,2025-09-28T18:05:57.839144,8,440.0,89.5,-2.246302184728522,True,False,False,True,2,1,0,2,0,0,679,281,"[false, false, false]",390,2,1,Starfield Stage - 2
5522,2025-09-28T18:05:57.847073,8,442.5,92.0,-2.226907537428092,True,False,False,True,2,1,0,2,0,0,675,271,"[false, false, false]",390,2,1,Starfield Stage - 2
5523,2025-09-28T18:05:57.857156,10,445.0,94.5,-2.186597631990675,True,False,False,True,2,1,0,2,0,0,669,253,"[false, false, false]",390,2,1,Starfield Stage - 2
5524,2025-09-28T18:05:57.865357,8,447.5,97.0,-2.1619320793590395,True,False,False,True,2,1,0,2,0,0,668,245,"[false, false, false]",390,2,1,Starfield Stage - 2
5525,2025-09-28T18:05:57.873543,8,450.0,99.5,-2.131445239596373,True,False,False,True,2,1,0,2,0,0,669,237,"[false, false, false]",390,2,1,Starfield Stage - 2
5526,2025-09-28T18:05:57.881798,9,452.5,102.0,-2.0973042712334697,True,False,False,True,2,1,0,2,0,0,671,229,"[false, false, false]",390,2,1,Starfield Stage - 2
5527,2025-09-28T18:05:57.891481,9,455.0,104.5,-2.052379232167873,True,False,False,True,2,1,0,2,0,0,676,220,"[false, false, false]",390,2,1,Starfield Stage - 2
5528,2025-09-28T18:05:57.899774,9,457.5,107.0,-2.001242496362473,True,False,False,True,2,1,0,2,0,0,684,211,"[false, false, false]",390,2,1,Starfield Stage - 2
5529,2025-09-28T18:05:57.909035,9,460.0,109.5,-1.9464628310501353,True,False,False,True,2,1,0,2,0,0,692,201,"[false, false, false]",390,2,1,Starfield Stage - 2
5530,2025-09-28T18:05:57.917900,9,462.5,112.0,-1.8894120952217264,True,False,False,True,2,1,0,2,0,0,702,191,"[false, false, false]",390,2,1,Starfield Stage - 2
5531,2025-09-28T18:05:57.927344,9,465.0,114.5,-1.8423720419492755,True,False,False,True,2,1,0,2,0,0,711,183,"[false, false, false]",390,2,1,Starfield Stage - 2
5532,2025-09-28T18:05:57.935384,8,467.5,117.0,-1.7957217082411259,True,False,False,True,2,1,0,2,0,0,721,175,"[false, false, false]",390,2,1,Starfield Stage - 2
5533,2025-09-28T18:05:57.943019,8,470.0,119.5,-1.7589294616509756,True,False,False,True,2,1,0,2,0,0,730,169,"[false, false, false]",390,2,1,Starfield Stage - 2
5534,2025-09-28T18:05:57.952285,9,472.5,122.0,-1.7282717355357033,True,False,False,True,2,1,0,2,0,0,737,164,"[false, false, false]",390,2,1,Starfield Stage - 2
5535,2025-09-28T18:05:57.960235,8,475.0,124.5,-1.7024923227566728,True,False,False,True,2,1,0,2,0,0,743,160,"[false, false, false]",390,2,1,Starfield Stage - 2
5536,2025-09-28T18:05:57.968309,8,477.5,127.0,-1.6853208195502916,True,False,False,True,3,1,0,2,0,0,747,158,"[true, false, false]",390,2,1,Starfield Stage - 2
5537,2025-09-28T18:05:57.977707,9,480.0,129.5,-1.6689924973758572,True,False,False,True,3,1,0,2,0,0,749,156,"[true, false, false]",390,2,1,Starfield Stage - 2
5538,2025-09-28T18:05:57.986150,9,482.5,132.0,-1.6525503832475745,True,False,False,True,3,1,0,2,0,0,751,154,"[true, false, false]",390,2,1,Starfield Stage - 2
5539,2025-09-28T18:05:57.994910,8,485.0,134.5,-1.643973697241036,True,False,False,True,3,1,0,2,0,0,751,154,"[true, false, false]",390,2,1,Starfield Stage - 2
5540,2025-09-28T18:05:58.003238,9,487.5,137.0,-1.6352231662204502,True,False,False,True,3,1,0,2,0,0,751,154,"[true, false, false]",390,2,1,Starfield Stage - 2
5541,2025-09-28T18:05:58.010731,8,490.0,139.5,-1.6262948320406134,True,False,False,True,3,1,0,2,0,0,751,154,"[true, false, false]",390,2,1,Starfield Stage - 2
5542,2025-09-28T18:05:58.019962,9,492.5,142.0,-1.6171846875101157,True,False,False,True,3,1,0,2,0,0,751,154,"[false, false, false]",390,2,1,Starfield Stage - 2
5543,2025-09-28T18:05:58.028845,9,495.0,144.5,-1.6078886813452884,True,False,False,True,3,1,0,2,0,0,751,154,"[false, false, false]",390,2,1,Starfield Stage - 2
5544,2025-09-28T18:05:58.038702,9,497.5,147.0,-1.598402723819007,True,False,False,True,3,1,0,2,0,0,751,154,"[false, false, false]",390,2,1,Starfield Stage - 2
5545,2025-09-28T18:05:58.047724,9,500.0,149.5,-1.5887226931604592,True,False,False,True,2,1,0,2,0,0,751,154,"[false, false, false]",390,2,1,Starfield Stage - 2
5546,2025-09-28T18:05:58.056961,9,502.5,152.0,-1.5748367088491662,True,False,False,True,2,1,0,2,0,0,750,153,"[false, false, false]",390,2,1,Starfield Stage - 2
5547,2025-09-28T18:05:58.065522,9,505.0,154.5,-1.56464886325269,True,False,False,True,2,1,0,2,0,0,749,153,"[false, false, false]",390,2,1,Starfield Stage - 2
5548,2025-09-28T18:05:58.073575,8,507.5,157.0,-1.549922532278227,True,False,False,True,2,1,0,2,0,0,747,152,"[false, false, false]",390,2,1,Starfield Stage - 2
5549,2025-09-28T18:05:58.081953,9,510.0,159.5,-1.5302203191521522,True,False,False,True,2,1,0,2,0,0,744,150,"[false, false, false]",390,2,1,Starfield Stage - 2
5550,2025-09-28T18:05:58.091541,9,512.5,162.0,-1.5139648121593776,True,False,False,True,2,1,0,2,0,0,741,149,"[false, false, false]",390,2,1,Starfield Stage - 2
5551,2025-09-28T18:05:58.102583,9,515.0,164.5,-1.488026221257945,True,False,False,True,2,1,0,2,0,0,738,146,"[false, false, false]",390,2,1,Starfield Stage - 2
5552,2025-09-28T18:05:58.108576,9,517.5,167.0,-1.4558320635942108,True,False,False,True,2,1,0,2,0,0,734,142,"[false, false, false]",390,2,1,Starfield Stage - 2
5553,2025-09-28T18:05:58.117103,8,520.0,169.5,-1.4219063791853994,True,False,False,True,2,1,0,2,0,0,730,138,"[false, false, false]",390,2,1,Starfield Stage - 2
5554,2025-09-28T18:05:58.125705,8,522.5,172.0,-1.366288511336553,True,False,False,True,2,1,0,2,0,0,725,130,"[false, false, false]",390,2,1,Starfield Stage - 2
5555,2025-09-28T18:05:58.134238,9,525.0,174.5,-1.3078015951139772,True,False,False,True,2,1,0,2,0,0,720,122,"[false, false, false]",390,2,1,Starfield Stage - 2
5556,2025-09-28T18:05:58.142193,8,527.5,177.0,-1.2498375378701752,True,False,False,True,2,1,0,2,0,0,717,114,"[false, false, false]",390,2,1,Starfield Stage - 2
5557,2025-09-28T18:05:58.150141,8,530.0,179.5,-1.1954542230209617,True,False,False,True,2,1,0,2,0,0,714,107,"[false, false, false]",390,2,1,Starfield Stage - 2
5558,2025-09-28T18:05:58.159559,9,532.5,182.0,-1.1556433978468343,True,False,False,True,2,1,0,2,0,0,714,102,"[false, false, false]",390,2,1,Starfield Stage - 2
5559,2025-09-28T18:05:58.168081,9,535.0,184.5,-1.1184476719656462,True,False,False,True,2,1,0,2,0,0,713,98,"[false, false, false]",390,2,1,Starfield Stage - 2
5560,2025-09-28T18:05:58.177022,9,537.5,187.0,-1.0722529791134516,True,False,False,True,2,1,0,2,0,0,712,92,"[false, false, false]",390,2,1,Starfield Stage - 2
5561,2025-09-28T18:05:58.187333,10,540.0,189.5,-1.0419992046009385,True,False,False,True,2,1,0,2,0,0,712,89,"[false, false, false]",390,2,1,Starfield Stage - 2
5562,2025-09-28T18:05:58.196055,8,542.5,192.0,-1.0050277237693792,True,False,False,True,3,1,0,2,0,0,711,85,"[true, false, false]",390,2,1,Starfield Stage - 2
5563,2025-09-28T18:05:58.204917,9,545.0,194.5,-0.9710701224540588,True,False,False,True,3,1,0,2,0,0,711,81,"[true, false, false]",390,2,1,Starfield Stage - 2
5564,2025-09-28T18:05:58.213582,9,547.5,197.0,-0.9336864780756674,True,False,False,True,3,1,0,2,0,0,711,76,"[true, false, false]",390,2,1,Starfield Stage - 2
5565,2025-09-28T18:05:58.221612,8,550.0,199.5,-0.8971926092516775,True,False,False,True,3,1,0,2,0,0,711,71,"[true, false, false]",390,2,1,Starfield Stage - 2
5566,2025-09-28T18:05:58.229999,9,552.5,202.0,-0.8585213869910059,True,False,False,True,3,1,0,2,0,0,710,66,"[false, false, false]",390,2,1,Starfield Stage - 2
5567,2025-09-28T18:05:58.239234,9,555.0,204.5,-0.8206776369910396,True,False,False,True,3,1,0,2,0,0,709,61,"[false, false, false]",390,2,1,Starfield Stage - 2
5568,2025-09-28T18:05:58.247696,9,557.5,207.0,-0.7837397901250339,True,False,False,True,2,1,0,2,0,0,708,56,"[false, false, false]",390,2,1,Starfield Stage - 2
5569,2025-09-28T18:05:58.257465,9,560.0,209.5,-0.7285489160646106,True,False,False,True,2,1,0,2,0,0,705,47,"[false, false, false]",390,2,1,Starfield Stage - 2
5570,2025-09-28T18:05:58.265810,8,562.5,212.0,-0.6964921475348702,True,False,False,True,2,1,0,2,0,0,703,44,"[false, false, false]",390,2,1,Starfield Stage - 2
5571,2025-09-28T18:05:58.274565,8,565.0,214.5,-0.6683828505784202,True,False,False,True,2,1,0,2,0,0,702,41,"[false, false, false]",390,2,1,Starfield Stage - 2
5572,2025-09-28T18:05:58.282451,9,567.5,217.0,-0.6462074621317129,True,False,False,True,2,1,0,2,0,0,701,40,"[false, false, false]",390,2,1,Starfield Stage - 2
5573,2025-09-28T18:05:58.290307,8,570.0,219.5,-0.6241689851172751,True,False,False,True,2,1,0,2,0,0,700,39,"[false, false, false]",390,2,1,Starfield Stage - 2
5574,2025-09-28T18:05:58.299491,9,572.5,222.0,-0.6085221112079197,True,False,False,True,2,1,0,2,0,0,700,39,"[false, false, false]",390,2,1,Starfield Stage - 2
5575,2025-09-28T18:05:58.307580,8,575.0,224.5,-0.5929622652986979,True,False,False,True,2,1,0,2,0,0,700,39,"[false, false, false]",390,2,1,Starfield Stage - 2
5576,2025-09-28T18:05:58.316365,9,577.5,227.0,-0.5774961916302958,True,False,False,True,2,1,0,2,0,0,700,39,"[false, false, false]",390,2,1,Starfield Stage - 2
5577,2025-09-28T18:05:58.324468,8,580.0,229.5,-0.5621303741142941,True,False,False,True,3,1,0,2,0,0,700,39,"[true, false, false]",390,2,1,Starfield Stage - 2
5578,2025-09-28T18:05:58.332546,8,582.5,232.0,-0.5468710236635528,True,False,False,True,3,1,0,2,0,0,700,39,"[true, false, false]",390,2,1,Starfield Stage - 2
5579,2025-09-28T18:05:58.340819,8,585.0,234.5,-0.5317240672588056,True,False,False,True,3,1,0,2,0,0,700,39,"[true, false, false]",390,2,1,Starfield Stage - 2
5580,2025-09-28T18:05:58.349181,9,587.5,237.0,-0.5166951387622772,True,False,False,True,3,1,0,2,0,0,700,39,"[true, false, false]",390,2,1,Starfield Stage - 2
5581,2025-09-28T18:05:58.357337,8,590.0,239.5,-0.5017895714710191,True,False,False,True,3,1,0,2,0,0,700,39,"[true, false, false]",390,2,1,Starfield Stage - 2
5582,2025-09-28T18:05:58.365998,8,592.5,242.0,-0.48701239238564176,True,False,False,True,3,1,0,2,0,0,700,39,"[true, false, false]",390,2,1,Starfield Stage - 2
5583,2025-09-28T18:05:58.373895,9,595.0,244.5,-0.472368318154429,True,False,False,True,3,1,0,2,0,0,700,39,"[true, false, false]",390,2,1,Starfield Stage - 2
5584,2025-09-28T18:05:58.424183,9,597.5,247.0,-0.45786175263862394,True,False,False,True,2,0,0,2,0,0,700,39,"[true, false, false]",390,2,1,Starfield Stage - 2
5585,2025-09-28T18:05:58.427106,43,600.0,249.5,-0.42393980922045094,True,False,False,True,2,1,0,2,0,0,695,39,"[false, false, false]",390,2,1,Starfield Stage - 2
5586,2025-09-28T18:05:58.436009,9,602.5,252.0,-0.40574140375269885,True,False,False,True,2,1,0,2,0,0,694,39,"[false, false, false]",390,2,1,Starfield Stage - 2
5587,2025-09-28T18:05:58.444611,9,605.0,254.5,-0.38768615002983686,True,False,False,True,2,1,0,2,0,0,693,39,"[false, false, false]",390,2,1,Starfield Stage - 2
5588,2025-09-28T18:05:58.452228,8,607.5,257.0,-0.3697839921774082,True,False,False,True,2,1,0,2,0,0,692,39,"[false, false, false]",390,2,1,Starfield Stage - 2
5589,2025-09-28T18:05:58.459921,8,610.0,259.5,-0.35603435869191985,True,False,False,True,2,1,0,2,0,0,692,39,"[false, false, false]",390,2,1,Starfield Stage - 2
5590,2025-09-28T18:05:58.469586,9,612.5,262.0,-0.33847140393944697,True,False,False,True,2,1,0,2,0,0,691,39,"[false, false, false]",390,2,1,Starfield Stage - 2
5591,2025-09-28T18:05:58.478787,9,615.0,264.5,-0.325072801309895,True,False,False,True,2,1,0,2,0,0,691,39,"[false, false, false]",390,2,1,Starfield Stage - 2
5592,2025-09-28T18:05:58.487808,9,617.5,267.0,-0.30787173639825377,True,False,False,True,2,1,0,2,0,0,690,39,"[false, false, false]",390,2,1,Starfield Stage - 2
5593,2025-09-28T18:05:58.496432,9,620.0,269.5,-0.29483650327962424,True,False,False,True,2,1,0,2,0,0,690,39,"[false, false, false]",390,2,1,Starfield Stage - 2
5594,2025-09-28T18:05:58.505215,8,622.5,272.0,-0.2819802765862312,True,False,False,True,2,1,0,2,0,0,690,39,"[false, false, false]",390,2,1,Starfield Stage - 2
5595,2025-09-28T18:05:58.512061,8,625.0,274.5,-0.269303556462662,True,False,False,True,2,1,0,2,0,0,690,39,"[false, false, false]",390,2,1,Starfield Stage - 2
5596,2025-09-28T18:05:58.521506,9,627.5,277.0,-0.2568065984591104,True,False,False,True,3,1,0,2,0,0,690,39,"[true, false, false]",390,2,1,Starfield Stage - 2
5597,2025-09-28T18:05:58.530112,9,630.0,279.5,-0.24448942637529086,True,False,False,True,3,1,0,2,0,0,690,39,"[true, false, false]",390,2,1,Starfield Stage - 2
5598,2025-09-28T18:05:58.539035,9,632.5,282.0,-0.23235184515598764,True,False,False,True,3,1,0,2,0,0,690,39,"[true, false, false]",390,2,1,Starfield Stage - 2
5599,2025-09-28T18:05:58.548377,9,635.0,284.5,-0.2203934537570041,True,False,False,True,3,1,0,2,0,0,690,39,"[true, false, false]",390,2,1,Starfield Stage - 2
5600,2025-09-28T18:05:58.556006,8,635.0,287.0,-0.2182419604173972,True,True,False,True,3,1,0,2,0,0,690,39,"[true, false, false]",390,2,1,Starfield Stage - 2
5601,2025-09-28T18:05:58.565615,9,635.0,289.5,-0.21613141695793922,True,True,False,True,3,1,0,2,0,0,690,39,"[true, false, false]",390,2,1,Starfield Stage - 2
5602,2025-09-28T18:05:58.573912,9,635.0,292.0,-0.2148842709249657,True,True,False,True,3,1,0,2,0,0,690,40,"[true, false, false]",390,2,1,Starfield Stage - 2
5603,2025-09-28T18:05:58.582694,8,635.0,294.5,-0.21529840881674503,True,True,False,True,3,1,0,2,0,0,690,43,"[false, false, false]",390,2,1,Starfield Stage - 2
5604,2025-09-28T18:05:58.591294,9,635.0,297.0,-0.21739289382303129,True,True,False,True,3,1,0,2,0,0,690,48,"[false, false, false]",390,2,1,Starfield Stage - 2
5605,2025-09-28T18:05:58.599760,8,632.5,299.5,-0.24060763705482907,False,True,False,True,3,1,0,2,0,0,692,57,"[false, false, false]",390,2,1,Starfield Stage - 2
5606,2025-09-28T18:05:58.610277,9,630.0,299.5,-0.32384698738404083,False,True,False,False,3,1,0,2,0,0,702,85,"[false, false, false]",390,2,1,Starfield Stage - 2
5607,2025-09-28T18:05:58.617437,9,627.5,299.5,-0.39497270676876617,False,True,False,False,2,1,0,2,0,0,709,104,"[false, false, false]",390,2,1,Starfield Stage - 2
5608,2025-09-28T18:05:58.625863,8,625.0,299.5,-0.4923753357470357,False,True,False,False,2,1,0,2,0,0,717,128,"[false, false, false]",390,2,1,Starfield Stage - 2
5609,2025-09-28T18:05:58.633985,9,622.5,299.5,-0.6261164330079589,False,True,False,False,2,1,0,2,0,0,727,155,"[false, false, false]",390,2,1,Starfield Stage - 2
5610,2025-09-28T18:05:58.643801,9,620.0,299.5,-0.8007142523079244,False,True,False,False,2,1,0,2,0,0,736,187,"[false, false, false]",390,2,1,Starfield Stage - 2
5611,2025-09-28T18:05:58.652622,9,617.5,299.5,-1.0224043302930135,False,True,False,False,2,1,0,2,0,0,746,221,"[false, false, false]",390,2,1,Starfield Stage - 2
5612,2025-09-28T18:05:58.661433,9,615.0,299.5,-1.2780387200426069,False,True,False,False,2,1,0,2,0,0,756,257,"[false, false, false]",390,2,1,Starfield Stage - 2
5613,2025-09-28T18:05:58.669355,8,612.5,299.5,-1.5349810296151079,False,True,False,False,2,1,0,2,0,0,766,294,"[false, false, false]",390,2,1,Starfield Stage - 2
5614,2025-09-28T18:05:58.677165,8,610.0,299.5,-1.7699290012842863,False,True,False,False,2,1,0,2,0,0,776,333,"[false, false, false]",390,2,1,Starfield Stage - 2
5615,2025-09-28T18:05:58.685000,8,607.5,299.5,-1.9633852478524483,False,True,False,False,2,1,0,2,0,0,785,373,"[false, false, false]",390,2,1,Starfield Stage - 2
5616,2025-09-28T18:05:58.694026,9,605.0,299.5,-2.116311823720394,False,True,False,False,2,1,0,2,0,0,792,413,"[false, false, false]",390,2,1,Starfield Stage - 2
5617,2025-09-28T18:05:58.702874,9,602.5,299.5,-2.2407678298254203,False,True,False,False,2,1,0,2,0,0,795,452,"[false, false, false]",390,2,1,Starfield Stage - 2
5618,2025-09-28T18:05:58.711976,9,600.0,299.5,-2.430357853747191,False,True,False,False,2,1,0,2,0,0,790,520,"[false, false, false]",390,2,1,Starfield Stage - 2
5619,2025-09-28T18:05:58.721185,9,597.5,299.5,-2.498414855486828,False,True,False,False,2,1,0,2,0,0,783,547,"[false, false, false]",390,2,1,Starfield Stage - 2
5620,2025-09-28T18:05:58.729045,8,595.0,299.5,-2.5612789203054662,False,True,False,False,2,1,0,2,0,0,773,571,"[false, false, false]",390,2,1,Starfield Stage - 2
5621,2025-09-28T18:05:58.737752,9,592.5,299.5,-2.6149057589746203,False,True,False,False,2,1,0,2,0,0,762,591,"[false, false, false]",390,2,1,Starfield Stage - 2
5622,2025-09-28T18:05:58.747414,9,590.0,299.5,-2.6657033880884224,False,True,False,False,2,1,0,2,0,0,749,608,"[false, false, false]",390,2,1,Starfield Stage - 2
5623,2025-09-28T18:05:58.755170,8,587.5,297.0,-2.7189922932200394,False,True,True,False,2,1,0,2,0,0,735,625,"[false, false, false]",390,2,1,Starfield Stage - 2
5624,2025-09-28T18:05:58.763148,8,585.0,294.5,-2.7630897799324567,False,True,True,False,2,1,0,2,0,0,722,639,"[false, false, false]",390,2,1,Starfield Stage - 2
5625,2025-09-28T18:05:58.771064,8,582.5,292.0,-2.7987446920498074,False,True,True,False,2,1,0,2,0,0,711,652,"[false, false, false]",390,2,1,Starfield Stage - 2
5626,2025-09-28T18:05:58.780107,9,580.0,289.5,-2.825878243186868,False,True,True,False,1,1,0,2,0,0,702,663,"[false, false, false]",390,2,1,Starfield Stage - 2
5627,2025-09-28T18:05:58.787972,8,577.5,287.0,-2.8437310125218533,False,True,True,False,0,1,0,2,0,0,696,673,"[false, false, false]",390,2,1,Starfield Stage - 2
5628,2025-09-28T18:05:58.797721,9,575.0,284.5,-2.858328613722722,False,True,True,False,0,1,0,2,0,0,691,683,"[false, false, false]",390,2,1,Starfield Stage - 2
5629,2025-09-28T18:05:58.806319,9,572.5,282.0,-2.8670014587192334,False,True,True,False,0,1,0,2,0,0,688,692,"[false, false, false]",390,2,1,Starfield Stage - 2
5630,2025-09-28T18:05:58.815246,9,570.0,279.5,-2.872425160804093,False,True,True,False,0,1,0,2,0,0,686,700,"[false, false, false]",390,2,1,Starfield Stage - 2
5631,2025-09-28T18:05:58.823522,8,567.5,277.0,-2.8726860044410447,False,True,True,False,0,1,0,2,0,0,686,707,"[false, false, false]",390,2,1,Starfield Stage - 2
5632,2025-09-28T18:05:58.832739,9,565.0,274.5,-2.853151656957315,False,True,True,False,0,1,0,2,0,0,696,716,"[false, false, false]",390,2,1,Starfield Stage - 2
5633,2025-09-28T18:05:58.841194,9,562.5,272.0,-2.8310318661205094,False,True,True,False,0,1,0,2,0,0,705,716,"[false, false, false]",390,2,1,Starfield Stage - 2
5634,2025-09-28T18:05:58.849775,8,560.0,269.5,-2.802769770766986,False,True,True,False,0,1,0,2,0,0,717,715,"[false, false, false]",390,2,1,Starfield Stage - 2
5635,2025-09-28T18:05:58.857840,9,557.5,267.0,-2.7683070721329948,False,True,True,False,0,1,0,2,0,0,731,710,"[false, false, false]",390,2,1,Starfield Stage - 2
5636,2025-09-28T18:05:58.867012,9,557.5,264.5,-2.73560045509413,False,False,True,False,0,1,0,2,0,0,746,703,"[false, false, false]",390,2,1,Starfield Stage - 2
5637,2025-09-28T18:05:58.876026,9,557.5,262.0,-2.6929744436245935,False,False,True,False,0,1,0,2,0,0,764,691,"[false, false, false]",390,2,1,Starfield Stage - 2
5638,2025-09-28T18:05:58.884755,8,557.5,259.5,-2.647366343803155,False,False,True,False,0,1,0,2,0,0,783,678,"[false, false, false]",390,2,1,Starfield Stage - 2
5639,2025-09-28T18:05:58.893351,9,557.5,257.0,-2.5959375990628013,False,False,True,False,0,1,0,2,0,0,804,663,"[false, false, false]",390,2,1,Starfield Stage - 2
5640,2025-09-28T18:05:58.901612,8,557.5,254.5,-2.534580933155216,False,False,True,False,0,1,0,2,0,0,828,644,"[false, false, false]",390,2,1,Starfield Stage - 2
5641,2025-09-28T18:05:58.909856,8,557.5,252.0,-2.4703033741870986,False,False,True,False,0,1,0,2,0,0,853,624,"[false, false, false]",390,2,1,Starfield Stage - 2
5642,2025-09-28T18:05:58.918093,9,560.0,249.5,-2.40307002972977,True,False,True,False,0,1,0,2,0,0,880,601,"[false, false, false]",390,2,1,Starfield Stage - 2
5643,2025-09-28T18:05:58.926991,9,562.5,247.0,-2.3288546669890318,True,False,True,False,0,1,0,2,0,0,910,576,"[false, false, false]",390,2,1,Starfield Stage - 2
5644,2025-09-28T18:05:58.935985,9,565.0,244.5,-2.254712800308518,True,False,True,False,0,1,0,2,0,0,941,551,"[false, false, false]",390,2,1,Starfield Stage - 2
5645,2025-09-28T18:05:58.945111,9,567.5,242.0,-2.107323479147554,True,False,True,False,0,1,0,2,0,0,1003,501,"[false, false, false]",390,2,1,Starfield Stage - 2
5646,2025-09-28T18:05:58.954274,9,570.0,239.5,-2.045587923661564,True,False,True,False,0,1,0,2,0,0,1034,478,"[false, false, false]",390,2,1,Starfield Stage - 2
5647,2025-09-28T18:05:58.962694,9,572.5,237.0,-1.9948812566357677,True,False,True,False,0,1,0,2,0,0,1062,458,"[false, false, false]",390,2,1,Starfield Stage - 2
5648,2025-09-28T18:05:58.972113,9,575.0,234.5,-1.9598768044848442,True,False,True,False,0,1,0,2,0,0,1086,444,"[false, false, false]",390,2,1,Starfield Stage - 2
5649,2025-09-28T18:05:58.980822,9,577.5,232.0,-1.9398108440309647,True,False,True,False,0,1,0,2,0,0,1105,436,"[false, false, false]",390,2,1,Starfield Stage - 2
5650,2025-09-28T18:05:58.990252,9,580.0,229.5,-1.9324157023517463,True,False,True,False,1,1,0,2,0,0,1118,433,"[true, false, false]",390,2,1,Starfield Stage - 2
5651,2025-09-28T18:05:58.998509,8,582.5,227.0,-1.931481159547289,True,False,True,False,1,1,0,2,0,0,1126,432,"[true, false, false]",390,2,1,Starfield Stage - 2
5652,2025-09-28T18:05:59.007384,9,585.0,224.5,-1.9351956440257303,True,False,True,False,1,1,0,2,0,0,1129,432,"[true, false, false]",390,2,1,Starfield Stage - 2
5653,2025-09-28T18:05:59.015650,9,587.5,222.0,-1.9411103510180392,True,False,True,False,1,1,0,2,0,0,1131,433,"[true, false, false]",390,2,1,Starfield Stage - 2
5654,2025-09-28T18:05:59.024670,9,590.0,219.5,-1.94667310735355,True,False,True,False,1,1,0,2,0,0,1131,433,"[true, false, false]",390,2,1,Starfield Stage - 2
5655,2025-09-28T18:05:59.033176,8,592.5,217.0,-1.9538614701124644,True,False,True,False,1,1,0,2,0,0,1131,434,"[true, false, false]",390,2,1,Starfield Stage - 2
5656,2025-09-28T18:05:59.041475,8,595.0,214.5,-1.9594782190933968,True,False,True,False,1,1,0,2,0,0,1131,434,"[true, false, false]",390,2,1,Starfield Stage - 2
5657,2025-09-28T18:05:59.050365,9,597.5,212.0,-1.9667182162667993,True,False,True,False,1,1,0,2,0,0,1131,435,"[true, false, false]",390,2,1,Starfield Stage - 2
5658,2025-09-28T18:05:59.058091,8,600.0,209.5,-1.9723877950294928,True,False,True,False,1,1,0,2,0,0,1131,435,"[false, false, false]",390,2,1,Starfield Stage - 2
5659,2025-09-28T18:05:59.067617,9,602.5,207.0,-1.9787727599855582,True,False,True,False,1,1,0,2,0,0,1130,435,"[false, false, false]",390,2,1,Starfield Stage - 2
5660,2025-09-28T18:05:59.076421,9,605.0,204.5,-1.985207265848654,True,False,True,False,1,1,0,2,0,0,1129,435,"[false, false, false]",390,2,1,Starfield Stage - 2
5661,2025-09-28T18:05:59.084869,8,607.5,202.0,-1.9924089626227848,True,False,True,False,1,1,0,2,0,0,1127,435,"[false, false, false]",390,2,1,Starfield Stage - 2
5662,2025-09-28T18:05:59.093726,9,610.0,199.5,-1.9964724846800481,True,False,True,False,1,1,0,2,0,0,1125,433,"[false, false, false]",390,2,1,Starfield Stage - 2
5663,2025-09-28T18:05:59.102980,9,612.5,197.0,-2.001335527772829,True,False,True,False,1,1,0,2,0,0,1122,431,"[false, false, false]",390,2,1,Starfield Stage - 2
5664,2025-09-28T18:05:59.111985,9,615.0,194.5,-2.002131953432151,True,False,True,False,1,1,0,2,0,0,1118,426,"[false, false, false]",390,2,1,Starfield Stage - 2
5665,2025-09-28T18:05:59.120720,9,617.5,192.0,-1.9942832710742098,True,False,True,False,1,1,0,2,0,0,1110,414,"[false, false, false]",390,2,1,Starfield Stage - 2
5666,2025-09-28T18:05:59.129337,9,620.0,189.5,-1.9898794347889635,True,False,True,False,1,1,0,2,0,0,1106,406,"[false, false, false]",390,2,1,Starfield Stage - 2
5667,2025-09-28T18:05:59.137761,9,622.5,187.0,-1.9835896167656155,True,False,True,False,1,1,0,2,0,0,1102,397,"[false, false, false]",390,2,1,Starfield Stage - 2
5668,2025-09-28T18:05:59.147305,9,625.0,184.5,-1.9770906367045369,True,False,True,False,1,1,0,2,0,0,1098,388,"[false, false, false]",390,2,1,Starfield Stage - 2
5669,2025-09-28T18:05:59.154973,8,627.5,182.0,-1.966728477491938,True,False,True,False,1,1,0,3,0,0,1094,377,"[false, false, false]",390,2,1,Starfield Stage - 2
5670,2025-09-28T18:05:59.164613,9,630.0,182.0,-1.952053736435976,True,False,False,False,1,1,0,3,0,0,1089,366,"[false, false, false]",390,2,1,Starfield Stage - 2
5671,2025-09-28T18:05:59.172341,8,632.5,182.0,-1.9347752833045406,True,False,False,False,1,1,0,3,0,0,1084,354,"[false, false, false]",390,2,1,Starfield Stage - 2
5672,2025-09-28T18:05:59.180859,9,635.0,182.0,-1.9146760650383385,True,False,False,False,1,1,0,3,0,0,1079,341,"[false, false, false]",390,2,1,Starfield Stage - 2
5673,2025-09-28T18:05:59.190160,9,637.5,182.0,-1.8935774545127062,True,False,False,False,1,1,0,3,0,0,1074,328,"[false, false, false]",390,2,1,Starfield Stage - 2
5674,2025-09-28T18:05:59.198087,8,640.0,182.0,-1.8715709371575162,True,False,False,False,1,1,0,3,0,0,1072,316,"[false, false, false]",390,2,1,Starfield Stage - 2
5675,2025-09-28T18:05:59.207187,9,642.5,182.0,-1.8481710592871328,True,False,False,False,1,1,0,3,0,0,1071,304,"[false, false, false]",390,2,1,Starfield Stage - 2
5676,2025-09-28T18:05:59.215775,9,645.0,182.0,-1.8256920201758637,True,False,False,False,1,1,0,3,0,0,1071,293,"[false, false, false]",390,2,1,Starfield Stage - 2
5677,2025-09-28T18:05:59.224954,9,647.5,182.0,-1.7751222474070043,True,False,False,False,1,1,0,3,0,0,1077,271,"[false, false, false]",390,2,1,Starfield Stage - 2
5678,2025-09-28T18:05:59.233685,9,650.0,182.0,-1.749427333308846,True,False,False,False,1,1,0,3,0,0,1082,260,"[false, false, false]",390,2,1,Starfield Stage - 2
5679,2025-09-28T18:05:59.242573,8,652.5,182.0,-1.7234456551901618,True,False,False,False,1,1,0,3,0,0,1088,249,"[false, false, false]",390,2,1,Starfield Stage - 2
5680,2025-09-28T18:05:59.251074,9,655.0,182.0,-1.6976737375166138,True,False,False,False,1,1,0,3,0,0,1094,238,"[false, false, false]",390,2,1,Starfield Stage - 2
5681,2025-09-28T18:05:59.259976,9,657.5,182.0,-1.6723708065750333,True,False,False,False,1,1,0,3,0,0,1099,227,"[false, false, false]",390,2,1,Starfield Stage - 2
5682,2025-09-28T18:05:59.268837,9,660.0,182.0,-1.647052665609922,True,False,False,False,1,1,0,3,0,0,1105,216,"[false, false, false]",390,2,1,Starfield Stage - 2
5683,2025-09-28T18:05:59.277704,9,662.5,182.0,-1.6221477897088614,True,False,False,False,1,1,0,3,0,0,1110,205,"[false, false, false]",390,2,1,Starfield Stage - 2
5684,2025-09-28T18:05:59.287426,9,665.0,182.0,-1.59751602411153,True,False,False,False,1,1,0,3,0,0,1114,194,"[false, false, false]",390,2,1,Starfield Stage - 2
5685,2025-09-28T18:05:59.295312,8,667.5,182.0,-1.5730111625974073,True,False,False,False,1,1,0,3,0,0,1119,183,"[false, false, false]",390,2,1,Starfield Stage - 2
5686,2025-09-28T18:05:59.303630,8,670.0,182.0,-1.5530990595371263,True,False,False,False,1,1,0,3,0,0,1122,174,"[false, false, false]",390,2,1,Starfield Stage - 2
5687,2025-09-28T18:05:59.311449,8,672.5,182.0,-1.535529808079464,True,False,False,False,2,1,0,3,0,0,1126,166,"[true, false, false]",390,2,1,Starfield Stage - 2
5688,2025-09-28T18:05:59.319005,8,675.0,182.0,-1.5222693328700672,True,False,False,False,2,1,0,3,0,0,1128,160,"[true, false, false]",390,2,1,Starfield Stage - 2
5689,2025-09-28T18:05:59.329179,9,677.5,184.5,-1.5014479536181264,True,False,False,True,2,1,0,3,0,0,1131,153,"[true, false, false]",390,2,1,Starfield Stage - 2
5690,2025-09-28T18:05:59.336516,9,680.0,187.0,-1.4889397335831498,True,False,False,True,2,1,0,3,0,0,1131,150,"[true, false, false]",390,2,1,Starfield Stage - 2
5691,2025-09-28T18:05:59.345521,9,682.5,189.5,-1.4785284007791641,True,False,False,True,2,1,0,3,0,0,1131,148,"[true, false, false]",390,2,1,Starfield Stage - 2
5692,2025-09-28T18:05:59.354691,9,685.0,192.0,-1.4680207158146654,True,False,False,True,2,1,0,3,0,0,1131,146,"[true, false, false]",390,2,1,Starfield Stage - 2
5693,2025-09-28T18:05:59.363912,9,687.5,194.5,-1.457417687302292,True,False,False,True,2,1,0,3,0,0,1131,144,"[true, false, false]",390,2,1,Starfield Stage - 2
5694,2025-09-28T18:05:59.373394,9,690.0,197.0,-1.4444882097316563,True,False,False,True,2,1,0,3,0,0,1131,141,"[false, false, false]",390,2,1,Starfield Stage - 2
5695,2025-09-28T18:05:59.382419,8,692.5,199.5,-1.4285785537924924,True,False,False,True,2,1,0,3,0,0,1129,137,"[false, false, false]",390,2,1,Starfield Stage - 2
5696,2025-09-28T18:05:59.390376,9,695.0,202.0,-1.4146699609515545,True,False,False,True,2,1,0,3,0,0,1127,134,"[false, false, false]",390,2,1,Starfield Stage - 2
5697,2025-09-28T18:05:59.398288,8,697.5,204.5,-1.3951857902604434,True,False,False,True,2,1,0,3,0,0,1123,129,"[false, false, false]",390,2,1,Starfield Stage - 2
5698,2025-09-28T18:05:59.407113,8,700.0,207.0,-1.3747813459114224,True,False,False,True,2,1,0,3,0,0,1118,124,"[false, false, false]",390,2,1,Starfield Stage - 2
5699,2025-09-28T18:05:59.415802,10,702.5,209.5,-1.3519987304649552,True,False,False,True,2,1,0,3,0,0,1114,118,"[false, false, false]",390,2,1,Starfield Stage - 2
5700,2025-09-28T18:05:59.425138,9,705.0,212.0,-1.3004991645147543,True,False,False,True,2,1,0,3,0,0,1102,102,"[false, false, false]",390,2,1,Starfield Stage - 2
5701,2025-09-28T18:05:59.434064,9,707.5,214.5,-1.2731094495280986,True,False,False,True,2,1,0,3,0,0,1097,95,"[false, false, false]",390,2,1,Starfield Stage - 2
5702,2025-09-28T18:05:59.442936,9,710.0,217.0,-1.2435296738933506,True,False,False,True,2,1,0,3,0,0,1090,88,"[false, false, false]",390,2,1,Starfield Stage - 2
5703,2025-09-28T18:05:59.452172,9,712.5,219.5,-1.2219175529775455,True,False,False,True,2,1,0,3,0,0,1085,84,"[false, false, false]",390,2,1,Starfield Stage - 2
5704,2025-09-28T18:05:59.461252,8,715.0,222.0,-1.2012314730711362,True,False,False,True,2,1,0,3,0,0,1079,81,"[false, false, false]",390,2,1,Starfield Stage - 2
5705,2025-09-28T18:05:59.468917,8,717.5,224.5,-1.1852503955140758,True,False,False,True,2,2,0,3,0,0,1076,79,"[false, false, false]",390,2,1,Starfield Stage - 2
5706,2025-09-28T18:05:59.477599,9,720.0,227.0,-1.1734078103388346,True,False,False,True,2,2,0,3,0,0,1075,78,"[false, false, false]",390,2,1,Starfield Stage - 2
5707,2025-09-28T18:05:59.486733,8,722.5,229.5,-1.161449463747254,True,False,False,True,2,2,0,3,0,0,1074,77,"[false, false, false]",390,2,1,Starfield Stage - 2
5708,2025-09-28T18:05:59.494304,9,725.0,232.0,-1.152837883941654,True,False,False,True,3,2,0,3,0,0,1074,77,"[true, false, false]",390,2,1,Starfield Stage - 2
5709,2025-09-28T18:05:59.502436,8,727.5,234.5,-1.1441688336680205,True,False,False,True,3,2,0,3,0,0,1074,77,"[true, false, false]",390,2,1,Starfield Stage - 2
5710,2025-09-28T18:05:59.511181,9,730.0,237.0,-1.1354430516425942,True,False,False,True,3,2,0,3,0,0,1074,77,"[true, false, false]",390,2,1,Starfield Stage - 2
5711,2025-09-28T18:05:59.519123,8,732.5,239.5,-1.1290516680764513,True,False,False,True,3,2,0,3,0,0,1074,78,"[true, false, false]",390,2,1,Starfield Stage - 2
5712,2025-09-28T18:05:59.527971,9,735.0,242.0,-1.125003962933643,True,False,False,True,3,2,0,3,0,0,1074,80,"[true, false, false]",390,2,1,Starfield Stage - 2
5713,2025-09-28T18:05:59.537024,9,737.5,244.5,-1.118505073564049,True,False,False,True,3,2,0,3,0,0,1074,81,"[true, false, false]",390,2,1,Starfield Stage - 2
5714,2025-09-28T18:05:59.546131,9,740.0,247.0,-1.1119506016546363,True,False,False,True,3,2,0,3,0,0,1074,82,"[false, false, false]",390,2,1,Starfield Stage - 2
5715,2025-09-28T18:05:59.555403,9,742.5,249.5,-1.105340401501148,True,False,False,True,3,2,0,3,0,0,1074,83,"[false, false, false]",390,2,1,Starfield Stage - 2
5716,2025-09-28T18:05:59.564156,8,745.0,252.0,-1.0962664388035137,True,False,False,True,3,2,0,3,0,0,1074,83,"[false, false, false]",390,2,1,Starfield Stage - 2
5717,2025-09-28T18:05:59.571705,8,747.5,254.5,-1.0871392601106002,True,False,False,True,3,2,0,4,0,0,1074,83,"[false, false, false]",390,2,1,Starfield Stage - 2
5718,2025-09-28T18:05:59.580117,9,750.0,257.0,-1.0779599298012958,True,False,False,True,3,2,0,4,0,0,1074,83,"[false, false, false]",390,2,1,Starfield Stage - 2
5719,2025-09-28T18:05:59.589705,9,752.5,259.5,-1.068729559598003,True,False,False,True,3,2,0,4,0,0,1074,83,"[false, false, false]",390,2,1,Starfield Stage - 2
5720,2025-09-28T18:05:59.597646,9,755.0,262.0,-1.0594493083999297,True,False,False,True,3,2,0,4,0,0,1074,83,"[false, false, false]",390,2,1,Starfield Stage - 2
5721,2025-09-28T18:05:59.607479,9,757.5,264.5,-1.0501203820233262,True,False,False,True,3,2,0,4,0,0,1074,83,"[false, false, false]",390,2,1,Starfield Stage - 2
5722,2025-09-28T18:05:59.616036,9,760.0,267.0,-1.040744032846302,True,False,False,True,3,2,0,4,0,0,1074,83,"[false, false, false]",390,2,1,Starfield Stage - 2
5723,2025-09-28T18:05:59.625719,9,762.5,269.5,-1.0313215593561436,True,False,False,True,3,2,0,4,0,0,1074,83,"[false, false, false]",390,2,1,Starfield Stage - 2
5724,2025-09-28T18:05:59.634278,9,765.0,272.0,-1.0218543055973655,True,False,False,True,3,2,0,4,0,0,1074,83,"[false, false, false]",390,2,1,Starfield Stage - 2
5725,2025-09-28T18:05:59.643072,8,767.5,274.5,-1.0123436605190612,True,False,False,True,3,2,0,4,0,0,1074,83,"[false, false, false]",390,2,1,Starfield Stage - 2
5726,2025-09-28T18:05:59.651296,9,770.0,277.0,-1.0027910572204797,True,False,False,True,3,2,0,4,0,0,1074,83,"[false, false, false]",390,2,1,Starfield Stage - 2
5727,2025-09-28T18:05:59.659028,8,772.5,279.5,-0.9931979720941201,True,False,False,True,3,2,0,4,0,0,1074,83,"[false, false, false]",390,2,1,Starfield Stage - 2
5728,2025-09-28T18:05:59.668682,9,775.0,282.0,-0.9835659238660437,True,False,False,True,3,2,0,4,0,0,1074,83,"[false, false, false]",390,2,1,Starfield Stage - 2
5729,2025-09-28T18:05:59.677472,9,777.5,284.5,-0.9762072241508069,True,False,False,True,4,2,0,4,0,0,1074,84,"[true, false, false]",390,2,1,Starfield Stage - 2
5730,2025-09-28T18:05:59.685905,8,780.0,287.0,-0.9695236201146141,True,False,False,True,4,2,0,4,0,0,1073,86,"[true, false, false]",390,2,1,Starfield Stage - 2
5731,2025-09-28T18:05:59.694194,9,782.5,289.5,-0.961117969984265,True,False,False,True,4,2,0,4,0,0,1071,88,"[true, false, false]",390,2,1,Starfield Stage - 2
5732,2025-09-28T18:05:59.702197,8,785.0,292.0,-0.9565467688136303,True,False,False,True,4,2,0,4,0,0,1070,91,"[true, false, false]",390,2,1,Starfield Stage - 2
5733,2025-09-28T18:05:59.710932,8,787.5,294.5,-0.9502096864081274,True,False,False,True,3,2,0,4,0,0,1068,94,"[true, false, false]",390,2,1,Starfield Stage - 2
5734,2025-09-28T18:05:59.719342,9,790.0,297.0,-0.9407133158054385,True,False,False,True,3,2,0,4,0,0,1067,95,"[true, false, false]",390,2,1,Starfield Stage - 2
5735,2025-09-28T18:05:59.728093,9,792.5,299.5,-0.9352106199703457,True,False,False,True,3,2,0,4,0,0,1067,97,"[true, false, false]",390,2,1,Starfield Stage - 2
5736,2025-09-28T18:05:59.736867,9,795.0,302.0,-0.9278858853871432,True,False,False,True,3,2,0,4,0,0,1066,99,"[false, false, false]",390,2,1,Starfield Stage - 2
5737,2025-09-28T18:05:59.745939,8,797.5,304.5,-0.9175351020197011,True,False,False,True,3,2,0,4,0,0,1066,99,"[false, false, false]",390,2,1,Starfield Stage - 2
5738,2025-09-28T18:05:59.754644,9,800.0,307.0,-0.907666567336567,True,False,False,True,3,2,0,4,0,0,1065,100,"[false, false, false]",390,2,1,Starfield Stage - 2
5739,2025-09-28T18:05:59.762526,8,802.5,309.5,-0.897217904391753,True,False,False,True,3,2,0,4,0,0,1065,100,"[false, false, false]",390,2,1,Starfield Stage - 2
5740,2025-09-28T18:05:59.771051,8,805.0,312.0,-0.886744666663116,True,False,False,True,3,2,0,4,0,0,1065,100,"[false, false, false]",390,2,1,Starfield Stage - 2
5741,2025-09-28T18:05:59.779285,9,807.5,314.5,-0.8762490725633962,True,False,False,True,3,2,0,4,1,1,1065,100,"[false, false, false]",390,2,1,Starfield Stage - 2
5742,2025-09-28T18:05:59.787535,8,810.0,317.0,-0.8637934298645491,True,False,False,True,3,2,0,4,1,1,1064,100,"[false, false, false]",390,2,1,Starfield Stage - 2
5743,2025-09-28T18:05:59.796583,9,812.5,319.5,-0.8535228562685688,True,False,False,True,3,2,0,4,1,1,1063,101,"[false, false, false]",390,2,1,Starfield Stage - 2
5744,2025-09-28T18:05:59.804144,8,815.0,322.0,-0.8408966686431651,True,False,False,True,3,2,0,4,1,1,1062,101,"[false, false, false]",390,2,1,Starfield Stage - 2
5745,2025-09-28T18:05:59.813447,8,817.5,324.5,-0.830432072644991,True,False,False,True,3,2,0,4,1,1,1061,102,"[false, false, false]",390,2,1,Starfield Stage - 2
5746,2025-09-28T18:05:59.820433,8,820.0,327.0,-0.8198672643969563,True,False,False,True,3,2,0,4,1,1,1060,103,"[false, false, false]",390,2,1,Starfield Stage - 2
5747,2025-09-28T18:05:59.828840,9,822.5,329.5,-0.8091006202203466,True,False,False,True,3,2,0,4,1,1,1060,103,"[false, false, false]",390,2,1,Starfield Stage - 2
5748,2025-09-28T18:05:59.838518,9,825.0,332.0,-0.7983844463176208,True,False,False,True,3,2,0,4,1,1,1059,104,"[false, false, false]",390,2,1,Starfield Stage - 2
5749,2025-09-28T18:05:59.845909,8,827.5,334.5,-0.7853981633974483,True,False,False,True,3,2,0,4,1,1,1058,104,"[false, false, false]",390,2,1,Starfield Stage - 2
5750,2025-09-28T18:05:59.854941,9,830.0,337.0,-0.7767027303856697,True,False,False,True,3,2,0,4,1,1,1058,105,"[false, false, false]",390,2,1,Starfield Stage - 2
5751,2025-09-28T18:05:59.864230,9,832.5,339.5,-0.765663883475839,True,False,False,True,3,2,0,4,1,1,1056,107,"[false, false, false]",390,2,1,Starfield Stage - 2
5752,2025-09-28T18:05:59.872121,8,835.0,342.0,-0.7561929865294237,True,False,False,True,3,2,0,4,1,1,1051,113,"[false, false, false]",390,2,1,Starfield Stage - 2
5753,2025-09-28T18:05:59.880986,9,837.5,344.5,-0.7442315027856772,True,False,False,True,2,2,0,4,1,1,1047,117,"[false, false, false]",390,2,1,Starfield Stage - 2
5754,2025-09-28T18:05:59.889908,9,837.5,347.0,-0.7399219543194342,True,True,False,True,2,2,0,4,1,1,1042,123,"[false, false, false]",390,2,1,Starfield Stage - 2
5755,2025-09-28T18:05:59.899086,9,837.5,349.5,-0.732689236463068,True,True,False,True,2,2,0,4,1,1,1035,130,"[false, false, false]",390,2,1,Starfield Stage - 2
5756,2025-09-28T18:05:59.908126,9,837.5,352.0,-0.7320327313632711,True,True,False,True,2,2,0,4,1,1,1028,140,"[false, false, false]",390,2,1,Starfield Stage - 2
5757,2025-09-28T18:05:59.917054,9,837.5,354.5,-0.7304796203891571,True,True,False,True,2,2,0,4,1,1,1018,153,"[false, false, false]",390,2,1,Starfield Stage - 2
5758,2025-09-28T18:05:59.927218,10,837.5,357.0,-0.7281182333457501,True,True,False,True,2,2,0,4,1,1,1006,168,"[false, false, false]",390,2,1,Starfield Stage - 2
5759,2025-09-28T18:05:59.935183,8,837.5,359.5,-0.7307414087946764,True,True,False,True,2,2,0,4,1,1,993,186,"[false, false, false]",390,2,1,Starfield Stage - 2
5760,2025-09-28T18:05:59.942977,8,837.5,362.0,-0.7331691467354241,True,True,False,True,2,2,0,4,1,1,978,206,"[false, false, false]",390,2,1,Starfield Stage - 2
5761,2025-09-28T18:05:59.953159,9,835.0,362.0,-0.762571078876063,False,True,False,False,2,2,0,4,1,1,942,250,"[false, false, false]",390,2,1,Starfield Stage - 2
5762,2025-09-28T18:05:59.959816,8,832.5,362.0,-0.7741119609123025,False,True,False,False,2,2,0,4,1,1,942,250,"[false, false, false]",390,2,1,Starfield Stage - 2
5763,2025-09-28T18:05:59.969236,9,830.0,362.0,-0.7777647238799552,False,True,False,False,2,2,0,4,1,1,895,296,"[false, false, false]",390,2,1,Starfield Stage - 2
5764,2025-09-28T18:05:59.977222,8,827.5,362.0,-0.7680588608392949,False,True,False,False,2,2,0,4,1,1,870,318,"[false, false, false]",390,2,1,Starfield Stage - 2
5765,2025-09-28T18:05:59.984735,8,825.0,362.0,-0.7044940642422177,False,True,False,False,2,2,0,5,2,1,842,342,"[false, false, false]",390,2,1,Starfield Stage - 2
5766,2025-09-28T18:05:59.993979,9,822.5,362.0,2.0106389096106327,False,True,False,False,2,2,0,5,2,1,814,366,"[false, false, false]",390,2,1,Starfield Stage - 2
5767,2025-09-28T18:06:00.003523,9,820.0,362.0,2.3100733741778336,False,True,False,False,2,2,0,5,2,1,786,393,"[false, false, false]",390,2,1,Starfield Stage - 2
5768,2025-09-28T18:06:00.012066,9,817.5,362.0,2.3434292261656893,False,True,False,False,2,2,0,5,2,1,758,420,"[false, false, false]",390,2,1,Starfield Stage - 2
5769,2025-09-28T18:06:00.020840,9,815.0,362.0,2.3739441052488424,False,True,False,False,2,2,0,5,2,1,732,448,"[false, false, false]",390,2,1,Starfield Stage - 2
5770,2025-09-28T18:06:00.030281,9,812.5,362.0,2.4000462675026695,False,True,False,False,2,2,0,5,2,1,709,475,"[false, false, false]",390,2,1,Starfield Stage - 2
5771,2025-09-28T18:06:00.038624,8,810.0,362.0,2.425314971039527,False,True,False,False,2,2,0,5,2,1,689,501,"[false, false, false]",390,2,1,Starfield Stage - 2
5772,2025-09-28T18:06:00.046886,9,807.5,362.0,2.451067412953763,False,True,False,False,2,2,0,5,2,1,672,526,"[false, false, false]",390,2,1,Starfield Stage - 2
5773,2025-09-28T18:06:00.056512,9,805.0,362.0,2.4720906942136684,False,True,False,False,1,2,0,5,2,1,657,549,"[false, false, false]",390,2,1,Starfield Stage - 2
5774,2025-09-28T18:06:00.064731,8,802.5,362.0,2.4966895127673907,False,True,False,False,1,2,0,5,2,1,631,590,"[false, false, false]",390,2,1,Starfield Stage - 2
5775,2025-09-28T18:06:00.073684,9,800.0,362.0,2.509379245986025,False,True,False,False,1,2,0,5,2,1,622,605,"[false, false, false]",390,2,1,Starfield Stage - 2
5776,2025-09-28T18:06:00.081820,8,797.5,362.0,2.5159638835635554,False,True,False,False,1,2,0,5,2,1,614,616,"[false, false, false]",390,2,1,Starfield Stage - 2
5777,2025-09-28T18:06:00.089859,9,795.0,362.0,2.523504547526594,False,True,False,False,1,2,0,5,2,1,608,625,"[false, false, false]",390,2,1,Starfield Stage - 2
5778,2025-09-28T18:06:00.099684,9,792.5,362.0,2.5303678739283257,False,True,False,False,1,2,0,5,2,1,604,631,"[false, false, false]",390,2,1,Starfield Stage - 2
5779,2025-09-28T18:06:00.108683,9,790.0,359.5,2.5419963666207757,False,True,True,False,1,2,0,5,2,1,601,636,"[false, false, false]",390,2,1,Starfield Stage - 2
5780,2025-09-28T18:06:00.117198,8,787.5,357.0,2.5515542222358985,False,True,True,False,1,2,0,5,2,1,598,640,"[false, false, false]",390,2,1,Starfield Stage - 2
5781,2025-09-28T18:06:00.124027,8,785.0,354.5,2.5600389731351196,False,True,True,False,1,2,0,5,2,1,596,642,"[false, false, false]",390,2,1,Starfield Stage - 2
5782,2025-09-28T18:06:00.133357,9,782.5,352.0,2.5699102569810197,False,True,True,False,1,2,0,5,2,1,594,645,"[false, false, false]",390,2,1,Starfield Stage - 2
5783,2025-09-28T18:06:00.141111,8,780.0,349.5,2.5795378231537662,False,True,True,False,1,2,0,5,2,1,592,648,"[false, false, false]",390,2,1,Starfield Stage - 2
5784,2025-09-28T18:06:00.150429,9,777.5,347.0,2.591315333672399,False,True,True,False,1,2,0,5,2,1,591,651,"[false, false, false]",390,2,1,Starfield Stage - 2
5785,2025-09-28T18:06:00.158998,9,775.0,344.5,2.604257366552827,False,True,True,False,1,2,0,5,2,1,590,655,"[false, false, false]",390,2,1,Starfield Stage - 2
5786,2025-09-28T18:06:00.167589,8,772.5,342.0,2.61411056366854,False,True,True,False,1,2,0,5,2,1,589,657,"[false, false, false]",390,2,1,Starfield Stage - 2
5787,2025-09-28T18:06:00.175590,8,770.0,339.5,2.62616211082778,False,True,True,False,1,2,0,5,2,1,589,659,"[false, false, false]",390,2,1,Starfield Stage - 2
5788,2025-09-28T18:06:00.184829,9,767.5,337.0,2.634362725883717,False,True,True,False,0,2,0,5,2,1,588,660,"[false, false, false]",390,2,1,Starfield Stage - 2
5789,2025-09-28T18:06:00.193679,9,765.0,334.5,2.644824630394942,False,True,True,False,0,2,0,5,2,1,588,661,"[false, false, false]",390,2,1,Starfield Stage - 2
5790,2025-09-28T18:06:00.202621,9,762.5,332.0,2.6539256408168055,False,True,True,False,0,2,0,5,2,1,588,661,"[false, false, false]",390,2,1,Starfield Stage - 2
5791,2025-09-28T18:06:00.210568,8,760.0,329.5,2.6629761028353167,False,True,True,False,0,2,0,5,2,1,588,661,"[false, false, false]",390,2,1,Starfield Stage - 2
5792,2025-09-28T18:06:00.218638,8,757.5,327.0,2.6719749662644494,False,True,True,False,0,2,0,5,2,1,588,661,"[false, false, false]",390,2,1,Starfield Stage - 2
5793,2025-09-28T18:06:00.227147,9,755.0,324.5,2.680921226277814,False,True,True,False,0,2,0,5,2,1,588,661,"[false, false, false]",390,2,1,Starfield Stage - 2
5794,2025-09-28T18:06:00.235142,8,752.5,322.0,2.689813923435246,False,True,True,False,0,2,0,5,2,1,588,661,"[false, false, false]",390,2,1,Starfield Stage - 2
5795,2025-09-28T18:06:00.244686,9,750.0,319.5,2.69865214362897,False,True,True,False,0,2,0,5,2,1,588,661,"[false, false, false]",390,2,1,Starfield Stage - 2
5796,2025-09-28T18:06:00.253056,9,747.5,317.0,2.707435017952276,False,True,True,False,0,2,0,5,2,1,588,661,"[false, false, false]",390,2,1,Starfield Stage - 2
5797,2025-09-28T18:06:00.262861,9,745.0,314.5,2.7161617224938333,False,True,True,False,0,2,0,5,2,1,588,661,"[false, false, false]",390,2,1,Starfield Stage - 2
5798,2025-09-28T18:06:00.270944,9,742.5,312.0,2.724831478060887,False,True,True,False,0,2,0,5,2,1,588,661,"[false, false, false]",390,2,1,Starfield Stage - 2
5799,2025-09-28T18:06:00.281198,9,740.0,309.5,2.733443549834704,False,True,True,False,0,2,0,5,2,1,588,661,"[false, false, false]",390,2,1,Starfield Stage - 2
5800,2025-09-28T18:06:00.287868,8,737.5,307.0,2.7419972469617298,False,True,True,False,0,2,0,5,2,1,588,661,"[false, false, false]",390,2,1,Starfield Stage - 2
5801,2025-09-28T18:06:00.297025,9,735.0,304.5,2.7504919220839885,False,True,True,False,0,2,0,6,2,1,588,661,"[false, false, false]",390,2,1,Starfield Stage - 2
5802,2025-09-28T18:06:00.305883,8,732.5,302.0,2.7589269708123147,False,True,True,False,0,2,0,6,2,1,588,661,"[false, false, false]",390,2,1,Starfield Stage - 2
5803,2025-09-28T18:06:00.314208,9,730.0,299.5,2.7673018311460313,False,True,True,False,0,2,0,6,2,1,588,661,"[false, false, false]",390,2,1,Starfield Stage - 2
5804,2025-09-28T18:06:00.323266,9,727.5,297.0,2.7770982922466207,False,True,True,False,0,2,0,6,2,1,589,660,"[false, false, false]",390,2,1,Starfield Stage - 2
5805,2025-09-28T18:06:00.331311,8,727.5,294.5,2.7854012523681897,False,False,True,False,0,2,0,6,2,1,593,656,"[false, false, false]",390,2,1,Starfield Stage - 2
5806,2025-09-28T18:06:00.340530,8,727.5,292.0,2.7994537470118237,False,False,True,False,0,2,0,6,2,1,600,650,"[false, false, false]",390,2,1,Starfield Stage - 2
5807,2025-09-28T18:06:00.348216,9,727.5,289.5,2.817291084318729,False,False,True,False,0,2,0,6,2,1,609,642,"[false, false, false]",390,2,1,Starfield Stage - 2
5808,2025-09-28T18:06:00.356554,8,727.5,287.0,2.8421774119363032,False,False,True,False,0,2,0,6,2,1,621,632,"[false, false, false]",390,2,1,Starfield Stage - 2
5809,2025-09-28T18:06:00.365536,9,730.0,284.5,2.864467392165731,True,False,True,False,0,2,0,6,2,1,634,622,"[false, false, false]",390,2,1,Starfield Stage - 2
5810,2025-09-28T18:06:00.373482,8,732.5,282.0,2.889453353811521,True,False,True,False,0,2,0,6,2,1,648,610,"[false, false, false]",390,2,1,Starfield Stage - 2
5811,2025-09-28T18:06:00.381799,9,735.0,279.5,2.9179112183676335,True,False,True,False,0,2,0,6,2,1,663,596,"[false, false, false]",390,2,1,Starfield Stage - 2
5812,2025-09-28T18:06:00.391355,9,737.5,277.0,2.989332026911153,True,False,True,False,0,2,0,6,2,1,693,567,"[false, false, false]",390,2,1,Starfield Stage - 2
5813,2025-09-28T18:06:00.399409,8,740.0,277.0,3.0257499982388047,True,False,False,False,0,2,0,7,2,1,708,552,"[false, false, false]",390,2,1,Starfield Stage - 2
5814,2025-09-28T18:06:00.407287,8,742.5,277.0,3.0678629085198392,True,False,False,False,0,2,0,7,2,1,723,541,"[false, false, false]",390,2,1,Starfield Stage - 2
5815,2025-09-28T18:06:00.416253,9,745.0,277.0,3.106034524978335,True,False,False,False,0,2,0,7,2,1,736,530,"[false, false, false]",390,2,1,Starfield Stage - 2
5816,2025-09-28T18:06:00.424414,8,747.5,277.0,3.135445190047587,True,False,False,False,0,2,0,7,2,1,746,521,"[false, false, false]",390,2,1,Starfield Stage - 2
5817,2025-09-28T18:06:00.432847,9,750.0,277.0,-3.124716618742872,True,False,False,False,0,2,0,7,2,1,754,514,"[false, false, false]",390,2,1,Starfield Stage - 2
5818,2025-09-28T18:06:00.442062,9,752.5,277.0,-3.113461548402793,True,False,False,False,0,2,0,7,2,1,759,508,"[false, false, false]",390,2,1,Starfield Stage - 2
5819,2025-09-28T18:06:00.451100,9,755.0,277.0,-3.1152829363368713,True,False,False,False,0,2,0,7,2,1,761,505,"[false, false, false]",390,2,1,Starfield Stage - 2
5820,2025-09-28T18:06:00.459628,9,757.5,277.0,-3.1216837799640613,True,False,False,False,0,2,0,7,2,1,762,503,"[false, false, false]",390,2,1,Starfield Stage - 2
5821,2025-09-28T18:06:00.469046,8,760.0,277.0,-3.1282601102956478,True,False,False,False,0,2,0,7,2,1,763,502,"[false, false, false]",390,2,1,Starfield Stage - 2
5822,2025-09-28T18:06:00.477066,9,762.5,277.0,-3.139370435025539,True,False,False,False,0,2,0,7,2,1,763,502,"[false, false, false]",390,2,1,Starfield Stage - 2
5823,2025-09-28T18:06:00.485778,8,765.0,277.0,3.1327039988004604,True,False,False,False,0,2,0,7,2,1,763,502,"[false, false, false]",390,2,1,Starfield Stage - 2
5824,2025-09-28T18:06:00.493891,9,767.5,277.0,3.1215953196166426,True,False,False,False,0,2,0,7,2,1,763,502,"[false, false, false]",390,2,1,Starfield Stage - 2
5825,2025-09-28T18:06:00.503403,9,770.0,277.0,3.1104915741478116,True,False,False,False,0,3,0,7,2,1,763,502,"[false, false, false]",390,2,1,Starfield Stage - 2
5826,2025-09-28T18:06:00.511827,9,772.5,277.0,3.0993954946423385,True,False,False,False,0,3,0,7,2,1,763,502,"[false, false, false]",390,2,1,Starfield Stage - 2
5827,2025-09-28T18:06:00.520797,9,775.0,277.0,3.0883098020301007,True,False,False,False,0,3,0,7,2,1,763,502,"[false, false, false]",390,2,1,Starfield Stage - 2
5828,2025-09-28T18:06:00.529981,9,777.5,277.0,3.077237201942531,True,False,False,False,0,3,0,7,2,1,763,502,"[false, false, false]",390,2,1,Starfield Stage - 2
5829,2025-09-28T18:06:00.539117,9,780.0,277.0,3.066180380788829,True,False,False,False,0,3,0,7,2,1,763,502,"[false, false, false]",390,2,1,Starfield Stage - 2
5830,2025-09-28T18:06:00.548664,9,782.5,277.0,3.055142001902419,True,False,False,False,0,3,0,7,2,1,763,502,"[false, false, false]",390,2,1,Starfield Stage - 2
5831,2025-09-28T18:06:00.557348,9,785.0,277.0,3.044124701771251,True,False,False,False,0,3,0,7,2,1,763,502,"[false, false, false]",390,2,1,Starfield Stage - 2
5832,2025-09-28T18:06:00.566166,8,787.5,277.0,3.0331310863649845,True,False,False,False,0,3,0,7,2,1,763,502,"[false, false, false]",390,2,1,Starfield Stage - 2
5833,2025-09-28T18:06:00.572871,8,790.0,279.5,3.0208347658305756,True,False,False,True,0,3,0,7,2,1,763,502,"[false, false, false]",390,2,1,Starfield Stage - 2
5834,2025-09-28T18:06:00.582026,9,792.5,282.0,3.0082968523028284,True,False,False,True,0,3,0,7,2,1,763,502,"[false, false, false]",390,2,1,Starfield Stage - 2
5835,2025-09-28T18:06:00.590439,8,795.0,284.5,2.9955142145417515,True,False,False,True,0,3,0,7,2,1,763,502,"[false, false, false]",390,2,1,Starfield Stage - 2
5836,2025-09-28T18:06:00.598242,8,797.5,287.0,2.98248391782664,True,False,False,True,0,3,0,7,2,1,763,502,"[false, false, false]",390,2,1,Starfield Stage - 2
5837,2025-09-28T18:06:00.606041,8,800.0,289.5,2.9692032490585425,True,False,False,True,0,3,0,7,2,1,763,502,"[false, false, false]",390,2,1,Starfield Stage - 2
5838,2025-09-28T18:06:00.614471,8,802.5,292.0,2.9556697431859877,True,False,False,True,0,3,0,7,2,1,763,502,"[false, false, false]",390,2,1,Starfield Stage - 2
5839,2025-09-28T18:06:00.622064,8,805.0,294.5,2.941881210895475,True,False,False,True,0,3,0,7,2,1,763,502,"[false, false, false]",390,2,1,Starfield Stage - 2
5840,2025-09-28T18:06:00.631619,9,807.5,297.0,2.936197264400026,True,False,False,True,0,3,0,7,2,1,765,501,"[false, false, false]",390,2,1,Starfield Stage - 2
5841,2025-09-28T18:06:00.639108,8,810.0,299.5,2.929301511220528,True,False,False,True,0,2,0,7,2,1,767,499,"[false, false, false]",390,2,1,Starfield Stage - 2
5842,2025-09-28T18:06:00.647918,9,812.5,302.0,2.9259275217289638,True,False,False,True,0,2,0,7,2,1,770,496,"[false, false, false]",390,2,1,Starfield Stage - 2
5843,2025-09-28T18:06:00.657181,9,815.0,304.5,2.927421849995583,True,False,False,True,0,2,0,7,2,1,774,493,"[false, false, false]",390,2,1,Starfield Stage - 2
5844,2025-09-28T18:06:00.665422,8,817.5,307.0,2.9226328409410405,True,False,False,True,0,2,0,7,2,1,777,489,"[false, false, false]",390,2,1,Starfield Stage - 2
5845,2025-09-28T18:06:00.672955,8,820.0,309.5,2.917500440608681,True,False,False,True,0,2,0,7,2,1,780,485,"[false, false, false]",390,2,1,Starfield Stage - 2
5846,2025-09-28T18:06:00.682102,9,822.5,312.0,2.9093341524236402,True,False,False,True,0,2,0,7,2,1,783,479,"[false, false, false]",390,2,1,Starfield Stage - 2
5847,2025-09-28T18:06:00.690276,8,825.0,314.5,2.906286307872156,True,False,False,True,0,2,0,7,2,1,787,473,"[false, false, false]",390,2,1,Starfield Stage - 2
5848,2025-09-28T18:06:00.697959,8,827.5,317.0,2.914058691725663,True,False,False,True,0,2,0,7,2,1,793,466,"[false, false, false]",390,2,1,Starfield Stage - 2
5849,2025-09-28T18:06:00.707088,9,830.0,319.5,2.9213952411950057,True,False,False,True,0,2,0,7,2,1,799,458,"[false, false, false]",390,2,1,Starfield Stage - 2
5850,2025-09-28T18:06:00.717425,10,832.5,322.0,2.9358828484380552,True,False,False,True,0,2,0,7,2,1,806,449,"[false, false, false]",390,2,1,Starfield Stage - 2
5851,2025-09-28T18:06:00.726037,9,835.0,324.5,2.9517663352193857,True,False,False,True,0,2,0,7,2,1,813,439,"[false, false, false]",390,2,1,Starfield Stage - 2
5852,2025-09-28T18:06:00.735824,9,837.5,327.0,3.019857168441126,True,False,False,True,0,2,0,7,2,1,826,421,"[false, false, false]",390,2,1,Starfield Stage - 2
5853,2025-09-28T18:06:00.743927,8,840.0,329.5,3.0569469092959145,True,False,False,True,0,2,0,7,2,1,833,412,"[false, false, false]",390,2,1,Starfield Stage - 2
5854,2025-09-28T18:06:00.752762,9,842.5,332.0,3.0782970354011696,True,False,False,True,0,2,0,7,2,1,838,403,"[false, false, false]",390,2,1,Starfield Stage - 2
5855,2025-09-28T18:06:00.760965,9,845.0,334.5,3.125333923784664,True,False,False,True,0,2,0,7,2,1,844,396,"[false, false, false]",390,2,1,Starfield Stage - 2
5856,2025-09-28T18:06:00.769725,8,847.5,337.0,-3.1132983197412893,True,False,False,True,0,2,0,7,2,1,849,390,"[false, false, false]",390,2,1,Starfield Stage - 2
5857,2025-09-28T18:06:00.777902,9,850.0,339.5,-3.078518535692881,True,False,False,True,1,2,0,7,2,1,853,387,"[true, false, false]",390,2,1,Starfield Stage - 2
5858,2025-09-28T18:06:00.787017,9,852.5,342.0,-3.06221433903022,True,False,False,True,1,2,0,7,2,1,856,386,"[true, false, false]",390,2,1,Starfield Stage - 2
5859,2025-09-28T18:06:00.797043,10,855.0,344.5,-3.065788816228654,True,False,False,True,1,2,0,7,2,1,858,384,"[true, false, false]",390,2,1,Starfield Stage - 2
5860,2025-09-28T18:06:00.806135,9,857.5,347.0,-3.099950074491205,True,False,False,True,1,2,0,7,2,1,859,383,"[true, false, false]",390,2,1,Starfield Stage - 2
5861,2025-09-28T18:06:00.815093,9,860.0,349.5,-3.0738996308958244,True,False,False,True,1,2,0,7,2,1,862,379,"[true, false, false]",390,2,1,Starfield Stage - 2
5862,2025-09-28T18:06:00.823674,9,862.5,352.0,3.1215953196166426,True,False,False,True,1,2,0,7,2,1,862,377,"[true, false, false]",390,2,1,Starfield Stage - 2
5863,2025-09-28T18:06:00.833226,9,865.0,354.5,2.988943325194528,True,False,False,True,1,2,0,7,2,1,862,374,"[false, false, false]",390,2,1,Starfield Stage - 2
5864,2025-09-28T18:06:00.841127,8,867.5,357.0,2.711830374493105,True,False,False,True,1,2,0,7,2,1,862,369,"[false, false, false]",390,2,1,Starfield Stage - 2
5865,2025-09-28T18:06:00.850348,9,870.0,359.5,1.8417431771333173,True,False,False,True,1,2,0,7,2,1,861,362,"[false, false, false]",390,2,1,Starfield Stage - 2
5866,2025-09-28T18:06:00.858288,8,872.5,362.0,1.0358412530088001,True,False,False,True,1,2,0,7,2,1,859,354,"[false, false, false]",390,2,1,Starfield Stage - 2
5867,2025-09-28T18:06:00.867288,9,875.0,364.5,0.7237479927581892,True,False,False,True,1,2,0,7,2,1,856,343,"[false, false, false]",390,2,1,Starfield Stage - 2
5868,2025-09-28T18:06:00.875125,8,877.5,367.0,0.6345528017765085,True,False,False,True,1,2,0,7,2,1,851,331,"[false, false, false]",390,2,1,Starfield Stage - 2
5869,2025-09-28T18:06:00.884394,9,880.0,369.5,0.5969110538492552,True,False,False,True,1,2,0,7,2,1,845,318,"[false, false, false]",390,2,1,Starfield Stage - 2
5870,2025-09-28T18:06:00.892819,9,882.5,372.0,0.5652792427059264,True,False,False,True,1,2,0,7,2,1,840,305,"[false, false, false]",390,2,1,Starfield Stage - 2
5871,2025-09-28T18:06:00.901494,8,885.0,374.5,0.5735318336783152,True,False,False,True,1,2,0,7,2,1,833,294,"[false, false, false]",390,2,1,Starfield Stage - 2
5872,2025-09-28T18:06:00.909572,8,887.5,377.0,0.5718749697039314,True,False,False,True,1,2,0,7,2,1,827,283,"[false, false, false]",390,2,1,Starfield Stage - 2
5873,2025-09-28T18:06:00.917396,8,890.0,379.5,0.5748886012700921,True,False,False,True,1,2,0,7,2,1,821,273,"[false, false, false]",390,2,1,Starfield Stage - 2
5874,2025-09-28T18:06:00.925926,8,892.5,382.0,0.5790742693677309,True,False,False,True,1,2,0,7,1,1,816,265,"[false, false, false]",390,2,1,Starfield Stage - 2
5875,2025-09-28T18:06:00.934758,9,895.0,384.5,0.5861761215603756,True,False,False,True,1,2,0,7,1,1,811,258,"[false, false, false]",390,2,1,Starfield Stage - 2
5876,2025-09-28T18:06:00.943304,9,897.5,387.0,0.5786808396644145,True,False,False,True,1,2,0,7,1,1,808,250,"[false, false, false]",390,2,1,Starfield Stage - 2
5877,2025-09-28T18:06:00.952569,9,900.0,389.5,0.5711717522912263,True,False,False,True,1,2,0,7,1,1,802,237,"[false, false, false]",390,2,1,Starfield Stage - 2
5878,2025-09-28T18:06:00.960493,8,902.5,392.0,0.5669301417723597,True,False,False,True,1,2,0,7,1,1,800,231,"[false, false, false]",390,2,1,Starfield Stage - 2
5879,2025-09-28T18:06:00.968183,8,905.0,394.5,0.564214229597226,True,False,False,True,1,2,0,7,1,1,799,227,"[false, false, false]",390,2,1,Starfield Stage - 2
5880,2025-09-28T18:06:00.976172,8,907.5,397.0,0.5627692155946777,True,False,False,True,1,2,0,7,1,1,799,225,"[false, false, false]",390,2,1,Starfield Stage - 2
5881,2025-09-28T18:06:00.984733,9,910.0,399.5,0.5639591415062627,True,False,False,True,1,2,0,7,1,1,799,224,"[false, false, false]",390,2,1,Starfield Stage - 2
5882,2025-09-28T18:06:00.994725,9,912.5,402.0,0.5676374824871923,True,False,False,True,2,2,0,7,1,1,799,224,"[true, false, false]",390,2,1,Starfield Stage - 2
5883,2025-09-28T18:06:01.002721,9,915.0,404.5,0.5711974630325256,True,False,False,True,2,2,0,7,1,1,799,224,"[true, false, false]",390,2,1,Starfield Stage - 2
5884,2025-09-28T18:06:01.012088,9,917.5,407.0,0.5746446194922398,True,False,False,True,2,2,0,7,1,1,799,224,"[true, false, false]",390,2,1,Starfield Stage - 2
5885,2025-09-28T18:06:01.021274,9,920.0,409.5,0.5779841535204753,True,False,False,True,2,2,0,7,1,1,799,224,"[true, false, false]",390,2,1,Starfield Stage - 2
5886,2025-09-28T18:06:01.029421,8,922.5,412.0,0.5812209565890064,True,False,False,True,2,2,0,7,1,1,799,224,"[true, false, false]",390,2,1,Starfield Stage - 2
5887,2025-09-28T18:06:01.037047,8,925.0,414.5,0.5843596324136883,True,False,False,True,2,2,0,7,1,1,799,224,"[true, false, false]",390,2,1,Starfield Stage - 2
5888,2025-09-28T18:06:01.045542,9,927.5,417.0,0.5874045174944789,True,False,False,True,2,2,0,7,1,1,799,224,"[true, false, false]",390,2,1,Starfield Stage - 2
5889,2025-09-28T18:06:01.054297,8,930.0,419.5,0.5903596999483489,True,False,False,True,2,2,0,7,1,1,799,224,"[false, false, false]",390,2,1,Starfield Stage - 2
5890,2025-09-28T18:06:01.062157,8,932.5,422.0,0.5932290367955567,True,False,False,True,2,2,0,7,1,1,799,224,"[false, false, false]",390,2,1,Starfield Stage - 2
5891,2025-09-28T18:06:01.070324,8,935.0,424.5,0.5960161698430693,True,False,False,True,2,2,0,7,1,1,799,224,"[false, false, false]",390,2,1,Starfield Stage - 2
5892,2025-09-28T18:06:01.077763,8,937.5,427.0,0.6033423093473468,True,False,False,True,2,2,0,7,1,1,799,226,"[false, false, false]",390,2,1,Starfield Stage - 2
5893,2025-09-28T18:06:01.087449,9,940.0,429.5,0.6297175206089928,True,False,False,True,2,2,0,7,1,1,799,236,"[false, false, false]",390,2,1,Starfield Stage - 2
5894,2025-09-28T18:06:01.095802,9,942.5,432.0,0.6519575668284544,True,False,False,True,2,2,0,7,1,1,799,244,"[false, false, false]",390,2,1,Starfield Stage - 2
5895,2025-09-28T18:06:01.105689,9,945.0,434.5,0.6774227996893138,True,False,False,True,2,2,0,7,1,1,799,253,"[false, false, false]",390,2,1,Starfield Stage - 2
5896,2025-09-28T18:06:01.113518,8,947.5,437.0,0.7069768862529703,True,False,False,True,2,2,0,7,1,1,798,262,"[false, false, false]",390,2,1,Starfield Stage - 2
5897,2025-09-28T18:06:01.121412,8,950.0,439.5,0.7375213312406761,True,False,False,True,2,2,0,7,1,1,796,270,"[false, false, false]",390,2,1,Starfield Stage - 2
5898,2025-09-28T18:06:01.129450,8,952.5,442.0,0.7653081309726274,True,False,False,True,2,2,0,8,1,1,794,277,"[false, false, false]",390,2,1,Starfield Stage - 2
5899,2025-09-28T18:06:01.137784,8,955.0,444.5,0.7869342604995504,True,False,False,True,2,2,0,8,1,1,792,282,"[false, false, false]",390,2,1,Starfield Stage - 2
5900,2025-09-28T18:06:01.147076,10,957.5,447.0,0.8081559939229888,True,False,False,True,2,2,0,8,1,1,789,286,"[false, false, false]",390,2,1,Starfield Stage - 2
5901,2025-09-28T18:06:01.155846,9,960.0,449.5,0.8254955307955194,True,False,False,True,2,2,0,8,1,1,785,288,"[false, false, false]",390,2,1,Starfield Stage - 2
5902,2025-09-28T18:06:01.165753,9,962.5,452.0,0.8390476475169824,True,False,False,True,2,2,0,8,1,1,781,289,"[false, false, false]",390,2,1,Starfield Stage - 2
5903,2025-09-28T18:06:01.174070,9,965.0,454.5,0.8519663271732721,True,False,False,True,2,2,0,8,1,1,777,290,"[false, false, false]",390,2,1,Starfield Stage - 2
5904,2025-09-28T18:06:01.183636,9,967.5,457.0,0.8802847782868044,True,False,False,True,2,2,0,8,1,1,769,293,"[false, false, false]",390,2,1,Starfield Stage - 2
5905,2025-09-28T18:06:01.191708,9,970.0,459.5,0.8993040441409679,True,False,False,True,2,2,0,8,1,1,763,295,"[false, false, false]",390,2,1,Starfield Stage - 2
5906,2025-09-28T18:06:01.200290,8,972.5,462.0,0.9202790849759351,True,False,False,True,2,2,0,8,1,1,757,298,"[false, false, false]",390,2,1,Starfield Stage - 2
5907,2025-09-28T18:06:01.208776,9,975.0,464.5,0.9453112865556675,True,False,False,True,2,2,0,8,1,1,750,302,"[false, false, false]",390,2,1,Starfield Stage - 2
5908,2025-09-28T18:06:01.217904,9,977.5,467.0,0.9808529202498956,True,False,False,True,2,2,0,8,1,1,740,308,"[false, false, false]",390,2,1,Starfield Stage - 2
5909,2025-09-28T18:06:01.226968,9,980.0,469.5,1.0219246815455652,True,False,False,True,2,2,0,8,1,1,729,316,"[false, false, false]",390,2,1,Starfield Stage - 2
5910,2025-09-28T18:06:01.235539,8,982.5,472.0,1.0711877221824269,True,False,False,True,1,2,0,8,1,1,715,326,"[false, false, false]",390,2,1,Starfield Stage - 2
5911,2025-09-28T18:06:01.244203,9,985.0,474.5,1.1212820522873579,True,False,False,True,1,2,0,8,1,1,700,337,"[false, false, false]",390,2,1,Starfield Stage - 2
5912,2025-09-28T18:06:01.252283,8,985.0,477.0,1.1738979753745264,True,True,False,True,1,2,0,8,1,1,682,350,"[false, false, false]",390,2,1,Starfield Stage - 2
5913,2025-09-28T18:06:01.259842,8,985.0,479.5,1.2226507922312524,True,True,False,True,1,2,0,8,1,1,664,363,"[false, false, false]",390,2,1,Starfield Stage - 2
5914,2025-09-28T18:06:01.269111,9,985.0,482.0,1.273126754338488,True,True,False,True,1,2,0,8,1,1,646,378,"[false, false, false]",390,2,1,Starfield Stage - 2
5915,2025-09-28T18:06:01.278059,9,985.0,484.5,1.320566645308106,True,True,False,True,1,2,0,8,1,1,627,393,"[false, false, false]",390,2,1,Starfield Stage - 2
5916,2025-09-28T18:06:01.286928,9,985.0,487.0,1.3651873992782446,True,True,False,True,1,2,0,8,1,1,611,409,"[false, false, false]",390,2,1,Starfield Stage - 2
5917,2025-09-28T18:06:01.296185,9,985.0,489.5,1.4528918648033802,True,True,False,True,1,2,0,8,1,1,584,442,"[false, false, false]",390,2,1,Starfield Stage - 2
5918,2025-09-28T18:06:01.304476,8,985.0,492.0,1.4858431379605255,True,True,False,True,1,2,0,8,1,1,574,457,"[false, false, false]",390,2,1,Starfield Stage - 2
5919,2025-09-28T18:06:01.313783,9,982.5,492.0,1.5229287285042514,False,True,False,False,1,2,0,8,1,1,565,472,"[false, false, false]",390,2,1,Starfield Stage - 2
5920,2025-09-28T18:06:01.322777,9,980.0,492.0,1.5519306407732258,False,True,False,False,1,2,0,8,1,1,556,484,"[false, false, false]",390,2,1,Starfield Stage - 2
5921,2025-09-28T18:06:01.331481,9,977.5,492.0,1.5824372444813972,False,True,False,False,1,2,0,8,1,1,548,497,"[false, false, false]",390,2,1,Starfield Stage - 2
5922,2025-09-28T18:06:01.340239,8,975.0,492.0,1.6076459978093898,False,True,False,False,1,2,0,8,1,1,541,508,"[false, false, false]",390,2,1,Starfield Stage - 2
5923,2025-09-28T18:06:01.346886,8,972.5,492.0,1.6324324416326246,False,True,False,False,1,2,0,8,1,1,535,519,"[false, false, false]",390,2,1,Starfield Stage - 2
5924,2025-09-28T18:06:01.356308,9,970.0,492.0,1.6548800654730584,False,True,False,False,1,2,0,8,1,1,531,529,"[false, false, false]",390,2,1,Starfield Stage - 2
5925,2025-09-28T18:06:01.365095,9,967.5,492.0,1.6770911177090708,False,True,False,False,1,2,0,8,1,1,527,539,"[false, false, false]",390,2,1,Starfield Stage - 2
5926,2025-09-28T18:06:01.375118,9,965.0,492.0,1.6996243135955968,False,True,False,False,1,2,0,8,1,1,525,549,"[false, false, false]",390,2,1,Starfield Stage - 2
5927,2025-09-28T18:06:01.383491,9,962.5,492.0,1.747466074534879,False,True,False,False,1,2,0,8,1,1,520,571,"[false, false, false]",390,2,1,Starfield Stage - 2
5928,2025-09-28T18:06:01.391879,9,960.0,492.0,1.76949680108462,False,True,False,False,1,2,0,8,1,1,518,581,"[false, false, false]",390,2,1,Starfield Stage - 2
5929,2025-09-28T18:06:01.401307,9,957.5,492.0,1.7918676704494052,False,True,False,False,2,2,0,8,1,1,517,591,"[true, false, false]",390,2,1,Starfield Stage - 2
5930,2025-09-28T18:06:01.409058,8,955.0,492.0,1.8125491946591397,False,True,False,False,2,2,0,8,1,1,517,600,"[true, false, false]",390,2,1,Starfield Stage - 2
5931,2025-09-28T18:06:01.418569,9,952.5,492.0,1.8311128613357024,False,True,False,False,2,2,0,8,1,1,517,608,"[true, false, false]",390,2,1,Starfield Stage - 2
5932,2025-09-28T18:06:01.427084,9,950.0,492.0,1.847570201204351,False,True,False,False,2,2,0,8,1,1,517,615,"[true, false, false]",390,2,1,Starfield Stage - 2
5933,2025-09-28T18:06:01.436189,9,947.5,492.0,1.8619334281890259,False,True,False,False,2,2,0,8,1,1,517,621,"[true, false, false]",390,2,1,Starfield Stage - 2
5934,2025-09-28T18:06:01.444691,8,945.0,492.0,1.8742132515176406,False,True,False,False,2,2,0,8,1,1,517,626,"[true, false, false]",390,2,1,Starfield Stage - 2
5935,2025-09-28T18:06:01.453048,9,942.5,492.0,1.8829760993424858,False,True,False,False,2,2,0,8,1,1,518,629,"[true, false, false]",390,2,1,Starfield Stage - 2
5936,2025-09-28T18:06:01.462435,9,940.0,492.0,1.8896938218857393,False,True,False,False,1,2,0,8,1,1,519,631,"[true, false, false]",390,2,1,Starfield Stage - 2
5937,2025-09-28T18:06:01.470653,8,937.5,489.5,1.898984560496626,False,True,True,False,1,2,0,8,1,1,519,632,"[true, false, false]",390,2,1,Starfield Stage - 2
5938,2025-09-28T18:06:01.479525,9,935.0,487.0,1.9090802415532242,False,True,True,False,1,2,0,8,1,1,520,633,"[false, false, false]",390,2,1,Starfield Stage - 2
5939,2025-09-28T18:06:01.487311,8,932.5,484.5,1.9163519073766087,False,True,True,False,1,2,0,8,1,1,520,633,"[false, false, false]",390,2,1,Starfield Stage - 2
5940,2025-09-28T18:06:01.495743,9,930.0,482.0,1.923673681955848,False,True,True,False,1,2,0,8,1,1,520,633,"[false, false, false]",390,2,1,Starfield Stage - 2
5941,2025-09-28T18:06:01.504870,8,927.5,479.5,1.931045291916568,False,True,True,False,1,2,0,8,1,1,520,633,"[false, false, false]",390,2,1,Starfield Stage - 2
5942,2025-09-28T18:06:01.513393,9,925.0,477.0,1.9384664384880055,False,True,True,False,1,2,0,8,1,1,520,633,"[false, false, false]",390,2,1,Starfield Stage - 2
5943,2025-09-28T18:06:01.521837,8,922.5,474.5,1.945936797047799,False,True,True,False,1,2,0,8,1,1,520,633,"[false, false, false]",390,2,1,Starfield Stage - 2
5944,2025-09-28T18:06:01.530593,9,920.0,472.0,1.9543238427518885,False,True,True,False,1,2,0,8,1,1,521,633,"[false, false, false]",390,2,1,Starfield Stage - 2
5945,2025-09-28T18:06:01.539396,9,917.5,469.5,1.9619106627762706,False,True,True,False,1,2,0,8,1,1,521,633,"[false, false, false]",390,2,1,Starfield Stage - 2
5946,2025-09-28T18:06:01.548069,9,915.0,467.0,1.9704557816359274,False,True,True,False,1,3,0,8,1,1,522,633,"[false, false, false]",390,2,1,Starfield Stage - 2
5947,2025-09-28T18:06:01.556824,9,912.5,464.5,1.9781580061742483,False,True,True,False,1,3,0,8,1,1,522,633,"[false, false, false]",390,2,1,Starfield Stage - 2
5948,2025-09-28T18:06:01.566099,9,910.0,462.0,1.9859076396101918,False,True,True,False,1,3,0,8,1,1,522,633,"[false, false, false]",390,2,1,Starfield Stage - 2
5949,2025-09-28T18:06:01.575539,9,907.5,459.5,1.9937041816340353,False,True,True,False,1,3,0,8,1,1,522,633,"[false, false, false]",390,2,1,Starfield Stage - 2
5950,2025-09-28T18:06:01.583095,8,905.0,457.0,2.001547103053447,False,True,True,False,1,3,0,8,1,1,522,633,"[false, false, false]",390,2,1,Starfield Stage - 2
5951,2025-09-28T18:06:01.592804,9,902.5,454.5,2.013735266223922,False,True,True,False,2,3,0,8,1,1,522,635,"[true, false, false]",390,2,1,Starfield Stage - 2
5952,2025-09-28T18:06:01.601183,9,900.0,452.0,2.0269893348013728,False,True,True,False,2,3,0,8,1,1,523,637,"[true, false, false]",390,2,1,Starfield Stage - 2
5953,2025-09-28T18:06:01.609369,8,897.5,449.5,2.0466838779978187,False,True,True,False,2,3,0,8,1,1,524,642,"[true, false, false]",390,2,1,Starfield Stage - 2
5954,2025-09-28T18:06:01.617428,8,895.0,447.0,2.068618659411898,False,True,True,False,2,3,0,8,1,1,527,647,"[true, false, false]",390,2,1,Starfield Stage - 2
5955,2025-09-28T18:06:01.625436,8,892.5,444.5,2.093954902789257,False,True,True,False,2,3,0,8,1,1,531,653,"[true, false, false]",390,2,1,Starfield Stage - 2
5956,2025-09-28T18:06:01.633578,8,890.0,442.0,2.11615812619833,False,True,True,False,2,3,0,8,1,1,534,658,"[true, false, false]",390,2,1,Starfield Stage - 2
5957,2025-09-28T18:06:01.641813,9,887.5,439.5,2.138448053281803,False,True,True,False,2,3,0,8,1,1,537,663,"[true, false, false]",390,2,1,Starfield Stage - 2
5958,2025-09-28T18:06:01.651012,9,885.0,437.0,2.154129184433171,False,True,True,False,2,3,0,8,1,1,538,666,"[false, false, false]",390,2,1,Starfield Stage - 2
5959,2025-09-28T18:06:01.660101,9,882.5,434.5,2.1691699201602144,False,True,True,False,2,3,0,8,1,1,540,668,"[false, false, false]",390,2,1,Starfield Stage - 2
5960,2025-09-28T18:06:01.668824,9,880.0,432.0,2.1775634836783957,False,True,True,False,2,3,0,8,1,1,540,668,"[false, false, false]",390,2,1,Starfield Stage - 2
5961,2025-09-28T18:06:01.677987,9,877.5,429.5,2.1893571006199637,False,True,True,False,2,3,0,8,1,1,541,669,"[false, false, false]",390,2,1,Starfield Stage - 2
5962,2025-09-28T18:06:01.687271,9,875.0,427.0,2.1978100839039785,False,True,True,False,2,3,0,8,1,1,541,669,"[false, false, false]",390,2,1,Starfield Stage - 2
5963,2025-09-28T18:06:01.695597,8,872.5,424.5,2.2062859536812343,False,True,True,False,2,3,0,8,1,1,541,669,"[false, false, false]",390,2,1,Starfield Stage - 2
5964,2025-09-28T18:06:01.704722,9,870.0,422.0,2.2147835804210545,False,True,True,False,2,3,0,8,1,1,541,669,"[false, false, false]",390,2,1,Starfield Stage - 2
5965,2025-09-28T18:06:01.712787,8,867.5,419.5,2.2233018162213907,False,True,True,False,2,3,0,8,1,1,541,669,"[false, false, false]",390,2,1,Starfield Stage - 2
5966,2025-09-28T18:06:01.720902,8,865.0,417.0,2.2318394956455836,False,True,True,False,2,3,0,8,1,1,541,669,"[false, false, false]",390,2,1,Starfield Stage - 2
5967,2025-09-28T18:06:01.728935,8,862.5,414.5,2.240395436595365,False,True,True,False,2,3,0,8,1,1,541,669,"[false, false, false]",390,2,1,Starfield Stage - 2
5968,2025-09-28T18:06:01.737618,9,860.0,412.0,2.248968441218657,False,True,True,False,2,3,0,8,1,1,541,669,"[false, false, false]",390,2,1,Starfield Stage - 2
5969,2025-09-28T18:06:01.745656,8,857.5,409.5,2.2575572968506044,False,True,True,False,2,3,0,8,1,1,541,669,"[false, false, false]",390,2,1,Starfield Stage - 2
5970,2025-09-28T18:06:01.753430,8,855.0,407.0,2.2661607769861534,False,True,True,False,2,3,0,9,1,1,541,669,"[false, false, false]",390,2,1,Starfield Stage - 2
5971,2025-09-28T18:06:01.761347,8,852.5,404.5,2.2747776422823485,False,True,True,False,2,3,0,9,1,1,541,669,"[false, false, false]",390,2,1,Starfield Stage - 2
5972,2025-09-28T18:06:01.768983,8,850.0,402.0,2.28340664158842,False,True,True,False,2,3,0,9,1,1,541,669,"[false, false, false]",390,2,1,Starfield Stage - 2
5973,2025-09-28T18:06:01.777916,9,847.5,399.5,2.2920465130016154,False,True,True,False,2,3,0,9,1,1,541,669,"[false, false, false]",390,2,1,Starfield Stage - 2
5974,2025-09-28T18:06:01.786957,9,845.0,397.0,2.300695984946628,False,True,True,False,3,3,0,9,1,1,541,669,"[true, false, false]",390,2,1,Starfield Stage - 2
5975,2025-09-28T18:06:01.796274,9,842.5,394.5,2.3093537772763755,False,True,True,False,3,3,0,9,1,1,541,669,"[true, false, false]",390,2,1,Starfield Stage - 2
5976,2025-09-28T18:06:01.805029,8,840.0,392.0,2.3180186023917972,False,True,True,False,3,3,0,9,1,1,541,669,"[true, false, false]",390,2,1,Starfield Stage - 2
5977,2025-09-28T18:06:01.813130,9,837.5,389.5,2.326689166378266,False,True,True,False,3,3,0,9,1,1,541,669,"[true, false, false]",390,2,1,Starfield Stage - 2
5978,2025-09-28T18:06:01.822427,9,835.0,387.0,2.3353641701561276,False,True,True,False,3,3,0,9,1,1,541,669,"[true, false, false]",390,2,1,Starfield Stage - 2
5979,2025-09-28T18:06:01.830198,8,832.5,384.5,2.344042310642838,False,True,True,False,3,3,0,9,1,1,541,669,"[true, false, false]",390,2,1,Starfield Stage - 2
5980,2025-09-28T18:06:01.838286,8,830.0,382.0,2.3509952302830768,False,True,True,False,3,3,0,9,1,1,540,669,"[true, false, false]",390,2,1,Starfield Stage - 2
5981,2025-09-28T18:06:01.846795,9,827.5,379.5,2.35792459227236,False,True,True,False,3,3,0,9,1,1,539,669,"[false, false, false]",390,2,1,Starfield Stage - 2
5982,2025-09-28T18:06:01.856955,10,825.0,377.0,2.357921604191813,False,True,True,False,3,3,0,10,1,1,536,667,"[false, false, false]",390,2,1,Starfield Stage - 2
5983,2025-09-28T18:06:01.866174,9,822.5,374.5,2.3631028431560925,False,True,True,False,3,3,0,10,1,1,535,666,"[false, false, false]",390,2,1,Starfield Stage - 2
5984,2025-09-28T18:06:01.915537,8,820.0,372.0,2.3648298541247543,False,True,True,False,2,2,0,10,1,1,533,664,"[false, false, false]",410,2,2,Starfield Stage - 3
5985,2025-09-28T18:06:01.917180,43,817.5,369.5,2.35446438811233,False,True,True,False,2,2,0,10,1,1,528,658,"[false, false, false]",410,2,2,Starfield Stage - 3
5986,2025-09-28T18:06:01.924891,8,815.0,367.0,2.3613757909765836,False,True,True,False,2,2,0,10,1,1,527,658,"[false, false, false]",410,2,2,Starfield Stage - 3
5987,2025-09-28T18:06:01.934849,9,812.5,364.5,2.3665568135826223,False,True,True,False,2,2,0,10,1,1,526,657,"[false, false, false]",410,2,2,Starfield Stage - 3
5988,2025-09-28T18:06:01.943195,9,810.0,362.0,2.375190477861594,False,True,True,False,2,2,0,10,1,1,526,657,"[false, false, false]",410,2,2,Starfield Stage - 3
5989,2025-09-28T18:06:01.950774,8,807.5,359.5,2.3838213108711295,False,True,True,False,2,2,0,10,1,1,526,657,"[false, false, false]",410,2,2,Starfield Stage - 3
5990,2025-09-28T18:06:01.960005,9,805.0,357.0,2.392448028983776,False,True,True,False,2,2,0,10,1,1,526,657,"[false, false, false]",410,2,2,Starfield Stage - 3
5991,2025-09-28T18:06:01.969202,9,802.5,354.5,2.401069352244898,False,True,True,False,3,2,0,10,1,1,526,657,"[true, false, false]",410,2,2,Starfield Stage - 3
5992,2025-09-28T18:06:01.977199,8,800.0,352.0,2.409684005507161,False,True,True,False,3,2,0,10,1,1,526,657,"[true, false, false]",410,2,2,Starfield Stage - 3
5993,2025-09-28T18:06:01.984852,8,797.5,349.5,2.41829071955433,False,True,True,False,3,2,0,10,1,1,526,657,"[true, false, false]",410,2,2,Starfield Stage - 3
5994,2025-09-28T18:06:01.993642,9,795.0,347.0,2.426888232211925,False,True,True,False,3,2,0,10,1,1,526,657,"[true, false, false]",410,2,2,Starfield Stage - 3
5995,2025-09-28T18:06:02.002401,8,792.5,344.5,2.4354752894423237,False,True,True,False,3,2,0,10,1,1,526,657,"[true, false, false]",410,2,2,Starfield Stage - 3
5996,2025-09-28T18:06:02.010389,8,790.0,342.0,2.4440506464219793,False,True,True,False,3,2,0,10,1,1,526,657,"[true, false, false]",410,2,2,Starfield Stage - 3
5997,2025-09-28T18:06:02.019173,9,787.5,339.5,2.4526130685984797,False,True,True,False,3,2,0,10,1,1,526,657,"[true, false, false]",410,2,2,Starfield Stage - 3
5998,2025-09-28T18:06:02.027099,8,785.0,337.0,2.4611613327252675,False,True,True,False,3,2,0,10,1,1,526,657,"[true, false, false]",410,2,2,Starfield Stage - 3
5999,2025-09-28T18:06:02.036415,9,782.5,334.5,2.4696942278719214,False,True,True,False,3,2,0,10,1,1,526,657,"[false, false, false]",410,2,2,Starfield Stage - 3
6000,2025-09-28T18:06:02.044748,9,780.0,332.0,2.478210556408003,False,True,True,False,3,2,0,10,1,1,526,657,"[false, false, false]",410,2,2,Starfield Stage - 3
6001,2025-09-28T18:06:02.053281,8,777.5,329.5,2.4867091349585757,False,True,True,False,3,2,0,10,1,1,526,657,"[false, false, false]",410,2,2,Starfield Stage - 3
6002,2025-09-28T18:06:02.061056,8,775.0,327.0,2.495188795329609,False,True,True,False,3,2,0,10,1,1,526,657,"[false, false, false]",410,2,2,Starfield Stage - 3
6003,2025-09-28T18:06:02.069756,9,772.5,324.5,2.5017103468523114,False,True,True,False,3,2,0,10,1,1,525,657,"[false, false, false]",410,2,2,Starfield Stage - 3
6004,2025-09-28T18:06:02.078251,8,770.0,322.0,2.5081970718145064,False,True,True,False,3,2,0,10,1,1,524,657,"[false, false, false]",410,2,2,Starfield Stage - 3
6005,2025-09-28T18:06:02.086938,8,767.5,319.5,2.5165945999469894,False,True,True,False,3,2,0,10,1,1,524,657,"[false, false, false]",410,2,2,Starfield Stage - 3
6006,2025-09-28T18:06:02.095185,9,765.0,317.0,2.518271409605737,False,True,True,False,3,2,0,10,1,1,522,655,"[false, false, false]",410,2,2,Starfield Stage - 3
6007,2025-09-28T18:06:02.103175,8,762.5,314.5,2.526641500626555,False,True,True,False,3,2,0,10,1,1,522,655,"[false, false, false]",410,2,2,Starfield Stage - 3
6008,2025-09-28T18:06:02.111514,8,760.0,312.0,2.5302764866328764,False,True,True,False,3,2,0,10,1,1,521,653,"[false, false, false]",410,2,2,Starfield Stage - 3
6009,2025-09-28T18:06:02.119272,8,757.5,309.5,2.535289264788987,False,True,True,False,3,2,0,10,1,1,520,652,"[false, false, false]",410,2,2,Starfield Stage - 3
6010,2025-09-28T18:06:02.127132,8,755.0,307.0,2.5436236026360186,False,True,True,False,3,2,0,10,1,1,520,652,"[false, false, false]",410,2,2,Starfield Stage - 3
6011,2025-09-28T18:06:02.135930,9,752.5,304.5,2.5419588032325757,False,True,True,False,3,2,0,10,1,1,517,649,"[false, false, false]",410,2,2,Starfield Stage - 3
6012,2025-09-28T18:06:02.145175,9,750.0,302.0,2.544256987707074,False,True,True,False,3,2,0,9,1,1,516,646,"[false, false, false]",410,2,2,Starfield Stage - 3
6013,2025-09-28T18:06:02.153004,8,747.5,299.5,2.544575269207643,False,True,True,False,3,2,0,9,1,1,514,643,"[false, false, false]",410,2,2,Starfield Stage - 3
6014,2025-09-28T18:06:02.162087,9,745.0,299.5,2.540748579545069,False,True,False,False,3,2,0,9,1,1,513,638,"[false, false, false]",410,2,2,Starfield Stage - 3
6015,2025-09-28T18:06:02.171404,9,742.5,299.5,2.534801690583364,False,True,False,False,3,2,0,9,1,1,511,633,"[false, false, false]",410,2,2,Starfield Stage - 3
6016,2025-09-28T18:06:02.179720,8,740.0,299.5,2.5272894354491005,False,True,False,False,3,2,0,9,1,1,509,627,"[false, false, false]",410,2,2,Starfield Stage - 3
6017,2025-09-28T18:06:02.188062,9,737.5,299.5,2.5186835994095484,False,True,False,False,3,2,0,9,1,1,508,619,"[false, false, false]",410,2,2,Starfield Stage - 3
6018,2025-09-28T18:06:02.196925,9,735.0,299.5,2.5045849600247343,False,True,False,False,3,2,0,9,1,1,506,609,"[false, false, false]",410,2,2,Starfield Stage - 3
6019,2025-09-28T18:06:02.207391,10,732.5,299.5,2.489246961708232,False,True,False,False,3,2,0,9,1,1,506,596,"[false, false, false]",410,2,2,Starfield Stage - 3
6020,2025-09-28T18:06:02.216218,9,730.0,299.5,2.430774432569319,False,True,False,False,3,2,0,9,1,1,504,562,"[false, false, false]",410,2,2,Starfield Stage - 3
6021,2025-09-28T18:06:02.225343,8,727.5,299.5,2.3945551935448655,False,True,False,False,3,2,0,9,1,1,502,543,"[false, false, false]",410,2,2,Starfield Stage - 3
6022,2025-09-28T18:06:02.232442,8,725.0,299.5,2.343932005640276,False,True,False,False,3,2,0,9,1,1,498,521,"[false, false, false]",410,2,2,Starfield Stage - 3
6023,2025-09-28T18:06:02.240077,8,722.5,299.5,2.286378077979998,False,True,False,False,3,2,0,9,1,1,493,499,"[false, false, false]",410,2,2,Starfield Stage - 3
6024,2025-09-28T18:06:02.248977,9,720.0,299.5,2.221158391396386,False,True,False,False,3,2,0,9,1,1,488,476,"[false, false, false]",410,2,2,Starfield Stage - 3
6025,2025-09-28T18:06:02.258038,9,717.5,299.5,2.1435216567036215,False,True,False,False,3,2,0,9,1,1,481,452,"[false, false, false]",410,2,2,Starfield Stage - 3
6026,2025-09-28T18:06:02.267312,9,715.0,299.5,2.063871252064483,False,True,False,False,3,2,0,9,1,1,474,429,"[false, false, false]",410,2,2,Starfield Stage - 3
6027,2025-09-28T18:06:02.275591,8,712.5,299.5,1.980104178582934,False,True,False,False,3,2,0,9,1,1,467,406,"[false, false, false]",410,2,2,Starfield Stage - 3
6028,2025-09-28T18:06:02.283440,8,710.0,299.5,1.8943315312897087,False,True,False,False,3,2,0,9,1,1,458,384,"[false, false, false]",410,2,2,Starfield Stage - 3
6029,2025-09-28T18:06:02.291453,8,707.5,299.5,1.81623181949254,False,True,False,False,3,2,0,9,1,1,450,364,"[false, false, false]",410,2,2,Starfield Stage - 3
6030,2025-09-28T18:06:02.299402,8,705.0,299.5,1.7341016883249238,False,True,False,False,3,2,0,9,1,1,441,343,"[false, false, false]",410,2,2,Starfield Stage - 3
6031,2025-09-28T18:06:02.307932,9,702.5,299.5,1.6607919829408875,False,True,False,False,3,2,0,9,1,1,431,324,"[false, false, false]",410,2,2,Starfield Stage - 3
6032,2025-09-28T18:06:02.317538,9,700.0,299.5,1.5904366581770948,False,True,False,False,3,2,0,9,1,1,420,305,"[false, false, false]",410,2,2,Starfield Stage - 3
6033,2025-09-28T18:06:02.325566,8,697.5,299.5,1.5273454314033659,False,True,False,False,3,2,0,9,1,1,410,287,"[false, false, false]",410,2,2,Starfield Stage - 3
6034,2025-09-28T18:06:02.334644,9,695.0,302.0,1.4728060883033574,False,True,False,True,3,2,0,9,1,1,400,273,"[false, false, false]",410,2,2,Starfield Stage - 3
6035,2025-09-28T18:06:02.342237,8,692.5,304.5,1.4302972209538916,False,True,False,True,3,2,0,9,1,1,392,262,"[false, false, false]",410,2,2,Starfield Stage - 3
6036,2025-09-28T18:06:02.349903,8,690.0,307.0,1.3981890769823155,False,True,False,True,3,2,0,9,1,1,386,254,"[false, false, false]",410,2,2,Starfield Stage - 3
6037,2025-09-28T18:06:02.359500,9,687.5,309.5,1.3709085602667992,False,True,False,True,4,2,0,9,1,1,379,247,"[true, false, false]",410,2,2,Starfield Stage - 3
6038,2025-09-28T18:06:02.367958,8,685.0,312.0,1.3566008541767627,False,True,False,True,4,2,0,9,1,1,377,245,"[true, false, false]",410,2,2,Starfield Stage - 3
6039,2025-09-28T18:06:02.376822,8,682.5,314.5,1.3478133438357363,False,True,False,True,4,2,0,9,1,1,376,245,"[true, false, false]",410,2,2,Starfield Stage - 3
6040,2025-09-28T18:06:02.384115,9,680.0,317.0,1.3358714625764632,False,True,False,True,4,2,0,9,1,1,375,244,"[true, false, false]",410,2,2,Starfield Stage - 3
6041,2025-09-28T18:06:02.392576,9,677.5,319.5,1.326206617362926,False,True,False,True,4,2,0,9,1,1,375,244,"[true, false, false]",410,2,2,Starfield Stage - 3
6042,2025-09-28T18:06:02.401955,9,675.0,322.0,1.3195530627707777,False,True,False,True,4,2,0,9,1,1,375,245,"[true, false, false]",410,2,2,Starfield Stage - 3
6043,2025-09-28T18:06:02.411498,9,672.5,324.5,1.31910635503671,False,True,False,True,4,2,0,9,1,1,375,248,"[true, false, false]",410,2,2,Starfield Stage - 3
6044,2025-09-28T18:06:02.419766,8,670.0,327.0,1.317830613064328,False,True,False,True,3,2,0,9,1,1,376,251,"[true, false, false]",410,2,2,Starfield Stage - 3
6045,2025-09-28T18:06:02.428030,9,667.5,329.5,1.3165250018691625,False,True,False,True,3,2,0,9,1,1,377,254,"[true, false, false]",410,2,2,Starfield Stage - 3
6046,2025-09-28T18:06:02.438098,9,665.0,332.0,1.3151884646354348,False,True,False,True,3,2,0,9,1,1,378,257,"[true, false, false]",410,2,2,Starfield Stage - 3
6047,2025-09-28T18:06:02.446585,9,662.5,334.5,1.3113975672488893,False,True,False,True,3,2,0,9,1,1,378,259,"[true, false, false]",410,2,2,Starfield Stage - 3
6048,2025-09-28T18:06:02.454928,8,660.0,337.0,1.3066533435134982,False,True,False,True,2,2,0,9,1,1,379,261,"[false, false, false]",410,2,2,Starfield Stage - 3
6049,2025-09-28T18:06:02.463135,9,657.5,339.5,1.3060640333128377,False,True,False,True,2,2,0,9,1,1,379,264,"[false, false, false]",410,2,2,Starfield Stage - 3
6050,2025-09-28T18:06:02.470989,8,655.0,342.0,1.3045442776439713,False,True,False,True,2,2,0,9,1,1,380,267,"[false, false, false]",410,2,2,Starfield Stage - 3
6051,2025-09-28T18:06:02.480820,9,652.5,344.5,1.314934331959443,False,True,False,True,2,2,0,10,1,1,383,274,"[false, false, false]",410,2,2,Starfield Stage - 3
6052,2025-09-28T18:06:02.489290,9,650.0,347.0,1.3169917675128324,False,True,False,True,2,2,0,10,1,1,384,278,"[false, false, false]",410,2,2,Starfield Stage - 3
6053,2025-09-28T18:06:02.498402,9,647.5,349.5,1.3235865205607895,False,True,False,True,2,2,0,10,1,1,384,283,"[false, false, false]",410,2,2,Starfield Stage - 3
6054,2025-09-28T18:06:02.506971,9,645.0,352.0,1.3222010429084872,False,True,False,True,2,2,0,10,1,1,385,286,"[false, false, false]",410,2,2,Starfield Stage - 3
6055,2025-09-28T18:06:02.517450,10,642.5,354.5,1.3253608340972534,False,True,False,True,2,2,0,10,1,1,385,290,"[false, false, false]",410,2,2,Starfield Stage - 3
6056,2025-09-28T18:06:02.525120,8,640.0,357.0,1.3248951547046324,False,True,False,True,2,2,0,10,1,1,385,293,"[false, false, false]",410,2,2,Starfield Stage - 3
6057,2025-09-28T18:06:02.535194,9,637.5,359.5,1.3318838515069766,False,True,False,True,2,2,0,10,1,1,385,298,"[false, false, false]",410,2,2,Starfield Stage - 3
6058,2025-09-28T18:06:02.542440,8,635.0,362.0,1.3201786256958834,False,True,False,True,2,2,0,10,1,1,385,298,"[false, false, false]",410,2,2,Starfield Stage - 3
6059,2025-09-28T18:06:02.550273,8,632.5,364.5,1.3120809626228016,False,True,False,True,2,2,0,10,1,1,385,299,"[false, false, false]",410,2,2,Starfield Stage - 3
6060,2025-09-28T18:06:02.559048,8,630.0,367.0,1.3076552250916031,False,True,False,True,2,2,0,10,1,1,385,301,"[false, false, false]",410,2,2,Starfield Stage - 3
6061,2025-09-28T18:06:02.568067,9,627.5,369.5,1.3165451134212351,False,True,False,True,2,2,0,10,1,1,387,307,"[true, false, false]",410,2,2,Starfield Stage - 3
6062,2025-09-28T18:06:02.577497,10,625.0,372.0,1.3218336210021795,False,True,False,True,2,2,0,10,1,1,389,312,"[true, false, false]",410,2,2,Starfield Stage - 3
6063,2025-09-28T18:06:02.586213,9,622.5,374.5,1.3283493038290413,False,True,False,True,2,3,0,11,1,1,390,317,"[true, false, false]",410,2,2,Starfield Stage - 3
6064,2025-09-28T18:06:02.594643,8,620.0,377.0,1.3340904842406005,False,True,False,True,2,3,0,11,1,1,392,322,"[true, false, false]",410,2,2,Starfield Stage - 3
6065,2025-09-28T18:06:02.602936,9,617.5,379.5,1.336852423327326,False,True,False,True,2,3,0,11,1,1,393,326,"[true, false, false]",410,2,2,Starfield Stage - 3
6066,2025-09-28T18:06:02.611614,8,615.0,382.0,1.3354224910321433,False,True,False,True,2,3,0,11,1,1,394,329,"[true, false, false]",410,2,2,Starfield Stage - 3
6067,2025-09-28T18:06:02.619942,9,612.5,384.5,1.3349917182131426,False,True,False,True,2,3,0,11,1,1,394,332,"[true, false, false]",410,2,2,Starfield Stage - 3
6068,2025-09-28T18:06:02.629439,9,610.0,387.0,1.33349295154379,False,True,False,True,2,3,0,11,1,1,395,335,"[true, false, false]",410,2,2,Starfield Stage - 3
6069,2025-09-28T18:06:02.637547,8,607.5,389.5,1.3274871111988864,False,True,False,True,2,3,0,11,1,1,396,337,"[true, false, false]",410,2,2,Starfield Stage - 3
6070,2025-09-28T18:06:02.645723,8,605.0,392.0,1.322443098299866,False,True,False,True,2,3,0,11,1,1,396,339,"[false, false, false]",410,2,2,Starfield Stage - 3
6071,2025-09-28T18:06:02.654036,9,602.5,394.5,1.3115573639860776,False,True,False,True,2,3,0,11,1,1,397,340,"[false, false, false]",410,2,2,Starfield Stage - 3
6072,2025-09-28T18:06:02.663180,9,600.0,397.0,1.3016288340091962,False,True,False,True,2,3,0,11,1,1,397,341,"[false, false, false]",410,2,2,Starfield Stage - 3
6073,2025-09-28T18:06:02.671583,8,597.5,399.5,1.2869064596628932,False,True,False,True,2,3,0,10,1,1,397,341,"[false, false, false]",410,2,2,Starfield Stage - 3
6074,2025-09-28T18:06:02.680207,9,597.5,399.5,1.2869064596628932,False,True,False,True,2,3,0,10,1,1,397,341,"[false, false, false]",410,2,2,Starfield Stage - 3
6075,2025-09-28T18:06:02.688332,8,597.5,399.5,1.2869064596628932,False,True,False,True,2,3,0,10,1,1,397,341,"[false, false, false]",410,2,2,Starfield Stage - 3
6076,2025-09-28T18:06:02.696095,8,597.5,399.5,1.2869064596628932,False,True,False,True,2,3,0,10,1,1,397,341,"[false, false, false]",410,2,2,Starfield Stage - 3
6077,2025-09-28T18:06:02.704737,9,597.5,399.5,1.2869064596628932,False,True,False,True,2,3,0,10,1,1,397,341,"[false, false, false]",410,2,2,Starfield Stage - 3
6078,2025-09-28T18:06:02.713517,9,597.5,399.5,1.2869064596628932,False,True,False,True,2,3,0,10,1,1,397,341,"[false, false, false]",410,2,2,Starfield Stage - 3
6079,2025-09-28T18:06:02.722974,8,597.5,399.5,1.2869064596628932,False,True,False,True,2,3,0,10,1,1,397,341,"[false, false, false]",410,2,2,Starfield Stage - 3
6080,2025-09-28T18:06:02.731084,9,597.5,399.5,1.2869064596628932,False,True,False,True,2,3,0,10,1,1,397,341,"[false, false, false]",410,2,2,Starfield Stage - 3
6081,2025-09-28T18:06:02.740908,9,597.5,399.5,1.2869064596628932,False,True,False,True,2,3,0,10,1,1,397,341,"[false, false, false]",410,2,2,Starfield Stage - 3
6082,2025-09-28T18:06:02.748695,9,597.5,399.5,1.2869064596628932,False,True,False,True,2,3,0,10,1,1,397,341,"[true, false, false]",410,2,2,Starfield Stage - 3
6083,2025-09-28T18:06:02.757241,8,597.5,399.5,1.2869064596628932,False,True,False,True,2,3,0,10,1,1,397,341,"[true, false, false]",410,2,2,Starfield Stage - 3
6084,2025-09-28T18:06:02.765325,8,597.5,399.5,1.2869064596628932,False,True,False,True,2,3,0,10,1,1,397,341,"[true, false, false]",410,2,2,Starfield Stage - 3
6085,2025-09-28T18:06:02.774025,9,597.5,399.5,1.2869064596628932,False,True,False,True,2,3,0,10,1,1,397,341,"[true, false, false]",410,2,2,Starfield Stage - 3
6086,2025-09-28T18:06:02.783032,9,597.5,399.5,1.2869064596628932,False,True,False,True,2,3,0,10,1,1,397,341,"[true, false, false]",410,2,2,Starfield Stage - 3
6087,2025-09-28T18:06:02.791940,9,597.5,399.5,1.2869064596628932,False,True,False,True,2,3,0,10,1,1,397,341,"[true, false, false]",410,2,2,Starfield Stage - 3
6088,2025-09-28T18:06:02.801863,9,597.5,399.5,1.2869064596628932,False,True,False,True,2,3,0,10,1,1,397,341,"[true, false, false]",410,2,2,Starfield Stage - 3
6089,2025-09-28T18:06:02.809692,9,597.5,399.5,1.2869064596628932,False,True,False,False,2,3,0,10,1,1,397,341,"[true, false, false]",410,2,2,Starfield Stage - 3
6090,2025-09-28T18:06:02.818760,8,597.5,399.5,1.2869064596628932,False,True,False,False,2,3,0,10,1,1,397,341,"[false, false, false]",410,2,2,Starfield Stage - 3
6091,2025-09-28T18:06:02.827265,9,597.5,399.5,1.2869064596628932,False,True,False,False,2,3,0,10,1,1,397,341,"[false, false, false]",410,2,2,Starfield Stage - 3
6092,2025-09-28T18:06:02.835818,9,597.5,399.5,1.2869064596628932,False,True,False,False,2,3,0,10,1,1,397,341,"[false, false, false]",410,2,2,Starfield Stage - 3
6093,2025-09-28T18:06:02.844630,8,597.5,399.5,1.2869064596628932,False,True,False,False,2,3,0,10,1,1,397,341,"[false, false, false]",410,2,2,Starfield Stage - 3
6094,2025-09-28T18:06:02.852454,9,597.5,399.5,1.2869064596628932,False,True,False,False,2,3,0,10,1,1,397,341,"[false, false, false]",410,2,2,Starfield Stage - 3
6095,2025-09-28T18:06:02.861385,8,597.5,399.5,1.2869064596628932,False,True,False,False,2,3,0,10,1,1,397,341,"[false, false, false]",410,2,2,Starfield Stage - 3
6096,2025-09-28T18:06:02.869722,9,597.5,399.5,1.2869064596628932,False,True,False,False,2,3,0,10,1,1,398,341,"[false, false, false]",410,2,2,Starfield Stage - 3
6097,2025-09-28T18:06:02.880288,9,597.5,399.5,1.2869064596628932,False,True,False,False,2,3,0,10,1,1,398,341,"[false, false, false]",410,2,2,Starfield Stage - 3
6098,2025-09-28T18:06:02.887106,8,597.5,399.5,1.2869064596628932,False,True,False,False,2,3,0,10,1,1,399,341,"[false, false, false]",410,2,2,Starfield Stage - 3
6099,2025-09-28T18:06:02.896144,9,597.5,399.5,1.2869064596628932,False,True,False,False,2,3,0,10,1,1,399,341,"[false, false, false]",410,2,2,Starfield Stage - 3
6100,2025-09-28T18:06:02.905563,9,597.5,399.5,1.2869064596628932,False,True,False,False,2,3,0,10,1,1,400,341,"[false, false, false]",410,2,2,Starfield Stage - 3
6101,2025-09-28T18:06:02.914329,9,597.5,399.5,1.2869064596628932,False,True,False,False,2,3,0,10,1,1,401,340,"[false, false, false]",410,2,2,Starfield Stage - 3
6102,2025-09-28T18:06:02.922633,8,597.5,399.5,1.2869064596628932,False,True,False,False,2,3,0,10,1,1,402,340,"[false, false, false]",410,2,2,Starfield Stage - 3
6103,2025-09-28T18:06:02.931460,9,597.5,399.5,1.2869064596628932,False,True,False,False,2,3,0,10,1,1,404,340,"[false, false, false]",410,2,2,Starfield Stage - 3
6104,2025-09-28T18:06:02.939608,8,597.5,399.5,1.2869064596628932,False,True,False,False,2,3,0,10,1,1,407,339,"[false, false, false]",410,2,2,Starfield Stage - 3
6105,2025-09-28T18:06:02.947972,9,597.5,399.5,1.2869064596628932,False,True,False,False,2,3,0,10,1,1,412,339,"[false, false, false]",410,2,2,Starfield Stage - 3
6106,2025-09-28T18:06:02.957489,9,597.5,399.5,1.2869064596628932,False,True,True,False,2,3,0,10,1,1,417,339,"[false, false, false]",410,2,2,Starfield Stage - 3
6107,2025-09-28T18:06:02.965744,8,597.5,399.5,1.2869064596628932,False,True,True,False,2,3,0,10,1,1,423,339,"[false, false, false]",410,2,2,Starfield Stage - 3
6108,2025-09-28T18:06:02.974595,9,597.5,399.5,1.2869064596628932,False,True,True,False,2,3,0,10,1,1,440,341,"[false, false, false]",410,2,2,Starfield Stage - 3
6109,2025-09-28T18:06:02.983157,9,597.5,399.5,1.2869064596628932,False,True,True,False,2,3,0,10,1,1,451,343,"[false, false, false]",410,2,2,Starfield Stage - 3
6110,2025-09-28T18:06:02.991015,8,597.5,399.5,1.2869064596628932,False,True,True,False,2,3,0,10,1,1,462,345,"[false, false, false]",410,2,2,Starfield Stage - 3
6111,2025-09-28T18:06:03.000955,9,597.5,399.5,1.2869064596628932,False,True,True,False,2,3,0,10,1,1,475,347,"[false, false, false]",410,2,2,Starfield Stage - 3
6112,2025-09-28T18:06:03.009159,9,597.5,399.5,1.2869064596628932,False,True,True,False,2,3,0,10,1,1,488,350,"[false, false, false]",410,2,2,Starfield Stage - 3
6113,2025-09-28T18:06:03.016946,8,597.5,399.5,1.2869064596628932,False,True,True,False,2,3,0,10,1,1,503,353,"[false, false, false]",410,2,2,Starfield Stage - 3
6114,2025-09-28T18:06:03.026429,9,597.5,399.5,1.2869064596628932,False,True,True,False,2,3,0,10,1,1,517,356,"[false, false, false]",410,2,2,Starfield Stage - 3
6115,2025-09-28T18:06:03.034766,9,597.5,399.5,1.2869064596628932,False,True,True,False,2,3,0,10,1,1,532,358,"[false, false, false]",410,2,2,Starfield Stage - 3
6116,2025-09-28T18:06:03.044176,9,597.5,399.5,1.2869064596628932,False,True,True,False,2,3,0,10,1,1,547,360,"[false, false, false]",410,2,2,Starfield Stage - 3
6117,2025-09-28T18:06:03.052294,8,597.5,399.5,1.2869064596628932,False,True,True,False,2,3,0,10,1,1,561,362,"[false, false, false]",410,2,2,Starfield Stage - 3
6118,2025-09-28T18:06:03.060990,9,597.5,399.5,1.2869064596628932,False,True,True,False,2,3,0,10,1,1,576,365,"[false, false, false]",410,2,2,Starfield Stage - 3
6119,2025-09-28T18:06:03.069987,9,597.5,399.5,1.2869064596628932,False,True,True,False,2,3,0,10,1,1,591,368,"[false, false, false]",410,2,2,Starfield Stage - 3
6120,2025-09-28T18:06:03.079055,9,597.5,399.5,1.2869064596628932,False,True,True,False,2,3,0,10,1,1,616,373,"[false, false, false]",410,2,2,Starfield Stage - 3
6121,2025-09-28T18:06:03.088097,9,597.5,399.5,1.2869064596628932,False,True,True,False,2,3,0,10,1,1,624,375,"[false, false, false]",410,2,2,Starfield Stage - 3
6122,2025-09-28T18:06:03.098208,9,597.5,399.5,1.2869064596628932,False,True,True,False,2,3,0,10,1,1,630,376,"[false, false, false]",410,2,2,Starfield Stage - 3
6123,2025-09-28T18:06:03.105488,8,597.5,399.5,1.2869064596628932,False,True,True,False,2,3,0,10,1,1,633,377,"[false, false, false]",410,2,2,Starfield Stage - 3
6124,2025-09-28T18:06:03.114102,9,597.5,399.5,1.2869064596628932,False,True,False,False,2,3,0,10,1,1,635,377,"[false, false, false]",410,2,2,Starfield Stage - 3
6125,2025-09-28T18:06:03.123896,9,597.5,399.5,1.2869064596628932,False,True,False,False,2,3,0,10,1,1,635,377,"[false, false, false]",410,2,2,Starfield Stage - 3
6126,2025-09-28T18:06:03.131782,9,597.5,399.5,1.2869064596628932,False,True,False,False,2,3,0,10,1,1,635,377,"[false, false, false]",410,2,2,Starfield Stage - 3
6127,2025-09-28T18:06:03.141795,9,597.5,399.5,1.2869064596628932,False,False,False,False,2,3,0,10,1,1,635,377,"[false, false, false]",410,2,2,Starfield Stage - 3
6128,2025-09-28T18:06:03.149911,9,597.5,399.5,1.2869064596628932,False,False,False,False,2,3,0,10,1,1,635,377,"[false, false, false]",410,2,2,Starfield Stage - 3
6129,2025-09-28T18:06:03.159522,9,597.5,399.5,1.2869064596628932,False,False,False,False,2,3,0,10,1,1,635,377,"[false, false, false]",410,2,2,Starfield Stage - 3
6130,2025-09-28T18:06:03.167905,9,597.5,399.5,1.2869064596628932,False,False,False,False,2,3,0,10,1,1,635,377,"[false, false, false]",410,2,2,Starfield Stage - 3
6131,2025-09-28T18:06:03.177233,9,597.5,399.5,1.2869064596628932,False,False,False,False,2,3,0,10,1,1,635,377,"[false, false, false]",410,2,2,Starfield Stage - 3
6132,2025-09-28T18:06:03.185110,8,597.5,399.5,1.2869064596628932,False,False,False,False,2,3,0,10,1,1,635,377,"[false, false, false]",410,2,2,Starfield Stage - 3
6133,2025-09-28T18:06:03.194072,9,597.5,399.5,1.2869064596628932,False,False,False,False,2,3,0,10,1,1,635,377,"[false, false, false]",410,2,2,Starfield Stage - 3
6134,2025-09-28T18:06:03.203071,9,597.5,399.5,1.2869064596628932,False,False,False,False,2,3,0,10,1,1,634,377,"[false, false, false]",410,2,2,Starfield Stage - 3
6135,2025-09-28T18:06:03.212478,9,597.5,399.5,1.2869064596628932,False,False,False,False,2,3,0,10,1,1,634,377,"[false, false, false]",410,2,2,Starfield Stage - 3
6136,2025-09-28T18:06:03.220438,8,597.5,399.5,1.2869064596628932,False,False,False,False,2,3,0,10,1,1,633,377,"[false, false, false]",410,2,2,Starfield Stage - 3
6137,2025-09-28T18:06:03.228781,9,597.5,399.5,1.2869064596628932,False,False,False,False,2,3,0,10,1,1,632,377,"[false, false, false]",410,2,2,Starfield Stage - 3
6138,2025-09-28T18:06:03.238405,9,597.5,399.5,1.2869064596628932,False,False,False,False,2,3,0,10,1,1,630,376,"[false, false, false]",410,2,2,Starfield Stage - 3
6139,2025-09-28T18:06:03.246739,9,597.5,399.5,1.2869064596628932,False,False,False,False,2,3,0,10,1,1,629,376,"[false, false, false]",410,2,2,Starfield Stage - 3
6140,2025-09-28T18:06:03.256192,9,597.5,399.5,1.2869064596628932,False,False,False,False,2,3,0,10,1,1,628,376,"[false, false, false]",410,2,2,Starfield Stage - 3
6141,2025-09-28T18:06:03.264525,8,597.5,399.5,1.2869064596628932,False,False,False,False,2,3,0,10,1,1,627,375,"[false, false, false]",410,2,2,Starfield Stage - 3
6142,2025-09-28T18:06:03.273576,9,597.5,399.5,1.2869064596628932,False,False,False,False,2,3,0,10,1,1,625,375,"[false, false, false]",410,2,2,Starfield Stage - 3
6143,2025-09-28T18:06:03.282219,9,597.5,399.5,1.2869064596628932,False,False,False,False,2,3,0,10,1,1,623,375,"[false, false, false]",410,2,2,Starfield Stage - 3
6144,2025-09-28T18:06:03.290903,8,597.5,399.5,1.2869064596628932,False,False,False,False,2,3,0,10,1,1,621,375,"[false, false, false]",410,2,2,Starfield Stage - 3
6145,2025-09-28T18:06:03.299060,9,597.5,399.5,1.2869064596628932,False,False,False,False,2,3,0,10,1,1,619,374,"[false, false, false]",410,2,2,Starfield Stage - 3
6146,2025-09-28T18:06:03.307858,9,597.5,399.5,1.2869064596628932,False,False,False,False,2,3,0,10,1,1,616,374,"[false, false, false]",410,2,2,Starfield Stage - 3
6147,2025-09-28T18:06:03.317114,9,597.5,399.5,1.2869064596628932,False,False,False,False,2,3,0,10,1,1,613,374,"[false, false, false]",410,2,2,Starfield Stage - 3
6148,2025-09-28T18:06:03.327654,10,597.5,399.5,1.2869064596628932,False,False,False,False,2,3,0,10,1,1,607,374,"[false, false, false]",410,2,2,Starfield Stage - 3
6149,2025-09-28T18:06:03.336385,9,597.5,399.5,1.2869064596628932,False,False,False,False,2,3,0,10,1,1,604,374,"[false, false, false]",410,2,2,Starfield Stage - 3
6150,2025-09-28T18:06:03.345171,9,597.5,399.5,1.2869064596628932,False,False,False,False,2,3,0,10,1,1,601,373,"[false, false, false]",410,2,2,Starfield Stage - 3
6151,2025-09-28T18:06:03.354511,8,597.5,399.5,1.2869064596628932,False,False,False,False,2,3,0,10,1,1,599,372,"[false, false, false]",410,2,2,Starfield Stage - 3
6152,2025-09-28T18:06:03.362110,9,597.5,399.5,1.2869064596628932,False,False,False,False,2,3,0,10,1,1,597,372,"[false, false, false]",410,2,2,Starfield Stage - 3
6153,2025-09-28T18:06:03.372279,9,597.5,399.5,1.2869064596628932,False,False,False,False,2,3,0,10,1,1,596,372,"[false, false, false]",410,2,2,Starfield Stage - 3
6154,2025-09-28T18:06:03.379927,9,597.5,399.5,1.2869064596628932,False,False,False,False,2,3,0,10,1,1,596,372,"[false, false, false]",410,2,2,Starfield Stage - 3
6155,2025-09-28T18:06:03.389077,9,597.5,399.5,1.2869064596628932,False,False,False,False,2,3,0,10,1,1,596,372,"[false, false, false]",410,2,2,Starfield Stage - 3
6156,2025-09-28T18:06:03.397754,9,597.5,399.5,1.2869064596628932,False,False,False,False,2,3,0,10,1,1,596,372,"[false, false, false]",410,2,2,Starfield Stage - 3
6157,2025-09-28T18:06:03.407020,9,597.5,399.5,1.2869064596628932,False,False,False,False,2,3,0,10,1,1,596,372,"[false, false, false]",410,2,2,Starfield Stage - 3
6158,2025-09-28T18:06:03.416755,10,597.5,399.5,1.2869064596628932,False,False,False,False,2,3,0,10,1,1,596,372,"[false, false, false]",410,2,2,Starfield Stage - 3
6159,2025-09-28T18:06:03.425571,8,597.5,399.5,1.2869064596628932,False,False,False,False,2,3,0,10,1,1,596,372,"[false, false, false]",410,2,2,Starfield Stage - 3
6160,2025-09-28T18:06:03.433758,9,597.5,399.5,1.2869064596628932,False,False,False,False,2,3,0,10,1,1,596,372,"[false, false, false]",410,2,2,Starfield Stage - 3
6161,2025-09-28T18:06:03.443163,9,597.5,399.5,1.2869064596628932,False,False,False,False,2,3,0,10,1,1,596,372,"[false, false, false]",410,2,2,Starfield Stage - 3
6162,2025-09-28T18:06:03.450891,8,597.5,399.5,1.2869064596628932,False,False,False,False,2,3,0,10,1,1,596,372,"[false, false, false]",410,2,2,Starfield Stage - 3
6163,2025-09-28T18:06:03.460275,9,597.5,399.5,1.2869064596628932,False,False,False,False,2,3,0,10,1,1,596,372,"[false, false, false]",410,2,2,Starfield Stage - 3
6164,2025-09-28T18:06:03.468053,8,597.5,399.5,1.2869064596628932,False,False,False,False,2,3,0,10,1,1,596,372,"[false, false, false]",410,2,2,Starfield Stage - 3
6165,2025-09-28T18:06:03.476794,9,597.5,399.5,1.2869064596628932,False,False,False,False,2,3,0,10,1,1,596,372,"[false, false, false]",410,2,2,Starfield Stage - 3
6166,2025-09-28T18:06:03.485548,8,597.5,399.5,1.2869064596628932,False,False,False,False,2,3,0,10,1,1,596,372,"[false, false, false]",410,2,2,Starfield Stage - 3
6167,2025-09-28T18:06:03.493755,9,597.5,399.5,1.2869064596628932,False,False,False,False,2,3,0,10,1,1,596,372,"[false, false, false]",410,2,2,Starfield Stage - 3
6168,2025-09-28T18:06:03.502313,8,597.5,399.5,1.2869064596628932,False,False,False,False,2,3,0,10,1,1,596,372,"[false, false, false]",410,2,2,Starfield Stage - 3
6169,2025-09-28T18:06:03.510265,8,597.5,399.5,1.2869064596628932,False,False,False,False,2,3,0,10,1,1,596,372,"[false, false, false]",410,2,2,Starfield Stage - 3
6170,2025-09-28T18:06:03.518003,8,597.5,399.5,1.2869064596628932,False,False,False,False,2,3,0,10,1,1,596,372,"[false, false, false]",410,2,2,Starfield Stage - 3
6171,2025-09-28T18:06:03.527505,9,597.5,399.5,1.2869064596628932,False,False,False,False,2,3,0,10,1,1,596,372,"[false, false, false]",410,2,2,Starfield Stage - 3
6172,2025-09-28T18:06:03.535498,8,597.5,399.5,1.2869064596628932,False,False,False,False,2,3,0,10,1,1,596,372,"[false, false, false]",410,2,2,Starfield Stage - 3
6173,2025-09-28T18:06:03.543426,8,597.5,399.5,1.2869064596628932,False,False,False,False,2,3,0,10,1,1,596,372,"[false, false, false]",410,2,2,Starfield Stage - 3
6174,2025-09-28T18:06:03.551908,9,597.5,399.5,1.2869064596628932,False,False,False,False,2,3,0,10,1,1,596,372,"[false, false, false]",410,2,2,Starfield Stage - 3
6175,2025-09-28T18:06:03.561163,9,597.5,399.5,1.2869064596628932,False,False,False,False,2,3,0,10,1,1,596,372,"[false, false, false]",410,2,2,Starfield Stage - 3
6176,2025-09-28T18:06:03.569356,8,597.5,399.5,1.2869064596628932,False,False,False,False,2,3,0,10,1,1,596,372,"[false, false, false]",410,2,2,Starfield Stage - 3
6177,2025-09-28T18:06:03.577425,8,597.5,399.5,1.2869064596628932,False,False,False,False,2,3,0,10,1,1,596,372,"[false, false, false]",410,2,2,Starfield Stage - 3
6178,2025-09-28T18:06:03.585351,8,597.5,399.5,1.2869064596628932,False,False,False,False,2,3,0,10,1,1,596,372,"[false, false, false]",410,2,2,Starfield Stage - 3
6179,2025-09-28T18:06:03.592925,8,597.5,399.5,1.2869064596628932,False,False,False,False,2,3,0,10,1,1,596,372,"[false, false, false]",410,2,2,Starfield Stage - 3
6180,2025-09-28T18:06:03.601974,9,597.5,399.5,1.2869064596628932,False,False,False,False,2,3,0,10,1,1,596,372,"[false, false, false]",410,2,2,Starfield Stage - 3
6181,2025-09-28T18:06:03.610675,8,597.5,399.5,1.2869064596628932,False,False,False,False,2,3,0,10,1,1,596,372,"[false, false, false]",410,2,2,Starfield Stage - 3
6182,2025-09-28T18:06:03.619930,9,597.5,399.5,1.2869064596628932,False,False,False,False,2,3,0,10,1,1,596,372,"[false, false, false]",410,2,2,Starfield Stage - 3
6183,2025-09-28T18:06:03.628106,9,597.5,399.5,1.2869064596628932,False,False,False,False,2,4,0,10,1,1,596,372,"[false, false, false]",410,2,2,Starfield Stage - 3
6184,2025-09-28T18:06:03.637778,9,597.5,399.5,1.2869064596628932,False,False,False,False,2,4,0,10,1,1,596,372,"[false, false, false]",410,2,2,Starfield Stage - 3
6185,2025-09-28T18:06:03.645775,8,597.5,399.5,1.2869064596628932,False,False,False,False,2,4,0,10,1,1,596,372,"[false, false, false]",410,2,2,Starfield Stage - 3
6186,2025-09-28T18:06:03.654947,9,597.5,399.5,1.2869064596628932,False,False,False,False,2,4,0,10,1,1,596,372,"[false, false, false]",410,2,2,Starfield Stage - 3
6187,2025-09-28T18:06:03.663177,9,597.5,399.5,1.2869064596628932,False,False,False,False,2,4,0,10,1,1,596,372,"[false, false, false]",410,2,2,Starfield Stage - 3
6188,2025-09-28T18:06:03.671212,8,597.5,399.5,1.2869064596628932,False,False,False,False,2,4,0,10,1,1,596,372,"[false, false, false]",410,2,2,Starfield Stage - 3
6189,2025-09-28T18:06:03.679907,8,597.5,399.5,1.2869064596628932,False,False,False,False,2,4,0,10,1,1,596,372,"[false, false, false]",410,2,2,Starfield Stage - 3
6190,2025-09-28T18:06:03.688255,9,597.5,399.5,1.2869064596628932,False,False,False,False,2,4,0,10,1,1,596,372,"[false, false, false]",410,2,2,Starfield Stage - 3
6191,2025-09-28T18:06:03.696231,8,597.5,399.5,1.2869064596628932,False,False,False,False,2,4,0,10,1,1,596,372,"[false, false, false]",410,2,2,Starfield Stage - 3
6192,2025-09-28T18:06:03.704637,8,597.5,399.5,1.2869064596628932,False,False,False,False,2,4,0,10,1,1,596,372,"[false, false, false]",410,2,2,Starfield Stage - 3
6193,2025-09-28T18:06:03.712895,9,597.5,399.5,1.2869064596628932,False,False,False,False,2,4,0,10,1,1,596,372,"[false, false, false]",410,2,2,Starfield Stage - 3
6194,2025-09-28T18:06:03.721865,9,597.5,399.5,1.2869064596628932,False,False,False,False,2,4,0,10,1,1,596,372,"[false, false, false]",410,2,2,Starfield Stage - 3
6195,2025-09-28T18:06:03.730932,9,597.5,399.5,1.2869064596628932,False,False,False,False,2,4,0,10,1,1,596,372,"[false, false, false]",410,2,2,Starfield Stage - 3
6196,2025-09-28T18:06:03.740679,9,597.5,399.5,1.2869064596628932,False,False,False,False,2,4,0,10,1,1,596,372,"[false, false, false]",410,2,2,Starfield Stage - 3
6197,2025-09-28T18:06:03.749338,9,597.5,399.5,1.2869064596628932,False,False,False,False,2,4,0,10,1,1,596,372,"[false, false, false]",410,2,2,Starfield Stage - 3
6198,2025-09-28T18:06:03.757526,8,597.5,399.5,1.2869064596628932,False,False,False,False,2,4,0,10,1,1,596,372,"[false, false, false]",410,2,2,Starfield Stage - 3
6199,2025-09-28T18:06:03.765949,8,597.5,399.5,1.2869064596628932,False,False,False,False,2,4,0,10,1,1,596,372,"[false, false, false]",410,2,2,Starfield Stage - 3
6200,2025-09-28T18:06:03.773906,9,597.5,399.5,1.2869064596628932,False,False,False,False,2,4,0,10,1,1,596,372,"[false, false, false]",410,2,2,Starfield Stage - 3
6201,2025-09-28T18:06:03.782823,8,597.5,399.5,1.2869064596628932,False,False,False,False,2,4,0,10,1,1,596,372,"[false, false, false]",410,2,2,Starfield Stage - 3
6202,2025-09-28T18:06:03.791038,9,597.5,399.5,1.2869064596628932,False,False,False,False,2,4,0,10,1,1,596,372,"[false, false, false]",410,2,2,Starfield Stage - 3
6203,2025-09-28T18:06:03.800765,9,597.5,399.5,1.2869064596628932,False,False,False,False,2,4,0,10,1,1,596,372,"[false, false, false]",410,2,2,Starfield Stage - 3
6204,2025-09-28T18:06:03.809226,9,597.5,399.5,1.2869064596628932,False,False,False,False,2,4,0,10,1,1,596,372,"[false, false, false]",410,2,2,Starfield Stage - 3
6205,2025-09-28T18:06:03.817883,9,597.5,399.5,1.2869064596628932,False,False,False,False,2,4,0,10,1,1,596,372,"[false, false, false]",410,2,2,Starfield Stage - 3
6206,2025-09-28T18:06:03.827350,9,597.5,399.5,1.2869064596628932,False,False,False,False,2,4,0,10,1,1,596,372,"[false, false, false]",410,2,2,Starfield Stage - 3
6207,2025-09-28T18:06:03.835798,9,597.5,399.5,1.2869064596628932,False,False,False,False,2,4,0,10,1,1,596,372,"[false, false, false]",410,2,2,Starfield Stage - 3
6208,2025-09-28T18:06:03.845407,9,597.5,399.5,1.2869064596628932,False,False,False,False,2,4,0,10,1,1,596,372,"[false, false, false]",410,2,2,Starfield Stage - 3
6209,2025-09-28T18:06:03.853478,8,597.5,399.5,1.2869064596628932,False,False,False,False,2,4,0,10,1,1,596,372,"[false, false, false]",410,2,2,Starfield Stage - 3
