frame,timestamp,dt,ship_centerx,ship_centery,ship_angle,moving_right,moving_left,moving_up,moving_down,bullets_count,aliens_count,cargoes_count,alien_bullets_count,hearts_count,shields_count,mouse_x,mouse_y,mouse_buttons,score,ships_left,current_region_index,region_name
6695,2025-10-08T22:19:10.807420,0.009,600.0,672.0,-0.05338434349073534,False,False,False,False,0,0,0,0,0,0,621,279,"[false, false, false]",0,2,0,Starfield Stage - 1
6704,2025-10-08T22:19:10.816599,0.009,600.0,672.0,-0.05338434349073534,False,False,False,False,0,0,0,0,0,0,621,279,"[false, false, false]",0,2,0,Starfield Stage - 1
6712,2025-10-08T22:19:10.824549,0.008,600.0,672.0,-0.05338434349073534,False,False,False,False,0,0,0,0,0,0,621,279,"[false, false, false]",0,2,0,Starfield Stage - 1
6720,2025-10-08T22:19:10.833102,0.009,600.0,672.0,-0.05338434349073534,False,False,False,False,0,0,0,0,0,0,621,279,"[false, false, false]",0,2,0,Starfield Stage - 1
6730,2025-10-08T22:19:10.842579,0.009,600.0,672.0,-0.05338434349073534,False,False,False,False,0,0,0,0,0,0,621,279,"[false, false, false]",0,2,0,Starfield Stage - 1
6738,2025-10-08T22:19:10.850763,0.008,600.0,672.0,-0.05338434349073534,False,False,False,False,0,0,0,0,0,0,621,279,"[false, false, false]",0,2,0,Starfield Stage - 1
6746,2025-10-08T22:19:10.859187,0.009,600.0,672.0,-0.05338434349073534,False,False,False,False,0,0,0,0,0,0,621,279,"[false, false, false]",0,2,0,Starfield Stage - 1
6755,2025-10-08T22:19:10.867853,0.008,600.0,672.0,-0.05338434349073534,False,False,False,False,0,1,0,0,0,0,621,279,"[false, false, false]",0,2,0,Starfield Stage - 1
6764,2025-10-08T22:19:10.876378,0.009,600.0,672.0,-0.05338434349073534,False,False,False,False,0,1,0,0,0,0,621,279,"[false, false, false]",0,2,0,Starfield Stage - 1
6772,2025-10-08T22:19:10.884810,0.009,600.0,672.0,-0.05338434349073534,False,False,False,False,0,1,0,0,0,0,621,279,"[false, false, false]",0,2,0,Starfield Stage - 1
6781,2025-10-08T22:19:10.893867,0.009,600.0,672.0,-0.05338434349073534,False,False,False,False,0,1,0,0,0,0,621,279,"[false, false, false]",0,2,0,Starfield Stage - 1
6790,2025-10-08T22:19:10.903249,0.009,600.0,672.0,-0.05338434349073534,False,False,False,False,0,1,0,0,0,0,621,279,"[false, false, false]",0,2,0,Starfield Stage - 1
6799,2025-10-08T22:19:10.911393,0.008,600.0,672.0,-0.05338434349073534,False,False,False,False,0,1,0,0,0,0,621,279,"[false, false, false]",0,2,0,Starfield Stage - 1
6807,2025-10-08T22:19:10.920127,0.008,600.0,672.0,-0.05338434349073534,False,False,False,False,0,1,0,0,0,0,621,279,"[false, false, false]",0,2,0,Starfield Stage - 1
6815,2025-10-08T22:19:10.927909,0.009,600.0,672.0,-0.05338434349073534,False,False,False,False,0,1,0,0,0,0,621,279,"[false, false, false]",0,2,0,Starfield Stage - 1
6824,2025-10-08T22:19:10.936504,0.008,600.0,672.0,-0.05338434349073534,False,False,False,False,0,1,0,0,0,0,621,279,"[false, false, false]",0,2,0,Starfield Stage - 1
6832,2025-10-08T22:19:10.944498,0.008,600.0,672.0,-0.05338434349073534,False,False,False,False,0,1,0,0,0,0,621,279,"[false, false, false]",0,2,0,Starfield Stage - 1
6839,2025-10-08T22:19:10.951984,0.008,600.0,672.0,-0.05338434349073534,False,False,False,False,0,1,0,0,0,0,621,279,"[false, false, false]",0,2,0,Starfield Stage - 1
6848,2025-10-08T22:19:10.960641,0.008,600.0,672.0,-0.05338434349073534,False,False,False,False,0,1,0,0,0,0,621,279,"[false, false, false]",0,2,0,Starfield Stage - 1
6857,2025-10-08T22:19:10.969994,0.009,600.0,672.0,-0.05338434349073534,False,False,False,False,0,1,0,0,0,0,621,279,"[false, false, false]",0,2,0,Starfield Stage - 1
6865,2025-10-08T22:19:10.978084,0.009,600.0,672.0,-0.056350535712642154,False,False,False,False,0,1,0,0,0,0,622,282,"[false, false, false]",0,2,0,Starfield Stage - 1
6875,2025-10-08T22:19:10.987640,0.009,600.0,672.0,-0.056786426685867746,False,False,False,False,0,1,0,0,0,0,622,285,"[false, false, false]",0,2,0,Starfield Stage - 1
6883,2025-10-08T22:19:10.995823,0.009,600.0,672.0,-0.05998018696464914,False,False,False,False,0,1,0,0,0,0,623,289,"[false, false, false]",0,2,0,Starfield Stage - 1
6892,2025-10-08T22:19:11.005164,0.009,600.0,672.0,-0.06340695196683198,False,False,False,False,0,1,0,0,0,0,624,294,"[false, false, false]",0,2,0,Starfield Stage - 1
6901,2025-10-08T22:19:11.013665,0.008,600.0,672.0,-0.07034444505217755,False,False,False,False,0,1,0,0,0,0,626,303,"[false, false, false]",0,2,0,Starfield Stage - 1
6910,2025-10-08T22:19:11.022364,0.008,600.0,672.0,-0.07363710529996562,False,False,False,False,0,1,0,0,0,0,627,306,"[false, false, false]",0,2,0,Starfield Stage - 1
6917,2025-10-08T22:19:11.030055,0.008,600.0,672.0,-0.07719436695228955,False,False,False,False,0,1,0,0,0,0,628,310,"[false, false, false]",0,2,0,Starfield Stage - 1
6925,2025-10-08T22:19:11.037676,0.008,600.0,672.0,-0.08360355270617269,False,False,False,False,0,1,0,0,0,0,630,314,"[false, false, false]",0,2,0,Starfield Stage - 1
6933,2025-10-08T22:19:11.046029,0.009,600.0,672.0,-0.0901504628943286,False,False,False,False,0,1,0,0,0,0,632,318,"[false, false, false]",0,2,0,Starfield Stage - 1
6943,2025-10-08T22:19:11.055951,0.009,600.0,672.0,-0.09966865249116202,False,False,False,False,0,1,0,0,0,0,635,322,"[false, false, false]",0,2,0,Starfield Stage - 1
6951,2025-10-08T22:19:11.063720,0.008,600.0,672.0,-0.11001905916735465,False,False,False,False,0,1,0,0,0,0,638,328,"[false, false, false]",0,2,0,Starfield Stage - 1
6959,2025-10-08T22:19:11.071995,0.009,600.0,672.0,-0.12326567035889915,False,False,False,False,0,1,0,0,0,0,642,333,"[false, false, false]",0,2,0,Starfield Stage - 1
6968,2025-10-08T22:19:11.081116,0.009,600.0,672.0,-0.14021497040422437,False,False,False,False,0,1,0,0,0,0,647,339,"[false, false, false]",0,2,0,Starfield Stage - 1
6978,2025-10-08T22:19:11.090358,0.009,600.0,672.0,-0.16068220587526388,False,False,False,False,0,1,0,0,0,0,653,345,"[false, false, false]",0,2,0,Starfield Stage - 1
6986,2025-10-08T22:19:11.098824,0.009,600.0,672.0,-0.18121961916120216,False,False,False,False,0,1,0,0,0,0,659,350,"[false, false, false]",0,2,0,Starfield Stage - 1
6995,2025-10-08T22:19:11.108000,0.009,600.0,672.0,-0.20464180982977792,False,False,False,False,0,1,0,0,0,0,666,354,"[false, false, false]",0,2,0,Starfield Stage - 1
7004,2025-10-08T22:19:11.116541,0.008,600.0,672.0,-0.226098731482162,False,False,False,False,0,1,0,0,0,0,672,359,"[false, false, false]",0,2,0,Starfield Stage - 1
7012,2025-10-08T22:19:11.124674,0.008,600.0,672.0,-0.24726176418276047,False,False,False,False,0,1,0,0,0,0,678,363,"[false, false, false]",0,2,0,Starfield Stage - 1
7021,2025-10-08T22:19:11.133293,0.009,600.0,672.0,-0.2656971102511764,False,False,False,False,0,1,0,0,0,0,683,367,"[false, false, false]",0,2,0,Starfield Stage - 1
7029,2025-10-08T22:19:11.141563,0.008,600.0,672.0,-0.30459784728572664,False,False,False,False,0,1,0,0,0,0,694,373,"[false, false, false]",0,2,0,Starfield Stage - 1
7037,2025-10-08T22:19:11.149795,0.008,600.0,672.0,-0.31771831818554874,False,False,False,False,0,1,0,0,0,0,698,374,"[false, false, false]",0,2,0,Starfield Stage - 1
7045,2025-10-08T22:19:11.158032,0.009,600.0,672.0,-0.3348678645697336,False,False,False,False,0,1,0,0,0,0,703,376,"[false, false, false]",0,2,0,Starfield Stage - 1
7054,2025-10-08T22:19:11.167081,0.009,600.0,672.0,-0.343879738243442,False,False,False,False,0,1,0,0,0,0,706,376,"[false, false, false]",0,2,0,Starfield Stage - 1
7064,2025-10-08T22:19:11.177118,0.009,600.0,672.0,-0.3539325986033674,False,False,False,False,0,1,0,0,1,1,709,377,"[false, false, false]",0,2,0,Starfield Stage - 1
7072,2025-10-08T22:19:11.184794,0.008,597.5,672.0,-0.3654632641558,False,True,False,False,0,1,0,0,1,1,710,378,"[false, false, false]",0,2,0,Starfield Stage - 1
7080,2025-10-08T22:19:11.192807,0.008,595.0,672.0,-0.3758060592009211,False,True,False,False,0,1,0,0,1,1,711,378,"[false, false, false]",0,2,0,Starfield Stage - 1
7088,2025-10-08T22:19:11.200810,0.009,592.5,672.0,-0.3843253949733274,False,True,False,False,0,1,0,0,1,1,711,379,"[false, false, false]",0,2,0,Starfield Stage - 1
7097,2025-10-08T22:19:11.210132,0.009,590.0,672.0,-0.39163655603128467,False,True,False,False,0,1,0,0,1,1,711,379,"[false, false, false]",0,2,0,Starfield Stage - 1
7107,2025-10-08T22:19:11.219592,0.009,587.5,672.0,-0.3989038339011702,False,True,False,False,0,1,0,0,1,1,711,379,"[false, false, false]",0,2,0,Starfield Stage - 1
7115,2025-10-08T22:19:11.227846,0.008,585.0,672.0,-0.4061268618201136,False,True,False,False,0,1,0,0,1,1,711,379,"[false, false, false]",0,2,0,Starfield Stage - 1
7123,2025-10-08T22:19:11.235882,0.009,582.5,672.0,-0.4133052959446612,False,True,False,False,0,1,0,0,1,1,711,379,"[false, false, false]",0,2,0,Starfield Stage - 1
7132,2025-10-08T22:19:11.245169,0.009,580.0,672.0,-0.42043881504504876,False,True,False,False,0,1,0,0,1,1,711,379,"[false, false, false]",0,2,0,Starfield Stage - 1
7141,2025-10-08T22:19:11.253276,0.008,577.5,672.0,-0.4199297542824222,False,True,False,False,0,1,0,0,1,1,711,373,"[false, false, false]",0,2,0,Starfield Stage - 1
7149,2025-10-08T22:19:11.261836,0.008,575.0,672.0,-0.420663349133035,False,True,False,False,0,1,0,0,1,1,711,368,"[false, false, false]",0,2,0,Starfield Stage - 1
7157,2025-10-08T22:19:11.270034,0.009,572.5,672.0,-0.4162834541423315,False,True,False,False,0,1,0,0,1,1,710,361,"[false, false, false]",0,2,0,Starfield Stage - 1
7166,2025-10-08T22:19:11.279070,0.009,570.0,672.0,-0.4067878780590912,False,True,False,False,0,1,0,0,1,1,707,354,"[false, false, false]",0,2,0,Starfield Stage - 1
7176,2025-10-08T22:19:11.288712,0.009,567.5,672.0,-0.39130111314742866,False,True,False,False,0,1,0,0,1,1,702,346,"[false, false, false]",0,2,0,Starfield Stage - 1
7184,2025-10-08T22:19:11.296946,0.008,565.0,672.0,-0.37534912525968106,False,True,False,False,0,1,0,0,1,1,697,337,"[false, false, false]",0,2,0,Starfield Stage - 1
7192,2025-10-08T22:19:11.304751,0.008,562.5,669.5,-0.3624559604285787,False,True,True,False,0,1,0,0,1,1,692,328,"[false, false, false]",0,2,0,Starfield Stage - 1
7201,2025-10-08T22:19:11.313591,0.009,560.0,667.0,-0.3473859629183197,False,True,True,False,0,1,0,0,1,1,686,319,"[false, false, false]",0,2,0,Starfield Stage - 1
7209,2025-10-08T22:19:11.321688,0.008,557.5,664.5,-0.33271132960343824,False,True,True,False,0,1,0,0,1,1,680,310,"[false, false, false]",0,2,0,Starfield Stage - 1
7218,2025-10-08T22:19:11.330716,0.009,555.0,662.0,-0.3192484745471061,False,True,True,False,0,1,0,0,1,1,674,302,"[false, false, false]",0,2,0,Starfield Stage - 1
7226,2025-10-08T22:19:11.338650,0.008,552.5,659.5,-0.3043681993192255,False,True,True,False,0,1,0,0,1,1,667,295,"[false, false, false]",0,2,0,Starfield Stage - 1
7234,2025-10-08T22:19:11.346954,0.009,550.0,657.0,-0.2872248058018852,False,True,True,False,0,1,0,0,1,1,659,288,"[false, false, false]",0,2,0,Starfield Stage - 1
7243,2025-10-08T22:19:11.356271,0.009,547.5,654.5,-0.2735065126831837,False,True,True,False,0,1,0,0,1,1,652,282,"[false, false, false]",0,2,0,Starfield Stage - 1
7252,2025-10-08T22:19:11.365240,0.008,545.0,652.0,-0.2630903614023455,False,True,True,False,0,1,0,0,1,1,646,277,"[false, false, false]",0,2,0,Starfield Stage - 1
7260,2025-10-08T22:19:11.372609,0.008,542.5,649.5,-0.24034763726460914,False,True,True,False,0,1,0,0,1,1,636,268,"[false, false, false]",0,2,0,Starfield Stage - 1
7268,2025-10-08T22:19:11.381197,0.009,540.0,647.0,-0.24808039015259128,False,True,True,False,0,1,0,0,1,1,636,268,"[false, false, false]",0,2,0,Starfield Stage - 1
7277,2025-10-08T22:19:11.389718,0.008,537.5,644.5,-0.23854295669996287,False,True,True,False,0,1,0,0,1,1,631,260,"[false, false, false]",0,2,0,Starfield Stage - 1
7286,2025-10-08T22:19:11.398361,0.009,535.0,642.0,-0.24192056868440487,False,True,True,False,0,1,0,0,1,1,630,257,"[false, false, false]",0,2,0,Starfield Stage - 1
7294,2025-10-08T22:19:11.406745,0.008,532.5,639.5,-0.24405813561761927,False,True,True,False,0,1,0,0,1,1,628,256,"[false, false, false]",0,2,0,Starfield Stage - 1
7302,2025-10-08T22:19:11.414880,0.008,530.0,637.0,-0.24804802119831404,False,True,True,False,0,1,0,0,1,1,627,254,"[false, false, false]",0,2,0,Starfield Stage - 1
7310,2025-10-08T22:19:11.422316,0.008,527.5,634.5,-0.2557707202314966,False,True,True,False,0,1,0,0,1,1,627,254,"[false, false, false]",0,2,0,Starfield Stage - 1
7318,2025-10-08T22:19:11.430556,0.008,525.0,632.0,-0.2604381611690836,False,True,True,False,0,1,0,0,1,1,626,253,"[false, false, false]",0,2,0,Starfield Stage - 1
7326,2025-10-08T22:19:11.438595,0.008,522.5,629.5,-0.26827360973939685,False,True,True,False,0,1,0,0,1,1,626,253,"[false, false, false]",0,2,0,Starfield Stage - 1
7334,2025-10-08T22:19:11.446754,0.008,522.5,627.0,-0.26749597025534927,True,True,True,False,0,1,0,0,1,1,625,253,"[false, false, false]",0,2,0,Starfield Stage - 1
7343,2025-10-08T22:19:11.455708,0.009,525.0,624.5,-0.2597667606223805,True,False,True,False,0,1,0,0,1,1,624,252,"[false, false, false]",0,2,0,Starfield Stage - 1
7351,2025-10-08T22:19:11.463869,0.008,527.5,622.0,-0.2519427797270868,True,False,True,False,0,1,0,0,1,1,623,251,"[false, false, false]",0,2,0,Starfield Stage - 1
7359,2025-10-08T22:19:11.472239,0.009,530.0,622.0,-0.2424470229658554,True,False,False,False,0,1,0,0,1,1,622,250,"[false, false, false]",0,2,0,Starfield Stage - 1
7368,2025-10-08T22:19:11.480348,0.008,532.5,622.0,-0.23041812208731471,True,False,False,False,0,1,0,0,1,1,620,249,"[false, false, false]",0,2,0,Starfield Stage - 1
7377,2025-10-08T22:19:11.489349,0.009,535.0,622.0,-0.21782172777673173,True,False,False,False,0,1,0,0,1,1,618,247,"[false, false, false]",0,2,0,Starfield Stage - 1
7385,2025-10-08T22:19:11.498013,0.009,537.5,622.0,-0.20836730635425602,True,False,False,False,0,1,0,0,1,1,617,246,"[false, false, false]",0,2,0,Starfield Stage - 1
7395,2025-10-08T22:19:11.507785,0.009,540.0,622.0,-0.19637515204077605,True,False,False,False,0,1,0,0,1,1,615,245,"[false, false, false]",0,2,0,Starfield Stage - 1
7403,2025-10-08T22:19:11.515953,0.008,542.5,622.0,-0.18438940727464811,True,False,False,False,0,1,0,0,1,1,613,244,"[false, false, false]",0,2,0,Starfield Stage - 1
7411,2025-10-08T22:19:11.523746,0.008,545.0,622.0,-0.17286060678714493,True,False,False,False,1,1,0,0,1,1,611,244,"[true, false, false]",0,2,0,Starfield Stage - 1
7419,2025-10-08T22:19:11.532048,0.009,547.5,622.0,-0.16343671675027696,True,False,False,False,1,1,0,0,1,1,610,243,"[true, false, false]",0,2,0,Starfield Stage - 1
7428,2025-10-08T22:19:11.541098,0.008,550.0,622.0,-0.15185614989810928,True,False,False,False,1,1,0,0,1,1,608,243,"[true, false, false]",0,2,0,Starfield Stage - 1
7436,2025-10-08T22:19:11.548735,0.008,552.5,622.0,-0.14208077681411224,True,False,False,False,1,1,0,0,1,1,607,241,"[true, false, false]",0,2,0,Starfield Stage - 1
7444,2025-10-08T22:19:11.556728,0.008,555.0,622.0,-0.1352940691299392,True,False,False,False,1,1,0,0,1,1,607,240,"[true, false, false]",0,2,0,Starfield Stage - 1
7452,2025-10-08T22:19:11.564979,0.008,557.5,622.0,-0.12628767051053189,True,False,False,False,1,1,0,0,1,1,606,240,"[true, false, false]",0,2,0,Starfield Stage - 1
7460,2025-10-08T22:19:11.573123,0.009,560.0,622.0,-0.11984180791064901,True,False,False,False,1,1,0,0,1,1,606,240,"[false, false, false]",0,2,0,Starfield Stage - 1
7470,2025-10-08T22:19:11.582633,0.009,562.5,622.0,-0.1108008786933786,True,False,False,False,1,1,0,0,1,1,605,240,"[false, false, false]",0,2,0,Starfield Stage - 1
7478,2025-10-08T22:19:11.590917,0.009,565.0,622.0,-0.1043318311254628,True,False,False,False,1,1,0,0,1,1,605,240,"[false, false, false]",0,2,0,Starfield Stage - 1
7488,2025-10-08T22:19:11.600394,0.009,567.5,622.0,-0.09785400769103719,True,False,False,False,1,1,0,0,1,1,605,240,"[false, false, false]",0,2,0,Starfield Stage - 1
7496,2025-10-08T22:19:11.608920,0.009,570.0,622.0,-0.09136793522969672,True,False,False,False,1,1,0,0,1,1,605,240,"[false, false, false]",0,2,0,Starfield Stage - 1
7505,2025-10-08T22:19:11.617858,0.009,572.5,622.0,-0.08487414469945251,True,False,False,False,1,1,0,0,1,1,605,240,"[false, false, false]",0,2,0,Starfield Stage - 1
7514,2025-10-08T22:19:11.627140,0.009,575.0,622.0,-0.07837317092598461,True,False,False,False,1,1,0,0,1,1,605,240,"[false, false, false]",0,2,0,Starfield Stage - 1
7523,2025-10-08T22:19:11.635624,0.008,577.5,622.0,-0.06908050363421497,True,False,False,False,1,1,0,0,1,1,604,239,"[false, false, false]",0,2,0,Starfield Stage - 1
7531,2025-10-08T22:19:11.643979,0.009,580.0,622.0,-0.057229106344660725,True,False,False,False,1,1,0,0,1,1,602,238,"[false, false, false]",0,2,0,Starfield Stage - 1
7541,2025-10-08T22:19:11.653486,0.009,582.5,622.0,-0.04542327942157701,True,False,False,False,1,1,0,0,1,1,600,237,"[false, false, false]",0,2,0,Starfield Stage - 1
7550,2025-10-08T22:19:11.662361,0.009,585.0,622.0,-0.02583404455164131,True,False,False,False,1,1,0,0,1,1,595,235,"[false, false, false]",0,2,0,Starfield Stage - 1
7558,2025-10-08T22:19:11.671155,0.008,587.5,624.5,-0.011523177523192017,True,False,False,True,1,1,0,0,1,1,592,234,"[false, false, false]",0,2,0,Starfield Stage - 1
7565,2025-10-08T22:19:11.678157,0.008,590.0,627.0,-0.0,True,False,False,True,1,1,0,0,1,1,590,234,"[false, false, false]",0,2,0,Starfield Stage - 1
7574,2025-10-08T22:19:11.686462,0.008,592.5,629.5,0.006321028328054038,True,False,False,True,1,1,0,0,1,1,590,234,"[false, false, false]",0,2,0,Starfield Stage - 1
7582,2025-10-08T22:19:11.694887,0.008,595.0,632.0,0.015074234994959463,True,False,False,True,2,1,0,0,1,1,589,234,"[true, false, false]",0,2,0,Starfield Stage - 1
7590,2025-10-08T22:19:11.702771,0.008,597.5,634.5,0.02122028491960814,True,False,False,True,2,1,0,0,1,1,589,234,"[true, false, false]",0,2,0,Starfield Stage - 1
7598,2025-10-08T22:19:11.710997,0.009,600.0,637.0,0.02728850976253562,True,False,False,True,2,1,0,0,1,1,589,234,"[true, false, false]",0,2,0,Starfield Stage - 1
7607,2025-10-08T22:19:11.719946,0.009,602.5,639.5,0.033279939918997775,True,False,False,True,2,1,0,0,1,1,589,234,"[true, false, false]",0,2,0,Starfield Stage - 1
7616,2025-10-08T22:19:11.729260,0.009,605.0,642.0,0.039195601927054714,True,False,False,True,2,1,0,0,1,1,589,234,"[true, false, false]",0,2,0,Starfield Stage - 1
7625,2025-10-08T22:19:11.737707,0.008,607.5,644.5,0.045036517741320135,True,False,False,True,2,1,0,0,1,1,589,234,"[true, false, false]",0,2,0,Starfield Stage - 1
7633,2025-10-08T22:19:11.745547,0.008,610.0,647.0,0.050803704058221655,True,False,False,True,2,1,0,0,1,1,589,234,"[true, false, false]",0,2,0,Starfield Stage - 1
7641,2025-10-08T22:19:11.753662,0.008,612.5,649.5,0.056498171690457566,True,False,False,True,2,1,0,0,1,1,589,234,"[true, false, false]",0,2,0,Starfield Stage - 1
7649,2025-10-08T22:19:11.762115,0.009,615.0,652.0,0.06212092498838466,True,False,False,True,2,1,0,0,1,1,589,234,"[true, false, false]",0,2,0,Starfield Stage - 1
7659,2025-10-08T22:19:11.771816,0.009,617.5,654.5,0.06767296130612453,True,False,False,True,2,1,0,0,1,1,589,234,"[false, false, false]",0,2,0,Starfield Stage - 1
7667,2025-10-08T22:19:11.780223,0.009,620.0,657.0,0.07315527051023268,True,False,False,True,2,1,0,0,1,1,589,234,"[false, false, false]",0,2,0,Starfield Stage - 1
7676,2025-10-08T22:19:11.788777,0.008,622.5,659.5,0.07856883452883417,True,False,False,True,2,1,0,0,1,1,589,234,"[false, false, false]",0,2,0,Starfield Stage - 1
7685,2025-10-08T22:19:11.797288,0.009,625.0,662.0,0.08391462693919144,True,False,False,True,2,1,0,0,2,1,589,234,"[false, false, false]",0,2,0,Starfield Stage - 1
7693,2025-10-08T22:19:11.805784,0.008,627.5,664.5,0.08919361259173315,True,False,False,True,2,1,0,0,2,1,589,234,"[false, false, false]",0,2,0,Starfield Stage - 1
7701,2025-10-08T22:19:11.813832,0.008,627.5,667.0,0.0886813414122153,True,True,False,True,2,1,0,0,2,1,589,234,"[false, false, false]",0,2,0,Starfield Stage - 1
7710,2025-10-08T22:19:11.822309,0.009,627.5,669.5,0.0881749057761315,True,True,False,True,2,1,0,0,2,1,589,234,"[false, false, false]",0,2,0,Starfield Stage - 1
7757,2025-10-08T22:19:11.869499,0.008,627.5,672.0,0.0876742067901096,True,True,False,True,1,1,0,0,2,1,589,234,"[false, false, false]",10,2,0,Starfield Stage - 1
7760,2025-10-08T22:19:11.872803,0.042,627.5,674.5,0.08717914777708037,True,True,False,True,1,1,0,0,2,1,589,234,"[false, false, false]",10,2,0,Starfield Stage - 1
7769,2025-10-08T22:19:11.881647,0.009,627.5,677.0,0.08668963421469497,True,True,False,True,2,1,0,0,2,1,589,234,"[true, false, false]",10,2,0,Starfield Stage - 1
7778,2025-10-08T22:19:11.890458,0.009,625.0,679.5,0.08063287594517382,False,True,False,True,2,1,0,0,2,1,589,234,"[true, false, false]",10,2,0,Starfield Stage - 1
7786,2025-10-08T22:19:11.898999,0.009,622.5,679.5,0.07505515475886806,False,True,False,False,2,2,0,0,2,1,589,234,"[true, false, false]",10,2,0,Starfield Stage - 1
7795,2025-10-08T22:19:11.908112,0.009,620.0,679.5,0.06947275082608084,False,True,False,False,2,2,0,0,2,1,589,234,"[true, false, false]",10,2,0,Starfield Stage - 1
7804,2025-10-08T22:19:11.917092,0.009,617.5,679.5,0.06388600659564551,False,True,False,False,2,2,0,0,2,1,589,234,"[true, false, false]",10,2,0,Starfield Stage - 1
7814,2025-10-08T22:19:11.926632,0.009,615.0,679.5,0.05829526613271913,False,True,False,False,2,2,0,0,2,1,589,234,"[true, false, false]",10,2,0,Starfield Stage - 1
7822,2025-10-08T22:19:11.935038,0.008,612.5,679.5,0.05270087499399701,False,True,False,False,2,2,0,0,2,1,589,234,"[true, false, false]",10,2,0,Starfield Stage - 1
7831,2025-10-08T22:19:11.943472,0.009,610.0,679.5,0.04710318010154367,False,True,False,False,2,2,0,0,2,1,589,234,"[true, false, false]",10,2,0,Starfield Stage - 1
7839,2025-10-08T22:19:11.951957,0.009,607.5,679.5,0.041502529615352994,False,True,False,False,2,2,0,0,2,1,589,234,"[false, false, false]",10,2,0,Starfield Stage - 1
7848,2025-10-08T22:19:11.961128,0.009,605.0,679.5,0.03589927280475338,False,True,False,False,2,2,0,0,2,1,589,234,"[false, false, false]",10,2,0,Starfield Stage - 1
7857,2025-10-08T22:19:11.969949,0.009,602.5,679.5,0.0302937599187751,False,True,False,False,2,2,0,0,2,1,589,234,"[false, false, false]",10,2,0,Starfield Stage - 1
7867,2025-10-08T22:19:11.979595,0.009,600.0,679.5,0.024686342055599407,False,True,False,False,2,2,0,0,2,1,589,234,"[false, false, false]",10,2,0,Starfield Stage - 1
7875,2025-10-08T22:19:11.988068,0.009,597.5,679.5,0.01907737103120998,False,True,False,False,2,2,0,0,2,1,589,234,"[false, false, false]",10,2,0,Starfield Stage - 1
7884,2025-10-08T22:19:11.996649,0.008,595.0,679.5,0.013467199247369242,False,True,False,False,2,2,0,0,2,1,589,234,"[false, false, false]",10,2,0,Starfield Stage - 1
7892,2025-10-08T22:19:12.004532,0.008,592.5,679.5,0.007856179559042824,False,True,False,False,2,2,0,0,2,1,589,234,"[false, false, false]",10,2,0,Starfield Stage - 1
7939,2025-10-08T22:19:12.051581,0.008,590.0,679.5,0.002244665141396716,False,True,False,False,1,1,0,0,2,1,589,234,"[false, false, false]",20,2,0,Starfield Stage - 1
7941,2025-10-08T22:19:12.054017,0.042,587.5,679.5,-0.0033669906435077872,False,True,False,False,1,1,0,0,2,1,589,234,"[false, false, false]",20,2,0,Starfield Stage - 1
7950,2025-10-08T22:19:12.063154,0.009,585.0,679.5,-0.0089784343801956,False,True,False,False,1,1,0,0,2,1,589,234,"[false, false, false]",20,2,0,Starfield Stage - 1
7960,2025-10-08T22:19:12.072681,0.009,582.5,679.5,-0.014589312733309798,False,True,False,False,1,1,0,0,2,1,589,234,"[false, false, false]",20,2,0,Starfield Stage - 1
7968,2025-10-08T22:19:12.080559,0.008,580.0,679.5,-0.020199272581067927,False,True,False,False,1,1,0,0,2,1,589,234,"[false, false, false]",20,2,0,Starfield Stage - 1
7976,2025-10-08T22:19:12.089103,0.009,577.5,677.0,-0.025953539060154143,False,True,True,False,1,1,0,0,2,1,589,234,"[false, false, false]",20,2,0,Starfield Stage - 1
7985,2025-10-08T22:19:12.097965,0.009,575.0,674.5,-0.03177137129658073,False,True,True,False,1,1,0,0,2,1,589,234,"[false, false, false]",20,2,0,Starfield Stage - 1
7994,2025-10-08T22:19:12.107190,0.009,572.5,672.0,-0.03765342801218541,False,True,True,False,1,1,0,0,2,1,589,234,"[false, false, false]",20,2,0,Starfield Stage - 1
8003,2025-10-08T22:19:12.115611,0.008,570.0,669.5,-0.04589198056421621,False,True,True,False,1,1,0,0,2,1,590,234,"[false, false, false]",20,2,0,Starfield Stage - 1
8011,2025-10-08T22:19:12.123654,0.008,567.5,667.0,-0.056521719060142764,False,True,True,False,1,1,0,0,2,1,592,234,"[false, false, false]",20,2,0,Starfield Stage - 1
8019,2025-10-08T22:19:12.131997,0.009,565.0,664.5,-0.06973539922614255,False,True,True,False,1,1,0,0,2,1,595,235,"[false, false, false]",20,2,0,Starfield Stage - 1
8029,2025-10-08T22:19:12.142194,0.01,562.5,662.0,-0.08547200362195674,False,True,True,False,1,1,0,0,2,1,599,236,"[false, false, false]",20,2,0,Starfield Stage - 1
8038,2025-10-08T22:19:12.150649,0.008,560.0,659.5,-0.11600476378304632,False,True,True,False,1,1,0,0,2,1,609,239,"[false, false, false]",20,2,0,Starfield Stage - 1
8046,2025-10-08T22:19:12.158769,0.008,557.5,657.0,-0.1346715039951247,False,True,True,False,1,1,0,0,2,1,614,240,"[false, false, false]",20,2,0,Starfield Stage - 1
8055,2025-10-08T22:19:12.168053,0.009,555.0,654.5,-0.15119518055172976,False,True,True,False,1,1,0,0,2,1,618,241,"[false, false, false]",20,2,0,Starfield Stage - 1
8065,2025-10-08T22:19:12.177388,0.01,552.5,652.0,-0.16791601567552758,False,True,True,False,1,1,0,0,2,1,622,242,"[false, false, false]",20,2,0,Starfield Stage - 1
8073,2025-10-08T22:19:12.186156,0.008,550.0,649.5,-0.18245005351564672,False,True,True,False,1,1,0,0,2,1,625,243,"[false, false, false]",20,2,0,Starfield Stage - 1
8082,2025-10-08T22:19:12.194864,0.01,547.5,647.0,-0.19191550987078312,False,True,True,False,1,1,0,0,2,1,626,243,"[false, false, false]",20,2,0,Starfield Stage - 1
8093,2025-10-08T22:19:12.205285,0.009,545.0,644.5,-0.19907140218815092,False,True,True,False,1,1,0,0,2,1,626,243,"[false, false, false]",20,2,0,Starfield Stage - 1
8100,2025-10-08T22:19:12.212703,0.008,542.5,642.0,-0.20629597432679037,False,True,True,False,1,1,0,0,2,1,626,243,"[false, false, false]",20,2,0,Starfield Stage - 1
8108,2025-10-08T22:19:12.221059,0.008,540.0,639.5,-0.2135894547385516,False,True,True,False,1,1,0,0,2,1,626,243,"[false, false, false]",20,2,0,Starfield Stage - 1
8116,2025-10-08T22:19:12.228737,0.008,537.5,639.5,-0.20422805479638234,False,True,False,False,1,1,0,0,2,1,619,246,"[false, false, false]",20,2,0,Starfield Stage - 1
8124,2025-10-08T22:19:12.236970,0.009,535.0,639.5,-0.18975082591710005,False,True,False,False,1,1,0,0,2,1,610,249,"[false, false, false]",20,2,0,Starfield Stage - 1
8133,2025-10-08T22:19:12.245937,0.009,532.5,639.5,-0.16995733782059502,False,True,False,False,1,1,0,0,2,1,599,252,"[false, false, false]",20,2,0,Starfield Stage - 1
8142,2025-10-08T22:19:12.255067,0.009,530.0,639.5,-0.1424445997219216,False,True,False,False,1,1,0,0,2,1,585,256,"[false, false, false]",20,2,0,Starfield Stage - 1
8152,2025-10-08T22:19:12.264719,0.009,527.5,639.5,-0.10863760476227427,False,True,False,False,1,1,0,0,2,1,569,259,"[false, false, false]",20,2,0,Starfield Stage - 1
8160,2025-10-08T22:19:12.272624,0.008,525.0,639.5,-0.0742325366467246,False,True,False,False,1,1,0,0,2,1,553,263,"[false, false, false]",20,2,0,Starfield Stage - 1
8169,2025-10-08T22:19:12.281282,0.009,522.5,639.5,-0.036225755997322646,False,True,False,False,1,1,0,0,2,1,536,267,"[false, false, false]",20,2,0,Starfield Stage - 1
8177,2025-10-08T22:19:12.289856,0.008,520.0,639.5,0.00814093276776349,False,True,False,False,1,1,0,0,2,1,517,271,"[false, false, false]",20,2,0,Starfield Stage - 1
8185,2025-10-08T22:19:12.298073,0.008,517.5,639.5,0.050434683363684854,False,True,False,False,1,1,0,0,2,1,499,273,"[false, false, false]",20,2,0,Starfield Stage - 1
8193,2025-10-08T22:19:12.305904,0.009,515.0,639.5,0.09871523409304375,False,True,False,False,1,1,0,0,2,1,479,276,"[false, false, false]",20,2,0,Starfield Stage - 1
8202,2025-10-08T22:19:12.315109,0.009,512.5,639.5,0.14613105547731853,False,True,False,False,1,1,0,1,2,1,459,276,"[false, false, false]",20,2,0,Starfield Stage - 1
8211,2025-10-08T22:19:12.323466,0.008,510.0,639.5,0.1934136323953586,False,True,False,False,1,1,0,1,2,1,439,277,"[false, false, false]",20,2,0,Starfield Stage - 1
8219,2025-10-08T22:19:12.331930,0.009,507.5,639.5,0.23811378241001133,False,True,False,False,1,1,0,1,2,1,420,279,"[false, false, false]",20,2,0,Starfield Stage - 1
8228,2025-10-08T22:19:12.341269,0.009,505.0,639.5,0.2779301781425602,False,True,False,False,1,1,0,1,2,1,403,282,"[false, false, false]",20,2,0,Starfield Stage - 1
8238,2025-10-08T22:19:12.350281,0.008,502.5,639.5,0.3431148247247338,False,True,False,False,1,1,0,1,2,1,378,291,"[false, false, false]",20,2,0,Starfield Stage - 1
8245,2025-10-08T22:19:12.358089,0.009,500.0,639.5,0.3627642592631574,False,True,False,False,1,1,0,1,2,1,370,297,"[false, false, false]",20,2,0,Starfield Stage - 1
8253,2025-10-08T22:19:12.365975,0.008,497.5,642.0,0.3736011160241399,False,True,False,True,1,1,0,1,2,1,365,304,"[false, false, false]",20,2,0,Starfield Stage - 1
8263,2025-10-08T22:19:12.375821,0.009,495.0,644.5,0.3794719838945283,False,True,False,True,1,1,0,1,2,1,362,311,"[false, false, false]",20,2,0,Starfield Stage - 1
8272,2025-10-08T22:19:12.384711,0.009,492.5,647.0,0.38653671827672753,False,True,False,True,2,1,0,1,2,1,359,319,"[true, false, false]",20,2,0,Starfield Stage - 1
8280,2025-10-08T22:19:12.392752,0.008,490.0,649.5,0.3858410824397679,False,True,False,True,2,1,0,1,2,1,359,327,"[true, false, false]",20,2,0,Starfield Stage - 1
8288,2025-10-08T22:19:12.400908,0.008,487.5,652.0,0.3856303883623462,False,True,False,True,2,1,0,1,2,1,358,333,"[true, false, false]",20,2,0,Starfield Stage - 1
8297,2025-10-08T22:19:12.410049,0.009,485.0,654.5,0.3843138104409955,False,True,False,True,2,1,0,1,2,1,357,338,"[true, false, false]",20,2,0,Starfield Stage - 1
8305,2025-10-08T22:19:12.418067,0.008,482.5,657.0,0.37913726515292157,False,True,False,True,2,1,0,1,2,1,357,342,"[true, false, false]",20,2,0,Starfield Stage - 1
8313,2025-10-08T22:19:12.425927,0.009,482.5,659.5,0.3785922421791222,True,True,False,True,2,1,0,1,2,1,357,344,"[true, false, false]",20,2,0,Starfield Stage - 1
8322,2025-10-08T22:19:12.435112,0.009,482.5,662.0,0.3780487086580803,True,True,False,True,2,1,0,1,2,1,357,346,"[true, false, false]",20,2,0,Starfield Stage - 1
8330,2025-10-08T22:19:12.442988,0.008,482.5,664.5,0.37477343418769826,True,True,False,True,2,1,0,1,2,1,358,348,"[true, false, false]",20,2,0,Starfield Stage - 1
8340,2025-10-08T22:19:12.452400,0.009,485.0,667.0,0.3788838798881884,True,False,False,True,2,1,0,1,2,1,358,348,"[true, false, false]",20,2,0,Starfield Stage - 1
8348,2025-10-08T22:19:12.460634,0.008,487.5,669.5,0.37862212631405295,True,False,False,True,2,1,0,1,2,1,360,349,"[false, false, false]",20,2,0,Starfield Stage - 1
8356,2025-10-08T22:19:12.468902,0.009,490.0,672.0,0.37567808845207673,True,False,False,True,2,1,0,1,2,1,363,350,"[false, false, false]",20,2,0,Starfield Stage - 1
8366,2025-10-08T22:19:12.478593,0.009,492.5,674.5,0.372754594400158,True,False,False,True,2,1,0,1,2,1,366,351,"[false, false, false]",20,2,0,Starfield Stage - 1
8375,2025-10-08T22:19:12.487350,0.009,495.0,674.5,0.3724614983790666,True,False,False,False,2,1,0,1,2,1,369,352,"[false, false, false]",20,2,0,Starfield Stage - 1
8383,2025-10-08T22:19:12.495649,0.008,497.5,674.5,0.3694645420147481,True,False,False,False,2,1,0,1,2,1,373,353,"[false, false, false]",20,2,0,Starfield Stage - 1
8391,2025-10-08T22:19:12.503620,0.008,500.0,674.5,0.3664418460790384,True,False,False,False,2,1,0,1,2,1,377,354,"[false, false, false]",20,2,0,Starfield Stage - 1
8400,2025-10-08T22:19:12.512289,0.009,502.5,674.5,0.360655843701439,True,False,False,False,2,1,0,1,2,1,382,355,"[false, false, false]",20,2,0,Starfield Stage - 1
8408,2025-10-08T22:19:12.521083,0.009,505.0,674.5,0.36031812433112187,True,False,False,False,2,1,0,1,2,1,385,356,"[false, false, false]",20,2,0,Starfield Stage - 1
8417,2025-10-08T22:19:12.529407,0.008,507.5,674.5,0.3561875866407496,True,False,False,False,2,1,0,1,2,1,389,356,"[false, false, false]",20,2,0,Starfield Stage - 1
8425,2025-10-08T22:19:12.538097,0.008,510.0,674.5,0.35480790672708273,True,False,False,False,2,1,0,1,2,1,392,356,"[false, false, false]",20,2,0,Starfield Stage - 1
8433,2025-10-08T22:19:12.546201,0.009,512.5,674.5,0.3561875866407496,True,False,False,False,2,1,0,1,2,1,394,356,"[false, false, false]",20,2,0,Starfield Stage - 1
8442,2025-10-08T22:19:12.555260,0.009,515.0,674.5,0.36031812433112187,True,False,False,False,2,1,0,1,2,1,395,356,"[false, false, false]",20,2,0,Starfield Stage - 1
8452,2025-10-08T22:19:12.565257,0.009,517.5,674.5,0.3671738338182192,True,False,False,False,2,1,0,1,2,1,395,356,"[false, false, false]",20,2,0,Starfield Stage - 1
8460,2025-10-08T22:19:12.572730,0.008,520.0,674.5,0.3739935791023955,True,False,False,False,3,1,0,1,2,1,395,356,"[true, false, false]",20,2,0,Starfield Stage - 1
8468,2025-10-08T22:19:12.580812,0.008,522.5,674.5,0.3807770131003447,True,False,False,False,3,1,0,1,2,1,395,356,"[true, false, false]",20,2,0,Starfield Stage - 1
8476,2025-10-08T22:19:12.589124,0.009,525.0,674.5,0.38752380578027884,True,False,False,False,2,1,0,1,2,1,395,356,"[true, false, false]",20,2,0,Starfield Stage - 1
8486,2025-10-08T22:19:12.598692,0.009,527.5,674.5,0.3942336440077073,True,False,False,False,2,1,0,1,2,1,395,356,"[true, false, false]",20,2,0,Starfield Stage - 1
8494,2025-10-08T22:19:12.606796,0.008,530.0,674.5,0.4009062313776348,True,False,False,False,2,1,0,1,2,1,395,356,"[true, false, false]",20,2,0,Starfield Stage - 1
8502,2025-10-08T22:19:12.614820,0.008,532.5,674.5,0.40754128803387984,True,False,False,False,2,1,0,1,2,1,395,356,"[true, false, false]",20,2,0,Starfield Stage - 1
8549,2025-10-08T22:19:12.661508,0.008,535.0,674.5,0.4141385504762117,True,False,False,False,1,1,0,1,3,1,395,356,"[true, false, false]",30,2,0,Starfield Stage - 1
8551,2025-10-08T22:19:12.663811,0.041,537.5,674.5,0.42069777135600855,True,False,False,False,1,1,0,1,3,1,395,356,"[true, false, false]",30,2,0,Starfield Stage - 1
8559,2025-10-08T22:19:12.671910,0.008,540.0,674.5,0.4088637722058662,True,False,False,False,1,1,0,1,3,1,402,356,"[false, false, false]",30,2,0,Starfield Stage - 1
8568,2025-10-08T22:19:12.680486,0.009,542.5,674.5,0.4060316034206521,True,False,False,False,1,1,0,1,3,1,406,357,"[false, false, false]",30,2,0,Starfield Stage - 1
8577,2025-10-08T22:19:12.689458,0.009,545.0,674.5,0.40470170835542046,True,False,False,False,1,1,0,1,3,1,409,357,"[false, false, false]",30,2,0,Starfield Stage - 1
8585,2025-10-08T22:19:12.698166,0.009,547.5,674.5,0.40717749659024655,True,False,False,False,1,1,0,1,3,1,411,358,"[false, false, false]",30,2,0,Starfield Stage - 1
8595,2025-10-08T22:19:12.708198,0.009,550.0,674.5,0.4096636531000808,True,False,False,False,1,1,0,1,3,1,413,359,"[false, false, false]",30,2,0,Starfield Stage - 1
8602,2025-10-08T22:19:12.715270,0.008,552.5,674.5,0.4174865401306858,True,False,False,False,1,1,0,1,3,1,413,360,"[false, false, false]",30,2,0,Starfield Stage - 1
8611,2025-10-08T22:19:12.723349,0.008,555.0,674.5,0.4241092108858684,True,False,False,False,1,1,0,1,3,1,413,360,"[false, false, false]",30,2,0,Starfield Stage - 1
8619,2025-10-08T22:19:12.731674,0.008,557.5,674.5,0.430692511386508,True,False,False,False,1,1,0,1,3,1,413,360,"[false, false, false]",30,2,0,Starfield Stage - 1
8628,2025-10-08T22:19:12.740616,0.009,560.0,674.5,0.4372362261264642,True,False,False,False,1,1,0,1,3,1,413,360,"[false, false, false]",30,2,0,Starfield Stage - 1
8636,2025-10-08T22:19:12.749181,0.009,562.5,674.5,0.443740155742864,True,False,False,False,2,1,0,1,3,1,413,360,"[true, false, false]",30,2,0,Starfield Stage - 1
8645,2025-10-08T22:19:12.757460,0.008,565.0,674.5,0.4502041167521695,True,False,False,False,2,1,0,1,3,1,413,360,"[true, false, false]",30,2,0,Starfield Stage - 1
8653,2025-10-08T22:19:12.765768,0.008,567.5,674.5,0.4566279412779525,True,False,False,False,2,1,0,1,3,1,413,360,"[true, false, false]",30,2,0,Starfield Stage - 1
8661,2025-10-08T22:19:12.774064,0.008,570.0,674.5,0.46301147677109117,True,False,False,False,2,1,0,1,3,1,413,360,"[true, false, false]",30,2,0,Starfield Stage - 1
8669,2025-10-08T22:19:12.781982,0.008,572.5,674.5,0.46935458572308764,True,False,False,False,2,1,0,1,3,1,413,360,"[true, false, false]",30,2,0,Starfield Stage - 1
8677,2025-10-08T22:19:12.789919,0.009,575.0,674.5,0.4756571453731906,True,False,False,False,2,1,0,1,3,1,413,360,"[true, false, false]",30,2,0,Starfield Stage - 1
8687,2025-10-08T22:19:12.799285,0.009,577.5,674.5,0.4819190474099918,True,False,False,False,2,1,0,1,3,1,413,360,"[true, false, false]",30,2,0,Starfield Stage - 1
8695,2025-10-08T22:19:12.807904,0.009,580.0,674.5,0.4881401976681457,True,False,False,False,2,1,0,1,3,1,413,360,"[true, false, false]",30,2,0,Starfield Stage - 1
8704,2025-10-08T22:19:12.817009,0.009,582.5,674.5,0.49432051582084474,True,False,False,False,2,1,0,1,3,1,413,360,"[true, false, false]",30,2,0,Starfield Stage - 1
8713,2025-10-08T22:19:12.825896,0.009,585.0,674.5,0.5004599350686625,True,False,False,False,2,1,0,1,3,1,413,360,"[false, false, false]",30,2,0,Starfield Stage - 1
8760,2025-10-08T22:19:12.872496,0.009,587.5,674.5,0.5065584018253572,True,False,False,False,1,0,0,1,3,1,413,360,"[false, false, false]",30,2,0,Starfield Stage - 1
8762,2025-10-08T22:19:12.874640,0.039,590.0,674.5,0.5126158754012083,True,False,False,False,1,0,0,1,3,1,413,360,"[false, false, false]",30,2,0,Starfield Stage - 1
8770,2025-10-08T22:19:12.882998,0.009,592.5,674.5,0.5186323276844365,True,False,False,False,1,0,0,1,3,1,413,360,"[false, false, false]",30,2,0,Starfield Stage - 1
8780,2025-10-08T22:19:12.892335,0.009,595.0,674.5,0.5246077428212358,True,False,False,False,1,0,0,1,3,1,413,360,"[false, false, false]",30,2,0,Starfield Stage - 1
8787,2025-10-08T22:19:12.900009,0.008,597.5,674.5,0.5305421168949296,True,False,False,False,1,0,0,1,3,1,413,360,"[false, false, false]",30,2,0,Starfield Stage - 1
8796,2025-10-08T22:19:12.909062,0.008,600.0,674.5,0.5364354576047312,True,False,False,False,1,0,0,1,3,1,413,360,"[false, false, false]",30,2,0,Starfield Stage - 1
8804,2025-10-08T22:19:12.917017,0.009,602.5,672.0,0.545822313567874,True,False,True,False,1,0,0,1,3,1,413,360,"[false, false, false]",30,2,0,Starfield Stage - 1
8813,2025-10-08T22:19:12.926111,0.009,605.0,669.5,0.5552524128232186,True,False,True,False,1,0,0,1,3,1,413,360,"[false, false, false]",30,2,0,Starfield Stage - 1
8823,2025-10-08T22:19:12.935948,0.009,607.5,667.0,0.5647243663529234,True,False,True,False,1,1,0,1,3,1,413,360,"[false, false, false]",30,2,0,Starfield Stage - 1
8831,2025-10-08T22:19:12.943767,0.008,610.0,664.5,0.5742367427505543,True,False,True,False,1,1,0,1,3,1,413,360,"[false, false, false]",30,2,0,Starfield Stage - 1
8840,2025-10-08T22:19:12.952791,0.009,612.5,662.0,0.5837880691140473,True,False,True,False,1,1,0,1,3,1,413,360,"[false, false, false]",30,2,0,Starfield Stage - 1
8849,2025-10-08T22:19:12.961278,0.008,615.0,659.5,0.5933768320372125,True,False,True,False,1,1,0,1,3,1,413,360,"[false, false, false]",30,2,0,Starfield Stage - 1
8857,2025-10-08T22:19:12.969283,0.009,617.5,657.0,0.6030014786994181,True,False,True,False,1,1,0,1,3,1,413,360,"[false, false, false]",30,2,0,Starfield Stage - 1
8865,2025-10-08T22:19:12.978001,0.009,620.0,654.5,0.6126604180526928,True,False,True,False,1,1,0,1,3,1,413,360,"[false, false, false]",30,2,0,Starfield Stage - 1
8874,2025-10-08T22:19:12.987036,0.009,622.5,652.0,0.6223520221050614,True,False,True,False,1,1,0,1,3,1,413,360,"[false, false, false]",30,2,0,Starfield Stage - 1
8884,2025-10-08T22:19:12.996501,0.009,625.0,649.5,0.63207462729851,True,False,True,False,1,1,0,1,3,1,413,360,"[false, false, false]",30,2,0,Starfield Stage - 1
8892,2025-10-08T22:19:13.004518,0.008,627.5,647.0,0.6418265359795499,True,False,True,False,1,1,0,1,3,1,413,360,"[false, false, false]",30,2,0,Starfield Stage - 1
8900,2025-10-08T22:19:13.013086,0.009,630.0,644.5,0.6516060179599168,True,False,True,False,1,1,0,1,3,1,413,360,"[false, false, false]",30,2,0,Starfield Stage - 1
8910,2025-10-08T22:19:13.023141,0.009,632.5,642.0,0.6614113121645254,True,False,True,False,1,1,0,1,3,1,413,360,"[false, false, false]",30,2,0,Starfield Stage - 1
8919,2025-10-08T22:19:13.031845,0.009,635.0,639.5,0.67124062836337,True,False,True,False,1,1,0,1,3,1,413,360,"[false, false, false]",30,2,0,Starfield Stage - 1
8927,2025-10-08T22:19:13.040058,0.009,637.5,637.0,0.6810921489836536,True,False,True,False,1,1,0,1,3,1,413,360,"[false, false, false]",30,2,0,Starfield Stage - 1
8937,2025-10-08T22:19:13.049603,0.009,640.0,634.5,0.69096403099803,True,False,True,False,1,1,0,1,3,1,413,360,"[false, false, false]",30,2,0,Starfield Stage - 1
8945,2025-10-08T22:19:13.058099,0.009,642.5,632.0,0.7008544078844502,True,False,True,False,1,1,0,1,3,1,413,360,"[false, false, false]",30,2,0,Starfield Stage - 1
8955,2025-10-08T22:19:13.067704,0.009,645.0,629.5,0.710761391652742,True,False,True,False,1,1,0,1,3,1,413,360,"[false, false, false]",30,2,0,Starfield Stage - 1
8963,2025-10-08T22:19:13.075788,0.008,647.5,627.0,0.7206830749327013,True,False,True,False,1,1,0,1,3,1,413,360,"[false, false, false]",30,2,0,Starfield Stage - 1
8972,2025-10-08T22:19:13.084959,0.01,650.0,624.5,0.7306175331181483,True,False,True,False,1,1,0,1,3,1,413,360,"[false, false, false]",30,2,0,Starfield Stage - 1
8981,2025-10-08T22:19:13.093944,0.009,652.5,622.0,0.7405628265611035,True,False,True,False,1,1,0,1,3,1,413,360,"[false, false, false]",30,2,0,Starfield Stage - 1
8990,2025-10-08T22:19:13.103133,0.009,655.0,619.5,0.7505170028099715,True,False,True,False,1,1,0,1,3,1,413,360,"[false, false, false]",30,2,0,Starfield Stage - 1
8999,2025-10-08T22:19:13.112188,0.008,657.5,617.0,0.7604780988853762,True,False,True,False,1,1,0,1,3,1,413,360,"[false, false, false]",30,2,0,Starfield Stage - 1
9008,2025-10-08T22:19:13.121020,0.009,660.0,614.5,0.7704441435870912,True,False,True,False,1,1,0,1,3,1,413,360,"[false, false, false]",30,2,0,Starfield Stage - 1
9015,2025-10-08T22:19:13.128070,0.008,662.5,612.0,0.7804131598253343,True,False,True,False,1,1,0,1,3,1,413,360,"[false, false, false]",30,2,0,Starfield Stage - 1
9025,2025-10-08T22:19:13.137454,0.009,665.0,609.5,0.7903831669695623,True,False,True,False,1,1,0,1,3,1,413,360,"[false, false, false]",30,2,0,Starfield Stage - 1
9033,2025-10-08T22:19:13.145840,0.008,667.5,607.0,0.8003521832078054,True,False,True,False,1,1,0,1,3,1,413,360,"[false, false, false]",30,2,0,Starfield Stage - 1
9041,2025-10-08T22:19:13.153936,0.009,670.0,604.5,0.8103182279095203,True,False,True,False,1,1,0,1,3,1,413,360,"[false, false, false]",30,2,0,Starfield Stage - 1
9050,2025-10-08T22:19:13.162941,0.009,672.5,602.0,0.8183532610117464,True,False,True,False,1,1,0,1,3,1,414,360,"[false, false, false]",30,2,0,Starfield Stage - 1
9060,2025-10-08T22:19:13.172387,0.009,675.0,599.5,0.8264161849722145,True,False,True,False,1,1,0,1,3,1,415,360,"[false, false, false]",30,2,0,Starfield Stage - 1
9068,2025-10-08T22:19:13.180512,0.008,677.5,597.0,0.8269985145496068,True,False,True,False,1,1,0,1,3,1,421,361,"[false, false, false]",30,2,0,Starfield Stage - 1
9076,2025-10-08T22:19:13.188382,0.008,680.0,594.5,0.8275976068634063,True,False,True,False,1,1,0,1,3,1,427,362,"[false, false, false]",30,2,0,Starfield Stage - 1
9084,2025-10-08T22:19:13.196982,0.009,682.5,592.0,0.8221849251996962,True,False,True,False,1,1,0,1,3,1,436,363,"[false, false, false]",30,2,0,Starfield Stage - 1
9094,2025-10-08T22:19:13.206389,0.009,685.0,589.5,0.8123603443176773,True,False,True,False,1,1,0,1,3,1,447,364,"[false, false, false]",30,2,0,Starfield Stage - 1
9102,2025-10-08T22:19:13.215175,0.009,687.5,587.0,0.7953867324135151,True,False,True,False,1,1,0,1,3,1,460,364,"[false, false, false]",30,2,0,Starfield Stage - 1
9112,2025-10-08T22:19:13.224472,0.009,690.0,587.0,0.7624664041009728,True,False,False,False,1,1,0,1,3,1,477,364,"[false, false, false]",30,2,0,Starfield Stage - 1
9120,2025-10-08T22:19:13.232506,0.008,692.5,587.0,0.719781625028257,True,False,False,False,1,1,0,1,3,1,497,364,"[false, false, false]",30,2,0,Starfield Stage - 1
9129,2025-10-08T22:19:13.241399,0.009,695.0,587.0,0.6625935552053648,True,False,False,False,1,1,0,1,3,1,521,364,"[false, false, false]",30,2,0,Starfield Stage - 1
9137,2025-10-08T22:19:13.250185,0.008,697.5,587.0,0.5843719141065962,True,False,False,False,1,1,0,1,3,2,550,364,"[false, false, false]",30,2,0,Starfield Stage - 1
9145,2025-10-08T22:19:13.257900,0.009,697.5,587.0,0.4743519280612099,True,True,False,False,1,1,0,1,3,2,583,364,"[false, false, false]",30,2,0,Starfield Stage - 1
9154,2025-10-08T22:19:13.267183,0.009,697.5,587.0,0.33847140393944697,True,True,False,False,1,1,0,1,3,2,619,364,"[false, false, false]",30,2,0,Starfield Stage - 1
9164,2025-10-08T22:19:13.276693,0.009,697.5,587.0,0.16660269311114353,True,True,False,False,1,1,0,1,3,2,660,364,"[false, false, false]",30,2,0,Starfield Stage - 1
9172,2025-10-08T22:19:13.285075,0.009,697.5,587.0,-0.2375121352138771,True,True,False,False,1,1,0,1,3,2,751,366,"[false, false, false]",30,2,0,Starfield Stage - 1
9183,2025-10-08T22:19:13.295559,0.01,697.5,587.0,-0.4375097721174529,True,True,False,False,1,1,0,1,3,2,799,370,"[false, false, false]",30,2,0,Starfield Stage - 1
9191,2025-10-08T22:19:13.304072,0.009,695.0,587.0,-0.6211455430906714,False,True,False,False,1,1,0,1,3,2,846,376,"[false, false, false]",30,2,0,Starfield Stage - 1
9201,2025-10-08T22:19:13.313920,0.009,692.5,587.0,-0.774246209371834,False,True,False,False,1,1,0,1,3,2,892,383,"[false, false, false]",30,2,0,Starfield Stage - 1
9208,2025-10-08T22:19:13.321091,0.008,690.0,587.0,-0.8990613875412244,False,True,False,False,1,1,0,1,3,2,934,393,"[false, false, false]",30,2,0,Starfield Stage - 1
9218,2025-10-08T22:19:13.330702,0.009,687.5,587.0,-0.9926254424990247,False,True,False,False,1,1,0,1,3,2,971,402,"[false, false, false]",30,2,0,Starfield Stage - 1
9227,2025-10-08T22:19:13.340185,0.009,685.0,587.0,-1.071228610643226,False,True,False,False,1,1,0,1,3,2,1002,414,"[false, false, false]",30,2,0,Starfield Stage - 1
9235,2025-10-08T22:19:13.347827,0.008,682.5,587.0,-1.1818965818549385,False,True,False,False,1,1,0,1,3,2,1051,436,"[false, false, false]",30,2,0,Starfield Stage - 1
9243,2025-10-08T22:19:13.356089,0.009,680.0,587.0,-1.2238794620009579,False,True,False,False,1,1,0,1,3,2,1070,446,"[false, false, false]",30,2,0,Starfield Stage - 1
9253,2025-10-08T22:19:13.365802,0.009,677.5,587.0,-1.263398853672075,False,True,False,False,1,1,0,1,3,2,1087,457,"[false, false, false]",30,2,0,Starfield Stage - 1
9261,2025-10-08T22:19:13.373706,0.008,675.0,587.0,-1.3021566976205257,False,True,False,False,1,1,0,1,3,2,1100,470,"[false, false, false]",30,2,0,Starfield Stage - 1
9269,2025-10-08T22:19:13.382106,0.009,672.5,587.0,-1.3422493743034087,False,True,False,False,1,1,0,1,3,2,1111,485,"[false, false, false]",30,2,0,Starfield Stage - 1
9279,2025-10-08T22:19:13.391693,0.009,670.0,587.0,-1.385851819488448,False,True,False,False,1,1,0,1,3,2,1119,503,"[false, false, false]",30,2,0,Starfield Stage - 1
9287,2025-10-08T22:19:13.399677,0.008,667.5,587.0,-1.4275224947219471,False,True,False,False,1,1,0,1,3,2,1125,521,"[false, false, false]",30,2,0,Starfield Stage - 1
9295,2025-10-08T22:19:13.407799,0.009,665.0,587.0,-1.4674936586633884,False,True,False,False,1,1,0,1,3,2,1128,539,"[false, false, false]",30,2,0,Starfield Stage - 1
9305,2025-10-08T22:19:13.417337,0.009,662.5,587.0,-1.5065760775946861,False,True,False,False,1,1,0,1,3,2,1129,557,"[false, false, false]",30,2,0,Starfield Stage - 1
9313,2025-10-08T22:19:13.425916,0.009,660.0,587.0,-1.5409544421277872,False,True,False,False,1,1,0,1,3,2,1129,573,"[false, false, false]",30,2,0,Starfield Stage - 1
9322,2025-10-08T22:19:13.434887,0.009,657.5,587.0,-1.5707963267948966,False,True,False,False,1,1,0,1,3,2,1127,587,"[false, false, false]",30,2,0,Starfield Stage - 1
9332,2025-10-08T22:19:13.445109,0.01,655.0,587.0,-1.5921605971229882,False,True,False,False,1,1,0,1,3,2,1123,597,"[false, false, false]",30,2,0,Starfield Stage - 1
9342,2025-10-08T22:19:13.454683,0.009,652.5,587.0,-1.6182256706553273,False,True,False,False,1,1,0,1,3,2,1116,609,"[false, false, false]",30,2,0,Starfield Stage - 1
9350,2025-10-08T22:19:13.462698,0.008,650.0,589.5,-1.621618326771297,False,True,False,True,1,1,0,1,3,2,1112,613,"[false, false, false]",30,2,0,Starfield Stage - 1
9358,2025-10-08T22:19:13.471091,0.009,647.5,592.0,-1.6207005689373406,False,True,False,True,1,1,0,1,3,2,1108,615,"[false, false, false]",30,2,0,Starfield Stage - 1
9368,2025-10-08T22:19:13.480384,0.009,645.0,594.5,-1.6175014671719148,False,True,False,True,1,1,0,1,3,2,1105,616,"[false, false, false]",30,2,0,Starfield Stage - 1
9376,2025-10-08T22:19:13.488770,0.008,642.5,597.0,-1.6142001034944773,False,True,False,True,1,1,0,1,3,2,1103,617,"[false, false, false]",30,2,0,Starfield Stage - 1
9384,2025-10-08T22:19:13.496765,0.008,640.0,599.5,-1.610992056064364,False,True,False,True,1,1,0,1,3,2,1100,618,"[false, false, false]",30,2,0,Starfield Stage - 1
9392,2025-10-08T22:19:13.504851,0.008,637.5,602.0,-1.6055271981036716,False,True,False,True,1,1,0,1,3,2,1098,618,"[false, false, false]",30,2,0,Starfield Stage - 1
9401,2025-10-08T22:19:13.513363,0.009,635.0,604.5,-1.602171309056994,False,True,False,True,1,1,0,1,3,2,1097,619,"[false, false, false]",30,2,0,Starfield Stage - 1
9409,2025-10-08T22:19:13.521775,0.008,632.5,607.0,-1.601057356703537,False,True,False,True,1,1,0,1,3,2,1095,621,"[false, false, false]",30,2,0,Starfield Stage - 1
9417,2025-10-08T22:19:13.530092,0.009,630.0,609.5,-1.5999457354067554,False,True,False,True,1,1,0,1,3,2,1093,623,"[false, false, false]",30,2,0,Starfield Stage - 1
9427,2025-10-08T22:19:13.539288,0.009,627.5,612.0,-1.5988970359923063,False,True,False,True,0,1,0,1,3,2,1090,625,"[false, false, false]",30,2,0,Starfield Stage - 1
9435,2025-10-08T22:19:13.548040,0.008,625.0,614.5,-1.597787610409212,False,True,False,True,0,1,0,1,3,2,1088,627,"[false, false, false]",30,2,0,Starfield Stage - 1
9443,2025-10-08T22:19:13.556046,0.009,622.5,617.0,-1.6056027211894015,False,True,False,True,1,1,0,1,3,2,1082,633,"[true, false, false]",30,2,0,Starfield Stage - 1
9453,2025-10-08T22:19:13.565747,0.009,620.0,619.5,-1.6046262099833648,False,True,False,True,1,1,0,1,3,2,1078,635,"[true, false, false]",30,2,0,Starfield Stage - 1
9461,2025-10-08T22:19:13.573625,0.008,617.5,622.0,-1.6058312732958981,False,True,False,True,1,1,0,1,3,2,1074,638,"[true, false, false]",30,2,0,Starfield Stage - 1
9469,2025-10-08T22:19:13.582100,0.009,615.0,624.5,-1.6047744727373592,False,True,False,True,1,1,0,1,3,2,1071,640,"[true, false, false]",30,2,0,Starfield Stage - 1
9478,2025-10-08T22:19:13.590800,0.008,612.5,627.0,-1.6037152759111806,False,True,False,True,1,1,0,1,3,2,1068,642,"[true, false, false]",30,2,0,Starfield Stage - 1
9486,2025-10-08T22:19:13.599002,0.009,610.0,629.5,-1.6004579545158724,False,True,False,True,1,1,0,1,3,2,1065,643,"[true, false, false]",30,2,0,Starfield Stage - 1
9495,2025-10-08T22:19:13.608095,0.009,607.5,632.0,-1.5971928345353634,False,True,False,True,1,1,0,1,3,2,1062,644,"[true, false, false]",30,2,0,Starfield Stage - 1
9504,2025-10-08T22:19:13.617227,0.009,605.0,634.5,-1.5917183836379567,False,True,False,True,1,1,0,1,3,2,1059,644,"[false, false, false]",30,2,0,Starfield Stage - 1
9514,2025-10-08T22:19:13.626732,0.009,602.5,637.0,-1.5862306027635806,False,True,False,True,1,1,0,1,3,2,1056,644,"[false, false, false]",30,2,0,Starfield Stage - 1
9522,2025-10-08T22:19:13.634641,0.008,600.0,637.0,-1.5862818145315125,False,True,False,False,1,1,0,1,3,2,1052,644,"[false, false, false]",30,2,0,Starfield Stage - 1
9531,2025-10-08T22:19:13.643296,0.009,597.5,637.0,-1.5841734552243287,False,True,False,False,1,1,0,1,3,2,1046,643,"[false, false, false]",30,2,0,Starfield Stage - 1
9539,2025-10-08T22:19:13.651851,0.008,595.0,637.0,-1.5798254267946261,False,True,False,False,1,1,0,1,3,2,1038,641,"[false, false, false]",30,2,0,Starfield Stage - 1
9547,2025-10-08T22:19:13.659850,0.009,592.5,637.0,-1.5684406185494026,False,True,False,False,1,1,0,1,3,2,1017,636,"[false, false, false]",30,2,0,Starfield Stage - 1
9556,2025-10-08T22:19:13.668974,0.009,590.0,637.0,-1.5611580710408381,False,True,False,False,1,1,0,1,3,2,1005,633,"[false, false, false]",30,2,0,Starfield Stage - 1
9566,2025-10-08T22:19:13.678966,0.01,587.5,637.0,-1.5510214017539756,False,True,False,False,1,1,0,1,3,2,992,629,"[false, false, false]",30,2,0,Starfield Stage - 1
9575,2025-10-08T22:19:13.687466,0.008,585.0,637.0,-1.5428847955211822,False,True,False,False,1,1,0,1,3,2,979,626,"[false, false, false]",30,2,0,Starfield Stage - 1
9583,2025-10-08T22:19:13.695812,0.009,582.5,637.0,-1.5395970909612284,False,True,False,False,1,1,0,1,3,2,967,625,"[false, false, false]",30,2,0,Starfield Stage - 1
9592,2025-10-08T22:19:13.704682,0.008,580.0,637.0,-1.5363272257953886,False,True,False,False,1,1,0,1,3,2,957,624,"[false, false, false]",30,2,0,Starfield Stage - 1
9600,2025-10-08T22:19:13.713243,0.009,577.5,637.0,-1.5359111562895562,False,True,False,False,1,1,0,1,3,2,950,624,"[false, false, false]",30,2,0,Starfield Stage - 1
9610,2025-10-08T22:19:13.722737,0.009,575.0,637.0,-1.5384625860258039,False,True,False,False,1,1,0,1,3,2,946,625,"[false, false, false]",30,2,0,Starfield Stage - 1
9618,2025-10-08T22:19:13.730960,0.009,572.5,637.0,-1.5439571355356811,False,True,False,False,1,1,0,1,3,2,945,627,"[false, false, false]",30,2,0,Starfield Stage - 1
9627,2025-10-08T22:19:13.739858,0.009,570.0,637.0,-1.5547549221482528,False,True,False,False,2,1,0,1,3,2,944,631,"[true, false, false]",30,2,0,Starfield Stage - 1
9636,2025-10-08T22:19:13.749022,0.009,567.5,637.0,-1.5761367299636369,False,True,False,False,2,1,0,1,3,2,942,639,"[true, false, false]",30,2,0,Starfield Stage - 1
9646,2025-10-08T22:19:13.758609,0.009,565.0,637.0,-1.586710102643504,False,True,False,False,2,1,0,1,3,2,942,643,"[true, false, false]",30,2,0,Starfield Stage - 1
9654,2025-10-08T22:19:13.766935,0.009,562.5,637.0,-1.5945699183012394,False,True,False,False,2,1,0,1,3,2,941,646,"[true, false, false]",30,2,0,Starfield Stage - 1
9663,2025-10-08T22:19:13.776113,0.009,560.0,637.0,-1.5996596998951753,False,True,False,False,2,1,0,1,3,2,941,648,"[true, false, false]",30,2,0,Starfield Stage - 1
9673,2025-10-08T22:19:13.785361,0.009,557.5,637.0,-1.6046816566990143,False,True,False,False,2,1,0,1,3,2,941,650,"[true, false, false]",30,2,0,Starfield Stage - 1
9681,2025-10-08T22:19:13.793956,0.008,555.0,637.0,-1.6070498655863277,False,True,False,False,2,1,0,1,3,2,941,651,"[true, false, false]",30,2,0,Starfield Stage - 1
9690,2025-10-08T22:19:13.802471,0.009,552.5,637.0,-1.606816776224086,False,True,False,False,2,1,0,1,3,2,941,651,"[true, false, false]",30,2,0,Starfield Stage - 1
9698,2025-10-08T22:19:13.810829,0.009,550.0,634.5,-1.6155235102676482,False,True,True,False,2,1,0,1,3,2,941,652,"[false, false, false]",30,2,0,Starfield Stage - 1
9707,2025-10-08T22:19:13.819975,0.009,547.5,632.0,-1.6215785499603756,False,True,True,False,2,1,0,1,3,2,941,652,"[false, false, false]",30,2,0,Starfield Stage - 1
9716,2025-10-08T22:19:13.829003,0.009,545.0,629.5,-1.6275534846169901,False,True,True,False,2,1,0,1,3,2,941,652,"[false, false, false]",30,2,0,Starfield Stage - 1
9726,2025-10-08T22:19:13.838523,0.009,542.5,627.0,-1.6334494751711919,False,True,True,False,2,1,0,1,3,2,941,652,"[false, false, false]",30,2,0,Starfield Stage - 1
9734,2025-10-08T22:19:13.846822,0.009,540.0,624.5,-1.6392676740403525,False,True,True,False,2,1,0,1,3,2,941,652,"[false, false, false]",30,2,0,Starfield Stage - 1
9743,2025-10-08T22:19:13.855714,0.008,537.5,622.0,-1.645009224503501,False,True,True,False,2,1,0,1,3,2,941,652,"[false, false, false]",30,2,0,Starfield Stage - 1
9752,2025-10-08T22:19:13.864910,0.01,535.0,619.5,-1.650675260133135,False,True,True,False,2,1,0,1,3,2,941,652,"[false, false, false]",30,2,0,Starfield Stage - 1
9761,2025-10-08T22:19:13.873993,0.009,532.5,617.0,-1.6562669042780103,False,True,True,False,2,1,0,1,3,2,941,652,"[false, false, false]",30,2,0,Starfield Stage - 1
9770,2025-10-08T22:19:13.882897,0.009,530.0,614.5,-1.6617852695941635,False,True,True,False,2,1,0,1,3,2,941,652,"[false, false, false]",30,2,0,Starfield Stage - 1
9780,2025-10-08T22:19:13.892626,0.009,527.5,612.0,-1.667231457621511,False,True,True,False,2,1,0,1,3,2,941,652,"[false, false, false]",30,2,0,Starfield Stage - 1
9789,2025-10-08T22:19:13.901307,0.009,525.0,609.5,-1.672606558403468,False,True,True,False,2,1,0,1,3,2,941,652,"[false, false, false]",30,2,0,Starfield Stage - 1
9796,2025-10-08T22:19:13.909204,0.008,522.5,607.0,-1.6779116501471283,False,True,True,False,2,1,0,1,3,2,941,652,"[false, false, false]",30,2,0,Starfield Stage - 1
9805,2025-10-08T22:19:13.917877,0.008,520.0,604.5,-1.683147798921643,False,True,True,False,2,1,0,1,3,2,941,652,"[false, false, false]",30,2,0,Starfield Stage - 1
9813,2025-10-08T22:19:13.925819,0.009,517.5,602.0,-1.6883160583925287,False,True,True,False,3,1,0,1,3,2,941,652,"[true, false, false]",30,2,0,Starfield Stage - 1
9822,2025-10-08T22:19:13.934846,0.009,515.0,599.5,-1.6934174695897393,False,True,True,False,3,1,0,1,3,2,941,652,"[true, false, false]",30,2,0,Starfield Stage - 1
9832,2025-10-08T22:19:13.944983,0.01,512.5,597.0,-1.6984530607074209,False,True,True,False,3,1,0,1,3,2,941,652,"[true, false, false]",30,2,0,Starfield Stage - 1
9841,2025-10-08T22:19:13.954025,0.009,510.0,594.5,-1.7034238469333696,False,True,True,False,3,1,0,1,3,2,941,652,"[true, false, false]",30,2,0,Starfield Stage - 1
9851,2025-10-08T22:19:13.963804,0.009,507.5,592.0,-1.708330830306297,False,True,True,False,3,1,0,1,3,2,941,652,"[true, false, false]",30,2,0,Starfield Stage - 1
9859,2025-10-08T22:19:13.972195,0.009,505.0,589.5,-1.7176668683874545,False,True,True,False,3,1,0,1,3,2,941,654,"[true, false, false]",30,2,0,Starfield Stage - 1
9868,2025-10-08T22:19:13.980321,0.008,502.5,587.0,-1.7246450035399687,False,True,True,False,3,1,0,1,3,2,941,655,"[true, false, false]",30,2,0,Starfield Stage - 1
9876,2025-10-08T22:19:13.988876,0.008,500.0,584.5,-1.7315292095442323,False,True,True,False,3,2,0,1,3,2,941,656,"[true, false, false]",30,2,0,Starfield Stage - 1
9884,2025-10-08T22:19:13.996680,0.008,497.5,582.0,-1.7361278195639767,False,True,True,False,3,2,0,1,3,2,941,656,"[false, false, false]",30,2,0,Starfield Stage - 1
9892,2025-10-08T22:19:14.004553,0.008,495.0,579.5,-1.7406679482021326,False,True,True,False,3,2,0,1,3,2,941,656,"[false, false, false]",30,2,0,Starfield Stage - 1
9900,2025-10-08T22:19:14.013081,0.009,492.5,577.0,-1.745150520344162,False,True,True,False,3,2,0,1,3,2,941,656,"[false, false, false]",30,2,0,Starfield Stage - 1
9910,2025-10-08T22:19:14.022848,0.009,490.0,574.5,-1.7495764468278636,False,True,True,False,3,2,0,1,3,2,941,656,"[false, false, false]",30,2,0,Starfield Stage - 1
9918,2025-10-08T22:19:14.030776,0.009,487.5,572.0,-1.7539466244948034,False,True,True,False,3,2,0,1,3,2,941,656,"[false, false, false]",30,2,0,Starfield Stage - 1
9927,2025-10-08T22:19:14.039978,0.009,485.0,569.5,-1.758261936254923,False,True,True,False,3,2,0,1,3,2,941,656,"[false, false, false]",30,2,0,Starfield Stage - 1
9936,2025-10-08T22:19:14.049107,0.009,482.5,567.0,-1.7625232511632476,False,True,True,False,3,2,0,1,3,2,941,656,"[false, false, false]",30,2,0,Starfield Stage - 1
9945,2025-10-08T22:19:14.058154,0.009,480.0,564.5,-1.7667314245076782,False,True,True,False,3,2,0,1,3,2,941,656,"[false, false, false]",30,2,0,Starfield Stage - 1
9954,2025-10-08T22:19:14.066829,0.009,477.5,562.0,-1.7708872979069108,False,True,True,False,3,2,0,1,3,2,941,656,"[false, false, false]",30,2,0,Starfield Stage - 1
9963,2025-10-08T22:19:14.076125,0.009,475.0,559.5,-1.774991699417586,False,True,True,False,3,2,0,1,3,2,941,656,"[false, false, false]",30,2,0,Starfield Stage - 1
9972,2025-10-08T22:19:14.085087,0.008,472.5,557.0,-1.779045443649821,False,True,True,False,3,2,0,1,3,2,941,656,"[false, false, false]",30,2,0,Starfield Stage - 1
10019,2025-10-08T22:19:14.131547,0.009,470.0,554.5,-1.7830493318903347,False,True,True,False,2,2,0,1,3,2,941,656,"[false, false, false]",50,2,0,Starfield Stage - 1
10022,2025-10-08T22:19:14.135042,0.041,467.5,552.0,-1.7870041522324198,False,True,True,False,2,2,0,1,3,2,941,656,"[false, false, false]",50,2,0,Starfield Stage - 1
10030,2025-10-08T22:19:14.142900,0.008,465.0,552.0,-1.7859033999314662,False,True,False,False,3,2,0,1,3,2,941,656,"[true, false, false]",50,2,0,Starfield Stage - 1
10038,2025-10-08T22:19:14.151011,0.009,462.5,552.0,-1.7848136282928915,False,True,False,False,3,2,0,1,3,2,941,656,"[true, false, false]",50,2,0,Starfield Stage - 1
10048,2025-10-08T22:19:14.161026,0.009,460.0,552.0,-1.7837346763742938,False,True,False,False,3,2,0,1,3,2,941,656,"[true, false, false]",50,2,0,Starfield Stage - 1
10055,2025-10-08T22:19:14.167995,0.008,457.5,552.0,-1.7826663863125087,False,True,False,False,3,2,0,1,3,2,941,656,"[true, false, false]",50,2,0,Starfield Stage - 1
10064,2025-10-08T22:19:14.177145,0.009,455.0,552.0,-1.7816086032515754,False,True,False,False,3,2,0,1,3,2,941,656,"[true, false, false]",50,2,0,Starfield Stage - 1
10073,2025-10-08T22:19:14.186121,0.009,452.5,552.0,-1.7805611752726789,False,True,False,False,3,2,0,1,3,2,941,656,"[false, false, false]",50,2,0,Starfield Stage - 1
10082,2025-10-08T22:19:14.194631,0.008,450.0,552.0,-1.7795239533260063,False,True,False,False,3,2,0,1,3,2,941,656,"[false, false, false]",50,2,0,Starfield Stage - 1
10090,2025-10-08T22:19:14.202798,0.008,447.5,552.0,-1.7784967911644562,False,True,False,False,3,2,0,1,3,2,941,656,"[false, false, false]",50,2,0,Starfield Stage - 1
10098,2025-10-08T22:19:14.211082,0.009,445.0,552.0,-1.7774795452791459,False,True,False,False,3,2,0,1,3,2,941,656,"[false, false, false]",50,2,0,Starfield Stage - 1
10106,2025-10-08T22:19:14.219057,0.008,442.5,552.0,-1.7764720748366585,False,True,False,False,2,2,0,1,3,2,941,656,"[false, false, false]",50,2,0,Starfield Stage - 1
10116,2025-10-08T22:19:14.228790,0.01,440.0,552.0,-1.7754742416179794,False,True,False,False,2,2,0,1,3,2,941,656,"[false, false, false]",50,2,0,Starfield Stage - 1
10125,2025-10-08T22:19:14.237966,0.009,437.5,552.0,-1.7744859099590677,False,True,False,False,2,2,0,1,3,2,941,656,"[false, false, false]",50,2,0,Starfield Stage - 1
10134,2025-10-08T22:19:14.247108,0.009,435.0,552.0,-1.7735069466930145,False,True,False,False,2,2,0,1,3,2,941,656,"[false, false, false]",50,2,0,Starfield Stage - 1
10143,2025-10-08T22:19:14.256028,0.009,432.5,552.0,-1.772537221093737,False,True,False,False,2,2,0,1,3,2,941,656,"[false, false, false]",50,2,0,Starfield Stage - 1
10152,2025-10-08T22:19:14.265134,0.009,430.0,552.0,-1.7715766048211679,False,True,False,False,2,2,0,1,3,2,941,656,"[false, false, false]",50,2,0,Starfield Stage - 1
10161,2025-10-08T22:19:14.273394,0.008,427.5,552.0,-1.7706249718678868,False,True,False,False,2,2,0,1,3,2,941,656,"[false, false, false]",50,2,0,Starfield Stage - 1
10169,2025-10-08T22:19:14.282058,0.009,425.0,552.0,-1.769682198507157,False,True,False,False,2,2,0,1,3,2,941,656,"[false, false, false]",50,2,0,Starfield Stage - 1
10179,2025-10-08T22:19:14.291298,0.009,422.5,552.0,-1.7687481632423216,False,True,False,False,2,2,0,1,3,2,941,656,"[false, false, false]",50,2,0,Starfield Stage - 1
10187,2025-10-08T22:19:14.299537,0.008,420.0,552.0,-1.7678227467575207,False,True,False,False,2,2,0,1,3,2,941,656,"[false, false, false]",50,2,0,Starfield Stage - 1
10195,2025-10-08T22:19:14.307947,0.008,417.5,552.0,-1.7669058318696875,False,True,False,False,2,2,0,1,3,2,941,656,"[false, false, false]",50,2,0,Starfield Stage - 1
10243,2025-10-08T22:19:14.356243,0.008,415.0,552.0,-1.7659973034817904,False,True,False,False,2,1,0,1,3,2,941,656,"[true, false, false]",60,2,0,Starfield Stage - 1
10249,2025-10-08T22:19:14.361672,0.046,412.5,552.0,-1.7650970485372766,False,True,False,False,2,1,0,1,3,2,941,656,"[true, false, false]",60,2,0,Starfield Stage - 1
10257,2025-10-08T22:19:14.369802,0.008,410.0,552.0,-1.7642049559756898,False,True,False,False,2,1,0,1,3,2,941,656,"[true, false, false]",60,2,0,Starfield Stage - 1
10265,2025-10-08T22:19:14.377828,0.009,407.5,552.0,-1.7633209166894233,False,True,False,False,2,1,0,1,3,2,941,656,"[false, false, false]",60,2,0,Starfield Stage - 1
10275,2025-10-08T22:19:14.387371,0.009,405.0,552.0,-1.7624448234815737,False,True,False,False,2,1,0,1,3,2,941,656,"[false, false, false]",60,2,0,Starfield Stage - 1
10284,2025-10-08T22:19:14.396596,0.009,402.5,552.0,-1.7615765710248688,False,True,False,False,2,1,0,1,3,2,941,656,"[false, false, false]",60,2,0,Starfield Stage - 1
10293,2025-10-08T22:19:14.405305,0.008,400.0,549.5,-1.765168598683706,False,True,True,False,2,1,0,1,3,2,941,656,"[false, false, false]",60,2,0,Starfield Stage - 1
10300,2025-10-08T22:19:14.413033,0.009,397.5,547.0,-1.768722578263098,False,True,True,False,2,1,0,1,3,2,941,656,"[false, false, false]",60,2,0,Starfield Stage - 1
10309,2025-10-08T22:19:14.422025,0.009,395.0,544.5,-1.772239022739296,False,True,True,False,2,1,0,1,3,2,941,656,"[false, false, false]",60,2,0,Starfield Stage - 1
10319,2025-10-08T22:19:14.431659,0.009,392.5,542.0,-1.7757184380237871,False,True,True,False,2,1,0,1,3,2,941,656,"[false, false, false]",60,2,0,Starfield Stage - 1
10328,2025-10-08T22:19:14.440994,0.009,390.0,539.5,-1.7791613230161005,False,True,True,False,2,1,0,1,3,2,941,656,"[false, false, false]",60,2,0,Starfield Stage - 1
10336,2025-10-08T22:19:14.449135,0.009,387.5,537.0,-1.7825681696593874,False,True,True,False,2,1,0,1,3,2,941,656,"[false, false, false]",60,2,0,Starfield Stage - 1
10344,2025-10-08T22:19:14.457099,0.008,385.0,534.5,-1.7859394629985423,False,True,True,False,2,1,0,1,3,2,941,656,"[false, false, false]",60,2,0,Starfield Stage - 1
10354,2025-10-08T22:19:14.466805,0.009,382.5,532.0,-1.789275681240643,False,True,True,False,2,1,0,1,3,2,941,656,"[false, false, false]",60,2,0,Starfield Stage - 1
10362,2025-10-08T22:19:14.474874,0.009,380.0,529.5,-1.7929604407524784,False,True,True,False,2,1,0,1,3,2,940,656,"[false, false, false]",60,2,0,Starfield Stage - 1
10372,2025-10-08T22:19:14.484371,0.009,377.5,527.0,-1.796619438477242,False,True,True,False,2,1,0,1,3,2,939,656,"[false, false, false]",60,2,0,Starfield Stage - 1
10380,2025-10-08T22:19:14.492653,0.008,375.0,524.5,-1.800646915261377,False,True,True,False,2,1,0,1,3,2,937,656,"[false, false, false]",60,2,0,Starfield Stage - 1
10388,2025-10-08T22:19:14.500774,0.008,372.5,522.0,-1.8042595860491635,False,True,True,False,2,1,0,1,3,2,936,656,"[false, false, false]",60,2,0,Starfield Stage - 1
10396,2025-10-08T22:19:14.509201,0.009,370.0,519.5,-1.8078469273630775,False,True,True,False,2,1,0,1,3,2,935,656,"[false, false, false]",60,2,0,Starfield Stage - 1
10405,2025-10-08T22:19:14.517399,0.008,370.0,517.0,-1.812023444370415,True,True,True,False,2,1,0,1,3,2,935,656,"[false, false, false]",60,2,0,Starfield Stage - 1
10413,2025-10-08T22:19:14.525797,0.008,370.0,514.5,-1.8166091920223117,True,True,True,False,2,1,0,1,3,2,934,656,"[false, false, false]",60,2,0,Starfield Stage - 1
10422,2025-10-08T22:19:14.534363,0.009,370.0,512.0,-1.8212006461972965,True,True,True,False,2,1,0,1,3,2,933,656,"[false, false, false]",60,2,0,Starfield Stage - 1
10430,2025-10-08T22:19:14.543263,0.009,370.0,509.5,-1.8262326718435744,True,True,True,False,2,1,0,1,3,2,931,656,"[false, false, false]",60,2,0,Starfield Stage - 1
10439,2025-10-08T22:19:14.551342,0.008,372.5,507.0,-1.832405035639792,True,False,True,False,2,1,0,1,3,2,929,656,"[false, false, false]",60,2,0,Starfield Stage - 1
10448,2025-10-08T22:19:14.560735,0.009,375.0,504.5,-1.8386572001151156,True,False,True,False,2,1,0,1,3,2,927,656,"[false, false, false]",60,2,0,Starfield Stage - 1
10456,2025-10-08T22:19:14.569217,0.009,377.5,504.5,-1.8390564053754181,True,False,False,False,2,1,0,1,3,2,925,655,"[false, false, false]",60,2,0,Starfield Stage - 1
10465,2025-10-08T22:19:14.577440,0.008,380.0,504.5,-1.8404080007773254,True,False,False,False,2,1,0,1,3,2,921,654,"[false, false, false]",60,2,0,Starfield Stage - 1
10473,2025-10-08T22:19:14.586000,0.009,382.5,504.5,-1.8415005646872062,True,False,False,False,2,1,0,1,3,2,914,652,"[false, false, false]",60,2,0,Starfield Stage - 1
10482,2025-10-08T22:19:14.594987,0.009,385.0,504.5,-1.8418423588835497,True,False,False,False,2,1,0,1,3,2,905,649,"[false, false, false]",60,2,0,Starfield Stage - 1
10491,2025-10-08T22:19:14.604132,0.009,387.5,504.5,-1.8437316515430244,True,False,False,False,2,1,0,1,3,2,893,646,"[false, false, false]",60,2,0,Starfield Stage - 1
10501,2025-10-08T22:19:14.613554,0.009,390.0,504.5,-1.8466955385608352,True,False,False,False,2,1,0,2,3,2,858,637,"[false, false, false]",60,2,0,Starfield Stage - 1
10509,2025-10-08T22:19:14.622162,0.008,392.5,504.5,-1.8486492248468576,True,False,False,False,2,1,0,2,3,2,836,631,"[false, false, false]",60,2,0,Starfield Stage - 1
10518,2025-10-08T22:19:14.630312,0.008,395.0,504.5,-1.8489368514919942,True,False,False,False,2,1,0,2,3,2,810,623,"[false, false, false]",60,2,0,Starfield Stage - 1
10525,2025-10-08T22:19:14.638131,0.009,397.5,504.5,-1.8434191157666602,True,False,False,False,2,1,0,2,3,2,782,612,"[false, false, false]",60,2,0,Starfield Stage - 1
10534,2025-10-08T22:19:14.646659,0.008,400.0,504.5,-1.8345081612571628,True,False,False,False,2,1,0,2,3,2,750,599,"[false, false, false]",60,2,0,Starfield Stage - 1
10543,2025-10-08T22:19:14.655286,0.009,402.5,504.5,-1.8183918063785682,True,False,False,False,2,1,0,2,3,2,717,584,"[false, false, false]",60,2,0,Starfield Stage - 1
10551,2025-10-08T22:19:14.663675,0.008,405.0,504.5,-1.800371843635077,True,False,False,False,2,1,0,2,3,2,681,569,"[false, false, false]",60,2,0,Starfield Stage - 1
10560,2025-10-08T22:19:14.672365,0.009,407.5,504.5,-1.7762757849209938,True,False,False,False,2,1,0,2,3,2,645,554,"[false, false, false]",60,2,0,Starfield Stage - 1
10568,2025-10-08T22:19:14.680857,0.009,410.0,504.5,-1.7424569186739927,True,False,False,False,2,1,0,2,3,2,609,539,"[false, false, false]",60,2,0,Starfield Stage - 1
10578,2025-10-08T22:19:14.690350,0.009,412.5,504.5,-1.7047849346779453,True,False,False,False,2,1,0,2,3,2,572,526,"[false, false, false]",60,2,0,Starfield Stage - 1
10586,2025-10-08T22:19:14.698977,0.009,415.0,504.5,-1.641511550014843,True,False,False,False,2,1,0,2,3,2,535,513,"[false, false, false]",60,2,0,Starfield Stage - 1
10595,2025-10-08T22:19:14.708229,0.009,417.5,504.5,-1.2632292183895633,True,False,False,False,2,1,0,2,3,2,460,491,"[false, false, false]",60,2,0,Starfield Stage - 1
10604,2025-10-08T22:19:14.717002,0.009,420.0,504.5,-0.08865588186743746,True,False,False,False,2,1,0,2,3,2,422,482,"[false, false, false]",60,2,0,Starfield Stage - 1
10614,2025-10-08T22:19:14.726548,0.009,422.5,504.5,0.900824823764373,True,False,False,False,2,1,0,2,3,2,384,474,"[false, false, false]",60,2,0,Starfield Stage - 1
10622,2025-10-08T22:19:14.734955,0.009,425.0,504.5,1.137987267136749,True,False,False,False,2,1,0,2,3,2,346,468,"[false, false, false]",60,2,0,Starfield Stage - 1
10631,2025-10-08T22:19:14.744012,0.009,427.5,504.5,1.2440332830500365,True,False,False,False,2,1,0,2,3,2,308,464,"[false, false, false]",60,2,0,Starfield Stage - 1
10640,2025-10-08T22:19:14.753199,0.009,430.0,504.5,1.3096068509662773,True,False,False,False,2,1,0,2,3,2,271,462,"[false, false, false]",60,2,0,Starfield Stage - 1
10649,2025-10-08T22:19:14.761946,0.009,432.5,504.5,1.349180697780711,True,False,False,False,2,1,0,2,3,2,235,460,"[false, false, false]",60,2,0,Starfield Stage - 1
10659,2025-10-08T22:19:14.771307,0.009,435.0,504.5,1.3771336405231684,True,False,False,False,2,1,0,2,3,2,203,459,"[false, false, false]",60,2,0,Starfield Stage - 1
10668,2025-10-08T22:19:14.780419,0.008,437.5,504.5,1.4115348816154578,True,False,False,False,2,1,0,2,3,2,148,458,"[false, false, false]",60,2,0,Starfield Stage - 1
10676,2025-10-08T22:19:14.788347,0.009,440.0,504.5,1.4237756814710654,True,False,False,False,3,1,0,2,3,2,126,458,"[true, false, false]",60,2,0,Starfield Stage - 1
10684,2025-10-08T22:19:14.796428,0.008,442.5,507.0,1.4307888353418245,True,False,False,True,3,1,0,2,3,2,109,460,"[true, false, false]",60,2,0,Starfield Stage - 1
10692,2025-10-08T22:19:14.804959,0.009,445.0,509.5,1.4359061645240974,True,False,False,True,3,1,0,2,3,2,95,462,"[true, false, false]",60,2,0,Starfield Stage - 1
10701,2025-10-08T22:19:14.813753,0.008,447.5,512.0,1.4415077213757361,True,False,False,True,3,1,0,2,3,2,86,465,"[true, false, false]",60,2,0,Starfield Stage - 1
10710,2025-10-08T22:19:14.822440,0.009,450.0,514.5,1.4457761070011756,True,False,False,True,3,1,0,2,3,2,80,468,"[true, false, false]",60,2,0,Starfield Stage - 1
10718,2025-10-08T22:19:14.830933,0.009,452.5,517.0,1.4436562804712019,True,False,False,True,3,1,0,2,3,2,77,469,"[true, false, false]",60,2,0,Starfield Stage - 1
10728,2025-10-08T22:19:14.840841,0.009,455.0,519.5,1.4409245944457425,True,False,False,True,3,1,0,2,3,2,76,470,"[true, false, false]",60,2,0,Starfield Stage - 1
10737,2025-10-08T22:19:14.849375,0.009,457.5,522.0,1.4382447944982226,True,False,False,True,3,1,0,2,3,2,75,471,"[true, false, false]",60,2,0,Starfield Stage - 1
10745,2025-10-08T22:19:14.857929,0.009,460.0,524.5,1.432719519205448,True,False,False,True,3,1,0,2,3,2,75,471,"[true, false, false]",60,2,0,Starfield Stage - 1
10754,2025-10-08T22:19:14.867237,0.009,462.5,527.0,1.427273844689567,True,False,False,True,3,1,0,2,3,2,75,471,"[true, false, false]",60,2,0,Starfield Stage - 1
10763,2025-10-08T22:19:14.875995,0.009,465.0,529.5,1.4219063791853994,True,False,False,True,3,1,0,2,3,2,75,471,"[false, false, false]",60,2,0,Starfield Stage - 1
10772,2025-10-08T22:19:14.885014,0.009,467.5,532.0,1.416615752587127,True,False,False,True,3,1,0,2,3,2,75,471,"[false, false, false]",60,2,0,Starfield Stage - 1
10781,2025-10-08T22:19:14.894162,0.009,470.0,534.5,1.4110029019962382,True,False,False,True,3,1,0,2,3,2,76,471,"[false, false, false]",60,2,0,Starfield Stage - 1
10791,2025-10-08T22:19:14.903609,0.009,472.5,537.0,1.407497976215975,True,False,False,True,3,1,0,2,3,2,78,472,"[false, false, false]",60,2,0,Starfield Stage - 1
10799,2025-10-08T22:19:14.911995,0.009,475.0,539.5,1.4056476493802699,True,False,False,True,3,1,0,2,3,2,82,474,"[false, false, false]",60,2,0,Starfield Stage - 1
10809,2025-10-08T22:19:14.921278,0.009,477.5,542.0,1.4037842974995747,True,False,False,True,3,1,0,2,3,2,86,476,"[false, false, false]",60,2,0,Starfield Stage - 1
10818,2025-10-08T22:19:14.930512,0.009,480.0,544.5,1.4023315993587937,True,False,False,True,3,1,0,2,3,2,89,478,"[false, false, false]",60,2,0,Starfield Stage - 1
10826,2025-10-08T22:19:14.939165,0.009,482.5,547.0,1.3988211108241067,True,False,False,True,3,1,0,2,3,2,91,479,"[false, false, false]",60,2,0,Starfield Stage - 1
10836,2025-10-08T22:19:14.948393,0.009,485.0,549.5,1.3919583987588888,True,False,False,True,3,1,0,2,3,2,95,479,"[false, false, false]",60,2,0,Starfield Stage - 1
10845,2025-10-08T22:19:14.957396,0.009,487.5,552.0,1.3859895859623803,True,False,False,True,3,1,0,2,3,2,97,479,"[false, false, false]",60,2,0,Starfield Stage - 1
10853,2025-10-08T22:19:14.966226,0.009,490.0,554.5,1.3800492776996502,True,False,False,True,3,1,0,2,3,2,99,479,"[false, false, false]",60,2,0,Starfield Stage - 1
10862,2025-10-08T22:19:14.974691,0.008,492.5,557.0,1.3716821337242864,True,False,False,True,3,1,0,2,3,2,101,478,"[false, false, false]",60,2,0,Starfield Stage - 1
10871,2025-10-08T22:19:14.983670,0.009,495.0,559.5,1.363877245351403,True,False,False,True,3,1,0,2,3,2,102,477,"[false, false, false]",60,2,0,Starfield Stage - 1
10879,2025-10-08T22:19:14.991978,0.008,497.5,562.0,1.3580548340652154,True,False,False,True,3,1,0,2,3,2,104,477,"[true, false, false]",60,2,0,Starfield Stage - 1
10887,2025-10-08T22:19:15.000162,0.009,500.0,564.5,1.3533309106955667,True,False,False,True,3,1,0,2,3,2,104,477,"[true, false, false]",60,2,0,Starfield Stage - 1
10935,2025-10-08T22:19:15.047708,0.009,502.5,567.0,1.3481353861585317,True,False,False,True,2,1,0,2,3,2,105,477,"[true, false, false]",70,2,0,Starfield Stage - 1
10938,2025-10-08T22:19:15.050310,0.041,505.0,569.5,1.3429909826036204,True,False,False,True,2,2,0,2,3,2,106,477,"[true, false, false]",70,2,0,Starfield Stage - 1
10946,2025-10-08T22:19:15.059029,0.009,507.5,572.0,1.3356329344170672,True,False,False,True,2,2,0,2,3,2,111,477,"[true, false, false]",70,2,0,Starfield Stage - 1
10956,2025-10-08T22:19:15.068423,0.009,510.0,574.5,1.3264195293792889,True,False,False,True,2,2,0,2,3,2,119,477,"[false, false, false]",70,2,0,Starfield Stage - 1
10964,2025-10-08T22:19:15.077159,0.009,512.5,577.0,1.320663070145492,True,False,False,True,2,2,0,2,3,2,125,478,"[false, false, false]",70,2,0,Starfield Stage - 1
10973,2025-10-08T22:19:15.086138,0.009,515.0,579.5,1.3110902842207992,True,False,False,True,2,2,0,2,3,2,133,478,"[false, false, false]",70,2,0,Starfield Stage - 1
10983,2025-10-08T22:19:15.095364,0.009,517.5,582.0,1.3017146304141163,True,False,False,True,2,2,0,2,3,2,144,479,"[false, false, false]",70,2,0,Starfield Stage - 1
10992,2025-10-08T22:19:15.104293,0.009,520.0,582.0,1.2957563447631628,True,False,False,False,2,2,0,2,3,2,155,479,"[false, false, false]",70,2,0,Starfield Stage - 1
11000,2025-10-08T22:19:15.112927,0.008,522.5,582.0,1.2887854211433627,True,False,False,False,2,2,0,2,3,2,167,479,"[false, false, false]",70,2,0,Starfield Stage - 1
11009,2025-10-08T22:19:15.121560,0.009,525.0,582.0,1.2822503470650828,True,False,False,False,2,2,0,2,3,2,178,479,"[false, false, false]",70,2,0,Starfield Stage - 1
11017,2025-10-08T22:19:15.130168,0.009,527.5,582.0,1.275414268232194,True,False,False,False,2,2,0,2,3,2,189,479,"[false, false, false]",70,2,0,Starfield Stage - 1
11026,2025-10-08T22:19:15.138540,0.008,530.0,582.0,1.2699708342627054,True,False,False,False,2,2,0,2,3,2,198,479,"[false, false, false]",70,2,0,Starfield Stage - 1
11034,2025-10-08T22:19:15.147003,0.009,532.5,582.0,1.2633107964350985,True,False,False,False,2,2,0,2,3,2,205,478,"[false, false, false]",70,2,0,Starfield Stage - 1
11044,2025-10-08T22:19:15.156622,0.009,535.0,582.0,1.2555816270441855,True,False,False,False,2,2,0,2,3,2,213,477,"[false, false, false]",70,2,0,Starfield Stage - 1
11052,2025-10-08T22:19:15.164907,0.009,537.5,582.0,1.2569489086423296,True,False,False,False,2,2,0,2,3,2,214,477,"[false, false, false]",70,2,0,Starfield Stage - 1
11063,2025-10-08T22:19:15.175414,0.01,540.0,582.0,1.2592023945175201,True,False,False,False,2,2,0,2,3,2,214,477,"[false, false, false]",70,2,0,Starfield Stage - 1
11071,2025-10-08T22:19:15.183808,0.008,542.5,582.0,1.2614247824060083,True,False,False,False,3,2,0,2,3,2,214,477,"[true, false, false]",70,2,0,Starfield Stage - 1
11079,2025-10-08T22:19:15.192086,0.009,545.0,582.0,1.263616690117024,True,False,False,False,3,2,0,2,3,2,214,477,"[true, false, false]",70,2,0,Starfield Stage - 1
11089,2025-10-08T22:19:15.201585,0.009,547.5,582.0,1.2657787198006447,True,False,False,False,3,2,0,2,3,2,214,477,"[true, false, false]",70,2,0,Starfield Stage - 1
11097,2025-10-08T22:19:15.210076,0.009,550.0,582.0,1.2679114584199251,True,False,False,False,3,2,0,2,3,2,214,477,"[true, false, false]",70,2,0,Starfield Stage - 1
11107,2025-10-08T22:19:15.219320,0.009,552.5,582.0,1.2700154782069275,True,False,False,False,3,2,0,2,3,2,214,477,"[true, false, false]",70,2,0,Starfield Stage - 1
11115,2025-10-08T22:19:15.227880,0.008,555.0,582.0,1.2720913371032472,True,False,False,False,3,2,0,2,3,2,214,477,"[true, false, false]",70,2,0,Starfield Stage - 1
11123,2025-10-08T22:19:15.236086,0.009,557.5,582.0,1.2741395791856025,True,False,False,False,3,2,0,2,3,2,214,477,"[true, false, false]",70,2,0,Starfield Stage - 1
11133,2025-10-08T22:19:15.246016,0.01,560.0,582.0,1.2761607350770388,True,False,False,False,2,2,0,2,3,2,214,477,"[false, false, false]",70,2,0,Starfield Stage - 1
11142,2025-10-08T22:19:15.255052,0.009,562.5,582.0,1.2781553223442743,True,False,False,False,2,2,0,2,3,2,214,477,"[false, false, false]",70,2,0,Starfield Stage - 1
11192,2025-10-08T22:19:15.304279,0.008,565.0,582.0,1.2801238458816968,True,False,False,False,1,1,0,4,3,2,214,477,"[false, false, false]",80,2,0,Starfield Stage - 1
11194,2025-10-08T22:19:15.306417,0.043,567.5,579.5,1.2885780463098955,True,False,True,False,1,1,0,4,3,2,214,477,"[false, false, false]",80,2,0,Starfield Stage - 1
11201,2025-10-08T22:19:15.314087,0.008,570.0,577.0,1.2962210453552712,True,False,True,False,1,1,0,4,3,2,215,477,"[false, false, false]",80,2,0,Starfield Stage - 1
11210,2025-10-08T22:19:15.323240,0.009,572.5,574.5,1.3038323650921961,True,False,True,False,1,1,0,4,3,2,216,477,"[false, false, false]",80,2,0,Starfield Stage - 1
11219,2025-10-08T22:19:15.331840,0.008,575.0,572.0,1.3107170387487523,True,False,True,False,1,1,0,4,3,2,218,477,"[false, false, false]",80,2,0,Starfield Stage - 1
11227,2025-10-08T22:19:15.340136,0.009,577.5,569.5,1.3182842326509285,True,False,True,False,1,1,0,4,3,2,219,477,"[false, false, false]",80,2,0,Starfield Stage - 1
11237,2025-10-08T22:19:15.349650,0.009,580.0,567.0,1.327784874245135,True,False,True,False,1,1,0,4,3,2,221,478,"[false, false, false]",80,2,0,Starfield Stage - 1
11245,2025-10-08T22:19:15.358095,0.009,582.5,564.5,1.3353038037144405,True,False,True,False,1,1,0,4,3,2,222,478,"[false, false, false]",80,2,0,Starfield Stage - 1
11254,2025-10-08T22:19:15.366599,0.008,585.0,562.0,1.3448068674756364,True,False,True,False,1,1,0,4,3,2,224,479,"[false, false, false]",80,2,0,Starfield Stage - 1
11262,2025-10-08T22:19:15.375230,0.009,587.5,559.5,1.3510996320536262,True,False,True,False,1,1,0,4,3,2,227,479,"[false, false, false]",80,2,0,Starfield Stage - 1
11271,2025-10-08T22:19:15.383601,0.008,590.0,557.0,1.3574276846430886,True,False,True,False,1,1,0,4,3,2,230,479,"[false, false, false]",80,2,0,Starfield Stage - 1
11279,2025-10-08T22:19:15.392261,0.009,592.5,554.5,1.3626658062732175,True,False,True,False,1,1,0,4,3,2,235,479,"[false, false, false]",80,2,0,Starfield Stage - 1
11289,2025-10-08T22:19:15.401575,0.009,595.0,552.0,1.3620191446128314,True,False,True,False,1,1,0,4,3,2,241,477,"[false, false, false]",80,2,0,Starfield Stage - 1
11297,2025-10-08T22:19:15.409936,0.009,597.5,549.5,1.364091068771718,True,False,True,False,1,1,0,4,3,2,247,476,"[false, false, false]",80,2,0,Starfield Stage - 1
11306,2025-10-08T22:19:15.419210,0.009,600.0,547.0,1.3628631647626814,True,False,True,False,1,1,0,4,3,2,254,474,"[false, false, false]",80,2,0,Starfield Stage - 1
11314,2025-10-08T22:19:15.427067,0.008,602.5,544.5,1.3516526222922787,True,False,True,False,1,1,0,4,3,2,268,470,"[false, false, false]",80,2,0,Starfield Stage - 1
11324,2025-10-08T22:19:15.436543,0.009,605.0,542.0,1.3486219778156296,True,False,True,False,1,1,0,4,3,2,273,467,"[false, false, false]",80,2,0,Starfield Stage - 1
11333,2025-10-08T22:19:15.445380,0.009,607.5,542.0,1.3383528236947873,True,False,False,False,1,1,0,4,3,2,278,464,"[false, false, false]",80,2,0,Starfield Stage - 1
11341,2025-10-08T22:19:15.453742,0.008,610.0,542.0,1.3301528966242921,True,False,False,False,1,1,0,4,3,2,284,462,"[false, false, false]",80,2,0,Starfield Stage - 1
11349,2025-10-08T22:19:15.462079,0.009,612.5,542.0,1.3225473264897398,True,False,False,False,1,1,0,4,3,2,289,460,"[false, false, false]",80,2,0,Starfield Stage - 1
11359,2025-10-08T22:19:15.471646,0.009,615.0,542.0,1.3199440160905782,True,False,False,False,1,1,0,4,3,2,295,460,"[false, false, false]",80,2,0,Starfield Stage - 1
11367,2025-10-08T22:19:15.479997,0.009,617.5,542.0,1.317286713356673,True,False,False,False,1,1,0,4,3,2,301,460,"[false, false, false]",80,2,0,Starfield Stage - 1
11376,2025-10-08T22:19:15.489222,0.009,620.0,542.0,1.3213266758970719,True,False,False,False,2,1,0,4,3,2,306,462,"[true, false, false]",80,2,0,Starfield Stage - 1
11385,2025-10-08T22:19:15.497341,0.008,622.5,542.0,1.3292087584311834,True,False,False,False,2,1,0,4,3,2,310,465,"[true, false, false]",80,2,0,Starfield Stage - 1
11393,2025-10-08T22:19:15.505737,0.008,625.0,542.0,1.3409565524419151,True,False,False,False,2,1,0,4,3,2,313,469,"[true, false, false]",80,2,0,Starfield Stage - 1
11401,2025-10-08T22:19:15.513819,0.008,627.5,542.0,1.3528073060244057,True,False,False,False,2,1,0,4,3,2,316,473,"[true, false, false]",80,2,0,Starfield Stage - 1
11410,2025-10-08T22:19:15.522381,0.009,630.0,542.0,1.3678418371768204,True,False,False,False,2,1,0,4,3,2,319,478,"[true, false, false]",80,2,0,Starfield Stage - 1
11418,2025-10-08T22:19:15.530842,0.008,632.5,542.0,1.380510384402295,True,False,False,False,2,1,0,4,3,2,321,482,"[true, false, false]",80,2,0,Starfield Stage - 1
11426,2025-10-08T22:19:15.539057,0.009,635.0,542.0,1.4024696939770995,True,False,False,False,2,1,0,4,3,2,329,490,"[true, false, false]",80,2,0,Starfield Stage - 1
11435,2025-10-08T22:19:15.548249,0.009,637.5,542.0,1.4166568715999186,True,False,False,False,2,1,0,4,3,2,335,495,"[false, false, false]",80,2,0,Starfield Stage - 1
11443,2025-10-08T22:19:15.556205,0.008,640.0,542.0,1.4274901608640982,True,False,False,False,2,1,0,4,3,2,342,499,"[false, false, false]",80,2,0,Starfield Stage - 1
11452,2025-10-08T22:19:15.564760,0.008,642.5,542.0,1.440725899139799,True,False,False,False,2,1,0,4,3,2,352,504,"[false, false, false]",80,2,0,Starfield Stage - 1
11461,2025-10-08T22:19:15.573427,0.009,645.0,542.0,1.4538940658096529,True,False,False,False,2,1,0,4,4,2,364,509,"[false, false, false]",80,2,0,Starfield Stage - 1
11470,2025-10-08T22:19:15.582283,0.009,647.5,544.5,1.4544411615880217,True,False,False,True,2,1,0,4,4,2,378,513,"[false, false, false]",80,2,0,Starfield Stage - 1
11519,2025-10-08T22:19:15.631301,0.008,650.0,547.0,1.455037109074086,True,False,False,True,1,1,0,4,4,2,392,517,"[false, false, false]",90,2,0,Starfield Stage - 1
11521,2025-10-08T22:19:15.633752,0.043,652.5,549.5,1.4556887567196977,True,False,False,True,1,1,0,4,4,2,406,521,"[false, false, false]",90,2,0,Starfield Stage - 1
11530,2025-10-08T22:19:15.642700,0.009,655.0,552.0,1.4623130152399253,True,False,False,True,1,1,0,4,4,2,453,530,"[false, false, false]",90,2,0,Starfield Stage - 1
11539,2025-10-08T22:19:15.651423,0.009,657.5,554.5,1.4467545173302852,True,False,False,True,1,1,0,4,4,2,461,530,"[false, false, false]",90,2,0,Starfield Stage - 1
11548,2025-10-08T22:19:15.660373,0.009,660.0,557.0,1.4352686128093959,True,False,False,True,1,1,0,4,4,2,462,530,"[false, false, false]",90,2,0,Starfield Stage - 1
11556,2025-10-08T22:19:15.668896,0.008,662.5,559.5,1.4239904757144004,True,False,False,True,2,1,0,4,4,2,463,530,"[true, false, false]",90,2,0,Starfield Stage - 1
11564,2025-10-08T22:19:15.677034,0.009,665.0,562.0,1.413686061447936,True,False,False,True,2,1,0,4,4,2,463,530,"[true, false, false]",90,2,0,Starfield Stage - 1
11574,2025-10-08T22:19:15.686597,0.009,667.5,564.5,1.4036658842378429,True,False,False,True,2,1,0,4,4,2,463,530,"[true, false, false]",90,2,0,Starfield Stage - 1
11582,2025-10-08T22:19:15.695132,0.008,670.0,567.0,1.393920274605368,True,False,False,True,2,1,0,4,4,2,463,530,"[true, false, false]",90,2,0,Starfield Stage - 1
11590,2025-10-08T22:19:15.703209,0.009,672.5,569.5,1.3844398769250004,True,False,False,True,2,1,0,4,4,2,463,530,"[true, false, false]",90,2,0,Starfield Stage - 1
11599,2025-10-08T22:19:15.712218,0.009,675.0,572.0,1.37521564698507,True,False,False,True,2,1,0,4,4,2,463,530,"[true, false, false]",90,2,0,Starfield Stage - 1
11607,2025-10-08T22:19:15.720135,0.008,677.5,574.5,1.3662388482180812,True,False,False,True,2,1,0,4,4,2,463,530,"[true, false, false]",90,2,0,Starfield Stage - 1
11616,2025-10-08T22:19:15.728913,0.009,680.0,577.0,1.3575010468320847,True,False,False,True,2,1,0,4,4,2,463,530,"[true, false, false]",90,2,0,Starfield Stage - 1
11625,2025-10-08T22:19:15.738024,0.009,682.5,579.5,1.3489941060455977,True,False,False,True,2,1,0,4,4,2,463,530,"[false, false, false]",90,2,0,Starfield Stage - 1
11634,2025-10-08T22:19:15.747084,0.009,685.0,582.0,1.3407101796026626,True,False,False,True,2,1,0,4,4,2,463,530,"[false, false, false]",90,2,0,Starfield Stage - 1
11643,2025-10-08T22:19:15.756259,0.009,687.5,584.5,1.3326417047214267,True,False,False,True,2,1,0,4,4,2,463,530,"[false, false, false]",90,2,0,Starfield Stage - 1
11652,2025-10-08T22:19:15.764695,0.008,690.0,587.0,1.3247813946089146,True,False,False,True,2,1,0,4,4,2,463,530,"[false, false, false]",90,2,0,Starfield Stage - 1
11660,2025-10-08T22:19:15.772689,0.008,692.5,589.5,1.317122230656254,True,False,False,True,2,1,0,4,4,2,463,530,"[false, false, false]",90,2,0,Starfield Stage - 1
11669,2025-10-08T22:19:15.781421,0.009,695.0,592.0,1.3096574544123287,True,False,False,True,2,1,0,4,4,2,463,530,"[false, false, false]",90,2,0,Starfield Stage - 1
11717,2025-10-08T22:19:15.829839,0.009,697.5,594.5,1.3023805594194333,True,False,False,True,1,0,0,4,4,2,463,530,"[false, false, false]",90,2,0,Starfield Stage - 1
11719,2025-10-08T22:19:15.831492,0.041,700.0,597.0,1.2952852829818482,True,False,False,True,1,0,0,4,4,2,463,530,"[false, false, false]",90,2,0,Starfield Stage - 1
11727,2025-10-08T22:19:15.839723,0.008,702.5,599.5,1.2883655979271547,True,False,False,True,1,0,0,4,4,2,463,530,"[false, false, false]",90,2,0,Starfield Stage - 1
11736,2025-10-08T22:19:15.848287,0.009,705.0,602.0,1.2816157044103822,True,False,False,True,1,0,0,4,4,2,463,530,"[false, false, false]",90,2,0,Starfield Stage - 1
11744,2025-10-08T22:19:15.856751,0.009,707.5,604.5,1.27503002180262,True,False,False,True,1,0,0,4,4,2,463,530,"[false, false, false]",90,2,0,Starfield Stage - 1
11754,2025-10-08T22:19:15.866349,0.009,710.0,607.0,1.2686031806983482,True,False,False,True,1,0,0,4,4,2,463,530,"[false, false, false]",90,2,0,Starfield Stage - 1
11762,2025-10-08T22:19:15.874938,0.009,712.5,609.5,1.2623300150693597,True,False,False,True,2,0,0,4,4,2,463,530,"[true, false, false]",90,2,0,Starfield Stage - 1
11772,2025-10-08T22:19:15.884797,0.009,715.0,612.0,1.2562055545876192,True,False,False,True,2,0,0,4,4,2,463,530,"[true, false, false]",90,2,0,Starfield Stage - 1
11780,2025-10-08T22:19:15.892938,0.008,717.5,614.5,1.2502250171346465,True,False,False,True,2,0,0,4,4,2,463,530,"[true, false, false]",90,2,0,Starfield Stage - 1
11788,2025-10-08T22:19:15.901153,0.009,720.0,617.0,1.2443838015109259,True,False,False,True,1,0,0,4,4,2,463,530,"[true, false, false]",90,2,0,Starfield Stage - 1
11797,2025-10-08T22:19:15.910140,0.009,722.5,619.5,1.2386774803553409,True,False,False,True,1,0,0,4,4,2,463,530,"[true, false, false]",90,2,0,Starfield Stage - 1
11805,2025-10-08T22:19:15.918225,0.008,725.0,622.0,1.2331017932816626,True,False,False,True,1,0,0,4,4,2,463,530,"[true, false, false]",90,2,0,Starfield Stage - 1
11814,2025-10-08T22:19:15.926898,0.008,727.5,624.5,1.2276526402365786,True,False,False,True,1,0,0,4,4,2,463,530,"[true, false, false]",90,2,0,Starfield Stage - 1
11822,2025-10-08T22:19:15.934563,0.008,730.0,627.0,1.222326075081621,True,False,False,True,1,0,0,4,4,2,463,530,"[false, false, false]",90,2,0,Starfield Stage - 1
11830,2025-10-08T22:19:15.942343,0.008,732.5,629.5,1.21711829939956,True,False,False,True,1,0,0,4,4,2,463,530,"[false, false, false]",90,2,0,Starfield Stage - 1
11838,2025-10-08T22:19:15.950947,0.009,735.0,632.0,1.2120256565243244,True,False,False,True,1,0,0,4,4,2,463,530,"[false, false, false]",90,2,0,Starfield Stage - 1
11847,2025-10-08T22:19:15.960237,0.009,737.5,634.5,1.2070446257922864,True,False,False,True,1,0,0,4,4,2,463,530,"[false, false, false]",90,2,0,Starfield Stage - 1
11856,2025-10-08T22:19:15.968282,0.008,740.0,634.5,1.2100489838665105,True,False,False,False,1,0,0,4,4,2,463,530,"[false, false, false]",90,2,0,Starfield Stage - 1
11864,2025-10-08T22:19:15.976902,0.008,742.5,634.5,1.2130062406383515,True,False,False,False,1,0,0,4,4,2,463,530,"[false, false, false]",90,2,0,Starfield Stage - 1
11873,2025-10-08T22:19:15.985702,0.009,745.0,634.5,1.215917444620543,True,False,False,False,1,0,0,4,4,2,463,530,"[false, false, false]",90,2,0,Starfield Stage - 1
11881,2025-10-08T22:19:15.993860,0.008,747.5,634.5,1.218783615045597,True,False,False,False,1,0,0,4,4,2,463,530,"[false, false, false]",90,2,0,Starfield Stage - 1
11889,2025-10-08T22:19:16.002196,0.009,750.0,634.5,1.2216057428160312,True,False,False,False,1,0,0,4,4,2,463,530,"[false, false, false]",90,2,0,Starfield Stage - 1
11899,2025-10-08T22:19:16.011703,0.009,752.5,634.5,1.2243847914210026,True,False,False,False,1,0,0,4,4,2,463,530,"[false, false, false]",90,2,0,Starfield Stage - 1
11908,2025-10-08T22:19:16.020313,0.009,755.0,634.5,1.227121697820543,True,False,False,False,1,0,0,4,4,2,463,530,"[false, false, false]",90,2,0,Starfield Stage - 1
11916,2025-10-08T22:19:16.029090,0.009,757.5,634.5,1.2298173732985471,True,False,False,False,1,0,0,4,4,2,463,530,"[false, false, false]",90,2,0,Starfield Stage - 1
11925,2025-10-08T22:19:16.037363,0.008,760.0,634.5,1.232472704285637,True,False,False,False,1,0,0,4,4,2,463,530,"[false, false, false]",90,2,0,Starfield Stage - 1
11934,2025-10-08T22:19:16.046279,0.009,762.5,634.5,1.2350885531529856,True,False,False,False,1,0,0,4,4,2,463,530,"[false, false, false]",90,2,0,Starfield Stage - 1
11943,2025-10-08T22:19:16.055484,0.009,765.0,634.5,1.2376657589781557,True,False,False,False,2,0,0,4,4,2,463,530,"[true, false, false]",90,2,0,Starfield Stage - 1
11951,2025-10-08T22:19:16.064111,0.009,767.5,634.5,1.2402051382839678,True,False,False,False,2,0,0,4,4,2,463,530,"[true, false, false]",90,2,0,Starfield Stage - 1
11960,2025-10-08T22:19:16.072651,0.008,770.0,634.5,1.2427074857513842,True,False,False,False,2,0,0,4,4,2,463,530,"[true, false, false]",90,2,0,Starfield Stage - 1
11969,2025-10-08T22:19:16.081911,0.009,772.5,634.5,1.2451735749073585,True,False,False,False,2,0,0,4,4,2,463,530,"[true, false, false]",90,2,0,Starfield Stage - 1
11977,2025-10-08T22:19:16.089966,0.009,775.0,634.5,1.2476041587885716,True,False,False,False,2,1,0,4,4,2,463,530,"[true, false, false]",90,2,0,Starfield Stage - 1
11987,2025-10-08T22:19:16.099315,0.009,777.5,634.5,1.2499999705819396,True,False,False,False,2,1,0,4,4,2,463,530,"[true, false, false]",90,2,0,Starfield Stage - 1
11994,2025-10-08T22:19:16.107238,0.008,780.0,634.5,1.2523617242427494,True,False,False,False,2,1,0,4,4,2,463,530,"[true, false, false]",90,2,0,Starfield Stage - 1
12004,2025-10-08T22:19:16.116593,0.009,782.5,634.5,1.2546901150912515,True,False,False,False,2,1,0,4,4,2,463,530,"[true, false, false]",90,2,0,Starfield Stage - 1
12012,2025-10-08T22:19:16.124734,0.008,785.0,634.5,1.256985820388499,True,False,False,False,2,1,0,4,4,2,463,530,"[false, false, false]",90,2,0,Starfield Stage - 1
12020,2025-10-08T22:19:16.133236,0.009,787.5,634.5,1.2592494998922086,True,False,False,False,2,1,0,4,4,2,463,530,"[false, false, false]",90,2,0,Starfield Stage - 1
12029,2025-10-08T22:19:16.141869,0.009,790.0,634.5,1.2614817963933782,True,False,False,False,2,1,0,4,4,2,463,530,"[false, false, false]",90,2,0,Starfield Stage - 1
12038,2025-10-08T22:19:16.151219,0.009,792.5,634.5,1.2636833362343725,True,False,False,False,2,1,0,4,4,2,463,530,"[false, false, false]",90,2,0,Starfield Stage - 1
12047,2025-10-08T22:19:16.159870,0.009,795.0,634.5,1.2658547298091676,True,False,False,False,2,1,0,4,4,2,463,530,"[false, false, false]",90,2,0,Starfield Stage - 1
12056,2025-10-08T22:19:16.169081,0.009,797.5,634.5,1.2679965720464113,True,False,False,False,2,1,0,4,4,2,463,530,"[false, false, false]",90,2,0,Starfield Stage - 1
12066,2025-10-08T22:19:16.178668,0.009,800.0,634.5,1.2701094428759354,True,False,False,False,2,1,0,4,4,2,463,530,"[false, false, false]",90,2,0,Starfield Stage - 1
12074,2025-10-08T22:19:16.187146,0.009,802.5,634.5,1.272193907679334,True,False,False,False,2,1,0,4,4,2,463,530,"[false, false, false]",90,2,0,Starfield Stage - 1
12084,2025-10-08T22:19:16.196411,0.009,805.0,634.5,1.2742505177251962,True,False,False,False,2,1,0,4,4,2,463,530,"[false, false, false]",90,2,0,Starfield Stage - 1
12092,2025-10-08T22:19:16.205144,0.009,807.5,632.0,1.2810664168916088,True,False,True,False,2,1,0,4,4,2,462,529,"[false, false, false]",90,2,0,Starfield Stage - 1
12102,2025-10-08T22:19:16.214868,0.009,810.0,629.5,1.2874386367394848,True,False,True,False,2,1,0,4,4,2,458,527,"[false, false, false]",90,2,0,Starfield Stage - 1
12111,2025-10-08T22:19:16.223545,0.009,812.5,627.0,1.2884488518110244,True,False,True,False,2,1,0,4,4,2,454,523,"[false, false, false]",90,2,0,Starfield Stage - 1
12119,2025-10-08T22:19:16.231958,0.009,815.0,624.5,1.2898142707898363,True,False,True,False,2,1,0,4,4,2,446,518,"[false, false, false]",90,2,0,Starfield Stage - 1
12128,2025-10-08T22:19:16.241035,0.009,817.5,622.0,1.2862434923907327,True,False,True,False,2,1,0,4,4,2,438,511,"[false, false, false]",90,2,0,Starfield Stage - 1
12137,2025-10-08T22:19:16.250031,0.009,820.0,619.5,1.2781637539052932,True,False,True,False,2,1,0,4,4,2,430,502,"[false, false, false]",90,2,0,Starfield Stage - 1
12146,2025-10-08T22:19:16.259094,0.009,822.5,617.0,1.2703828557326104,True,False,True,False,2,1,0,4,4,2,419,492,"[false, false, false]",90,2,0,Starfield Stage - 1
12156,2025-10-08T22:19:16.268554,0.009,825.0,614.5,1.2367441082666024,True,False,True,False,2,1,0,4,4,2,400,467,"[false, false, false]",90,2,0,Starfield Stage - 1
12164,2025-10-08T22:19:16.276936,0.008,827.5,612.0,1.2214735991290402,True,False,True,False,2,1,0,4,4,2,391,453,"[false, false, false]",90,2,0,Starfield Stage - 1
12172,2025-10-08T22:19:16.285233,0.009,827.5,609.5,1.2045273336285438,True,True,True,False,2,1,0,4,4,2,383,439,"[false, false, false]",90,2,0,Starfield Stage - 1
12182,2025-10-08T22:19:16.294905,0.009,825.0,607.0,1.1895221955147637,False,True,True,False,2,1,0,4,4,2,376,427,"[false, false, false]",90,2,0,Starfield Stage - 1
12190,2025-10-08T22:19:16.302822,0.008,822.5,604.5,1.1726212584158782,False,True,True,False,2,1,0,5,4,2,372,415,"[false, false, false]",90,2,0,Starfield Stage - 1
12198,2025-10-08T22:19:16.311123,0.008,820.0,602.0,1.1589676186979139,False,True,True,False,2,1,0,5,4,2,369,405,"[false, false, false]",90,2,0,Starfield Stage - 1
12206,2025-10-08T22:19:16.319119,0.009,817.5,599.5,1.1448409895069733,False,True,True,False,2,1,0,5,4,2,369,396,"[false, false, false]",90,2,0,Starfield Stage - 1
12215,2025-10-08T22:19:16.328159,0.009,815.0,597.0,1.124530315721933,False,True,True,False,2,1,0,5,4,2,374,386,"[false, false, false]",90,2,0,Starfield Stage - 1
12225,2025-10-08T22:19:16.337293,0.009,812.5,594.5,1.102976280254807,False,True,True,False,2,1,0,5,4,2,382,377,"[false, false, false]",90,2,0,Starfield Stage - 1
12233,2025-10-08T22:19:16.345796,0.008,810.0,592.0,1.0768549578753155,False,True,True,False,2,1,0,5,4,2,394,368,"[false, false, false]",90,2,0,Starfield Stage - 1
12241,2025-10-08T22:19:16.353846,0.008,807.5,589.5,1.0512459543841672,False,True,True,False,2,1,0,5,4,2,408,361,"[false, false, false]",90,2,0,Starfield Stage - 1
12250,2025-10-08T22:19:16.362472,0.009,805.0,587.0,1.0207580389189697,False,True,True,False,2,1,0,5,4,2,425,354,"[false, false, false]",90,2,0,Starfield Stage - 1
12258,2025-10-08T22:19:16.370884,0.008,802.5,584.5,0.9850627631133684,False,True,True,False,2,1,0,5,4,2,446,348,"[false, false, false]",90,2,0,Starfield Stage - 1
12266,2025-10-08T22:19:16.379051,0.009,800.0,582.0,0.8868666699565997,False,True,True,False,2,1,0,5,4,2,497,335,"[false, false, false]",90,2,0,Starfield Stage - 1
12275,2025-10-08T22:19:16.388184,0.009,797.5,582.0,0.8207900773971503,False,True,False,False,2,1,0,5,4,2,527,330,"[false, false, false]",90,2,0,Starfield Stage - 1
12284,2025-10-08T22:19:16.396615,0.008,795.0,582.0,0.7530208178187728,False,True,False,False,2,1,0,5,4,2,556,327,"[false, false, false]",90,2,0,Starfield Stage - 1
12292,2025-10-08T22:19:16.405186,0.009,792.5,582.0,0.6787770076772315,False,True,False,False,2,1,0,5,4,2,586,326,"[false, false, false]",90,2,0,Starfield Stage - 1
12300,2025-10-08T22:19:16.413106,0.008,790.0,582.0,0.6022873461349642,False,True,False,False,2,1,0,5,4,2,614,326,"[false, false, false]",90,2,0,Starfield Stage - 1
12309,2025-10-08T22:19:16.421688,0.008,787.5,582.0,0.5256422508630919,False,True,False,False,2,1,0,5,4,2,639,326,"[false, false, false]",90,2,0,Starfield Stage - 1
12317,2025-10-08T22:19:16.430262,0.009,785.0,582.0,0.45260704815160574,False,True,False,False,2,1,0,5,4,2,661,327,"[false, false, false]",90,2,0,Starfield Stage - 1
12326,2025-10-08T22:19:16.438560,0.008,782.5,582.0,0.3863083597890048,False,True,False,False,2,1,0,5,4,2,680,330,"[false, false, false]",90,2,0,Starfield Stage - 1
12335,2025-10-08T22:19:16.447314,0.009,780.0,582.0,0.33019426204611374,False,True,False,False,2,1,0,5,4,2,695,334,"[false, false, false]",90,2,0,Starfield Stage - 1
12344,2025-10-08T22:19:16.456768,0.009,777.5,582.0,0.2834767244693221,False,True,False,False,3,1,0,5,4,2,707,340,"[true, false, false]",90,2,0,Starfield Stage - 1
12352,2025-10-08T22:19:16.464778,0.008,775.0,582.0,0.25191611377151857,False,True,False,False,3,1,0,5,4,2,714,345,"[true, false, false]",90,2,0,Starfield Stage - 1
12360,2025-10-08T22:19:16.473244,0.009,772.5,582.0,0.23073026355941112,False,True,False,False,3,1,0,5,4,2,718,350,"[true, false, false]",90,2,0,Starfield Stage - 1
12370,2025-10-08T22:19:16.482288,0.009,770.0,582.0,0.21496697296586353,False,True,False,False,3,1,0,5,4,2,720,353,"[true, false, false]",90,2,0,Starfield Stage - 1
12378,2025-10-08T22:19:16.491189,0.009,767.5,582.0,0.20627481909232742,False,True,False,False,3,1,0,5,4,2,720,355,"[true, false, false]",90,2,0,Starfield Stage - 1
12388,2025-10-08T22:19:16.500592,0.009,765.0,582.0,0.19654449622557135,False,True,False,False,3,1,0,5,4,2,720,356,"[true, false, false]",90,2,0,Starfield Stage - 1
12396,2025-10-08T22:19:16.508712,0.008,762.5,582.0,0.18588220932779342,False,True,False,False,3,1,0,5,4,2,720,356,"[true, false, false]",90,2,0,Starfield Stage - 1
12404,2025-10-08T22:19:16.516667,0.008,760.0,582.0,0.1751769945231617,False,True,False,False,3,1,0,5,4,2,720,356,"[false, false, false]",90,2,0,Starfield Stage - 1
12412,2025-10-08T22:19:16.524754,0.008,757.5,582.0,0.16443106002794455,False,True,False,False,3,1,0,5,4,2,720,356,"[false, false, false]",90,2,0,Starfield Stage - 1
12421,2025-10-08T22:19:16.533486,0.009,755.0,582.0,0.15364666849011643,False,True,False,False,3,1,0,5,4,2,720,356,"[false, false, false]",90,2,0,Starfield Stage - 1
12429,2025-10-08T22:19:16.542004,0.009,752.5,582.0,0.14282613454743132,False,True,False,False,3,1,0,5,4,2,720,356,"[false, false, false]",90,2,0,Starfield Stage - 1
12438,2025-10-08T22:19:16.550779,0.008,750.0,584.5,0.13054436653332954,False,True,False,True,3,1,0,5,4,2,720,356,"[false, false, false]",90,2,0,Starfield Stage - 1
12446,2025-10-08T22:19:16.559127,0.009,747.5,587.0,0.11848995915813777,False,True,False,True,3,1,0,5,4,2,720,356,"[false, false, false]",90,2,0,Starfield Stage - 1
12455,2025-10-08T22:19:16.567616,0.008,745.0,589.5,0.11089223879589069,False,True,False,True,3,1,0,5,4,2,719,356,"[false, false, false]",90,2,0,Starfield Stage - 1
12463,2025-10-08T22:19:16.576010,0.009,742.5,592.0,0.10763327133095674,False,True,False,True,3,1,0,5,4,2,717,356,"[false, false, false]",90,2,0,Starfield Stage - 1
12472,2025-10-08T22:19:16.584815,0.009,740.0,594.5,0.11686546516526553,False,True,False,True,3,1,0,5,4,2,712,356,"[false, false, false]",90,2,0,Starfield Stage - 1
12483,2025-10-08T22:19:16.595493,0.009,737.5,597.0,0.1381191010585188,False,True,False,True,3,1,0,5,4,2,704,356,"[false, false, false]",90,2,0,Starfield Stage - 1
12490,2025-10-08T22:19:16.602319,0.008,735.0,599.5,0.19067363657778452,False,True,False,True,3,1,0,5,4,2,688,356,"[false, false, false]",90,2,0,Starfield Stage - 1
12498,2025-10-08T22:19:16.610686,0.008,732.5,602.0,0.17895904564818735,False,True,False,True,3,1,0,5,4,2,688,356,"[false, false, false]",90,2,0,Starfield Stage - 1
12506,2025-10-08T22:19:16.619132,0.009,730.0,604.5,0.21013126644974892,False,True,False,True,3,1,0,5,4,2,677,356,"[false, false, false]",90,2,0,Starfield Stage - 1
12515,2025-10-08T22:19:16.627855,0.009,727.5,607.0,0.2100047501719961,False,True,False,True,3,1,0,5,4,2,674,356,"[false, false, false]",90,2,0,Starfield Stage - 1
12524,2025-10-08T22:19:16.637034,0.009,725.0,609.5,0.2106875988657842,False,True,False,True,3,1,0,5,4,2,671,357,"[false, false, false]",90,2,0,Starfield Stage - 1
12533,2025-10-08T22:19:16.646071,0.009,722.5,612.0,0.2083924620048387,False,True,False,True,4,1,0,4,4,2,669,359,"[true, false, false]",90,2,0,Starfield Stage - 1
12542,2025-10-08T22:19:16.655201,0.009,720.0,614.5,0.20988072266107496,False,True,False,True,4,1,0,4,4,2,666,361,"[true, false, false]",90,2,0,Starfield Stage - 1
12551,2025-10-08T22:19:16.663498,0.008,717.5,617.0,0.20759543278408354,False,True,False,True,4,1,0,4,4,2,664,363,"[true, false, false]",90,2,0,Starfield Stage - 1
12559,2025-10-08T22:19:16.672150,0.009,715.0,619.5,0.20828510310816026,False,True,False,True,3,1,0,4,4,2,661,364,"[true, false, false]",90,2,0,Starfield Stage - 1
12567,2025-10-08T22:19:16.680258,0.008,712.5,622.0,0.20227356993927884,False,True,False,True,3,1,0,4,4,2,660,366,"[true, false, false]",90,2,0,Starfield Stage - 1
12576,2025-10-08T22:19:16.689195,0.008,710.0,624.5,0.1992619257306059,False,True,False,True,3,1,0,4,4,2,658,367,"[true, false, false]",90,2,0,Starfield Stage - 1
12584,2025-10-08T22:19:16.697182,0.009,707.5,627.0,0.19256467955590448,False,True,False,True,3,1,0,4,4,2,657,368,"[true, false, false]",90,2,0,Starfield Stage - 1
12593,2025-10-08T22:19:16.705740,0.008,705.0,629.5,0.18592732420664987,False,True,False,True,3,1,0,4,4,2,656,369,"[true, false, false]",90,2,0,Starfield Stage - 1
12601,2025-10-08T22:19:16.713835,0.008,702.5,632.0,0.1756518438456064,False,True,False,True,3,1,0,4,4,2,656,370,"[false, false, false]",90,2,0,Starfield Stage - 1
12609,2025-10-08T22:19:16.721706,0.008,700.0,634.5,0.1685187626952317,False,True,False,True,3,1,0,4,4,2,655,370,"[false, false, false]",90,2,0,Starfield Stage - 1
12617,2025-10-08T22:19:16.730084,0.009,697.5,637.0,0.15785175615041022,False,True,False,True,3,1,0,4,4,2,655,370,"[false, false, false]",90,2,0,Starfield Stage - 1
12626,2025-10-08T22:19:16.739049,0.009,695.0,637.0,0.15293181426345742,False,True,False,False,3,1,0,4,4,2,654,371,"[false, false, false]",90,2,0,Starfield Stage - 1
12636,2025-10-08T22:19:16.748311,0.009,692.5,637.0,0.1527921855371505,False,True,False,False,3,1,0,4,4,2,652,374,"[false, false, false]",90,2,0,Starfield Stage - 1
12645,2025-10-08T22:19:16.757800,0.009,690.0,637.0,0.1515018819682747,False,True,False,False,3,1,0,4,4,2,650,375,"[false, false, false]",90,2,0,Starfield Stage - 1
12653,2025-10-08T22:19:16.765946,0.008,687.5,637.0,0.1470086592636199,False,True,False,False,3,1,0,4,4,2,649,377,"[false, false, false]",90,2,0,Starfield Stage - 1
12662,2025-10-08T22:19:16.774831,0.009,685.0,637.0,0.14189705460416394,False,True,False,False,3,1,0,4,4,2,648,378,"[false, false, false]",90,2,0,Starfield Stage - 1
12671,2025-10-08T22:19:16.783477,0.009,682.5,637.0,0.13621683438636514,False,True,False,False,3,1,0,4,4,2,647,378,"[false, false, false]",90,2,0,Starfield Stage - 1
12679,2025-10-08T22:19:16.791552,0.008,680.0,637.0,0.12721621706788802,False,True,False,False,3,1,0,4,4,2,647,379,"[false, false, false]",90,2,0,Starfield Stage - 1
12687,2025-10-08T22:19:16.799762,0.008,677.5,637.0,0.12149172391762583,False,True,False,False,3,1,0,4,4,2,646,379,"[false, false, false]",90,2,0,Starfield Stage - 1
12695,2025-10-08T22:19:16.807925,0.009,675.0,637.0,0.11193327322480631,False,True,False,False,3,1,0,4,4,2,646,379,"[false, false, false]",90,2,0,Starfield Stage - 1
12704,2025-10-08T22:19:16.817161,0.009,672.5,637.0,0.10235423974269008,False,True,False,False,3,1,0,4,4,2,646,379,"[false, false, false]",90,2,0,Starfield Stage - 1
12714,2025-10-08T22:19:16.826670,0.009,670.0,637.0,0.09275632018814374,False,True,False,False,4,1,0,4,4,2,646,379,"[true, false, false]",90,2,0,Starfield Stage - 1
12722,2025-10-08T22:19:16.834798,0.008,667.5,637.0,0.08314123188844123,False,True,False,False,4,1,0,4,4,2,646,379,"[true, false, false]",90,2,0,Starfield Stage - 1
12729,2025-10-08T22:19:16.842220,0.008,665.0,637.0,0.07437237577901763,False,True,False,False,4,1,0,4,4,2,646,382,"[true, false, false]",90,2,0,Starfield Stage - 1
12738,2025-10-08T22:19:16.850926,0.008,662.5,637.0,0.06461580389798316,False,True,False,False,4,1,0,4,4,2,646,382,"[true, false, false]",90,2,0,Starfield Stage - 1
12746,2025-10-08T22:19:16.859198,0.009,660.0,637.0,0.05571915837541029,False,True,False,False,4,1,0,4,4,2,646,386,"[true, false, false]",90,2,0,Starfield Stage - 1
12796,2025-10-08T22:19:16.908588,0.009,657.5,637.0,0.04596759579710449,False,True,False,False,3,1,0,4,4,2,646,387,"[true, false, false]",100,2,0,Starfield Stage - 1
12799,2025-10-08T22:19:16.911464,0.043,655.0,637.0,0.0362744038570487,False,True,False,False,3,1,0,4,4,2,646,389,"[true, false, false]",100,2,0,Starfield Stage - 1
12807,2025-10-08T22:19:16.920024,0.009,652.5,637.0,0.026309717252922193,False,True,False,False,3,1,0,4,4,2,646,390,"[false, false, false]",100,2,0,Starfield Stage - 1
12817,2025-10-08T22:19:16.929361,0.009,650.0,637.0,0.016192916517521822,False,True,False,False,3,1,0,4,4,2,646,390,"[false, false, false]",100,2,0,Starfield Stage - 1
12825,2025-10-08T22:19:16.938032,0.008,647.5,637.0,0.006097485407682011,False,True,False,False,3,1,0,4,4,2,646,391,"[false, false, false]",100,2,0,Starfield Stage - 1
12833,2025-10-08T22:19:16.946018,0.008,645.0,637.0,-0.0040816099869951175,False,True,False,False,2,1,0,4,4,2,646,392,"[false, false, false]",100,2,0,Starfield Stage - 1
12841,2025-10-08T22:19:16.954052,0.008,642.5,637.0,-0.018365281890837627,False,True,False,False,2,1,0,4,4,2,647,392,"[false, false, false]",100,2,0,Starfield Stage - 1
12849,2025-10-08T22:19:16.961371,0.008,640.0,637.0,-0.028563657838759995,False,True,False,False,2,1,0,4,4,2,647,392,"[false, false, false]",100,2,0,Starfield Stage - 1
12857,2025-10-08T22:19:16.970090,0.008,637.5,637.0,-0.03875609420403566,False,True,False,False,2,1,0,4,4,2,647,392,"[false, false, false]",100,2,0,Starfield Stage - 1
12864,2025-10-08T22:19:16.977182,0.008,635.0,637.0,-0.048940480764067804,False,True,False,False,2,1,0,4,4,2,647,392,"[false, false, false]",100,2,0,Starfield Stage - 1
12873,2025-10-08T22:19:16.986141,0.009,632.5,637.0,-0.05911471730493129,False,True,False,False,2,1,0,4,4,2,647,392,"[false, false, false]",100,2,0,Starfield Stage - 1
12883,2025-10-08T22:19:16.995784,0.009,630.0,637.0,-0.06927671619884672,False,True,False,False,2,1,0,4,4,2,647,392,"[false, false, false]",100,2,0,Starfield Stage - 1
12891,2025-10-08T22:19:17.003652,0.008,627.5,637.0,-0.07942440494278238,False,True,False,False,2,1,0,4,4,2,647,392,"[false, false, false]",100,2,0,Starfield Stage - 1
12941,2025-10-08T22:19:17.053621,0.009,625.0,637.0,-0.08955572865056705,False,True,False,False,2,0,0,4,4,2,647,392,"[true, false, false]",100,2,0,Starfield Stage - 1
12943,2025-10-08T22:19:17.056139,0.043,622.5,637.0,-0.09966865249116202,False,True,False,False,2,0,0,4,4,2,647,392,"[true, false, false]",100,2,0,Starfield Stage - 1
12951,2025-10-08T22:19:17.063520,0.008,620.0,637.0,-0.1097611640660457,False,True,False,False,2,0,0,4,4,2,647,392,"[true, false, false]",100,2,0,Starfield Stage - 1
12959,2025-10-08T22:19:17.072110,0.009,617.5,637.0,-0.11983127571900565,False,True,False,False,2,0,0,4,4,2,647,392,"[true, false, false]",100,2,0,Starfield Stage - 1
12968,2025-10-08T22:19:17.080594,0.008,615.0,637.0,-0.12987702677200896,False,True,False,False,2,0,0,4,4,2,647,392,"[true, false, false]",100,2,0,Starfield Stage - 1
12976,2025-10-08T22:19:17.089249,0.009,612.5,637.0,-0.1398964856812278,False,True,False,False,2,0,0,4,4,2,647,392,"[true, false, false]",100,2,0,Starfield Stage - 1
12985,2025-10-08T22:19:17.097623,0.008,610.0,637.0,-0.14988775210772984,False,True,False,False,2,0,0,4,4,2,647,392,"[false, false, false]",100,2,0,Starfield Stage - 1
12993,2025-10-08T22:19:17.105663,0.008,607.5,637.0,-0.15984895889780043,False,True,False,False,2,0,0,4,4,2,647,392,"[false, false, false]",100,2,0,Starfield Stage - 1
13001,2025-10-08T22:19:17.113624,0.008,605.0,637.0,-0.16977827396833844,False,True,False,False,2,0,0,4,4,2,647,392,"[false, false, false]",100,2,0,Starfield Stage - 1
13008,2025-10-08T22:19:17.121263,0.008,602.5,637.0,-0.17967390209325984,False,True,False,False,2,0,0,4,4,2,647,392,"[false, false, false]",100,2,0,Starfield Stage - 1
13018,2025-10-08T22:19:17.130700,0.009,600.0,637.0,-0.18953408658734539,False,True,False,False,1,0,0,4,4,2,647,392,"[false, false, false]",100,2,0,Starfield Stage - 1
13026,2025-10-08T22:19:17.139274,0.009,597.5,637.0,-0.1993571108844803,False,True,False,False,1,0,0,4,4,2,647,392,"[false, false, false]",100,2,0,Starfield Stage - 1
13036,2025-10-08T22:19:17.148400,0.009,595.0,637.0,-0.2091413000077477,False,True,False,False,1,0,0,4,4,2,647,392,"[false, false, false]",100,2,0,Starfield Stage - 1
13045,2025-10-08T22:19:17.157532,0.009,592.5,637.0,-0.21888502192935186,False,True,False,False,1,1,0,4,4,2,647,392,"[false, false, false]",100,2,0,Starfield Stage - 1
13053,2025-10-08T22:19:17.165806,0.009,590.0,637.0,-0.22858668881885888,False,True,False,False,1,1,0,4,4,2,647,392,"[false, false, false]",100,2,0,Starfield Stage - 1
13062,2025-10-08T22:19:17.174854,0.009,587.5,637.0,-0.23824475817874502,False,True,False,False,1,1,0,4,4,2,647,392,"[false, false, false]",100,2,0,Starfield Stage - 1
13072,2025-10-08T22:19:17.185132,0.01,585.0,637.0,-0.2478577338667366,False,True,False,False,1,1,0,4,4,2,647,392,"[false, false, false]",100,2,0,Starfield Stage - 1
13081,2025-10-08T22:19:17.194091,0.009,582.5,637.0,-0.25742416700490445,False,True,False,False,1,1,0,4,4,2,647,392,"[false, false, false]",100,2,0,Starfield Stage - 1
13091,2025-10-08T22:19:17.203542,0.009,580.0,637.0,-0.2669426567759394,False,True,False,False,2,1,0,4,4,2,647,392,"[true, false, false]",100,2,0,Starfield Stage - 1
13099,2025-10-08T22:19:17.212072,0.009,577.5,637.0,-0.2764118511074789,False,True,False,False,2,1,0,4,4,2,647,392,"[true, false, false]",100,2,0,Starfield Stage - 1
13109,2025-10-08T22:19:17.221388,0.009,575.0,637.0,-0.2858304472457778,False,True,False,False,2,1,0,4,4,2,647,392,"[true, false, false]",100,2,0,Starfield Stage - 1
13117,2025-10-08T22:19:17.230032,0.008,572.5,637.0,-0.2951971922204164,False,True,False,False,2,1,0,4,4,2,647,392,"[true, false, false]",100,2,0,Starfield Stage - 1
13125,2025-10-08T22:19:17.237362,0.008,570.0,637.0,-0.3045108832021125,False,True,False,False,2,1,0,4,4,2,647,392,"[true, false, false]",100,2,0,Starfield Stage - 1
13133,2025-10-08T22:19:17.245827,0.008,567.5,637.0,-0.31377036775605277,False,True,False,False,2,1,0,4,4,2,647,392,"[true, false, false]",100,2,0,Starfield Stage - 1
13143,2025-10-08T22:19:17.255317,0.01,565.0,637.0,-0.3229745439934799,False,True,False,False,2,1,0,4,4,2,647,392,"[true, false, false]",100,2,0,Starfield Stage - 1
13153,2025-10-08T22:19:17.266259,0.009,562.5,637.0,-0.3321223606245636,False,True,False,False,2,1,0,4,4,2,647,392,"[true, false, false]",100,2,0,Starfield Stage - 1
13161,2025-10-08T22:19:17.273321,0.009,560.0,637.0,-0.34121281691584643,False,True,False,False,2,1,0,4,4,2,647,392,"[false, false, false]",100,2,0,Starfield Stage - 1
13169,2025-10-08T22:19:17.281631,0.008,557.5,637.0,-0.3502449625557926,False,True,False,False,2,1,0,4,4,2,647,392,"[false, false, false]",100,2,0,Starfield Stage - 1
13178,2025-10-08T22:19:17.290378,0.009,555.0,637.0,-0.3592178974321685,False,True,False,False,2,1,0,4,4,2,647,392,"[false, false, false]",100,2,0,Starfield Stage - 1
13186,2025-10-08T22:19:17.298848,0.009,552.5,637.0,-0.3736915615211706,False,True,False,False,2,1,0,4,4,2,647,396,"[false, false, false]",100,2,0,Starfield Stage - 1
13195,2025-10-08T22:19:17.307832,0.009,550.0,637.0,-0.37759305687681216,False,True,False,False,2,1,0,4,4,2,644,400,"[false, false, false]",100,2,0,Starfield Stage - 1
13204,2025-10-08T22:19:17.316973,0.009,547.5,637.0,-0.37274600075086506,False,True,False,False,2,1,0,4,4,2,639,403,"[false, false, false]",100,2,0,Starfield Stage - 1
13213,2025-10-08T22:19:17.326037,0.009,545.0,637.0,-0.3654245644654168,False,True,False,False,2,1,0,4,4,2,633,407,"[false, false, false]",100,2,0,Starfield Stage - 1
13223,2025-10-08T22:19:17.335558,0.009,542.5,637.0,-0.34610386908320445,False,True,False,False,2,1,0,4,4,2,624,411,"[false, false, false]",100,2,0,Starfield Stage - 1
13231,2025-10-08T22:19:17.343609,0.008,540.0,637.0,-0.3176910367778349,False,True,False,False,2,1,0,4,4,2,613,415,"[false, false, false]",100,2,0,Starfield Stage - 1
13240,2025-10-08T22:19:17.352280,0.009,537.5,637.0,-0.27799809085985033,False,True,False,False,2,1,0,4,4,2,600,418,"[false, false, false]",100,2,0,Starfield Stage - 1
13248,2025-10-08T22:19:17.360644,0.008,535.0,637.0,-0.2284966392918623,False,True,False,False,2,1,0,4,4,2,585,422,"[false, false, false]",100,2,0,Starfield Stage - 1
13256,2025-10-08T22:19:17.368953,0.009,532.5,637.0,-0.1750758045291737,False,True,False,False,2,1,0,4,5,2,570,425,"[false, false, false]",100,2,0,Starfield Stage - 1
13265,2025-10-08T22:19:17.377940,0.009,530.0,637.0,-0.12318266214127624,False,True,False,False,2,1,0,4,5,2,556,427,"[false, false, false]",100,2,0,Starfield Stage - 1
13274,2025-10-08T22:19:17.386975,0.009,527.5,637.0,-0.007316942590634242,False,True,False,False,2,1,0,4,5,2,529,432,"[false, false, false]",100,2,0,Starfield Stage - 1
13283,2025-10-08T22:19:17.396147,0.009,525.0,637.0,0.024625562866468633,False,True,False,False,2,1,0,4,5,2,520,434,"[false, false, false]",100,2,0,Starfield Stage - 1
13293,2025-10-08T22:19:17.405911,0.009,522.5,637.0,0.03248856453801633,False,True,False,False,2,1,0,4,5,2,516,437,"[false, false, false]",100,2,0,Starfield Stage - 1
13302,2025-10-08T22:19:17.415039,0.009,520.0,637.0,0.005101996546915073,False,True,False,False,2,1,0,4,5,2,519,441,"[false, false, false]",100,2,0,Starfield Stage - 1
13311,2025-10-08T22:19:17.423319,0.009,517.5,634.5,-0.0658676384963692,False,True,True,False,2,1,0,4,5,2,530,445,"[false, false, false]",100,2,0,Starfield Stage - 1
13319,2025-10-08T22:19:17.431758,0.008,515.0,632.0,-0.17936994083597105,False,True,True,False,2,1,0,4,5,2,548,450,"[false, false, false]",100,2,0,Starfield Stage - 1
13327,2025-10-08T22:19:17.439890,0.009,512.5,629.5,-0.340648647975744,False,True,True,False,2,1,0,4,5,2,574,456,"[false, false, false]",100,2,0,Starfield Stage - 1
13336,2025-10-08T22:19:17.449036,0.009,510.0,627.0,-0.5295895987820763,False,True,True,False,2,1,0,4,5,2,606,463,"[false, false, false]",100,2,0,Starfield Stage - 1
13346,2025-10-08T22:19:17.458463,0.009,507.5,624.5,-0.723194777784199,False,True,True,False,2,1,0,4,5,2,643,471,"[false, false, false]",100,2,0,Starfield Stage - 1
13354,2025-10-08T22:19:17.466831,0.008,505.0,622.0,-1.0058022145284227,False,True,True,False,2,1,0,4,5,2,729,480,"[false, false, false]",100,2,0,Starfield Stage - 1
13362,2025-10-08T22:19:17.475016,0.009,502.5,619.5,-1.1020054861433801,False,True,True,False,2,1,0,4,6,2,774,482,"[false, false, false]",100,2,0,Starfield Stage - 1
13372,2025-10-08T22:19:17.484930,0.01,500.0,617.0,-1.1731150417319949,False,True,True,False,2,1,0,4,6,2,819,483,"[false, false, false]",100,2,0,Starfield Stage - 1
13382,2025-10-08T22:19:17.494833,0.009,497.5,614.5,-1.226117768011323,False,True,True,False,2,1,0,4,6,2,861,484,"[false, false, false]",100,2,0,Starfield Stage - 1
13390,2025-10-08T22:19:17.502849,0.008,495.0,612.0,-1.2736860421203227,False,True,True,False,2,1,0,4,6,2,900,488,"[false, false, false]",100,2,0,Starfield Stage - 1
13398,2025-10-08T22:19:17.510870,0.009,492.5,609.5,-1.3133613771190387,False,True,True,False,3,1,0,4,6,2,935,493,"[true, false, false]",100,2,0,Starfield Stage - 1
13407,2025-10-08T22:19:17.520021,0.009,490.0,607.0,-1.3492314210951317,False,True,True,False,3,1,0,4,6,2,965,500,"[true, false, false]",100,2,0,Starfield Stage - 1
13416,2025-10-08T22:19:17.529224,0.009,487.5,604.5,-1.3810663891195565,False,True,True,False,3,1,0,4,6,2,990,508,"[true, false, false]",100,2,0,Starfield Stage - 1
13426,2025-10-08T22:19:17.538790,0.008,485.0,602.0,-1.4062666527057284,False,True,True,False,3,1,0,4,6,2,1009,515,"[true, false, false]",100,2,0,Starfield Stage - 1
13433,2025-10-08T22:19:17.546230,0.009,485.0,599.5,-1.4432634970709706,True,True,True,False,3,1,0,4,6,2,1027,530,"[true, false, false]",100,2,0,Starfield Stage - 1
13442,2025-10-08T22:19:17.554749,0.008,485.0,597.0,-1.4593336285499292,True,True,True,False,3,1,0,4,6,2,1030,536,"[true, false, false]",100,2,0,Starfield Stage - 1
13450,2025-10-08T22:19:17.563040,0.008,485.0,594.5,-1.4711276743037347,True,True,True,False,3,1,0,4,6,2,1030,540,"[true, false, false]",100,2,0,Starfield Stage - 1
13458,2025-10-08T22:19:17.571013,0.009,485.0,592.0,-1.4826277149583307,True,True,True,False,3,1,0,4,6,2,1028,544,"[true, false, false]",100,2,0,Starfield Stage - 1
13467,2025-10-08T22:19:17.580129,0.009,485.0,589.5,-1.492254525868824,True,True,True,False,3,1,0,4,6,2,1025,547,"[true, false, false]",100,2,0,Starfield Stage - 1
13477,2025-10-08T22:19:17.589275,0.009,485.0,587.0,-1.5000192252587383,True,True,True,False,3,1,0,4,6,2,1021,549,"[false, false, false]",100,2,0,Starfield Stage - 1
13485,2025-10-08T22:19:17.598171,0.009,482.5,584.5,-1.5043525720754103,False,True,True,False,3,1,0,4,6,2,1016,549,"[false, false, false]",100,2,0,Starfield Stage - 1
13495,2025-10-08T22:19:17.607537,0.009,480.0,582.0,-1.5106054680844456,False,True,True,False,3,1,0,4,6,2,1011,550,"[false, false, false]",100,2,0,Starfield Stage - 1
13503,2025-10-08T22:19:17.615616,0.008,477.5,579.5,-1.5148244612521309,False,True,True,False,3,1,0,4,6,2,1004,550,"[false, false, false]",100,2,0,Starfield Stage - 1
13511,2025-10-08T22:19:17.623567,0.008,475.0,577.0,-1.5192168778538202,False,True,True,False,3,1,0,4,6,2,998,550,"[false, false, false]",100,2,0,Starfield Stage - 1
13519,2025-10-08T22:19:17.631919,0.009,472.5,574.5,-1.5235797588263407,False,True,True,False,3,1,0,4,6,2,991,550,"[false, false, false]",100,2,0,Starfield Stage - 1
13528,2025-10-08T22:19:17.640954,0.009,470.0,572.0,-1.5259920233310549,False,True,True,False,3,1,0,4,6,2,983,549,"[false, false, false]",100,2,0,Starfield Stage - 1
13537,2025-10-08T22:19:17.650005,0.009,467.5,569.5,-1.5264030053629796,False,True,True,False,3,1,0,4,6,2,974,547,"[false, false, false]",100,2,0,Starfield Stage - 1
13546,2025-10-08T22:19:17.659202,0.009,465.0,567.0,-1.519611564799668,False,True,True,False,3,1,0,4,6,2,953,542,"[false, false, false]",100,2,0,Starfield Stage - 1
13556,2025-10-08T22:19:17.668642,0.009,462.5,564.5,-1.5157012564878132,False,True,True,False,3,1,0,4,6,2,943,538,"[false, false, false]",100,2,0,Starfield Stage - 1
13564,2025-10-08T22:19:17.676842,0.008,460.0,562.0,-1.5095621944071551,False,True,True,False,3,1,0,4,6,2,933,533,"[false, false, false]",100,2,0,Starfield Stage - 1
13572,2025-10-08T22:19:17.684861,0.008,457.5,559.5,-1.5032301593583979,False,True,True,False,3,1,0,4,6,2,923,528,"[false, false, false]",100,2,0,Starfield Stage - 1
13580,2025-10-08T22:19:17.693244,0.009,455.0,557.0,-1.4946908799449456,False,True,True,False,2,1,0,4,6,2,914,522,"[false, false, false]",100,2,0,Starfield Stage - 1
13589,2025-10-08T22:19:17.701717,0.008,452.5,554.5,-1.4859178743810455,False,True,True,False,2,1,0,4,6,2,905,516,"[false, false, false]",100,2,0,Starfield Stage - 1
13598,2025-10-08T22:19:17.710451,0.009,450.0,552.0,-1.4817467441603989,False,True,True,False,2,1,0,4,6,2,898,512,"[false, false, false]",100,2,0,Starfield Stage - 1
13606,2025-10-08T22:19:17.719045,0.009,447.5,549.5,-1.477494169320489,False,True,True,False,2,1,0,4,6,2,891,508,"[false, false, false]",100,2,0,Starfield Stage - 1
13615,2025-10-08T22:19:17.728269,0.009,445.0,547.0,-1.4758446204521403,False,True,True,False,3,1,0,4,6,2,886,505,"[true, false, false]",100,2,0,Starfield Stage - 1
13623,2025-10-08T22:19:17.736208,0.008,442.5,544.5,-1.4764365592518622,False,True,True,False,3,1,0,4,6,2,881,503,"[true, false, false]",100,2,0,Starfield Stage - 1
13632,2025-10-08T22:19:17.744724,0.008,440.0,542.0,-1.4774609983547922,False,True,True,False,3,1,0,4,6,2,878,501,"[true, false, false]",100,2,0,Starfield Stage - 1
13640,2025-10-08T22:19:17.752608,0.008,437.5,539.5,-1.4809589769369254,False,True,True,False,3,1,0,4,6,2,876,500,"[true, false, false]",100,2,0,Starfield Stage - 1
13649,2025-10-08T22:19:17.761500,0.009,435.0,537.0,-1.4844511857787819,False,True,True,False,3,1,0,4,6,2,874,499,"[true, false, false]",100,2,0,Starfield Stage - 1
13657,2025-10-08T22:19:17.770040,0.008,432.5,534.5,-1.4881247989583386,False,True,True,False,3,1,0,4,6,2,873,498,"[true, false, false]",100,2,0,Starfield Stage - 1
13666,2025-10-08T22:19:17.778682,0.009,430.0,534.5,-1.4839115466477333,False,True,False,False,3,1,0,4,6,2,872,496,"[true, false, false]",100,2,0,Starfield Stage - 1
13674,2025-10-08T22:19:17.787157,0.009,427.5,534.5,-1.4821652458996522,False,True,False,False,3,1,0,4,6,2,872,495,"[true, false, false]",100,2,0,Starfield Stage - 1
13684,2025-10-08T22:19:17.796574,0.009,425.0,534.5,-1.4802375211666365,False,True,False,False,3,1,0,4,6,2,871,494,"[false, false, false]",100,2,0,Starfield Stage - 1
13692,2025-10-08T22:19:17.805059,0.009,422.5,534.5,-1.4736784062676753,False,True,False,False,3,1,0,4,6,2,869,491,"[false, false, false]",100,2,0,Starfield Stage - 1
13701,2025-10-08T22:19:17.814055,0.009,420.0,534.5,-1.4671423084892643,False,True,False,False,3,1,0,4,6,2,867,488,"[false, false, false]",100,2,0,Starfield Stage - 1
13711,2025-10-08T22:19:17.823445,0.009,417.5,534.5,-1.458422579597234,False,True,False,False,3,1,0,4,6,2,865,484,"[false, false, false]",100,2,0,Starfield Stage - 1
13719,2025-10-08T22:19:17.832103,0.009,415.0,534.5,-1.4472674369755345,False,True,False,False,3,1,0,4,6,2,862,479,"[false, false, false]",100,2,0,Starfield Stage - 1
13729,2025-10-08T22:19:17.841405,0.009,412.5,534.5,-1.4389020645416015,False,True,False,False,3,1,0,4,6,2,861,475,"[false, false, false]",100,2,0,Starfield Stage - 1
13737,2025-10-08T22:19:17.849647,0.008,410.0,534.5,-1.4303026706144686,False,True,False,False,3,1,0,4,6,2,859,471,"[false, false, false]",100,2,0,Starfield Stage - 1
13745,2025-10-08T22:19:17.857860,0.008,407.5,534.5,-1.4173948046426224,False,True,False,False,3,1,0,4,6,2,857,465,"[false, false, false]",100,2,0,Starfield Stage - 1
13753,2025-10-08T22:19:17.866039,0.009,405.0,534.5,-1.4157319464659723,False,True,False,False,2,1,0,4,6,2,856,464,"[false, false, false]",100,2,0,Starfield Stage - 1
13762,2025-10-08T22:19:17.875050,0.009,402.5,534.5,-1.416573240069959,False,True,False,False,2,1,0,4,6,2,856,464,"[false, false, false]",100,2,0,Starfield Stage - 1
13807,2025-10-08T22:19:17.919834,0.009,400.0,534.5,-1.417405525475702,False,True,False,False,1,1,0,4,6,2,856,464,"[false, false, false]",110,2,0,Starfield Stage - 1
13809,2025-10-08T22:19:17.921524,0.037,397.5,534.5,-1.418228945461646,False,True,False,False,1,1,0,4,6,2,856,464,"[false, false, false]",110,2,0,Starfield Stage - 1
13817,2025-10-08T22:19:17.929786,0.008,395.0,534.5,-1.4190436398287254,False,True,False,False,2,1,0,4,6,2,856,464,"[true, false, false]",110,2,0,Starfield Stage - 1
13825,2025-10-08T22:19:17.937964,0.008,392.5,534.5,-1.4195283252207607,False,True,False,False,2,1,0,4,6,2,855,464,"[true, false, false]",110,2,0,Starfield Stage - 1
13834,2025-10-08T22:19:17.946487,0.009,390.0,534.5,-1.4203293421707572,False,True,False,False,2,1,0,4,6,2,855,464,"[true, false, false]",110,2,0,Starfield Stage - 1
13842,2025-10-08T22:19:17.955223,0.009,387.5,534.5,-1.4208059237264576,False,True,False,False,2,1,0,4,6,2,854,464,"[true, false, false]",110,2,0,Starfield Stage - 1
13851,2025-10-08T22:19:17.963690,0.008,385.0,534.5,-1.4215936022576852,False,True,False,False,2,1,0,4,6,2,854,464,"[true, false, false]",110,2,0,Starfield Stage - 1
13860,2025-10-08T22:19:17.972339,0.009,382.5,534.5,-1.4223731115064326,False,True,False,False,2,1,0,4,6,2,854,464,"[true, false, false]",110,2,0,Starfield Stage - 1
13868,2025-10-08T22:19:17.981274,0.009,380.0,534.5,-1.4231445769739217,False,True,False,False,2,1,0,4,6,2,854,464,"[false, false, false]",110,2,0,Starfield Stage - 1
13878,2025-10-08T22:19:17.990284,0.009,377.5,534.5,-1.423908121622875,False,True,False,False,2,1,0,4,6,2,854,464,"[false, false, false]",110,2,0,Starfield Stage - 1
13886,2025-10-08T22:19:17.998670,0.008,375.0,534.5,-1.424663865940888,False,True,False,False,2,1,0,4,6,2,854,464,"[false, false, false]",110,2,0,Starfield Stage - 1
13894,2025-10-08T22:19:18.007051,0.009,372.5,534.5,-1.4254119280019264,False,True,False,False,2,1,0,4,6,2,854,464,"[false, false, false]",110,2,0,Starfield Stage - 1
13903,2025-10-08T22:19:18.016100,0.009,370.0,534.5,-1.4261524235260152,False,True,False,False,2,1,0,4,6,2,854,464,"[false, false, false]",110,2,0,Starfield Stage - 1
13912,2025-10-08T22:19:18.024676,0.008,367.5,534.5,-1.4268854659371766,False,True,False,False,2,1,0,4,6,2,854,464,"[false, false, false]",110,2,0,Starfield Stage - 1
13920,2025-10-08T22:19:18.032468,0.008,365.0,534.5,-1.4276111664196793,False,True,False,False,2,1,0,4,6,2,854,464,"[false, false, false]",110,2,0,Starfield Stage - 1
13928,2025-10-08T22:19:18.040898,0.009,362.5,534.5,-1.428329633972654,False,True,False,False,2,1,0,4,6,2,854,464,"[false, false, false]",110,2,0,Starfield Stage - 1
13937,2025-10-08T22:19:18.050266,0.009,360.0,534.5,-1.42904097546313,False,True,False,False,2,1,0,4,6,2,854,464,"[false, false, false]",110,2,0,Starfield Stage - 1
13946,2025-10-08T22:19:18.058428,0.008,357.5,537.0,-1.4248130613136953,False,True,False,True,2,1,0,4,6,2,854,464,"[false, false, false]",110,2,0,Starfield Stage - 1
13954,2025-10-08T22:19:18.067139,0.009,355.0,539.5,-1.4206326817406327,False,True,False,True,2,1,0,4,6,2,854,464,"[false, false, false]",110,2,0,Starfield Stage - 1
13963,2025-10-08T22:19:18.075816,0.009,352.5,542.0,-1.4164991832481195,False,True,False,True,2,1,0,4,6,2,854,464,"[false, false, false]",110,2,0,Starfield Stage - 1
13972,2025-10-08T22:19:18.085025,0.009,350.0,544.5,-1.4124119205065304,False,True,False,True,2,1,0,4,6,2,854,464,"[false, false, false]",110,2,0,Starfield Stage - 1
13980,2025-10-08T22:19:18.092977,0.008,347.5,547.0,-1.408370256362222,False,True,False,True,2,1,0,4,6,2,854,464,"[false, false, false]",110,2,0,Starfield Stage - 1
13990,2025-10-08T22:19:18.102473,0.009,345.0,549.5,-1.4043735618390687,False,True,False,True,2,1,0,4,6,2,854,464,"[false, false, false]",110,2,0,Starfield Stage - 1
13998,2025-10-08T22:19:18.110888,0.009,342.5,552.0,-1.4004212161322807,False,True,False,True,3,1,0,4,6,2,854,464,"[true, false, false]",110,2,0,Starfield Stage - 1
14044,2025-10-08T22:19:18.156756,0.009,340.0,554.5,-1.3965126065950182,False,True,False,True,2,0,0,4,6,2,854,464,"[true, false, false]",110,2,0,Starfield Stage - 1
14046,2025-10-08T22:19:18.158911,0.038,337.5,557.0,-1.3926471287182856,False,True,False,True,2,0,0,4,6,2,854,464,"[true, false, false]",110,2,0,Starfield Stage - 1
14055,2025-10-08T22:19:18.167636,0.009,335.0,557.0,-1.3934873507728984,False,True,False,False,2,0,0,4,6,2,854,464,"[true, false, false]",110,2,0,Starfield Stage - 1
14063,2025-10-08T22:19:18.176073,0.009,332.5,557.0,-1.394319766466351,False,True,False,False,2,0,0,4,6,2,854,464,"[false, false, false]",110,2,0,Starfield Stage - 1
14073,2025-10-08T22:19:18.185323,0.009,330.0,557.0,-1.3951444829492903,False,True,False,False,2,0,0,4,6,2,854,464,"[false, false, false]",110,2,0,Starfield Stage - 1
14081,2025-10-08T22:19:18.194076,0.009,327.5,557.0,-1.3959616054412651,False,True,False,False,2,0,0,4,6,2,854,464,"[false, false, false]",110,2,0,Starfield Stage - 1
14090,2025-10-08T22:19:18.202527,0.008,325.0,557.0,-1.3967712372735528,False,True,False,False,2,0,0,4,6,2,854,464,"[false, false, false]",110,2,0,Starfield Stage - 1
14098,2025-10-08T22:19:18.210893,0.009,322.5,557.0,-1.3975734799308623,False,True,False,False,2,0,0,4,6,2,854,464,"[false, false, false]",110,2,0,Starfield Stage - 1
14107,2025-10-08T22:19:18.220242,0.009,320.0,557.0,-1.3983684330919517,False,True,False,False,2,0,0,4,6,2,854,464,"[false, false, false]",110,2,0,Starfield Stage - 1
14117,2025-10-08T22:19:18.229750,0.009,317.5,557.0,-1.3991561946691895,False,True,False,False,2,0,0,4,6,2,854,464,"[false, false, false]",110,2,0,Starfield Stage - 1
14126,2025-10-08T22:19:18.238377,0.009,315.0,557.0,-1.3999368608470923,False,True,False,False,2,0,0,4,6,2,854,464,"[false, false, false]",110,2,0,Starfield Stage - 1
14134,2025-10-08T22:19:18.246906,0.008,312.5,557.0,-1.4007105261198691,False,True,False,False,2,0,0,4,6,2,854,464,"[false, false, false]",110,2,0,Starfield Stage - 1
14142,2025-10-08T22:19:18.254711,0.008,310.0,557.0,-1.4014772833280034,False,True,False,False,2,0,0,4,6,2,854,464,"[false, false, false]",110,2,0,Starfield Stage - 1
14150,2025-10-08T22:19:18.263226,0.009,307.5,557.0,-1.402237223693896,False,True,False,False,2,1,0,4,6,2,854,464,"[false, false, false]",110,2,0,Starfield Stage - 1
14159,2025-10-08T22:19:18.271809,0.009,305.0,557.0,-1.4029904368566044,False,True,False,False,2,1,0,4,6,2,854,464,"[false, false, false]",110,2,0,Starfield Stage - 1
14168,2025-10-08T22:19:18.281238,0.009,302.5,557.0,-1.4037370109056972,False,True,False,False,2,1,0,4,6,2,854,464,"[false, false, false]",110,2,0,Starfield Stage - 1
14178,2025-10-08T22:19:18.290342,0.009,300.0,557.0,-1.4044770324142544,False,True,False,False,3,1,0,4,6,2,854,464,"[true, false, false]",110,2,0,Starfield Stage - 1
14186,2025-10-08T22:19:18.298981,0.008,297.5,554.5,-1.4095840629305965,False,True,True,False,3,1,0,4,6,2,854,464,"[true, false, false]",110,2,0,Starfield Stage - 1
14194,2025-10-08T22:19:18.306988,0.009,295.0,552.0,-1.4146537975068025,False,True,True,False,3,1,0,4,6,2,854,464,"[true, false, false]",110,2,0,Starfield Stage - 1
14203,2025-10-08T22:19:18.316011,0.009,292.5,549.5,-1.4196863854441533,False,True,True,False,3,1,0,4,6,2,854,464,"[true, false, false]",110,2,0,Starfield Stage - 1
14213,2025-10-08T22:19:18.325367,0.009,290.0,547.0,-1.4246819813906473,False,True,True,False,3,1,0,4,6,2,854,464,"[true, false, false]",110,2,0,Starfield Stage - 1
14221,2025-10-08T22:19:18.333466,0.008,287.5,544.5,-1.429640745114662,False,True,True,False,3,1,0,4,6,2,854,464,"[true, false, false]",110,2,0,Starfield Stage - 1
14229,2025-10-08T22:19:18.341876,0.009,285.0,542.0,-1.434562841282917,False,True,True,False,3,1,0,4,6,2,854,464,"[true, false, false]",110,2,0,Starfield Stage - 1
14238,2025-10-08T22:19:18.350599,0.008,282.5,539.5,-1.4394484392428017,False,True,True,False,3,1,0,4,6,2,854,464,"[true, false, false]",110,2,0,Starfield Stage - 1
14247,2025-10-08T22:19:18.359474,0.009,280.0,537.0,-1.4442977128091252,False,True,True,False,3,1,0,4,6,2,854,464,"[false, false, false]",110,2,0,Starfield Stage - 1
14255,2025-10-08T22:19:18.367671,0.008,277.5,534.5,-1.4491108400553292,False,True,True,False,3,1,0,4,6,2,854,464,"[false, false, false]",110,2,0,Starfield Stage - 1
14263,2025-10-08T22:19:18.376156,0.009,275.0,532.0,-1.453888003109205,False,True,True,False,3,1,0,4,6,2,854,464,"[false, false, false]",110,2,0,Starfield Stage - 1
14273,2025-10-08T22:19:18.385434,0.009,272.5,529.5,-1.458629387953138,False,True,True,False,3,1,0,4,6,2,854,464,"[false, false, false]",110,2,0,Starfield Stage - 1
14281,2025-10-08T22:19:18.394036,0.009,270.0,527.0,-1.4633351842289015,False,True,True,False,3,1,0,4,6,2,854,464,"[false, false, false]",110,2,0,Starfield Stage - 1
14291,2025-10-08T22:19:18.403565,0.009,267.5,524.5,-1.468005585047007,False,True,True,False,3,1,0,4,6,2,854,464,"[false, false, false]",110,2,0,Starfield Stage - 1
14299,2025-10-08T22:19:18.412242,0.009,265.0,522.0,-1.4723085104620444,False,True,True,False,3,1,0,4,6,2,852,464,"[false, false, false]",110,2,0,Starfield Stage - 1
14308,2025-10-08T22:19:18.420794,0.008,265.0,519.5,-1.4760466406514121,True,True,True,False,3,1,0,4,6,2,849,464,"[false, false, false]",110,2,0,Starfield Stage - 1
14316,2025-10-08T22:19:18.428951,0.009,265.0,517.0,-1.4796700942214605,True,True,True,False,3,1,0,4,6,2,845,464,"[false, false, false]",110,2,0,Starfield Stage - 1
14324,2025-10-08T22:19:18.437101,0.008,267.5,514.5,-1.4828144420138687,True,False,True,False,3,1,0,4,6,2,840,464,"[false, false, false]",110,2,0,Starfield Stage - 1
14333,2025-10-08T22:19:18.446099,0.009,270.0,512.0,-1.4858945333451747,True,False,True,False,3,1,0,4,6,2,834,464,"[false, false, false]",110,2,0,Starfield Stage - 1
14343,2025-10-08T22:19:18.455848,0.009,272.5,509.5,-1.4890705748521185,True,False,True,False,3,1,0,4,6,2,828,464,"[false, false, false]",110,2,0,Starfield Stage - 1
14351,2025-10-08T22:19:18.463803,0.008,275.0,507.0,-1.490530389646207,True,False,True,False,3,1,0,4,6,2,822,463,"[false, false, false]",110,2,0,Starfield Stage - 1
14360,2025-10-08T22:19:18.472331,0.009,277.5,507.0,-1.4874245739331298,True,False,False,False,3,1,0,4,6,2,816,462,"[false, false, false]",110,2,0,Starfield Stage - 1
14368,2025-10-08T22:19:18.480676,0.008,280.0,507.0,-1.4803068844535885,True,False,False,False,3,1,0,4,6,2,809,459,"[false, false, false]",110,2,0,Starfield Stage - 1
14376,2025-10-08T22:19:18.488944,0.008,282.5,507.0,-1.4710323817559003,True,False,False,False,3,1,0,4,6,2,802,455,"[false, false, false]",110,2,0,Starfield Stage - 1
14384,2025-10-08T22:19:18.497265,0.009,285.0,507.0,-1.4592766651276285,True,False,False,False,3,1,0,4,6,2,794,450,"[false, false, false]",110,2,0,Starfield Stage - 1
14393,2025-10-08T22:19:18.505838,0.008,287.5,507.0,-1.4445825983292335,True,False,False,False,3,1,0,4,6,2,784,444,"[false, false, false]",110,2,0,Starfield Stage - 1
14401,2025-10-08T22:19:18.513848,0.008,290.0,507.0,-1.4014925486391092,True,False,False,False,3,1,0,4,6,2,758,427,"[false, false, false]",110,2,0,Starfield Stage - 1
14408,2025-10-08T22:19:18.521255,0.008,292.5,507.0,-1.3749019453155387,True,False,False,False,3,1,0,4,6,2,741,418,"[false, false, false]",110,2,0,Starfield Stage - 1
14417,2025-10-08T22:19:18.529814,0.008,295.0,507.0,-1.373831987271888,True,False,False,False,3,1,0,4,6,2,741,418,"[false, false, false]",110,2,0,Starfield Stage - 1
14425,2025-10-08T22:19:18.537902,0.009,297.5,507.0,-1.30360550666701,True,False,False,False,3,1,0,4,6,2,703,396,"[false, false, false]",110,2,0,Starfield Stage - 1
14434,2025-10-08T22:19:18.547124,0.009,300.0,507.0,-1.2561490467707646,True,False,False,False,3,1,0,4,6,2,681,383,"[false, false, false]",110,2,0,Starfield Stage - 1
14443,2025-10-08T22:19:18.556130,0.009,302.5,507.0,-1.2063508708147483,True,False,False,False,3,1,0,4,6,2,659,371,"[false, false, false]",110,2,0,Starfield Stage - 1
14453,2025-10-08T22:19:18.565953,0.009,305.0,507.0,-1.151728827095076,True,False,False,False,3,1,0,4,6,2,635,360,"[false, false, false]",110,2,0,Starfield Stage - 1
14461,2025-10-08T22:19:18.573855,0.008,307.5,507.0,-1.0934061274983846,True,False,False,False,3,1,0,4,6,2,611,350,"[false, false, false]",110,2,0,Starfield Stage - 1
14469,2025-10-08T22:19:18.581917,0.008,310.0,507.0,-1.0351513260534153,True,False,False,False,3,1,0,4,6,2,588,342,"[false, false, false]",110,2,0,Starfield Stage - 1
14476,2025-10-08T22:19:18.589219,0.008,312.5,507.0,-0.9809894852411799,True,False,False,False,3,1,0,4,6,2,568,336,"[false, false, false]",110,2,0,Starfield Stage - 1
14485,2025-10-08T22:19:18.597818,0.008,315.0,507.0,-0.9327410457173406,True,False,False,False,3,1,0,4,6,2,551,332,"[false, false, false]",110,2,0,Starfield Stage - 1
14493,2025-10-08T22:19:18.606097,0.009,317.5,507.0,-0.9015604211701344,True,False,False,False,3,1,0,4,6,2,540,331,"[false, false, false]",110,2,0,Starfield Stage - 1
14502,2025-10-08T22:19:18.615129,0.009,320.0,507.0,-0.8858342754462992,True,False,False,False,3,1,0,4,6,2,533,333,"[false, false, false]",110,2,0,Starfield Stage - 1
14511,2025-10-08T22:19:18.624131,0.009,322.5,507.0,-0.8849349767331448,True,False,False,False,4,1,0,4,6,2,529,338,"[true, false, false]",110,2,0,Starfield Stage - 1
14521,2025-10-08T22:19:18.633642,0.009,325.0,507.0,-0.8972580298123318,True,False,False,False,4,1,0,4,6,2,528,345,"[true, false, false]",110,2,0,Starfield Stage - 1
14529,2025-10-08T22:19:18.642076,0.009,327.5,507.0,-0.9470347971858291,True,False,False,False,4,1,0,4,6,2,529,362,"[true, false, false]",110,2,0,Starfield Stage - 1
14539,2025-10-08T22:19:18.651274,0.009,330.0,507.0,-0.973619668702219,True,False,False,False,4,1,0,4,6,2,530,371,"[true, false, false]",110,2,0,Starfield Stage - 1
14547,2025-10-08T22:19:18.659863,0.008,332.5,507.0,-0.9968033145084362,True,False,False,False,4,1,0,4,6,2,532,378,"[true, false, false]",110,2,0,Starfield Stage - 1
14555,2025-10-08T22:19:18.667698,0.008,335.0,507.0,-1.0149255176407388,True,False,False,False,4,1,0,4,6,2,533,384,"[true, false, false]",110,2,0,Starfield Stage - 1
14563,2025-10-08T22:19:18.675945,0.008,337.5,507.0,-1.0285174013708867,True,False,False,False,4,1,0,4,6,2,535,388,"[true, false, false]",110,2,0,Starfield Stage - 1
14573,2025-10-08T22:19:18.685406,0.01,340.0,507.0,-1.0326307671101502,True,False,False,False,4,1,0,4,6,2,536,390,"[true, false, false]",110,2,0,Starfield Stage - 1
14581,2025-10-08T22:19:18.694233,0.009,342.5,507.0,-1.036828349917281,True,False,False,False,4,1,0,4,6,2,537,392,"[false, false, false]",110,2,0,Starfield Stage - 1
14590,2025-10-08T22:19:18.702840,0.008,345.0,509.5,-1.0299978951290352,True,False,False,True,4,1,0,4,6,2,539,393,"[false, false, false]",110,2,0,Starfield Stage - 1
14598,2025-10-08T22:19:18.711230,0.009,347.5,512.0,-1.0254767526632633,True,False,False,True,4,1,0,4,6,2,542,394,"[false, false, false]",110,2,0,Starfield Stage - 1
14607,2025-10-08T22:19:18.719478,0.008,350.0,514.5,-1.02700731475376,True,False,False,True,4,1,0,4,6,2,546,396,"[false, false, false]",110,2,0,Starfield Stage - 1
14615,2025-10-08T22:19:18.728150,0.009,352.5,517.0,-1.0270496668976943,True,False,False,True,4,1,0,4,6,2,551,397,"[false, false, false]",110,2,0,Starfield Stage - 1
14624,2025-10-08T22:19:18.737201,0.009,355.0,519.5,-1.0248803630050234,True,False,False,True,4,1,0,4,6,2,555,398,"[false, false, false]",110,2,0,Starfield Stage - 1
14634,2025-10-08T22:19:18.746754,0.009,357.5,522.0,-1.0205339070759716,True,False,False,True,4,1,0,4,6,2,558,399,"[false, false, false]",110,2,0,Starfield Stage - 1
14642,2025-10-08T22:19:18.754713,0.008,360.0,524.5,-1.0184511179817033,True,False,False,True,4,1,0,4,6,2,562,400,"[false, false, false]",110,2,0,Starfield Stage - 1
14650,2025-10-08T22:19:18.763271,0.009,362.5,527.0,-1.0039049558756978,True,False,False,True,4,1,0,4,6,2,562,400,"[false, false, false]",110,2,0,Starfield Stage - 1
14659,2025-10-08T22:19:18.771739,0.008,365.0,529.5,-0.9892642211802577,True,False,False,True,4,1,0,4,6,2,562,400,"[false, false, false]",110,2,0,Starfield Stage - 1
14667,2025-10-08T22:19:18.779816,0.009,367.5,532.0,-0.9745343240441425,True,False,False,True,4,1,0,4,6,2,562,400,"[false, false, false]",110,2,0,Starfield Stage - 1
14676,2025-10-08T22:19:18.789237,0.009,370.0,534.5,-0.9621598596259562,True,False,False,True,4,1,0,4,6,2,563,400,"[false, false, false]",110,2,0,Starfield Stage - 1
14686,2025-10-08T22:19:18.799133,0.009,372.5,537.0,-0.9438753311957059,True,False,False,True,4,1,0,4,6,2,563,399,"[false, false, false]",110,2,0,Starfield Stage - 1
14694,2025-10-08T22:19:18.806930,0.009,375.0,539.5,-0.9281423164859901,True,False,False,True,4,1,0,4,6,2,564,398,"[false, false, false]",110,2,0,Starfield Stage - 1
14703,2025-10-08T22:19:18.816035,0.009,377.5,542.0,-0.9132893427207064,True,False,False,True,4,1,0,4,6,2,564,398,"[false, false, false]",110,2,0,Starfield Stage - 1
14712,2025-10-08T22:19:18.825255,0.009,380.0,544.5,-0.8983794175717955,True,False,False,True,4,1,0,4,6,2,564,398,"[true, false, false]",110,2,0,Starfield Stage - 1
14720,2025-10-08T22:19:18.833230,0.008,382.5,547.0,-0.8834188773054754,True,False,False,True,4,1,0,4,6,2,564,398,"[true, false, false]",110,2,0,Starfield Stage - 1
14729,2025-10-08T22:19:18.841764,0.008,385.0,549.5,-0.8684141918309284,True,False,False,True,4,1,0,4,6,2,564,398,"[true, false, false]",110,2,0,Starfield Stage - 1
14737,2025-10-08T22:19:18.849635,0.008,387.5,552.0,-0.853371948737502,True,False,False,True,4,1,0,4,6,2,564,398,"[true, false, false]",110,2,0,Starfield Stage - 1
14745,2025-10-08T22:19:18.857789,0.008,390.0,554.5,-0.8382988365587709,True,False,False,True,4,1,0,4,6,2,564,398,"[true, false, false]",110,2,0,Starfield Stage - 1
14754,2025-10-08T22:19:18.866446,0.009,392.5,557.0,-0.823201627365401,True,False,False,True,4,1,0,4,6,2,564,398,"[true, false, false]",110,2,0,Starfield Stage - 1
14762,2025-10-08T22:19:18.875042,0.009,395.0,559.5,-0.8080871587969914,True,False,False,True,4,1,0,4,6,2,564,398,"[false, false, false]",110,2,0,Starfield Stage - 1
14771,2025-10-08T22:19:18.883387,0.008,397.5,562.0,-0.7929623156500516,True,False,False,True,4,1,0,4,6,2,564,398,"[false, false, false]",110,2,0,Starfield Stage - 1
14779,2025-10-08T22:19:18.891518,0.008,400.0,564.5,-0.7778340111448451,True,False,False,True,4,1,0,4,6,2,564,398,"[false, false, false]",110,2,0,Starfield Stage - 1
14787,2025-10-08T22:19:18.900097,0.009,402.5,567.0,-0.7627091679979051,True,False,False,True,4,1,0,4,6,2,564,398,"[false, false, false]",110,2,0,Starfield Stage - 1
14796,2025-10-08T22:19:18.908959,0.009,405.0,569.5,-0.7507212701931387,True,False,False,True,4,1,0,4,6,2,565,398,"[false, false, false]",110,2,0,Starfield Stage - 1
14805,2025-10-08T22:19:18.918074,0.009,407.5,572.0,-0.7388153455827876,True,False,False,True,4,1,0,4,6,2,566,398,"[false, false, false]",110,2,0,Starfield Stage - 1
14815,2025-10-08T22:19:18.927810,0.009,410.0,574.5,-0.7238219709344923,True,False,False,True,4,1,0,4,5,2,566,398,"[false, false, false]",110,2,0,Starfield Stage - 1
14823,2025-10-08T22:19:18.936044,0.009,412.5,577.0,-0.712066625526706,True,False,False,True,4,1,0,4,5,2,567,398,"[false, false, false]",110,2,0,Starfield Stage - 1
14833,2025-10-08T22:19:18.945830,0.009,415.0,579.5,-0.6971720193634624,True,False,False,True,4,1,0,4,5,2,567,398,"[false, false, false]",110,2,0,Starfield Stage - 1
14841,2025-10-08T22:19:18.954043,0.009,417.5,582.0,-0.6823165548747481,True,False,False,True,4,1,0,4,5,2,567,398,"[false, false, false]",110,2,0,Starfield Stage - 1
14851,2025-10-08T22:19:18.963508,0.009,420.0,584.5,-0.6649084174092863,True,False,False,True,4,1,0,4,5,2,567,397,"[false, false, false]",110,2,0,Starfield Stage - 1
14859,2025-10-08T22:19:18.971480,0.008,422.5,587.0,-0.650203982852985,True,False,False,True,4,1,0,4,5,2,567,397,"[false, false, false]",110,2,0,Starfield Stage - 1
14867,2025-10-08T22:19:18.979735,0.008,425.0,589.5,-0.6330848188623147,True,False,False,True,4,1,0,4,5,2,567,396,"[false, false, false]",110,2,0,Starfield Stage - 1
14875,2025-10-08T22:19:18.987783,0.008,427.5,592.0,-0.6161560824072148,True,False,False,True,4,1,0,4,5,2,567,395,"[false, false, false]",110,2,0,Starfield Stage - 1
14883,2025-10-08T22:19:18.995992,0.009,430.0,594.5,-0.599424151413967,True,False,False,True,4,1,0,4,5,2,567,394,"[false, false, false]",110,2,0,Starfield Stage - 1
14930,2025-10-08T22:19:19.042434,0.009,432.5,597.0,-0.5851552308326242,True,False,False,True,3,1,0,4,5,2,567,394,"[false, false, false]",120,2,0,Starfield Stage - 1
14932,2025-10-08T22:19:19.044645,0.039,435.0,599.5,-0.5709684761603382,True,False,False,True,4,1,0,4,5,2,567,394,"[true, false, false]",120,2,0,Starfield Stage - 1
14940,2025-10-08T22:19:19.052862,0.009,437.5,602.0,-0.5568688390263363,True,False,False,True,4,1,0,4,5,2,567,394,"[true, false, false]",120,2,0,Starfield Stage - 1
14949,2025-10-08T22:19:19.061985,0.009,440.0,604.5,-0.5428610719798129,True,False,False,True,4,1,0,4,5,2,567,394,"[true, false, false]",120,2,0,Starfield Stage - 1
14958,2025-10-08T22:19:19.070717,0.008,442.5,607.0,-0.5289497217258189,True,False,False,True,4,1,0,4,5,2,567,394,"[true, false, false]",120,2,0,Starfield Stage - 1
14966,2025-10-08T22:19:19.079231,0.009,445.0,609.5,-0.5151391234205678,True,False,False,True,4,1,0,4,5,2,567,394,"[false, false, false]",120,2,0,Starfield Stage - 1
14975,2025-10-08T22:19:19.087862,0.008,447.5,612.0,-0.5014333960190951,True,False,False,True,4,1,0,4,5,2,567,394,"[false, false, false]",120,2,0,Starfield Stage - 1
14983,2025-10-08T22:19:19.095838,0.008,450.0,614.5,-0.48783643865964244,True,False,False,True,3,1,0,5,5,2,567,394,"[false, false, false]",120,2,0,Starfield Stage - 1
14991,2025-10-08T22:19:19.103902,0.009,452.5,617.0,-0.4743519280612099,True,False,False,True,3,1,0,5,5,2,567,394,"[false, false, false]",120,2,0,Starfield Stage - 1
15000,2025-10-08T22:19:19.113265,0.009,455.0,619.5,-0.4609833169035199,True,False,False,True,3,1,0,5,5,2,567,394,"[false, false, false]",120,2,0,Starfield Stage - 1
15009,2025-10-08T22:19:19.121953,0.009,457.5,622.0,-0.4460282871031803,True,False,False,True,3,1,0,5,5,2,567,393,"[false, false, false]",120,2,0,Starfield Stage - 1
15018,2025-10-08T22:19:19.131190,0.009,460.0,624.5,-0.43295549563078756,True,False,False,True,3,1,0,5,5,2,567,393,"[false, false, false]",120,2,0,Starfield Stage - 1
15027,2025-10-08T22:19:19.140186,0.009,462.5,627.0,-0.4184217239706645,True,False,False,True,3,1,0,5,5,2,567,392,"[false, false, false]",120,2,0,Starfield Stage - 1
15035,2025-10-08T22:19:19.148089,0.008,465.0,629.5,-0.4041324849883329,True,False,False,True,3,1,0,5,5,2,567,391,"[false, false, false]",120,2,0,Starfield Stage - 1
15045,2025-10-08T22:19:19.157797,0.009,467.5,632.0,-0.3900873472472285,True,False,False,True,3,1,0,5,5,2,567,390,"[false, false, false]",120,2,0,Starfield Stage - 1
15053,2025-10-08T22:19:19.166013,0.009,470.0,634.5,-0.37768252298755617,True,False,False,True,3,1,0,5,5,2,567,390,"[false, false, false]",120,2,0,Starfield Stage - 1
15062,2025-10-08T22:19:19.174984,0.009,472.5,637.0,-0.36187280966595964,True,False,False,True,3,1,0,5,5,2,566,390,"[false, false, false]",120,2,0,Starfield Stage - 1
15073,2025-10-08T22:19:19.185642,0.01,475.0,639.5,-0.34973609898959807,True,False,False,True,3,1,0,5,5,2,566,390,"[false, false, false]",120,2,0,Starfield Stage - 1
15120,2025-10-08T22:19:19.233274,0.009,477.5,642.0,-0.33419804426550326,True,False,False,True,3,0,0,5,5,2,565,390,"[true, false, false]",120,2,0,Starfield Stage - 1
15126,2025-10-08T22:19:19.238769,0.044,480.0,644.5,-0.31880071044539776,True,False,False,True,3,0,0,5,5,2,564,390,"[true, false, false]",120,2,0,Starfield Stage - 1
15134,2025-10-08T22:19:19.246773,0.008,482.5,647.0,-0.3070888484763159,True,False,False,True,3,0,0,5,5,2,564,390,"[true, false, false]",120,2,0,Starfield Stage - 1
15142,2025-10-08T22:19:19.254808,0.008,485.0,649.5,-0.29551750662145065,True,False,False,True,3,0,0,5,5,2,564,390,"[true, false, false]",120,2,0,Starfield Stage - 1
15151,2025-10-08T22:19:19.263288,0.009,487.5,652.0,-0.28408721391159253,True,False,False,True,3,0,0,5,5,2,564,390,"[true, false, false]",120,2,0,Starfield Stage - 1
15159,2025-10-08T22:19:19.271848,0.009,490.0,654.5,-0.27279833916021545,True,False,False,True,3,0,0,5,5,2,564,390,"[false, false, false]",120,2,0,Starfield Stage - 1
15168,2025-10-08T22:19:19.280716,0.008,492.5,657.0,-0.2616510979580897,True,False,False,True,3,0,0,5,5,2,564,390,"[false, false, false]",120,2,0,Starfield Stage - 1
15176,2025-10-08T22:19:19.289003,0.009,495.0,659.5,-0.2506455597442402,True,False,False,True,3,0,0,5,5,2,564,390,"[false, false, false]",120,2,0,Starfield Stage - 1
15186,2025-10-08T22:19:19.299008,0.009,497.5,662.0,-0.23978165491368617,True,False,False,True,3,0,0,5,5,2,564,390,"[false, false, false]",120,2,0,Starfield Stage - 1
15194,2025-10-08T22:19:19.307270,0.009,500.0,662.0,-0.2276042170072767,True,False,False,False,3,0,0,5,5,2,563,390,"[false, false, false]",120,2,0,Starfield Stage - 1
15203,2025-10-08T22:19:19.315829,0.008,502.5,662.0,-0.2118464396449458,True,False,False,False,3,0,0,5,5,2,561,390,"[false, false, false]",120,2,0,Starfield Stage - 1
15211,2025-10-08T22:19:19.323851,0.009,505.0,662.0,-0.1959811336361145,True,False,False,False,2,0,0,5,5,2,559,390,"[false, false, false]",120,2,0,Starfield Stage - 1
15220,2025-10-08T22:19:19.333075,0.009,507.5,662.0,-0.18066518792590963,True,False,False,False,2,0,0,5,5,2,557,391,"[false, false, false]",120,2,0,Starfield Stage - 1
15229,2025-10-08T22:19:19.342183,0.009,510.0,662.0,-0.1645502334405864,True,False,False,False,2,1,0,5,5,3,555,391,"[false, false, false]",120,2,0,Starfield Stage - 1
15278,2025-10-08T22:19:19.390363,0.009,512.5,662.0,-0.15251016891940308,True,False,False,False,1,1,0,5,5,3,554,392,"[false, false, false]",130,2,0,Starfield Stage - 1
15280,2025-10-08T22:19:19.392762,0.041,515.0,662.0,-0.14345226330365873,True,False,False,False,1,1,0,5,5,3,554,392,"[false, false, false]",130,2,0,Starfield Stage - 1
15288,2025-10-08T22:19:19.401154,0.009,517.5,662.0,-0.13073158769111656,True,False,False,False,2,1,0,5,5,3,553,392,"[true, false, false]",130,2,0,Starfield Stage - 1
15297,2025-10-08T22:19:19.409569,0.008,520.0,662.0,-0.12161902326134658,True,False,False,False,2,1,0,5,5,3,553,392,"[true, false, false]",130,2,0,Starfield Stage - 1
15305,2025-10-08T22:19:19.417995,0.009,522.5,662.0,-0.11248611570050247,True,False,False,False,2,1,0,5,5,3,553,392,"[true, false, false]",130,2,0,Starfield Stage - 1
15314,2025-10-08T22:19:19.427208,0.009,525.0,662.0,-0.10333432522189442,True,False,False,False,2,1,0,5,5,3,553,392,"[true, false, false]",130,2,0,Starfield Stage - 1
15323,2025-10-08T22:19:19.435944,0.008,527.5,662.0,-0.0941651307315086,True,False,False,False,2,1,0,5,5,3,553,392,"[true, false, false]",130,2,0,Starfield Stage - 1
15331,2025-10-08T22:19:19.443675,0.008,530.0,662.0,-0.08498002846755638,True,False,False,False,2,1,0,5,5,3,553,392,"[true, false, false]",130,2,0,Starfield Stage - 1
15339,2025-10-08T22:19:19.452152,0.009,532.5,662.0,-0.07578053059752068,True,False,False,False,2,1,0,5,5,3,553,392,"[true, false, false]",130,2,0,Starfield Stage - 1
15348,2025-10-08T22:19:19.461118,0.009,535.0,662.0,-0.06656816377582381,True,False,False,False,2,1,0,5,5,3,553,392,"[false, false, false]",130,2,0,Starfield Stage - 1
15357,2025-10-08T22:19:19.470137,0.009,537.5,662.0,-0.057344467665420645,True,False,False,False,2,1,0,5,5,3,553,392,"[false, false, false]",130,2,0,Starfield Stage - 1
15367,2025-10-08T22:19:19.479747,0.009,540.0,662.0,-0.048110993426786666,True,False,False,False,2,1,0,5,5,3,553,392,"[false, false, false]",130,2,0,Starfield Stage - 1
15375,2025-10-08T22:19:19.487808,0.008,542.5,662.0,-0.03886930217792175,True,False,False,False,2,1,0,5,5,3,553,392,"[false, false, false]",130,2,0,Starfield Stage - 1
15421,2025-10-08T22:19:19.533854,0.009,545.0,662.0,-0.025920119532300962,True,False,False,False,1,0,0,5,5,3,552,392,"[false, false, false]",130,2,0,Starfield Stage - 1
15423,2025-10-08T22:19:19.535843,0.039,547.5,662.0,-0.005576150383796364,True,False,False,False,1,0,0,5,5,3,549,393,"[false, false, false]",130,2,0,Starfield Stage - 1
15431,2025-10-08T22:19:19.543886,0.009,550.0,662.0,0.09169615625986302,True,False,False,False,1,0,0,5,5,3,526,401,"[false, false, false]",130,2,0,Starfield Stage - 1
15441,2025-10-08T22:19:19.553656,0.009,552.5,662.0,0.1248301667609392,True,False,False,False,1,0,0,5,5,3,520,403,"[false, false, false]",130,2,0,Starfield Stage - 1
15449,2025-10-08T22:19:19.561836,0.009,555.0,659.5,0.18261831044238847,True,False,True,False,1,0,0,5,5,3,508,405,"[false, false, false]",130,2,0,Starfield Stage - 1
15458,2025-10-08T22:19:19.570997,0.009,557.5,657.0,0.2091955450713937,True,False,True,False,0,0,0,5,5,3,504,405,"[false, false, false]",130,2,0,Starfield Stage - 1
15468,2025-10-08T22:19:19.580367,0.009,560.0,654.5,0.23599969838561996,True,False,True,False,0,0,0,5,5,3,500,405,"[false, false, false]",130,2,0,Starfield Stage - 1
15475,2025-10-08T22:19:19.588105,0.008,562.5,652.0,0.2554295890337133,True,False,True,False,0,0,0,5,5,3,498,405,"[false, false, false]",130,2,0,Starfield Stage - 1
15484,2025-10-08T22:19:19.596860,0.009,565.0,649.5,0.27505555035331175,True,False,True,False,0,0,0,5,5,3,496,405,"[false, false, false]",130,2,0,Starfield Stage - 1
15494,2025-10-08T22:19:19.606526,0.009,567.5,647.0,0.2872814533971342,True,False,True,False,0,0,0,5,5,3,496,405,"[false, false, false]",130,2,0,Starfield Stage - 1
15502,2025-10-08T22:19:19.614664,0.008,570.0,644.5,0.3034791159874565,True,False,True,False,0,0,0,5,5,3,495,405,"[false, false, false]",130,2,0,Starfield Stage - 1
15510,2025-10-08T22:19:19.622735,0.008,572.5,642.0,0.31985062001396425,True,False,True,False,0,0,0,5,5,3,494,405,"[false, false, false]",130,2,0,Starfield Stage - 1
15518,2025-10-08T22:19:19.631065,0.009,575.0,639.5,0.34018457541718605,True,False,True,False,0,0,0,5,5,3,492,405,"[false, false, false]",130,2,0,Starfield Stage - 1
15528,2025-10-08T22:19:19.641078,0.009,577.5,637.0,0.3568798665678318,True,False,True,False,0,0,0,5,5,3,491,405,"[false, false, false]",130,2,0,Starfield Stage - 1
15537,2025-10-08T22:19:19.649801,0.009,580.0,634.5,0.3812574096410794,True,False,True,False,0,0,0,5,5,3,488,405,"[false, false, false]",130,2,0,Starfield Stage - 1
15546,2025-10-08T22:19:19.658363,0.009,582.5,632.0,0.39822699560607855,True,False,True,False,0,0,0,5,5,3,487,405,"[false, false, false]",130,2,0,Starfield Stage - 1
15554,2025-10-08T22:19:19.666673,0.008,585.0,629.5,0.42276131639066056,True,False,True,False,0,0,0,5,5,3,484,405,"[false, false, false]",130,2,0,Starfield Stage - 1
15562,2025-10-08T22:19:19.674751,0.008,587.5,627.0,0.44730029150516787,True,False,True,False,0,0,0,5,5,3,481,405,"[false, false, false]",130,2,0,Starfield Stage - 1
15570,2025-10-08T22:19:19.683012,0.009,590.0,624.5,0.47542242711098126,True,False,True,False,0,0,0,5,5,3,477,405,"[false, false, false]",130,2,0,Starfield Stage - 1
15579,2025-10-08T22:19:19.691921,0.009,592.5,622.0,0.5069028479675199,True,False,True,False,0,0,0,5,5,3,472,405,"[false, false, false]",130,2,0,Starfield Stage - 1
15588,2025-10-08T22:19:19.701233,0.009,595.0,619.5,0.5414472491379128,True,False,True,False,0,0,0,5,5,3,466,405,"[false, false, false]",130,2,0,Starfield Stage - 1
15597,2025-10-08T22:19:19.709774,0.008,597.5,619.5,0.5676421813599327,True,False,False,False,0,0,0,5,5,3,462,407,"[false, false, false]",130,2,0,Starfield Stage - 1
15605,2025-10-08T22:19:19.717533,0.008,600.0,619.5,0.5978978275736334,True,False,False,False,0,0,0,5,5,3,458,411,"[false, false, false]",130,2,0,Starfield Stage - 1
15613,2025-10-08T22:19:19.725889,0.009,602.5,619.5,0.6334004422079624,True,False,False,False,0,0,0,5,5,3,456,420,"[false, false, false]",130,2,0,Starfield Stage - 1
15622,2025-10-08T22:19:19.735116,0.009,605.0,619.5,0.6688911551973966,True,False,False,False,0,0,0,5,5,3,456,431,"[false, false, false]",130,2,0,Starfield Stage - 1
15632,2025-10-08T22:19:19.744945,0.01,607.5,619.5,0.7107706576899355,True,False,False,False,0,0,0,5,5,3,459,447,"[false, false, false]",130,2,0,Starfield Stage - 1
15641,2025-10-08T22:19:19.753968,0.009,610.0,619.5,0.8160192198351932,True,False,False,False,0,0,0,5,5,3,467,485,"[false, false, false]",130,2,0,Starfield Stage - 1
15651,2025-10-08T22:19:19.763589,0.009,612.5,619.5,0.882745736884672,True,False,False,False,1,0,0,5,5,3,472,504,"[true, false, false]",130,2,0,Starfield Stage - 1
15659,2025-10-08T22:19:19.771714,0.008,615.0,619.5,0.9542998085213236,True,False,False,False,1,0,0,5,5,3,476,521,"[true, false, false]",130,2,0,Starfield Stage - 1
15667,2025-10-08T22:19:19.779859,0.009,617.5,619.5,1.0229773844043706,True,False,False,False,1,0,0,5,5,3,479,535,"[true, false, false]",130,2,0,Starfield Stage - 1
15676,2025-10-08T22:19:19.788996,0.009,620.0,619.5,1.0757752778802492,True,False,False,False,1,0,0,5,5,3,482,545,"[true, false, false]",130,2,0,Starfield Stage - 1
15686,2025-10-08T22:19:19.798373,0.009,622.5,619.5,1.120135000714263,True,False,False,False,1,0,0,5,5,3,483,552,"[true, false, false]",130,2,0,Starfield Stage - 1
15694,2025-10-08T22:19:19.806814,0.008,625.0,619.5,1.1476475458864819,True,False,False,False,1,0,0,5,5,3,484,556,"[true, false, false]",130,2,0,Starfield Stage - 1
15702,2025-10-08T22:19:19.815074,0.009,627.5,619.5,1.1659045405098132,True,False,False,False,1,0,0,5,5,3,484,558,"[true, false, false]",130,2,0,Starfield Stage - 1
15711,2025-10-08T22:19:19.824038,0.009,630.0,619.5,1.1779521503639991,True,False,False,False,1,0,0,5,5,3,484,559,"[true, false, false]",130,2,0,Starfield Stage - 1
15720,2025-10-08T22:19:19.833035,0.009,632.5,619.5,1.1897095666948831,True,False,False,False,1,0,0,5,5,3,484,560,"[true, false, false]",130,2,0,Starfield Stage - 1
15730,2025-10-08T22:19:19.842896,0.009,635.0,619.5,1.1954386456051005,True,False,False,False,1,0,0,5,5,3,484,560,"[true, false, false]",130,2,0,Starfield Stage - 1
15738,2025-10-08T22:19:19.850917,0.009,637.5,619.5,1.201005839550492,True,False,False,False,1,0,0,5,5,3,484,560,"[false, false, false]",130,2,0,Starfield Stage - 1
15747,2025-10-08T22:19:19.860163,0.009,640.0,619.5,1.206417583526168,True,False,False,False,1,0,0,5,5,3,484,560,"[false, false, false]",130,2,0,Starfield Stage - 1
15757,2025-10-08T22:19:19.869470,0.009,642.5,619.5,1.211679994595471,True,False,False,False,1,0,0,5,5,3,484,560,"[false, false, false]",130,2,0,Starfield Stage - 1
15765,2025-10-08T22:19:19.877893,0.009,645.0,622.0,1.205278120603,True,False,False,True,1,0,0,5,5,3,483,560,"[false, false, false]",130,2,0,Starfield Stage - 1
15773,2025-10-08T22:19:19.886204,0.008,647.5,624.5,1.2032224929980107,True,False,False,True,1,0,0,5,5,3,480,560,"[false, false, false]",130,2,0,Starfield Stage - 1
15781,2025-10-08T22:19:19.894117,0.008,650.0,627.0,1.1982420683400328,True,False,False,True,1,0,0,5,5,3,476,559,"[false, false, false]",130,2,0,Starfield Stage - 1
15790,2025-10-08T22:19:19.902385,0.008,652.5,629.5,1.1879303504751308,True,False,False,True,1,0,0,5,5,3,470,556,"[false, false, false]",130,2,0,Starfield Stage - 1
15798,2025-10-08T22:19:19.910892,0.009,655.0,632.0,1.1830893540599852,True,False,False,True,1,0,0,5,5,3,464,554,"[false, false, false]",130,2,0,Starfield Stage - 1
15808,2025-10-08T22:19:19.921162,0.009,657.5,634.5,1.1761822922712546,True,False,False,True,1,0,0,5,5,3,457,551,"[false, false, false]",130,2,0,Starfield Stage - 1
15816,2025-10-08T22:19:19.928580,0.008,660.0,637.0,1.176005207095135,True,False,False,True,1,0,0,5,5,3,444,547,"[false, false, false]",130,2,0,Starfield Stage - 1
15824,2025-10-08T22:19:19.937121,0.009,662.5,639.5,1.173960220170781,True,False,False,True,1,0,0,5,5,3,437,545,"[false, false, false]",130,2,0,Starfield Stage - 1
15832,2025-10-08T22:19:19.945165,0.008,665.0,642.0,1.1726576846022427,True,False,False,True,1,0,0,5,5,3,432,544,"[false, false, false]",130,2,0,Starfield Stage - 1
15840,2025-10-08T22:19:19.953060,0.008,667.5,644.5,1.1694080296787948,True,False,False,True,1,0,0,5,5,3,426,542,"[false, false, false]",130,2,0,Starfield Stage - 1
15849,2025-10-08T22:19:19.961758,0.008,670.0,647.0,1.1634738209411857,True,False,False,True,1,0,0,5,5,3,422,540,"[false, false, false]",130,2,0,Starfield Stage - 1
15857,2025-10-08T22:19:19.970146,0.009,672.5,649.5,1.1582820106783025,True,False,False,True,1,0,0,5,5,3,420,539,"[false, false, false]",130,2,0,Starfield Stage - 1
15866,2025-10-08T22:19:19.979207,0.009,675.0,652.0,1.1518473596613437,True,False,False,True,1,0,0,5,5,3,419,538,"[false, false, false]",130,2,0,Starfield Stage - 1
15876,2025-10-08T22:19:19.988596,0.009,677.5,654.5,1.1456214764579822,True,False,False,True,1,0,0,5,5,3,418,537,"[false, false, false]",130,2,0,Starfield Stage - 1
15886,2025-10-08T22:19:19.998532,0.009,680.0,657.0,1.1412969288698602,True,False,False,True,1,0,0,5,5,3,418,537,"[false, false, false]",130,2,0,Starfield Stage - 1
15893,2025-10-08T22:19:20.005919,0.008,682.5,659.5,1.1370707132427953,True,False,False,True,2,0,0,5,5,3,418,537,"[true, false, false]",130,2,0,Starfield Stage - 1
15902,2025-10-08T22:19:20.015067,0.01,685.0,662.0,1.1329396594041787,True,False,False,True,2,0,0,5,5,3,418,537,"[true, false, false]",130,2,0,Starfield Stage - 1
15911,2025-10-08T22:19:20.023311,0.008,687.5,664.5,1.1289007253514831,True,False,False,True,2,0,0,5,5,3,418,537,"[true, false, false]",130,2,0,Starfield Stage - 1
15919,2025-10-08T22:19:20.032262,0.009,690.0,667.0,1.1249509912205873,True,False,False,True,2,0,0,5,5,3,418,537,"[true, false, false]",130,2,0,Starfield Stage - 1
15928,2025-10-08T22:19:20.040728,0.008,692.5,667.0,1.1285004062218755,True,False,False,False,2,0,0,5,5,3,418,537,"[true, false, false]",130,2,0,Starfield Stage - 1
15937,2025-10-08T22:19:20.049517,0.009,695.0,667.0,1.1319974033671496,True,False,False,False,2,0,0,5,5,3,418,537,"[true, false, false]",130,2,0,Starfield Stage - 1
15946,2025-10-08T22:19:20.058366,0.009,697.5,667.0,1.1354430516425942,True,False,False,False,2,0,0,5,5,3,418,537,"[true, false, false]",130,2,0,Starfield Stage - 1
15954,2025-10-08T22:19:20.067172,0.009,700.0,667.0,1.1388383937491213,True,False,False,False,2,0,0,5,5,3,418,537,"[false, false, false]",130,2,0,Starfield Stage - 1
15964,2025-10-08T22:19:20.076285,0.009,702.5,667.0,1.1421844468032185,True,False,False,False,2,0,0,5,5,3,418,537,"[false, false, false]",130,2,0,Starfield Stage - 1
15973,2025-10-08T22:19:20.085329,0.009,705.0,667.0,1.1454822030205556,True,False,False,False,2,0,0,5,5,3,418,537,"[false, false, false]",130,2,0,Starfield Stage - 1
15982,2025-10-08T22:19:20.094946,0.01,707.5,667.0,1.1487326303825236,True,False,False,False,2,0,0,5,5,3,418,537,"[false, false, false]",130,2,0,Starfield Stage - 1
15992,2025-10-08T22:19:20.104752,0.009,710.0,667.0,1.1519366732858998,True,False,False,False,2,0,0,5,5,3,418,537,"[false, false, false]",130,2,0,Starfield Stage - 1
16000,2025-10-08T22:19:20.112811,0.009,712.5,667.0,1.1550952531758645,True,False,False,False,2,0,0,5,5,3,418,537,"[false, false, false]",130,2,0,Starfield Stage - 1
16010,2025-10-08T22:19:20.122341,0.009,715.0,667.0,1.1582092691626096,True,False,False,False,2,0,0,5,5,3,418,537,"[false, false, false]",130,2,0,Starfield Stage - 1
16018,2025-10-08T22:19:20.130936,0.008,717.5,667.0,1.1612795986217987,True,False,False,False,2,0,0,5,5,3,418,537,"[false, false, false]",130,2,0,Starfield Stage - 1
16026,2025-10-08T22:19:20.139106,0.009,720.0,667.0,1.164307097779155,True,False,False,False,2,0,0,5,5,3,418,537,"[false, false, false]",130,2,0,Starfield Stage - 1
16036,2025-10-08T22:19:20.148332,0.009,722.5,667.0,1.1672926022794603,True,False,False,False,2,0,0,5,5,3,418,537,"[false, false, false]",130,2,0,Starfield Stage - 1
16044,2025-10-08T22:19:20.156309,0.008,725.0,667.0,1.1702369277402676,True,False,False,False,2,0,0,5,5,3,418,537,"[false, false, false]",130,2,0,Starfield Stage - 1
16052,2025-10-08T22:19:20.164805,0.008,727.5,667.0,1.1731408702906265,True,False,False,False,2,0,0,5,5,3,418,537,"[false, false, false]",130,2,0,Starfield Stage - 1
16060,2025-10-08T22:19:20.172921,0.009,730.0,667.0,1.176005207095135,True,False,False,False,2,0,0,5,5,3,418,537,"[false, false, false]",130,2,0,Starfield Stage - 1
16069,2025-10-08T22:19:20.181910,0.009,732.5,667.0,1.1788306968636357,True,False,False,False,2,0,0,5,5,3,418,537,"[false, false, false]",130,2,0,Starfield Stage - 1
16078,2025-10-08T22:19:20.191053,0.009,735.0,667.0,1.1816180803468708,True,False,False,False,2,0,0,5,5,3,418,537,"[false, false, false]",130,2,0,Starfield Stage - 1
16088,2025-10-08T22:19:20.200372,0.009,737.5,667.0,1.1843680808184207,True,False,False,False,2,0,0,5,5,3,418,537,"[false, false, false]",130,2,0,Starfield Stage - 1
16096,2025-10-08T22:19:20.208929,0.009,740.0,667.0,1.1870814045432472,True,False,False,False,2,0,0,5,5,3,418,537,"[false, false, false]",130,2,0,Starfield Stage - 1
16106,2025-10-08T22:19:20.218993,0.009,742.5,667.0,1.1897587412331616,True,False,False,False,2,0,0,5,5,3,418,537,"[false, false, false]",130,2,0,Starfield Stage - 1
16113,2025-10-08T22:19:20.225998,0.008,745.0,667.0,1.1924007644895394,True,False,False,False,2,0,0,5,5,3,418,537,"[false, false, false]",130,2,0,Starfield Stage - 1
16123,2025-10-08T22:19:20.235820,0.009,747.5,667.0,1.1950081322335993,True,False,False,False,2,0,0,5,5,3,418,537,"[false, false, false]",130,2,0,Starfield Stage - 1
16131,2025-10-08T22:19:20.243629,0.008,750.0,667.0,1.197581487124564,True,False,False,False,2,0,0,5,5,3,418,537,"[false, false, false]",130,2,0,Starfield Stage - 1
16140,2025-10-08T22:19:20.252572,0.009,752.5,667.0,1.2001214569660146,True,False,False,False,2,0,0,5,5,3,418,537,"[false, false, false]",130,2,0,Starfield Stage - 1
16149,2025-10-08T22:19:20.261700,0.008,755.0,667.0,1.2026286551007461,True,False,False,False,2,0,0,5,5,3,418,537,"[false, false, false]",130,2,0,Starfield Stage - 1
16156,2025-10-08T22:19:20.269089,0.009,757.5,664.5,1.2115415513499428,True,False,True,False,2,0,0,5,5,3,418,537,"[false, false, false]",130,2,0,Starfield Stage - 1
16166,2025-10-08T22:19:20.278466,0.009,760.0,662.0,1.2203829032894196,True,False,True,False,2,0,0,5,5,3,418,537,"[false, false, false]",130,2,0,Starfield Stage - 1
16174,2025-10-08T22:19:20.286749,0.008,762.5,659.5,1.229152203362559,True,False,True,False,2,0,0,5,5,3,418,537,"[false, false, false]",130,2,0,Starfield Stage - 1
16183,2025-10-08T22:19:20.295584,0.009,765.0,657.0,1.237848996571346,True,False,True,False,2,0,0,5,5,3,418,537,"[false, false, false]",130,2,0,Starfield Stage - 1
16192,2025-10-08T22:19:20.304504,0.009,767.5,654.5,1.2464728792762836,True,False,True,False,2,0,0,5,5,3,418,537,"[false, false, false]",130,2,0,Starfield Stage - 1
16201,2025-10-08T22:19:20.313330,0.009,770.0,652.0,1.255023497951054,True,False,True,False,2,0,0,5,5,3,418,537,"[false, false, false]",130,2,0,Starfield Stage - 1
16209,2025-10-08T22:19:20.321723,0.008,772.5,649.5,1.2635005478975263,True,False,True,False,2,0,0,5,5,3,418,537,"[false, false, false]",130,2,0,Starfield Stage - 1
16217,2025-10-08T22:19:20.329721,0.008,775.0,647.0,1.2719037719265471,True,False,True,False,2,0,0,5,5,3,418,537,"[false, false, false]",130,2,0,Starfield Stage - 1
16226,2025-10-08T22:19:20.338383,0.008,777.5,644.5,1.2802329590097554,True,False,True,False,2,0,0,5,5,3,418,537,"[false, false, false]",130,2,0,Starfield Stage - 1
16233,2025-10-08T22:19:20.345872,0.009,780.0,642.0,1.2884879429074743,True,False,True,False,2,0,0,5,5,3,418,537,"[false, false, false]",130,2,0,Starfield Stage - 1
16242,2025-10-08T22:19:20.355125,0.009,782.5,639.5,1.296668600777509,True,False,True,False,2,0,0,5,5,3,418,537,"[false, false, false]",130,2,0,Starfield Stage - 1
16250,2025-10-08T22:19:20.363214,0.008,785.0,637.0,1.3047748517694677,True,False,True,False,2,0,0,5,5,3,418,537,"[false, false, false]",130,2,0,Starfield Stage - 1
16259,2025-10-08T22:19:20.371828,0.008,787.5,634.5,1.3128066556089921,True,False,True,False,2,0,0,5,5,3,418,537,"[false, false, false]",130,2,0,Starfield Stage - 1
16267,2025-10-08T22:19:20.379862,0.009,790.0,632.0,1.3207640111760501,True,False,True,False,2,1,0,5,5,3,418,537,"[false, false, false]",130,2,0,Starfield Stage - 1
16276,2025-10-08T22:19:20.389108,0.009,792.5,629.5,1.32864695508121,True,False,True,False,2,1,0,5,5,3,418,537,"[false, false, false]",130,2,0,Starfield Stage - 1
16286,2025-10-08T22:19:20.398517,0.009,795.0,627.0,1.336455560243574,True,False,True,False,2,1,0,5,5,3,418,537,"[false, false, false]",130,2,0,Starfield Stage - 1
16294,2025-10-08T22:19:20.406834,0.008,797.5,624.5,1.3416893466598225,True,False,True,False,2,1,0,5,5,3,418,536,"[false, false, false]",130,2,0,Starfield Stage - 1
16302,2025-10-08T22:19:20.414812,0.008,800.0,622.0,1.3493573049037109,True,False,True,False,2,1,0,5,5,3,418,536,"[false, false, false]",130,2,0,Starfield Stage - 1
16311,2025-10-08T22:19:20.423543,0.009,802.5,619.5,1.3539227111284884,True,False,True,False,2,1,0,5,5,3,419,535,"[false, false, false]",130,2,0,Starfield Stage - 1
16320,2025-10-08T22:19:20.432881,0.009,805.0,617.0,1.3609450085474157,True,False,True,False,2,1,0,5,5,3,420,535,"[false, false, false]",130,2,0,Starfield Stage - 1
16328,2025-10-08T22:19:20.441053,0.009,807.5,614.5,1.3658707887843367,True,False,True,False,2,1,0,5,5,3,425,535,"[false, false, false]",130,2,0,Starfield Stage - 1
16338,2025-10-08T22:19:20.450315,0.009,810.0,612.0,1.3729000158601805,True,False,True,False,2,1,0,5,5,3,426,535,"[false, false, false]",130,2,0,Starfield Stage - 1
16346,2025-10-08T22:19:20.458835,0.008,812.5,609.5,1.3798941821732413,True,False,True,False,2,1,0,5,5,3,427,535,"[false, false, false]",130,2,0,Starfield Stage - 1
16354,2025-10-08T22:19:20.467184,0.009,815.0,607.0,1.384356503890415,True,False,True,False,2,1,0,5,5,3,428,534,"[false, false, false]",130,2,0,Starfield Stage - 1
16362,2025-10-08T22:19:20.474987,0.008,817.5,604.5,1.3912826163199563,True,False,True,False,2,1,0,5,5,3,429,534,"[false, false, false]",130,2,0,Starfield Stage - 1
16372,2025-10-08T22:19:20.484423,0.009,820.0,602.0,1.3956853388722992,True,False,True,False,2,1,0,6,5,3,430,533,"[false, false, false]",130,2,0,Starfield Stage - 1
16380,2025-10-08T22:19:20.492505,0.008,822.5,599.5,1.4025427121422667,True,False,True,False,2,1,0,6,5,3,431,533,"[false, false, false]",130,2,0,Starfield Stage - 1
16388,2025-10-08T22:19:20.500972,0.009,825.0,597.0,1.409363569518905,True,False,True,False,2,1,0,6,5,3,432,533,"[false, false, false]",130,2,0,Starfield Stage - 1
16398,2025-10-08T22:19:20.510580,0.009,827.5,594.5,1.4161475723293602,True,False,True,False,2,1,0,6,5,3,433,533,"[false, false, false]",130,2,0,Starfield Stage - 1
16406,2025-10-08T22:19:20.518957,0.008,827.5,592.0,1.4219685141424463,False,False,True,False,2,1,0,6,5,3,434,533,"[false, false, false]",130,2,0,Starfield Stage - 1
16414,2025-10-08T22:19:20.526913,0.009,827.5,589.5,1.4278293724563125,False,False,True,False,2,1,0,6,5,3,435,533,"[false, false, false]",130,2,0,Starfield Stage - 1
16423,2025-10-08T22:19:20.536238,0.009,827.5,587.0,1.433730152484709,False,False,True,False,2,1,0,6,5,3,436,533,"[false, false, false]",130,2,0,Starfield Stage - 1
16432,2025-10-08T22:19:20.545090,0.008,827.5,584.5,1.4396708483927028,False,False,True,False,2,1,0,6,5,3,437,533,"[false, false, false]",130,2,0,Starfield Stage - 1
16440,2025-10-08T22:19:20.552798,0.008,827.5,582.0,1.4453326852522366,False,False,True,False,2,1,0,6,5,3,439,533,"[false, false, false]",130,2,0,Starfield Stage - 1
16448,2025-10-08T22:19:20.560957,0.009,827.5,579.5,1.4513674007765582,False,False,True,False,2,1,0,6,5,3,440,533,"[false, false, false]",130,2,0,Starfield Stage - 1
16457,2025-10-08T22:19:20.570196,0.009,827.5,577.0,1.4577322010235336,False,False,True,False,2,1,0,6,5,3,440,533,"[false, false, false]",130,2,0,Starfield Stage - 1
16465,2025-10-08T22:19:20.578125,0.008,827.5,574.5,1.463832270648156,False,False,True,False,2,1,0,6,5,3,441,533,"[false, false, false]",130,2,0,Starfield Stage - 1
16474,2025-10-08T22:19:20.586835,0.008,827.5,572.0,1.4699720507811869,False,False,True,False,2,1,0,6,5,3,442,533,"[false, false, false]",130,2,0,Starfield Stage - 1
16482,2025-10-08T22:19:20.594976,0.008,827.5,569.5,1.4761514630322619,False,False,True,False,2,1,0,6,5,3,443,533,"[false, false, false]",130,2,0,Starfield Stage - 1
16490,2025-10-08T22:19:20.603067,0.009,827.5,567.0,1.4847349215067969,False,False,True,False,2,1,0,6,5,3,445,534,"[false, false, false]",130,2,0,Starfield Stage - 1
16499,2025-10-08T22:19:20.612172,0.009,827.5,564.5,1.4908096585749322,False,False,True,False,2,1,0,6,5,3,447,534,"[false, false, false]",130,2,0,Starfield Stage - 1
16507,2025-10-08T22:19:20.620251,0.008,827.5,562.0,1.4995827410930707,False,False,True,False,2,1,0,6,5,3,449,535,"[false, false, false]",130,2,0,Starfield Stage - 1
16516,2025-10-08T22:19:20.628907,0.008,827.5,559.5,1.5056423392020228,False,False,True,False,2,1,0,6,5,3,452,535,"[false, false, false]",130,2,0,Starfield Stage - 1
16525,2025-10-08T22:19:20.637820,0.009,827.5,557.0,1.5144800994596606,False,False,True,False,2,1,0,6,5,3,455,536,"[false, false, false]",130,2,0,Starfield Stage - 1
16533,2025-10-08T22:19:20.646022,0.009,827.5,554.5,1.5233421559566005,False,False,True,False,2,1,0,6,5,3,459,537,"[false, false, false]",130,2,0,Starfield Stage - 1
16542,2025-10-08T22:19:20.654976,0.009,827.5,552.0,1.5349496199023376,False,False,True,False,1,1,0,6,5,3,465,539,"[false, false, false]",130,2,0,Starfield Stage - 1
16552,2025-10-08T22:19:20.664823,0.01,827.5,549.5,1.546890895643465,False,False,True,False,1,1,0,6,5,3,472,541,"[false, false, false]",130,2,0,Starfield Stage - 1
16561,2025-10-08T22:19:20.674083,0.009,827.5,547.0,1.5678245673410673,False,False,True,False,1,1,0,6,5,3,491,546,"[false, false, false]",130,2,0,Starfield Stage - 1
16570,2025-10-08T22:19:20.682776,0.008,827.5,544.5,1.5815486005859978,False,False,True,False,1,1,0,6,5,3,502,548,"[false, false, false]",130,2,0,Starfield Stage - 1
16578,2025-10-08T22:19:20.690913,0.008,827.5,542.0,1.5963907365875576,False,False,True,False,1,1,0,6,6,3,515,550,"[false, false, false]",130,2,0,Starfield Stage - 1
16586,2025-10-08T22:19:20.699003,0.008,827.5,539.5,1.6093032461823515,False,False,True,False,1,1,0,6,6,3,529,551,"[false, false, false]",130,2,0,Starfield Stage - 1
16594,2025-10-08T22:19:20.707096,0.009,825.0,537.0,1.6241264932350836,False,True,True,False,1,1,0,6,6,3,544,552,"[false, false, false]",130,2,0,Starfield Stage - 1
16604,2025-10-08T22:19:20.716492,0.009,822.5,534.5,1.6381317538472695,False,True,True,False,1,1,0,6,6,3,563,552,"[false, false, false]",130,2,0,Starfield Stage - 1
16612,2025-10-08T22:19:20.725206,0.009,820.0,532.0,1.6549850443337477,False,True,True,False,1,1,0,6,6,3,583,552,"[false, false, false]",130,2,0,Starfield Stage - 1
16620,2025-10-08T22:19:20.733208,0.008,817.5,529.5,1.6716296654587064,False,True,True,False,1,1,0,6,6,3,605,551,"[false, false, false]",130,2,0,Starfield Stage - 1
16629,2025-10-08T22:19:20.742073,0.009,815.0,527.0,1.6872877874895469,False,True,True,False,1,1,0,6,6,3,627,549,"[false, false, false]",130,2,0,Starfield Stage - 1
16638,2025-10-08T22:19:20.751161,0.009,812.5,524.5,1.696287254211653,False,True,True,False,1,1,0,6,6,3,650,545,"[false, false, false]",130,2,0,Starfield Stage - 1
16647,2025-10-08T22:19:20.759940,0.008,810.0,522.0,1.7004988639508087,False,True,True,False,1,1,0,6,6,3,672,540,"[false, false, false]",130,2,0,Starfield Stage - 1
16655,2025-10-08T22:19:20.767954,0.009,807.5,522.0,1.6761318759034347,False,True,False,False,1,1,0,6,6,3,694,534,"[false, false, false]",130,2,0,Starfield Stage - 1
16664,2025-10-08T22:19:20.777102,0.009,805.0,522.0,1.6366350960975904,False,True,False,False,1,1,0,6,6,3,714,528,"[false, false, false]",130,2,0,Starfield Stage - 1
16674,2025-10-08T22:19:20.786379,0.009,802.5,522.0,1.4406942690849316,False,True,False,False,1,1,0,6,6,3,749,515,"[false, false, false]",130,2,0,Starfield Stage - 1
16683,2025-10-08T22:19:20.795337,0.008,800.0,522.0,1.2242574623609548,False,True,False,False,1,1,0,7,7,3,764,509,"[false, false, false]",130,2,0,Starfield Stage - 1
16690,2025-10-08T22:19:20.803144,0.009,797.5,522.0,0.7733505535432623,False,True,False,False,0,1,0,7,7,3,777,501,"[false, false, false]",130,2,0,Starfield Stage - 1
16698,2025-10-08T22:19:20.811123,0.008,795.0,522.0,0.24497866312686414,False,True,False,False,0,1,0,7,7,3,788,494,"[false, false, false]",130,2,0,Starfield Stage - 1
16707,2025-10-08T22:19:20.819578,0.008,792.5,522.0,-0.12435499454676144,False,True,False,False,0,1,0,7,7,3,797,486,"[false, false, false]",130,2,0,Starfield Stage - 1
16715,2025-10-08T22:19:20.828055,0.009,790.0,522.0,-0.33563855032760925,False,True,False,False,0,1,0,7,7,3,805,479,"[false, false, false]",130,2,0,Starfield Stage - 1
16724,2025-10-08T22:19:20.837109,0.009,787.5,522.0,-0.43936088728459144,False,True,False,False,0,1,0,7,7,3,811,472,"[false, false, false]",130,2,0,Starfield Stage - 1
16733,2025-10-08T22:19:20.846131,0.009,785.0,522.0,-0.49811671000031416,False,True,False,False,0,1,0,7,7,3,816,465,"[false, false, false]",130,2,0,Starfield Stage - 1
16743,2025-10-08T22:19:20.856032,0.009,782.5,522.0,-0.5369107427400456,False,True,False,False,0,1,0,7,7,3,820,459,"[false, false, false]",130,2,0,Starfield Stage - 1
16752,2025-10-08T22:19:20.864671,0.009,780.0,522.0,-0.5572955351175055,False,True,False,False,0,1,0,7,7,3,823,453,"[false, false, false]",130,2,0,Starfield Stage - 1
16761,2025-10-08T22:19:20.873453,0.009,777.5,522.0,-0.5687742044478603,False,True,False,False,0,1,0,7,7,3,828,443,"[false, false, false]",130,2,0,Starfield Stage - 1
16769,2025-10-08T22:19:20.881497,0.008,775.0,522.0,-0.5852170954315596,False,True,False,False,0,1,0,7,7,3,830,439,"[false, false, false]",130,2,0,Starfield Stage - 1
16777,2025-10-08T22:19:20.890059,0.009,772.5,522.0,-0.6027864726220905,False,True,False,False,0,1,0,7,7,3,831,437,"[false, false, false]",130,2,0,Starfield Stage - 1
16786,2025-10-08T22:19:20.898681,0.008,770.0,522.0,-0.6191613471304624,False,True,False,False,0,1,0,7,7,3,832,435,"[false, false, false]",130,2,0,Starfield Stage - 1
16794,2025-10-08T22:19:20.906885,0.008,767.5,522.0,-0.6398548168400262,False,True,False,False,0,1,0,7,7,3,833,434,"[false, false, false]",130,2,0,Starfield Stage - 1
16802,2025-10-08T22:19:20.914853,0.009,765.0,522.0,-0.671963171590232,False,True,False,False,1,1,0,7,7,3,835,434,"[true, false, false]",130,2,0,Starfield Stage - 1
16811,2025-10-08T22:19:20.923936,0.009,762.5,522.0,-0.7025115788169737,False,True,False,False,1,1,0,7,7,3,837,434,"[true, false, false]",130,2,0,Starfield Stage - 1
16821,2025-10-08T22:19:20.933294,0.009,760.0,522.0,-0.7440017078479142,False,True,False,False,1,1,0,7,7,3,841,434,"[true, false, false]",130,2,0,Starfield Stage - 1
16829,2025-10-08T22:19:20.942262,0.009,757.5,524.5,-0.7683543594024509,False,True,False,True,1,1,0,7,7,3,844,435,"[true, false, false]",130,2,0,Starfield Stage - 1
16839,2025-10-08T22:19:20.951301,0.009,755.0,527.0,-0.8016129584018505,False,True,False,True,1,1,0,7,7,3,849,436,"[true, false, false]",130,2,0,Starfield Stage - 1
16847,2025-10-08T22:19:20.960137,0.009,752.5,529.5,-0.8264008108427757,False,True,False,True,1,1,0,7,7,3,854,436,"[false, false, false]",130,2,0,Starfield Stage - 1
16856,2025-10-08T22:19:20.969111,0.008,750.0,532.0,-0.86291244502824,False,True,False,True,1,1,0,7,7,3,861,437,"[false, false, false]",130,2,0,Starfield Stage - 1
16864,2025-10-08T22:19:20.977158,0.009,747.5,534.5,-0.9266729405461527,False,True,False,True,1,1,0,7,7,3,876,438,"[false, false, false]",130,2,0,Starfield Stage - 1
16872,2025-10-08T22:19:20.985089,0.008,745.0,537.0,-0.9471524207194033,False,True,False,True,1,1,0,7,7,3,884,437,"[false, false, false]",130,2,0,Starfield Stage - 1
16881,2025-10-08T22:19:20.994141,0.009,742.5,539.5,-0.9607440654252533,False,True,False,True,1,1,0,7,7,3,892,435,"[false, false, false]",130,2,0,Starfield Stage - 1
16891,2025-10-08T22:19:21.003793,0.009,740.0,542.0,-0.9655787812678891,False,True,False,True,1,1,0,6,7,3,899,432,"[false, false, false]",130,2,0,Starfield Stage - 1
16899,2025-10-08T22:19:21.012237,0.009,737.5,544.5,-0.9630817967875968,False,True,False,True,1,1,0,6,7,3,905,428,"[false, false, false]",130,2,0,Starfield Stage - 1
16909,2025-10-08T22:19:21.021752,0.009,735.0,547.0,-0.9554567849895047,False,True,False,True,1,1,0,6,7,3,909,424,"[false, false, false]",130,2,0,Starfield Stage - 1
16917,2025-10-08T22:19:21.030153,0.009,732.5,549.5,-0.9468470691098662,False,True,False,True,1,1,0,6,7,3,911,421,"[false, false, false]",130,2,0,Starfield Stage - 1
16925,2025-10-08T22:19:21.038167,0.008,730.0,552.0,-0.93614454451787,False,True,False,True,1,1,0,6,7,3,912,418,"[false, false, false]",130,2,0,Starfield Stage - 1
16935,2025-10-08T22:19:21.047702,0.009,727.5,554.5,-0.9303373642014363,False,True,False,True,1,1,0,6,7,3,912,417,"[false, false, false]",130,2,0,Starfield Stage - 1
16943,2025-10-08T22:19:21.055785,0.008,725.0,557.0,-0.9213327673645632,False,True,False,True,1,1,0,6,7,3,912,415,"[false, false, false]",130,2,0,Starfield Stage - 1
16952,2025-10-08T22:19:21.064378,0.009,722.5,559.5,-0.9108618049401084,False,True,False,True,1,1,0,6,7,3,910,414,"[false, false, false]",130,2,0,Starfield Stage - 1
16960,2025-10-08T22:19:21.072559,0.008,720.0,562.0,-0.895400076670389,False,True,False,True,1,1,0,6,7,3,906,413,"[false, false, false]",130,2,0,Starfield Stage - 1
16968,2025-10-08T22:19:21.080828,0.008,717.5,564.5,-0.8768582638176277,False,True,False,True,1,1,0,6,7,3,902,411,"[false, false, false]",130,2,0,Starfield Stage - 1
16976,2025-10-08T22:19:21.088983,0.009,715.0,567.0,-0.8448518227061051,False,True,False,True,2,1,0,6,7,3,893,409,"[true, false, false]",130,2,0,Starfield Stage - 1
16985,2025-10-08T22:19:21.098235,0.009,712.5,569.5,-0.830011398443751,False,True,False,True,2,1,0,6,7,3,888,409,"[true, false, false]",130,2,0,Starfield Stage - 1
16994,2025-10-08T22:19:21.107179,0.009,710.0,572.0,-0.8149753344026918,False,True,False,True,2,1,0,6,7,3,884,408,"[true, false, false]",130,2,0,Starfield Stage - 1
17004,2025-10-08T22:19:21.116493,0.009,707.5,574.5,-0.8059834904821145,False,True,False,True,2,1,0,6,7,3,881,408,"[true, false, false]",130,2,0,Starfield Stage - 1
17012,2025-10-08T22:19:21.125043,0.009,705.0,577.0,-0.791246049951337,False,True,False,True,2,1,0,6,7,3,877,407,"[true, false, false]",130,2,0,Starfield Stage - 1
17022,2025-10-08T22:19:21.134930,0.009,702.5,579.5,-0.7796011268867383,False,True,False,True,2,1,0,6,7,3,874,406,"[true, false, false]",130,2,0,Starfield Stage - 1
17030,2025-10-08T22:19:21.142831,0.008,700.0,582.0,-0.765227988497287,False,True,False,True,2,1,0,6,7,3,870,405,"[false, false, false]",130,2,0,Starfield Stage - 1
17039,2025-10-08T22:19:21.151313,0.009,697.5,584.5,-0.7569158394340681,False,True,False,True,2,1,0,6,7,3,868,404,"[false, false, false]",130,2,0,Starfield Stage - 1
17047,2025-10-08T22:19:21.159766,0.008,695.0,587.0,-0.7485876032622781,False,True,False,True,2,1,0,6,7,3,865,404,"[false, false, false]",130,2,0,Starfield Stage - 1
17055,2025-10-08T22:19:21.167770,0.008,692.5,587.0,-0.747118998771112,False,True,False,False,2,1,0,6,7,3,862,404,"[false, false, false]",130,2,0,Starfield Stage - 1
17063,2025-10-08T22:19:21.176138,0.009,690.0,587.0,-0.7456463880016003,False,True,False,False,2,1,0,6,7,3,859,404,"[false, false, false]",130,2,0,Starfield Stage - 1
17073,2025-10-08T22:19:21.185663,0.009,687.5,587.0,-0.7412044180744642,False,True,False,False,2,1,0,6,7,3,855,404,"[false, false, false]",130,2,0,Starfield Stage - 1
17081,2025-10-08T22:19:21.193677,0.008,685.0,587.0,-0.7246036075226594,False,True,False,False,2,1,0,6,7,3,847,404,"[false, false, false]",130,2,0,Starfield Stage - 1
17089,2025-10-08T22:19:21.201934,0.009,682.5,587.0,-0.7230697121253798,False,True,False,False,2,1,0,6,7,3,844,404,"[false, false, false]",130,2,0,Starfield Stage - 1
17098,2025-10-08T22:19:21.210783,0.008,680.0,587.0,-0.7276589448723444,False,True,False,False,2,1,0,6,8,3,843,404,"[false, false, false]",130,2,0,Starfield Stage - 1
17107,2025-10-08T22:19:21.219514,0.009,677.5,587.0,-0.7322109635123251,False,True,False,False,2,1,0,6,8,3,842,404,"[false, false, false]",130,2,0,Starfield Stage - 1
17116,2025-10-08T22:19:21.228546,0.009,675.0,587.0,-0.7367260325085151,False,True,False,False,2,1,0,6,8,3,841,404,"[false, false, false]",130,2,0,Starfield Stage - 1
17124,2025-10-08T22:19:21.237171,0.009,672.5,587.0,-0.7441697609511133,False,True,False,False,2,1,0,6,8,3,841,404,"[false, false, false]",130,2,0,Starfield Stage - 1
17133,2025-10-08T22:19:21.246066,0.009,670.0,587.0,-0.7515128334933308,False,True,False,False,2,1,0,6,8,3,841,404,"[false, false, false]",130,2,0,Starfield Stage - 1
17143,2025-10-08T22:19:21.255660,0.009,667.5,587.0,-0.7587565020708552,False,True,False,False,2,1,0,6,8,3,841,404,"[false, false, false]",130,2,0,Starfield Stage - 1
17151,2025-10-08T22:19:21.263420,0.008,665.0,587.0,-0.7659020266870034,False,True,False,False,3,1,0,6,8,3,841,404,"[true, false, false]",130,2,0,Starfield Stage - 1
17159,2025-10-08T22:19:21.271863,0.008,662.5,587.0,-0.7729506735285873,False,True,False,False,3,1,0,6,8,3,841,404,"[true, false, false]",130,2,0,Starfield Stage - 1
17167,2025-10-08T22:19:21.279845,0.008,660.0,587.0,-0.7799037131942318,False,True,False,False,3,1,0,6,8,3,841,404,"[true, false, false]",130,2,0,Starfield Stage - 1
17176,2025-10-08T22:19:21.288347,0.009,657.5,587.0,-0.7867624190312847,False,True,False,False,3,1,0,6,8,3,841,404,"[true, false, false]",130,2,0,Starfield Stage - 1
17185,2025-10-08T22:19:21.297827,0.009,655.0,587.0,-0.7935280655773922,False,True,False,False,3,1,0,6,8,3,841,404,"[true, false, false]",130,2,0,Starfield Stage - 1
17193,2025-10-08T22:19:21.306235,0.009,652.5,587.0,-0.8002019271027695,False,True,False,False,3,1,0,6,8,3,841,404,"[true, false, false]",130,2,0,Starfield Stage - 1
17203,2025-10-08T22:19:21.315429,0.009,650.0,587.0,-0.806785276249178,False,True,False,False,3,1,0,6,8,3,841,404,"[true, false, false]",130,2,0,Starfield Stage - 1
17211,2025-10-08T22:19:21.324153,0.009,647.5,587.0,-0.8132793827616228,False,True,False,False,3,1,0,6,8,3,841,404,"[false, false, false]",130,2,0,Starfield Stage - 1
17220,2025-10-08T22:19:21.332313,0.008,645.0,587.0,-0.8196855123088086,False,True,False,False,3,1,0,6,8,3,841,404,"[false, false, false]",130,2,0,Starfield Stage - 1
17228,2025-10-08T22:19:21.340840,0.008,642.5,587.0,-0.8260049253884285,False,True,False,False,3,1,0,6,8,3,841,404,"[false, false, false]",130,2,0,Starfield Stage - 1
17236,2025-10-08T22:19:21.349213,0.009,640.0,587.0,-0.832238876313418,False,True,False,False,3,1,0,6,8,3,841,404,"[false, false, false]",130,2,0,Starfield Stage - 1
17245,2025-10-08T22:19:21.357527,0.008,637.5,587.0,-0.8383886122753693,False,True,False,False,3,1,0,6,8,3,841,404,"[false, false, false]",130,2,0,Starfield Stage - 1
17253,2025-10-08T22:19:21.365989,0.008,635.0,587.0,-0.8444553724813814,False,True,False,False,3,1,0,6,8,3,841,404,"[false, false, false]",130,2,0,Starfield Stage - 1
17261,2025-10-08T22:19:21.374094,0.009,632.5,587.0,-0.8504403873607048,False,True,False,False,3,1,0,6,8,3,841,404,"[false, false, false]",130,2,0,Starfield Stage - 1
17270,2025-10-08T22:19:21.382622,0.008,630.0,587.0,-0.8539926668517229,False,True,False,False,3,1,0,6,8,3,840,404,"[false, false, false]",130,2,0,Starfield Stage - 1
17278,2025-10-08T22:19:21.390827,0.008,627.5,587.0,-0.8575162197371675,False,True,False,False,3,1,0,6,8,3,839,404,"[false, false, false]",130,2,0,Starfield Stage - 1
17286,2025-10-08T22:19:21.398916,0.009,625.0,587.0,-0.8586843987607278,False,True,False,False,3,1,0,6,8,3,837,404,"[false, false, false]",130,2,0,Starfield Stage - 1
17295,2025-10-08T22:19:21.407842,0.008,622.5,587.0,-0.8598494245263067,False,True,False,False,3,1,0,6,8,3,835,404,"[false, false, false]",130,2,0,Starfield Stage - 1
17303,2025-10-08T22:19:21.416089,0.009,620.0,587.0,-0.858316509194943,False,True,False,False,3,2,0,6,8,3,833,403,"[false, false, false]",130,2,0,Starfield Stage - 1
17312,2025-10-08T22:19:21.425171,0.009,617.5,587.0,-0.8591066907095567,False,True,False,False,3,2,0,6,8,3,832,402,"[false, false, false]",130,2,0,Starfield Stage - 1
17359,2025-10-08T22:19:21.472136,0.008,615.0,587.0,-0.8648326577322436,False,True,False,False,2,2,0,6,8,3,832,402,"[false, false, false]",150,2,0,Starfield Stage - 1
17362,2025-10-08T22:19:21.474448,0.041,612.5,587.0,-0.8682317345428534,False,True,False,False,3,2,0,6,8,3,831,402,"[true, false, false]",150,2,0,Starfield Stage - 1
17371,2025-10-08T22:19:21.483718,0.009,610.0,587.0,-0.8625514429019763,False,True,False,False,3,2,0,6,8,3,826,402,"[true, false, false]",150,2,0,Starfield Stage - 1
17379,2025-10-08T22:19:21.491370,0.008,607.5,587.0,-0.8659687068612467,False,True,False,False,3,2,0,6,8,3,825,402,"[true, false, false]",150,2,0,Starfield Stage - 1
17387,2025-10-08T22:19:21.499983,0.009,605.0,587.0,-0.8693587314401128,False,True,False,False,3,2,0,6,8,3,824,402,"[true, false, false]",150,2,0,Starfield Stage - 1
17396,2025-10-08T22:19:21.509188,0.009,602.5,587.0,-0.8749489117451134,False,True,False,False,3,2,0,6,8,3,824,402,"[true, false, false]",150,2,0,Starfield Stage - 1
17405,2025-10-08T22:19:21.518213,0.009,600.0,587.0,-0.8804652499173781,False,True,False,False,3,2,0,8,8,3,824,402,"[false, false, false]",150,2,0,Starfield Stage - 1
17414,2025-10-08T22:19:21.527258,0.009,597.5,587.0,-0.8859088703028455,False,True,False,False,3,2,0,8,8,3,824,402,"[false, false, false]",150,2,0,Starfield Stage - 1
17423,2025-10-08T22:19:21.536035,0.009,595.0,587.0,-0.8912808850422411,False,True,False,False,3,2,0,8,8,3,824,402,"[false, false, false]",150,2,0,Starfield Stage - 1
17432,2025-10-08T22:19:21.544310,0.008,592.5,587.0,-0.8923467923021492,False,True,False,False,3,2,0,8,8,3,822,402,"[false, false, false]",150,2,0,Starfield Stage - 1
17440,2025-10-08T22:19:21.553260,0.009,590.0,587.0,-0.8934098880974947,False,True,False,False,3,2,0,8,8,3,820,402,"[false, false, false]",150,2,0,Starfield Stage - 1
17448,2025-10-08T22:19:21.561088,0.008,587.5,587.0,-0.8923467923021492,False,True,False,False,3,2,0,8,8,3,817,402,"[false, false, false]",150,2,0,Starfield Stage - 1
17457,2025-10-08T22:19:21.570103,0.009,585.0,587.0,-0.8934098880974947,False,True,False,False,3,2,0,8,8,3,815,402,"[false, false, false]",150,2,0,Starfield Stage - 1
17466,2025-10-08T22:19:21.578747,0.008,582.5,587.0,-0.8923467923021492,False,True,False,False,3,2,0,8,8,3,812,402,"[false, false, false]",150,2,0,Starfield Stage - 1
17474,2025-10-08T22:19:21.587149,0.009,580.0,587.0,-0.8912808850422411,False,True,False,False,3,2,0,8,8,3,809,402,"[false, false, false]",150,2,0,Starfield Stage - 1
17483,2025-10-08T22:19:21.595956,0.009,577.5,587.0,-0.8923467923021492,False,True,False,False,3,2,0,8,8,3,807,402,"[false, false, false]",150,2,0,Starfield Stage - 1
17492,2025-10-08T22:19:21.604920,0.009,575.0,587.0,-0.8960553845713439,False,True,False,False,2,2,0,8,8,3,805,403,"[false, false, false]",150,2,0,Starfield Stage - 1
17502,2025-10-08T22:19:21.615038,0.01,572.5,587.0,-0.8971144257427963,False,True,False,False,2,2,0,8,8,3,803,403,"[false, false, false]",150,2,0,Starfield Stage - 1
17511,2025-10-08T22:19:21.624226,0.009,570.0,587.0,-0.9029263123854087,False,True,False,False,2,2,0,8,8,3,802,404,"[false, false, false]",150,2,0,Starfield Stage - 1
17520,2025-10-08T22:19:21.632400,0.008,567.5,587.0,-0.9045409936768826,False,True,False,False,3,2,0,8,8,3,799,405,"[true, false, false]",150,2,0,Starfield Stage - 1
17566,2025-10-08T22:19:21.679097,0.009,565.0,587.0,-0.9103476881952073,False,True,False,False,2,1,0,8,8,3,798,406,"[true, false, false]",160,2,0,Starfield Stage - 1
17569,2025-10-08T22:19:21.681592,0.04,562.5,587.0,-0.9161319469651479,False,True,False,False,2,1,0,8,8,3,797,407,"[true, false, false]",160,2,0,Starfield Stage - 1
17577,2025-10-08T22:19:21.690042,0.009,560.0,587.0,-0.9225462713412093,False,True,False,False,2,1,0,8,8,3,795,409,"[false, false, false]",160,2,0,Starfield Stage - 1
17586,2025-10-08T22:19:21.699179,0.009,557.5,587.0,-0.9276321452125826,False,True,False,False,2,1,0,8,8,3,795,409,"[false, false, false]",160,2,0,Starfield Stage - 1
17595,2025-10-08T22:19:21.707778,0.008,555.0,587.0,-0.9326499191655937,False,True,False,False,2,1,0,8,8,3,795,409,"[false, false, false]",160,2,0,Starfield Stage - 1
17603,2025-10-08T22:19:21.716079,0.009,552.5,587.0,-0.9376007042252663,False,True,False,False,2,1,0,8,8,3,795,409,"[false, false, false]",160,2,0,Starfield Stage - 1
17612,2025-10-08T22:19:21.725199,0.009,550.0,587.0,-0.9451622774672159,False,True,False,False,2,1,0,8,8,3,795,410,"[false, false, false]",160,2,0,Starfield Stage - 1
17621,2025-10-08T22:19:21.733963,0.008,547.5,587.0,-0.9499737749722288,False,True,False,False,2,1,0,8,8,3,795,410,"[false, false, false]",160,2,0,Starfield Stage - 1
17630,2025-10-08T22:19:21.742573,0.009,545.0,587.0,-0.9536049352545344,False,True,False,False,2,1,0,8,8,3,793,411,"[false, false, false]",160,2,0,Starfield Stage - 1
17638,2025-10-08T22:19:21.751098,0.009,542.5,587.0,-0.9591295024682562,False,True,False,False,2,1,0,8,8,3,792,412,"[false, false, false]",160,2,0,Starfield Stage - 1
17646,2025-10-08T22:19:21.759150,0.008,540.0,587.0,-0.9581861116073761,False,True,False,False,2,1,0,8,8,3,789,412,"[false, false, false]",160,2,0,Starfield Stage - 1
17655,2025-10-08T22:19:21.768106,0.009,537.5,587.0,-0.9599353367516341,False,True,False,False,2,1,0,8,8,3,786,413,"[false, false, false]",160,2,0,Starfield Stage - 1
17665,2025-10-08T22:19:21.777874,0.009,535.0,587.0,-0.9493799801981365,False,True,False,False,2,1,0,8,8,3,778,413,"[false, false, false]",160,2,0,Starfield Stage - 1
17673,2025-10-08T22:19:21.786069,0.009,532.5,587.0,-0.9444768155006876,False,True,False,False,2,1,0,8,8,3,773,413,"[false, false, false]",160,2,0,Starfield Stage - 1
17682,2025-10-08T22:19:21.795197,0.009,530.0,587.0,-0.9354805740715897,False,True,False,False,2,1,0,8,8,3,766,413,"[false, false, false]",160,2,0,Starfield Stage - 1
17691,2025-10-08T22:19:21.804229,0.009,527.5,587.0,-0.926259306769952,False,True,False,False,2,1,0,8,8,3,759,413,"[false, false, false]",160,2,0,Starfield Stage - 1
17700,2025-10-08T22:19:21.812492,0.008,525.0,587.0,-0.9119010527693938,False,True,False,False,2,1,0,8,8,3,751,412,"[false, false, false]",160,2,0,Starfield Stage - 1
17708,2025-10-08T22:19:21.820918,0.008,522.5,587.0,-0.8916464850595153,False,True,False,False,2,1,0,8,8,3,743,409,"[false, false, false]",160,2,0,Starfield Stage - 1
17717,2025-10-08T22:19:21.829367,0.009,520.0,587.0,-0.8668502077033193,False,True,False,False,1,1,0,8,8,3,732,407,"[false, false, false]",160,2,0,Starfield Stage - 1
17725,2025-10-08T22:19:21.838134,0.009,517.5,587.0,-0.8383886122753693,False,True,False,False,1,1,0,7,8,3,721,404,"[false, false, false]",160,2,0,Starfield Stage - 1
17735,2025-10-08T22:19:21.847726,0.009,515.0,587.0,-0.8037687999546098,False,True,False,False,1,1,0,7,8,3,709,400,"[false, false, false]",160,2,0,Starfield Stage - 1
17743,2025-10-08T22:19:21.856084,0.009,512.5,587.0,-0.6967121201667263,False,True,False,False,1,1,0,7,8,3,679,388,"[false, false, false]",160,2,0,Starfield Stage - 1
17752,2025-10-08T22:19:21.864947,0.009,510.0,587.0,-0.6388246035239679,False,True,False,False,1,1,0,7,8,3,663,381,"[false, false, false]",160,2,0,Starfield Stage - 1
17761,2025-10-08T22:19:21.874171,0.009,507.5,587.0,-0.5722772187793618,False,True,False,False,1,1,0,7,8,3,646,372,"[false, false, false]",160,2,0,Starfield Stage - 1
17770,2025-10-08T22:19:21.882807,0.009,505.0,584.5,-0.5049972658420188,False,True,True,False,1,1,0,7,8,3,628,362,"[false, false, false]",160,2,0,Starfield Stage - 1
17779,2025-10-08T22:19:21.892037,0.009,502.5,582.0,-0.43556017740872266,False,True,True,False,1,1,0,7,8,3,610,351,"[false, false, false]",160,2,0,Starfield Stage - 1
17788,2025-10-08T22:19:21.901070,0.009,500.0,579.5,-0.3653614839274235,False,True,True,False,1,1,0,7,8,3,592,339,"[false, false, false]",160,2,0,Starfield Stage - 1
17798,2025-10-08T22:19:21.910590,0.009,497.5,577.0,-0.3006056700423954,False,True,True,False,1,1,0,7,8,3,575,327,"[false, false, false]",160,2,0,Starfield Stage - 1
17806,2025-10-08T22:19:21.919192,0.009,495.0,574.5,-0.24180263024881535,False,True,True,False,1,1,0,7,8,3,559,315,"[false, false, false]",160,2,0,Starfield Stage - 1
17816,2025-10-08T22:19:21.929073,0.01,492.5,572.0,-0.18557239169319417,False,True,True,False,1,1,0,7,8,3,543,303,"[false, false, false]",160,2,0,Starfield Stage - 1
17826,2025-10-08T22:19:21.938732,0.009,490.0,569.5,-0.08643918379746629,False,True,True,False,1,1,0,7,8,4,515,281,"[false, false, false]",160,2,0,Starfield Stage - 1
17834,2025-10-08T22:19:21.946662,0.008,487.5,567.0,-0.04878281477050183,False,True,True,False,1,1,0,7,8,4,502,270,"[false, false, false]",160,2,0,Starfield Stage - 1
17842,2025-10-08T22:19:21.954780,0.008,485.0,564.5,-0.01636515099318645,False,True,True,False,1,1,0,7,8,4,490,259,"[false, false, false]",160,2,0,Starfield Stage - 1
17851,2025-10-08T22:19:21.963387,0.009,482.5,562.0,0.007936341307466063,False,True,True,False,1,1,0,7,8,4,480,247,"[false, false, false]",160,2,0,Starfield Stage - 1
17859,2025-10-08T22:19:21.971745,0.008,482.5,559.5,0.03264780453465073,True,True,True,False,1,1,0,7,8,4,472,238,"[false, false, false]",160,2,0,Starfield Stage - 1
17867,2025-10-08T22:19:21.980218,0.009,482.5,557.0,0.05346581557472738,True,True,True,False,1,1,0,7,8,4,465,230,"[false, false, false]",160,2,0,Starfield Stage - 1
17877,2025-10-08T22:19:21.989961,0.009,482.5,557.0,0.06746502452190475,True,True,False,False,1,1,0,7,8,4,460,224,"[false, false, false]",160,2,0,Starfield Stage - 1
17886,2025-10-08T22:19:21.998408,0.009,485.0,557.0,0.08338826745653852,True,False,False,False,2,1,0,7,8,4,457,222,"[true, false, false]",160,2,0,Starfield Stage - 1
17894,2025-10-08T22:19:22.007053,0.008,487.5,557.0,0.09642621728087739,True,False,False,False,2,1,0,7,8,4,455,221,"[true, false, false]",160,2,0,Starfield Stage - 1
17902,2025-10-08T22:19:22.014905,0.008,490.0,557.0,0.10673567264913565,True,False,False,False,2,1,0,7,8,4,454,221,"[true, false, false]",160,2,0,Starfield Stage - 1
17911,2025-10-08T22:19:22.023293,0.009,492.5,557.0,0.1140857791681595,True,False,False,False,2,1,0,7,8,4,454,221,"[true, false, false]",160,2,0,Starfield Stage - 1
17919,2025-10-08T22:19:22.031536,0.008,495.0,557.0,0.12142352621258434,True,False,False,False,2,1,0,7,8,4,454,221,"[true, false, false]",160,2,0,Starfield Stage - 1
17927,2025-10-08T22:19:22.039844,0.008,497.5,557.0,0.12874815683868931,True,False,False,False,2,1,0,7,8,4,454,221,"[true, false, false]",160,2,0,Starfield Stage - 1
17936,2025-10-08T22:19:22.048430,0.009,500.0,557.0,0.13605892243487083,True,False,False,False,2,1,0,7,8,4,454,221,"[true, false, false]",160,2,0,Starfield Stage - 1
17944,2025-10-08T22:19:22.057216,0.009,502.5,557.0,0.14420168073557404,True,False,False,False,2,1,0,7,8,4,454,223,"[true, false, false]",160,2,0,Starfield Stage - 1
17953,2025-10-08T22:19:22.066258,0.009,505.0,557.0,0.15242298163588933,True,False,False,False,2,1,0,7,8,4,454,225,"[true, false, false]",160,2,0,Starfield Stage - 1
17962,2025-10-08T22:19:22.074827,0.009,507.5,557.0,0.1607228395804485,True,False,False,False,2,1,0,7,8,4,454,227,"[false, false, false]",160,2,0,Starfield Stage - 1
17972,2025-10-08T22:19:22.085161,0.01,510.0,557.0,0.16910122600137703,True,False,False,False,2,1,0,7,8,4,454,229,"[false, false, false]",160,2,0,Starfield Stage - 1
17981,2025-10-08T22:19:22.094045,0.009,512.5,557.0,0.17702636677535355,True,False,False,False,2,1,0,7,8,4,454,230,"[false, false, false]",160,2,0,Starfield Stage - 1
17992,2025-10-08T22:19:22.104457,0.009,515.0,557.0,0.18553372001027707,True,False,False,False,2,1,0,7,8,4,454,232,"[false, false, false]",160,2,0,Starfield Stage - 1
18000,2025-10-08T22:19:22.112419,0.009,517.5,557.0,0.19411883639701283,True,False,False,False,2,1,0,7,8,4,454,234,"[false, false, false]",160,2,0,Starfield Stage - 1
18009,2025-10-08T22:19:22.121353,0.009,520.0,557.0,0.20216879328855686,True,False,False,False,2,1,0,7,8,4,454,235,"[false, false, false]",160,2,0,Starfield Stage - 1
18017,2025-10-08T22:19:22.130212,0.008,522.5,557.0,0.20960823831369457,True,False,False,False,2,1,0,7,8,4,454,235,"[false, false, false]",160,2,0,Starfield Stage - 1
18026,2025-10-08T22:19:22.138363,0.009,525.0,557.0,0.21767917384479274,True,False,False,False,2,1,0,7,8,4,454,236,"[false, false, false]",160,2,0,Starfield Stage - 1
18034,2025-10-08T22:19:22.147084,0.008,527.5,557.0,0.22509178245360906,True,False,False,False,2,1,0,7,8,4,454,236,"[false, false, false]",160,2,0,Starfield Stage - 1
18042,2025-10-08T22:19:22.155053,0.009,530.0,559.5,0.23074604758345202,True,False,False,True,2,1,0,7,8,4,454,236,"[false, false, false]",160,2,0,Starfield Stage - 1
18051,2025-10-08T22:19:22.163620,0.008,532.5,562.0,0.23629895343496896,True,False,False,True,2,1,0,7,8,4,454,236,"[false, false, false]",160,2,0,Starfield Stage - 1
18059,2025-10-08T22:19:22.172082,0.009,535.0,564.5,0.24175286786424297,True,False,False,True,2,1,0,7,8,4,454,236,"[false, false, false]",160,2,0,Starfield Stage - 1
18068,2025-10-08T22:19:22.181098,0.009,537.5,567.0,0.24711009862027897,True,False,False,True,2,1,0,7,8,4,454,236,"[false, false, false]",160,2,0,Starfield Stage - 1
18077,2025-10-08T22:19:22.190037,0.009,540.0,569.5,0.2523728945620738,True,False,False,True,2,1,0,7,8,4,454,236,"[false, false, false]",160,2,0,Starfield Stage - 1
18086,2025-10-08T22:19:22.198694,0.008,542.5,572.0,0.2575434468946013,True,False,False,True,3,1,0,7,8,4,454,236,"[true, false, false]",160,2,0,Starfield Stage - 1
18094,2025-10-08T22:19:22.206855,0.009,545.0,574.5,0.26262389041798706,True,False,False,True,3,1,0,7,8,4,454,236,"[true, false, false]",160,2,0,Starfield Stage - 1
18103,2025-10-08T22:19:22.216070,0.009,547.5,577.0,0.2676163047847618,True,False,False,True,3,1,0,7,8,4,454,236,"[true, false, false]",160,2,0,Starfield Stage - 1
18112,2025-10-08T22:19:22.225213,0.009,550.0,579.5,0.27252271576064285,True,False,False,True,3,1,0,7,8,4,454,236,"[true, false, false]",160,2,0,Starfield Stage - 1
18121,2025-10-08T22:19:22.233352,0.008,552.5,582.0,0.2773450964848077,True,False,False,True,3,1,0,7,8,4,454,236,"[true, false, false]",160,2,0,Starfield Stage - 1
18171,2025-10-08T22:19:22.284255,0.009,555.0,584.5,0.28208536872608836,True,False,False,True,2,1,0,7,8,4,454,236,"[true, false, false]",170,2,0,Starfield Stage - 1
18174,2025-10-08T22:19:22.286629,0.044,557.5,587.0,0.28674540413194144,True,False,False,True,2,1,0,7,8,4,454,236,"[true, false, false]",170,2,0,Starfield Stage - 1
18182,2025-10-08T22:19:22.294617,0.008,560.0,589.5,0.2913270254674354,True,False,False,True,2,1,0,7,8,4,454,236,"[false, false, false]",170,2,0,Starfield Stage - 1
18191,2025-10-08T22:19:22.303322,0.009,562.5,592.0,0.2958320078418461,True,False,False,True,2,1,0,7,8,4,454,236,"[false, false, false]",170,2,0,Starfield Stage - 1
18199,2025-10-08T22:19:22.311474,0.008,565.0,594.5,0.30105220110403946,True,False,False,True,2,1,0,7,8,4,454,237,"[false, false, false]",170,2,0,Starfield Stage - 1
18207,2025-10-08T22:19:22.319895,0.008,567.5,597.0,0.30621211586065816,True,False,False,True,2,1,0,7,8,4,454,238,"[false, false, false]",170,2,0,Starfield Stage - 1
18216,2025-10-08T22:19:22.328368,0.009,570.0,599.5,0.31131252013551003,True,False,False,True,2,1,0,7,8,4,454,239,"[false, false, false]",170,2,0,Starfield Stage - 1
18225,2025-10-08T22:19:22.337629,0.009,572.5,602.0,0.3188472029527296,True,False,False,True,2,1,0,7,8,4,453,240,"[false, false, false]",170,2,0,Starfield Stage - 1
18234,2025-10-08T22:19:22.346620,0.009,575.0,604.5,0.3229846138277805,True,False,False,True,2,1,0,7,8,4,453,240,"[false, false, false]",170,2,0,Starfield Stage - 1
18242,2025-10-08T22:19:22.355178,0.009,577.5,607.0,0.32949601711491633,True,False,False,True,2,1,0,7,8,4,452,240,"[false, false, false]",170,2,0,Starfield Stage - 1
18251,2025-10-08T22:19:22.364120,0.008,580.0,609.5,0.333476664710056,True,False,False,True,2,1,0,7,8,4,452,240,"[false, false, false]",170,2,0,Starfield Stage - 1
18258,2025-10-08T22:19:22.371018,0.008,582.5,612.0,0.33739308106963856,True,False,False,True,2,1,0,7,8,4,452,240,"[false, false, false]",170,2,0,Starfield Stage - 1
18268,2025-10-08T22:19:22.380276,0.009,585.0,614.5,0.34124669110708716,True,False,False,True,2,1,0,7,8,4,452,240,"[false, false, false]",170,2,0,Starfield Stage - 1
18276,2025-10-08T22:19:22.388608,0.008,587.5,617.0,0.34503888186307424,True,False,False,True,2,1,0,7,8,4,452,240,"[false, false, false]",170,2,0,Starfield Stage - 1
18284,2025-10-08T22:19:22.397040,0.008,590.0,617.0,0.350899112735606,True,False,False,False,3,1,0,7,8,4,452,240,"[true, false, false]",170,2,0,Starfield Stage - 1
18294,2025-10-08T22:19:22.406282,0.01,592.5,617.0,0.35673430944898343,True,False,False,False,3,1,0,7,8,4,452,240,"[true, false, false]",170,2,0,Starfield Stage - 1
18302,2025-10-08T22:19:22.414956,0.008,595.0,617.0,0.3625442372645076,True,False,False,False,3,1,0,7,8,4,452,240,"[true, false, false]",170,2,0,Starfield Stage - 1
18310,2025-10-08T22:19:22.422502,0.008,597.5,617.0,0.36832867029515454,True,False,False,False,3,1,0,7,8,4,452,240,"[true, false, false]",170,2,0,Starfield Stage - 1
18318,2025-10-08T22:19:22.431160,0.009,600.0,617.0,0.37408739145576403,True,False,False,False,3,1,0,7,8,4,452,240,"[true, false, false]",170,2,0,Starfield Stage - 1
18327,2025-10-08T22:19:22.440020,0.008,602.5,617.0,0.38073562974475395,True,False,False,False,3,1,0,7,8,4,452,241,"[true, false, false]",170,2,0,Starfield Stage - 1
18335,2025-10-08T22:19:22.448018,0.009,605.0,617.0,0.388318718172466,True,False,False,False,3,1,0,7,8,4,452,243,"[false, false, false]",170,2,0,Starfield Stage - 1
18344,2025-10-08T22:19:22.457110,0.009,607.5,617.0,0.39498146898841147,True,False,False,False,3,1,0,7,8,4,452,244,"[false, false, false]",170,2,0,Starfield Stage - 1
18390,2025-10-08T22:19:22.502881,0.009,610.0,617.0,0.4016429348177272,True,False,False,False,2,0,0,7,8,4,452,245,"[false, false, false]",170,2,0,Starfield Stage - 1
18392,2025-10-08T22:19:22.504705,0.038,612.5,617.0,0.40830252504876124,True,False,False,False,2,1,0,7,9,4,452,246,"[false, false, false]",170,2,0,Starfield Stage - 1
18400,2025-10-08T22:19:22.512873,0.008,615.0,617.0,0.4245613803643576,True,False,False,False,2,1,0,7,9,4,450,252,"[false, false, false]",170,2,0,Starfield Stage - 1
18408,2025-10-08T22:19:22.520999,0.009,617.5,617.0,0.43127477971578904,True,False,False,False,2,1,0,7,9,4,450,253,"[false, false, false]",170,2,0,Starfield Stage - 1
18418,2025-10-08T22:19:22.530812,0.009,620.0,617.0,0.4369279116841727,True,False,False,False,2,1,0,7,9,4,450,253,"[false, false, false]",170,2,0,Starfield Stage - 1
18426,2025-10-08T22:19:22.539204,0.009,622.5,617.0,0.44255134997495155,True,False,False,False,2,1,0,7,9,4,450,253,"[false, false, false]",170,2,0,Starfield Stage - 1
18436,2025-10-08T22:19:22.548637,0.009,625.0,617.0,0.4481449750757897,True,False,False,False,2,1,0,7,9,4,450,253,"[false, false, false]",170,2,0,Starfield Stage - 1
18444,2025-10-08T22:19:22.557095,0.008,627.5,617.0,0.45370867620026195,True,False,False,False,2,1,0,7,9,4,450,253,"[false, false, false]",170,2,0,Starfield Stage - 1
18453,2025-10-08T22:19:22.565875,0.01,630.0,617.0,0.45924235115399525,True,False,False,False,2,1,0,7,9,4,450,253,"[false, false, false]",170,2,0,Starfield Stage - 1
18462,2025-10-08T22:19:22.574995,0.009,632.5,617.0,0.4647459061978565,True,False,False,False,2,1,0,7,9,4,450,253,"[false, false, false]",170,2,0,Starfield Stage - 1
18471,2025-10-08T22:19:22.583724,0.008,635.0,617.0,0.470219255908435,True,False,False,False,3,1,0,7,9,4,450,253,"[true, false, false]",170,2,0,Starfield Stage - 1
18479,2025-10-08T22:19:22.591588,0.008,637.5,617.0,0.47566232303606254,True,False,False,False,2,1,0,7,9,4,450,253,"[true, false, false]",170,2,0,Starfield Stage - 1
18487,2025-10-08T22:19:22.600039,0.009,640.0,617.0,0.4810750383606097,True,False,False,False,2,1,0,7,9,4,450,253,"[true, false, false]",170,2,0,Starfield Stage - 1
18497,2025-10-08T22:19:22.609360,0.009,642.5,617.0,0.48645734054528994,True,False,False,False,2,1,0,7,9,4,450,253,"[true, false, false]",170,2,0,Starfield Stage - 1
18505,2025-10-08T22:19:22.617436,0.008,645.0,614.5,0.49468339203345746,True,False,True,False,2,1,0,7,9,4,450,253,"[true, false, false]",170,2,0,Starfield Stage - 1
18513,2025-10-08T22:19:22.626041,0.009,647.5,612.0,0.5029501342099981,True,False,True,False,2,1,0,7,9,4,450,253,"[true, false, false]",170,2,0,Starfield Stage - 1
18522,2025-10-08T22:19:22.635061,0.009,650.0,609.5,0.5112567315841089,True,False,True,False,2,1,0,7,9,4,450,253,"[true, false, false]",170,2,0,Starfield Stage - 1
18532,2025-10-08T22:19:22.644925,0.01,652.5,607.0,0.5196023185944362,True,False,True,False,2,1,0,7,9,4,450,253,"[false, false, false]",170,2,0,Starfield Stage - 1
18542,2025-10-08T22:19:22.654885,0.009,655.0,604.5,0.5279859998152335,True,False,True,False,2,1,0,7,9,4,450,253,"[false, false, false]",170,2,0,Starfield Stage - 1
18550,2025-10-08T22:19:22.662926,0.008,657.5,602.0,0.5364068502125889,True,False,True,False,2,1,0,7,9,4,450,253,"[false, false, false]",170,2,0,Starfield Stage - 1
18558,2025-10-08T22:19:22.671236,0.009,660.0,599.5,0.5448639154515437,True,False,True,False,2,1,0,7,9,4,450,253,"[false, false, false]",170,2,0,Starfield Stage - 1
18567,2025-10-08T22:19:22.680163,0.009,662.5,597.0,0.5533562122547878,True,False,True,False,2,1,0,7,9,4,450,253,"[false, false, false]",170,2,0,Starfield Stage - 1
18576,2025-10-08T22:19:22.688644,0.008,665.0,594.5,0.5632057581496918,True,False,True,False,2,1,0,7,9,4,450,254,"[false, false, false]",170,2,0,Starfield Stage - 1
18585,2025-10-08T22:19:22.697493,0.009,667.5,592.0,0.5744899125342393,True,False,True,False,2,1,0,7,9,4,450,256,"[false, false, false]",170,2,0,Starfield Stage - 1
18593,2025-10-08T22:19:22.705395,0.008,670.0,589.5,0.5845243567049134,True,False,True,False,2,1,0,7,9,4,450,257,"[false, false, false]",170,2,0,Starfield Stage - 1
18601,2025-10-08T22:19:22.713641,0.008,672.5,587.0,0.5960500155482966,True,False,True,False,2,1,0,7,9,4,450,259,"[false, false, false]",170,2,0,Starfield Stage - 1
18609,2025-10-08T22:19:22.722213,0.009,675.0,584.5,0.6041812832643841,True,False,True,False,2,1,0,7,9,4,451,260,"[false, false, false]",170,2,0,Starfield Stage - 1
18618,2025-10-08T22:19:22.731136,0.008,677.5,582.0,0.6144794656856926,True,False,True,False,2,1,0,7,9,4,451,261,"[false, false, false]",170,2,0,Starfield Stage - 1
18626,2025-10-08T22:19:22.738450,0.008,680.0,579.5,0.6227773616391938,True,False,True,False,2,1,0,7,9,4,452,262,"[false, false, false]",170,2,0,Starfield Stage - 1
18634,2025-10-08T22:19:22.746690,0.008,682.5,577.0,0.6290802697474429,True,False,True,False,2,1,0,7,9,4,454,263,"[false, false, false]",170,2,0,Starfield Stage - 1
18642,2025-10-08T22:19:22.754991,0.008,685.0,574.5,0.6396251592105974,True,False,True,False,2,1,0,7,9,4,454,264,"[false, false, false]",170,2,0,Starfield Stage - 1
18651,2025-10-08T22:19:22.763820,0.009,687.5,572.0,0.6461018831634358,True,False,True,False,2,1,0,7,9,4,456,265,"[false, false, false]",170,2,0,Starfield Stage - 1
18660,2025-10-08T22:19:22.772571,0.009,690.0,569.5,0.6552193223956785,True,False,True,False,2,1,0,7,9,4,456,265,"[false, false, false]",170,2,0,Starfield Stage - 1
18668,2025-10-08T22:19:22.781072,0.009,692.5,569.5,0.6599016168351394,True,False,False,False,2,1,0,7,9,4,457,266,"[false, false, false]",170,2,0,Starfield Stage - 1
18676,2025-10-08T22:19:22.789024,0.008,695.0,569.5,0.6650226816693768,True,False,False,False,2,1,0,7,9,4,457,266,"[false, false, false]",170,2,0,Starfield Stage - 1
18686,2025-10-08T22:19:22.798509,0.009,697.5,569.5,0.6701029436186204,True,False,False,False,2,1,0,7,9,4,457,266,"[false, false, false]",170,2,0,Starfield Stage - 1
18694,2025-10-08T22:19:22.807048,0.009,700.0,569.5,0.6751426292877084,True,False,False,False,2,1,0,7,8,4,457,266,"[false, false, false]",170,2,0,Starfield Stage - 1
18703,2025-10-08T22:19:22.815306,0.008,702.5,569.5,0.6801419699210097,True,False,False,False,2,1,0,7,8,4,457,266,"[false, false, false]",170,2,0,Starfield Stage - 1
18712,2025-10-08T22:19:22.824974,0.009,705.0,569.5,0.6851012011424533,True,False,False,False,2,1,0,7,8,4,457,266,"[false, false, false]",170,2,0,Starfield Stage - 1
18720,2025-10-08T22:19:22.832800,0.008,707.5,569.5,0.6880575869294943,True,False,False,False,2,1,0,7,8,4,458,266,"[false, false, false]",170,2,0,Starfield Stage - 1
18729,2025-10-08T22:19:22.841581,0.009,710.0,569.5,0.691336928769462,True,False,False,False,2,1,0,7,8,4,458,265,"[false, false, false]",170,2,0,Starfield Stage - 1
18737,2025-10-08T22:19:22.849790,0.008,712.5,569.5,0.6968206053990498,True,False,False,False,2,1,0,7,8,4,456,263,"[false, false, false]",170,2,0,Starfield Stage - 1
18745,2025-10-08T22:19:22.858267,0.009,715.0,569.5,0.7043533644964057,True,False,False,False,2,1,0,7,8,4,452,260,"[false, false, false]",170,2,0,Starfield Stage - 1
18754,2025-10-08T22:19:22.867015,0.009,717.5,569.5,0.7139696332374468,True,False,False,False,2,1,0,7,8,4,445,255,"[false, false, false]",170,2,0,Starfield Stage - 1
18764,2025-10-08T22:19:22.876394,0.009,720.0,569.5,0.7246901713704947,True,False,False,False,2,1,0,7,8,4,438,251,"[false, false, false]",170,2,0,Starfield Stage - 1
18772,2025-10-08T22:19:22.885018,0.008,722.5,569.5,0.7383549752241914,True,False,False,False,2,1,0,7,8,4,429,247,"[false, false, false]",170,2,0,Starfield Stage - 1
18780,2025-10-08T22:19:22.892945,0.009,725.0,569.5,0.7528957356340148,True,False,False,False,2,1,0,7,8,4,420,244,"[false, false, false]",170,2,0,Starfield Stage - 1
18790,2025-10-08T22:19:22.902465,0.009,727.5,569.5,0.7683719450666157,True,False,False,False,2,1,0,7,8,4,410,241,"[false, false, false]",170,2,0,Starfield Stage - 1
18798,2025-10-08T22:19:22.910802,0.008,730.0,569.5,0.7831237169782734,True,False,False,False,2,1,0,7,8,4,401,239,"[false, false, false]",170,2,0,Starfield Stage - 1
18807,2025-10-08T22:19:22.919870,0.009,732.5,569.5,0.7973201022589564,True,False,False,False,2,1,0,7,8,5,393,238,"[false, false, false]",170,2,0,Starfield Stage - 1
18815,2025-10-08T22:19:22.928175,0.009,735.0,569.5,0.8126173407220016,True,False,False,False,2,1,0,7,8,5,386,239,"[false, false, false]",170,2,0,Starfield Stage - 1
18825,2025-10-08T22:19:22.937413,0.009,737.5,569.5,0.8413044989631318,True,False,False,False,2,1,0,7,8,5,379,249,"[false, false, false]",170,2,0,Starfield Stage - 1
18833,2025-10-08T22:19:22.945969,0.009,740.0,569.5,0.8618289129929458,True,False,False,False,2,1,0,7,8,5,378,259,"[false, false, false]",170,2,0,Starfield Stage - 1
18843,2025-10-08T22:19:22.955629,0.009,742.5,569.5,0.885961403394116,True,False,False,False,2,1,0,7,8,5,377,271,"[false, false, false]",170,2,0,Starfield Stage - 1
18851,2025-10-08T22:19:22.963768,0.008,745.0,572.0,0.9084376165118064,True,False,False,True,2,1,0,7,8,5,377,285,"[false, false, false]",170,2,0,Starfield Stage - 1
18860,2025-10-08T22:19:22.972342,0.009,747.5,574.5,0.9323071612171866,True,False,False,True,2,1,0,7,8,5,379,301,"[false, false, false]",170,2,0,Starfield Stage - 1
18868,2025-10-08T22:19:22.981171,0.009,750.0,577.0,0.9593412338436825,True,False,False,True,3,1,0,7,8,5,382,319,"[true, false, false]",170,2,0,Starfield Stage - 1
18877,2025-10-08T22:19:22.990177,0.009,752.5,579.5,0.9862648358448934,True,False,False,True,3,1,0,7,8,5,386,337,"[true, false, false]",170,2,0,Starfield Stage - 1
18886,2025-10-08T22:19:22.998994,0.008,755.0,582.0,1.014416489927719,True,False,False,True,3,1,0,7,8,5,390,355,"[true, false, false]",170,2,0,Starfield Stage - 1
18894,2025-10-08T22:19:23.007117,0.009,757.5,584.5,1.0446966332498475,True,False,False,True,3,1,0,7,8,5,395,374,"[true, false, false]",170,2,0,Starfield Stage - 1
18903,2025-10-08T22:19:23.016152,0.009,760.0,587.0,1.0741936201797924,True,False,False,True,3,1,0,7,8,5,402,393,"[true, false, false]",170,2,0,Starfield Stage - 1
18913,2025-10-08T22:19:23.025645,0.009,762.5,589.5,1.1421908142697097,True,False,False,True,3,1,0,7,8,5,420,433,"[true, false, false]",170,2,0,Starfield Stage - 1
18921,2025-10-08T22:19:23.033597,0.008,765.0,592.0,1.1804913978916436,True,False,False,True,3,1,0,7,8,5,432,455,"[true, false, false]",170,2,0,Starfield Stage - 1
18929,2025-10-08T22:19:23.041875,0.008,767.5,594.5,1.2196694689208876,True,False,False,True,3,1,0,7,8,5,444,476,"[true, false, false]",170,2,0,Starfield Stage - 1
18937,2025-10-08T22:19:23.049983,0.009,770.0,597.0,1.2635375114637544,True,False,False,True,3,1,0,7,8,5,458,498,"[true, false, false]",170,2,0,Starfield Stage - 1
18946,2025-10-08T22:19:23.058883,0.009,772.5,599.5,1.3045442776439713,True,False,False,True,3,1,0,7,8,5,470,517,"[true, false, false]",170,2,0,Starfield Stage - 1
18956,2025-10-08T22:19:23.068368,0.009,775.0,602.0,1.3452484162921554,True,False,False,True,3,1,0,7,8,5,483,535,"[true, false, false]",170,2,0,Starfield Stage - 1
18964,2025-10-08T22:19:23.076710,0.008,777.5,604.5,1.377474064172757,True,False,False,True,3,1,0,7,8,5,494,549,"[true, false, false]",170,2,0,Starfield Stage - 1
18972,2025-10-08T22:19:23.085223,0.009,780.0,607.0,1.3986055122719576,True,False,False,True,2,1,0,7,8,5,504,559,"[true, false, false]",170,2,0,Starfield Stage - 1
18982,2025-10-08T22:19:23.094954,0.01,782.5,609.5,1.4077465968226415,True,False,False,True,2,1,0,7,8,5,512,565,"[false, false, false]",170,2,0,Starfield Stage - 1
18991,2025-10-08T22:19:23.103981,0.009,785.0,612.0,1.4080689521545156,True,False,False,True,2,1,0,7,8,5,517,568,"[false, false, false]",170,2,0,Starfield Stage - 1
19001,2025-10-08T22:19:23.113729,0.009,787.5,614.5,1.404731619102136,True,False,False,True,2,1,0,7,8,5,522,570,"[false, false, false]",170,2,0,Starfield Stage - 1
19009,2025-10-08T22:19:23.122114,0.009,790.0,614.5,1.4086973502029994,True,False,False,False,2,1,0,7,8,5,524,571,"[false, false, false]",170,2,0,Starfield Stage - 1
19018,2025-10-08T22:19:23.130527,0.008,792.5,614.5,1.4089961908982682,True,False,False,False,2,1,0,7,8,5,526,571,"[false, false, false]",170,2,0,Starfield Stage - 1
19026,2025-10-08T22:19:23.138900,0.009,795.0,614.5,1.4098861949939476,True,False,False,False,2,1,0,7,8,5,527,571,"[false, false, false]",170,2,0,Starfield Stage - 1
19035,2025-10-08T22:19:23.147846,0.009,797.5,614.5,1.4113481576889564,True,False,False,False,2,1,0,7,8,5,527,571,"[false, false, false]",170,2,0,Starfield Stage - 1
19044,2025-10-08T22:19:23.156900,0.009,800.0,614.5,1.4163583376764157,True,False,False,False,2,1,0,7,8,5,527,572,"[false, false, false]",170,2,0,Starfield Stage - 1
19053,2025-10-08T22:19:23.166071,0.009,802.5,614.5,1.4177378889174783,True,False,False,False,2,1,0,7,8,5,527,572,"[false, false, false]",170,2,0,Starfield Stage - 1
19063,2025-10-08T22:19:23.175305,0.009,805.0,614.5,1.4226100469380254,True,False,False,False,2,1,0,7,8,5,527,573,"[false, false, false]",170,2,0,Starfield Stage - 1
19071,2025-10-08T22:19:23.183668,0.008,807.5,614.5,1.4239117823737684,True,False,False,False,2,1,0,7,8,5,527,573,"[false, false, false]",170,2,0,Starfield Stage - 1
19079,2025-10-08T22:19:23.191957,0.008,810.0,614.5,1.425191007359139,True,False,False,False,3,1,0,7,8,5,527,573,"[true, false, false]",170,2,0,Starfield Stage - 1
19087,2025-10-08T22:19:23.200264,0.009,812.5,614.5,1.4264482967064869,True,False,False,False,3,1,0,7,8,5,527,573,"[true, false, false]",170,2,0,Starfield Stage - 1
19096,2025-10-08T22:19:23.209206,0.008,815.0,614.5,1.4276842059600263,True,False,False,False,3,1,0,7,8,5,527,573,"[true, false, false]",170,2,0,Starfield Stage - 1
19104,2025-10-08T22:19:23.216766,0.008,817.5,614.5,1.4288992721907328,True,False,False,False,3,1,0,7,8,5,527,573,"[true, false, false]",170,2,0,Starfield Stage - 1
19112,2025-10-08T22:19:23.224847,0.008,820.0,614.5,1.430094014752497,True,False,False,False,3,1,0,7,8,5,527,573,"[true, false, false]",170,2,0,Starfield Stage - 1
19121,2025-10-08T22:19:23.233768,0.009,822.5,614.5,1.4312689360017052,True,False,False,False,3,1,0,7,8,5,527,573,"[true, false, false]",170,2,0,Starfield Stage - 1
19129,2025-10-08T22:19:23.241859,0.008,825.0,614.5,1.4324245219822762,True,False,False,False,3,1,0,7,8,5,527,573,"[true, false, false]",170,2,0,Starfield Stage - 1
19137,2025-10-08T22:19:23.249867,0.009,827.5,614.5,1.4335612430780613,True,False,False,False,3,1,0,7,8,5,527,573,"[true, false, false]",170,2,0,Starfield Stage - 1
19146,2025-10-08T22:19:23.259039,0.009,830.0,614.5,1.4346795546343944,True,False,False,False,3,1,0,7,8,5,527,573,"[true, false, false]",170,2,0,Starfield Stage - 1
19155,2025-10-08T22:19:23.268140,0.009,832.5,612.0,1.4438235371808177,True,False,True,False,3,1,0,7,8,5,527,573,"[true, false, false]",170,2,0,Starfield Stage - 1
19165,2025-10-08T22:19:23.277506,0.009,835.0,609.5,1.4528399651773038,True,False,True,False,2,1,0,7,8,5,527,573,"[true, false, false]",170,2,0,Starfield Stage - 1
19174,2025-10-08T22:19:23.286426,0.009,837.5,607.0,1.4617300535451043,True,False,True,False,2,1,0,7,8,5,527,573,"[false, false, false]",170,2,0,Starfield Stage - 1
19182,2025-10-08T22:19:23.294867,0.009,840.0,604.5,1.4704950632857994,True,False,True,False,2,1,0,7,8,5,527,573,"[false, false, false]",170,2,0,Starfield Stage - 1
19191,2025-10-08T22:19:23.304060,0.009,842.5,602.0,1.4791362970500737,True,False,True,False,2,1,0,7,8,5,527,573,"[false, false, false]",170,2,0,Starfield Stage - 1
19200,2025-10-08T22:19:23.312987,0.009,845.0,599.5,1.4876550949064553,True,False,True,False,2,1,0,7,8,5,527,573,"[false, false, false]",170,2,0,Starfield Stage - 1
19209,2025-10-08T22:19:23.322162,0.009,847.5,597.0,1.496052830309171,True,False,True,False,2,1,0,7,8,5,527,573,"[false, false, false]",170,2,0,Starfield Stage - 1
19219,2025-10-08T22:19:23.331344,0.009,850.0,594.5,1.504330906263343,True,False,True,False,2,1,0,7,8,5,527,573,"[false, false, false]",170,2,0,Starfield Stage - 1
19226,2025-10-08T22:19:23.339075,0.008,852.5,592.0,1.5124907516849486,True,False,True,False,2,1,0,7,8,5,527,573,"[false, false, false]",170,2,0,Starfield Stage - 1
19235,2025-10-08T22:19:23.348204,0.009,855.0,589.5,1.5205338179522447,True,False,True,False,2,1,0,7,8,5,527,573,"[false, false, false]",170,2,0,Starfield Stage - 1
19244,2025-10-08T22:19:23.356807,0.008,857.5,587.0,1.5284615756447544,True,False,True,False,2,1,0,7,8,5,527,573,"[false, false, false]",170,2,0,Starfield Stage - 1
19253,2025-10-08T22:19:23.365902,0.01,860.0,584.5,1.5362755114653939,True,False,True,False,2,1,0,7,8,5,527,573,"[false, false, false]",170,2,0,Starfield Stage - 1
19262,2025-10-08T22:19:23.375077,0.009,862.5,582.0,1.5439771253408778,True,False,True,False,2,1,0,7,8,5,527,573,"[false, false, false]",170,2,0,Starfield Stage - 1
19271,2025-10-08T22:19:23.383387,0.008,865.0,579.5,1.5515679276951895,True,False,True,False,2,1,0,7,8,5,527,573,"[false, false, false]",170,2,0,Starfield Stage - 1
19279,2025-10-08T22:19:23.391619,0.008,867.5,577.0,1.5590494368906063,True,False,True,False,2,1,0,7,8,5,527,573,"[false, false, false]",170,2,0,Starfield Stage - 1
19326,2025-10-08T22:19:23.439045,0.009,870.0,574.5,1.5664231768305599,True,False,True,False,2,1,0,7,8,5,527,573,"[true, false, false]",180,2,0,Starfield Stage - 1
19330,2025-10-08T22:19:23.442752,0.042,872.5,572.0,1.573690674718433,True,False,True,False,2,1,0,7,8,5,527,573,"[true, false, false]",180,2,0,Starfield Stage - 1
19338,2025-10-08T22:19:23.450769,0.008,875.0,569.5,1.5808534589662917,True,False,True,False,2,1,0,7,8,5,527,573,"[true, false, false]",180,2,0,Starfield Stage - 1
19346,2025-10-08T22:19:23.458887,0.009,877.5,567.0,1.5879130572474836,True,False,True,False,2,1,0,7,8,5,527,573,"[true, false, false]",180,2,0,Starfield Stage - 1
19356,2025-10-08T22:19:23.468658,0.009,880.0,564.5,1.5948709946870048,True,False,True,False,2,1,0,7,8,5,527,573,"[true, false, false]",180,2,0,Starfield Stage - 1
19364,2025-10-08T22:19:23.477122,0.009,882.5,562.0,1.601728792183558,True,False,True,False,2,1,0,7,8,5,527,573,"[false, false, false]",180,2,0,Starfield Stage - 1
19374,2025-10-08T22:19:23.486890,0.009,885.0,559.5,1.6084879648572619,True,False,True,False,2,1,0,7,8,5,527,573,"[false, false, false]",180,2,0,Starfield Stage - 1
19382,2025-10-08T22:19:23.494873,0.009,887.5,557.0,1.6151500206170488,True,False,True,False,2,1,0,7,8,5,527,573,"[false, false, false]",180,2,0,Starfield Stage - 1
19391,2025-10-08T22:19:23.503890,0.009,890.0,554.5,1.6217164588418809,True,False,True,False,2,1,0,7,8,5,527,573,"[false, false, false]",180,2,0,Starfield Stage - 1
19400,2025-10-08T22:19:23.512601,0.008,892.5,552.0,1.6281887691700334,True,False,True,False,2,1,0,7,8,5,527,573,"[false, false, false]",180,2,0,Starfield Stage - 1
19408,2025-10-08T22:19:23.520874,0.009,895.0,549.5,1.6345684303908297,True,False,True,False,2,1,0,7,8,5,527,573,"[false, false, false]",180,2,0,Starfield Stage - 1
19417,2025-10-08T22:19:23.530059,0.009,897.5,547.0,1.640856909433352,True,False,True,False,2,1,0,7,8,5,527,573,"[false, false, false]",180,2,0,Starfield Stage - 1
19425,2025-10-08T22:19:23.538246,0.008,900.0,544.5,1.6470556604468232,True,False,True,False,2,1,0,7,8,5,527,573,"[false, false, false]",180,2,0,Starfield Stage - 1
19435,2025-10-08T22:19:23.547420,0.009,902.5,542.0,1.6531661239675117,True,False,True,False,2,2,0,7,8,5,527,573,"[false, false, false]",180,2,0,Starfield Stage - 1
19443,2025-10-08T22:19:23.555771,0.008,905.0,539.5,1.6591897261671955,True,False,True,False,2,2,0,7,8,5,527,573,"[false, false, false]",180,2,0,Starfield Stage - 1
19451,2025-10-08T22:19:23.563941,0.008,907.5,537.0,1.6651278781783956,True,False,True,False,2,2,0,7,8,5,527,573,"[false, false, false]",180,2,0,Starfield Stage - 1
19460,2025-10-08T22:19:23.572391,0.009,910.0,534.5,1.670981975491774,True,False,True,False,2,2,0,7,8,5,527,573,"[false, false, false]",180,2,0,Starfield Stage - 1
19468,2025-10-08T22:19:23.581213,0.009,912.5,532.0,1.6767533974212812,True,False,True,False,2,2,0,7,8,5,527,573,"[false, false, false]",180,2,0,Starfield Stage - 1
19477,2025-10-08T22:19:23.590227,0.009,915.0,529.5,1.682443506632813,True,False,True,False,3,2,0,7,8,5,527,573,"[true, false, false]",180,2,0,Starfield Stage - 1
19485,2025-10-08T22:19:23.598105,0.008,917.5,527.0,1.6880536487323339,True,False,True,False,3,2,0,7,8,5,527,573,"[true, false, false]",180,2,0,Starfield Stage - 1
19495,2025-10-08T22:19:23.608052,0.009,920.0,524.5,1.693585151909597,True,False,True,False,3,2,0,7,8,4,527,573,"[true, false, false]",180,2,0,Starfield Stage - 1
19504,2025-10-08T22:19:23.617000,0.009,922.5,522.0,1.6990393266337778,True,False,True,False,3,2,0,7,8,4,527,573,"[true, false, false]",180,2,0,Starfield Stage - 1
19513,2025-10-08T22:19:23.626056,0.01,925.0,519.5,1.7044174653975124,True,False,True,False,3,2,0,7,8,4,527,573,"[true, false, false]",180,2,0,Starfield Stage - 1
19522,2025-10-08T22:19:23.635196,0.009,927.5,517.0,1.7097208425060066,True,False,True,False,3,2,0,7,8,4,527,573,"[true, false, false]",180,2,0,Starfield Stage - 1
19531,2025-10-08T22:19:23.644020,0.009,930.0,514.5,1.7149507139080509,True,False,True,False,3,2,0,7,8,4,527,573,"[true, false, false]",180,2,0,Starfield Stage - 1
19541,2025-10-08T22:19:23.653557,0.009,932.5,512.0,1.720108317065939,True,False,True,False,3,2,0,7,8,4,527,573,"[true, false, false]",180,2,0,Starfield Stage - 1
19589,2025-10-08T22:19:23.702270,0.009,935.0,509.5,1.725194870861451,True,False,True,False,2,2,0,7,8,4,527,573,"[false, false, false]",200,2,0,Starfield Stage - 1
19594,2025-10-08T22:19:23.706737,0.044,937.5,507.0,1.7302115755352132,True,False,True,False,0,0,0,0,0,0,527,573,"[false, false, false]",200,2,1,Starfield Stage - 2
19602,2025-10-08T22:19:23.714998,0.009,940.0,504.5,1.7351596126568931,True,False,True,False,0,0,0,0,0,0,527,573,"[false, false, false]",200,2,1,Starfield Stage - 2
19612,2025-10-08T22:19:23.724971,0.01,942.5,502.0,1.7400401451238399,True,False,True,False,0,0,0,0,0,0,527,573,"[false, false, false]",200,2,1,Starfield Stage - 2
19621,2025-10-08T22:19:23.733887,0.008,945.0,499.5,1.744854317185908,True,False,True,False,0,0,0,0,0,0,527,573,"[false, false, false]",200,2,1,Starfield Stage - 2
19630,2025-10-08T22:19:23.742283,0.009,947.5,497.0,1.7496032544943392,True,False,True,False,0,0,0,0,0,0,527,573,"[false, false, false]",200,2,1,Starfield Stage - 2
19638,2025-10-08T22:19:23.750846,0.008,950.0,494.5,1.754288064172702,True,False,True,False,0,0,0,0,0,0,527,573,"[false, false, false]",200,2,1,Starfield Stage - 2
19646,2025-10-08T22:19:23.759200,0.009,952.5,492.0,1.7589098349080143,True,False,True,False,0,0,0,0,0,0,527,573,"[false, false, false]",200,2,1,Starfield Stage - 2
19655,2025-10-08T22:19:23.768225,0.009,955.0,489.5,1.7634696370602754,True,False,True,False,1,0,0,0,0,0,527,573,"[true, false, false]",200,2,1,Starfield Stage - 2
19665,2025-10-08T22:19:23.777525,0.009,957.5,487.0,1.7679685227887645,True,False,True,False,0,0,0,0,0,0,527,573,"[true, false, false]",200,2,1,Starfield Stage - 2
19674,2025-10-08T22:19:23.786300,0.009,960.0,484.5,1.7724075261935446,True,False,True,False,0,0,0,0,0,0,527,573,"[true, false, false]",200,2,1,Starfield Stage - 2
19682,2025-10-08T22:19:23.794949,0.008,962.5,482.0,1.776787663470728,True,False,True,False,0,0,0,0,0,0,527,573,"[true, false, false]",200,2,1,Starfield Stage - 2
19690,2025-10-08T22:19:23.802879,0.009,965.0,479.5,1.7811099330801445,True,False,True,False,0,0,0,0,0,0,527,573,"[true, false, false]",200,2,1,Starfield Stage - 2
19698,2025-10-08T22:19:23.811125,0.008,967.5,477.0,1.7853753159241417,True,False,True,False,0,0,0,0,0,0,527,573,"[true, false, false]",200,2,1,Starfield Stage - 2
19707,2025-10-08T22:19:23.819821,0.008,970.0,474.5,1.7895847755363385,True,False,True,False,0,0,0,0,0,0,527,573,"[true, false, false]",200,2,1,Starfield Stage - 2
19716,2025-10-08T22:19:23.828598,0.009,970.0,472.0,1.794955788038151,False,False,True,False,0,0,0,0,0,0,527,573,"[true, false, false]",200,2,1,Starfield Stage - 2
19724,2025-10-08T22:19:23.836945,0.009,970.0,469.5,1.8003136787376581,False,False,True,False,0,0,0,0,0,0,527,573,"[false, false, false]",200,2,1,Starfield Stage - 2
19733,2025-10-08T22:19:23.845438,0.008,970.0,467.0,1.80617016255765,False,False,True,False,0,0,0,0,0,0,528,573,"[false, false, false]",200,2,1,Starfield Stage - 2
19741,2025-10-08T22:19:23.853531,0.008,970.0,464.5,1.8120366895789601,False,False,True,False,0,0,0,0,0,0,529,573,"[false, false, false]",200,2,1,Starfield Stage - 2
19749,2025-10-08T22:19:23.861880,0.009,967.5,462.0,1.8246696340548532,False,True,True,False,0,0,0,0,0,0,532,575,"[false, false, false]",200,2,1,Starfield Stage - 2
19757,2025-10-08T22:19:23.870222,0.008,965.0,459.5,1.8387280502875467,False,True,True,False,0,0,0,0,0,0,537,577,"[false, false, false]",200,2,1,Starfield Stage - 2
19766,2025-10-08T22:19:23.878479,0.008,962.5,457.0,1.8566537068030267,False,True,True,False,0,0,0,0,0,0,544,580,"[false, false, false]",200,2,1,Starfield Stage - 2
19774,2025-10-08T22:19:23.887244,0.009,960.0,454.5,1.876616402339045,False,True,True,False,0,0,0,0,0,0,553,583,"[false, false, false]",200,2,1,Starfield Stage - 2
19784,2025-10-08T22:19:23.896478,0.009,957.5,452.0,1.9095345791686635,False,True,True,False,0,0,0,0,0,0,580,585,"[false, false, false]",200,2,1,Starfield Stage - 2
19792,2025-10-08T22:19:23.904949,0.009,955.0,449.5,1.9378757764699321,False,True,True,False,0,0,0,0,0,0,600,586,"[false, false, false]",200,2,1,Starfield Stage - 2
19801,2025-10-08T22:19:23.913881,0.009,952.5,447.0,1.9710866362617991,False,True,True,False,0,0,0,0,0,0,624,586,"[false, false, false]",200,2,1,Starfield Stage - 2
19810,2025-10-08T22:19:23.923223,0.009,950.0,444.5,2.007146963433626,False,True,True,False,0,0,0,0,0,0,653,583,"[false, false, false]",200,2,1,Starfield Stage - 2
19819,2025-10-08T22:19:23.931840,0.009,947.5,442.0,2.0442623513987344,False,True,True,False,0,0,0,0,0,0,684,577,"[false, false, false]",200,2,1,Starfield Stage - 2
19828,2025-10-08T22:19:23.940780,0.009,945.0,439.5,2.091132916669502,False,True,True,False,0,0,0,0,0,0,719,569,"[false, false, false]",200,2,1,Starfield Stage - 2
19837,2025-10-08T22:19:23.949469,0.008,942.5,437.0,2.1476400630939283,False,True,True,False,0,0,0,0,0,0,755,559,"[false, false, false]",200,2,1,Starfield Stage - 2
19845,2025-10-08T22:19:23.957939,0.009,940.0,434.5,2.2175111363617432,False,True,True,False,0,0,0,0,0,0,791,547,"[false, false, false]",200,2,1,Starfield Stage - 2
19855,2025-10-08T22:19:23.967439,0.009,937.5,432.0,2.32074834993363,False,True,True,False,0,0,0,0,0,0,828,534,"[false, false, false]",200,2,1,Starfield Stage - 2
19862,2025-10-08T22:19:23.975189,0.008,935.0,432.0,2.677945044588987,False,True,False,False,0,0,0,0,0,0,899,504,"[false, false, false]",200,2,1,Starfield Stage - 2
19871,2025-10-08T22:19:23.983423,0.008,932.5,432.0,3.1157363482305334,False,True,False,False,0,0,0,0,0,0,931,490,"[false, false, false]",200,2,1,Starfield Stage - 2
19879,2025-10-08T22:19:23.991989,0.009,930.0,432.0,-2.5127963671743605,False,True,False,False,0,0,0,0,0,0,962,476,"[false, false, false]",200,2,1,Starfield Stage - 2
19889,2025-10-08T22:19:24.001428,0.009,927.5,432.0,-2.044312036519242,False,True,False,False,0,0,0,0,0,0,988,463,"[false, false, false]",200,2,1,Starfield Stage - 2
19897,2025-10-08T22:19:24.009813,0.008,925.0,432.0,-1.750649826587375,False,True,False,False,0,0,0,0,0,0,1013,448,"[false, false, false]",200,2,1,Starfield Stage - 2
19905,2025-10-08T22:19:24.017721,0.008,922.5,432.0,-1.5796849815842295,False,True,False,False,0,0,0,0,0,0,1035,433,"[false, false, false]",200,2,1,Starfield Stage - 2
19913,2025-10-08T22:19:24.026137,0.009,920.0,432.0,-1.4876550949064553,False,True,False,False,0,0,0,0,0,0,1052,421,"[false, false, false]",200,2,1,Starfield Stage - 2
19922,2025-10-08T22:19:24.035174,0.008,917.5,432.0,-1.4426882222637913,False,True,False,False,0,0,0,0,0,0,1065,413,"[false, false, false]",200,2,1,Starfield Stage - 2
19930,2025-10-08T22:19:24.042936,0.008,915.0,432.0,-1.4262420596670673,False,True,False,False,1,0,0,0,0,0,1073,409,"[true, false, false]",200,2,1,Starfield Stage - 2
19939,2025-10-08T22:19:24.051317,0.009,912.5,432.0,-1.419974732256543,False,True,False,False,0,0,0,0,0,0,1077,407,"[true, false, false]",200,2,1,Starfield Stage - 2
19947,2025-10-08T22:19:24.059632,0.008,910.0,432.0,-1.4239324256172319,False,True,False,False,0,0,0,0,0,0,1079,407,"[true, false, false]",200,2,1,Starfield Stage - 2
19955,2025-10-08T22:19:24.067984,0.009,907.5,432.0,-1.4260433028035382,False,True,False,False,0,0,0,0,0,0,1079,407,"[true, false, false]",200,2,1,Starfield Stage - 2
19963,2025-10-08T22:19:24.076063,0.008,905.0,432.0,-1.4280947671350148,False,True,False,False,0,0,0,0,0,0,1079,407,"[true, false, false]",200,2,1,Starfield Stage - 2
19972,2025-10-08T22:19:24.084782,0.008,902.5,432.0,-1.4300892755956878,False,True,False,False,0,0,0,0,0,0,1079,407,"[true, false, false]",200,2,1,Starfield Stage - 2
19980,2025-10-08T22:19:24.093262,0.009,900.0,432.0,-1.4320291524242676,False,True,False,False,0,0,0,0,0,0,1079,407,"[true, false, false]",200,2,1,Starfield Stage - 2
19990,2025-10-08T22:19:24.102803,0.009,897.5,432.0,-1.4339165979006525,False,True,False,False,0,0,0,0,0,0,1079,407,"[true, false, false]",200,2,1,Starfield Stage - 2
19998,2025-10-08T22:19:24.111231,0.009,895.0,432.0,-1.4357536964482824,False,True,False,False,0,0,0,0,0,0,1079,407,"[true, false, false]",200,2,1,Starfield Stage - 2
20007,2025-10-08T22:19:24.119727,0.008,892.5,432.0,-1.4375424241132824,False,True,False,False,0,0,0,0,0,0,1079,407,"[false, false, false]",200,2,1,Starfield Stage - 2
20015,2025-10-08T22:19:24.127834,0.009,890.0,432.0,-1.4392846554752379,False,True,False,False,0,0,0,0,0,0,1079,407,"[false, false, false]",200,2,1,Starfield Stage - 2
20024,2025-10-08T22:19:24.137216,0.009,887.5,432.0,-1.4409821700390462,False,True,False,False,0,0,0,0,0,0,1079,407,"[false, false, false]",200,2,1,Starfield Stage - 2
20033,2025-10-08T22:19:24.145562,0.008,885.0,432.0,-1.4426366581524586,False,True,False,False,0,0,0,0,0,0,1079,407,"[false, false, false]",200,2,1,Starfield Stage - 2
20041,2025-10-08T22:19:24.153474,0.008,882.5,432.0,-1.4442497264896257,False,True,False,False,0,0,0,0,0,0,1079,407,"[false, false, false]",200,2,1,Starfield Stage - 2
20050,2025-10-08T22:19:24.162609,0.009,880.0,432.0,-1.4458229031371177,False,True,False,False,0,0,0,0,0,0,1079,407,"[false, false, false]",200,2,1,Starfield Stage - 2
20057,2025-10-08T22:19:24.170066,0.008,877.5,432.0,-1.4473576423154462,False,True,False,False,0,0,0,0,0,0,1079,407,"[false, false, false]",200,2,1,Starfield Stage - 2
20066,2025-10-08T22:19:24.178708,0.008,875.0,432.0,-1.4488553287660337,False,True,False,False,0,0,0,0,0,0,1079,407,"[false, false, false]",200,2,1,Starfield Stage - 2
20075,2025-10-08T22:19:24.187665,0.009,872.5,432.0,-1.4503172818308223,False,True,False,False,0,0,0,0,0,0,1079,407,"[false, false, false]",200,2,1,Starfield Stage - 2
20083,2025-10-08T22:19:24.196057,0.009,870.0,432.0,-1.4517447592492123,False,True,False,False,0,0,0,0,0,0,1079,407,"[false, false, false]",200,2,1,Starfield Stage - 2
20092,2025-10-08T22:19:24.205227,0.009,867.5,432.0,-1.4520262242106494,False,True,False,False,0,0,0,0,0,0,1077,407,"[false, false, false]",200,2,1,Starfield Stage - 2
20102,2025-10-08T22:19:24.214854,0.01,865.0,432.0,-1.4517447592492123,False,True,False,False,0,0,0,0,0,0,1074,407,"[false, false, false]",200,2,1,Starfield Stage - 2
20111,2025-10-08T22:19:24.223742,0.008,862.5,432.0,-1.445547411151322,False,True,False,False,0,0,0,0,0,0,1069,406,"[false, false, false]",200,2,1,Starfield Stage - 2
20119,2025-10-08T22:19:24.232242,0.009,860.0,432.0,-1.4458468019971376,False,True,False,False,0,0,0,0,0,0,1067,406,"[false, false, false]",200,2,1,Starfield Stage - 2
20128,2025-10-08T22:19:24.240787,0.008,857.5,432.0,-1.4414028449500471,False,True,False,False,0,0,0,0,0,0,1065,405,"[false, false, false]",200,2,1,Starfield Stage - 2
20136,2025-10-08T22:19:24.249005,0.009,855.0,432.0,-1.4357018883455415,False,True,False,False,0,0,0,0,0,0,1061,404,"[false, false, false]",200,2,1,Starfield Stage - 2
20145,2025-10-08T22:19:24.257574,0.008,852.5,432.0,-1.4306028480554849,False,True,False,False,0,0,0,0,0,0,1058,403,"[false, false, false]",200,2,1,Starfield Stage - 2
20154,2025-10-08T22:19:24.266803,0.009,850.0,432.0,-1.4240750504843367,False,True,False,False,0,0,0,0,0,0,1053,402,"[false, false, false]",200,2,1,Starfield Stage - 2
20162,2025-10-08T22:19:24.274791,0.009,847.5,432.0,-1.4173975138107182,False,True,False,False,0,0,0,0,0,0,1048,401,"[false, false, false]",200,2,1,Starfield Stage - 2
20173,2025-10-08T22:19:24.285356,0.01,845.0,432.0,-1.4064626451248452,False,True,False,False,0,0,0,0,0,0,1044,399,"[false, false, false]",200,2,1,Starfield Stage - 2
20182,2025-10-08T22:19:24.294910,0.01,842.5,432.0,-1.3927531893604705,False,True,False,False,0,0,0,0,0,0,1037,397,"[false, false, false]",200,2,1,Starfield Stage - 2
20191,2025-10-08T22:19:24.304042,0.009,840.0,432.0,-1.347553370509825,False,True,False,False,0,0,0,0,0,0,1025,390,"[false, false, false]",200,2,1,Starfield Stage - 2
20200,2025-10-08T22:19:24.312672,0.008,837.5,432.0,-1.3199276794245665,False,True,False,False,0,0,0,0,0,0,1017,386,"[false, false, false]",200,2,1,Starfield Stage - 2
20207,2025-10-08T22:19:24.320070,0.008,835.0,432.0,-1.2909792182716535,False,True,False,False,0,0,0,0,0,0,1009,382,"[false, false, false]",200,2,1,Starfield Stage - 2
20216,2025-10-08T22:19:24.329118,0.009,832.5,432.0,-1.2626195993166236,False,True,False,False,0,0,0,0,0,0,999,379,"[false, false, false]",200,2,1,Starfield Stage - 2
20225,2025-10-08T22:19:24.338101,0.009,830.0,432.0,-1.2301800863765837,False,True,False,False,0,0,0,0,0,0,988,376,"[false, false, false]",200,2,1,Starfield Stage - 2
20234,2025-10-08T22:19:24.346716,0.008,827.5,432.0,-1.1926141755961261,False,True,False,False,0,0,0,0,0,0,976,373,"[false, false, false]",200,2,1,Starfield Stage - 2
20242,2025-10-08T22:19:24.354919,0.008,825.0,432.0,-1.1452534319412115,False,True,False,False,0,0,0,0,0,0,964,369,"[false, false, false]",200,2,1,Starfield Stage - 2
20251,2025-10-08T22:19:24.363460,0.009,822.5,432.0,-1.0995731051428952,False,True,False,False,0,0,0,0,0,0,954,365,"[false, false, false]",200,2,1,Starfield Stage - 2
20259,2025-10-08T22:19:24.371660,0.008,820.0,432.0,-1.0387198987331967,False,True,False,False,0,0,0,0,0,0,944,359,"[false, false, false]",200,2,1,Starfield Stage - 2
20267,2025-10-08T22:19:24.379775,0.008,817.5,432.0,-0.9867658969935311,False,True,False,False,0,0,0,0,0,0,934,355,"[false, false, false]",200,2,1,Starfield Stage - 2
20276,2025-10-08T22:19:24.388512,0.009,815.0,432.0,-0.9345414679815094,False,True,False,False,0,0,0,0,0,0,926,350,"[false, false, false]",200,2,1,Starfield Stage - 2
20284,2025-10-08T22:19:24.396874,0.009,812.5,432.0,-0.8832280998099957,False,True,False,False,0,0,0,0,0,0,916,347,"[false, false, false]",200,2,1,Starfield Stage - 2
20293,2025-10-08T22:19:24.406194,0.009,810.0,432.0,-0.8340084876793339,False,True,False,False,0,0,0,0,0,0,907,344,"[false, false, false]",200,2,1,Starfield Stage - 2
20302,2025-10-08T22:19:24.414819,0.008,807.5,432.0,-0.7990959367703141,False,True,False,False,0,0,0,0,0,0,900,342,"[false, false, false]",200,2,1,Starfield Stage - 2
20310,2025-10-08T22:19:24.422862,0.009,805.0,432.0,-0.7351611385381074,False,True,False,False,0,0,0,0,0,0,890,338,"[false, false, false]",200,2,1,Starfield Stage - 2
20318,2025-10-08T22:19:24.431169,0.008,802.5,432.0,-0.7269689246021853,False,True,False,False,0,0,0,0,0,0,887,337,"[false, false, false]",200,2,1,Starfield Stage - 2
20327,2025-10-08T22:19:24.439833,0.008,800.0,432.0,-0.7305083008032945,False,True,False,False,0,0,0,0,0,0,886,336,"[false, false, false]",200,2,1,Starfield Stage - 2
20335,2025-10-08T22:19:24.447879,0.009,797.5,432.0,-0.739109725373288,False,True,False,False,0,0,0,0,0,0,885,336,"[false, false, false]",200,2,1,Starfield Stage - 2
20344,2025-10-08T22:19:24.457051,0.009,795.0,432.0,-0.7475783675660315,False,True,False,False,0,0,0,0,0,0,884,336,"[false, false, false]",200,2,1,Starfield Stage - 2
20354,2025-10-08T22:19:24.466338,0.009,792.5,432.0,-0.7614027698055784,False,True,False,False,0,0,0,0,0,0,884,336,"[false, false, false]",200,2,1,Starfield Stage - 2
20362,2025-10-08T22:19:24.474735,0.008,790.0,432.0,-0.7748722363657229,False,True,False,False,0,0,0,0,0,0,884,336,"[false, false, false]",200,2,1,Starfield Stage - 2
20370,2025-10-08T22:19:24.482419,0.008,787.5,432.0,-0.7879955601537488,False,True,False,False,0,0,0,0,0,0,884,336,"[false, false, false]",200,2,1,Starfield Stage - 2
20379,2025-10-08T22:19:24.491460,0.009,785.0,432.0,-0.8007815651780434,False,True,False,False,0,0,0,0,0,0,884,336,"[false, false, false]",200,2,1,Starfield Stage - 2
20387,2025-10-08T22:19:24.500003,0.009,782.5,432.0,-0.8132390691215245,False,True,False,False,0,0,0,0,0,0,884,336,"[false, false, false]",200,2,1,Starfield Stage - 2
20396,2025-10-08T22:19:24.508939,0.009,780.0,432.0,-0.8253768505207384,False,True,False,False,0,0,0,0,0,0,884,336,"[false, false, false]",200,2,1,Starfield Stage - 2
20405,2025-10-08T22:19:24.518238,0.009,777.5,432.0,-0.8372036201884494,False,True,False,False,0,0,0,0,0,0,884,336,"[false, false, false]",200,2,1,Starfield Stage - 2
20414,2025-10-08T22:19:24.527057,0.009,775.0,432.0,-0.8487279965243005,False,True,False,False,0,0,0,0,0,0,884,336,"[false, false, false]",200,2,1,Starfield Stage - 2
20423,2025-10-08T22:19:24.536162,0.009,772.5,432.0,-0.8599584843694341,False,True,False,False,0,0,0,0,0,0,884,336,"[false, false, false]",200,2,1,Starfield Stage - 2
20432,2025-10-08T22:19:24.544915,0.009,770.0,429.5,-0.8838737837655394,False,True,True,False,0,0,0,0,0,0,884,336,"[false, false, false]",200,2,1,Starfield Stage - 2
20442,2025-10-08T22:19:24.555014,0.01,767.5,427.0,-0.9076766257761003,False,True,True,False,0,0,0,0,0,0,884,336,"[false, false, false]",200,2,1,Starfield Stage - 2
20451,2025-10-08T22:19:24.563847,0.009,765.0,424.5,-0.9313410489270799,False,True,True,False,0,0,0,0,0,0,884,336,"[false, false, false]",200,2,1,Starfield Stage - 2
20460,2025-10-08T22:19:24.572385,0.008,762.5,422.0,-0.9548420115873372,False,True,True,False,0,0,0,0,0,0,884,336,"[false, false, false]",200,2,1,Starfield Stage - 2
20468,2025-10-08T22:19:24.580917,0.009,760.0,419.5,-0.9781555375837501,False,True,True,False,0,0,0,0,0,0,884,336,"[false, false, false]",200,2,1,Starfield Stage - 2
20477,2025-10-08T22:19:24.589521,0.008,757.5,417.0,-1.0012588450172737,False,True,True,False,0,0,0,0,0,0,884,336,"[false, false, false]",200,2,1,Starfield Stage - 2
20485,2025-10-08T22:19:24.597900,0.009,755.0,414.5,-1.0241304568838785,False,True,True,False,0,0,0,0,0,0,884,336,"[false, false, false]",200,2,1,Starfield Stage - 2
20493,2025-10-08T22:19:24.606264,0.008,752.5,412.0,-1.0467502925961547,False,True,True,False,0,0,0,0,0,0,884,336,"[false, false, false]",200,2,1,Starfield Stage - 2
20503,2025-10-08T22:19:24.615643,0.009,750.0,412.0,-1.0548708133296119,False,True,False,False,0,0,0,0,0,0,884,336,"[false, false, false]",200,2,1,Starfield Stage - 2
20511,2025-10-08T22:19:24.623959,0.008,747.5,412.0,-1.0627652768227156,False,True,False,False,0,0,0,0,0,0,884,336,"[false, false, false]",200,2,1,Starfield Stage - 2
20519,2025-10-08T22:19:24.631820,0.009,745.0,412.0,-1.0704420487806505,False,True,False,False,0,0,0,0,0,0,884,336,"[false, false, false]",200,2,1,Starfield Stage - 2
20529,2025-10-08T22:19:24.641583,0.009,742.5,412.0,-1.0779091425997143,False,True,False,False,0,0,0,0,0,0,884,336,"[false, false, false]",200,2,1,Starfield Stage - 2
20536,2025-10-08T22:19:24.649215,0.008,740.0,412.0,-1.085174233497428,False,True,False,False,0,0,0,0,0,0,884,336,"[false, false, false]",200,2,1,Starfield Stage - 2
20546,2025-10-08T22:19:24.658673,0.009,737.5,412.0,-1.0922446723886925,False,True,False,False,0,0,0,0,0,0,884,336,"[false, false, false]",200,2,1,Starfield Stage - 2
20554,2025-10-08T22:19:24.667054,0.009,735.0,412.0,-1.0991274994524318,False,True,False,False,0,0,0,0,0,0,884,336,"[false, false, false]",200,2,1,Starfield Stage - 2
20563,2025-10-08T22:19:24.675801,0.009,732.5,412.0,-1.1058294573457388,False,True,False,False,0,0,0,0,0,0,884,336,"[false, false, false]",200,2,1,Starfield Stage - 2
20572,2025-10-08T22:19:24.684713,0.008,730.0,412.0,-1.1123570040331623,False,True,False,False,0,0,0,0,0,0,884,336,"[false, false, false]",200,2,1,Starfield Stage - 2
20580,2025-10-08T22:19:24.692647,0.008,727.5,412.0,-1.118716325207709,False,True,False,False,0,0,0,0,0,0,884,336,"[false, false, false]",200,2,1,Starfield Stage - 2
20588,2025-10-08T22:19:24.701118,0.009,725.0,412.0,-1.124913346287613,False,True,False,False,0,0,0,0,0,0,884,336,"[false, false, false]",200,2,1,Starfield Stage - 2
20597,2025-10-08T22:19:24.710160,0.009,722.5,412.0,-1.1380031205246166,False,True,False,False,0,0,0,0,0,0,887,336,"[false, false, false]",200,2,1,Starfield Stage - 2
20607,2025-10-08T22:19:24.719904,0.009,720.0,412.0,-1.1666023771027474,False,True,False,False,0,0,0,0,0,0,893,338,"[false, false, false]",200,2,1,Starfield Stage - 2
20616,2025-10-08T22:19:24.728281,0.009,717.5,412.0,-1.2634714990535172,False,True,False,False,0,0,0,0,0,0,916,349,"[false, false, false]",200,2,1,Starfield Stage - 2
20624,2025-10-08T22:19:24.737189,0.009,715.0,412.0,-1.334551066076459,False,True,False,False,0,0,0,0,0,0,931,360,"[false, false, false]",200,2,1,Starfield Stage - 2
20633,2025-10-08T22:19:24.746077,0.009,712.5,412.0,-1.405993430832602,False,True,False,False,0,0,0,0,0,0,947,373,"[false, false, false]",200,2,1,Starfield Stage - 2
20642,2025-10-08T22:19:24.755122,0.008,710.0,414.5,-1.474259392387989,False,True,False,True,0,0,0,0,0,0,963,390,"[false, false, false]",200,2,1,Starfield Stage - 2
20650,2025-10-08T22:19:24.763224,0.009,707.5,417.0,-1.5411204401896184,False,True,False,True,0,0,0,0,0,0,977,409,"[false, false, false]",200,2,1,Starfield Stage - 2
20659,2025-10-08T22:19:24.771662,0.008,705.0,419.5,-1.6007169722914572,False,True,False,True,0,0,0,0,0,0,989,428,"[false, false, false]",200,2,1,Starfield Stage - 2
20668,2025-10-08T22:19:24.780966,0.008,702.5,422.0,-1.6619138798675779,False,True,False,True,0,0,0,0,0,0,998,449,"[false, false, false]",200,2,1,Starfield Stage - 2
20676,2025-10-08T22:19:24.789068,0.009,700.0,424.5,-1.7156757079551819,False,True,False,True,0,0,0,0,0,0,1005,469,"[false, false, false]",200,2,1,Starfield Stage - 2
20684,2025-10-08T22:19:24.797043,0.008,697.5,427.0,-1.7666529528027326,False,True,False,True,0,0,0,0,0,0,1010,489,"[false, false, false]",200,2,1,Starfield Stage - 2
20692,2025-10-08T22:19:24.804883,0.008,695.0,429.5,-1.81801462783443,False,True,False,True,0,0,0,0,0,0,1010,509,"[false, false, false]",200,2,1,Starfield Stage - 2
20701,2025-10-08T22:19:24.813530,0.009,692.5,432.0,-1.8652939459576257,False,True,False,True,0,0,0,0,0,0,1009,528,"[false, false, false]",200,2,1,Starfield Stage - 2
20709,2025-10-08T22:19:24.822123,0.009,690.0,434.5,-1.9204620131666699,False,True,False,True,0,0,0,0,0,0,1004,549,"[false, false, false]",200,2,1,Starfield Stage - 2
20719,2025-10-08T22:19:24.831430,0.009,687.5,437.0,-1.981402336599177,False,True,False,True,0,0,0,0,0,0,993,570,"[false, false, false]",200,2,1,Starfield Stage - 2
20728,2025-10-08T22:19:24.840430,0.009,685.0,439.5,-2.1251659618144876,False,True,False,True,0,0,0,0,0,0,962,611,"[false, false, false]",200,2,1,Starfield Stage - 2
20736,2025-10-08T22:19:24.849238,0.009,682.5,442.0,-2.1995926132103296,False,True,False,True,0,0,0,0,0,0,941,630,"[false, false, false]",200,2,1,Starfield Stage - 2
20745,2025-10-08T22:19:24.858095,0.009,680.0,444.5,-2.2823811701719268,False,True,False,True,0,0,0,0,0,0,916,648,"[false, false, false]",200,2,1,Starfield Stage - 2
20754,2025-10-08T22:19:24.866992,0.009,677.5,447.0,-2.3690894377903575,False,True,False,True,0,0,0,0,0,0,888,663,"[false, false, false]",200,2,1,Starfield Stage - 2
20764,2025-10-08T22:19:24.876319,0.009,675.0,449.5,-2.472235239437249,False,True,False,True,0,0,0,0,0,0,855,677,"[false, false, false]",200,2,1,Starfield Stage - 2
20772,2025-10-08T22:19:24.885188,0.009,672.5,452.0,-2.5879390844911367,False,True,False,True,0,0,0,0,0,0,819,689,"[false, false, false]",200,2,1,Starfield Stage - 2
20781,2025-10-08T22:19:24.893965,0.009,672.5,454.5,-2.7224161247173133,True,True,False,True,0,0,0,0,0,0,781,698,"[false, false, false]",200,2,1,Starfield Stage - 2
20790,2025-10-08T22:19:24.903161,0.009,672.5,457.0,-2.8710634705550593,True,True,False,True,0,0,0,0,0,0,741,704,"[false, false, false]",200,2,1,Starfield Stage - 2
20799,2025-10-08T22:19:24.911672,0.008,672.5,459.5,3.087752521616491,True,True,False,True,0,0,0,0,0,0,659,710,"[false, false, false]",200,2,1,Starfield Stage - 2
20807,2025-10-08T22:19:24.919951,0.008,672.5,462.0,2.9205672424975018,True,True,False,True,0,0,0,0,0,0,617,709,"[false, false, false]",200,2,1,Starfield Stage - 2
20815,2025-10-08T22:19:24.927750,0.008,672.5,464.5,2.757877731338144,True,True,False,True,0,0,0,0,0,0,575,706,"[false, false, false]",200,2,1,Starfield Stage - 2
20824,2025-10-08T22:19:24.937051,0.009,675.0,464.5,2.595882197400808,True,False,False,False,0,0,0,0,0,0,532,700,"[false, false, false]",200,2,1,Starfield Stage - 2
20832,2025-10-08T22:19:24.944682,0.008,677.5,464.5,2.455382489031505,True,False,False,False,0,0,0,0,0,0,492,691,"[false, false, false]",200,2,1,Starfield Stage - 2
20840,2025-10-08T22:19:24.952577,0.008,680.0,464.5,2.325557087675413,True,False,False,False,0,0,0,0,0,0,453,678,"[false, false, false]",200,2,1,Starfield Stage - 2
20849,2025-10-08T22:19:24.961502,0.009,682.5,464.5,2.2103687764410993,True,False,False,False,0,0,0,0,0,0,417,662,"[false, false, false]",200,2,1,Starfield Stage - 2
20856,2025-10-08T22:19:24.969106,0.008,685.0,464.5,2.108001993878295,True,False,False,False,0,0,0,0,0,0,387,642,"[false, false, false]",200,2,1,Starfield Stage - 2
20865,2025-10-08T22:19:24.977281,0.008,687.5,464.5,2.005421821225062,True,False,False,False,0,0,0,0,0,0,359,617,"[false, false, false]",200,2,1,Starfield Stage - 2
20873,2025-10-08T22:19:24.985855,0.009,690.0,464.5,1.9073449552554214,True,False,False,False,0,0,0,0,0,0,337,588,"[false, false, false]",200,2,1,Starfield Stage - 2
20882,2025-10-08T22:19:24.995000,0.009,692.5,464.5,1.8091316203999066,True,False,False,False,0,0,0,0,0,0,320,555,"[false, false, false]",200,2,1,Starfield Stage - 2
20892,2025-10-08T22:19:25.005039,0.01,695.0,464.5,1.71034723879887,True,False,False,False,0,0,0,0,0,0,307,519,"[false, false, false]",200,2,1,Starfield Stage - 2
20901,2025-10-08T22:19:25.013727,0.008,697.5,464.5,1.6098684871721525,True,False,False,False,0,0,0,0,0,0,301,480,"[false, false, false]",200,2,1,Starfield Stage - 2
20908,2025-10-08T22:19:25.021210,0.008,700.0,464.5,1.5125496319717606,True,False,False,False,0,0,0,0,0,0,297,441,"[false, false, false]",200,2,1,Starfield Stage - 2
20917,2025-10-08T22:19:25.030108,0.009,702.5,464.5,1.424748483161427,True,False,False,False,0,0,0,0,0,0,298,405,"[false, false, false]",200,2,1,Starfield Stage - 2
20926,2025-10-08T22:19:25.039006,0.008,705.0,464.5,1.3440885451281555,True,False,False,False,0,0,0,0,0,0,304,372,"[false, false, false]",200,2,1,Starfield Stage - 2
20934,2025-10-08T22:19:25.046859,0.009,707.5,464.5,1.1983081054527942,True,False,False,False,0,0,0,0,0,0,330,317,"[false, false, false]",200,2,1,Starfield Stage - 2
20944,2025-10-08T22:19:25.056297,0.009,710.0,464.5,1.1250338982733004,True,False,False,False,0,0,0,0,0,0,349,292,"[false, false, false]",200,2,1,Starfield Stage - 2
20952,2025-10-08T22:19:25.064684,0.008,712.5,464.5,1.047049261355538,True,False,False,False,0,0,0,0,0,0,374,269,"[false, false, false]",200,2,1,Starfield Stage - 2
20960,2025-10-08T22:19:25.072820,0.008,715.0,464.5,0.9656671180891645,True,False,False,False,0,0,0,0,0,0,402,248,"[false, false, false]",200,2,1,Starfield Stage - 2
20968,2025-10-08T22:19:25.081188,0.009,717.5,464.5,0.881440877580809,True,False,False,False,0,0,0,0,0,0,433,230,"[false, false, false]",200,2,1,Starfield Stage - 2
20977,2025-10-08T22:19:25.089965,0.009,720.0,464.5,0.7923632248947385,True,False,False,False,0,0,0,0,0,0,467,215,"[false, false, false]",200,2,1,Starfield Stage - 2
20986,2025-10-08T22:19:25.098997,0.009,722.5,464.5,0.700540194998097,True,False,False,False,0,0,0,0,0,0,502,203,"[false, false, false]",200,2,1,Starfield Stage - 2
20995,2025-10-08T22:19:25.108047,0.009,725.0,464.5,0.6006441551256168,True,False,False,False,0,0,0,0,0,0,539,193,"[false, false, false]",200,2,1,Starfield Stage - 2
21004,2025-10-08T22:19:25.117146,0.009,727.5,464.5,0.4982139342477352,True,False,False,False,0,0,0,0,0,0,576,186,"[false, false, false]",200,2,1,Starfield Stage - 2
21014,2025-10-08T22:19:25.126773,0.009,730.0,464.5,0.3926527581791768,True,False,False,False,0,0,0,0,0,0,613,182,"[false, false, false]",200,2,1,Starfield Stage - 2
21022,2025-10-08T22:19:25.134897,0.009,732.5,464.5,0.16885130931214498,True,False,False,False,0,0,0,0,0,0,684,180,"[false, false, false]",200,2,1,Starfield Stage - 2
21031,2025-10-08T22:19:25.144164,0.009,735.0,464.5,0.06691932845763153,True,False,False,False,0,0,0,0,0,0,716,181,"[false, false, false]",200,2,1,Starfield Stage - 2
21041,2025-10-08T22:19:25.153960,0.009,737.5,464.5,-0.034098089391500296,True,False,False,False,0,0,0,0,0,0,747,186,"[false, false, false]",200,2,1,Starfield Stage - 2
21049,2025-10-08T22:19:25.161718,0.008,740.0,462.0,-0.12891077168399143,True,False,True,False,0,0,0,0,0,0,775,192,"[false, false, false]",200,2,1,Starfield Stage - 2
21057,2025-10-08T22:19:25.169984,0.009,742.5,459.5,-0.21969669474127057,True,False,True,False,0,0,0,0,0,0,800,202,"[false, false, false]",200,2,1,Starfield Stage - 2
21067,2025-10-08T22:19:25.179615,0.009,745.0,457.0,-0.30686331684387136,True,False,True,False,0,0,0,0,0,0,822,214,"[false, false, false]",200,2,1,Starfield Stage - 2
21075,2025-10-08T22:19:25.188090,0.009,747.5,454.5,-0.3892680576646066,True,False,True,False,0,0,0,0,0,0,840,229,"[false, false, false]",200,2,1,Starfield Stage - 2
21084,2025-10-08T22:19:25.197049,0.009,750.0,452.0,-0.47523010260946236,True,False,True,False,0,0,0,0,0,0,856,246,"[false, false, false]",200,2,1,Starfield Stage - 2
21093,2025-10-08T22:19:25.206122,0.009,752.5,449.5,-0.5617770118097157,True,False,True,False,0,0,0,0,0,0,868,266,"[false, false, false]",200,2,1,Starfield Stage - 2
21102,2025-10-08T22:19:25.214730,0.008,755.0,447.0,-0.6544787117220681,True,False,True,False,0,0,0,0,0,0,877,288,"[false, false, false]",200,2,1,Starfield Stage - 2
21110,2025-10-08T22:19:25.222827,0.008,757.5,444.5,-0.884213209608526,True,False,True,False,0,0,0,0,0,0,885,340,"[false, false, false]",200,2,1,Starfield Stage - 2
21118,2025-10-08T22:19:25.230957,0.009,760.0,442.0,-1.0516502125483738,True,False,True,False,0,0,0,0,0,0,886,370,"[false, false, false]",200,2,1,Starfield Stage - 2
21127,2025-10-08T22:19:25.240172,0.009,762.5,439.5,-1.2540332622152188,True,False,True,False,0,0,0,0,0,0,883,400,"[false, false, false]",200,2,1,Starfield Stage - 2
21136,2025-10-08T22:19:25.249272,0.009,765.0,437.0,-1.5265773823992437,True,False,True,False,0,0,0,0,0,0,878,432,"[false, false, false]",200,2,1,Starfield Stage - 2
21145,2025-10-08T22:19:25.257987,0.008,767.5,434.5,-1.86001398484474,True,False,True,False,0,0,0,0,0,0,870,465,"[false, false, false]",200,2,1,Starfield Stage - 2
21153,2025-10-08T22:19:25.265847,0.008,767.5,432.0,-2.1833338834052,True,True,True,False,0,0,0,0,0,0,860,497,"[false, false, false]",200,2,1,Starfield Stage - 2
21161,2025-10-08T22:19:25.273694,0.008,767.5,429.5,-2.462533416185051,True,True,True,False,0,0,0,0,0,0,847,528,"[false, false, false]",200,2,1,Starfield Stage - 2
21170,2025-10-08T22:19:25.283000,0.009,767.5,427.0,-2.684070542247353,True,True,True,False,0,0,0,0,0,0,832,558,"[false, false, false]",200,2,1,Starfield Stage - 2
21179,2025-10-08T22:19:25.292092,0.009,765.0,424.5,-2.8543755171465195,False,True,True,False,0,0,0,0,0,0,813,587,"[false, false, false]",200,2,1,Starfield Stage - 2
21187,2025-10-08T22:19:25.299626,0.008,762.5,422.0,-3.0000583120636657,False,True,True,False,0,0,0,0,0,0,790,615,"[false, false, false]",200,2,1,Starfield Stage - 2
21195,2025-10-08T22:19:25.308076,0.009,760.0,422.0,-3.1142022451149307,False,True,False,False,0,0,0,0,0,0,766,641,"[false, false, false]",200,2,1,Starfield Stage - 2
21204,2025-10-08T22:19:25.316899,0.009,757.5,422.0,3.0615173293152553,False,True,False,False,0,0,0,0,0,0,738,665,"[false, false, false]",200,2,1,Starfield Stage - 2
21213,2025-10-08T22:19:25.326128,0.009,755.0,422.0,2.9733858817327072,False,True,False,False,0,0,0,0,0,0,710,687,"[false, false, false]",200,2,1,Starfield Stage - 2
21222,2025-10-08T22:19:25.335219,0.008,752.5,422.0,2.887489399240725,False,True,False,False,0,0,0,0,0,0,679,705,"[false, false, false]",200,2,1,Starfield Stage - 2
21231,2025-10-08T22:19:25.343729,0.009,750.0,422.0,2.7159346221078176,False,True,False,False,0,0,0,0,0,0,609,733,"[false, false, false]",200,2,1,Starfield Stage - 2
21239,2025-10-08T22:19:25.351739,0.008,747.5,422.0,2.6412642568323355,False,True,False,False,0,0,0,0,0,0,572,743,"[false, false, false]",200,2,1,Starfield Stage - 2
21247,2025-10-08T22:19:25.360081,0.009,745.0,422.0,2.5778190924841096,False,True,False,False,0,0,0,0,0,0,537,751,"[false, false, false]",200,2,1,Starfield Stage - 2
21256,2025-10-08T22:19:25.368980,0.009,742.5,422.0,2.517530165326362,False,True,False,False,0,0,0,0,0,0,502,756,"[false, false, false]",200,2,1,Starfield Stage - 2
21266,2025-10-08T22:19:25.378620,0.009,740.0,422.0,2.4614150124857637,False,True,False,False,0,0,0,0,0,0,469,757,"[false, false, false]",200,2,1,Starfield Stage - 2
21274,2025-10-08T22:19:25.387050,0.009,737.5,422.0,2.4057991540578,False,True,False,False,0,0,0,0,0,0,436,755,"[false, false, false]",200,2,1,Starfield Stage - 2
21283,2025-10-08T22:19:25.395820,0.008,735.0,422.0,2.343999972744093,False,True,False,False,0,0,0,0,0,0,403,746,"[false, false, false]",200,2,1,Starfield Stage - 2
21291,2025-10-08T22:19:25.404070,0.009,732.5,422.0,2.285364707022439,False,True,False,False,0,0,0,0,0,0,374,733,"[false, false, false]",200,2,1,Starfield Stage - 2
21300,2025-10-08T22:19:25.413178,0.009,730.0,422.0,2.2254817248158867,False,True,False,False,0,0,0,0,0,0,347,716,"[false, false, false]",200,2,1,Starfield Stage - 2
21309,2025-10-08T22:19:25.421979,0.009,727.5,422.0,2.165630591778859,False,True,False,False,0,0,0,0,0,0,324,695,"[false, false, false]",200,2,1,Starfield Stage - 2
21318,2025-10-08T22:19:25.431042,0.009,725.0,422.0,2.1052278746815674,False,True,False,False,0,0,0,0,0,0,306,670,"[false, false, false]",200,2,1,Starfield Stage - 2
21328,2025-10-08T22:19:25.440333,0.009,722.5,422.0,1.9769231886150103,False,True,False,False,0,0,0,0,0,0,283,611,"[false, false, false]",200,2,1,Starfield Stage - 2
21337,2025-10-08T22:19:25.449461,0.009,720.0,424.5,1.902400452863122,False,True,False,True,0,0,0,0,0,0,280,576,"[false, false, false]",200,2,1,Starfield Stage - 2
21346,2025-10-08T22:19:25.458377,0.008,717.5,427.0,1.827949713033175,False,True,False,True,0,0,0,0,0,0,284,541,"[false, false, false]",200,2,1,Starfield Stage - 2
21354,2025-10-08T22:19:25.466739,0.009,715.0,429.5,1.7513848117553217,False,True,False,True,0,0,0,0,0,0,296,506,"[false, false, false]",200,2,1,Starfield Stage - 2
21362,2025-10-08T22:19:25.474741,0.009,712.5,432.0,1.6713388866790675,False,True,False,True,0,0,0,0,0,0,316,472,"[false, false, false]",200,2,1,Starfield Stage - 2
21373,2025-10-08T22:19:25.485758,0.01,710.0,434.5,1.5857003722002947,False,True,False,True,0,0,0,0,0,0,341,440,"[false, false, false]",200,2,1,Starfield Stage - 2
21381,2025-10-08T22:19:25.493722,0.008,707.5,437.0,1.488022922256223,False,True,False,True,0,0,0,0,0,0,370,409,"[false, false, false]",200,2,1,Starfield Stage - 2
21388,2025-10-08T22:19:25.501103,0.008,705.0,439.5,1.383257363474231,False,True,False,True,0,0,0,0,0,0,402,382,"[false, false, false]",200,2,1,Starfield Stage - 2
21397,2025-10-08T22:19:25.509819,0.008,702.5,442.0,1.2654562968286884,False,True,False,True,0,0,0,0,0,0,436,358,"[false, false, false]",200,2,1,Starfield Stage - 2
21405,2025-10-08T22:19:25.518016,0.009,700.0,444.5,1.130421149227644,False,True,False,True,0,0,0,0,0,0,474,338,"[false, false, false]",200,2,1,Starfield Stage - 2
21415,2025-10-08T22:19:25.527414,0.009,697.5,447.0,0.9665349934421995,False,True,False,True,0,0,0,0,0,0,515,321,"[false, false, false]",200,2,1,Starfield Stage - 2
21423,2025-10-08T22:19:25.535871,0.008,695.0,449.5,0.5302993638489086,False,True,False,True,0,0,0,0,0,0,605,296,"[false, false, false]",200,2,1,Starfield Stage - 2
21432,2025-10-08T22:19:25.544717,0.009,692.5,452.0,0.25505751549659234,False,True,False,True,0,0,0,0,0,0,650,289,"[false, false, false]",200,2,1,Starfield Stage - 2
21441,2025-10-08T22:19:25.553436,0.009,690.0,454.5,-0.023594440760694415,False,True,False,True,0,0,0,0,0,0,694,285,"[false, false, false]",200,2,1,Starfield Stage - 2
21450,2025-10-08T22:19:25.562973,0.01,687.5,457.0,-0.2718358706998497,False,True,False,True,0,0,0,0,0,0,736,283,"[false, false, false]",200,2,1,Starfield Stage - 2
21459,2025-10-08T22:19:25.572164,0.009,687.5,459.5,-0.4625073586397917,True,True,False,True,0,0,0,0,0,0,775,284,"[false, false, false]",200,2,1,Starfield Stage - 2
21469,2025-10-08T22:19:25.581665,0.009,687.5,462.0,-0.6210644817273968,True,True,False,True,0,0,0,0,0,0,812,288,"[false, false, false]",200,2,1,Starfield Stage - 2
21477,2025-10-08T22:19:25.589902,0.008,687.5,464.5,-0.7457847508226271,True,True,False,True,0,0,0,0,0,0,845,294,"[false, false, false]",200,2,1,Starfield Stage - 2
21485,2025-10-08T22:19:25.597911,0.009,687.5,467.0,-0.8521551489232939,True,True,False,True,0,0,0,0,0,0,875,303,"[false, false, false]",200,2,1,Starfield Stage - 2
21494,2025-10-08T22:19:25.607213,0.009,687.5,469.5,-0.9337565495952171,True,True,False,True,0,0,0,0,0,0,899,313,"[false, false, false]",200,2,1,Starfield Stage - 2
21503,2025-10-08T22:19:25.616074,0.008,687.5,469.5,-1.0721751890826299,True,True,False,False,0,0,0,0,0,0,929,338,"[false, false, false]",200,2,1,Starfield Stage - 2
21512,2025-10-08T22:19:25.624991,0.009,687.5,469.5,-1.1357123756328504,True,True,False,False,0,0,0,0,0,0,936,354,"[false, false, false]",200,2,1,Starfield Stage - 2
21520,2025-10-08T22:19:25.632861,0.009,687.5,469.5,-1.2065683869722799,True,True,False,False,0,0,0,0,0,0,938,374,"[false, false, false]",200,2,1,Starfield Stage - 2
21529,2025-10-08T22:19:25.642160,0.009,687.5,469.5,-1.2880029100398567,True,True,False,False,0,0,0,0,0,0,937,397,"[false, false, false]",200,2,1,Starfield Stage - 2
21537,2025-10-08T22:19:25.649866,0.008,690.0,469.5,-1.3874617124455109,True,False,False,False,0,0,0,0,0,0,930,425,"[false, false, false]",200,2,1,Starfield Stage - 2
21546,2025-10-08T22:19:25.658841,0.009,692.5,469.5,-1.5062979412579962,True,False,False,False,0,0,0,0,0,0,917,455,"[false, false, false]",200,2,1,Starfield Stage - 2
21555,2025-10-08T22:19:25.667824,0.009,695.0,469.5,-1.6603618830689475,True,False,False,False,0,0,0,0,0,0,901,488,"[false, false, false]",200,2,1,Starfield Stage - 2
21564,2025-10-08T22:19:25.676991,0.009,697.5,469.5,-1.8444113353853246,True,False,False,False,0,0,0,0,0,0,881,521,"[false, false, false]",200,2,1,Starfield Stage - 2
21573,2025-10-08T22:19:25.686025,0.009,700.0,469.5,-2.0699170086958745,True,False,False,False,0,0,0,0,0,0,855,554,"[false, false, false]",200,2,1,Starfield Stage - 2
21582,2025-10-08T22:19:25.694963,0.009,702.5,469.5,-2.3315081481367455,True,False,False,False,0,0,0,0,0,0,827,588,"[false, false, false]",200,2,1,Starfield Stage - 2
21592,2025-10-08T22:19:25.704690,0.009,705.0,469.5,-2.8610992138261264,True,False,False,False,0,0,0,0,0,0,757,650,"[false, false, false]",200,2,1,Starfield Stage - 2
21600,2025-10-08T22:19:25.712782,0.008,707.5,469.5,-3.0862276062373186,True,False,False,False,0,0,0,0,0,0,719,677,"[false, false, false]",200,2,1,Starfield Stage - 2
21608,2025-10-08T22:19:25.721163,0.009,710.0,469.5,3.0036457455623777,True,False,False,False,0,0,0,0,0,0,678,700,"[false, false, false]",200,2,1,Starfield Stage - 2
21617,2025-10-08T22:19:25.729731,0.008,712.5,469.5,2.8477474748971523,True,False,False,False,0,0,0,0,0,0,637,719,"[false, false, false]",200,2,1,Starfield Stage - 2
21625,2025-10-08T22:19:25.738097,0.009,715.0,469.5,2.7125466134642604,True,False,False,False,0,0,0,0,0,0,594,734,"[false, false, false]",200,2,1,Starfield Stage - 2
21635,2025-10-08T22:19:25.747744,0.009,717.5,469.5,2.601709058948506,True,False,False,False,0,0,0,0,0,0,553,744,"[false, false, false]",200,2,1,Starfield Stage - 2
21642,2025-10-08T22:19:25.755264,0.008,720.0,469.5,2.5058366567061516,True,False,False,False,0,0,0,0,0,0,513,750,"[false, false, false]",200,2,1,Starfield Stage - 2
21652,2025-10-08T22:19:25.764699,0.009,722.5,469.5,2.4238875128863135,True,False,False,False,0,0,0,0,0,0,475,753,"[false, false, false]",200,2,1,Starfield Stage - 2
21660,2025-10-08T22:19:25.772675,0.008,725.0,469.5,2.351789232345534,True,False,False,False,0,0,0,0,0,0,440,752,"[false, false, false]",200,2,1,Starfield Stage - 2
21668,2025-10-08T22:19:25.780769,0.008,727.5,469.5,2.282625662920404,True,False,False,False,0,0,0,0,0,0,407,746,"[false, false, false]",200,2,1,Starfield Stage - 2
21676,2025-10-08T22:19:25.788971,0.009,730.0,469.5,2.2156558227988596,True,False,False,False,0,0,0,0,0,0,377,735,"[false, false, false]",200,2,1,Starfield Stage - 2
21685,2025-10-08T22:19:25.798144,0.009,730.0,469.5,2.153619208232234,True,True,False,False,0,0,0,0,0,0,350,720,"[false, false, false]",200,2,1,Starfield Stage - 2
21695,2025-10-08T22:19:25.807621,0.009,730.0,469.5,2.0900753844067625,True,True,False,False,0,0,0,0,0,0,325,701,"[false, false, false]",200,2,1,Starfield Stage - 2
21703,2025-10-08T22:19:25.815980,0.009,730.0,469.5,1.9622469673904925,True,True,False,False,0,0,0,0,0,0,283,654,"[false, false, false]",200,2,1,Starfield Stage - 2
21712,2025-10-08T22:19:25.825036,0.009,730.0,469.5,1.8928708202796571,True,True,False,False,0,0,0,0,0,0,267,624,"[false, false, false]",200,2,1,Starfield Stage - 2
21722,2025-10-08T22:19:25.834996,0.009,730.0,469.5,1.8256781076163013,True,True,False,False,0,0,0,0,0,0,256,593,"[false, false, false]",200,2,1,Starfield Stage - 2
21731,2025-10-08T22:19:25.843700,0.009,730.0,469.5,1.7547631489098983,True,True,False,False,0,0,0,0,0,0,249,559,"[false, false, false]",200,2,1,Starfield Stage - 2
21738,2025-10-08T22:19:25.850950,0.008,730.0,469.5,1.6829273027118148,True,True,False,False,0,0,0,0,0,0,246,524,"[false, false, false]",200,2,1,Starfield Stage - 2
21748,2025-10-08T22:19:25.860371,0.009,730.0,469.5,1.6091592387157791,True,True,False,False,0,0,0,0,0,0,248,488,"[false, false, false]",200,2,1,Starfield Stage - 2
21756,2025-10-08T22:19:25.868722,0.008,730.0,469.5,1.5381763227053729,True,True,False,False,0,0,0,0,0,0,255,454,"[false, false, false]",200,2,1,Starfield Stage - 2
21764,2025-10-08T22:19:25.877064,0.008,730.0,469.5,1.468342464580197,True,True,False,False,0,0,0,0,0,0,268,422,"[false, false, false]",200,2,1,Starfield Stage - 2
21773,2025-10-08T22:19:25.885703,0.009,730.0,469.5,1.402733798584938,True,True,False,False,0,0,0,0,0,0,285,394,"[false, false, false]",200,2,1,Starfield Stage - 2
21781,2025-10-08T22:19:25.893388,0.008,727.5,469.5,1.270432885249984,False,True,False,False,0,0,0,0,0,0,332,347,"[false, false, false]",200,2,1,Starfield Stage - 2
21789,2025-10-08T22:19:25.902205,0.009,725.0,469.5,1.2686360434681045,False,True,False,False,0,0,0,0,0,0,332,347,"[false, false, false]",200,2,1,Starfield Stage - 2
21798,2025-10-08T22:19:25.911093,0.009,722.5,469.5,1.123721785906708,False,True,False,False,0,0,0,0,0,0,394,312,"[false, false, false]",200,2,1,Starfield Stage - 2
21807,2025-10-08T22:19:25.919326,0.008,720.0,469.5,1.0418647051079908,False,True,False,False,0,0,0,0,0,0,430,300,"[false, false, false]",200,2,1,Starfield Stage - 2
21815,2025-10-08T22:19:25.927643,0.008,717.5,469.5,0.9445068991606019,False,True,False,False,0,0,0,0,0,0,468,289,"[false, false, false]",200,2,1,Starfield Stage - 2
21824,2025-10-08T22:19:25.936416,0.009,715.0,469.5,0.8345388978134685,False,True,False,False,0,0,0,0,0,0,507,281,"[false, false, false]",200,2,1,Starfield Stage - 2
21832,2025-10-08T22:19:25.944715,0.008,712.5,469.5,0.7071270228761704,False,True,False,False,0,0,0,0,0,0,548,277,"[false, false, false]",200,2,1,Starfield Stage - 2
21840,2025-10-08T22:19:25.952300,0.008,710.0,469.5,0.5542194447797483,False,True,False,False,0,0,0,0,0,0,589,274,"[false, false, false]",200,2,1,Starfield Stage - 2
21848,2025-10-08T22:19:25.960638,0.008,707.5,469.5,0.3774158792254308,False,True,False,False,0,0,0,0,0,0,630,274,"[false, false, false]",200,2,1,Starfield Stage - 2
21856,2025-10-08T22:19:25.968966,0.009,705.0,469.5,0.17219081452293902,False,True,False,False,0,0,0,0,0,0,671,274,"[false, false, false]",200,2,1,Starfield Stage - 2
21865,2025-10-08T22:19:25.978098,0.009,702.5,469.5,-0.04367401006877462,False,True,False,False,0,0,0,0,0,0,711,275,"[false, false, false]",200,2,1,Starfield Stage - 2
21875,2025-10-08T22:19:25.987543,0.009,700.0,469.5,-0.25539495305783383,False,True,False,False,0,0,0,0,0,0,750,278,"[false, false, false]",200,2,1,Starfield Stage - 2
21884,2025-10-08T22:19:25.996920,0.01,697.5,469.5,-0.44535040466557163,False,True,False,False,0,0,0,0,0,0,787,282,"[false, false, false]",200,2,1,Starfield Stage - 2
21893,2025-10-08T22:19:26.006002,0.009,695.0,469.5,-0.6142301920227506,False,True,False,False,0,0,0,0,0,0,823,288,"[false, false, false]",200,2,1,Starfield Stage - 2
21902,2025-10-08T22:19:26.014937,0.009,692.5,469.5,-0.8598459515202463,False,True,False,False,0,0,0,0,0,0,887,302,"[false, false, false]",200,2,1,Starfield Stage - 2
21911,2025-10-08T22:19:26.024172,0.009,690.0,469.5,-0.951177755554861,False,True,False,False,0,0,0,0,0,0,915,309,"[false, false, false]",200,2,1,Starfield Stage - 2
21921,2025-10-08T22:19:26.033461,0.009,687.5,469.5,-1.0245730611611243,False,True,False,False,0,0,0,0,0,0,940,316,"[false, false, false]",200,2,1,Starfield Stage - 2
21930,2025-10-08T22:19:26.042305,0.009,685.0,469.5,-1.0857996487307429,False,True,False,False,0,0,0,0,0,0,963,323,"[false, false, false]",200,2,1,Starfield Stage - 2
21938,2025-10-08T22:19:26.051247,0.009,682.5,469.5,-1.1321604041609523,False,True,False,False,0,0,0,0,0,0,982,329,"[false, false, false]",200,2,1,Starfield Stage - 2
21947,2025-10-08T22:19:26.059354,0.008,680.0,469.5,-1.171783479038043,False,True,False,False,0,0,0,0,0,0,999,335,"[false, false, false]",200,2,1,Starfield Stage - 2
21955,2025-10-08T22:19:26.067906,0.008,677.5,469.5,-1.2086104803402395,False,True,False,False,0,0,0,0,0,0,1014,342,"[false, false, false]",200,2,1,Starfield Stage - 2
21963,2025-10-08T22:19:26.076156,0.009,675.0,469.5,-1.2426492711516441,False,True,False,False,0,0,0,0,0,0,1026,350,"[false, false, false]",200,2,1,Starfield Stage - 2
21972,2025-10-08T22:19:26.084979,0.009,672.5,467.0,-1.281238745024671,False,True,True,False,0,0,0,0,0,0,1035,359,"[false, false, false]",200,2,1,Starfield Stage - 2
21982,2025-10-08T22:19:26.094957,0.01,670.0,464.5,-1.319502622893053,False,True,True,False,0,0,0,0,0,0,1042,369,"[false, false, false]",200,2,1,Starfield Stage - 2
21991,2025-10-08T22:19:26.103938,0.009,667.5,462.0,-1.3801794730562447,False,True,True,False,0,0,0,0,0,0,1051,388,"[false, false, false]",200,2,1,Starfield Stage - 2
22000,2025-10-08T22:19:26.112630,0.008,665.0,459.5,-1.4127978955568825,False,True,True,False,0,0,0,0,0,0,1051,398,"[false, false, false]",200,2,1,Starfield Stage - 2
22008,2025-10-08T22:19:26.121026,0.009,662.5,457.0,-1.4500955898938799,False,True,True,False,0,0,0,0,0,0,1050,410,"[false, false, false]",200,2,1,Starfield Stage - 2
22017,2025-10-08T22:19:26.130114,0.009,660.0,454.5,-1.4893705429932214,False,True,True,False,0,0,0,0,0,0,1046,423,"[false, false, false]",200,2,1,Starfield Stage - 2
22027,2025-10-08T22:19:26.139895,0.01,657.5,452.0,-1.531498089710529,False,True,True,False,0,0,0,0,0,0,1039,437,"[false, false, false]",200,2,1,Starfield Stage - 2
22036,2025-10-08T22:19:26.149189,0.009,655.0,449.5,-1.5774807192163869,False,True,True,False,0,0,0,0,0,0,1029,452,"[false, false, false]",200,2,1,Starfield Stage - 2
22045,2025-10-08T22:19:26.158069,0.009,652.5,447.0,-1.628345877478087,False,True,True,False,0,0,0,0,0,0,1017,468,"[false, false, false]",200,2,1,Starfield Stage - 2
22055,2025-10-08T22:19:26.167795,0.009,650.0,444.5,-1.7407817258638356,False,True,True,False,0,0,0,0,0,0,985,502,"[false, false, false]",200,2,1,Starfield Stage - 2
22063,2025-10-08T22:19:26.175791,0.009,647.5,442.0,-1.8013635708509474,False,True,True,False,0,0,0,0,0,0,967,517,"[false, false, false]",200,2,1,Starfield Stage - 2
22072,2025-10-08T22:19:26.184791,0.008,645.0,439.5,-1.8689450365882503,False,True,True,False,0,0,0,0,0,0,946,532,"[false, false, false]",200,2,1,Starfield Stage - 2
22081,2025-10-08T22:19:26.193345,0.009,642.5,437.0,-1.9395276051427577,False,True,True,False,0,0,0,0,0,0,922,545,"[false, false, false]",200,2,1,Starfield Stage - 2
22089,2025-10-08T22:19:26.202049,0.009,640.0,434.5,-2.013762716185802,False,True,True,False,0,0,0,0,0,0,894,555,"[false, false, false]",200,2,1,Starfield Stage - 2
22098,2025-10-08T22:19:26.210829,0.008,637.5,432.0,-2.0984589136300467,False,True,True,False,0,0,0,0,0,0,864,564,"[false, false, false]",200,2,1,Starfield Stage - 2
22106,2025-10-08T22:19:26.219264,0.009,635.0,429.5,-2.1869524092021115,False,True,True,False,0,0,0,0,0,0,832,569,"[false, false, false]",200,2,1,Starfield Stage - 2
22116,2025-10-08T22:19:26.228971,0.009,632.5,429.5,-2.275723478926884,False,True,False,False,0,0,0,0,0,0,800,572,"[false, false, false]",200,2,1,Starfield Stage - 2
22124,2025-10-08T22:19:26.237212,0.009,630.0,429.5,-2.3757301928641725,False,True,False,False,0,0,0,0,0,0,768,573,"[false, false, false]",200,2,1,Starfield Stage - 2
22134,2025-10-08T22:19:26.246473,0.009,627.5,429.5,-2.48103211018426,False,True,False,False,0,0,0,0,0,0,739,573,"[false, false, false]",200,2,1,Starfield Stage - 2
22142,2025-10-08T22:19:26.254709,0.008,625.0,429.5,-2.723368324010564,False,True,False,False,0,0,0,0,0,0,687,569,"[false, false, false]",200,2,1,Starfield Stage - 2
22150,2025-10-08T22:19:26.262292,0.008,622.5,429.5,-2.8309527530907586,False,True,False,False,0,0,0,0,0,0,666,565,"[false, false, false]",200,2,1,Starfield Stage - 2
22158,2025-10-08T22:19:26.270974,0.009,620.0,429.5,-2.9360430861712135,False,True,False,False,0,0,0,0,0,0,647,559,"[false, false, false]",200,2,1,Starfield Stage - 2
22167,2025-10-08T22:19:26.280018,0.009,617.5,429.5,-3.0237735136889627,False,True,False,False,0,0,0,0,0,0,632,552,"[false, false, false]",200,2,1,Starfield Stage - 2
22176,2025-10-08T22:19:26.288711,0.008,615.0,429.5,-3.106974454634032,False,True,False,False,0,0,0,0,0,0,619,545,"[false, false, false]",200,2,1,Starfield Stage - 2
22184,2025-10-08T22:19:26.297022,0.009,612.5,429.5,3.1087406275067733,False,True,False,False,0,0,0,0,0,0,609,536,"[false, false, false]",200,2,1,Starfield Stage - 2
22193,2025-10-08T22:19:26.305902,0.009,610.0,429.5,3.0495458047263866,False,True,False,False,0,0,0,0,0,0,601,527,"[false, false, false]",200,2,1,Starfield Stage - 2
22202,2025-10-08T22:19:26.315089,0.009,607.5,429.5,2.9980774774205363,False,True,False,False,0,0,0,0,0,0,595,516,"[false, false, false]",200,2,1,Starfield Stage - 2
22212,2025-10-08T22:19:26.325231,0.01,605.0,429.5,2.9688354273460615,False,True,False,False,0,0,0,0,0,0,592,504,"[false, false, false]",200,2,1,Starfield Stage - 2
22222,2025-10-08T22:19:26.334400,0.009,602.5,429.5,2.9378479727059363,False,True,False,False,0,0,0,0,0,0,590,490,"[false, false, false]",200,2,1,Starfield Stage - 2
22231,2025-10-08T22:19:26.343705,0.009,600.0,429.5,2.824768167721574,False,True,False,False,0,0,0,0,0,0,590,460,"[false, false, false]",200,2,1,Starfield Stage - 2
22239,2025-10-08T22:19:26.351873,0.009,597.5,429.5,2.819842099193151,False,True,False,False,0,0,0,0,0,0,592,446,"[false, false, false]",200,2,1,Starfield Stage - 2
22249,2025-10-08T22:19:26.361354,0.009,595.0,429.5,-2.4668517113662407,False,True,False,False,0,0,0,0,0,0,597,432,"[false, false, false]",200,2,1,Starfield Stage - 2
22257,2025-10-08T22:19:26.370251,0.009,592.5,429.5,-0.7853981633974483,False,True,False,False,0,0,0,0,0,0,604,418,"[false, false, false]",200,2,1,Starfield Stage - 2
22267,2025-10-08T22:19:26.379412,0.009,590.0,429.5,-0.7524430657831502,False,True,False,False,0,0,0,0,0,0,612,406,"[false, false, false]",200,2,1,Starfield Stage - 2
22275,2025-10-08T22:19:26.388095,0.009,587.5,432.0,-0.7207402169734671,False,True,False,True,0,0,0,0,0,0,620,395,"[false, false, false]",200,2,1,Starfield Stage - 2
22283,2025-10-08T22:19:26.396175,0.008,585.0,434.5,-0.7167232611654084,False,True,False,True,0,0,0,0,0,0,629,384,"[false, false, false]",200,2,1,Starfield Stage - 2
22292,2025-10-08T22:19:26.404903,0.008,582.5,437.0,-0.7390179464689269,False,True,False,True,0,0,0,0,0,0,639,375,"[false, false, false]",200,2,1,Starfield Stage - 2
22301,2025-10-08T22:19:26.413642,0.009,580.0,439.5,-0.7747978537416411,False,True,False,True,0,0,0,0,0,0,650,368,"[false, false, false]",200,2,1,Starfield Stage - 2
22308,2025-10-08T22:19:26.421207,0.008,577.5,442.0,-0.810888391896917,False,True,False,True,0,0,0,0,0,0,668,356,"[false, false, false]",200,2,1,Starfield Stage - 2
22317,2025-10-08T22:19:26.429718,0.008,575.0,444.5,-0.8101864734347479,False,True,False,True,0,0,0,0,0,0,668,356,"[false, false, false]",200,2,1,Starfield Stage - 2
22325,2025-10-08T22:19:26.437945,0.009,572.5,447.0,-0.8548307369076633,False,True,False,True,0,0,0,0,0,0,684,350,"[false, false, false]",200,2,1,Starfield Stage - 2
22335,2025-10-08T22:19:26.447323,0.009,570.0,449.5,-0.8768648273493327,False,True,False,True,0,0,0,0,0,0,692,348,"[false, false, false]",200,2,1,Starfield Stage - 2
22344,2025-10-08T22:19:26.456518,0.009,567.5,452.0,-0.893258189069532,False,True,False,True,0,0,0,0,0,0,698,347,"[false, false, false]",200,2,1,Starfield Stage - 2
22352,2025-10-08T22:19:26.464794,0.009,565.0,454.5,-0.9124983469553792,False,True,False,True,0,0,0,0,0,0,704,347,"[false, false, false]",200,2,1,Starfield Stage - 2
22361,2025-10-08T22:19:26.473688,0.008,562.5,457.0,-0.9267493665274408,False,True,False,True,0,0,0,0,0,0,709,347,"[false, false, false]",200,2,1,Starfield Stage - 2
22369,2025-10-08T22:19:26.481402,0.008,560.0,459.5,-0.9367736071314745,False,True,False,True,0,0,0,0,0,0,713,347,"[false, false, false]",200,2,1,Starfield Stage - 2
22377,2025-10-08T22:19:26.490073,0.009,557.5,462.0,-0.9502503688373638,False,True,False,True,0,0,0,0,0,0,717,348,"[false, false, false]",200,2,1,Starfield Stage - 2
22385,2025-10-08T22:19:26.498240,0.008,555.0,464.5,-0.9669766105146936,False,True,False,True,0,0,0,0,0,0,721,350,"[false, false, false]",200,2,1,Starfield Stage - 2
22394,2025-10-08T22:19:26.507273,0.009,552.5,467.0,-0.9841405237798221,False,True,False,True,0,0,0,0,0,0,724,353,"[false, false, false]",200,2,1,Starfield Stage - 2
22404,2025-10-08T22:19:26.516319,0.009,550.0,469.5,-0.998024333528395,False,True,False,True,0,0,0,0,0,0,726,356,"[false, false, false]",200,2,1,Starfield Stage - 2
22413,2025-10-08T22:19:26.525800,0.01,547.5,472.0,-1.0179126549752742,False,True,False,True,0,0,0,0,0,0,729,360,"[false, false, false]",200,2,1,Starfield Stage - 2
22422,2025-10-08T22:19:26.534678,0.008,545.0,474.5,-1.0553815385150325,False,True,False,True,0,0,0,0,0,0,733,368,"[false, false, false]",200,2,1,Starfield Stage - 2
22431,2025-10-08T22:19:26.543370,0.009,542.5,477.0,-1.0674547108046368,False,True,False,True,0,0,0,0,0,0,735,371,"[false, false, false]",200,2,1,Starfield Stage - 2
22439,2025-10-08T22:19:26.551722,0.008,540.0,479.5,-1.0828373991598745,False,True,False,True,0,0,0,0,0,0,735,376,"[false, false, false]",200,2,1,Starfield Stage - 2
22447,2025-10-08T22:19:26.559380,0.008,537.5,482.0,-1.0980763860632075,False,True,False,True,0,0,0,0,0,0,735,381,"[false, false, false]",200,2,1,Starfield Stage - 2
22455,2025-10-08T22:19:26.567541,0.008,535.0,484.5,-1.1171986306871249,False,True,False,True,0,0,0,0,0,0,735,387,"[false, false, false]",200,2,1,Starfield Stage - 2
22463,2025-10-08T22:19:26.576004,0.009,532.5,487.0,-1.1402691319881357,False,True,False,True,0,0,0,0,0,0,735,394,"[false, false, false]",200,2,1,Starfield Stage - 2
22472,2025-10-08T22:19:26.584611,0.008,530.0,487.0,-1.178456182579381,False,True,False,False,0,0,0,0,0,0,733,403,"[false, false, false]",200,2,1,Starfield Stage - 2
22480,2025-10-08T22:19:26.593236,0.009,527.5,487.0,-1.214475297786645,False,True,False,False,0,0,0,0,0,0,729,412,"[false, false, false]",200,2,1,Starfield Stage - 2
22489,2025-10-08T22:19:26.601761,0.008,525.0,487.0,-1.252048766374252,False,True,False,False,0,0,0,0,0,0,725,421,"[false, false, false]",200,2,1,Starfield Stage - 2
22497,2025-10-08T22:19:26.610172,0.008,522.5,487.0,-1.2931689365960721,False,True,False,False,0,0,0,0,0,0,719,431,"[false, false, false]",200,2,1,Starfield Stage - 2
22505,2025-10-08T22:19:26.618042,0.009,520.0,487.0,-1.3368196647254749,False,True,False,False,0,0,0,0,0,0,713,441,"[false, false, false]",200,2,1,Starfield Stage - 2
22514,2025-10-08T22:19:26.627179,0.009,517.5,487.0,-1.383059846309616,False,True,False,False,0,0,0,0,0,0,707,451,"[false, false, false]",200,2,1,Starfield Stage - 2
22523,2025-10-08T22:19:26.635393,0.008,515.0,487.0,-1.4378945318155236,False,True,False,False,0,0,0,0,0,0,702,462,"[false, false, false]",200,2,1,Starfield Stage - 2
22531,2025-10-08T22:19:26.643522,0.008,512.5,487.0,-1.4950607045842366,False,True,False,False,0,0,0,0,0,0,697,473,"[false, false, false]",200,2,1,Starfield Stage - 2
22540,2025-10-08T22:19:26.652496,0.009,510.0,487.0,-1.5490606199531038,False,True,False,False,0,0,0,0,0,0,694,483,"[false, false, false]",200,2,1,Starfield Stage - 2
22548,2025-10-08T22:19:26.661163,0.008,507.5,487.0,-1.6087185171961178,False,True,False,False,0,0,0,0,0,0,692,494,"[false, false, false]",200,2,1,Starfield Stage - 2
22556,2025-10-08T22:19:26.668373,0.008,505.0,487.0,-1.6619409449319862,False,True,False,False,0,0,0,0,0,0,691,504,"[false, false, false]",200,2,1,Starfield Stage - 2
22564,2025-10-08T22:19:26.676883,0.009,502.5,487.0,-1.7085843272000567,False,True,False,False,0,0,0,0,0,0,690,513,"[false, false, false]",200,2,1,Starfield Stage - 2
22573,2025-10-08T22:19:26.686025,0.009,500.0,487.0,-1.7520316773890736,False,True,False,False,0,0,0,0,0,0,691,522,"[false, false, false]",200,2,1,Starfield Stage - 2
22582,2025-10-08T22:19:26.694919,0.009,497.5,487.0,-1.8082081960404348,False,True,False,False,0,0,0,0,0,0,700,536,"[false, false, false]",200,2,1,Starfield Stage - 2
22592,2025-10-08T22:19:26.704776,0.009,495.0,487.0,-1.8190862360979647,False,True,False,False,0,0,0,0,0,0,708,541,"[false, false, false]",200,2,1,Starfield Stage - 2
22600,2025-10-08T22:19:26.712937,0.008,492.5,487.0,-1.8236200172630095,False,True,False,False,0,0,0,0,0,0,717,545,"[false, false, false]",200,2,1,Starfield Stage - 2
22608,2025-10-08T22:19:26.721230,0.009,490.0,487.0,-1.8256366031628974,False,True,False,False,0,0,0,0,0,0,728,549,"[false, false, false]",200,2,1,Starfield Stage - 2
22617,2025-10-08T22:19:26.730045,0.009,487.5,487.0,-1.822751620913533,False,True,False,False,0,0,0,0,0,0,740,552,"[false, false, false]",200,2,1,Starfield Stage - 2
22627,2025-10-08T22:19:26.739334,0.009,485.0,487.0,-1.8157749899217608,False,True,False,False,0,0,0,0,0,0,753,554,"[false, false, false]",200,2,1,Starfield Stage - 2
22635,2025-10-08T22:19:26.747966,0.008,482.5,487.0,-1.8095406567276857,False,True,False,False,0,0,0,0,0,0,766,556,"[false, false, false]",200,2,1,Starfield Stage - 2
22644,2025-10-08T22:19:26.756643,0.009,480.0,484.5,-1.8079166055195595,False,True,True,False,0,0,0,0,0,0,780,557,"[false, false, false]",200,2,1,Starfield Stage - 2
22652,2025-10-08T22:19:26.764823,0.008,477.5,482.0,-1.806460803243219,False,True,True,False,0,0,0,0,0,0,794,558,"[false, false, false]",200,2,1,Starfield Stage - 2
22660,2025-10-08T22:19:26.772709,0.008,475.0,479.5,-1.8007921653899976,False,True,True,False,0,0,0,0,0,0,806,557,"[false, false, false]",200,2,1,Starfield Stage - 2
22668,2025-10-08T22:19:26.780846,0.008,472.5,477.0,-1.790694339495036,False,True,True,False,0,0,0,0,0,0,817,554,"[false, false, false]",200,2,1,Starfield Stage - 2
22676,2025-10-08T22:19:26.789161,0.009,470.0,474.5,-1.7759686137517656,False,True,True,False,0,0,0,0,0,0,828,549,"[false, false, false]",200,2,1,Starfield Stage - 2
22685,2025-10-08T22:19:26.797991,0.009,467.5,472.0,-1.7585189857233872,False,True,True,False,0,0,0,0,0,0,836,542,"[false, false, false]",200,2,1,Starfield Stage - 2
22694,2025-10-08T22:19:26.807252,0.009,465.0,469.5,-1.701556357851709,False,True,True,False,0,0,0,0,0,0,849,520,"[false, false, false]",200,2,1,Starfield Stage - 2
22703,2025-10-08T22:19:26.816122,0.009,462.5,467.0,-1.6705920763875604,False,True,True,False,0,0,0,0,0,0,852,506,"[false, false, false]",200,2,1,Starfield Stage - 2
22712,2025-10-08T22:19:26.825080,0.009,460.0,464.5,-1.6406570071660134,False,True,True,False,0,0,0,0,0,0,853,492,"[false, false, false]",200,2,1,Starfield Stage - 2
22721,2025-10-08T22:19:26.833873,0.008,457.5,462.0,-1.6061797829190478,False,True,True,False,0,0,0,0,0,0,853,476,"[false, false, false]",200,2,1,Starfield Stage - 2
22729,2025-10-08T22:19:26.841673,0.008,455.0,459.5,-1.5720653616466522,False,True,True,False,0,0,0,0,0,0,849,460,"[false, false, false]",200,2,1,Starfield Stage - 2
22737,2025-10-08T22:19:26.849872,0.008,452.5,457.0,-1.5376029036324057,False,True,True,False,0,0,0,0,0,0,844,444,"[false, false, false]",200,2,1,Starfield Stage - 2
22746,2025-10-08T22:19:26.858339,0.009,450.0,454.5,-1.5024275990727656,False,True,True,False,0,0,0,0,0,0,837,428,"[false, false, false]",200,2,1,Starfield Stage - 2
22753,2025-10-08T22:19:26.866104,0.008,450.0,452.0,-1.4679855008271812,True,True,True,False,0,0,0,0,0,0,828,413,"[false, false, false]",200,2,1,Starfield Stage - 2
22763,2025-10-08T22:19:26.876060,0.01,450.0,449.5,-1.4347849076654284,True,True,True,False,0,0,0,0,0,0,819,399,"[false, false, false]",200,2,1,Starfield Stage - 2
22772,2025-10-08T22:19:26.884984,0.009,450.0,447.0,-1.4020261170012243,True,True,True,False,0,0,0,0,0,0,808,386,"[false, false, false]",200,2,1,Starfield Stage - 2
22781,2025-10-08T22:19:26.893943,0.009,452.5,447.0,-1.358008755607813,True,False,False,False,0,0,0,0,0,0,795,373,"[false, false, false]",200,2,1,Starfield Stage - 2
22791,2025-10-08T22:19:26.903514,0.009,455.0,447.0,-1.2778839292693733,True,False,False,False,0,0,0,0,0,0,770,352,"[false, false, false]",200,2,1,Starfield Stage - 2
22799,2025-10-08T22:19:26.911797,0.009,457.5,447.0,-1.2355398402880913,True,False,False,False,0,0,0,0,0,0,756,343,"[false, false, false]",200,2,1,Starfield Stage - 2
22808,2025-10-08T22:19:26.920989,0.009,460.0,447.0,-1.198206958446079,True,False,False,False,0,0,0,0,0,0,744,336,"[false, false, false]",200,2,1,Starfield Stage - 2
22817,2025-10-08T22:19:26.930051,0.009,462.5,447.0,-1.1625630514984044,True,False,False,False,0,0,0,0,0,0,733,330,"[false, false, false]",200,2,1,Starfield Stage - 2
22826,2025-10-08T22:19:26.938660,0.008,465.0,447.0,-1.1307663727990411,True,False,False,False,0,0,0,0,0,0,722,326,"[false, false, false]",200,2,1,Starfield Stage - 2
22834,2025-10-08T22:19:26.946811,0.009,467.5,447.0,-1.106334385726538,True,False,False,False,0,0,0,0,0,0,713,324,"[false, false, false]",200,2,1,Starfield Stage - 2
22843,2025-10-08T22:19:26.956269,0.009,470.0,447.0,-1.0837024288385295,True,False,False,False,0,0,0,0,0,0,706,322,"[false, false, false]",200,2,1,Starfield Stage - 2
22852,2025-10-08T22:19:26.964878,0.009,472.5,447.0,-1.0650050112004932,True,False,False,False,0,0,0,0,0,0,700,321,"[false, false, false]",200,2,1,Starfield Stage - 2
22862,2025-10-08T22:19:26.974579,0.009,475.0,447.0,-1.0487047129666092,True,False,False,False,0,0,0,0,0,0,694,321,"[false, false, false]",200,2,1,Starfield Stage - 2
22869,2025-10-08T22:19:26.982063,0.008,477.5,447.0,-1.024316294666002,True,False,False,False,0,0,0,0,0,0,683,322,"[false, false, false]",200,2,1,Starfield Stage - 2
22879,2025-10-08T22:19:26.992022,0.009,480.0,447.0,-1.0149255176407388,True,False,False,False,0,0,0,0,0,0,678,324,"[false, false, false]",200,2,1,Starfield Stage - 2
22888,2025-10-08T22:19:27.000437,0.009,482.5,447.0,-1.0086659526806026,True,False,False,False,0,0,0,0,0,0,673,327,"[false, false, false]",200,2,1,Starfield Stage - 2
22896,2025-10-08T22:19:27.008963,0.009,485.0,447.0,-1.0107407018012555,True,False,False,False,0,0,0,0,0,0,670,331,"[false, false, false]",200,2,1,Starfield Stage - 2
22906,2025-10-08T22:19:27.018346,0.009,487.5,447.0,-1.016968446863524,True,False,False,False,0,0,0,0,0,0,667,336,"[false, false, false]",200,2,1,Starfield Stage - 2
22915,2025-10-08T22:19:27.027797,0.009,490.0,447.0,-1.0278451863633038,True,False,False,False,0,0,0,0,0,0,664,342,"[false, false, false]",200,2,1,Starfield Stage - 2
22923,2025-10-08T22:19:27.035785,0.008,492.5,447.0,-1.0484604307033074,True,False,False,False,0,0,0,0,0,0,661,350,"[false, false, false]",200,2,1,Starfield Stage - 2
22931,2025-10-08T22:19:27.043746,0.008,495.0,447.0,-1.0714496051147666,True,False,False,False,0,0,0,0,0,0,660,357,"[false, false, false]",200,2,1,Starfield Stage - 2
22939,2025-10-08T22:19:27.051421,0.008,497.5,447.0,-1.0935356973661867,True,False,False,False,0,0,0,0,0,0,658,364,"[false, false, false]",200,2,1,Starfield Stage - 2
22947,2025-10-08T22:19:27.059435,0.008,500.0,449.5,-1.1071487177940904,True,False,False,True,0,0,0,0,0,0,657,371,"[false, false, false]",200,2,1,Starfield Stage - 2
22955,2025-10-08T22:19:27.067931,0.009,502.5,452.0,-1.1215834107093168,True,False,False,True,0,0,0,0,0,0,656,378,"[false, false, false]",200,2,1,Starfield Stage - 2
22965,2025-10-08T22:19:27.077606,0.009,505.0,454.5,-1.1339879090533058,True,False,False,True,0,0,0,0,0,0,656,384,"[false, false, false]",200,2,1,Starfield Stage - 2
22973,2025-10-08T22:19:27.086275,0.009,507.5,457.0,-1.1413819141034711,True,False,False,True,0,0,0,0,0,0,656,389,"[false, false, false]",200,2,1,Starfield Stage - 2
22982,2025-10-08T22:19:27.094784,0.008,510.0,459.5,-1.188543734926575,True,False,False,True,0,0,0,0,0,0,658,400,"[false, false, false]",200,2,1,Starfield Stage - 2
22990,2025-10-08T22:19:27.102747,0.008,512.5,462.0,-1.1997403476016415,True,False,False,True,0,0,0,0,0,0,659,405,"[false, false, false]",200,2,1,Starfield Stage - 2
22998,2025-10-08T22:19:27.111119,0.009,515.0,464.5,-1.2135277207345148,True,False,False,True,0,0,0,0,0,0,661,410,"[false, false, false]",200,2,1,Starfield Stage - 2
23007,2025-10-08T22:19:27.119930,0.009,517.5,467.0,-1.225363280215757,True,False,False,True,0,0,0,0,0,0,662,415,"[false, false, false]",200,2,1,Starfield Stage - 2
23016,2025-10-08T22:19:27.129115,0.009,520.0,469.5,-1.2397002500907646,True,False,False,True,0,0,0,0,0,0,664,420,"[false, false, false]",200,2,1,Starfield Stage - 2
23026,2025-10-08T22:19:27.138940,0.009,522.5,472.0,-1.2437548164798538,True,False,False,True,0,0,0,0,0,0,664,424,"[false, false, false]",200,2,1,Starfield Stage - 2
23034,2025-10-08T22:19:27.146931,0.008,525.0,474.5,-1.2436982297891037,True,False,False,True,0,0,0,0,0,0,665,427,"[false, false, false]",200,2,1,Starfield Stage - 2
23042,2025-10-08T22:19:27.155112,0.008,527.5,477.0,-1.2436404196377056,True,False,False,True,0,0,0,0,0,0,666,430,"[false, false, false]",200,2,1,Starfield Stage - 2
23050,2025-10-08T22:19:27.162365,0.008,530.0,479.5,-1.2435813459137668,True,False,False,True,0,0,0,0,0,0,667,433,"[false, false, false]",200,2,1,Starfield Stage - 2
23058,2025-10-08T22:19:27.170858,0.008,532.5,482.0,-1.2326537980902492,True,False,False,True,0,0,0,0,0,0,669,434,"[false, false, false]",200,2,1,Starfield Stage - 2
23067,2025-10-08T22:19:27.179597,0.009,532.5,484.5,-1.2339607098536782,True,True,False,True,0,0,0,0,0,0,671,436,"[false, false, false]",200,2,1,Starfield Stage - 2
23075,2025-10-08T22:19:27.188113,0.009,532.5,487.0,-1.2374306664605188,True,True,False,True,0,0,0,0,0,0,674,438,"[false, false, false]",200,2,1,Starfield Stage - 2
23084,2025-10-08T22:19:27.196980,0.009,532.5,489.5,-1.2345839707635151,True,True,False,True,0,0,0,0,0,0,677,439,"[false, false, false]",200,2,1,Starfield Stage - 2
23093,2025-10-08T22:19:27.206223,0.009,532.5,492.0,-1.2399825764525463,True,True,False,True,0,0,0,0,0,0,681,441,"[false, false, false]",200,2,1,Starfield Stage - 2
23102,2025-10-08T22:19:27.214894,0.009,532.5,494.5,-1.2854281784457848,True,True,False,True,0,0,0,0,0,0,691,448,"[false, false, false]",200,2,1,Starfield Stage - 2
23112,2025-10-08T22:19:27.224281,0.009,532.5,497.0,-1.3037728712657424,True,True,False,True,0,0,0,0,0,0,697,452,"[false, false, false]",200,2,1,Starfield Stage - 2
23120,2025-10-08T22:19:27.232795,0.009,530.0,499.5,-1.3299020521197036,False,True,False,True,0,0,0,0,0,0,703,457,"[false, false, false]",200,2,1,Starfield Stage - 2
23130,2025-10-08T22:19:27.242372,0.009,527.5,502.0,-1.3498078721784188,False,True,False,True,0,0,0,0,0,0,710,461,"[false, false, false]",200,2,1,Starfield Stage - 2
23138,2025-10-08T22:19:27.251204,0.009,525.0,504.5,-1.361849296840532,False,True,False,True,0,0,0,0,0,0,716,464,"[false, false, false]",200,2,1,Starfield Stage - 2
23147,2025-10-08T22:19:27.259969,0.009,522.5,507.0,-1.3767938707433458,False,True,False,True,0,0,0,0,0,0,721,468,"[false, false, false]",200,2,1,Starfield Stage - 2
23156,2025-10-08T22:19:27.268910,0.009,520.0,509.5,-1.3851538693714038,False,True,False,True,0,0,0,0,0,0,725,471,"[false, false, false]",200,2,1,Starfield Stage - 2
23166,2025-10-08T22:19:27.278378,0.009,517.5,509.5,-1.3991067653628089,False,True,False,False,0,0,0,0,0,0,728,473,"[false, false, false]",200,2,1,Starfield Stage - 2
23174,2025-10-08T22:19:27.286979,0.009,515.0,509.5,-1.4228037429377982,False,True,False,False,0,0,0,0,0,0,733,477,"[false, false, false]",200,2,1,Starfield Stage - 2
23183,2025-10-08T22:19:27.296029,0.009,512.5,509.5,-1.4301579247671092,False,True,False,False,0,0,0,0,0,0,735,478,"[false, false, false]",200,2,1,Starfield Stage - 2
23192,2025-10-08T22:19:27.304883,0.009,510.0,509.5,-1.4372349852626967,False,True,False,False,0,0,0,0,0,0,737,479,"[false, false, false]",200,2,1,Starfield Stage - 2
23201,2025-10-08T22:19:27.313890,0.009,507.5,509.5,-1.4440496280655024,False,True,False,False,0,0,0,0,0,0,739,480,"[false, false, false]",200,2,1,Starfield Stage - 2
23211,2025-10-08T22:19:27.323327,0.009,505.0,509.5,-1.4511178375174518,False,True,False,False,0,0,0,0,0,0,742,481,"[false, false, false]",200,2,1,Starfield Stage - 2
23219,2025-10-08T22:19:27.331592,0.008,502.5,509.5,-1.4583364937834826,False,True,False,False,0,0,0,0,0,0,746,482,"[false, false, false]",200,2,1,Starfield Stage - 2
23228,2025-10-08T22:19:27.340279,0.009,500.0,509.5,-1.4651906769714966,False,True,False,False,0,0,0,0,0,0,750,483,"[false, false, false]",200,2,1,Starfield Stage - 2
23236,2025-10-08T22:19:27.348477,0.008,497.5,509.5,-1.4690296419061983,False,True,False,False,0,0,0,0,0,0,757,483,"[false, false, false]",200,2,1,Starfield Stage - 2
23245,2025-10-08T22:19:27.357512,0.009,495.0,509.5,-1.4759326641215729,False,True,False,False,0,0,0,0,0,0,763,484,"[false, false, false]",200,2,1,Starfield Stage - 2
23253,2025-10-08T22:19:27.366014,0.009,492.5,509.5,-1.480774805291032,False,True,False,False,0,0,0,0,0,0,775,484,"[false, false, false]",200,2,1,Starfield Stage - 2
23262,2025-10-08T22:19:27.374692,0.008,490.0,509.5,-1.4799815209276914,False,True,False,False,0,0,0,0,0,0,781,483,"[false, false, false]",200,2,1,Starfield Stage - 2
23270,2025-10-08T22:19:27.382790,0.008,487.5,509.5,-1.4756074850522694,False,True,False,False,0,0,0,0,0,0,786,481,"[false, false, false]",200,2,1,Starfield Stage - 2
23278,2025-10-08T22:19:27.390751,0.008,485.0,509.5,-1.471451246529944,False,True,False,False,0,0,0,0,0,0,791,479,"[false, false, false]",200,2,1,Starfield Stage - 2
23286,2025-10-08T22:19:27.399091,0.009,482.5,509.5,-1.4640041601624303,False,True,False,False,0,0,0,0,0,0,795,476,"[false, false, false]",200,2,1,Starfield Stage - 2
23296,2025-10-08T22:19:27.409270,0.009,480.0,509.5,-1.4592736047119628,False,True,False,False,0,0,0,0,0,0,797,474,"[false, false, false]",200,2,1,Starfield Stage - 2
23304,2025-10-08T22:19:27.416601,0.008,477.5,507.0,-1.4623586683070187,False,True,True,False,0,0,0,0,0,0,799,472,"[false, false, false]",200,2,1,Starfield Stage - 2
23312,2025-10-08T22:19:27.424836,0.008,475.0,504.5,-1.4680821530359873,False,True,True,False,0,0,0,0,0,0,800,471,"[false, false, false]",200,2,1,Starfield Stage - 2
23320,2025-10-08T22:19:27.433110,0.009,472.5,502.0,-1.4764210307925107,False,True,True,False,0,0,0,0,0,0,800,471,"[false, false, false]",200,2,1,Starfield Stage - 2
23330,2025-10-08T22:19:27.442423,0.009,470.0,499.5,-1.484646454116108,False,True,True,False,0,0,0,0,0,0,800,471,"[false, false, false]",200,2,1,Starfield Stage - 2
23338,2025-10-08T22:19:27.450850,0.008,467.5,497.0,-1.492759632244179,False,True,True,False,0,0,0,0,0,0,800,471,"[false, false, false]",200,2,1,Starfield Stage - 2
23347,2025-10-08T22:19:27.459345,0.009,465.0,494.5,-1.5007618007513595,False,True,True,False,0,0,0,0,0,0,800,471,"[false, false, false]",200,2,1,Starfield Stage - 2
23355,2025-10-08T22:19:27.467883,0.009,462.5,492.0,-1.508654218507428,False,True,True,False,0,0,0,0,0,0,800,471,"[false, false, false]",200,2,1,Starfield Stage - 2
23365,2025-10-08T22:19:27.477294,0.009,460.0,489.5,-1.5135061466196849,False,True,True,False,0,0,0,0,0,0,800,470,"[false, false, false]",200,2,1,Starfield Stage - 2
23373,2025-10-08T22:19:27.485786,0.008,457.5,487.0,-1.5210570051164771,False,True,True,False,0,0,0,0,0,0,799,470,"[false, false, false]",200,2,1,Starfield Stage - 2
23381,2025-10-08T22:19:27.493834,0.009,455.0,484.5,-1.521873970071763,False,True,True,False,0,0,0,0,0,0,792,468,"[false, false, false]",200,2,1,Starfield Stage - 2
23389,2025-10-08T22:19:27.502047,0.008,452.5,482.0,-1.5230001704709273,False,True,True,False,0,0,0,0,0,0,787,466,"[false, false, false]",200,2,1,Starfield Stage - 2
23398,2025-10-08T22:19:27.511188,0.009,450.0,479.5,-1.5271493657892519,False,True,True,False,0,0,0,0,0,0,782,465,"[false, false, false]",200,2,1,Starfield Stage - 2
23407,2025-10-08T22:19:27.519824,0.008,447.5,477.0,-1.528204140486177,False,True,True,False,0,0,0,0,0,0,776,463,"[false, false, false]",200,2,1,Starfield Stage - 2
23415,2025-10-08T22:19:27.527940,0.009,445.0,474.5,-1.5292817313137064,False,True,True,False,0,0,0,0,0,0,770,461,"[false, false, false]",200,2,1,Starfield Stage - 2
23424,2025-10-08T22:19:27.536941,0.009,442.5,472.0,-1.530508061327215,False,True,True,False,0,0,0,0,0,0,765,459,"[false, false, false]",200,2,1,Starfield Stage - 2
23434,2025-10-08T22:19:27.546467,0.009,440.0,469.5,-1.5315083773953468,False,True,True,False,0,0,0,0,0,0,758,457,"[false, false, false]",200,2,1,Starfield Stage - 2
23442,2025-10-08T22:19:27.554992,0.008,442.5,469.5,-1.5239808008924975,True,False,False,False,0,0,0,0,0,0,752,455,"[false, false, false]",200,2,1,Starfield Stage - 2
23450,2025-10-08T22:19:27.563232,0.009,445.0,469.5,-1.5160338596902532,True,False,False,False,0,0,0,0,0,0,746,453,"[false, false, false]",200,2,1,Starfield Stage - 2
23460,2025-10-08T22:19:27.572515,0.009,447.5,469.5,-1.5040004763199109,True,False,False,False,0,0,0,0,0,0,739,450,"[false, false, false]",200,2,1,Starfield Stage - 2
23469,2025-10-08T22:19:27.581863,0.009,450.0,469.5,-1.4879475353133842,True,False,False,False,0,0,0,0,0,0,733,446,"[false, false, false]",200,2,1,Starfield Stage - 2
23477,2025-10-08T22:19:27.589706,0.008,452.5,469.5,-1.4462112885438887,True,False,False,False,0,0,0,0,0,0,720,436,"[false, false, false]",200,2,1,Starfield Stage - 2
23485,2025-10-08T22:19:27.598049,0.008,455.0,469.5,-1.415090239361272,True,False,False,False,0,0,0,0,0,0,713,429,"[false, false, false]",200,2,1,Starfield Stage - 2
23493,2025-10-08T22:19:27.605841,0.009,457.5,469.5,-1.3811827110205073,True,False,False,False,0,0,0,0,0,0,705,422,"[false, false, false]",200,2,1,Starfield Stage - 2
23502,2025-10-08T22:19:27.614881,0.009,460.0,469.5,-1.3416972221018315,True,False,False,False,0,0,0,0,0,0,698,414,"[false, false, false]",200,2,1,Starfield Stage - 2
23511,2025-10-08T22:19:27.624008,0.009,462.5,469.5,-1.2956786067183201,True,False,False,False,0,0,0,0,0,0,691,405,"[false, false, false]",200,2,1,Starfield Stage - 2
23521,2025-10-08T22:19:27.633437,0.009,465.0,469.5,-1.2511019723790908,True,False,False,False,0,0,0,0,0,0,684,397,"[false, false, false]",200,2,1,Starfield Stage - 2
23529,2025-10-08T22:19:27.642067,0.009,467.5,469.5,-1.2039423905985227,True,False,False,False,0,0,0,0,0,0,677,389,"[false, false, false]",200,2,1,Starfield Stage - 2
23538,2025-10-08T22:19:27.651256,0.009,470.0,469.5,-1.1602142754808158,True,False,False,False,0,0,0,0,0,1,671,382,"[false, false, false]",200,2,1,Starfield Stage - 2
23547,2025-10-08T22:19:27.659942,0.008,472.5,469.5,-1.1206754681660298,True,False,False,False,0,0,0,0,0,1,666,376,"[false, false, false]",200,2,1,Starfield Stage - 2
23555,2025-10-08T22:19:27.667904,0.009,475.0,469.5,-1.0901832195044072,True,False,False,False,0,0,0,0,0,1,662,372,"[false, false, false]",200,2,1,Starfield Stage - 2
23564,2025-10-08T22:19:27.677105,0.009,477.5,469.5,-1.0651023158610793,True,False,False,False,0,0,0,0,0,1,659,369,"[false, false, false]",200,2,1,Starfield Stage - 2
23573,2025-10-08T22:19:27.685584,0.008,480.0,469.5,-1.0458892089699905,True,False,False,False,0,0,0,0,0,1,657,367,"[false, false, false]",200,2,1,Starfield Stage - 2
23581,2025-10-08T22:19:27.693580,0.008,482.5,469.5,-1.0303768265243125,True,False,False,False,0,0,0,0,0,1,655,366,"[false, false, false]",200,2,1,Starfield Stage - 2
23589,2025-10-08T22:19:27.702024,0.008,485.0,469.5,-1.0239141849169295,True,False,False,False,0,0,0,0,0,1,655,366,"[false, false, false]",200,2,1,Starfield Stage - 2
23597,2025-10-08T22:19:27.710232,0.009,487.5,469.5,-1.0173113679361194,True,False,False,False,0,0,0,0,0,1,655,366,"[false, false, false]",200,2,1,Starfield Stage - 2
23605,2025-10-08T22:19:27.718024,0.008,490.0,469.5,-1.01056435984075,True,False,False,False,0,0,0,0,0,1,655,366,"[false, false, false]",200,2,1,Starfield Stage - 2
23615,2025-10-08T22:19:27.727325,0.009,492.5,469.5,-1.0169126491736065,True,False,False,False,0,0,0,0,0,1,655,369,"[false, false, false]",200,2,1,Starfield Stage - 2
23623,2025-10-08T22:19:27.735746,0.008,495.0,469.5,-1.0326777888694347,True,False,False,False,0,0,0,0,0,1,655,374,"[false, false, false]",200,2,1,Starfield Stage - 2
23631,2025-10-08T22:19:27.743933,0.009,497.5,469.5,-1.054046647536355,True,False,False,False,0,0,0,0,0,1,655,380,"[false, false, false]",200,2,1,Starfield Stage - 2
23640,2025-10-08T22:19:27.752324,0.008,500.0,469.5,-1.081347992692666,True,False,False,False,0,0,0,0,0,1,653,388,"[false, false, false]",200,2,1,Starfield Stage - 2
23647,2025-10-08T22:19:27.760056,0.008,502.5,469.5,-1.1166206943244774,True,False,False,False,0,0,0,0,0,1,651,397,"[false, false, false]",200,2,1,Starfield Stage - 2
23657,2025-10-08T22:19:27.769283,0.009,505.0,469.5,-1.1528964618376363,True,False,False,False,0,0,0,0,0,1,648,406,"[false, false, false]",200,2,1,Starfield Stage - 2
23665,2025-10-08T22:19:27.777593,0.008,507.5,469.5,-1.1871590895304671,True,False,False,False,0,0,0,0,0,1,645,414,"[false, false, false]",200,2,1,Starfield Stage - 2
23674,2025-10-08T22:19:27.786477,0.008,510.0,469.5,-1.2229450041288887,True,False,False,False,0,0,0,0,0,1,641,422,"[false, false, false]",200,2,1,Starfield Stage - 2
23681,2025-10-08T22:19:27.793665,0.008,512.5,472.0,-1.242985240539944,True,False,False,True,0,0,0,0,0,1,636,430,"[false, false, false]",200,2,1,Starfield Stage - 2
23689,2025-10-08T22:19:27.802269,0.009,515.0,474.5,-1.2630933795857802,True,False,False,True,0,0,0,0,0,1,633,437,"[false, false, false]",200,2,1,Starfield Stage - 2
23698,2025-10-08T22:19:27.810885,0.009,517.5,477.0,-1.2748202533062127,True,False,False,True,0,0,0,0,0,1,629,443,"[false, false, false]",200,2,1,Starfield Stage - 2
23707,2025-10-08T22:19:27.820114,0.009,520.0,479.5,-1.2732920898408733,True,False,False,True,0,0,0,0,0,1,626,447,"[false, false, false]",200,2,1,Starfield Stage - 2
23716,2025-10-08T22:19:27.829167,0.009,522.5,482.0,-1.2653890422449696,True,False,False,True,0,0,0,0,0,1,624,450,"[false, false, false]",200,2,1,Starfield Stage - 2
23725,2025-10-08T22:19:27.838014,0.008,525.0,484.5,-1.2475001785748956,True,False,False,True,0,0,0,0,0,1,622,452,"[false, false, false]",200,2,1,Starfield Stage - 2
23733,2025-10-08T22:19:27.845921,0.009,527.5,487.0,-1.2220253232109897,True,False,False,True,0,0,0,0,0,1,621,453,"[false, false, false]",200,2,1,Starfield Stage - 2
23742,2025-10-08T22:19:27.855020,0.009,530.0,489.5,-1.1988448740539535,True,False,False,True,0,1,0,0,0,1,621,454,"[false, false, false]",200,2,1,Starfield Stage - 2
23751,2025-10-08T22:19:27.864091,0.009,532.5,492.0,-1.1652228773570443,True,False,False,True,0,1,0,0,0,1,621,454,"[false, false, false]",200,2,1,Starfield Stage - 2
23760,2025-10-08T22:19:27.872907,0.008,535.0,494.5,-1.121536214183016,True,False,False,True,0,1,0,0,0,1,619,454,"[false, false, false]",200,2,1,Starfield Stage - 2
23768,2025-10-08T22:19:27.880883,0.008,537.5,497.0,-1.074981599257527,True,False,False,True,0,1,0,0,0,1,617,454,"[false, false, false]",200,2,1,Starfield Stage - 2
23776,2025-10-08T22:19:27.889205,0.009,540.0,499.5,-1.0036240432835462,True,False,False,True,0,1,0,0,0,1,613,453,"[false, false, false]",200,2,1,Starfield Stage - 2
23785,2025-10-08T22:19:27.898209,0.008,542.5,502.0,-0.8752840569447017,True,False,False,True,0,1,0,0,0,1,606,449,"[false, false, false]",200,2,1,Starfield Stage - 2
23793,2025-10-08T22:19:27.905612,0.008,540.0,504.5,-0.7811787791544448,False,True,False,True,0,1,0,0,0,1,599,445,"[false, false, false]",200,2,1,Starfield Stage - 2
23801,2025-10-08T22:19:27.913610,0.008,537.5,507.0,-0.634295384960005,False,True,False,True,0,1,0,0,0,1,589,437,"[false, false, false]",200,2,1,Starfield Stage - 2
23809,2025-10-08T22:19:27.922021,0.009,535.0,509.5,-0.48548879551100144,False,True,False,True,0,1,0,0,0,1,578,428,"[false, false, false]",200,2,1,Starfield Stage - 2
23818,2025-10-08T22:19:27.931050,0.009,532.5,512.0,-0.3423498589589319,False,True,False,True,0,1,0,0,0,1,566,418,"[false, false, false]",200,2,1,Starfield Stage - 2
23828,2025-10-08T22:19:27.940341,0.009,530.0,514.5,-0.2196536821386045,False,True,False,True,0,1,0,0,0,1,554,407,"[false, false, false]",200,2,1,Starfield Stage - 2
23836,2025-10-08T22:19:27.948646,0.008,527.5,517.0,-0.11202896242598788,False,True,False,True,0,1,0,0,0,1,541,397,"[false, false, false]",200,2,1,Starfield Stage - 2
23844,2025-10-08T22:19:27.957163,0.008,525.0,519.5,-0.022637641657897646,False,True,False,True,0,1,0,1,0,1,528,387,"[false, false, false]",200,2,1,Starfield Stage - 2
23852,2025-10-08T22:19:27.964408,0.008,522.5,522.0,0.038175887800547904,False,True,False,True,0,1,0,1,0,1,517,378,"[false, false, false]",200,2,1,Starfield Stage - 2
23859,2025-10-08T22:19:27.972205,0.008,520.0,524.5,0.09741059181286937,False,True,False,True,0,1,0,1,0,1,505,371,"[false, false, false]",200,2,1,Starfield Stage - 2
23868,2025-10-08T22:19:27.980712,0.008,517.5,527.0,0.12510999629080882,False,True,False,True,0,1,0,1,0,1,497,364,"[false, false, false]",200,2,1,Starfield Stage - 2
23876,2025-10-08T22:19:27.988970,0.008,515.0,529.5,0.14559010305887962,False,True,False,True,0,1,0,1,0,1,490,359,"[false, false, false]",200,2,1,Starfield Stage - 2
23884,2025-10-08T22:19:27.997010,0.009,512.5,532.0,0.15499674192394097,False,True,False,True,0,1,0,1,0,1,485,356,"[false, false, false]",200,2,1,Starfield Stage - 2
23893,2025-10-08T22:19:28.005800,0.008,510.0,534.5,0.15389802701784647,False,True,False,True,0,1,0,1,0,1,482,354,"[false, false, false]",200,2,1,Starfield Stage - 2
23901,2025-10-08T22:19:28.013763,0.008,507.5,537.0,0.14303817240479155,False,True,False,True,0,1,0,1,0,1,481,353,"[false, false, false]",200,2,1,Starfield Stage - 2
23910,2025-10-08T22:19:28.022348,0.009,505.0,539.5,0.11212824100134507,False,True,False,True,0,1,0,1,0,1,484,353,"[false, false, false]",200,2,1,Starfield Stage - 2
23917,2025-10-08T22:19:28.030064,0.008,505.0,542.0,0.08445471624691699,True,True,False,True,0,1,0,1,0,1,489,353,"[false, false, false]",200,2,1,Starfield Stage - 2
23925,2025-10-08T22:19:28.038031,0.008,505.0,544.5,0.04175118031449509,True,True,False,True,0,1,0,1,0,1,497,353,"[false, false, false]",200,2,1,Starfield Stage - 2
23934,2025-10-08T22:19:28.046519,0.008,505.0,547.0,-0.010362323390277314,True,True,False,True,0,1,0,1,0,1,507,354,"[false, false, false]",200,2,1,Starfield Stage - 2
23942,2025-10-08T22:19:28.054966,0.008,505.0,549.5,-0.07148921687343804,True,True,False,True,0,1,0,1,0,1,519,354,"[false, false, false]",200,2,1,Starfield Stage - 2
23949,2025-10-08T22:19:28.062097,0.008,505.0,552.0,-0.14615839244646195,True,True,False,True,0,1,0,1,0,1,534,355,"[false, false, false]",200,2,1,Starfield Stage - 2
23958,2025-10-08T22:19:28.070625,0.008,505.0,554.5,-0.2218511149259635,True,True,False,True,0,1,0,1,0,1,550,355,"[false, false, false]",200,2,1,Starfield Stage - 2
23966,2025-10-08T22:19:28.079202,0.008,505.0,557.0,-0.3068262894065572,True,True,False,True,0,1,0,1,0,1,569,355,"[false, false, false]",200,2,1,Starfield Stage - 2
23973,2025-10-08T22:19:28.085871,0.008,507.5,559.5,-0.3851575063634742,True,False,False,True,0,1,0,1,0,1,590,356,"[false, false, false]",200,2,1,Starfield Stage - 2
23982,2025-10-08T22:19:28.094928,0.009,510.0,562.0,-0.4656161103951639,True,False,False,True,0,1,0,1,0,1,612,359,"[false, false, false]",200,2,1,Starfield Stage - 2
23992,2025-10-08T22:19:28.104559,0.009,512.5,564.5,-0.5534527955549738,True,False,False,True,0,1,0,1,0,1,637,363,"[false, false, false]",200,2,1,Starfield Stage - 2
24000,2025-10-08T22:19:28.112761,0.008,515.0,567.0,-0.6418829872281915,True,False,False,True,0,1,0,1,0,1,663,369,"[false, false, false]",200,2,1,Starfield Stage - 2
24008,2025-10-08T22:19:28.120612,0.008,517.5,569.5,-0.730956102069001,True,False,False,True,0,1,0,1,0,1,691,376,"[false, false, false]",200,2,1,Starfield Stage - 2
24016,2025-10-08T22:19:28.128737,0.008,520.0,572.0,-0.8136682648084159,True,False,False,True,0,1,0,1,0,1,720,383,"[false, false, false]",200,2,1,Starfield Stage - 2
24024,2025-10-08T22:19:28.136633,0.008,522.5,574.5,-0.8872344425514667,True,False,False,True,0,1,0,1,0,1,749,390,"[false, false, false]",200,2,1,Starfield Stage - 2
24032,2025-10-08T22:19:28.145004,0.009,525.0,577.0,-0.9467732738181398,True,False,False,True,0,1,0,1,0,1,775,397,"[false, false, false]",200,2,1,Starfield Stage - 2
24041,2025-10-08T22:19:28.154000,0.009,527.5,579.5,-0.9969497917301804,True,False,False,True,0,1,0,1,0,1,799,404,"[false, false, false]",200,2,1,Starfield Stage - 2
24051,2025-10-08T22:19:28.163404,0.009,530.0,582.0,-1.0298663620459347,True,False,False,True,0,1,0,1,0,1,818,409,"[false, false, false]",200,2,1,Starfield Stage - 2
24059,2025-10-08T22:19:28.171758,0.008,532.5,584.5,-1.053616954157003,True,False,False,True,0,1,0,1,0,1,834,413,"[false, false, false]",200,2,1,Starfield Stage - 2
24067,2025-10-08T22:19:28.179735,0.008,535.0,587.0,-1.0680765574168347,True,False,False,True,0,1,0,1,0,1,846,416,"[false, false, false]",200,2,1,Starfield Stage - 2
24075,2025-10-08T22:19:28.188174,0.009,537.5,589.5,-1.074220909404635,True,False,False,True,0,1,0,1,0,1,854,418,"[false, false, false]",200,2,1,Starfield Stage - 2
24083,2025-10-08T22:19:28.196120,0.008,540.0,589.5,-1.0799445463968773,True,False,False,False,0,1,0,1,0,1,859,419,"[false, false, false]",200,2,1,Starfield Stage - 2
24093,2025-10-08T22:19:28.205718,0.009,542.5,589.5,-1.0830346544902552,True,False,False,False,0,1,0,1,0,1,862,420,"[false, false, false]",200,2,1,Starfield Stage - 2
24101,2025-10-08T22:19:28.213530,0.008,545.0,589.5,-1.081083858518645,True,False,False,False,0,1,0,1,0,1,863,420,"[false, false, false]",200,2,1,Starfield Stage - 2
24109,2025-10-08T22:19:28.222202,0.009,547.5,589.5,-1.0778004946585857,True,False,False,False,0,1,0,1,0,1,863,420,"[false, false, false]",200,2,1,Starfield Stage - 2
24117,2025-10-08T22:19:28.230160,0.008,550.0,589.5,-1.074476501700083,True,False,False,False,0,1,0,1,0,1,863,420,"[false, false, false]",200,2,1,Starfield Stage - 2
24126,2025-10-08T22:19:28.239125,0.009,552.5,589.5,-1.0711111956522195,True,False,False,False,0,1,0,1,0,1,863,420,"[false, false, false]",200,2,1,Starfield Stage - 2
24136,2025-10-08T22:19:28.248719,0.009,552.5,589.5,-1.0711111956522195,True,True,False,False,0,1,0,1,0,1,863,420,"[false, false, false]",200,2,1,Starfield Stage - 2
24144,2025-10-08T22:19:28.257125,0.009,552.5,589.5,-1.0711111956522195,True,True,False,False,1,1,0,1,0,1,863,420,"[true, false, false]",200,2,1,Starfield Stage - 2
24152,2025-10-08T22:19:28.264788,0.008,552.5,589.5,-1.0711111956522195,True,True,False,False,1,1,0,1,0,1,863,420,"[true, false, false]",200,2,1,Starfield Stage - 2
24161,2025-10-08T22:19:28.273873,0.009,552.5,589.5,-1.0711111956522195,True,True,False,False,1,1,0,1,0,1,863,420,"[true, false, false]",200,2,1,Starfield Stage - 2
24170,2025-10-08T22:19:28.282858,0.009,552.5,589.5,-1.0711111956522195,True,True,False,False,1,1,0,1,0,1,863,420,"[true, false, false]",200,2,1,Starfield Stage - 2
24179,2025-10-08T22:19:28.292180,0.008,552.5,589.5,-1.0711111956522195,True,True,False,False,1,1,0,1,0,1,863,420,"[true, false, false]",200,2,1,Starfield Stage - 2
24186,2025-10-08T22:19:28.299161,0.008,552.5,589.5,-1.0711111956522195,True,True,False,False,1,1,0,1,0,1,863,420,"[true, false, false]",200,2,1,Starfield Stage - 2
24195,2025-10-08T22:19:28.308223,0.009,550.0,589.5,-1.074476501700083,False,True,False,False,1,1,0,1,0,1,863,420,"[true, false, false]",200,2,1,Starfield Stage - 2
24205,2025-10-08T22:19:28.317675,0.009,547.5,589.5,-1.0802633900463978,False,True,False,False,1,1,0,1,0,1,863,421,"[false, false, false]",200,2,1,Starfield Stage - 2
24213,2025-10-08T22:19:28.325848,0.009,545.0,589.5,-1.095962111732683,False,True,False,False,1,1,0,1,0,1,865,425,"[false, false, false]",200,2,1,Starfield Stage - 2
24222,2025-10-08T22:19:28.334963,0.009,542.5,589.5,-1.1089994251197424,False,True,False,False,1,1,0,1,0,1,867,428,"[false, false, false]",200,2,1,Starfield Stage - 2
24231,2025-10-08T22:19:28.344086,0.009,540.0,589.5,-1.1193805236307208,False,True,False,False,1,1,0,1,0,1,869,430,"[false, false, false]",200,2,1,Starfield Stage - 2
24241,2025-10-08T22:19:28.353554,0.009,537.5,589.5,-1.1307378078995973,False,True,False,False,1,1,0,1,0,1,872,432,"[false, false, false]",200,2,1,Starfield Stage - 2
24249,2025-10-08T22:19:28.361495,0.008,535.0,589.5,-1.1382950233533258,False,True,False,False,1,1,0,1,0,1,874,433,"[false, false, false]",200,2,1,Starfield Stage - 2
24257,2025-10-08T22:19:28.370178,0.009,532.5,589.5,-1.1446088776440178,False,True,False,False,1,1,0,1,0,1,875,434,"[false, false, false]",200,2,1,Starfield Stage - 2
24265,2025-10-08T22:19:28.378134,0.008,530.0,589.5,-1.1473399548043623,False,True,False,False,1,1,0,1,0,1,875,434,"[false, false, false]",200,2,1,Starfield Stage - 2
24274,2025-10-08T22:19:28.386715,0.008,527.5,589.5,-1.1500383314811176,False,True,False,False,1,1,0,1,0,1,875,434,"[false, false, false]",200,2,1,Starfield Stage - 2
24282,2025-10-08T22:19:28.394498,0.008,525.0,589.5,-1.152704552888274,False,True,False,False,1,1,0,1,0,1,875,434,"[false, false, false]",200,2,1,Starfield Stage - 2
24290,2025-10-08T22:19:28.402929,0.009,522.5,589.5,-1.155339153151879,False,True,False,False,1,1,0,1,0,1,875,434,"[false, false, false]",200,2,1,Starfield Stage - 2
24299,2025-10-08T22:19:28.412128,0.009,520.0,589.5,-1.1579426555596948,False,True,False,False,1,1,0,1,0,1,875,434,"[false, false, false]",200,2,1,Starfield Stage - 2
24307,2025-10-08T22:19:28.420096,0.008,517.5,589.5,-1.1615362887245784,False,True,False,False,1,1,0,1,0,1,876,434,"[false, false, false]",200,2,1,Starfield Stage - 2
24317,2025-10-08T22:19:28.429435,0.009,515.0,589.5,-1.1640672283965057,False,True,False,False,1,1,0,1,0,1,876,434,"[false, false, false]",200,2,1,Starfield Stage - 2
24325,2025-10-08T22:19:28.438218,0.008,512.5,589.5,-1.168549162443452,False,True,False,False,1,1,0,1,0,1,878,434,"[false, false, false]",200,2,1,Starfield Stage - 2
24333,2025-10-08T22:19:28.446086,0.008,510.0,589.5,-1.1719710343781953,False,True,False,False,2,1,0,1,0,1,879,434,"[true, false, false]",200,2,1,Starfield Stage - 2
24342,2025-10-08T22:19:28.454526,0.009,507.5,589.5,-1.1743816768627302,False,True,False,False,2,1,0,1,0,1,879,434,"[true, false, false]",200,2,1,Starfield Stage - 2
24350,2025-10-08T22:19:28.462660,0.008,505.0,589.5,-1.176764868899437,False,True,False,False,2,1,0,1,0,1,879,434,"[true, false, false]",200,2,1,Starfield Stage - 2
24358,2025-10-08T22:19:28.471091,0.009,502.5,589.5,-1.1791210500945382,False,True,False,False,2,1,0,1,0,1,879,434,"[true, false, false]",200,2,1,Starfield Stage - 2
24368,2025-10-08T22:19:28.480657,0.009,500.0,589.5,-1.1814506513454572,False,True,False,False,2,1,0,1,0,1,879,434,"[true, false, false]",200,2,1,Starfield Stage - 2
24377,2025-10-08T22:19:28.489788,0.009,497.5,589.5,-1.1837540950366006,False,True,False,False,2,1,0,1,0,1,879,434,"[true, false, false]",200,2,1,Starfield Stage - 2
24385,2025-10-08T22:19:28.497971,0.009,495.0,589.5,-1.1860317952305763,False,True,False,False,2,1,0,1,0,1,879,434,"[true, false, false]",200,2,1,Starfield Stage - 2
24394,2025-10-08T22:19:28.506767,0.008,492.5,589.5,-1.1882841578549421,False,True,False,False,2,1,0,1,0,1,879,434,"[false, false, false]",200,2,1,Starfield Stage - 2
24402,2025-10-08T22:19:28.515095,0.009,490.0,589.5,-1.1913956546719968,False,True,False,False,2,1,0,1,0,1,880,434,"[false, false, false]",200,2,1,Starfield Stage - 2
24411,2025-10-08T22:19:28.524112,0.009,487.5,589.5,-1.1944593352218396,False,True,False,False,2,1,0,1,0,1,881,434,"[false, false, false]",200,2,1,Starfield Stage - 2
24421,2025-10-08T22:19:28.533329,0.009,485.0,589.5,-1.1991795680653747,False,True,False,False,2,1,0,1,0,1,884,434,"[false, false, false]",200,2,1,Starfield Stage - 2
24428,2025-10-08T22:19:28.541185,0.008,482.5,589.5,-1.2129603604849912,False,True,False,False,2,1,0,1,0,1,893,436,"[false, false, false]",200,2,1,Starfield Stage - 2
24438,2025-10-08T22:19:28.550874,0.01,480.0,589.5,-1.2230822021410779,False,True,False,False,2,1,0,1,0,1,898,438,"[false, false, false]",200,2,1,Starfield Stage - 2
24447,2025-10-08T22:19:28.559807,0.008,477.5,589.5,-1.2300873699170287,False,True,False,False,2,1,0,1,0,1,902,439,"[false, false, false]",200,2,1,Starfield Stage - 2
24455,2025-10-08T22:19:28.568174,0.009,475.0,589.5,-1.2369146517504925,False,True,False,False,2,1,0,1,0,1,906,440,"[false, false, false]",200,2,1,Starfield Stage - 2
24466,2025-10-08T22:19:28.579038,0.009,472.5,589.5,-1.2428730112934734,False,True,False,False,2,1,0,2,0,1,909,441,"[false, false, false]",200,2,1,Starfield Stage - 2
24474,2025-10-08T22:19:28.586881,0.009,470.0,587.0,-1.2510879751412134,False,True,True,False,2,1,0,2,0,1,911,441,"[false, false, false]",200,2,1,Starfield Stage - 2
24482,2025-10-08T22:19:28.594835,0.008,467.5,584.5,-1.2585241615281166,False,True,True,False,2,1,0,2,0,1,912,441,"[false, false, false]",200,2,1,Starfield Stage - 2
24491,2025-10-08T22:19:28.603394,0.009,465.0,582.0,-1.2652386889157763,False,True,True,False,2,1,0,2,0,1,912,441,"[false, false, false]",200,2,1,Starfield Stage - 2
24499,2025-10-08T22:19:28.611962,0.009,462.5,579.5,-1.2719066175810902,False,True,True,False,2,1,0,2,0,1,912,441,"[false, false, false]",200,2,1,Starfield Stage - 2
24509,2025-10-08T22:19:28.621420,0.009,460.0,577.0,-1.2791370211816853,False,True,True,False,2,1,0,2,0,1,913,441,"[false, false, false]",200,2,1,Starfield Stage - 2
24517,2025-10-08T22:19:28.630009,0.009,457.5,574.5,-1.2862873613103725,False,True,True,False,3,1,0,2,0,1,914,441,"[true, false, false]",200,2,1,Starfield Stage - 2
24525,2025-10-08T22:19:28.638175,0.008,455.0,572.0,-1.2927844375660145,False,True,True,False,3,1,0,2,0,1,914,441,"[true, false, false]",200,2,1,Starfield Stage - 2
24535,2025-10-08T22:19:28.647376,0.009,452.5,569.5,-1.2992349170612494,False,True,True,False,3,1,0,2,0,1,914,441,"[true, false, false]",200,2,1,Starfield Stage - 2
24543,2025-10-08T22:19:28.656034,0.009,450.0,567.0,-1.3056387682685937,False,True,True,False,3,1,0,2,0,1,914,441,"[true, false, false]",200,2,1,Starfield Stage - 2
24553,2025-10-08T22:19:28.666207,0.01,447.5,564.5,-1.311995975411558,False,True,True,False,3,1,0,2,0,1,914,441,"[true, false, false]",200,2,1,Starfield Stage - 2
24562,2025-10-08T22:19:28.675103,0.008,445.0,562.0,-1.3203066974153463,False,True,True,False,3,1,0,2,0,1,914,442,"[true, false, false]",200,2,1,Starfield Stage - 2
24571,2025-10-08T22:19:28.683299,0.009,442.5,559.5,-1.3265663533210057,False,True,True,False,3,1,0,2,0,1,914,442,"[true, false, false]",200,2,1,Starfield Stage - 2
24578,2025-10-08T22:19:28.691005,0.008,440.0,557.0,-1.3347726481689992,False,True,True,False,3,1,0,2,0,1,914,443,"[true, false, false]",200,2,1,Starfield Stage - 2
24587,2025-10-08T22:19:28.700232,0.009,437.5,554.5,-1.3409342320809667,False,True,True,False,3,1,0,2,0,1,914,443,"[false, false, false]",200,2,1,Starfield Stage - 2
24596,2025-10-08T22:19:28.708845,0.008,435.0,552.0,-1.347049040828248,False,True,True,False,3,1,0,2,0,1,914,443,"[false, false, false]",200,2,1,Starfield Stage - 2
24607,2025-10-08T22:19:28.719861,0.009,432.5,549.5,-1.3531171529501038,False,True,True,False,3,1,0,2,0,1,914,443,"[false, false, false]",200,2,1,Starfield Stage - 2
24614,2025-10-08T22:19:28.726571,0.009,430.0,547.0,-1.3591386595462798,False,True,True,False,3,1,0,2,0,1,914,443,"[false, false, false]",200,2,1,Starfield Stage - 2
24622,2025-10-08T22:19:28.734932,0.009,427.5,544.5,-1.3674906702730774,False,True,True,False,3,1,0,2,0,1,915,444,"[false, false, false]",200,2,1,Starfield Stage - 2
24631,2025-10-08T22:19:28.743877,0.009,425.0,542.0,-1.3753638582591576,False,True,True,False,3,1,0,2,0,1,915,445,"[false, false, false]",200,2,1,Starfield Stage - 2
24640,2025-10-08T22:19:28.752871,0.008,422.5,539.5,-1.3835527024357017,False,True,True,False,3,1,0,2,0,1,916,446,"[false, false, false]",200,2,1,Starfield Stage - 2
24647,2025-10-08T22:19:28.760091,0.008,420.0,537.0,-1.3912976885914974,False,True,True,False,3,1,0,2,0,1,916,447,"[false, false, false]",200,2,1,Starfield Stage - 2
24657,2025-10-08T22:19:28.769365,0.009,417.5,534.5,-1.3970397736335434,False,True,True,False,3,1,0,2,0,1,916,447,"[false, false, false]",200,2,1,Starfield Stage - 2
24665,2025-10-08T22:19:28.777766,0.008,415.0,532.0,-1.402735978540249,False,True,True,False,3,1,0,2,0,1,916,447,"[false, false, false]",200,2,1,Starfield Stage - 2
24674,2025-10-08T22:19:28.786450,0.009,412.5,529.5,-1.4083864857735415,False,True,True,False,3,1,0,2,0,1,916,447,"[false, false, false]",200,2,1,Starfield Stage - 2
24682,2025-10-08T22:19:28.794906,0.009,410.0,529.5,-1.4091749716118835,False,True,False,False,3,1,0,2,0,1,916,447,"[false, false, false]",200,2,1,Starfield Stage - 2
24691,2025-10-08T22:19:28.803903,0.008,407.5,529.5,-1.4099559041992034,False,True,False,False,3,1,0,2,0,1,916,447,"[false, false, false]",200,2,1,Starfield Stage - 2
24701,2025-10-08T22:19:28.813451,0.009,405.0,529.5,-1.4107293906130034,False,True,False,False,3,1,0,2,0,1,916,447,"[false, false, false]",200,2,1,Starfield Stage - 2
24708,2025-10-08T22:19:28.820740,0.008,402.5,529.5,-1.4114955359341586,False,True,False,False,4,1,0,2,0,1,916,447,"[true, false, false]",200,2,1,Starfield Stage - 2
24759,2025-10-08T22:19:28.871462,0.01,400.0,529.5,-1.4122544432928166,False,True,False,False,3,1,0,2,0,1,916,447,"[true, false, false]",210,2,1,Starfield Stage - 2
24762,2025-10-08T22:19:28.875075,0.044,397.5,529.5,-1.4130062139130515,False,True,False,False,3,1,0,2,0,1,916,447,"[true, false, false]",210,2,1,Starfield Stage - 2
24769,2025-10-08T22:19:28.882189,0.008,395.0,529.5,-1.4137509471563043,False,True,False,False,3,1,0,2,0,1,916,447,"[false, false, false]",210,2,1,Starfield Stage - 2
24778,2025-10-08T22:19:28.891137,0.009,392.5,529.5,-1.4144887405636555,False,True,False,False,3,2,0,3,0,1,916,447,"[false, false, false]",210,2,1,Starfield Stage - 2
24787,2025-10-08T22:19:28.899736,0.008,390.0,529.5,-1.4152196898969598,False,True,False,False,3,2,0,3,0,1,916,447,"[false, false, false]",210,2,1,Starfield Stage - 2
24795,2025-10-08T22:19:28.908064,0.009,387.5,529.5,-1.4156550135260035,False,True,False,False,3,2,0,3,0,1,915,447,"[false, false, false]",210,2,1,Starfield Stage - 2
24803,2025-10-08T22:19:28.916268,0.008,385.0,529.5,-1.4173628525666244,False,True,False,False,3,2,0,3,0,1,912,448,"[false, false, false]",210,2,1,Starfield Stage - 2
24811,2025-10-08T22:19:28.924130,0.008,382.5,529.5,-1.4187905449679221,False,True,False,False,3,2,0,3,0,1,908,449,"[false, false, false]",210,2,1,Starfield Stage - 2
24820,2025-10-08T22:19:28.932731,0.008,380.0,529.5,-1.4199434897121603,False,True,False,False,3,2,0,3,0,0,903,450,"[false, false, false]",210,2,1,Starfield Stage - 2
24829,2025-10-08T22:19:28.942265,0.01,377.5,529.5,-1.419229952275601,False,True,False,False,3,2,0,3,0,0,898,450,"[false, false, false]",210,2,1,Starfield Stage - 2
24838,2025-10-08T22:19:28.950950,0.009,375.0,529.5,-1.416158490194262,False,True,False,False,3,2,0,3,0,0,885,450,"[false, false, false]",210,2,1,Starfield Stage - 2
24848,2025-10-08T22:19:28.960376,0.009,372.5,529.5,-1.4148040199903524,False,True,False,False,3,2,0,3,0,0,878,450,"[false, false, false]",210,2,1,Starfield Stage - 2
24858,2025-10-08T22:19:28.970547,0.01,370.0,529.5,-1.411479431638955,False,True,False,False,3,2,0,3,0,0,871,449,"[false, false, false]",210,2,1,Starfield Stage - 2
24867,2025-10-08T22:19:28.980179,0.01,367.5,529.5,-1.4064626451248452,False,True,False,False,3,2,0,3,0,0,865,447,"[false, false, false]",210,2,1,Starfield Stage - 2
24879,2025-10-08T22:19:28.991397,0.011,365.0,529.5,-1.4036826936645679,False,True,False,False,3,2,0,3,0,0,860,446,"[false, false, false]",210,2,1,Starfield Stage - 2
24888,2025-10-08T22:19:29.001169,0.01,362.5,529.5,-1.4001976620518846,False,True,False,False,3,2,0,3,0,0,853,445,"[false, false, false]",210,2,1,Starfield Stage - 2
24897,2025-10-08T22:19:29.009902,0.009,360.0,529.5,-1.4007077916530082,False,True,False,False,4,2,0,3,0,0,852,445,"[true, false, false]",210,2,1,Starfield Stage - 2
24906,2025-10-08T22:19:29.018478,0.008,357.5,529.5,-1.4012149087535972,False,True,False,False,4,2,0,3,0,0,851,445,"[true, false, false]",210,2,1,Starfield Stage - 2
24916,2025-10-08T22:19:29.028348,0.01,355.0,529.5,-1.401719039701422,False,True,False,False,4,2,0,3,0,0,850,445,"[true, false, false]",210,2,1,Starfield Stage - 2
24925,2025-10-08T22:19:29.038006,0.01,352.5,529.5,-1.4025526926553147,False,True,False,False,4,2,0,3,0,0,850,445,"[true, false, false]",210,2,1,Starfield Stage - 2
24937,2025-10-08T22:19:29.049737,0.011,350.0,529.5,-1.4033782417022551,False,True,False,False,4,2,0,3,0,0,850,445,"[true, false, false]",210,2,1,Starfield Stage - 2
24984,2025-10-08T22:19:29.096732,0.009,347.5,529.5,-1.4041958033282569,False,True,False,False,3,1,0,3,0,0,850,445,"[true, false, false]",220,2,1,Starfield Stage - 2
24988,2025-10-08T22:19:29.100705,0.042,345.0,529.5,-1.4050054918188348,False,True,False,False,3,1,0,3,0,0,850,445,"[true, false, false]",220,2,1,Starfield Stage - 2
24997,2025-10-08T22:19:29.109872,0.01,342.5,529.5,-1.4058074193102092,False,True,False,False,3,1,0,4,0,0,850,445,"[false, false, false]",220,2,1,Starfield Stage - 2
25007,2025-10-08T22:19:29.119460,0.008,340.0,529.5,-1.4062848963865713,False,True,False,False,3,1,0,4,0,0,849,445,"[false, false, false]",220,2,1,Starfield Stage - 2
25013,2025-10-08T22:19:29.125976,0.008,337.5,529.5,-1.406759642567683,False,True,False,False,2,1,0,4,0,0,848,445,"[false, false, false]",220,2,1,Starfield Stage - 2
25022,2025-10-08T22:19:29.135113,0.009,335.0,529.5,-1.4094432977662126,False,True,False,False,2,1,0,4,0,0,848,446,"[false, false, false]",220,2,1,Starfield Stage - 2
25032,2025-10-08T22:19:29.145248,0.01,332.5,529.5,-1.4099056271166572,False,True,False,False,2,1,0,4,0,0,847,446,"[false, false, false]",220,2,1,Starfield Stage - 2
25041,2025-10-08T22:19:29.154170,0.009,330.0,529.5,-1.4125560023440176,False,True,False,False,2,1,0,4,0,0,847,447,"[false, false, false]",220,2,1,Starfield Stage - 2
25050,2025-10-08T22:19:29.163005,0.009,327.5,529.5,-1.4130062139130515,False,True,False,False,2,1,0,4,0,0,846,447,"[false, false, false]",220,2,1,Starfield Stage - 2
25060,2025-10-08T22:19:29.172953,0.009,325.0,529.5,-1.4137509471563043,False,True,False,False,2,1,0,4,0,0,846,447,"[false, false, false]",220,2,1,Starfield Stage - 2
25069,2025-10-08T22:19:29.181794,0.009,322.5,529.5,-1.4141944498128813,False,True,False,False,2,1,0,4,0,0,845,447,"[false, false, false]",220,2,1,Starfield Stage - 2
25077,2025-10-08T22:19:29.190203,0.009,320.0,529.5,-1.4146354749227206,False,True,False,False,3,1,0,4,0,0,844,447,"[true, false, false]",220,2,1,Starfield Stage - 2
25086,2025-10-08T22:19:29.198991,0.009,317.5,529.5,-1.4153650667788966,False,True,False,False,3,1,0,4,0,0,844,447,"[true, false, false]",220,2,1,Starfield Stage - 2
25094,2025-10-08T22:19:29.207255,0.008,315.0,529.5,-1.4157995848709557,False,True,False,False,3,1,0,4,0,0,843,447,"[true, false, false]",220,2,1,Starfield Stage - 2
25103,2025-10-08T22:19:29.216016,0.008,312.5,529.5,-1.4165184506642559,False,True,False,False,3,1,0,4,0,0,843,447,"[true, false, false]",220,2,1,Starfield Stage - 2
25111,2025-10-08T22:19:29.223672,0.008,310.0,529.5,-1.4172307313879335,False,True,False,False,3,1,0,4,0,0,843,447,"[true, false, false]",220,2,1,Starfield Stage - 2
25119,2025-10-08T22:19:29.232222,0.009,307.5,529.5,-1.417936516398951,False,True,False,False,3,1,0,4,0,0,843,447,"[true, false, false]",220,2,1,Starfield Stage - 2
25128,2025-10-08T22:19:29.240697,0.008,305.0,529.5,-1.4186358934577603,False,True,False,False,3,1,0,4,0,0,843,447,"[true, false, false]",220,2,1,Starfield Stage - 2
25136,2025-10-08T22:19:29.248880,0.008,302.5,529.5,-1.4193289487635075,False,True,False,False,3,1,0,4,0,0,843,447,"[false, false, false]",220,2,1,Starfield Stage - 2
25144,2025-10-08T22:19:29.256887,0.008,300.0,529.5,-1.4200157669883169,False,True,False,False,3,1,0,4,0,0,843,447,"[false, false, false]",220,2,1,Starfield Stage - 2
25152,2025-10-08T22:19:29.264546,0.008,297.5,529.5,-1.4198788982960189,False,True,False,False,3,1,0,4,0,0,840,447,"[false, false, false]",220,2,1,Starfield Stage - 2
25160,2025-10-08T22:19:29.272751,0.008,295.0,529.5,-1.4158559721386508,False,True,False,False,3,1,0,4,0,0,836,445,"[false, false, false]",220,2,1,Starfield Stage - 2
25167,2025-10-08T22:19:29.280256,0.008,292.5,529.5,-1.4106483653858426,False,True,False,False,3,1,0,3,0,0,828,443,"[false, false, false]",220,2,1,Starfield Stage - 2
25176,2025-10-08T22:19:29.288874,0.009,290.0,529.5,-1.404106581097993,False,True,False,False,3,1,0,3,0,0,816,441,"[false, false, false]",220,2,1,Starfield Stage - 2
25185,2025-10-08T22:19:29.297997,0.008,287.5,529.5,-1.3947938991066917,False,True,False,False,3,1,0,3,0,0,802,438,"[false, false, false]",220,2,1,Starfield Stage - 2
25193,2025-10-08T22:19:29.305914,0.009,287.5,529.5,-1.382713652531855,True,True,False,False,3,1,0,3,0,0,784,435,"[false, false, false]",220,2,1,Starfield Stage - 2
25202,2025-10-08T22:19:29.314991,0.009,287.5,529.5,-1.3645192887299091,True,True,False,False,3,1,0,3,0,0,763,430,"[false, false, false]",220,2,1,Starfield Stage - 2
25211,2025-10-08T22:19:29.323453,0.008,287.5,529.5,-1.3417390538018694,True,True,False,False,3,1,0,3,0,0,740,424,"[false, false, false]",220,2,1,Starfield Stage - 2
25219,2025-10-08T22:19:29.331971,0.009,287.5,529.5,-1.3128956444287951,True,True,False,False,3,1,0,3,0,0,714,417,"[false, false, false]",220,2,1,Starfield Stage - 2
25228,2025-10-08T22:19:29.341204,0.009,287.5,529.5,-1.2748562884146886,True,True,False,False,3,1,0,3,0,0,686,408,"[false, false, false]",220,2,1,Starfield Stage - 2
25238,2025-10-08T22:19:29.350623,0.009,287.5,529.5,-1.1834528822504555,True,True,False,False,3,1,0,3,0,0,627,391,"[false, false, false]",220,2,1,Starfield Stage - 2
25246,2025-10-08T22:19:29.358844,0.008,287.5,529.5,-1.1286999201743881,True,True,False,False,3,1,0,3,0,0,597,383,"[false, false, false]",220,2,1,Starfield Stage - 2
25254,2025-10-08T22:19:29.366986,0.008,287.5,529.5,-1.0715740606212802,True,True,False,False,3,1,0,3,0,0,569,376,"[false, false, false]",220,2,1,Starfield Stage - 2
25262,2025-10-08T22:19:29.374930,0.008,287.5,529.5,-0.9999614099906246,True,True,False,False,3,1,0,3,0,0,539,368,"[false, false, false]",220,2,1,Starfield Stage - 2
25270,2025-10-08T22:19:29.382415,0.008,290.0,529.5,-0.9092791494475568,True,False,False,False,3,1,0,3,0,0,509,359,"[false, false, false]",220,2,1,Starfield Stage - 2
25278,2025-10-08T22:19:29.390840,0.009,292.5,529.5,-0.8099833727673084,True,False,False,False,3,1,0,3,0,0,480,351,"[false, false, false]",220,2,1,Starfield Stage - 2
25287,2025-10-08T22:19:29.400148,0.009,295.0,529.5,-0.7023777482294534,True,False,False,False,3,1,0,3,0,0,452,344,"[false, false, false]",220,2,1,Starfield Stage - 2
25296,2025-10-08T22:19:29.408838,0.008,297.5,529.5,-0.5910092090399688,True,False,False,False,3,1,0,3,0,0,426,338,"[false, false, false]",220,2,1,Starfield Stage - 2
25304,2025-10-08T22:19:29.416668,0.008,300.0,529.5,-0.48889476854496805,True,False,False,False,3,1,0,3,0,0,404,334,"[false, false, false]",220,2,1,Starfield Stage - 2
25312,2025-10-08T22:19:29.424671,0.008,302.5,529.5,-0.40611953275229784,True,False,False,False,4,1,0,3,0,0,387,333,"[true, false, false]",220,2,1,Starfield Stage - 2
25321,2025-10-08T22:19:29.433302,0.009,305.0,529.5,-0.3422177490442508,True,False,False,False,4,1,0,3,0,0,375,333,"[true, false, false]",220,2,1,Starfield Stage - 2
25329,2025-10-08T22:19:29.441740,0.008,307.5,529.5,-0.29687232900846544,True,False,False,False,4,1,0,3,0,0,367,335,"[true, false, false]",220,2,1,Starfield Stage - 2
25337,2025-10-08T22:19:29.450255,0.009,310.0,529.5,-0.2700039626868069,True,False,False,False,4,1,0,3,0,0,363,338,"[true, false, false]",220,2,1,Starfield Stage - 2
25346,2025-10-08T22:19:29.458587,0.008,312.5,529.5,-0.24685015189637693,True,False,False,False,4,1,0,3,0,0,360,341,"[true, false, false]",220,2,1,Starfield Stage - 2
25354,2025-10-08T22:19:29.466631,0.008,315.0,529.5,-0.23289273762841936,True,False,False,False,4,1,0,3,0,0,359,344,"[true, false, false]",220,2,1,Starfield Stage - 2
25363,2025-10-08T22:19:29.476028,0.01,317.5,529.5,-0.21837883854236495,True,False,False,False,4,1,0,3,0,0,358,347,"[true, false, false]",220,2,1,Starfield Stage - 2
25372,2025-10-08T22:19:29.485177,0.009,320.0,529.5,-0.20218530502014065,True,False,False,False,4,1,0,3,0,0,357,349,"[true, false, false]",220,2,1,Starfield Stage - 2
25381,2025-10-08T22:19:29.493494,0.008,322.5,529.5,-0.19410609803032688,True,False,False,False,4,1,0,3,0,0,357,354,"[true, false, false]",220,2,1,Starfield Stage - 2
25388,2025-10-08T22:19:29.501079,0.008,325.0,529.5,-0.18136597658220027,True,False,False,False,4,1,0,3,0,0,357,355,"[false, false, false]",220,2,1,Starfield Stage - 2
25397,2025-10-08T22:19:29.509406,0.008,327.5,529.5,-0.16841816599831944,True,False,False,False,4,1,0,3,0,0,357,356,"[false, false, false]",220,2,1,Starfield Stage - 2
25444,2025-10-08T22:19:29.556298,0.009,330.0,529.5,-0.15438130328175567,True,False,False,False,3,1,0,3,0,0,357,356,"[false, false, false]",230,2,1,Starfield Stage - 2
25449,2025-10-08T22:19:29.561472,0.043,332.5,529.5,-0.14108536647073255,True,False,False,False,3,1,0,3,0,0,357,357,"[false, false, false]",230,2,1,Starfield Stage - 2
25457,2025-10-08T22:19:29.570142,0.009,335.0,529.5,-0.13137112757243852,True,False,False,False,3,1,0,3,0,0,357,363,"[false, false, false]",230,2,1,Starfield Stage - 2
25466,2025-10-08T22:19:29.579137,0.009,337.5,529.5,-0.11728402940293062,True,False,False,False,3,1,0,3,0,0,357,364,"[false, false, false]",230,2,1,Starfield Stage - 2
25475,2025-10-08T22:19:29.587637,0.008,340.0,529.5,-0.09695944780102986,True,False,False,False,3,1,0,3,0,0,356,365,"[false, false, false]",230,2,1,Starfield Stage - 2
25484,2025-10-08T22:19:29.596654,0.009,342.5,529.5,-0.08238193059169066,True,False,False,False,3,1,0,3,0,0,356,366,"[false, false, false]",230,2,1,Starfield Stage - 2
25492,2025-10-08T22:19:29.604596,0.008,345.0,532.0,-0.06616832373315715,True,False,False,True,3,1,0,3,0,0,356,366,"[false, false, false]",230,2,1,Starfield Stage - 2
25500,2025-10-08T22:19:29.613175,0.009,347.5,534.5,-0.05632019774772215,True,False,False,True,3,1,0,3,0,0,357,366,"[false, false, false]",230,2,1,Starfield Stage - 2
25510,2025-10-08T22:19:29.622720,0.009,350.0,537.0,-0.04702413184274622,True,False,False,True,3,1,0,3,0,0,358,367,"[false, false, false]",230,2,1,Starfield Stage - 2
25518,2025-10-08T22:19:29.630896,0.008,352.5,539.5,-0.0381047141471211,True,False,False,True,4,1,0,3,0,0,359,369,"[true, false, false]",230,2,1,Starfield Stage - 2
25526,2025-10-08T22:19:29.638909,0.008,355.0,542.0,-0.035488053163673636,True,False,False,True,4,1,0,3,0,0,361,373,"[true, false, false]",230,2,1,Starfield Stage - 2
25534,2025-10-08T22:19:29.646924,0.009,357.5,544.5,-0.03282402742696297,True,False,False,True,4,1,0,3,0,0,363,377,"[true, false, false]",230,2,1,Starfield Stage - 2
25543,2025-10-08T22:19:29.656108,0.009,360.0,547.0,-0.0302937599187751,True,False,False,True,4,1,0,3,0,0,365,382,"[true, false, false]",230,2,1,Starfield Stage - 2
25552,2025-10-08T22:19:29.664592,0.008,362.5,549.5,-0.027515989285454418,True,False,False,True,4,1,0,3,0,0,367,386,"[true, false, false]",230,2,1,Starfield Stage - 2
25560,2025-10-08T22:19:29.673267,0.009,365.0,552.0,-0.018516402068009044,True,False,False,True,4,1,0,3,0,0,368,390,"[true, false, false]",230,2,1,Starfield Stage - 2
25570,2025-10-08T22:19:29.682801,0.009,367.5,554.5,-0.0030959653405495204,True,False,False,True,4,1,0,3,0,0,368,393,"[true, false, false]",230,2,1,Starfield Stage - 2
25614,2025-10-08T22:19:29.726888,0.008,370.0,557.0,0.00621110025286632,True,False,False,True,3,0,0,3,0,0,369,396,"[true, false, false]",230,2,1,Starfield Stage - 2
25619,2025-10-08T22:19:29.731453,0.041,372.5,559.5,0.021668434726186108,True,False,False,True,3,0,0,3,0,0,369,398,"[false, false, false]",230,2,1,Starfield Stage - 2
25627,2025-10-08T22:19:29.739892,0.008,375.0,562.0,0.013071150950181746,True,False,False,True,3,0,0,3,0,0,373,409,"[false, false, false]",230,2,1,Starfield Stage - 2
25635,2025-10-08T22:19:29.748212,0.009,377.5,564.5,0.02930756694460569,True,False,False,True,3,0,0,3,0,0,373,411,"[false, false, false]",230,2,1,Starfield Stage - 2
25644,2025-10-08T22:19:29.756703,0.008,380.0,567.0,0.03894134309703925,True,False,False,True,3,0,0,3,0,0,374,413,"[false, false, false]",230,2,1,Starfield Stage - 2
25652,2025-10-08T22:19:29.765111,0.009,382.5,569.5,0.05460803353094685,True,False,False,True,3,0,0,3,0,1,374,414,"[false, false, false]",230,2,1,Starfield Stage - 2
25662,2025-10-08T22:19:29.774530,0.009,385.0,572.0,0.06994938504078187,True,False,False,True,3,0,0,3,0,1,374,415,"[false, false, false]",230,2,1,Starfield Stage - 2
25671,2025-10-08T22:19:29.783528,0.009,387.5,574.5,0.08443824802235778,True,False,False,True,3,0,0,3,0,1,374,415,"[false, false, false]",230,2,1,Starfield Stage - 2
25679,2025-10-08T22:19:29.792199,0.009,390.0,577.0,0.09844615921263308,True,False,False,True,3,0,0,3,0,1,374,415,"[false, false, false]",230,2,1,Starfield Stage - 2
25688,2025-10-08T22:19:29.800761,0.008,392.5,579.5,0.11199144319740081,True,False,False,True,3,0,0,3,0,1,374,415,"[false, false, false]",230,2,1,Starfield Stage - 2
25696,2025-10-08T22:19:29.809136,0.009,395.0,582.0,0.12509191408912193,True,False,False,True,3,0,0,3,0,1,374,415,"[false, false, false]",230,2,1,Starfield Stage - 2
25705,2025-10-08T22:19:29.817746,0.008,397.5,584.5,0.13776484671871136,True,False,False,True,2,0,0,3,0,1,374,415,"[false, false, false]",230,2,1,Starfield Stage - 2
25714,2025-10-08T22:19:29.826667,0.009,400.0,587.0,0.15002695678410782,True,False,False,True,3,0,0,3,0,1,374,415,"[true, false, false]",230,2,1,Starfield Stage - 2
25722,2025-10-08T22:19:29.834639,0.008,402.5,589.5,0.16189438857731445,True,False,False,True,3,0,0,3,0,1,374,415,"[true, false, false]",230,2,1,Starfield Stage - 2
25730,2025-10-08T22:19:29.842783,0.009,405.0,592.0,0.17338270907176193,True,False,False,True,3,0,0,3,0,1,374,415,"[true, false, false]",230,2,1,Starfield Stage - 2
25740,2025-10-08T22:19:29.852316,0.009,407.5,594.5,0.1845069073008119,True,False,False,True,3,0,0,3,0,1,374,415,"[true, false, false]",230,2,1,Starfield Stage - 2
25748,2025-10-08T22:19:29.860862,0.008,410.0,597.0,0.19528139809489925,True,False,False,True,3,0,0,3,0,1,374,415,"[true, false, false]",230,2,1,Starfield Stage - 2
25756,2025-10-08T22:19:29.869078,0.009,412.5,599.5,0.20572002936881822,True,False,False,True,3,0,0,3,0,1,374,415,"[true, false, false]",230,2,1,Starfield Stage - 2
25765,2025-10-08T22:19:29.878072,0.009,415.0,602.0,0.21583609226210426,True,False,False,True,3,0,0,3,0,1,374,415,"[true, false, false]",230,2,1,Starfield Stage - 2
25774,2025-10-08T22:19:29.886624,0.008,417.5,604.5,0.2256423335348134,True,False,False,True,3,0,0,3,0,1,374,415,"[false, false, false]",230,2,1,Starfield Stage - 2
25782,2025-10-08T22:19:29.894729,0.008,420.0,607.0,0.2351509697089438,True,False,False,True,3,0,0,3,0,1,374,415,"[false, false, false]",230,2,1,Starfield Stage - 2
25790,2025-10-08T22:19:29.902812,0.008,422.5,609.5,0.24437370252310883,True,False,False,True,3,0,0,3,0,1,374,415,"[false, false, false]",230,2,1,Starfield Stage - 2
25798,2025-10-08T22:19:29.910468,0.008,425.0,612.0,0.2533217353357484,True,False,False,True,3,0,0,3,0,1,374,415,"[false, false, false]",230,2,1,Starfield Stage - 2
25806,2025-10-08T22:19:29.918978,0.009,427.5,614.5,0.2620057901710768,True,False,False,True,3,0,0,3,0,1,374,415,"[false, false, false]",230,2,1,Starfield Stage - 2
25815,2025-10-08T22:19:29.928249,0.009,430.0,617.0,0.2704361251530001,True,False,False,True,3,0,0,3,0,1,374,415,"[false, false, false]",230,2,1,Starfield Stage - 2
25824,2025-10-08T22:19:29.936840,0.009,432.5,619.5,0.27862255211626624,True,False,False,True,3,0,0,3,0,1,374,415,"[false, false, false]",230,2,1,Starfield Stage - 2
25834,2025-10-08T22:19:29.946383,0.009,435.0,622.0,0.28657445422193084,True,False,False,True,3,0,0,3,0,1,374,415,"[false, false, false]",230,2,1,Starfield Stage - 2
25842,2025-10-08T22:19:29.954817,0.008,437.5,624.5,0.29430080343658604,True,False,False,True,3,0,0,3,0,1,374,415,"[false, false, false]",230,2,1,Starfield Stage - 2
25850,2025-10-08T22:19:29.962786,0.008,440.0,627.0,0.30181017776238317,True,False,False,True,3,0,0,3,0,1,374,415,"[false, false, false]",230,2,1,Starfield Stage - 2
25859,2025-10-08T22:19:29.971566,0.009,442.5,629.5,0.30911077812829574,True,False,False,True,3,1,0,3,0,1,374,415,"[false, false, false]",230,2,1,Starfield Stage - 2
25867,2025-10-08T22:19:29.980056,0.008,445.0,629.5,0.3196511872919141,True,False,False,False,3,1,0,3,0,1,374,415,"[false, false, false]",230,2,1,Starfield Stage - 2
25875,2025-10-08T22:19:29.987967,0.009,447.5,629.5,0.3301185599089347,True,False,False,False,3,1,0,3,0,1,374,415,"[false, false, false]",230,2,1,Starfield Stage - 2
25884,2025-10-08T22:19:29.997117,0.009,450.0,629.5,0.3405113828938592,True,False,False,False,3,1,0,3,0,1,374,415,"[false, false, false]",230,2,1,Starfield Stage - 2
25893,2025-10-08T22:19:30.005863,0.009,452.5,629.5,0.35082822903406874,True,False,False,False,4,1,0,3,0,1,374,415,"[true, false, false]",230,2,1,Starfield Stage - 2
25902,2025-10-08T22:19:30.014957,0.009,455.0,629.5,0.36106775658251145,True,False,False,False,3,1,0,3,0,1,374,415,"[true, false, false]",230,2,1,Starfield Stage - 2
25912,2025-10-08T22:19:30.024791,0.009,457.5,629.5,0.37122870866263963,True,False,False,False,3,1,0,3,0,1,374,415,"[true, false, false]",230,2,1,Starfield Stage - 2
25920,2025-10-08T22:19:30.032682,0.008,460.0,629.5,0.38130991249587387,True,False,False,False,3,1,0,3,0,1,374,415,"[true, false, false]",230,2,1,Starfield Stage - 2
25928,2025-10-08T22:19:30.040803,0.008,462.5,629.5,0.3913102784622111,True,False,False,False,3,1,0,3,0,1,374,415,"[true, false, false]",230,2,1,Starfield Stage - 2
25936,2025-10-08T22:19:30.048987,0.009,465.0,629.5,0.40122879900484876,True,False,False,False,3,1,0,3,0,1,374,415,"[true, false, false]",230,2,1,Starfield Stage - 2
25946,2025-10-08T22:19:30.058407,0.009,467.5,629.5,0.4110645473898644,True,False,False,False,3,1,0,3,0,1,374,415,"[true, false, false]",230,2,1,Starfield Stage - 2
25954,2025-10-08T22:19:30.066954,0.009,470.0,629.5,0.4208166763320788,True,False,False,False,3,1,0,3,0,1,374,415,"[false, false, false]",230,2,1,Starfield Stage - 2
25963,2025-10-08T22:19:30.075954,0.009,472.5,629.5,0.4304844164982413,True,False,False,False,3,1,0,3,0,1,374,415,"[false, false, false]",230,2,1,Starfield Stage - 2
25972,2025-10-08T22:19:30.084651,0.008,475.0,629.5,0.4400670748986189,True,False,False,False,3,1,0,3,0,1,374,415,"[false, false, false]",230,2,1,Starfield Stage - 2
25981,2025-10-08T22:19:30.093656,0.009,477.5,629.5,0.46458834249563846,True,False,False,False,3,1,0,3,0,1,371,417,"[false, false, false]",230,2,1,Starfield Stage - 2
25989,2025-10-08T22:19:30.101743,0.008,480.0,629.5,0.4926656786123038,True,False,False,False,3,1,0,3,0,1,367,419,"[false, false, false]",230,2,1,Starfield Stage - 2
25997,2025-10-08T22:19:30.110133,0.009,482.5,629.5,0.5261245483927336,True,False,False,False,3,1,0,3,0,1,362,422,"[false, false, false]",230,2,1,Starfield Stage - 2
26006,2025-10-08T22:19:30.118788,0.008,485.0,629.5,0.5583816401184415,True,False,False,False,3,1,0,3,0,1,356,423,"[false, false, false]",230,2,1,Starfield Stage - 2
26013,2025-10-08T22:19:30.125968,0.008,487.5,629.5,0.5953017439912648,True,False,False,False,3,1,0,3,0,1,349,425,"[false, false, false]",230,2,1,Starfield Stage - 2
26022,2025-10-08T22:19:30.134555,0.008,490.0,629.5,0.628796286415433,True,False,False,False,3,1,0,3,0,1,342,426,"[false, false, false]",230,2,1,Starfield Stage - 2
26030,2025-10-08T22:19:30.142575,0.008,492.5,629.5,0.6579588743128653,True,False,False,False,3,1,0,3,0,1,336,427,"[false, false, false]",230,2,1,Starfield Stage - 2
26038,2025-10-08T22:19:30.151062,0.009,495.0,629.5,0.6896163697668982,True,False,False,False,3,1,0,3,0,1,328,427,"[false, false, false]",230,2,1,Starfield Stage - 2
26047,2025-10-08T22:19:30.159588,0.008,497.5,629.5,0.722489157362323,True,False,False,False,3,1,0,3,0,1,319,427,"[false, false, false]",230,2,1,Starfield Stage - 2
26055,2025-10-08T22:19:30.168100,0.009,500.0,629.5,0.7511041171007473,True,False,False,False,3,1,0,3,0,1,310,426,"[false, false, false]",230,2,1,Starfield Stage - 2
26064,2025-10-08T22:19:30.176578,0.008,502.5,629.5,0.7756185240884176,True,False,False,False,3,1,0,3,0,1,300,423,"[false, false, false]",230,2,1,Starfield Stage - 2
26072,2025-10-08T22:19:30.184672,0.008,505.0,629.5,0.7983538577944442,True,False,False,False,2,1,0,3,0,1,290,420,"[false, false, false]",230,2,1,Starfield Stage - 2
26079,2025-10-08T22:19:30.192058,0.008,507.5,629.5,0.8149350253667713,True,False,False,False,2,1,0,3,0,1,281,416,"[false, false, false]",230,2,1,Starfield Stage - 2
26088,2025-10-08T22:19:30.200729,0.008,510.0,629.5,0.8326676559801344,True,False,False,False,2,1,0,3,0,1,272,413,"[false, false, false]",230,2,1,Starfield Stage - 2
26096,2025-10-08T22:19:30.208724,0.008,512.5,629.5,0.8472848462652356,True,False,False,False,2,1,0,3,0,1,264,410,"[false, false, false]",230,2,1,Starfield Stage - 2
26104,2025-10-08T22:19:30.216859,0.009,515.0,627.0,0.8669777099339174,True,False,True,False,2,1,0,3,0,1,257,408,"[false, false, false]",230,2,1,Starfield Stage - 2
26112,2025-10-08T22:19:30.225072,0.008,517.5,624.5,0.8844518098160873,True,False,True,False,2,1,0,3,0,1,252,407,"[false, false, false]",230,2,1,Starfield Stage - 2
26122,2025-10-08T22:19:30.234668,0.009,520.0,622.0,0.8965088992794806,True,False,True,False,2,1,0,3,0,1,251,407,"[false, false, false]",230,2,1,Starfield Stage - 2
26131,2025-10-08T22:19:30.243698,0.009,522.5,619.5,0.9013004904050749,True,False,True,False,2,1,0,3,0,1,254,407,"[false, false, false]",230,2,1,Starfield Stage - 2
26138,2025-10-08T22:19:30.251218,0.008,525.0,617.0,0.8951251522815244,True,False,True,False,2,1,0,3,0,1,263,407,"[false, false, false]",230,2,1,Starfield Stage - 2
26147,2025-10-08T22:19:30.259588,0.008,527.5,614.5,0.8790102167905863,True,False,True,False,2,1,0,3,0,1,277,407,"[false, false, false]",230,2,1,Starfield Stage - 2
26155,2025-10-08T22:19:30.267825,0.008,530.0,612.0,0.8513615495028268,True,False,True,False,2,1,0,3,0,1,296,407,"[false, false, false]",230,2,1,Starfield Stage - 2
26163,2025-10-08T22:19:30.275774,0.008,532.5,609.5,0.8093743833722177,True,False,True,False,2,1,0,3,0,1,319,406,"[false, false, false]",230,2,1,Starfield Stage - 2
26171,2025-10-08T22:19:30.283797,0.008,535.0,607.0,0.7572725896428125,True,False,True,False,2,1,0,3,0,1,345,406,"[false, false, false]",230,2,1,Starfield Stage - 2
26179,2025-10-08T22:19:30.292163,0.009,537.5,604.5,0.6954773743621957,True,False,True,False,2,1,0,3,0,1,371,405,"[false, false, false]",230,2,1,Starfield Stage - 2
26188,2025-10-08T22:19:30.301199,0.008,540.0,602.0,0.617844488214677,True,False,True,False,2,1,0,3,0,1,400,405,"[false, false, false]",230,2,1,Starfield Stage - 2
26196,2025-10-08T22:19:30.308876,0.008,542.5,602.0,0.3965919461341354,True,False,False,False,2,1,0,3,0,1,460,405,"[false, false, false]",230,2,1,Starfield Stage - 2
26205,2025-10-08T22:19:30.317665,0.009,545.0,602.0,0.26754015492197875,True,False,False,False,2,1,0,3,0,1,491,405,"[false, false, false]",230,2,1,Starfield Stage - 2
26213,2025-10-08T22:19:30.325917,0.009,547.5,602.0,0.12373018987954928,True,False,False,False,2,1,0,3,0,1,523,405,"[false, false, false]",230,2,1,Starfield Stage - 2
26223,2025-10-08T22:19:30.335672,0.009,550.0,602.0,-0.020301778859218456,True,False,False,False,2,1,0,3,0,1,554,405,"[false, false, false]",230,2,1,Starfield Stage - 2
26231,2025-10-08T22:19:30.343929,0.009,552.5,602.0,-0.16928259351042158,True,False,False,False,2,1,0,3,0,1,586,406,"[false, false, false]",230,2,1,Starfield Stage - 2
26240,2025-10-08T22:19:30.353164,0.009,555.0,602.0,-0.30762276599975474,True,False,False,False,2,1,0,3,0,1,616,410,"[false, false, false]",230,2,1,Starfield Stage - 2
26249,2025-10-08T22:19:30.362021,0.009,557.5,602.0,-0.43325523299477964,True,False,False,False,2,1,0,3,0,1,644,415,"[false, false, false]",230,2,1,Starfield Stage - 2
26258,2025-10-08T22:19:30.370320,0.008,560.0,602.0,-0.5387747649115682,True,False,False,False,2,1,0,3,0,1,667,423,"[false, false, false]",230,2,1,Starfield Stage - 2
26266,2025-10-08T22:19:30.379145,0.008,562.5,602.0,-0.6188732137991924,True,False,False,False,2,1,0,3,0,1,685,430,"[false, false, false]",230,2,1,Starfield Stage - 2
26275,2025-10-08T22:19:30.387505,0.009,562.5,602.0,-0.6839116315668683,True,True,False,False,3,1,0,3,0,1,697,437,"[true, false, false]",230,2,1,Starfield Stage - 2
26283,2025-10-08T22:19:30.396146,0.009,562.5,602.0,-0.733863136337292,True,True,False,False,3,1,0,3,1,2,705,444,"[true, false, false]",230,2,1,Starfield Stage - 2
26292,2025-10-08T22:19:30.405162,0.009,562.5,602.0,-0.7602778205010962,True,True,False,False,2,1,0,3,1,2,708,449,"[true, false, false]",230,2,1,Starfield Stage - 2
26302,2025-10-08T22:19:30.414622,0.009,562.5,602.0,-0.7870959546354247,True,True,False,False,2,1,0,3,1,2,710,455,"[true, false, false]",230,2,1,Starfield Stage - 2
26311,2025-10-08T22:19:30.423671,0.009,562.5,602.0,-0.7939449638300597,True,True,False,False,2,1,0,3,1,2,710,457,"[true, false, false]",230,2,1,Starfield Stage - 2
26319,2025-10-08T22:19:30.432234,0.009,562.5,602.0,-0.800887458119883,True,True,False,False,2,1,0,3,1,2,710,459,"[true, false, false]",230,2,1,Starfield Stage - 2
26328,2025-10-08T22:19:30.440572,0.008,560.0,602.0,-0.8094485080827897,False,True,False,False,2,1,0,3,1,2,709,460,"[false, false, false]",230,2,1,Starfield Stage - 2
26336,2025-10-08T22:19:30.448834,0.008,557.5,602.0,-0.8212801917506057,False,True,False,False,2,1,0,3,1,2,709,461,"[false, false, false]",230,2,1,Starfield Stage - 2
26344,2025-10-08T22:19:30.456877,0.009,555.0,602.0,-0.8297376841474936,False,True,False,False,2,1,0,3,1,2,708,462,"[false, false, false]",230,2,1,Starfield Stage - 2
26353,2025-10-08T22:19:30.465805,0.008,552.5,602.0,-0.8378036051168298,False,True,False,False,2,1,0,3,1,2,708,462,"[false, false, false]",230,2,1,Starfield Stage - 2
26361,2025-10-08T22:19:30.473802,0.009,550.0,602.0,-0.8425748322738381,False,True,False,False,2,1,0,3,1,2,707,462,"[false, false, false]",230,2,1,Starfield Stage - 2
26371,2025-10-08T22:19:30.483333,0.009,547.5,602.0,-0.8409900654860802,False,True,False,False,2,1,0,3,1,2,704,462,"[false, false, false]",230,2,1,Starfield Stage - 2
26379,2025-10-08T22:19:30.491872,0.009,545.0,602.0,-0.8401379434473291,False,True,False,False,2,1,0,3,1,2,699,464,"[false, false, false]",230,2,1,Starfield Stage - 2
26389,2025-10-08T22:19:30.501464,0.009,542.5,602.0,-0.8124186125847132,False,True,False,False,2,1,0,3,1,2,685,467,"[false, false, false]",230,2,1,Starfield Stage - 2
26397,2025-10-08T22:19:30.509965,0.009,540.0,602.0,-0.7964678219275553,False,True,False,False,2,1,0,3,1,2,677,468,"[false, false, false]",230,2,1,Starfield Stage - 2
26406,2025-10-08T22:19:30.518472,0.008,537.5,602.0,-0.7721664214738598,False,True,False,False,2,1,0,3,1,2,668,468,"[false, false, false]",230,2,1,Starfield Stage - 2
26414,2025-10-08T22:19:30.527200,0.009,535.0,602.0,-0.7463555134422813,False,True,False,False,2,1,0,3,1,2,658,469,"[false, false, false]",230,2,1,Starfield Stage - 2
26423,2025-10-08T22:19:30.535698,0.008,532.5,602.0,-0.7236007028927972,False,True,False,False,2,1,0,3,1,2,650,469,"[false, false, false]",230,2,1,Starfield Stage - 2
26432,2025-10-08T22:19:30.544444,0.009,530.0,602.0,-0.6998928697192437,False,True,False,False,2,1,0,3,1,2,642,469,"[false, false, false]",230,2,1,Starfield Stage - 2
26441,2025-10-08T22:19:30.553644,0.009,527.5,602.0,-0.6761045777419609,False,True,False,False,2,1,0,3,1,2,635,468,"[false, false, false]",230,2,1,Starfield Stage - 2
26449,2025-10-08T22:19:30.562171,0.009,525.0,602.0,-0.6620604624977243,False,True,False,False,2,1,0,3,1,2,631,466,"[false, false, false]",230,2,1,Starfield Stage - 2
26458,2025-10-08T22:19:30.570972,0.008,522.5,602.0,-0.6562245401555437,False,True,False,False,2,1,0,3,1,2,628,465,"[false, false, false]",230,2,1,Starfield Stage - 2
26466,2025-10-08T22:19:30.578977,0.009,520.0,602.0,-0.6595363894787052,False,True,False,False,2,1,0,3,1,2,627,464,"[false, false, false]",230,2,1,Starfield Stage - 2
26515,2025-10-08T22:19:30.627452,0.009,517.5,602.0,-0.6662891861763831,False,True,False,False,1,1,0,3,1,2,626,464,"[false, false, false]",240,2,1,Starfield Stage - 2
26520,2025-10-08T22:19:30.633157,0.045,515.0,602.0,-0.677386438697402,False,True,False,False,2,1,0,3,1,3,626,464,"[true, false, false]",240,2,1,Starfield Stage - 2
26529,2025-10-08T22:19:30.642244,0.009,512.5,602.0,-0.6882890642850936,False,True,False,False,2,1,0,3,1,3,626,464,"[false, false, false]",240,2,1,Starfield Stage - 2
26538,2025-10-08T22:19:30.650852,0.008,510.0,602.0,-0.7032306410357483,False,True,False,False,2,1,0,3,1,3,627,464,"[false, false, false]",240,2,1,Starfield Stage - 2
26546,2025-10-08T22:19:30.658820,0.009,507.5,602.0,-0.7218998288118449,False,True,False,False,2,1,0,3,1,3,629,464,"[false, false, false]",240,2,1,Starfield Stage - 2
26555,2025-10-08T22:19:30.667956,0.009,505.0,602.0,-0.7399748839758713,False,True,False,False,2,1,0,3,1,3,631,464,"[false, false, false]",240,2,1,Starfield Stage - 2
26564,2025-10-08T22:19:30.676702,0.008,502.5,602.0,-0.7724598835494356,False,True,False,False,2,1,0,3,1,3,636,465,"[false, false, false]",240,2,1,Starfield Stage - 2
26572,2025-10-08T22:19:30.684843,0.008,500.0,602.0,-0.7926973038411456,False,True,False,False,2,1,0,3,1,3,638,466,"[false, false, false]",240,2,1,Starfield Stage - 2
26579,2025-10-08T22:19:30.692159,0.008,497.5,602.0,-0.8052153885868398,False,True,False,False,2,1,0,3,1,3,639,466,"[false, false, false]",240,2,1,Starfield Stage - 2
26588,2025-10-08T22:19:30.700848,0.008,495.0,602.0,-0.8174156880385589,False,True,False,False,1,1,0,3,1,3,640,466,"[false, false, false]",240,2,1,Starfield Stage - 2
26596,2025-10-08T22:19:30.708986,0.009,492.5,602.0,-0.8293066548522198,False,True,False,False,1,1,0,3,1,3,641,466,"[false, false, false]",240,2,1,Starfield Stage - 2
26605,2025-10-08T22:19:30.718155,0.009,490.0,602.0,-0.8376154605770054,False,True,False,False,1,1,0,3,1,3,641,466,"[false, false, false]",240,2,1,Starfield Stage - 2
26614,2025-10-08T22:19:30.726461,0.008,487.5,602.0,-0.852654084974049,False,True,False,False,1,1,0,3,1,3,642,467,"[false, false, false]",240,2,1,Starfield Stage - 2
26622,2025-10-08T22:19:30.735078,0.009,485.0,602.0,-0.8605985525559741,False,True,False,False,1,1,0,3,1,3,642,467,"[false, false, false]",240,2,1,Starfield Stage - 2
26632,2025-10-08T22:19:30.744385,0.009,482.5,602.0,-0.8683988866455328,False,True,False,False,1,1,0,3,1,3,642,467,"[false, false, false]",240,2,1,Starfield Stage - 2
26640,2025-10-08T22:19:30.752658,0.008,480.0,602.0,-0.8760580505981934,False,True,False,False,1,1,0,3,1,3,642,467,"[false, false, false]",240,2,1,Starfield Stage - 2
26648,2025-10-08T22:19:30.760518,0.008,477.5,602.0,-0.8835789677552126,False,True,False,False,1,1,0,3,1,3,642,467,"[false, false, false]",240,2,1,Starfield Stage - 2
26657,2025-10-08T22:19:30.769804,0.009,475.0,602.0,-0.8909645194607176,False,True,False,False,1,1,0,3,1,3,642,467,"[false, false, false]",240,2,1,Starfield Stage - 2
26665,2025-10-08T22:19:30.777855,0.008,472.5,602.0,-0.8982175433641857,False,True,False,False,2,1,0,3,1,3,642,467,"[true, false, false]",240,2,1,Starfield Stage - 2
26673,2025-10-08T22:19:30.785824,0.009,470.0,602.0,-0.905340831985539,False,True,False,False,2,1,0,3,1,3,642,467,"[true, false, false]",240,2,1,Starfield Stage - 2
26681,2025-10-08T22:19:30.794107,0.008,467.5,602.0,-0.9123371315213653,False,True,False,False,2,1,0,3,1,3,642,467,"[true, false, false]",240,2,1,Starfield Stage - 2
26690,2025-10-08T22:19:30.802986,0.009,465.0,602.0,-0.9192091408720391,False,True,False,False,2,1,0,3,1,3,642,467,"[true, false, false]",240,2,1,Starfield Stage - 2
26699,2025-10-08T22:19:30.811905,0.009,462.5,602.0,-0.9259595108707634,False,True,False,False,2,1,0,3,1,3,642,467,"[true, false, false]",240,2,1,Starfield Stage - 2
26708,2025-10-08T22:19:30.820473,0.008,460.0,602.0,-0.9325908436967509,False,True,False,False,2,1,0,3,1,3,642,467,"[true, false, false]",240,2,1,Starfield Stage - 2
26717,2025-10-08T22:19:30.829547,0.009,457.5,602.0,-0.9391056924559273,False,True,False,False,2,1,0,3,1,3,642,467,"[false, false, false]",240,2,1,Starfield Stage - 2
26725,2025-10-08T22:19:30.837476,0.008,455.0,602.0,-0.945506560913662,False,True,False,False,2,1,0,3,1,3,642,467,"[false, false, false]",240,2,1,Starfield Stage - 2
26733,2025-10-08T22:19:30.845679,0.008,452.5,602.0,-0.9517959033650948,False,True,False,False,2,1,0,3,1,3,642,467,"[false, false, false]",240,2,1,Starfield Stage - 2
26741,2025-10-08T22:19:30.853642,0.008,450.0,602.0,-0.9579761246296553,False,True,False,False,2,1,0,3,1,3,642,467,"[false, false, false]",240,2,1,Starfield Stage - 2
26750,2025-10-08T22:19:30.862659,0.009,447.5,602.0,-0.9640495801573382,False,True,False,False,2,1,0,3,1,3,642,467,"[false, false, false]",240,2,1,Starfield Stage - 2
26758,2025-10-08T22:19:30.871204,0.009,445.0,602.0,-0.9700185762352215,False,True,False,False,2,1,0,3,1,3,642,467,"[false, false, false]",240,2,1,Starfield Stage - 2
26767,2025-10-08T22:19:30.879786,0.008,442.5,602.0,-0.9758853702835812,False,True,False,False,2,1,0,3,1,3,642,467,"[false, false, false]",240,2,1,Starfield Stage - 2
26775,2025-10-08T22:19:30.888169,0.009,440.0,602.0,-0.9816521712317815,False,True,False,False,2,1,0,3,1,3,642,467,"[false, false, false]",240,2,1,Starfield Stage - 2
26784,2025-10-08T22:19:30.896520,0.008,437.5,602.0,-0.987321139964884,False,True,False,False,2,1,0,3,1,3,642,467,"[false, false, false]",240,2,1,Starfield Stage - 2
26793,2025-10-08T22:19:30.905732,0.009,435.0,602.0,-0.992894389832651,False,True,False,False,2,1,0,3,1,3,642,467,"[false, false, false]",240,2,1,Starfield Stage - 2
26802,2025-10-08T22:19:30.914317,0.009,432.5,602.0,-0.9983739872132903,False,True,False,False,2,1,0,3,1,3,642,467,"[false, false, false]",240,2,1,Starfield Stage - 2
26811,2025-10-08T22:19:30.923410,0.009,430.0,602.0,-1.003761952124927,False,True,False,False,2,1,0,3,1,3,642,467,"[false, false, false]",240,2,1,Starfield Stage - 2
26819,2025-10-08T22:19:30.932142,0.009,427.5,602.0,-1.0090602588783764,False,True,False,False,2,1,0,3,1,3,642,467,"[false, false, false]",240,2,1,Starfield Stage - 2
26828,2025-10-08T22:19:30.940946,0.009,425.0,602.0,-1.0142708367653446,False,True,False,False,2,1,0,3,1,3,642,467,"[false, false, false]",240,2,1,Starfield Stage - 2
26837,2025-10-08T22:19:30.950048,0.009,422.5,602.0,-1.0193955707766984,False,True,False,False,2,1,0,3,1,3,642,467,"[false, false, false]",240,2,1,Starfield Stage - 2
26845,2025-10-08T22:19:30.958180,0.008,420.0,602.0,-1.0244363023459175,False,True,False,False,2,1,0,3,1,3,642,467,"[false, false, false]",240,2,1,Starfield Stage - 2
26855,2025-10-08T22:19:30.967551,0.009,417.5,602.0,-1.029394830113287,False,True,False,False,3,1,0,3,1,3,642,467,"[true, false, false]",240,2,1,Starfield Stage - 2
26903,2025-10-08T22:19:31.016114,0.009,415.0,602.0,-1.0342729107067965,False,True,False,False,2,0,0,3,1,3,642,467,"[true, false, false]",240,2,1,Starfield Stage - 2
26908,2025-10-08T22:19:31.021096,0.045,412.5,602.0,-1.039072259536091,False,True,False,False,2,0,0,3,1,3,642,467,"[true, false, false]",240,2,1,Starfield Stage - 2
26917,2025-10-08T22:19:31.030071,0.009,410.0,602.0,-1.0437945515961662,False,True,False,False,2,0,0,3,1,3,642,467,"[false, false, false]",240,2,1,Starfield Stage - 2
26926,2025-10-08T22:19:31.039218,0.009,407.5,602.0,-1.048441422277825,False,True,False,False,2,0,0,3,1,3,642,467,"[false, false, false]",240,2,1,Starfield Stage - 2
26936,2025-10-08T22:19:31.048286,0.009,405.0,602.0,-1.05301446818221,False,True,False,False,2,1,0,3,1,3,642,467,"[false, false, false]",240,2,1,Starfield Stage - 2
26944,2025-10-08T22:19:31.056366,0.008,402.5,602.0,-1.0575152479369974,False,True,False,False,2,1,0,3,1,3,642,467,"[false, false, false]",240,2,1,Starfield Stage - 2
26951,2025-10-08T22:19:31.064087,0.008,400.0,602.0,-1.0619452830120906,False,True,False,False,2,1,0,3,1,3,642,467,"[false, false, false]",240,2,1,Starfield Stage - 2
26961,2025-10-08T22:19:31.073331,0.009,397.5,602.0,-1.0663060585328858,False,True,False,False,2,1,0,3,1,3,642,467,"[false, false, false]",240,2,1,Starfield Stage - 2
26970,2025-10-08T22:19:31.082750,0.009,395.0,602.0,-1.0705990240893875,False,True,False,False,2,1,0,3,1,3,642,467,"[false, false, false]",240,2,1,Starfield Stage - 2
26978,2025-10-08T22:19:31.090725,0.008,392.5,602.0,-1.0779311262987978,False,True,False,False,2,1,0,3,1,3,642,468,"[false, false, false]",240,2,1,Starfield Stage - 2
26986,2025-10-08T22:19:31.099098,0.008,390.0,602.0,-1.0820756033733254,False,True,False,False,2,1,0,3,1,3,642,468,"[false, false, false]",240,2,1,Starfield Stage - 2
26995,2025-10-08T22:19:31.107437,0.009,387.5,602.0,-1.0892378607147117,False,True,False,False,2,1,0,3,1,3,642,469,"[false, false, false]",240,2,1,Starfield Stage - 2
27004,2025-10-08T22:19:31.116563,0.009,385.0,602.0,-1.0963132285583947,False,True,False,False,2,1,0,3,1,3,642,470,"[false, false, false]",240,2,1,Starfield Stage - 2
27012,2025-10-08T22:19:31.125074,0.008,382.5,602.0,-1.103302582913024,False,True,False,False,2,1,0,3,1,3,642,471,"[false, false, false]",240,2,1,Starfield Stage - 2
27020,2025-10-08T22:19:31.132980,0.009,380.0,602.0,-1.1071487177940904,False,True,False,False,2,1,0,3,1,3,642,471,"[false, false, false]",240,2,1,Starfield Stage - 2
27028,2025-10-08T22:19:31.141185,0.008,377.5,602.0,-1.110936578465931,False,True,False,False,2,1,0,3,1,3,642,471,"[false, false, false]",240,2,1,Starfield Stage - 2
27037,2025-10-08T22:19:31.149685,0.008,375.0,602.0,-1.1146673731063943,False,True,False,False,2,1,0,3,1,3,642,471,"[false, false, false]",240,2,1,Starfield Stage - 2
27045,2025-10-08T22:19:31.157964,0.008,372.5,602.0,-1.1183422801191496,False,True,False,False,3,1,0,3,1,3,642,471,"[true, false, false]",240,2,1,Starfield Stage - 2
27053,2025-10-08T22:19:31.165840,0.009,370.0,602.0,-1.1219624489059918,False,True,False,False,3,1,0,3,1,3,642,471,"[true, false, false]",240,2,1,Starfield Stage - 2
27062,2025-10-08T22:19:31.174817,0.009,367.5,602.0,-1.1255290006224856,False,True,False,False,3,1,0,3,1,3,642,471,"[true, false, false]",240,2,1,Starfield Stage - 2
27070,2025-10-08T22:19:31.183213,0.008,365.0,602.0,-1.129043028916869,False,True,False,False,3,1,0,3,1,3,642,471,"[true, false, false]",240,2,1,Starfield Stage - 2
27079,2025-10-08T22:19:31.191725,0.008,362.5,602.0,-1.1325056006521876,False,True,False,False,3,1,0,3,1,3,642,471,"[true, false, false]",240,2,1,Starfield Stage - 2
27088,2025-10-08T22:19:31.200315,0.009,360.0,602.0,-1.1359177566116838,False,True,False,False,3,1,0,3,1,3,642,471,"[true, false, false]",240,2,1,Starfield Stage - 2
27096,2025-10-08T22:19:31.208469,0.008,357.5,602.0,-1.1392805121875,False,True,False,False,3,1,0,3,1,3,642,471,"[true, false, false]",240,2,1,Starfield Stage - 2
27104,2025-10-08T22:19:31.216666,0.008,355.0,602.0,-1.1425948580528051,False,True,False,False,3,1,0,3,1,3,642,471,"[false, false, false]",240,2,1,Starfield Stage - 2
27112,2025-10-08T22:19:31.225028,0.009,352.5,602.0,-1.1458617608174742,False,True,False,False,3,1,0,3,1,3,642,471,"[false, false, false]",240,2,1,Starfield Stage - 2
27121,2025-10-08T22:19:31.234121,0.009,350.0,602.0,-1.1490821636674895,False,True,False,False,3,1,0,3,1,3,642,471,"[false, false, false]",240,2,1,Starfield Stage - 2
27130,2025-10-08T22:19:31.242645,0.008,347.5,602.0,-1.1550952531758645,False,True,False,False,3,1,0,3,1,3,642,472,"[false, false, false]",240,2,1,Starfield Stage - 2
27137,2025-10-08T22:19:31.250202,0.008,345.0,602.0,-1.1610383988705137,False,True,False,False,3,1,0,3,1,3,642,473,"[false, false, false]",240,2,1,Starfield Stage - 2
27145,2025-10-08T22:19:31.258252,0.008,342.5,602.0,-1.1697390323117982,False,True,False,False,3,1,0,3,1,3,642,475,"[false, false, false]",240,2,1,Starfield Stage - 2
27154,2025-10-08T22:19:31.266665,0.008,340.0,602.0,-1.1811889495419505,False,True,False,False,3,1,0,3,1,3,642,478,"[false, false, false]",240,2,1,Starfield Stage - 2
27162,2025-10-08T22:19:31.274832,0.008,337.5,602.0,-1.1925568769412747,False,True,False,False,3,1,0,3,1,3,642,481,"[false, false, false]",240,2,1,Starfield Stage - 2
27170,2025-10-08T22:19:31.283144,0.009,335.0,602.0,-1.198177110075809,False,True,False,False,3,1,0,3,1,3,642,482,"[false, false, false]",240,2,1,Starfield Stage - 2
27179,2025-10-08T22:19:31.291822,0.008,332.5,602.0,-1.2054701161323813,False,True,False,False,3,1,0,3,1,3,641,484,"[false, false, false]",240,2,1,Starfield Stage - 2
27187,2025-10-08T22:19:31.299845,0.008,330.0,602.0,-1.209906267256795,False,True,False,False,3,1,0,3,1,3,640,485,"[false, false, false]",240,2,1,Starfield Stage - 2
27195,2025-10-08T22:19:31.307800,0.009,327.5,602.0,-1.2153613183100038,False,True,False,False,3,1,0,3,1,3,640,486,"[false, false, false]",240,2,1,Starfield Stage - 2
27204,2025-10-08T22:19:31.316988,0.009,325.0,602.0,-1.2179530626979824,False,True,False,False,3,1,0,3,1,3,640,486,"[false, false, false]",240,2,1,Starfield Stage - 2
27213,2025-10-08T22:19:31.326034,0.009,322.5,602.0,-1.2205088325246478,False,True,False,False,3,1,0,3,1,3,640,486,"[false, false, false]",240,2,1,Starfield Stage - 2
27222,2025-10-08T22:19:31.334630,0.008,320.0,602.0,-1.2230293389378812,False,True,False,False,3,1,0,3,1,3,640,486,"[false, false, false]",240,2,1,Starfield Stage - 2
27269,2025-10-08T22:19:31.381890,0.009,317.5,602.0,-1.2255152753887397,False,True,False,False,2,1,0,3,1,3,640,486,"[false, false, false]",250,2,1,Starfield Stage - 2
27276,2025-10-08T22:19:31.388783,0.045,315.0,602.0,-1.2279673181456032,False,True,False,False,2,1,0,3,1,3,640,486,"[false, false, false]",250,2,1,Starfield Stage - 2
27283,2025-10-08T22:19:31.395982,0.008,312.5,599.5,-1.2417797785619897,False,True,True,False,2,1,0,3,1,3,642,487,"[false, false, false]",250,2,1,Starfield Stage - 2
27292,2025-10-08T22:19:31.404913,0.009,310.0,597.0,-1.2571028943745424,False,True,True,False,2,1,0,3,1,3,646,488,"[false, false, false]",250,2,1,Starfield Stage - 2
27301,2025-10-08T22:19:31.413717,0.008,307.5,594.5,-1.276279810589557,False,True,True,False,2,1,0,3,1,3,652,490,"[false, false, false]",250,2,1,Starfield Stage - 2
27308,2025-10-08T22:19:31.421087,0.008,305.0,592.0,-1.298101990249229,False,True,True,False,2,1,0,3,1,3,659,493,"[false, false, false]",250,2,1,Starfield Stage - 2
27317,2025-10-08T22:19:31.429587,0.008,302.5,589.5,-1.322270435721263,False,True,True,False,2,1,0,3,1,3,667,497,"[false, false, false]",250,2,1,Starfield Stage - 2
27325,2025-10-08T22:19:31.437702,0.008,300.0,587.0,-1.3459407331935054,False,True,True,False,2,1,0,3,1,3,676,501,"[false, false, false]",250,2,1,Starfield Stage - 2
27333,2025-10-08T22:19:31.445757,0.008,297.5,584.5,-1.370417185544482,False,True,True,False,2,1,0,3,1,3,684,506,"[false, false, false]",250,2,1,Starfield Stage - 2
27342,2025-10-08T22:19:31.454739,0.009,295.0,582.0,-1.3962678265929678,False,True,True,False,2,1,0,3,1,3,692,512,"[false, false, false]",250,2,1,Starfield Stage - 2
27350,2025-10-08T22:19:31.462462,0.008,292.5,579.5,-1.423406708132274,False,True,True,False,1,1,0,3,1,3,700,519,"[false, false, false]",250,2,1,Starfield Stage - 2
27358,2025-10-08T22:19:31.470874,0.008,290.0,577.0,-1.444675069733966,False,True,True,False,1,1,0,3,1,3,708,524,"[false, false, false]",250,2,1,Starfield Stage - 2
27365,2025-10-08T22:19:31.478192,0.008,287.5,574.5,-1.465008364933768,False,True,True,False,1,1,0,3,1,3,716,529,"[false, false, false]",250,2,1,Starfield Stage - 2
27374,2025-10-08T22:19:31.487037,0.009,285.0,572.0,-1.4817872841530795,False,True,True,False,1,1,0,3,1,3,722,533,"[false, false, false]",250,2,1,Starfield Stage - 2
27383,2025-10-08T22:19:31.495542,0.008,282.5,569.5,-1.4931623667731537,False,True,True,False,1,1,0,3,1,3,726,535,"[false, false, false]",250,2,1,Starfield Stage - 2
27391,2025-10-08T22:19:31.503879,0.008,280.0,567.0,-1.5015559603533992,False,True,True,False,1,1,0,3,1,3,727,536,"[false, false, false]",250,2,1,Starfield Stage - 2
27400,2025-10-08T22:19:31.512792,0.009,280.0,564.5,-1.5093525147489197,False,False,True,False,1,1,0,3,1,3,727,537,"[false, false, false]",250,2,1,Starfield Stage - 2
27409,2025-10-08T22:19:31.521667,0.009,280.0,562.0,-1.5149261204140245,False,False,True,False,1,1,0,3,1,3,727,537,"[false, false, false]",250,2,1,Starfield Stage - 2
27416,2025-10-08T22:19:31.529125,0.008,280.0,559.5,-1.5205032030519823,False,False,True,False,1,1,0,3,1,3,727,537,"[false, false, false]",250,2,1,Starfield Stage - 2
27462,2025-10-08T22:19:31.574313,0.008,280.0,557.0,-1.526083418676601,False,False,True,False,1,0,0,3,1,3,727,537,"[true, false, false]",250,2,1,Starfield Stage - 2
27466,2025-10-08T22:19:31.578961,0.042,280.0,554.5,-1.5316664221347411,False,False,True,False,1,0,0,3,1,3,727,537,"[true, false, false]",250,2,1,Starfield Stage - 2
27475,2025-10-08T22:19:31.588130,0.009,280.0,552.0,-1.516180990635734,False,False,True,False,1,0,0,3,1,3,719,528,"[false, false, false]",250,2,1,Starfield Stage - 2
27485,2025-10-08T22:19:31.597750,0.009,280.0,549.5,-1.4930463972489012,False,False,True,False,1,0,0,3,1,3,710,516,"[false, false, false]",250,2,1,Starfield Stage - 2
27493,2025-10-08T22:19:31.606127,0.009,277.5,547.0,-1.4844617633960144,False,True,True,False,1,0,0,3,1,3,705,510,"[false, false, false]",250,2,1,Starfield Stage - 2
27502,2025-10-08T22:19:31.614696,0.008,275.0,544.5,-1.4753426124621825,False,True,True,False,1,0,0,3,1,3,698,504,"[false, false, false]",250,2,1,Starfield Stage - 2
27511,2025-10-08T22:19:31.623841,0.01,272.5,542.0,-1.4707728127146558,False,True,True,False,1,0,0,3,1,3,691,500,"[false, false, false]",250,2,1,Starfield Stage - 2
27521,2025-10-08T22:19:31.633924,0.01,270.0,539.5,-1.4663584246646528,False,True,True,False,1,0,0,3,1,3,685,496,"[false, false, false]",250,2,1,Starfield Stage - 2
27530,2025-10-08T22:19:31.642461,0.008,267.5,537.0,-1.4669290425458381,False,True,True,False,1,0,0,3,1,3,680,494,"[false, false, false]",250,2,1,Starfield Stage - 2
27538,2025-10-08T22:19:31.651006,0.009,265.0,534.5,-1.4677562241037418,False,True,True,False,1,0,0,3,1,3,676,492,"[false, false, false]",250,2,1,Starfield Stage - 2
27547,2025-10-08T22:19:31.660258,0.009,262.5,534.5,-1.4657301016766149,False,True,False,False,1,0,0,3,1,3,675,491,"[false, false, false]",250,2,1,Starfield Stage - 2
27556,2025-10-08T22:19:31.669255,0.009,260.0,534.5,-1.4637195173204798,False,True,False,False,1,0,0,3,1,3,674,490,"[false, false, false]",250,2,1,Starfield Stage - 2
27565,2025-10-08T22:19:31.677836,0.008,257.5,534.5,-1.4619841219776515,False,True,False,False,1,0,0,3,1,3,674,489,"[false, false, false]",250,2,1,Starfield Stage - 2
27573,2025-10-08T22:19:31.685995,0.009,255.0,534.5,-1.46288383797822,False,True,False,False,1,0,0,3,1,3,675,489,"[false, false, false]",250,2,1,Starfield Stage - 2
27583,2025-10-08T22:19:31.695517,0.009,252.5,534.5,-1.4614351131898466,False,True,False,False,1,0,0,3,1,3,676,488,"[false, false, false]",250,2,1,Starfield Stage - 2
27591,2025-10-08T22:19:31.703953,0.008,250.0,534.5,-1.4625759354775825,False,True,False,False,1,0,0,3,1,3,678,488,"[false, false, false]",250,2,1,Starfield Stage - 2
27599,2025-10-08T22:19:31.712037,0.009,247.5,534.5,-1.4636932922291466,False,True,False,False,1,0,0,3,1,3,680,488,"[false, false, false]",250,2,1,Starfield Stage - 2
27608,2025-10-08T22:19:31.720817,0.008,245.0,534.5,-1.464546582433086,False,True,False,False,2,0,0,3,1,3,681,488,"[true, false, false]",250,2,1,Starfield Stage - 2
27616,2025-10-08T22:19:31.728932,0.009,242.5,534.5,-1.4651478290747908,False,True,False,False,2,0,0,3,1,3,681,488,"[true, false, false]",250,2,1,Starfield Stage - 2
27624,2025-10-08T22:19:31.737208,0.008,240.0,534.5,-1.4657423342421503,False,True,False,False,2,0,0,3,1,3,681,488,"[true, false, false]",250,2,1,Starfield Stage - 2
27633,2025-10-08T22:19:31.745759,0.008,237.5,534.5,-1.4663302102729021,False,True,False,False,2,0,0,3,1,3,681,488,"[true, false, false]",250,2,1,Starfield Stage - 2
27641,2025-10-08T22:19:31.753803,0.008,235.0,534.5,-1.4669115670317239,False,True,False,False,2,0,0,3,1,3,681,488,"[true, false, false]",250,2,1,Starfield Stage - 2
27649,2025-10-08T22:19:31.761743,0.008,232.5,534.5,-1.467486511977664,False,True,False,False,2,0,0,3,1,3,681,488,"[true, false, false]",250,2,1,Starfield Stage - 2
27658,2025-10-08T22:19:31.770292,0.009,230.0,534.5,-1.4680551502293897,False,True,False,False,2,0,0,3,1,3,681,488,"[true, false, false]",250,2,1,Starfield Stage - 2
27666,2025-10-08T22:19:31.778712,0.008,227.5,534.5,-1.4686175846283267,False,True,False,False,2,0,0,3,1,3,681,488,"[false, false, false]",250,2,1,Starfield Stage - 2
27674,2025-10-08T22:19:31.786752,0.008,225.0,534.5,-1.4691739157997772,False,True,False,False,2,0,0,3,1,3,681,488,"[false, false, false]",250,2,1,Starfield Stage - 2
27682,2025-10-08T22:19:31.794811,0.008,222.5,534.5,-1.469942713100297,False,True,False,False,2,0,0,3,1,3,682,488,"[false, false, false]",250,2,1,Starfield Stage - 2
27691,2025-10-08T22:19:31.803646,0.009,220.0,534.5,-1.4704847942894401,False,True,False,False,2,0,0,3,1,3,682,488,"[false, false, false]",250,2,1,Starfield Stage - 2
27699,2025-10-08T22:19:31.811899,0.009,217.5,534.5,-1.4718673973010106,False,True,False,False,2,0,0,3,1,3,686,488,"[false, false, false]",250,2,1,Starfield Stage - 2
27708,2025-10-08T22:19:31.821005,0.009,215.0,534.5,-1.4725962560655355,False,True,False,False,2,0,0,3,1,3,687,488,"[false, false, false]",250,2,1,Starfield Stage - 2
27717,2025-10-08T22:19:31.830156,0.009,212.5,534.5,-1.4733144874376436,False,True,False,False,2,0,0,3,1,3,688,488,"[false, false, false]",250,2,1,Starfield Stage - 2
27726,2025-10-08T22:19:31.838602,0.008,210.0,534.5,-1.473821130962372,False,True,False,False,2,0,0,3,1,3,688,488,"[false, false, false]",250,2,1,Starfield Stage - 2
27734,2025-10-08T22:19:31.846556,0.008,207.5,534.5,-1.4743225516123097,False,True,False,False,2,0,0,3,1,3,688,488,"[false, false, false]",250,2,1,Starfield Stage - 2
27743,2025-10-08T22:19:31.855650,0.009,205.0,534.5,-1.4748188294871993,False,True,False,False,2,0,0,3,1,3,688,488,"[false, false, false]",250,2,1,Starfield Stage - 2
27751,2025-10-08T22:19:31.863872,0.008,202.5,534.5,-1.4753100430622308,False,True,False,False,2,0,0,3,1,3,688,488,"[false, false, false]",250,2,1,Starfield Stage - 2
27758,2025-10-08T22:19:31.871102,0.008,200.0,534.5,-1.475796269228892,False,True,False,False,2,0,0,3,1,3,688,488,"[false, false, false]",250,2,1,Starfield Stage - 2
27767,2025-10-08T22:19:31.879634,0.008,197.5,537.0,-1.4712286028459838,False,True,False,True,2,0,0,3,1,3,688,488,"[false, false, false]",250,2,1,Starfield Stage - 2
27775,2025-10-08T22:19:31.887691,0.008,195.0,539.5,-1.466711362555892,False,True,False,True,2,0,0,3,1,3,688,488,"[false, false, false]",250,2,1,Starfield Stage - 2
27784,2025-10-08T22:19:31.896833,0.009,192.5,542.0,-1.4622438992337556,False,True,False,True,2,0,0,3,1,3,688,488,"[false, false, false]",250,2,1,Starfield Stage - 2
27792,2025-10-08T22:19:31.904930,0.009,192.5,544.5,-1.4572604598966044,True,True,False,True,2,0,0,3,1,3,688,488,"[false, false, false]",250,2,1,Starfield Stage - 2
27802,2025-10-08T22:19:31.914640,0.009,195.0,547.0,-1.4516873495738314,True,False,False,True,2,0,0,3,1,3,688,488,"[false, false, false]",250,2,1,Starfield Stage - 2
27810,2025-10-08T22:19:31.922676,0.008,197.5,549.5,-1.4460649679452435,True,False,False,True,2,0,0,3,1,3,688,488,"[false, false, false]",250,2,1,Starfield Stage - 2
27817,2025-10-08T22:19:31.930071,0.008,200.0,552.0,-1.4403930189057632,True,False,False,True,2,0,0,3,1,3,688,488,"[false, false, false]",250,2,1,Starfield Stage - 2
27826,2025-10-08T22:19:31.938608,0.008,202.5,554.5,-1.4346712138638742,True,False,False,True,2,0,0,3,1,3,688,488,"[false, false, false]",250,2,1,Starfield Stage - 2
27834,2025-10-08T22:19:31.946993,0.009,205.0,557.0,-1.4288992721907328,True,False,False,True,2,0,0,3,1,3,688,488,"[false, false, false]",250,2,1,Starfield Stage - 2
27843,2025-10-08T22:19:31.955857,0.009,207.5,559.5,-1.4230769216809647,True,False,False,True,2,0,0,3,1,3,688,488,"[false, false, false]",250,2,1,Starfield Stage - 2
27852,2025-10-08T22:19:31.965104,0.009,210.0,562.0,-1.4172038990250437,True,False,False,True,2,0,0,3,1,3,688,488,"[false, false, false]",250,2,1,Starfield Stage - 2
27861,2025-10-08T22:19:31.973554,0.008,212.5,564.5,-1.4112799502931068,True,False,False,True,2,0,0,3,1,3,688,488,"[false, false, false]",250,2,1,Starfield Stage - 2
27869,2025-10-08T22:19:31.981975,0.009,215.0,567.0,-1.4053048314300383,True,False,False,True,2,0,0,3,1,3,688,488,"[false, false, false]",250,2,1,Starfield Stage - 2
27879,2025-10-08T22:19:31.992030,0.009,217.5,569.5,-1.3992783087616065,True,False,False,True,2,0,0,3,1,3,688,488,"[false, false, false]",250,2,1,Starfield Stage - 2
27887,2025-10-08T22:19:31.999966,0.009,220.0,572.0,-1.3924539705442618,True,False,False,True,2,0,0,3,1,3,686,488,"[false, false, false]",250,2,1,Starfield Stage - 2
27896,2025-10-08T22:19:32.009149,0.009,222.5,574.5,-1.3851206154212303,True,False,False,True,2,0,0,3,1,3,683,488,"[false, false, false]",250,2,1,Starfield Stage - 2
27905,2025-10-08T22:19:32.018112,0.009,225.0,574.5,-1.3829283211219014,True,False,False,False,2,0,0,3,1,3,680,488,"[false, false, false]",250,2,1,Starfield Stage - 2
27914,2025-10-08T22:19:32.026568,0.008,227.5,574.5,-1.3802705601170056,True,False,False,False,2,0,0,3,1,3,676,488,"[false, false, false]",250,2,1,Starfield Stage - 2
27923,2025-10-08T22:19:32.035653,0.009,230.0,574.5,-1.377962977308573,True,False,False,False,2,0,0,3,1,3,673,488,"[false, false, false]",250,2,1,Starfield Stage - 2
27931,2025-10-08T22:19:32.043631,0.008,232.5,574.5,-1.3747258545086831,True,False,False,False,2,0,0,3,1,3,668,488,"[false, false, false]",250,2,1,Starfield Stage - 2
27938,2025-10-08T22:19:32.051245,0.008,235.0,574.5,-1.372731572309241,True,False,False,False,2,0,0,3,1,3,666,488,"[false, false, false]",250,2,1,Starfield Stage - 2
27947,2025-10-08T22:19:32.059676,0.008,237.5,574.5,-1.371606242177748,True,False,False,False,2,0,0,3,1,3,666,488,"[false, false, false]",250,2,1,Starfield Stage - 2
27955,2025-10-08T22:19:32.067680,0.008,240.0,574.5,-1.3718138265406223,True,False,False,False,2,0,0,3,1,3,664,489,"[false, false, false]",250,2,1,Starfield Stage - 2
27963,2025-10-08T22:19:32.075775,0.008,242.5,574.5,-1.370664795659601,True,False,False,False,2,0,0,3,1,3,664,489,"[false, false, false]",250,2,1,Starfield Stage - 2
27972,2025-10-08T22:19:32.085063,0.01,245.0,574.5,-1.371794895418807,True,False,False,False,2,0,0,3,1,3,664,490,"[false, false, false]",250,2,1,Starfield Stage - 2
27981,2025-10-08T22:19:32.093975,0.009,247.5,574.5,-1.3706319692211992,True,False,False,False,2,0,0,3,1,3,664,490,"[false, false, false]",250,2,1,Starfield Stage - 2
27991,2025-10-08T22:19:32.103452,0.009,250.0,574.5,-1.3694555565017519,True,False,False,False,2,0,0,3,1,3,664,490,"[false, false, false]",250,2,1,Starfield Stage - 2
27999,2025-10-08T22:19:32.111344,0.008,252.5,574.5,-1.3682654245998027,True,False,False,False,2,0,0,3,1,3,664,490,"[false, false, false]",250,2,1,Starfield Stage - 2
28008,2025-10-08T22:19:32.120612,0.009,255.0,574.5,-1.3670613355518444,True,False,False,False,2,1,0,3,1,2,664,490,"[false, false, false]",250,2,1,Starfield Stage - 2
28054,2025-10-08T22:19:32.166625,0.008,257.5,574.5,-1.3658430459419972,True,False,False,False,1,1,0,3,1,2,664,490,"[false, false, false]",260,2,1,Starfield Stage - 2
28058,2025-10-08T22:19:32.170329,0.042,260.0,574.5,-1.3646103067474848,True,False,False,False,1,1,0,3,1,2,664,490,"[false, false, false]",260,2,1,Starfield Stage - 2
28066,2025-10-08T22:19:32.178937,0.009,262.5,574.5,-1.3633628631789174,True,False,False,False,1,1,0,3,1,2,664,490,"[false, false, false]",260,2,1,Starfield Stage - 2
28075,2025-10-08T22:19:32.188179,0.009,265.0,574.5,-1.36260723073008,True,False,False,False,1,1,0,3,1,2,665,490,"[false, false, false]",260,2,1,Starfield Stage - 2
28085,2025-10-08T22:19:32.197742,0.009,267.5,574.5,-1.3647512950000031,True,False,False,False,1,1,0,3,1,2,667,491,"[false, false, false]",260,2,1,Starfield Stage - 2
28093,2025-10-08T22:19:32.205900,0.008,270.0,574.5,-1.3634905281852454,True,False,False,False,1,1,0,3,1,2,667,491,"[false, false, false]",260,2,1,Starfield Stage - 2
28101,2025-10-08T22:19:32.213760,0.008,272.5,574.5,-1.3646418668536968,True,False,False,False,1,1,0,3,1,2,667,492,"[false, false, false]",260,2,1,Starfield Stage - 2
28109,2025-10-08T22:19:32.221412,0.008,275.0,574.5,-1.363877245351403,True,False,False,False,1,1,0,4,1,2,668,492,"[false, false, false]",260,2,1,Starfield Stage - 2
28117,2025-10-08T22:19:32.229821,0.008,277.5,574.5,-1.3631070128934704,True,False,False,False,1,1,0,4,1,2,669,492,"[false, false, false]",260,2,1,Starfield Stage - 2
28125,2025-10-08T22:19:32.237968,0.009,280.0,574.5,-1.3628490113324216,True,False,False,False,1,1,0,4,1,2,671,492,"[false, false, false]",260,2,1,Starfield Stage - 2
28134,2025-10-08T22:19:32.247048,0.009,282.5,574.5,-1.3620712024594637,True,False,False,False,1,1,0,4,1,2,672,492,"[false, false, false]",260,2,1,Starfield Stage - 2
28143,2025-10-08T22:19:32.255563,0.008,285.0,574.5,-1.3618106570886184,True,False,False,False,1,1,0,4,1,2,674,492,"[false, false, false]",260,2,1,Starfield Stage - 2
28188,2025-10-08T22:19:32.300375,0.008,287.5,574.5,-1.3610251611578146,True,False,False,False,0,1,0,4,1,2,675,492,"[false, false, false]",270,2,1,Starfield Stage - 2
28192,2025-10-08T22:19:32.304915,0.042,290.0,574.5,-1.3607620347436025,True,False,False,False,0,1,0,4,1,2,677,492,"[false, false, false]",270,2,1,Starfield Stage - 2
28201,2025-10-08T22:19:32.313771,0.008,292.5,574.5,-1.3631070128934704,True,False,False,False,0,1,0,4,1,2,684,492,"[false, false, false]",270,2,1,Starfield Stage - 2
28209,2025-10-08T22:19:32.322031,0.009,295.0,574.5,-1.3628490113324216,True,False,False,False,0,1,0,4,1,2,686,492,"[false, false, false]",270,2,1,Starfield Stage - 2
28219,2025-10-08T22:19:32.331470,0.009,297.5,574.5,-1.3620712024594637,True,False,False,False,0,1,0,4,1,2,687,492,"[false, false, false]",270,2,1,Starfield Stage - 2
28227,2025-10-08T22:19:32.339615,0.008,300.0,574.5,-1.3618106570886184,True,False,False,False,0,1,0,4,1,2,689,492,"[false, false, false]",270,2,1,Starfield Stage - 2
28235,2025-10-08T22:19:32.347699,0.008,302.5,574.5,-1.3615494699753568,True,False,False,False,0,1,0,4,1,2,691,492,"[false, false, false]",270,2,1,Starfield Stage - 2
28243,2025-10-08T22:19:32.355828,0.008,305.0,574.5,-1.3607620347436025,True,False,False,False,0,1,0,4,1,2,692,492,"[false, false, false]",270,2,1,Starfield Stage - 2
28252,2025-10-08T22:19:32.364898,0.009,307.5,574.5,-1.359968738981786,True,False,False,False,0,1,0,4,1,2,693,492,"[false, false, false]",270,2,1,Starfield Stage - 2
28259,2025-10-08T22:19:32.372195,0.008,310.0,574.5,-1.35970299357215,True,False,False,False,0,1,0,4,1,2,695,492,"[false, false, false]",270,2,1,Starfield Stage - 2
28268,2025-10-08T22:19:32.380845,0.008,312.5,574.5,-1.3589017830251737,True,False,False,False,0,1,0,4,1,2,696,492,"[false, false, false]",270,2,1,Starfield Stage - 2
28276,2025-10-08T22:19:32.388941,0.009,315.0,574.5,-1.3580945596093552,True,False,False,False,0,1,0,4,1,2,697,492,"[false, false, false]",270,2,1,Starfield Stage - 2
28285,2025-10-08T22:19:32.398026,0.009,317.5,574.5,-1.3578241374131368,True,False,False,False,0,1,0,4,1,2,699,492,"[false, false, false]",270,2,1,Starfield Stage - 2
28293,2025-10-08T22:19:32.405936,0.008,320.0,574.5,-1.3570087926370107,True,False,False,False,0,1,0,4,1,2,700,492,"[false, false, false]",270,2,1,Starfield Stage - 2
28303,2025-10-08T22:19:32.415812,0.009,322.5,574.5,-1.357281256446248,True,False,False,False,0,1,0,4,1,2,703,492,"[false, false, false]",270,2,1,Starfield Stage - 2
28312,2025-10-08T22:19:32.424696,0.009,325.0,574.5,-1.3570087926370107,True,False,False,False,0,1,0,4,1,2,705,492,"[false, false, false]",270,2,1,Starfield Stage - 2
28320,2025-10-08T22:19:32.432624,0.008,327.5,574.5,-1.357281256446248,True,False,False,False,0,1,0,4,1,2,708,492,"[false, false, false]",270,2,1,Starfield Stage - 2
28328,2025-10-08T22:19:32.441088,0.009,330.0,574.5,-1.358633379932458,True,False,False,False,0,1,0,4,1,2,713,492,"[false, false, false]",270,2,1,Starfield Stage - 2
28337,2025-10-08T22:19:32.449848,0.008,332.5,574.5,-1.359968738981786,True,False,False,False,0,1,0,4,1,2,718,492,"[false, false, false]",270,2,1,Starfield Stage - 2
28345,2025-10-08T22:19:32.457855,0.008,335.0,574.5,-1.3612876387815342,True,False,False,False,0,1,0,4,1,2,723,492,"[false, false, false]",270,2,1,Starfield Stage - 2
28353,2025-10-08T22:19:32.466044,0.009,337.5,574.5,-1.3631070128934704,True,False,False,False,0,1,0,4,1,2,729,492,"[false, false, false]",270,2,1,Starfield Stage - 2
28362,2025-10-08T22:19:32.474811,0.008,340.0,574.5,-1.3643876127252343,True,False,False,False,0,1,0,4,1,2,734,492,"[false, false, false]",270,2,1,Starfield Stage - 2
28370,2025-10-08T22:19:32.483175,0.009,342.5,574.5,-1.3651485270900192,True,False,False,False,0,1,0,4,1,2,738,492,"[false, false, false]",270,2,1,Starfield Stage - 2
28379,2025-10-08T22:19:32.491918,0.008,345.0,574.5,-1.3659039303699128,True,False,False,False,0,1,0,4,1,2,742,492,"[false, false, false]",270,2,1,Starfield Stage - 2
28388,2025-10-08T22:19:32.500652,0.009,347.5,574.5,-1.3681376576474205,True,False,False,False,0,1,0,4,1,2,749,492,"[false, false, false]",270,2,1,Starfield Stage - 2
28397,2025-10-08T22:19:32.510120,0.009,350.0,574.5,-1.3678918406385567,True,False,False,False,0,1,0,4,1,2,751,492,"[false, false, false]",270,2,1,Starfield Stage - 2
28406,2025-10-08T22:19:32.518731,0.009,352.5,574.5,-1.3676454348086535,True,False,False,False,0,1,0,4,1,2,753,492,"[false, false, false]",270,2,1,Starfield Stage - 2
28414,2025-10-08T22:19:32.526625,0.008,355.0,574.5,-1.3669026634622745,True,False,False,False,0,1,0,4,1,2,754,492,"[false, false, false]",270,2,1,Starfield Stage - 2
28422,2025-10-08T22:19:32.534548,0.008,357.5,574.5,-1.3661545169651188,True,False,False,False,0,1,0,4,1,2,755,492,"[false, false, false]",270,2,1,Starfield Stage - 2
28430,2025-10-08T22:19:32.543044,0.008,360.0,574.5,-1.3659039303699128,True,False,False,False,0,1,0,4,1,2,757,492,"[false, false, false]",270,2,1,Starfield Stage - 2
28438,2025-10-08T22:19:32.551263,0.009,362.5,574.5,-1.365652737972472,True,False,False,False,0,1,0,4,1,2,759,492,"[false, false, false]",270,2,1,Starfield Stage - 2
28447,2025-10-08T22:19:32.559749,0.008,365.0,574.5,-1.3659039303699128,True,False,False,False,0,1,0,4,1,2,762,492,"[false, false, false]",270,2,1,Starfield Stage - 2
28455,2025-10-08T22:19:32.567405,0.008,367.5,574.5,-1.3661545169651188,True,False,False,False,0,1,0,4,1,2,765,492,"[false, false, false]",270,2,1,Starfield Stage - 2
28463,2025-10-08T22:19:32.576103,0.009,370.0,574.5,-1.3669026634622745,True,False,False,False,0,1,0,4,1,2,769,492,"[false, false, false]",270,2,1,Starfield Stage - 2
28473,2025-10-08T22:19:32.585657,0.009,372.5,572.0,-1.3731600930627794,True,False,True,False,0,1,0,4,1,2,772,492,"[false, false, false]",270,2,1,Starfield Stage - 2
28482,2025-10-08T22:19:32.594648,0.009,375.0,569.5,-1.3818282100965769,True,False,True,False,0,1,0,4,1,2,775,493,"[false, false, false]",270,2,1,Starfield Stage - 2
28490,2025-10-08T22:19:32.602883,0.008,377.5,567.0,-1.3876406926095723,True,False,True,False,0,1,0,4,1,2,777,493,"[false, false, false]",270,2,1,Starfield Stage - 2
28497,2025-10-08T22:19:32.610246,0.008,380.0,564.5,-1.3959096735759193,True,False,True,False,0,1,0,4,1,2,779,494,"[false, false, false]",270,2,1,Starfield Stage - 2
28506,2025-10-08T22:19:32.618881,0.008,382.5,562.0,-1.4013672026325583,True,False,True,False,0,1,0,4,1,2,780,494,"[false, false, false]",270,2,1,Starfield Stage - 2
28514,2025-10-08T22:19:32.627011,0.009,385.0,559.5,-1.407281968660624,True,False,True,False,0,1,0,4,1,2,782,494,"[false, false, false]",270,2,1,Starfield Stage - 2
28523,2025-10-08T22:19:32.635925,0.009,387.5,557.0,-1.4128314338464172,True,False,True,False,0,1,0,4,1,2,783,494,"[false, false, false]",270,2,1,Starfield Stage - 2
28531,2025-10-08T22:19:32.643987,0.008,390.0,554.5,-1.4180513961054677,True,False,True,False,0,1,0,4,1,2,783,494,"[false, false, false]",270,2,1,Starfield Stage - 2
28540,2025-10-08T22:19:32.652427,0.008,392.5,552.0,-1.423346758950806,True,False,True,False,0,1,0,4,1,2,783,494,"[false, false, false]",270,2,1,Starfield Stage - 2
28548,2025-10-08T22:19:32.661016,0.009,395.0,549.5,-1.4287188644712394,True,False,True,False,0,1,0,4,1,2,783,494,"[false, false, false]",270,2,1,Starfield Stage - 2
28557,2025-10-08T22:19:32.670023,0.008,397.5,547.0,-1.4341690762154653,True,False,True,False,0,1,0,4,1,2,783,494,"[false, false, false]",270,2,1,Starfield Stage - 2
28565,2025-10-08T22:19:32.677805,0.008,400.0,547.0,-1.4332884173778282,True,False,False,False,0,1,0,4,1,2,783,494,"[false, false, false]",270,2,1,Starfield Stage - 2
28573,2025-10-08T22:19:32.686158,0.008,402.5,547.0,-1.4323964049983278,True,False,False,False,0,1,0,4,1,2,783,494,"[false, false, false]",270,2,1,Starfield Stage - 2
28581,2025-10-08T22:19:32.694006,0.008,400.0,547.0,-1.432216620876899,False,True,False,False,0,1,0,4,1,2,780,494,"[false, false, false]",270,2,1,Starfield Stage - 2
28589,2025-10-08T22:19:32.701282,0.008,397.5,547.0,-1.431310693968112,False,True,False,False,1,1,0,4,1,2,775,494,"[true, false, false]",270,2,1,Starfield Stage - 2
28597,2025-10-08T22:19:32.709934,0.009,395.0,547.0,-1.4288992721907328,False,True,False,False,1,1,0,4,1,2,766,494,"[true, false, false]",270,2,1,Starfield Stage - 2
28606,2025-10-08T22:19:32.718541,0.008,392.5,547.0,-1.425618064124573,False,True,False,False,1,1,0,4,1,2,755,494,"[true, false, false]",270,2,1,Starfield Stage - 2
28614,2025-10-08T22:19:32.726969,0.009,390.0,547.0,-1.4209313133292112,False,True,False,False,1,1,0,4,1,2,741,494,"[true, false, false]",270,2,1,Starfield Stage - 2
28623,2025-10-08T22:19:32.735992,0.009,387.5,547.0,-1.4154841843227044,False,True,False,False,1,1,0,5,1,2,726,494,"[true, false, false]",270,2,1,Starfield Stage - 2
28632,2025-10-08T22:19:32.744604,0.008,385.0,547.0,-1.4091423930160325,False,True,False,False,1,1,0,5,1,2,710,494,"[true, false, false]",270,2,1,Starfield Stage - 2
28641,2025-10-08T22:19:32.753590,0.009,382.5,547.0,-1.401733264362558,False,True,False,False,1,1,0,5,1,2,693,494,"[false, false, false]",270,2,1,Starfield Stage - 2
28649,2025-10-08T22:19:32.762045,0.009,380.0,547.0,-1.394204007258536,False,True,False,False,1,1,0,5,1,2,677,494,"[false, false, false]",270,2,1,Starfield Stage - 2
28658,2025-10-08T22:19:32.770286,0.008,377.5,547.0,-1.386615856633876,False,True,False,False,1,1,0,5,1,2,662,494,"[false, false, false]",270,2,1,Starfield Stage - 2
28666,2025-10-08T22:19:32.779269,0.009,375.0,547.0,-1.3797253488133732,False,True,False,False,1,1,0,5,1,2,649,494,"[false, false, false]",270,2,1,Starfield Stage - 2
28675,2025-10-08T22:19:32.787759,0.008,372.5,547.0,-1.381164012091958,False,True,False,False,1,1,0,5,1,2,633,497,"[false, false, false]",270,2,1,Starfield Stage - 2
28683,2025-10-08T22:19:32.795820,0.008,370.0,547.0,-1.3838170568759856,False,True,False,False,1,1,0,5,1,2,629,498,"[false, false, false]",270,2,1,Starfield Stage - 2
28691,2025-10-08T22:19:32.803945,0.009,367.5,547.0,-1.3878925060105158,False,True,False,False,1,1,0,5,1,2,627,499,"[false, false, false]",270,2,1,Starfield Stage - 2
28700,2025-10-08T22:19:32.812479,0.008,365.0,547.0,-1.3889205850674426,False,True,False,False,1,1,0,5,1,2,626,499,"[false, false, false]",270,2,1,Starfield Stage - 2
28708,2025-10-08T22:19:32.820881,0.008,362.5,547.0,-1.3906088814479596,False,True,False,False,1,1,0,5,1,2,626,499,"[false, false, false]",270,2,1,Starfield Stage - 2
28716,2025-10-08T22:19:32.828807,0.009,360.0,547.0,-1.3922664529666866,False,True,False,False,1,1,0,5,1,2,626,499,"[false, false, false]",270,2,1,Starfield Stage - 2
28725,2025-10-08T22:19:32.838052,0.009,357.5,547.0,-1.393894121926032,False,True,False,False,1,1,0,6,1,2,626,499,"[false, false, false]",270,2,1,Starfield Stage - 2
28735,2025-10-08T22:19:32.847874,0.009,355.0,547.0,-1.395492681859215,False,True,False,False,1,1,0,6,1,2,626,499,"[false, false, false]",270,2,1,Starfield Stage - 2
28743,2025-10-08T22:19:32.855968,0.009,352.5,547.0,-1.3970628987636182,False,True,False,False,2,1,0,6,1,2,626,499,"[true, false, false]",270,2,1,Starfield Stage - 2
28752,2025-10-08T22:19:32.864972,0.009,350.0,549.5,-1.3898271118134768,False,True,False,True,2,1,0,6,1,2,626,499,"[true, false, false]",270,2,1,Starfield Stage - 2
28761,2025-10-08T22:19:32.874020,0.009,347.5,552.0,-1.382739824376179,False,True,False,True,2,1,0,6,1,2,626,499,"[true, false, false]",270,2,1,Starfield Stage - 2
28770,2025-10-08T22:19:32.882723,0.008,345.0,554.5,-1.3792246134000241,False,True,False,True,2,1,0,6,1,2,626,500,"[true, false, false]",270,2,1,Starfield Stage - 2
28778,2025-10-08T22:19:32.891125,0.009,342.5,557.0,-1.382574821490126,False,True,False,True,2,1,0,6,1,2,626,503,"[true, false, false]",270,2,1,Starfield Stage - 2
28787,2025-10-08T22:19:32.899608,0.008,340.0,559.5,-1.379122683629989,False,True,False,True,2,1,0,6,1,2,626,504,"[true, false, false]",270,2,1,Starfield Stage - 2
28795,2025-10-08T22:19:32.907638,0.008,337.5,562.0,-1.3724011005002752,False,True,False,True,2,1,0,6,1,2,626,504,"[true, false, false]",270,2,1,Starfield Stage - 2
28803,2025-10-08T22:19:32.915811,0.008,335.0,564.5,-1.3691089478030047,False,True,False,True,2,1,0,6,1,2,626,505,"[true, false, false]",270,2,1,Starfield Stage - 2
28848,2025-10-08T22:19:32.960380,0.009,332.5,567.0,-1.3626133462398282,False,True,False,True,1,1,0,6,1,2,626,505,"[true, false, false]",280,2,1,Starfield Stage - 2
28852,2025-10-08T22:19:32.965100,0.041,330.0,569.5,-1.3562447941014333,False,True,False,True,1,1,0,6,1,2,626,505,"[false, false, false]",280,2,1,Starfield Stage - 2
28861,2025-10-08T22:19:32.973789,0.008,327.5,572.0,-1.3521273809209546,False,True,False,True,1,1,0,6,1,2,629,505,"[false, false, false]",280,2,1,Starfield Stage - 2
28868,2025-10-08T22:19:32.981049,0.008,325.0,574.5,-1.3498720065355336,False,True,False,True,1,1,0,6,1,2,630,506,"[false, false, false]",280,2,1,Starfield Stage - 2
28877,2025-10-08T22:19:32.989525,0.008,322.5,577.0,-1.3445894047994977,False,True,False,True,1,1,0,6,1,2,631,506,"[false, false, false]",280,2,1,Starfield Stage - 2
28884,2025-10-08T22:19:32.996989,0.008,320.0,579.5,-1.3417676971999795,False,True,False,True,1,1,0,6,1,2,631,507,"[false, false, false]",280,2,1,Starfield Stage - 2
28893,2025-10-08T22:19:33.006096,0.009,317.5,582.0,-1.3359753278479942,False,True,False,True,1,1,0,6,1,2,631,507,"[false, false, false]",280,2,1,Starfield Stage - 2
28902,2025-10-08T22:19:33.014721,0.008,315.0,584.5,-1.330290239137346,False,True,False,True,1,1,0,6,1,2,631,507,"[false, false, false]",280,2,1,Starfield Stage - 2
28910,2025-10-08T22:19:33.022655,0.008,312.5,587.0,-1.3247098354654046,False,True,False,True,1,1,0,6,1,2,631,507,"[false, false, false]",280,2,1,Starfield Stage - 2
28918,2025-10-08T22:19:33.031271,0.009,310.0,589.5,-1.3192315898513338,False,True,False,True,1,1,0,6,1,2,631,507,"[false, false, false]",280,2,1,Starfield Stage - 2
28927,2025-10-08T22:19:33.040048,0.009,307.5,592.0,-1.313853042452948,False,True,False,True,1,1,0,6,1,2,631,507,"[false, false, false]",280,2,1,Starfield Stage - 2
28937,2025-10-08T22:19:33.049483,0.009,305.0,594.5,-1.3085717990657662,False,True,False,True,1,1,0,6,1,2,631,507,"[false, false, false]",280,2,1,Starfield Stage - 2
28945,2025-10-08T22:19:33.058188,0.009,302.5,597.0,-1.303385529611023,False,True,False,True,1,1,0,6,1,2,631,507,"[false, false, false]",280,2,1,Starfield Stage - 2
28954,2025-10-08T22:19:33.067097,0.009,300.0,599.5,-1.2982919666186323,False,True,False,True,2,1,0,6,1,2,631,507,"[true, false, false]",280,2,1,Starfield Stage - 2
28963,2025-10-08T22:19:33.076228,0.009,297.5,602.0,-1.2932889037103932,False,True,False,True,2,1,0,6,1,2,631,507,"[true, false, false]",280,2,1,Starfield Stage - 2
28972,2025-10-08T22:19:33.085010,0.009,295.0,604.5,-1.2883741940881088,False,True,False,True,2,1,0,6,1,2,631,507,"[true, false, false]",280,2,1,Starfield Stage - 2
28981,2025-10-08T22:19:33.093998,0.009,292.5,607.0,-1.2835457490307032,False,True,False,True,2,1,0,6,1,2,631,507,"[true, false, false]",280,2,1,Starfield Stage - 2
28990,2025-10-08T22:19:33.102430,0.008,290.0,609.5,-1.2788015364039051,False,True,False,True,2,1,0,6,1,2,631,507,"[true, false, false]",280,2,1,Starfield Stage - 2
28998,2025-10-08T22:19:33.111000,0.009,287.5,612.0,-1.2741395791856025,False,True,False,True,2,1,0,6,1,2,631,507,"[true, false, false]",280,2,1,Starfield Stage - 2
29007,2025-10-08T22:19:33.119995,0.009,285.0,614.5,-1.2695579540095367,False,True,False,True,2,1,0,6,1,2,631,507,"[true, false, false]",280,2,1,Starfield Stage - 2
29054,2025-10-08T22:19:33.167116,0.009,285.0,617.0,-1.2629821523044111,False,False,False,True,1,0,0,6,1,2,631,507,"[true, false, false]",280,2,1,Starfield Stage - 2
29058,2025-10-08T22:19:33.170924,0.042,285.0,619.5,-1.256433730112871,False,False,False,True,1,1,0,6,1,2,631,507,"[false, false, false]",280,2,1,Starfield Stage - 2
29068,2025-10-08T22:19:33.180279,0.009,285.0,622.0,-1.254227073182493,False,False,False,True,1,1,0,6,1,2,633,508,"[false, false, false]",280,2,1,Starfield Stage - 2
29076,2025-10-08T22:19:33.188961,0.009,285.0,624.5,-1.2477532268018194,False,False,False,True,1,1,0,6,1,2,633,508,"[false, false, false]",280,2,1,Starfield Stage - 2
29085,2025-10-08T22:19:33.197994,0.009,285.0,627.0,-1.2438823070994958,False,False,False,True,1,1,0,6,1,2,633,509,"[false, false, false]",280,2,1,Starfield Stage - 2
29094,2025-10-08T22:19:33.206725,0.008,285.0,629.5,-1.2374533333568727,False,False,False,True,1,1,0,6,1,2,633,509,"[false, false, false]",280,2,1,Starfield Stage - 2
29102,2025-10-08T22:19:33.214938,0.009,285.0,632.0,-1.2310528557438083,False,False,False,True,1,1,0,6,1,2,633,509,"[false, false, false]",280,2,1,Starfield Stage - 2
29112,2025-10-08T22:19:33.224666,0.009,285.0,634.5,-1.2246812061118557,False,False,False,True,1,1,0,6,1,2,633,509,"[false, false, false]",280,2,1,Starfield Stage - 2
29121,2025-10-08T22:19:33.233948,0.01,285.0,637.0,-1.2183387039681923,False,False,False,True,1,1,0,6,1,2,633,509,"[false, false, false]",280,2,1,Starfield Stage - 2
29130,2025-10-08T22:19:33.242982,0.009,285.0,639.5,-1.2120256565243244,False,False,False,True,1,1,0,6,1,2,633,509,"[false, false, false]",280,2,1,Starfield Stage - 2
29140,2025-10-08T22:19:33.252558,0.009,285.0,642.0,-1.2057423587547877,False,False,False,True,1,1,0,6,1,2,633,509,"[false, false, false]",280,2,1,Starfield Stage - 2
29149,2025-10-08T22:19:33.261452,0.009,285.0,644.5,-1.1994890934654938,False,False,False,True,2,1,0,6,1,2,633,509,"[true, false, false]",280,2,1,Starfield Stage - 2
29157,2025-10-08T22:19:33.269861,0.008,287.5,647.0,-1.190789076169658,True,False,False,True,2,1,0,6,1,2,633,509,"[true, false, false]",280,2,1,Starfield Stage - 2
29165,2025-10-08T22:19:33.277967,0.009,290.0,649.5,-1.1820236049080928,True,False,False,True,2,1,0,6,1,2,633,509,"[true, false, false]",280,2,1,Starfield Stage - 2
29173,2025-10-08T22:19:33.286124,0.008,292.5,652.0,-1.1731933003216937,True,False,False,True,2,1,0,6,1,2,633,509,"[true, false, false]",280,2,1,Starfield Stage - 2
29183,2025-10-08T22:19:33.295597,0.009,295.0,654.5,-1.1642988327015873,True,False,False,True,2,1,0,6,1,2,633,509,"[true, false, false]",280,2,1,Starfield Stage - 2
29192,2025-10-08T22:19:33.304730,0.009,297.5,657.0,-1.1553409227157345,True,False,False,True,2,1,0,6,1,2,633,509,"[true, false, false]",280,2,1,Starfield Stage - 2
29200,2025-10-08T22:19:33.313174,0.009,300.0,659.5,-1.1463203420683223,True,False,False,True,2,1,0,6,1,2,633,509,"[true, false, false]",280,2,1,Starfield Stage - 2
29209,2025-10-08T22:19:33.321764,0.008,302.5,662.0,-1.1372379140871323,True,False,False,True,2,1,0,6,1,2,633,509,"[false, false, false]",280,2,1,Starfield Stage - 2
29217,2025-10-08T22:19:33.329791,0.008,305.0,664.5,-1.1280945142341157,True,False,False,True,2,1,0,6,1,2,633,509,"[false, false, false]",280,2,1,Starfield Stage - 2
29225,2025-10-08T22:19:33.338104,0.009,307.5,667.0,-1.1188910705344712,True,False,False,True,2,1,0,6,1,2,633,509,"[false, false, false]",280,2,1,Starfield Stage - 2
29234,2025-10-08T22:19:33.346830,0.008,310.0,669.5,-1.109628563919621,True,False,False,True,2,1,0,6,1,2,633,509,"[false, false, false]",280,2,1,Starfield Stage - 2
29242,2025-10-08T22:19:33.354798,0.008,312.5,672.0,-1.1003080284796085,True,False,False,True,2,1,0,6,1,2,633,509,"[false, false, false]",280,2,1,Starfield Stage - 2
29249,2025-10-08T22:19:33.362039,0.008,315.0,674.5,-1.0909305516206007,True,False,False,True,2,1,0,6,1,2,633,509,"[false, false, false]",280,2,1,Starfield Stage - 2
29258,2025-10-08T22:19:33.370454,0.008,317.5,677.0,-1.0814972741233677,True,False,False,True,2,1,0,6,1,2,633,509,"[false, false, false]",280,2,1,Starfield Stage - 2
29266,2025-10-08T22:19:33.379118,0.009,320.0,679.5,-1.072009390098839,True,False,False,True,2,1,0,7,1,2,633,509,"[false, false, false]",280,2,1,Starfield Stage - 2
29275,2025-10-08T22:19:33.388190,0.009,322.5,682.0,-1.0610954450421546,True,False,False,True,2,1,0,7,1,2,632,509,"[false, false, false]",280,2,1,Starfield Stage - 2
29284,2025-10-08T22:19:33.396752,0.008,325.0,684.5,-1.050067935387826,True,False,False,True,2,1,0,7,1,2,631,509,"[false, false, false]",280,2,1,Starfield Stage - 2
29292,2025-10-08T22:19:33.404631,0.008,327.5,687.0,-1.0403691822184131,True,False,False,True,2,1,0,7,1,2,631,509,"[false, false, false]",280,2,1,Starfield Stage - 2
29300,2025-10-08T22:19:33.412684,0.008,330.0,689.5,-1.029152237374022,True,False,False,True,2,1,0,7,1,2,630,509,"[false, false, false]",280,2,1,Starfield Stage - 2
29309,2025-10-08T22:19:33.421292,0.009,332.5,692.0,-1.0193289087394386,True,False,False,True,2,1,0,7,1,2,630,509,"[false, false, false]",280,2,1,Starfield Stage - 2
29317,2025-10-08T22:19:33.429911,0.009,335.0,694.5,-1.00945937570501,True,False,False,True,2,1,0,7,1,2,630,509,"[false, false, false]",280,2,1,Starfield Stage - 2
29326,2025-10-08T22:19:33.439135,0.009,337.5,697.0,-0.9995452475140184,True,False,False,True,2,1,0,7,1,2,630,509,"[false, false, false]",280,2,1,Starfield Stage - 2
29335,2025-10-08T22:19:33.447930,0.008,340.0,699.5,-0.9895881830392235,True,False,False,True,2,1,0,7,1,2,630,509,"[false, false, false]",280,2,1,Starfield Stage - 2
29343,2025-10-08T22:19:33.455810,0.008,342.5,702.0,-0.9795898895958082,True,False,False,True,3,1,0,7,1,2,630,509,"[true, false, false]",280,2,1,Starfield Stage - 2
29352,2025-10-08T22:19:33.464744,0.009,345.0,702.0,-0.9755416344309953,True,False,False,False,3,1,0,7,1,2,630,509,"[true, false, false]",280,2,1,Starfield Stage - 2
29360,2025-10-08T22:19:33.472906,0.008,347.5,702.0,-0.9714443929724076,True,False,False,False,3,1,0,7,1,2,630,509,"[true, false, false]",280,2,1,Starfield Stage - 2
29369,2025-10-08T22:19:33.481282,0.009,350.0,702.0,-0.9672974107544963,True,False,False,False,3,1,0,7,1,2,630,509,"[true, false, false]",280,2,1,Starfield Stage - 2
29377,2025-10-08T22:19:33.489526,0.008,352.5,702.0,-0.9630999217264231,True,False,False,False,3,1,0,7,1,2,630,509,"[false, false, false]",280,2,1,Starfield Stage - 2
29386,2025-10-08T22:19:33.498369,0.009,355.0,702.0,-0.95885114818415,True,False,False,False,3,1,0,7,1,2,630,509,"[false, false, false]",280,2,1,Starfield Stage - 2
29394,2025-10-08T22:19:33.506841,0.009,357.5,702.0,-0.954550300711275,True,False,False,False,3,1,0,7,1,2,630,509,"[false, false, false]",280,2,1,Starfield Stage - 2
29403,2025-10-08T22:19:33.515808,0.009,360.0,702.0,-0.9501965781293763,True,False,False,False,3,1,0,7,1,2,630,509,"[false, false, false]",280,2,1,Starfield Stage - 2
29412,2025-10-08T22:19:33.524916,0.009,362.5,702.0,-0.945789167458667,True,False,False,False,3,1,0,7,1,2,630,509,"[false, false, false]",280,2,1,Starfield Stage - 2
29422,2025-10-08T22:19:33.534976,0.01,365.0,702.0,-0.9413272438898147,True,False,False,False,3,1,0,7,1,2,630,509,"[false, false, false]",280,2,1,Starfield Stage - 2
29431,2025-10-08T22:19:33.543830,0.009,367.5,702.0,-0.9349873739772611,True,False,False,False,3,1,0,7,1,2,629,509,"[false, false, false]",280,2,1,Starfield Stage - 2
29440,2025-10-08T22:19:33.553225,0.009,370.0,702.0,-0.9303911833421618,True,False,False,False,3,1,0,7,1,2,629,509,"[false, false, false]",280,2,1,Starfield Stage - 2
29449,2025-10-08T22:19:33.561763,0.008,372.5,702.0,-0.9238598786113589,True,False,False,False,3,1,0,7,1,2,628,509,"[false, false, false]",280,2,1,Starfield Stage - 2
29457,2025-10-08T22:19:33.570044,0.009,375.0,702.0,-0.9210257076711269,True,False,False,False,3,1,0,7,1,2,629,509,"[false, false, false]",280,2,1,Starfield Stage - 2
29466,2025-10-08T22:19:33.579205,0.009,377.5,702.0,-0.9131895705341974,True,False,False,False,3,1,0,7,1,2,630,507,"[false, false, false]",280,2,1,Starfield Stage - 2
29476,2025-10-08T22:19:33.588286,0.009,380.0,702.0,-0.9008561158130532,True,False,False,False,3,1,0,7,2,2,635,500,"[false, false, false]",280,2,1,Starfield Stage - 2
29485,2025-10-08T22:19:33.597703,0.009,382.5,702.0,-0.8879622501565032,True,False,False,False,3,1,0,7,2,2,637,495,"[false, false, false]",280,2,1,Starfield Stage - 2
29494,2025-10-08T22:19:33.606796,0.009,385.0,702.0,-0.8710251856203955,True,False,False,False,3,1,0,7,2,2,638,489,"[false, false, false]",280,2,1,Starfield Stage - 2
29502,2025-10-08T22:19:33.614926,0.008,385.0,702.0,-0.8592593255006827,False,False,False,False,3,1,0,7,2,2,639,483,"[false, false, false]",280,2,1,Starfield Stage - 2
29510,2025-10-08T22:19:33.622823,0.008,382.5,702.0,-0.8485266049109562,False,True,False,False,3,1,0,7,2,2,639,476,"[false, false, false]",280,2,1,Starfield Stage - 2
29518,2025-10-08T22:19:33.630834,0.008,380.0,702.0,-0.838194581096469,False,True,False,False,3,1,0,7,2,2,639,469,"[false, false, false]",280,2,1,Starfield Stage - 2
29526,2025-10-08T22:19:33.638803,0.008,377.5,702.0,-0.8261715733924476,False,True,False,False,3,1,0,7,2,2,639,461,"[false, false, false]",280,2,1,Starfield Stage - 2
29534,2025-10-08T22:19:33.646308,0.008,375.0,702.0,-0.8127351016552727,False,True,False,False,3,1,0,7,2,2,638,453,"[false, false, false]",280,2,1,Starfield Stage - 2
29542,2025-10-08T22:19:33.655036,0.009,372.5,702.0,-0.7940434811441591,False,True,False,False,3,1,0,7,2,2,635,444,"[false, false, false]",280,2,1,Starfield Stage - 2
29551,2025-10-08T22:19:33.664060,0.009,370.0,702.0,-0.7777937472437549,False,True,False,False,3,1,0,7,2,2,631,437,"[false, false, false]",280,2,1,Starfield Stage - 2
29560,2025-10-08T22:19:33.673230,0.009,367.5,702.0,-0.7656453235985838,False,True,False,False,3,1,0,7,2,2,628,431,"[false, false, false]",280,2,1,Starfield Stage - 2
29570,2025-10-08T22:19:33.682314,0.009,365.0,702.0,-0.7611038787005118,False,True,False,False,4,1,0,7,2,2,626,428,"[true, false, false]",280,2,1,Starfield Stage - 2
29578,2025-10-08T22:19:33.690930,0.009,362.5,702.0,-0.760333775513208,False,True,False,False,4,1,0,7,3,2,625,426,"[true, false, false]",280,2,1,Starfield Stage - 2
29587,2025-10-08T22:19:33.700015,0.009,360.0,702.0,-0.7631795980707292,False,True,False,False,4,1,0,7,3,2,624,426,"[true, false, false]",280,2,1,Starfield Stage - 2
29596,2025-10-08T22:19:33.709194,0.009,357.5,702.0,-0.7678884323197319,False,True,False,False,4,1,0,7,3,2,624,426,"[true, false, false]",280,2,1,Starfield Stage - 2
29605,2025-10-08T22:19:33.717768,0.008,355.0,702.0,-0.7725548329207889,False,True,False,False,4,1,0,7,3,2,624,426,"[true, false, false]",280,2,1,Starfield Stage - 2
29613,2025-10-08T22:19:33.725823,0.009,352.5,702.0,-0.7771791703896409,False,True,False,False,4,1,0,7,3,2,624,426,"[true, false, false]",280,2,1,Starfield Stage - 2
29622,2025-10-08T22:19:33.734737,0.008,350.0,702.0,-0.7817618157890066,False,True,False,False,4,1,0,7,3,2,624,426,"[true, false, false]",280,2,1,Starfield Stage - 2
29631,2025-10-08T22:19:33.743780,0.009,347.5,702.0,-0.7863031405259601,False,True,False,False,4,1,0,7,3,2,624,426,"[false, false, false]",280,2,1,Starfield Stage - 2
29639,2025-10-08T22:19:33.751863,0.008,347.5,702.0,-0.7863031405259601,True,True,False,False,4,1,0,7,3,2,624,426,"[false, false, false]",280,2,1,Starfield Stage - 2
29647,2025-10-08T22:19:33.760067,0.009,347.5,702.0,-0.7863031405259601,True,True,False,False,4,1,0,7,3,2,624,426,"[false, false, false]",280,2,1,Starfield Stage - 2
29656,2025-10-08T22:19:33.769088,0.009,347.5,702.0,-0.7863031405259601,True,True,False,False,4,1,0,7,3,2,624,426,"[false, false, false]",280,2,1,Starfield Stage - 2
29665,2025-10-08T22:19:33.778173,0.009,347.5,702.0,-0.7863031405259601,True,True,False,False,4,1,0,7,3,2,624,426,"[false, false, false]",280,2,1,Starfield Stage - 2
29674,2025-10-08T22:19:33.786767,0.008,347.5,702.0,-0.7863031405259601,True,True,False,False,4,1,0,7,3,2,624,426,"[false, false, false]",280,2,1,Starfield Stage - 2
29682,2025-10-08T22:19:33.795136,0.009,347.5,702.0,-0.7863031405259601,True,True,False,False,4,1,0,7,3,2,624,426,"[false, false, false]",280,2,1,Starfield Stage - 2
29691,2025-10-08T22:19:33.804211,0.009,350.0,702.0,-0.7817618157890066,True,False,False,False,4,1,0,7,3,2,624,426,"[false, false, false]",280,2,1,Starfield Stage - 2
29701,2025-10-08T22:19:33.814002,0.01,352.5,702.0,-0.7771490379576111,True,False,False,False,4,1,0,7,3,2,623,427,"[false, false, false]",280,2,1,Starfield Stage - 2
29710,2025-10-08T22:19:33.822385,0.008,355.0,702.0,-0.772507533066778,True,False,False,False,4,1,0,7,3,2,623,427,"[false, false, false]",280,2,1,Starfield Stage - 2
29718,2025-10-08T22:19:33.830855,0.009,357.5,702.0,-0.7696441378454777,True,False,False,False,4,1,0,7,3,2,623,428,"[false, false, false]",280,2,1,Starfield Stage - 2
29727,2025-10-08T22:19:33.840163,0.009,360.0,702.0,-0.7649168564156605,True,False,False,False,4,1,0,7,3,2,623,428,"[false, false, false]",280,2,1,Starfield Stage - 2
29736,2025-10-08T22:19:33.848763,0.008,362.5,702.0,-0.7601462823510933,True,False,False,False,4,1,0,7,3,2,623,428,"[false, false, false]",280,2,1,Starfield Stage - 2
29744,2025-10-08T22:19:33.856909,0.009,365.0,702.0,-0.755332038348404,True,False,False,False,4,1,0,7,3,2,623,428,"[false, false, false]",280,2,1,Starfield Stage - 2
29753,2025-10-08T22:19:33.865849,0.009,367.5,702.0,-0.7504737482626291,True,False,False,False,4,1,0,7,3,2,623,428,"[false, false, false]",280,2,1,Starfield Stage - 2
29762,2025-10-08T22:19:33.874954,0.009,370.0,702.0,-0.7455710373521126,True,False,False,False,5,1,0,7,3,2,623,428,"[true, false, false]",280,2,1,Starfield Stage - 2
29772,2025-10-08T22:19:33.885065,0.01,372.5,702.0,-0.7406235325335481,True,False,False,False,5,1,0,7,3,2,623,428,"[true, false, false]",280,2,1,Starfield Stage - 2
29781,2025-10-08T22:19:33.894020,0.009,375.0,702.0,-0.7356308626473816,True,False,False,False,5,1,0,7,3,2,623,428,"[true, false, false]",280,2,1,Starfield Stage - 2
29790,2025-10-08T22:19:33.903143,0.009,377.5,702.0,-0.7305926587337943,True,False,False,False,5,1,0,7,4,2,623,428,"[true, false, false]",280,2,1,Starfield Stage - 2
29800,2025-10-08T22:19:33.912732,0.009,380.0,702.0,-0.72550855431947,True,False,False,False,5,1,0,7,4,2,623,428,"[true, false, false]",280,2,1,Starfield Stage - 2
29809,2025-10-08T22:19:33.921710,0.009,382.5,702.0,-0.7203781857153515,True,False,False,False,5,1,0,7,4,2,623,428,"[true, false, false]",280,2,1,Starfield Stage - 2
29817,2025-10-08T22:19:33.930099,0.009,385.0,702.0,-0.7152011923255778,True,False,False,False,5,1,0,7,4,2,623,428,"[true, false, false]",280,2,1,Starfield Stage - 2
29826,2025-10-08T22:19:33.938535,0.008,387.5,702.0,-0.7099772169677848,True,False,False,False,5,1,0,7,4,2,623,428,"[false, false, false]",280,2,1,Starfield Stage - 2
29834,2025-10-08T22:19:33.946778,0.008,390.0,702.0,-0.7043877265139924,True,False,False,False,5,1,0,7,4,2,622,429,"[false, false, false]",280,2,1,Starfield Stage - 2
29842,2025-10-08T22:19:33.954783,0.008,392.5,702.0,-0.6936443841991097,True,False,False,False,5,1,0,7,4,2,617,432,"[false, false, false]",280,2,1,Starfield Stage - 2
29888,2025-10-08T22:19:34.000358,0.009,395.0,702.0,-0.6832954386342458,True,False,False,False,4,1,0,7,4,2,614,433,"[false, false, false]",290,2,1,Starfield Stage - 2
29894,2025-10-08T22:19:34.006753,0.043,397.5,702.0,-0.6722237850684735,True,False,False,False,4,1,0,7,4,2,610,435,"[false, false, false]",290,2,1,Starfield Stage - 2
29902,2025-10-08T22:19:34.014960,0.009,400.0,702.0,-0.6169418905475355,True,False,False,False,4,1,0,7,4,2,583,444,"[false, false, false]",290,2,1,Starfield Stage - 2
29912,2025-10-08T22:19:34.025125,0.01,402.5,702.0,-0.6017917651067327,True,False,False,False,4,1,0,7,4,2,579,445,"[false, false, false]",290,2,1,Starfield Stage - 2
29921,2025-10-08T22:19:34.034080,0.008,405.0,702.0,-0.5844022590681095,True,False,False,False,4,1,0,7,4,2,575,445,"[false, false, false]",290,2,1,Starfield Stage - 2
29929,2025-10-08T22:19:34.042167,0.009,407.5,702.0,-0.5721237204578563,True,False,False,False,4,1,0,7,4,2,573,445,"[false, false, false]",290,2,1,Starfield Stage - 2
29938,2025-10-08T22:19:34.050998,0.008,410.0,702.0,-0.5624373983814951,True,False,False,False,4,1,0,7,4,2,572,445,"[false, false, false]",290,2,1,Starfield Stage - 2
29946,2025-10-08T22:19:34.058752,0.008,412.5,702.0,-0.5526313328366637,True,False,False,False,4,1,0,7,4,2,571,445,"[false, false, false]",290,2,1,Starfield Stage - 2
29954,2025-10-08T22:19:34.067068,0.009,415.0,702.0,-0.5455535110667395,True,False,False,False,4,1,0,7,4,2,571,445,"[false, false, false]",290,2,1,Starfield Stage - 2
29963,2025-10-08T22:19:34.076222,0.009,417.5,702.0,-0.5384143468421959,True,False,False,False,5,1,0,7,4,2,571,445,"[true, false, false]",290,2,1,Starfield Stage - 2
29973,2025-10-08T22:19:34.085702,0.009,420.0,702.0,-0.5312137764373048,True,False,False,False,5,1,0,7,4,2,571,445,"[true, false, false]",290,2,1,Starfield Stage - 2
29981,2025-10-08T22:19:34.093717,0.008,422.5,702.0,-0.52395176049473,True,False,False,False,5,1,0,7,4,2,571,445,"[true, false, false]",290,2,1,Starfield Stage - 2
29989,2025-10-08T22:19:34.101743,0.008,425.0,702.0,-0.5166282849049092,True,False,False,False,5,1,0,7,4,2,571,445,"[true, false, false]",290,2,1,Starfield Stage - 2
29997,2025-10-08T22:19:34.110146,0.009,427.5,702.0,-0.5092433616873167,True,False,False,False,5,1,0,7,4,2,571,445,"[true, false, false]",290,2,1,Starfield Stage - 2
30007,2025-10-08T22:19:34.119384,0.009,430.0,702.0,-0.5017970298717886,True,False,False,False,5,1,0,7,4,2,571,445,"[true, false, false]",290,2,1,Starfield Stage - 2
30015,2025-10-08T22:19:34.127677,0.008,432.5,702.0,-0.49428935637798566,True,False,False,False,4,1,0,7,4,2,571,445,"[true, false, false]",290,2,1,Starfield Stage - 2
30024,2025-10-08T22:19:34.137094,0.01,435.0,702.0,-0.48672043689095,True,False,False,False,4,1,0,7,4,2,571,445,"[true, false, false]",290,2,1,Starfield Stage - 2
30033,2025-10-08T22:19:34.145859,0.009,437.5,702.0,-0.4790903967306159,True,False,False,False,4,1,0,7,4,2,571,445,"[false, false, false]",290,2,1,Starfield Stage - 2
30042,2025-10-08T22:19:34.155157,0.009,440.0,702.0,-0.471399391713013,True,False,False,False,4,1,0,7,4,2,571,445,"[false, false, false]",290,2,1,Starfield Stage - 2
30051,2025-10-08T22:19:34.163721,0.008,442.5,702.0,-0.4636476090008061,True,False,False,False,4,1,0,7,4,2,571,445,"[false, false, false]",290,2,1,Starfield Stage - 2
30098,2025-10-08T22:19:34.210567,0.009,445.0,702.0,-0.455835267940705,True,False,False,False,3,0,0,7,4,2,571,445,"[false, false, false]",290,2,1,Starfield Stage - 2
30104,2025-10-08T22:19:34.216274,0.044,447.5,702.0,-0.4479626208851842,True,False,False,False,3,1,0,7,4,3,571,445,"[false, false, false]",290,2,1,Starfield Stage - 2
30112,2025-10-08T22:19:34.225217,0.009,450.0,702.0,-0.4400299539958556,True,False,False,False,3,1,0,7,4,3,571,445,"[false, false, false]",290,2,1,Starfield Stage - 2
30120,2025-10-08T22:19:34.233256,0.008,452.5,702.0,-0.43203758802574993,True,False,False,False,3,1,0,7,4,3,571,445,"[false, false, false]",290,2,1,Starfield Stage - 2
30129,2025-10-08T22:19:34.241573,0.008,455.0,702.0,-0.4239858790776786,True,False,False,False,3,1,0,7,4,3,571,445,"[false, false, false]",290,2,1,Starfield Stage - 2
30138,2025-10-08T22:19:34.250539,0.009,457.5,702.0,-0.41587521933577487,True,False,False,False,3,1,0,7,4,3,571,445,"[false, false, false]",290,2,1,Starfield Stage - 2
30146,2025-10-08T22:19:34.259085,0.009,460.0,702.0,-0.4077060377672452,True,False,False,False,3,1,0,7,4,3,571,445,"[false, false, false]",290,2,1,Starfield Stage - 2
30155,2025-10-08T22:19:34.267874,0.008,462.5,702.0,-0.3994788007913038,True,False,False,False,3,1,0,7,4,3,571,445,"[false, false, false]",290,2,1,Starfield Stage - 2
30163,2025-10-08T22:19:34.276195,0.009,465.0,702.0,-0.3911940129122176,True,False,False,False,3,1,0,7,4,3,571,445,"[false, false, false]",290,2,1,Starfield Stage - 2
30172,2025-10-08T22:19:34.285002,0.009,467.5,702.0,-0.3828522173133504,True,False,False,False,4,1,0,7,4,3,571,445,"[true, false, false]",290,2,1,Starfield Stage - 2
30182,2025-10-08T22:19:34.294357,0.009,470.0,702.0,-0.37445399640907295,True,False,False,False,4,1,0,7,4,3,571,445,"[true, false, false]",290,2,1,Starfield Stage - 2
30191,2025-10-08T22:19:34.303667,0.009,472.5,702.0,-0.3659999723513942,True,False,False,False,4,1,0,7,4,3,571,445,"[true, false, false]",290,2,1,Starfield Stage - 2
30199,2025-10-08T22:19:34.312074,0.009,475.0,702.0,-0.35749080748816986,True,False,False,False,4,1,0,7,4,3,571,445,"[true, false, false]",290,2,1,Starfield Stage - 2
30209,2025-10-08T22:19:34.321582,0.009,477.5,702.0,-0.34892720476976563,True,False,False,False,4,1,0,7,4,3,571,445,"[true, false, false]",290,2,1,Starfield Stage - 2
30217,2025-10-08T22:19:34.330172,0.009,480.0,702.0,-0.3403099081010822,True,False,False,False,4,1,0,7,4,3,571,445,"[true, false, false]",290,2,1,Starfield Stage - 2
30227,2025-10-08T22:19:34.339292,0.009,482.5,702.0,-0.33163970263590176,True,False,False,False,4,1,0,7,4,3,571,445,"[true, false, false]",290,2,1,Starfield Stage - 2
30235,2025-10-08T22:19:34.347856,0.008,485.0,702.0,-0.3229174150105808,True,False,False,False,4,1,0,7,4,3,571,445,"[false, false, false]",290,2,1,Starfield Stage - 2
30244,2025-10-08T22:19:34.356980,0.01,487.5,702.0,-0.3141439135141989,True,False,False,False,4,1,0,7,4,3,571,445,"[false, false, false]",290,2,1,Starfield Stage - 2
30253,2025-10-08T22:19:34.366164,0.009,490.0,702.0,-0.30532010819237615,True,False,False,False,4,1,0,7,4,3,571,445,"[false, false, false]",290,2,1,Starfield Stage - 2
30262,2025-10-08T22:19:34.374971,0.008,492.5,702.0,-0.2964469508820931,True,False,False,False,3,1,0,7,4,3,571,445,"[false, false, false]",290,2,1,Starfield Stage - 2
30270,2025-10-08T22:19:34.382742,0.009,495.0,702.0,-0.2875254351749866,True,False,False,False,3,1,0,7,4,3,571,445,"[false, false, false]",290,2,1,Starfield Stage - 2
30279,2025-10-08T22:19:34.392175,0.009,497.5,702.0,-0.27855659630675433,True,False,False,False,3,1,0,7,4,3,571,445,"[false, false, false]",290,2,1,Starfield Stage - 2
30288,2025-10-08T22:19:34.400798,0.008,500.0,702.0,-0.2622968950879853,True,False,False,False,3,1,0,7,4,3,569,445,"[false, false, false]",290,2,1,Starfield Stage - 2
30296,2025-10-08T22:19:34.408933,0.008,502.5,702.0,-0.24955110496918462,True,False,False,False,3,1,0,7,4,3,568,445,"[false, false, false]",290,2,1,Starfield Stage - 2
30304,2025-10-08T22:19:34.416797,0.009,505.0,702.0,-0.22935493450638733,True,False,False,False,3,1,0,7,4,3,565,445,"[false, false, false]",290,2,1,Starfield Stage - 2
30314,2025-10-08T22:19:34.426577,0.009,507.5,702.0,-0.20975911119924137,True,False,False,False,3,1,0,7,4,3,562,446,"[false, false, false]",290,2,1,Starfield Stage - 2
30322,2025-10-08T22:19:34.435055,0.009,510.0,702.0,-0.1936219928559454,True,False,False,False,3,1,0,7,4,3,560,447,"[false, false, false]",290,2,1,Starfield Stage - 2
30332,2025-10-08T22:19:34.444812,0.009,512.5,702.0,-0.17793979301243998,True,False,False,False,3,1,0,7,4,3,558,449,"[false, false, false]",290,2,1,Starfield Stage - 2
30340,2025-10-08T22:19:34.452684,0.008,515.0,702.0,-0.1645076518614033,True,False,False,False,3,1,0,7,4,3,557,449,"[false, false, false]",290,2,1,Starfield Stage - 2
30349,2025-10-08T22:19:34.461381,0.009,517.5,702.0,-0.15487616556954853,True,False,False,False,3,1,0,7,4,3,557,449,"[false, false, false]",290,2,1,Starfield Stage - 2
30357,2025-10-08T22:19:34.470028,0.009,520.0,702.0,-0.14521562649251848,True,False,False,False,3,1,0,7,4,3,557,449,"[false, false, false]",290,2,1,Starfield Stage - 2
30366,2025-10-08T22:19:34.478861,0.009,522.5,702.0,-0.13552771398550073,True,False,False,False,3,1,0,7,4,3,557,449,"[false, false, false]",290,2,1,Starfield Stage - 2
30375,2025-10-08T22:19:34.488061,0.009,525.0,702.0,-0.12581413748007933,True,False,False,False,3,1,0,7,4,3,557,449,"[false, false, false]",290,2,1,Starfield Stage - 2
30385,2025-10-08T22:19:34.497669,0.009,527.5,702.0,-0.11607663484160645,True,False,False,False,3,1,0,7,4,3,557,449,"[false, false, false]",290,2,1,Starfield Stage - 2
30393,2025-10-08T22:19:34.505815,0.008,530.0,702.0,-0.10631697064987694,True,False,False,False,3,1,0,7,4,3,557,449,"[false, false, false]",290,2,1,Starfield Stage - 2
30401,2025-10-08T22:19:34.513711,0.008,532.5,702.0,-0.09653693440690765,True,False,False,False,3,1,0,7,4,3,557,449,"[false, false, false]",290,2,1,Starfield Stage - 2
30409,2025-10-08T22:19:34.522074,0.009,535.0,702.0,-0.08673833867598511,True,False,False,False,3,1,0,7,4,3,557,449,"[false, false, false]",290,2,1,Starfield Stage - 2
30418,2025-10-08T22:19:34.530615,0.008,537.5,702.0,-0.0847765534069602,True,False,False,False,3,1,0,7,4,3,559,449,"[false, false, false]",290,2,1,Starfield Stage - 2
30426,2025-10-08T22:19:34.538934,0.009,540.0,702.0,-0.13176226647792647,True,False,False,False,3,1,0,7,4,3,573,453,"[false, false, false]",290,2,1,Starfield Stage - 2
30434,2025-10-08T22:19:34.547273,0.008,542.5,702.0,-0.17176015132820327,True,False,False,False,3,1,0,7,4,3,585,457,"[false, false, false]",290,2,1,Starfield Stage - 2
30443,2025-10-08T22:19:34.555681,0.008,545.0,702.0,-0.23224673604503185,True,False,False,False,3,1,0,7,4,3,602,461,"[false, false, false]",290,2,1,Starfield Stage - 2
30452,2025-10-08T22:19:34.565211,0.01,547.5,702.0,-0.29417576233576453,True,False,False,False,3,1,0,7,4,3,619,466,"[false, false, false]",290,2,1,Starfield Stage - 2
30461,2025-10-08T22:19:34.574022,0.009,550.0,702.0,-0.36921167670326205,True,False,False,False,3,1,0,7,4,3,639,472,"[false, false, false]",290,2,1,Starfield Stage - 2
30470,2025-10-08T22:19:34.582942,0.008,552.5,702.0,-0.4510696559885235,True,False,False,False,3,1,0,7,4,3,661,478,"[false, false, false]",290,2,1,Starfield Stage - 2
30478,2025-10-08T22:19:34.591264,0.009,555.0,702.0,-0.5309218211413029,True,False,False,False,3,1,0,7,4,3,683,484,"[false, false, false]",290,2,1,Starfield Stage - 2
30488,2025-10-08T22:19:34.600286,0.009,557.5,702.0,-0.6123221322275954,True,False,False,False,3,1,0,7,4,3,705,492,"[false, false, false]",290,2,1,Starfield Stage - 2
30496,2025-10-08T22:19:34.608932,0.008,560.0,702.0,-0.6908301378134577,True,False,False,False,3,1,0,7,4,3,727,500,"[false, false, false]",290,2,1,Starfield Stage - 2
30504,2025-10-08T22:19:34.616735,0.008,562.5,702.0,-0.7656898087936345,True,False,False,False,3,1,0,7,4,3,749,508,"[false, false, false]",290,2,1,Starfield Stage - 2
30512,2025-10-08T22:19:34.625073,0.008,565.0,702.0,-0.8368989743486738,True,False,False,False,2,1,0,7,4,3,769,518,"[false, false, false]",290,2,1,Starfield Stage - 2
30520,2025-10-08T22:19:34.632290,0.008,567.5,699.5,-0.9097531579442097,True,False,True,False,2,1,0,7,4,4,788,528,"[false, false, false]",290,2,1,Starfield Stage - 2
30528,2025-10-08T22:19:34.640744,0.008,570.0,697.0,-0.9837721965162756,True,False,True,False,2,1,0,7,4,4,806,540,"[false, false, false]",290,2,1,Starfield Stage - 2
30536,2025-10-08T22:19:34.648940,0.008,572.5,694.5,-1.0548934444202003,True,False,True,False,2,1,0,7,4,4,822,553,"[false, false, false]",290,2,1,Starfield Stage - 2
30544,2025-10-08T22:19:34.656929,0.008,572.5,692.0,-1.124757923490283,True,True,True,False,2,1,0,7,4,4,836,566,"[false, false, false]",290,2,1,Starfield Stage - 2
30552,2025-10-08T22:19:34.665186,0.009,570.0,689.5,-1.1893600057472546,False,True,True,False,2,1,0,7,4,4,848,578,"[false, false, false]",290,2,1,Starfield Stage - 2
30561,2025-10-08T22:19:34.673931,0.009,567.5,687.0,-1.25162974597541,False,True,True,False,2,1,0,7,4,4,858,591,"[false, false, false]",290,2,1,Starfield Stage - 2
30570,2025-10-08T22:19:34.682452,0.008,565.0,684.5,-1.3015752491844699,False,True,True,False,2,1,0,7,4,4,864,602,"[false, false, false]",290,2,1,Starfield Stage - 2
30578,2025-10-08T22:19:34.690456,0.008,562.5,682.0,-1.3524728637194394,False,True,True,False,3,1,0,7,4,4,869,614,"[true, false, false]",290,2,1,Starfield Stage - 2
30587,2025-10-08T22:19:34.699638,0.009,560.0,679.5,-1.3978616660472343,False,True,True,False,3,1,0,7,4,4,872,625,"[true, false, false]",290,2,1,Starfield Stage - 2
30595,2025-10-08T22:19:34.707367,0.008,557.5,677.0,-1.4610034096408737,False,True,True,False,3,1,0,7,4,4,875,642,"[true, false, false]",290,2,1,Starfield Stage - 2
30604,2025-10-08T22:19:34.716513,0.009,555.0,674.5,-1.4912768615049232,False,True,True,False,3,1,0,7,4,4,875,649,"[true, false, false]",290,2,1,Starfield Stage - 2
30612,2025-10-08T22:19:34.724540,0.008,552.5,672.0,-1.5119496197751434,False,True,True,False,3,1,0,7,4,4,875,653,"[true, false, false]",290,2,1,Starfield Stage - 2
30621,2025-10-08T22:19:34.733465,0.009,550.0,669.5,-1.5292817313137064,False,True,True,False,3,1,0,7,4,4,875,656,"[true, false, false]",290,2,1,Starfield Stage - 2
30630,2025-10-08T22:19:34.742696,0.009,547.5,667.0,-1.543322325500852,False,True,True,False,3,1,0,7,4,4,875,658,"[true, false, false]",290,2,1,Starfield Stage - 2
30638,2025-10-08T22:19:34.751038,0.008,545.0,664.5,-1.5511019037869462,False,True,True,False,3,1,0,7,4,4,875,658,"[false, false, false]",290,2,1,Starfield Stage - 2
30647,2025-10-08T22:19:34.760164,0.01,542.5,662.0,-1.561774015223612,False,True,True,False,3,1,0,7,4,4,875,659,"[false, false, false]",290,2,1,Starfield Stage - 2
30656,2025-10-08T22:19:34.768975,0.009,540.0,659.5,-1.5693037905897547,False,True,True,False,3,1,0,7,4,4,875,659,"[false, false, false]",290,2,1,Starfield Stage - 2
30664,2025-10-08T22:19:34.776925,0.008,537.5,657.0,-1.5767221833561644,False,True,True,False,3,1,0,7,4,4,875,659,"[false, false, false]",290,2,1,Starfield Stage - 2
30673,2025-10-08T22:19:34.785336,0.008,535.0,654.5,-1.5840308481716554,False,True,True,False,3,1,0,7,4,4,875,659,"[false, false, false]",290,2,1,Starfield Stage - 2
30681,2025-10-08T22:19:34.793566,0.008,532.5,652.0,-1.5912314379990113,False,True,True,False,3,1,0,7,4,4,875,659,"[false, false, false]",290,2,1,Starfield Stage - 2
30690,2025-10-08T22:19:34.802950,0.01,530.0,649.5,-1.5983256021153989,False,True,True,False,3,1,0,7,4,4,875,659,"[false, false, false]",290,2,1,Starfield Stage - 2
30700,2025-10-08T22:19:34.812621,0.009,527.5,647.0,-1.6051176081354666,False,True,True,False,3,1,0,7,4,4,877,659,"[false, false, false]",290,2,1,Starfield Stage - 2
30709,2025-10-08T22:19:34.822020,0.01,525.0,644.5,-1.6118497349253047,False,True,True,False,3,1,0,7,4,4,878,659,"[false, false, false]",290,2,1,Starfield Stage - 2
30718,2025-10-08T22:19:34.831235,0.009,522.5,642.0,-1.6184460656418487,False,True,True,False,3,1,0,7,4,4,879,659,"[false, false, false]",290,2,1,Starfield Stage - 2
30727,2025-10-08T22:19:34.839568,0.008,520.0,639.5,-1.6221400509926838,False,True,True,False,3,1,0,7,4,4,880,658,"[false, false, false]",290,2,1,Starfield Stage - 2
30736,2025-10-08T22:19:34.848644,0.009,517.5,637.0,-1.6228753924804797,False,True,True,False,3,1,0,7,4,4,882,656,"[false, false, false]",290,2,1,Starfield Stage - 2
30745,2025-10-08T22:19:34.858180,0.009,515.0,634.5,-1.6210257803132775,False,True,True,False,3,1,0,7,4,4,883,653,"[false, false, false]",290,2,1,Starfield Stage - 2
30754,2025-10-08T22:19:34.866510,0.009,512.5,632.0,-1.616402265737092,False,True,True,False,3,1,0,7,4,4,885,649,"[false, false, false]",290,2,1,Starfield Stage - 2
30763,2025-10-08T22:19:34.875847,0.01,510.0,629.5,-1.6012908496099907,False,True,True,False,3,1,0,7,4,4,887,641,"[false, false, false]",290,2,1,Starfield Stage - 2
30772,2025-10-08T22:19:34.885009,0.008,507.5,627.0,-1.6024063477699528,False,True,True,False,3,1,0,7,4,4,887,639,"[false, false, false]",290,2,1,Starfield Stage - 2
30781,2025-10-08T22:19:34.893372,0.009,505.0,624.5,-1.6035071680310582,False,True,True,False,4,1,0,7,4,4,887,637,"[true, false, false]",290,2,1,Starfield Stage - 2
30789,2025-10-08T22:19:34.901842,0.009,502.5,622.0,-1.6097882575518763,False,True,True,False,4,1,0,7,4,4,887,637,"[true, false, false]",290,2,1,Starfield Stage - 2
30798,2025-10-08T22:19:34.911065,0.009,500.0,619.5,-1.6159851808559436,False,True,True,False,4,1,0,7,4,4,887,637,"[true, false, false]",290,2,1,Starfield Stage - 2
30808,2025-10-08T22:19:34.920798,0.009,497.5,617.0,-1.622099151924494,False,True,True,False,4,1,0,7,4,4,887,637,"[true, false, false]",290,2,1,Starfield Stage - 2
30818,2025-10-08T22:19:34.930603,0.009,495.0,614.5,-1.6281313772668766,False,True,True,False,4,1,0,7,4,4,887,637,"[true, false, false]",290,2,1,Starfield Stage - 2
30825,2025-10-08T22:19:34.937874,0.008,492.5,612.0,-1.6340830551463823,False,True,True,False,4,1,0,7,4,4,887,637,"[true, false, false]",290,2,1,Starfield Stage - 2
30833,2025-10-08T22:19:34.945962,0.009,490.0,609.5,-1.6322765371446966,False,True,True,False,3,1,0,7,4,4,888,634,"[false, false, false]",290,2,1,Starfield Stage - 2
30842,2025-10-08T22:19:34.955074,0.009,487.5,607.0,-1.6280189682632304,False,True,True,False,3,1,0,7,4,4,889,630,"[false, false, false]",290,2,1,Starfield Stage - 2
30851,2025-10-08T22:19:34.963315,0.008,485.0,604.5,-1.623832961886041,False,True,True,False,3,1,0,7,4,4,890,626,"[false, false, false]",290,2,1,Starfield Stage - 2
30859,2025-10-08T22:19:34.971793,0.008,482.5,602.0,-1.614831489395665,False,True,True,False,3,1,0,7,4,4,891,620,"[false, false, false]",290,2,1,Starfield Stage - 2
30867,2025-10-08T22:19:34.979679,0.008,480.0,599.5,-1.608399951736764,False,True,True,False,3,1,0,7,4,4,892,615,"[false, false, false]",290,2,1,Starfield Stage - 2
30915,2025-10-08T22:19:35.027311,0.009,477.5,597.0,-1.5996691673507963,False,True,True,False,2,1,0,7,4,4,893,609,"[false, false, false]",300,2,1,Starfield Stage - 2
30919,2025-10-08T22:19:35.031573,0.043,475.0,594.5,-1.593465473871716,False,True,True,False,2,1,0,7,4,4,894,604,"[false, false, false]",300,2,1,Starfield Stage - 2
30928,2025-10-08T22:19:35.040325,0.009,472.5,592.0,-1.5308645681994242,False,True,True,False,2,1,0,7,4,4,898,575,"[false, false, false]",300,2,1,Starfield Stage - 2
30936,2025-10-08T22:19:35.048980,0.009,470.0,589.5,-1.5252670646489006,False,True,True,False,2,1,0,7,4,4,898,570,"[false, false, false]",300,2,1,Starfield Stage - 2
30945,2025-10-08T22:19:35.058178,0.009,467.5,587.0,-1.522054475484965,False,True,True,False,2,1,0,7,4,4,898,566,"[false, false, false]",300,2,1,Starfield Stage - 2
30953,2025-10-08T22:19:35.066195,0.008,465.0,584.5,-1.5142746077347538,False,True,True,False,2,1,0,7,4,4,898,560,"[false, false, false]",300,2,1,Starfield Stage - 2
30962,2025-10-08T22:19:35.074820,0.008,462.5,582.0,-1.5157429442464765,False,True,True,False,2,1,0,7,4,4,898,558,"[false, false, false]",300,2,1,Starfield Stage - 2
30970,2025-10-08T22:19:35.082715,0.008,460.0,579.5,-1.5216368808544507,False,True,True,False,2,1,0,7,4,4,897,558,"[true, false, false]",300,2,1,Starfield Stage - 2
30978,2025-10-08T22:19:35.091212,0.009,457.5,577.0,-1.5275922840273322,False,True,True,False,2,1,0,7,4,4,897,558,"[true, false, false]",300,2,1,Starfield Stage - 2
30987,2025-10-08T22:19:35.099756,0.008,455.0,574.5,-1.5311345968717691,False,True,True,False,2,1,0,7,4,4,896,557,"[true, false, false]",300,2,1,Starfield Stage - 2
30995,2025-10-08T22:19:35.108222,0.009,452.5,572.0,-1.5369873429673966,False,True,True,False,2,1,0,7,4,4,896,557,"[true, false, false]",300,2,1,Starfield Stage - 2
31004,2025-10-08T22:19:35.116892,0.008,450.0,569.5,-1.5405365077511042,False,True,True,False,2,1,0,7,4,4,896,556,"[true, false, false]",300,2,1,Starfield Stage - 2
31013,2025-10-08T22:19:35.125872,0.01,447.5,567.0,-1.5439871090840158,False,True,True,False,2,1,0,7,4,4,895,555,"[true, false, false]",300,2,1,Starfield Stage - 2
31022,2025-10-08T22:19:35.135103,0.009,445.0,564.5,-1.5495941472457573,False,True,True,False,2,1,0,7,4,4,893,555,"[true, false, false]",300,2,1,Starfield Stage - 2
31032,2025-10-08T22:19:35.144872,0.01,442.5,562.0,-1.5529609829449451,False,True,True,False,2,1,0,7,4,4,891,554,"[false, false, false]",300,2,1,Starfield Stage - 2
31041,2025-10-08T22:19:35.153996,0.009,440.0,559.5,-1.5563207232679188,False,True,True,False,2,1,0,7,4,4,889,553,"[false, false, false]",300,2,1,Starfield Stage - 2
31050,2025-10-08T22:19:35.162405,0.008,437.5,557.0,-1.5573291275475274,False,True,True,False,2,1,0,7,4,4,883,551,"[false, false, false]",300,2,1,Starfield Stage - 2
31058,2025-10-08T22:19:35.171055,0.009,435.0,554.5,-1.5583816147532286,False,True,True,False,2,1,0,7,4,4,878,549,"[false, false, false]",300,2,1,Starfield Stage - 2
31067,2025-10-08T22:19:35.179593,0.008,432.5,552.0,-1.5594460764327693,False,True,True,False,2,1,0,7,4,4,873,547,"[false, false, false]",300,2,1,Starfield Stage - 2
31074,2025-10-08T22:19:35.187020,0.008,430.0,549.5,-1.5604755923395621,False,True,True,False,2,1,0,7,4,4,866,545,"[false, false, false]",300,2,1,Starfield Stage - 2
31083,2025-10-08T22:19:35.195904,0.009,427.5,547.0,-1.5638439475034334,False,True,True,False,2,1,0,7,4,4,859,544,"[false, false, false]",300,2,1,Starfield Stage - 2
31092,2025-10-08T22:19:35.204687,0.008,425.0,544.5,-1.564955271728701,False,True,True,False,2,1,0,7,4,4,853,542,"[false, false, false]",300,2,1,Starfield Stage - 2
31100,2025-10-08T22:19:35.212917,0.008,422.5,542.0,-1.5660960088834528,False,True,True,False,2,1,0,7,4,4,848,540,"[false, false, false]",300,2,1,Starfield Stage - 2
31108,2025-10-08T22:19:35.220432,0.008,420.0,539.5,-1.5696170820585045,False,True,True,False,2,1,0,7,4,4,844,539,"[false, false, false]",300,2,1,Starfield Stage - 2
31116,2025-10-08T22:19:35.228746,0.008,417.5,537.0,-1.5755077171408223,False,True,True,False,2,1,0,7,4,4,842,539,"[false, false, false]",300,2,1,Starfield Stage - 2
31124,2025-10-08T22:19:35.236853,0.009,415.0,534.5,-1.58135931419795,False,True,True,False,2,1,0,7,4,4,841,539,"[false, false, false]",300,2,1,Starfield Stage - 2
31133,2025-10-08T22:19:35.245832,0.008,412.5,532.0,-1.5871309298536103,False,True,True,False,2,1,0,7,4,4,841,539,"[false, false, false]",300,2,1,Starfield Stage - 2
31141,2025-10-08T22:19:35.253755,0.008,410.0,529.5,-1.5928345215909634,False,True,True,False,2,1,0,7,4,4,841,539,"[false, false, false]",300,2,1,Starfield Stage - 2
31149,2025-10-08T22:19:35.262012,0.008,407.5,527.0,-1.5984709203613368,False,True,True,False,2,2,0,7,4,4,841,539,"[false, false, false]",300,2,1,Starfield Stage - 2
31157,2025-10-08T22:19:35.270056,0.008,405.0,524.5,-1.6040409547325538,False,True,True,False,3,2,0,7,4,4,841,539,"[true, false, false]",300,2,1,Starfield Stage - 2
31165,2025-10-08T22:19:35.277277,0.008,402.5,522.0,-1.6095454503500115,False,True,True,False,3,2,0,7,4,4,841,539,"[true, false, false]",300,2,1,Starfield Stage - 2
31173,2025-10-08T22:19:35.285977,0.008,400.0,519.5,-1.6149852294325149,False,True,True,False,3,2,0,7,4,4,841,539,"[true, false, false]",300,2,1,Starfield Stage - 2
31181,2025-10-08T22:19:35.293938,0.008,397.5,517.0,-1.6203611103014495,False,True,True,False,3,2,0,7,4,4,841,539,"[true, false, false]",300,2,1,Starfield Stage - 2
31188,2025-10-08T22:19:35.301060,0.008,395.0,514.5,-1.6256739069418962,False,True,True,False,3,2,0,7,4,4,841,539,"[true, false, false]",300,2,1,Starfield Stage - 2
31197,2025-10-08T22:19:35.309497,0.008,392.5,512.0,-1.6309244285943252,False,True,True,False,3,2,0,7,4,4,841,539,"[true, false, false]",300,2,1,Starfield Stage - 2
31205,2025-10-08T22:19:35.317887,0.008,390.0,509.5,-1.6361134793755256,False,True,True,False,3,2,0,7,4,4,841,539,"[true, false, false]",300,2,1,Starfield Stage - 2
31213,2025-10-08T22:19:35.325952,0.009,387.5,507.0,-1.641241857927474,False,True,True,False,3,2,0,7,4,4,841,539,"[true, false, false]",300,2,1,Starfield Stage - 2
31222,2025-10-08T22:19:35.335175,0.009,385.0,504.5,-1.6463103570928568,False,True,True,False,3,2,0,7,4,4,841,539,"[true, false, false]",300,2,1,Starfield Stage - 2
31231,2025-10-08T22:19:35.343552,0.008,382.5,502.0,-1.6513197636160204,False,True,True,False,3,2,0,7,3,4,841,539,"[false, false, false]",300,2,1,Starfield Stage - 2
31239,2025-10-08T22:19:35.351655,0.008,380.0,499.5,-1.6562708578681336,False,True,True,False,3,2,0,7,3,4,841,539,"[false, false, false]",300,2,1,Starfield Stage - 2
31247,2025-10-08T22:19:35.360085,0.009,377.5,497.0,-1.6611644135954031,False,True,True,False,3,2,0,7,3,4,841,539,"[false, false, false]",300,2,1,Starfield Stage - 2
31255,2025-10-08T22:19:35.368236,0.008,375.0,494.5,-1.6660011976892064,False,True,True,False,3,2,0,7,3,4,841,539,"[false, false, false]",300,2,1,Starfield Stage - 2
31264,2025-10-08T22:19:35.376886,0.009,372.5,492.0,-1.6707819699770474,False,True,True,False,3,2,0,7,3,4,841,539,"[false, false, false]",300,2,1,Starfield Stage - 2
31273,2025-10-08T22:19:35.386073,0.009,370.0,489.5,-1.6755074830332806,False,True,True,False,3,2,0,7,3,4,841,539,"[false, false, false]",300,2,1,Starfield Stage - 2
31319,2025-10-08T22:19:35.431551,0.009,367.5,487.0,-1.6780912417986755,False,True,True,False,2,1,0,7,3,4,841,538,"[false, false, false]",310,2,1,Starfield Stage - 2
31324,2025-10-08T22:19:35.436452,0.041,365.0,484.5,-1.682955221785152,False,True,True,False,2,1,0,7,3,4,840,538,"[false, false, false]",310,2,1,Starfield Stage - 2
31332,2025-10-08T22:19:35.444707,0.008,362.5,482.0,-1.6829695817927508,False,True,True,False,2,1,0,7,3,4,833,535,"[false, false, false]",310,2,1,Starfield Stage - 2
31340,2025-10-08T22:19:35.452927,0.008,360.0,479.5,-1.6875983981623466,False,True,True,False,2,1,0,7,3,4,833,535,"[false, false, false]",310,2,1,Starfield Stage - 2
31348,2025-10-08T22:19:35.460413,0.008,357.5,477.0,-1.6924268859443907,False,True,True,False,3,1,0,7,3,4,832,535,"[true, false, false]",310,2,1,Starfield Stage - 2
31356,2025-10-08T22:19:35.468984,0.009,355.0,474.5,-1.696957071990856,False,True,True,False,3,1,0,7,3,4,832,535,"[true, false, false]",310,2,1,Starfield Stage - 2
31365,2025-10-08T22:19:35.478117,0.009,352.5,472.0,-1.7014349011189318,False,True,True,False,3,1,0,7,3,4,832,535,"[true, false, false]",310,2,1,Starfield Stage - 2
31374,2025-10-08T22:19:35.487076,0.008,350.0,469.5,-1.7099329641768335,False,True,True,False,3,1,0,7,3,4,832,537,"[true, false, false]",310,2,1,Starfield Stage - 2
31382,2025-10-08T22:19:35.494736,0.008,347.5,467.0,-1.7183234648301586,False,True,True,False,3,1,0,7,3,4,832,539,"[true, false, false]",310,2,1,Starfield Stage - 2
31391,2025-10-08T22:19:35.503666,0.009,345.0,464.5,-1.7286105799685256,False,True,True,False,3,1,0,7,3,4,832,542,"[true, false, false]",310,2,1,Starfield Stage - 2
31398,2025-10-08T22:19:35.511085,0.008,342.5,462.0,-1.7351149911199157,False,True,True,False,3,1,0,7,3,4,831,543,"[true, false, false]",310,2,1,Starfield Stage - 2
31407,2025-10-08T22:19:35.519664,0.008,340.0,459.5,-1.7432020102444816,False,True,True,False,3,1,0,7,3,4,831,545,"[true, false, false]",310,2,1,Starfield Stage - 2
31416,2025-10-08T22:19:35.528861,0.009,337.5,457.0,-1.749577536765127,False,True,True,False,3,1,0,7,3,4,830,546,"[true, false, false]",310,2,1,Starfield Stage - 2
31424,2025-10-08T22:19:35.537237,0.009,335.0,454.5,-1.7555343348107255,False,True,True,False,3,1,0,7,3,4,830,547,"[false, false, false]",310,2,1,Starfield Stage - 2
31433,2025-10-08T22:19:35.545797,0.008,332.5,452.0,-1.7617929047595515,False,True,True,False,3,1,0,7,3,4,829,548,"[false, false, false]",310,2,1,Starfield Stage - 2
31442,2025-10-08T22:19:35.555031,0.01,330.0,449.5,-1.7695403735946957,False,True,True,False,3,1,0,7,3,4,829,550,"[false, false, false]",310,2,1,Starfield Stage - 2
31451,2025-10-08T22:19:35.563808,0.008,327.5,447.0,-1.7756730438320052,False,True,True,False,3,1,0,7,3,4,828,551,"[false, false, false]",310,2,1,Starfield Stage - 2
31459,2025-10-08T22:19:35.571475,0.008,325.0,444.5,-1.7836575238181256,False,True,True,False,3,1,0,7,3,4,827,553,"[false, false, false]",310,2,1,Starfield Stage - 2
31467,2025-10-08T22:19:35.580250,0.009,322.5,442.0,-1.7915672138717407,False,True,True,False,3,1,0,7,3,4,826,555,"[false, false, false]",310,2,1,Starfield Stage - 2
31476,2025-10-08T22:19:35.589005,0.009,320.0,439.5,-1.79752286304039,False,True,True,False,3,1,0,7,3,4,825,556,"[false, false, false]",310,2,1,Starfield Stage - 2
31485,2025-10-08T22:19:35.598031,0.009,317.5,437.0,-1.8034270620763284,False,True,True,False,3,1,0,7,3,4,824,557,"[false, false, false]",310,2,1,Starfield Stage - 2
31494,2025-10-08T22:19:35.606530,0.008,315.0,434.5,-1.8092800684925057,False,True,True,False,3,1,0,7,3,4,823,558,"[false, false, false]",310,2,1,Starfield Stage - 2
31502,2025-10-08T22:19:35.614883,0.008,312.5,432.0,-1.813233405745558,False,True,True,False,3,1,0,7,3,4,822,558,"[false, false, false]",310,2,1,Starfield Stage - 2
31509,2025-10-08T22:19:35.621994,0.008,310.0,429.5,-1.8171558866274566,False,True,True,False,3,1,0,7,3,4,821,558,"[false, false, false]",310,2,1,Starfield Stage - 2
31518,2025-10-08T22:19:35.630436,0.008,307.5,427.0,-1.821516773400267,False,True,True,False,3,1,0,7,3,4,819,558,"[false, false, false]",310,2,1,Starfield Stage - 2
31527,2025-10-08T22:19:35.640041,0.009,305.0,424.5,-1.8258594520906861,False,True,True,False,3,1,0,7,3,4,817,558,"[false, false, false]",310,2,1,Starfield Stage - 2
31535,2025-10-08T22:19:35.647719,0.008,302.5,422.0,-1.8297010302441736,False,True,True,False,3,1,0,7,3,4,816,558,"[false, false, false]",310,2,1,Starfield Stage - 2
31543,2025-10-08T22:19:35.656088,0.009,300.0,419.5,-1.8353223975495874,False,True,True,False,3,1,0,7,3,4,815,559,"[false, false, false]",310,2,1,Starfield Stage - 2
31552,2025-10-08T22:19:35.665002,0.009,297.5,417.0,-1.8408941961147574,False,True,True,False,4,1,0,7,3,4,814,560,"[true, false, false]",310,2,1,Starfield Stage - 2
31562,2025-10-08T22:19:35.674609,0.009,295.0,414.5,-1.8469231875833205,False,True,True,False,4,1,0,7,3,4,812,561,"[true, false, false]",310,2,1,Starfield Stage - 2
31570,2025-10-08T22:19:35.682855,0.008,292.5,412.0,-1.852920058937612,False,True,True,False,4,1,0,7,3,4,810,562,"[true, false, false]",310,2,1,Starfield Stage - 2
31578,2025-10-08T22:19:35.691082,0.009,290.0,409.5,-1.858884638312449,False,True,True,False,3,1,0,7,3,4,808,563,"[true, false, false]",310,2,1,Starfield Stage - 2
31587,2025-10-08T22:19:35.699701,0.008,287.5,407.0,-1.8642827690328578,False,True,True,False,3,1,0,7,3,4,807,564,"[true, false, false]",310,2,1,Starfield Stage - 2
31595,2025-10-08T22:19:35.707849,0.008,285.0,404.5,-1.8684166427650435,False,True,True,False,3,1,0,7,3,4,805,564,"[true, false, false]",310,2,1,Starfield Stage - 2
31604,2025-10-08T22:19:35.716677,0.009,282.5,402.0,-1.8759351770592234,False,True,True,False,3,1,0,7,3,4,800,565,"[false, false, false]",310,2,1,Starfield Stage - 2
31612,2025-10-08T22:19:35.724909,0.008,280.0,399.5,-1.8817317518739483,False,True,True,False,3,1,0,7,3,4,795,565,"[false, false, false]",310,2,1,Starfield Stage - 2
31620,2025-10-08T22:19:35.733009,0.009,277.5,399.5,-1.8842483165068693,False,True,False,False,3,1,0,7,3,4,785,564,"[false, false, false]",310,2,1,Starfield Stage - 2
31629,2025-10-08T22:19:35.741505,0.008,275.0,399.5,-1.8849827289389356,False,True,False,False,3,1,0,7,3,4,772,561,"[false, false, false]",310,2,1,Starfield Stage - 2
31638,2025-10-08T22:19:35.750420,0.009,272.5,399.5,-1.886316432216658,False,True,False,False,3,1,0,7,3,4,755,557,"[false, false, false]",310,2,1,Starfield Stage - 2
31646,2025-10-08T22:19:35.759094,0.009,272.5,399.5,-1.889300139353162,True,True,False,False,3,1,0,7,3,4,735,552,"[false, false, false]",310,2,1,Starfield Stage - 2
31655,2025-10-08T22:19:35.767374,0.008,272.5,399.5,-1.891865682386823,True,True,False,False,3,1,0,7,3,4,713,546,"[false, false, false]",310,2,1,Starfield Stage - 2
31663,2025-10-08T22:19:35.775803,0.008,275.0,399.5,-1.8936334436034845,True,False,False,False,3,1,0,7,3,4,689,538,"[false, false, false]",310,2,1,Starfield Stage - 2
31671,2025-10-08T22:19:35.783808,0.008,277.5,399.5,-1.8987435485836688,True,False,False,False,3,1,0,7,3,4,664,531,"[false, false, false]",310,2,1,Starfield Stage - 2
31680,2025-10-08T22:19:35.792278,0.009,280.0,399.5,-1.9038481999491619,True,False,False,False,3,1,0,7,3,4,637,523,"[false, false, false]",310,2,1,Starfield Stage - 2
31688,2025-10-08T22:19:35.800886,0.009,282.5,399.5,-1.908894198687177,True,False,False,False,3,1,0,7,3,4,611,515,"[false, false, false]",310,2,1,Starfield Stage - 2
31697,2025-10-08T22:19:35.809966,0.009,285.0,399.5,-1.9159373382561482,True,False,False,False,3,1,0,7,3,4,584,507,"[false, false, false]",310,2,1,Starfield Stage - 2
31706,2025-10-08T22:19:35.819039,0.009,287.5,399.5,-1.913428366517179,True,False,False,False,3,1,0,7,3,4,530,486,"[false, false, false]",310,2,1,Starfield Stage - 2
31715,2025-10-08T22:19:35.828041,0.009,290.0,399.5,-1.9114389649746732,True,False,False,False,3,1,0,7,3,4,503,475,"[false, false, false]",310,2,1,Starfield Stage - 2
31724,2025-10-08T22:19:35.836651,0.008,292.5,399.5,-1.9088056109966685,True,False,False,False,3,1,0,7,3,4,476,464,"[false, false, false]",310,2,1,Starfield Stage - 2
31732,2025-10-08T22:19:35.844654,0.008,295.0,399.5,-1.9068999624653595,True,False,False,False,3,1,0,7,3,4,451,454,"[false, false, false]",310,2,1,Starfield Stage - 2
31740,2025-10-08T22:19:35.853070,0.009,297.5,399.5,-1.9130919352249391,True,False,False,False,3,1,0,7,3,4,428,446,"[false, false, false]",310,2,1,Starfield Stage - 2
31749,2025-10-08T22:19:35.861752,0.008,300.0,399.5,-1.9244362057623485,True,False,False,False,3,1,0,7,3,4,407,439,"[false, false, false]",310,2,1,Starfield Stage - 2
31757,2025-10-08T22:19:35.869980,0.008,302.5,399.5,-1.946366909833722,True,False,False,False,4,1,0,7,3,4,390,434,"[true, false, false]",310,2,1,Starfield Stage - 2
31765,2025-10-08T22:19:35.877920,0.008,305.0,399.5,-1.9896559803038936,True,False,False,False,4,1,0,7,3,4,378,432,"[true, false, false]",310,2,1,Starfield Stage - 2
31773,2025-10-08T22:19:35.885933,0.009,307.5,399.5,-2.031186618325697,True,False,False,False,4,1,0,7,3,4,369,430,"[true, false, false]",310,2,1,Starfield Stage - 2
31782,2025-10-08T22:19:35.894929,0.009,310.0,399.5,-2.077122630568519,True,False,False,False,4,1,0,7,3,4,365,430,"[true, false, false]",310,2,1,Starfield Stage - 2
31790,2025-10-08T22:19:35.903213,0.008,312.5,399.5,-2.105485230770936,True,False,False,False,4,1,0,7,3,4,364,430,"[true, false, false]",310,2,1,Starfield Stage - 2
31799,2025-10-08T22:19:35.911821,0.008,315.0,399.5,-2.1368512355871583,True,False,False,False,4,1,0,7,3,4,363,430,"[true, false, false]",310,2,1,Starfield Stage - 2
31807,2025-10-08T22:19:35.919839,0.009,317.5,402.0,-2.1224513093234436,True,False,False,True,4,1,0,7,3,4,363,430,"[true, false, false]",310,2,1,Starfield Stage - 2
31816,2025-10-08T22:19:35.928437,0.008,320.0,404.5,-2.106070074885056,True,False,False,True,4,1,0,7,3,4,363,430,"[true, false, false]",310,2,1,Starfield Stage - 2
31824,2025-10-08T22:19:35.936888,0.008,322.5,407.0,-2.0872793314916245,True,False,False,True,4,1,0,7,3,4,363,430,"[true, false, false]",310,2,1,Starfield Stage - 2
31832,2025-10-08T22:19:35.944816,0.008,325.0,409.5,-2.065522009279145,True,False,False,True,4,1,0,7,3,4,363,430,"[true, false, false]",310,2,1,Starfield Stage - 2
31840,2025-10-08T22:19:35.952523,0.008,327.5,412.0,-2.028949485592486,True,False,False,True,4,1,0,7,3,4,364,430,"[true, false, false]",310,2,1,Starfield Stage - 2
31848,2025-10-08T22:19:35.961226,0.009,330.0,414.5,-1.977363153389438,True,False,False,True,4,1,0,7,3,4,366,430,"[false, false, false]",310,2,1,Starfield Stage - 2
31857,2025-10-08T22:19:35.969592,0.008,332.5,417.0,-1.946436562267962,True,False,False,True,4,1,0,7,3,4,368,431,"[false, false, false]",310,2,1,Starfield Stage - 2
31865,2025-10-08T22:19:35.977698,0.008,335.0,419.5,-1.9295669970654687,True,False,False,True,4,1,0,7,3,4,371,433,"[false, false, false]",310,2,1,Starfield Stage - 2
31873,2025-10-08T22:19:35.985888,0.008,337.5,422.0,-1.888744618146188,True,False,False,True,4,1,0,7,3,4,377,435,"[false, false, false]",310,2,1,Starfield Stage - 2
31882,2025-10-08T22:19:35.994816,0.009,340.0,424.5,-1.857541730926838,True,False,False,True,4,1,0,7,3,4,379,436,"[false, false, false]",310,2,1,Starfield Stage - 2
31890,2025-10-08T22:19:36.002449,0.008,342.5,427.0,-1.8004387690800312,True,False,False,True,4,1,0,7,3,4,381,436,"[false, false, false]",310,2,1,Starfield Stage - 2
31899,2025-10-08T22:19:36.011822,0.009,342.5,429.5,-1.7539071440573808,False,False,False,True,4,1,0,7,3,4,383,437,"[false, false, false]",310,2,1,Starfield Stage - 2
31907,2025-10-08T22:19:36.020209,0.009,342.5,432.0,-1.6936315656727916,False,False,False,True,4,1,0,7,3,4,383,437,"[false, false, false]",310,2,1,Starfield Stage - 2
31916,2025-10-08T22:19:36.028537,0.008,342.5,434.5,-1.6309645779499062,False,False,False,True,4,1,0,7,3,4,384,437,"[false, false, false]",310,2,1,Starfield Stage - 2
31924,2025-10-08T22:19:36.036760,0.008,342.5,437.0,-1.5707963267948966,False,False,False,True,4,1,0,7,3,4,384,437,"[false, false, false]",310,2,1,Starfield Stage - 2
31969,2025-10-08T22:19:36.081668,0.008,342.5,439.5,-1.512040504079174,False,False,False,True,3,1,0,7,3,4,385,437,"[false, false, false]",320,2,1,Starfield Stage - 2
31974,2025-10-08T22:19:36.087165,0.042,342.5,442.0,-1.4791001705350335,False,False,False,True,3,1,0,7,3,4,386,438,"[false, false, false]",320,2,1,Starfield Stage - 2
31982,2025-10-08T22:19:36.094638,0.008,340.0,444.5,-1.611097075098678,False,True,False,True,4,1,0,7,3,4,402,447,"[true, false, false]",320,2,1,Starfield Stage - 2
31991,2025-10-08T22:19:36.103552,0.009,337.5,447.0,-1.6004172902240228,False,True,False,True,4,1,0,7,3,4,405,449,"[true, false, false]",320,2,1,Starfield Stage - 2
31999,2025-10-08T22:19:36.112210,0.009,335.0,449.5,-1.5777406596099122,False,True,False,True,4,1,0,7,3,4,407,450,"[true, false, false]",320,2,1,Starfield Stage - 2
32009,2025-10-08T22:19:36.121337,0.009,332.5,452.0,-1.5577251758447148,False,True,False,True,4,1,0,7,3,4,409,451,"[true, false, false]",320,2,1,Starfield Stage - 2
32017,2025-10-08T22:19:36.129932,0.008,330.0,454.5,-1.5395564933646284,False,True,False,True,4,1,0,7,3,4,410,452,"[true, false, false]",320,2,1,Starfield Stage - 2
32025,2025-10-08T22:19:36.137721,0.008,327.5,457.0,-1.5116936431843089,False,True,False,True,4,1,0,7,3,4,412,452,"[false, false, false]",320,2,1,Starfield Stage - 2
32033,2025-10-08T22:19:36.146253,0.009,325.0,459.5,-1.4867252950814214,False,True,False,True,4,1,0,7,3,4,414,452,"[false, false, false]",320,2,1,Starfield Stage - 2
32043,2025-10-08T22:19:36.155732,0.009,322.5,462.0,-1.4748352844335548,False,True,False,True,4,1,0,7,3,4,416,453,"[false, false, false]",320,2,1,Starfield Stage - 2
32052,2025-10-08T22:19:36.164384,0.009,320.0,464.5,-1.4651307446950408,False,True,False,True,3,1,0,7,3,4,419,454,"[false, false, false]",320,2,1,Starfield Stage - 2
32059,2025-10-08T22:19:36.172061,0.008,317.5,467.0,-1.4575390074761867,False,True,False,True,3,1,0,7,3,4,423,455,"[false, false, false]",320,2,1,Starfield Stage - 2
32068,2025-10-08T22:19:36.180365,0.008,315.0,469.5,-1.4508393247826952,False,True,False,True,3,1,0,7,3,4,427,456,"[false, false, false]",320,2,1,Starfield Stage - 2
32077,2025-10-08T22:19:36.189442,0.009,312.5,472.0,-1.4448837011090985,False,True,False,True,3,1,0,7,4,4,431,457,"[false, false, false]",320,2,1,Starfield Stage - 2
32122,2025-10-08T22:19:36.235249,0.009,310.0,474.5,-1.4395550662850796,False,True,False,True,2,0,0,7,4,4,435,458,"[false, false, false]",320,2,1,Starfield Stage - 2
32128,2025-10-08T22:19:36.240365,0.042,307.5,477.0,-1.4316240610876645,False,True,False,True,2,0,0,7,4,4,436,459,"[false, false, false]",320,2,1,Starfield Stage - 2
32136,2025-10-08T22:19:36.248760,0.008,305.0,479.5,-1.4294102583496313,False,True,False,True,2,0,0,7,4,4,442,460,"[false, false, false]",320,2,1,Starfield Stage - 2
32144,2025-10-08T22:19:36.256706,0.008,302.5,482.0,-1.415473922702703,False,True,False,True,2,0,0,7,4,4,443,460,"[false, false, false]",320,2,1,Starfield Stage - 2
32153,2025-10-08T22:19:36.265811,0.009,300.0,484.5,-1.4011151025156945,False,True,False,True,2,0,0,7,4,4,443,460,"[false, false, false]",320,2,1,Starfield Stage - 2
32162,2025-10-08T22:19:36.274680,0.009,297.5,487.0,-1.3873163696451558,False,True,False,True,3,0,0,7,4,4,443,460,"[true, false, false]",320,2,1,Starfield Stage - 2
32170,2025-10-08T22:19:36.283267,0.009,295.0,489.5,-1.3740505394331675,False,True,False,True,3,0,0,7,4,4,443,460,"[true, false, false]",320,2,1,Starfield Stage - 2
32179,2025-10-08T22:19:36.291688,0.008,292.5,492.0,-1.3612917348591302,False,True,False,True,3,1,0,7,4,5,443,460,"[true, false, false]",320,2,1,Starfield Stage - 2
32187,2025-10-08T22:19:36.299926,0.009,290.0,494.5,-1.3490153577722974,False,True,False,True,3,1,0,7,4,5,443,460,"[true, false, false]",320,2,1,Starfield Stage - 2
32196,2025-10-08T22:19:36.308479,0.008,287.5,497.0,-1.3371980524602658,False,True,False,True,3,1,0,7,4,5,443,460,"[true, false, false]",320,2,1,Starfield Stage - 2
32204,2025-10-08T22:19:36.317037,0.009,285.0,499.5,-1.3258176636680326,False,True,False,True,3,1,0,7,4,5,443,460,"[true, false, false]",320,2,1,Starfield Stage - 2
32213,2025-10-08T22:19:36.325504,0.008,282.5,502.0,-1.3148531907902146,False,True,False,True,3,1,0,7,4,5,443,460,"[true, false, false]",320,2,1,Starfield Stage - 2
32221,2025-10-08T22:19:36.333465,0.008,280.0,504.5,-1.3042847396274784,False,True,False,True,3,1,0,7,4,5,443,460,"[false, false, false]",320,2,1,Starfield Stage - 2
32229,2025-10-08T22:19:36.342001,0.009,277.5,507.0,-1.294093472819839,False,True,False,True,3,1,0,7,4,5,443,460,"[false, false, false]",320,2,1,Starfield Stage - 2
32238,2025-10-08T22:19:36.350426,0.008,275.0,509.5,-1.2858664997330216,False,True,False,True,3,1,0,7,4,5,444,460,"[false, false, false]",320,2,1,Starfield Stage - 2
32247,2025-10-08T22:19:36.359617,0.009,272.5,512.0,-1.2763999362947176,False,True,False,True,3,1,0,7,4,5,444,460,"[false, false, false]",320,2,1,Starfield Stage - 2
32256,2025-10-08T22:19:36.368385,0.009,270.0,514.5,-1.2705017067956073,False,True,False,True,3,1,0,7,4,5,446,460,"[false, false, false]",320,2,1,Starfield Stage - 2
32264,2025-10-08T22:19:36.376915,0.009,267.5,517.0,-1.2649174553900444,False,True,False,True,3,1,0,7,4,5,448,460,"[false, false, false]",320,2,1,Starfield Stage - 2
32273,2025-10-08T22:19:36.386037,0.009,265.0,519.5,-1.2596230833707402,False,True,False,True,3,1,0,7,4,5,450,460,"[false, false, false]",320,2,1,Starfield Stage - 2
32282,2025-10-08T22:19:36.394588,0.008,262.5,522.0,-1.2576865628407938,False,True,False,True,3,1,0,7,4,5,454,460,"[false, false, false]",320,2,1,Starfield Stage - 2
32290,2025-10-08T22:19:36.402516,0.008,265.0,524.5,-1.2435296738933506,True,False,False,True,3,1,0,7,4,5,455,460,"[false, false, false]",320,2,1,Starfield Stage - 2
32298,2025-10-08T22:19:36.411215,0.009,267.5,527.0,-1.2309517598648207,True,False,False,True,2,1,0,7,4,5,457,460,"[false, false, false]",320,2,1,Starfield Stage - 2
32307,2025-10-08T22:19:36.419873,0.009,270.0,529.5,-1.2184190596759532,True,False,False,True,2,1,0,7,4,5,459,460,"[false, false, false]",320,2,1,Starfield Stage - 2
32316,2025-10-08T22:19:36.428822,0.008,272.5,532.0,-1.2030921766042602,True,False,False,True,2,1,0,7,4,5,462,459,"[false, false, false]",320,2,1,Starfield Stage - 2
32324,2025-10-08T22:19:36.436828,0.008,275.0,534.5,-1.1816538007560686,True,False,False,True,2,1,0,7,4,5,464,457,"[false, false, false]",320,2,1,Starfield Stage - 2
32332,2025-10-08T22:19:36.445229,0.008,277.5,537.0,-1.1604750186484287,True,False,False,True,2,1,0,7,4,5,466,455,"[false, false, false]",320,2,1,Starfield Stage - 2
32341,2025-10-08T22:19:36.453576,0.009,280.0,539.5,-1.1331450268858685,True,False,False,True,2,1,0,7,4,5,467,452,"[false, false, false]",320,2,1,Starfield Stage - 2
32349,2025-10-08T22:19:36.462169,0.009,282.5,542.0,-1.1039367374052522,True,False,False,True,2,1,0,7,4,5,469,448,"[false, false, false]",320,2,1,Starfield Stage - 2
32358,2025-10-08T22:19:36.470757,0.008,285.0,544.5,-1.0795841211106283,True,False,False,True,2,1,0,7,4,5,471,445,"[false, false, false]",320,2,1,Starfield Stage - 2
32367,2025-10-08T22:19:36.479616,0.008,287.5,544.5,-1.0641531957772765,True,False,False,False,2,1,0,7,4,5,474,441,"[false, false, false]",320,2,1,Starfield Stage - 2
32374,2025-10-08T22:19:36.486981,0.009,290.0,544.5,-1.0530911337413351,True,False,False,False,2,1,0,7,4,5,477,438,"[false, false, false]",320,2,1,Starfield Stage - 2
32383,2025-10-08T22:19:36.496170,0.009,292.5,544.5,-1.0405805540182667,True,False,False,False,2,1,0,7,4,5,481,434,"[false, false, false]",320,2,1,Starfield Stage - 2
32392,2025-10-08T22:19:36.504666,0.008,295.0,544.5,-1.0323140577312957,True,False,False,False,2,1,0,7,4,5,485,431,"[false, false, false]",320,2,1,Starfield Stage - 2
32400,2025-10-08T22:19:36.512734,0.008,297.5,544.5,-1.02807621708628,True,False,False,False,2,1,0,7,4,5,489,429,"[false, false, false]",320,2,1,Starfield Stage - 2
32408,2025-10-08T22:19:36.521160,0.009,300.0,544.5,-1.0239253031313438,True,False,False,False,2,1,0,7,4,5,493,427,"[false, false, false]",320,2,1,Starfield Stage - 2
32417,2025-10-08T22:19:36.529754,0.008,302.5,544.5,-1.0175570160514118,True,False,False,False,2,1,0,7,4,5,496,425,"[false, false, false]",320,2,1,Starfield Stage - 2
32425,2025-10-08T22:19:36.537629,0.008,305.0,544.5,-1.0085365382099112,True,False,False,False,2,1,0,7,4,5,501,421,"[false, false, false]",320,2,1,Starfield Stage - 2
32433,2025-10-08T22:19:36.545989,0.009,307.5,544.5,-0.9977716324688196,True,False,False,False,2,1,0,7,4,5,502,419,"[false, false, false]",320,2,1,Starfield Stage - 2
32443,2025-10-08T22:19:36.555686,0.009,310.0,544.5,-0.984598775438536,True,False,False,False,2,1,0,7,4,4,502,417,"[false, false, false]",320,2,1,Starfield Stage - 2
32452,2025-10-08T22:19:36.564301,0.009,312.5,544.5,-0.9713138650353947,True,False,False,False,2,1,0,7,4,4,502,415,"[false, false, false]",320,2,1,Starfield Stage - 2
32460,2025-10-08T22:19:36.573130,0.009,315.0,544.5,-0.9604274414835305,True,False,False,False,2,1,0,7,4,4,503,413,"[false, false, false]",320,2,1,Starfield Stage - 2
32469,2025-10-08T22:19:36.581549,0.008,317.5,544.5,-0.9469863268651256,True,False,False,False,2,1,0,7,4,4,503,411,"[false, false, false]",320,2,1,Starfield Stage - 2
32477,2025-10-08T22:19:36.590040,0.009,320.0,544.5,-0.933443581457247,True,False,False,False,2,1,0,7,4,4,503,409,"[false, false, false]",320,2,1,Starfield Stage - 2
32486,2025-10-08T22:19:36.598316,0.008,322.5,544.5,-0.9198030708372441,True,False,False,False,2,1,0,7,4,4,503,407,"[false, false, false]",320,2,1,Starfield Stage - 2
32494,2025-10-08T22:19:36.606806,0.009,325.0,544.5,-0.9025979909406524,True,False,False,False,2,1,0,7,4,4,503,404,"[false, false, false]",320,2,1,Starfield Stage - 2
32503,2025-10-08T22:19:36.616183,0.009,327.5,544.5,-0.8819718087484838,True,False,False,False,2,1,0,7,4,4,503,400,"[false, false, false]",320,2,1,Starfield Stage - 2
32512,2025-10-08T22:19:36.624748,0.008,330.0,544.5,-0.8585901176934312,True,False,False,False,2,1,0,7,4,4,502,396,"[false, false, false]",320,2,1,Starfield Stage - 2
32520,2025-10-08T22:19:36.632571,0.008,332.5,544.5,-0.822997989351366,True,False,False,False,2,1,0,7,4,4,498,391,"[false, false, false]",320,2,1,Starfield Stage - 2
32528,2025-10-08T22:19:36.640579,0.008,335.0,544.5,-0.767967282393454,True,False,False,False,2,1,0,7,4,4,490,384,"[false, false, false]",320,2,1,Starfield Stage - 2
32536,2025-10-08T22:19:36.648832,0.008,337.5,544.5,-0.701990832526464,True,False,False,False,2,1,0,7,4,4,480,376,"[false, false, false]",320,2,1,Starfield Stage - 2
32544,2025-10-08T22:19:36.656749,0.008,340.0,544.5,-0.6210484205664974,True,False,False,False,2,1,0,7,4,4,467,367,"[false, false, false]",320,2,1,Starfield Stage - 2
32552,2025-10-08T22:19:36.664832,0.008,342.5,544.5,-0.5262583698549856,True,False,False,False,2,1,0,7,4,4,452,356,"[false, false, false]",320,2,1,Starfield Stage - 2
32560,2025-10-08T22:19:36.673024,0.009,345.0,544.5,-0.42606368939033684,True,False,False,False,2,1,0,7,4,4,436,344,"[false, false, false]",320,2,1,Starfield Stage - 2
32570,2025-10-08T22:19:36.682999,0.009,347.5,542.0,-0.3324263053840973,True,False,True,False,2,1,0,7,4,4,420,332,"[false, false, false]",320,2,1,Starfield Stage - 2
32578,2025-10-08T22:19:36.691023,0.009,350.0,539.5,-0.1626959843650986,True,False,True,False,2,1,0,7,4,4,388,308,"[false, false, false]",320,2,1,Starfield Stage - 2
32588,2025-10-08T22:19:36.700707,0.009,352.5,537.0,-0.08450898620735518,True,False,True,False,1,1,0,7,4,4,373,295,"[false, false, false]",320,2,1,Starfield Stage - 2
32597,2025-10-08T22:19:36.709783,0.009,355.0,534.5,-0.007889382662414018,True,False,True,False,1,1,0,7,4,4,357,281,"[false, false, false]",320,2,1,Starfield Stage - 2
32604,2025-10-08T22:19:36.717220,0.008,357.5,532.0,0.0617192648145101,True,False,True,False,1,1,0,7,4,4,341,265,"[false, false, false]",320,2,1,Starfield Stage - 2
32613,2025-10-08T22:19:36.725648,0.008,360.0,529.5,0.12630811706324024,True,False,True,False,1,1,0,7,4,4,324,246,"[false, false, false]",320,2,1,Starfield Stage - 2
32621,2025-10-08T22:19:36.733809,0.008,362.5,527.0,0.1791225057706343,True,False,True,False,1,1,0,7,4,4,308,226,"[false, false, false]",320,2,1,Starfield Stage - 2
32629,2025-10-08T22:19:36.742208,0.009,365.0,524.5,0.22394855364065158,True,False,True,False,1,1,0,7,4,4,292,204,"[false, false, false]",320,2,1,Starfield Stage - 2
32638,2025-10-08T22:19:36.750719,0.008,367.5,522.0,0.26362935003138954,True,False,True,False,1,1,0,7,4,4,276,183,"[false, false, false]",320,2,1,Starfield Stage - 2
32646,2025-10-08T22:19:36.758332,0.008,370.0,519.5,0.294156710776805,True,False,True,False,1,1,0,7,4,4,262,163,"[false, false, false]",320,2,1,Starfield Stage - 2
32654,2025-10-08T22:19:36.766845,0.008,372.5,517.0,0.3197221596125898,True,False,True,False,1,1,0,7,4,4,250,147,"[false, false, false]",320,2,1,Starfield Stage - 2
32662,2025-10-08T22:19:36.774957,0.008,375.0,514.5,0.3379099675646393,True,False,True,False,1,1,0,7,4,4,242,136,"[false, false, false]",320,2,1,Starfield Stage - 2
32670,2025-10-08T22:19:36.782780,0.008,377.5,514.5,0.3517877425859226,True,False,False,False,1,1,0,7,4,4,236,129,"[false, false, false]",320,2,1,Starfield Stage - 2
32678,2025-10-08T22:19:36.790723,0.008,380.0,514.5,0.36397895650964407,True,False,False,False,2,1,0,7,4,4,232,126,"[true, false, false]",320,2,1,Starfield Stage - 2
32686,2025-10-08T22:19:36.798637,0.008,382.5,514.5,0.37318131389908477,True,False,False,False,2,1,0,7,4,4,230,125,"[true, false, false]",320,2,1,Starfield Stage - 2
32695,2025-10-08T22:19:36.807862,0.009,385.0,514.5,0.38094895287457287,True,False,False,False,2,1,0,8,4,4,229,125,"[true, false, false]",320,2,1,Starfield Stage - 2
32703,2025-10-08T22:19:36.816092,0.009,387.5,514.5,0.3886685607290367,True,False,False,False,2,1,0,8,4,4,228,125,"[true, false, false]",320,2,1,Starfield Stage - 2
32712,2025-10-08T22:19:36.824848,0.008,390.0,514.5,0.3941528995092459,True,False,False,False,2,1,0,8,4,4,228,125,"[true, false, false]",320,2,1,Starfield Stage - 2
32720,2025-10-08T22:19:36.832338,0.008,392.5,514.5,0.40178909689288944,True,False,False,False,2,1,0,8,4,4,227,125,"[true, false, false]",320,2,1,Starfield Stage - 2
32728,2025-10-08T22:19:36.840919,0.009,395.0,514.5,0.4081491037550893,True,False,False,False,2,1,0,8,4,4,227,126,"[true, false, false]",320,2,1,Starfield Stage - 2
32737,2025-10-08T22:19:36.849935,0.008,397.5,514.5,0.4176240174890171,True,False,False,False,2,1,0,8,4,4,226,128,"[false, false, false]",320,2,1,Starfield Stage - 2
32745,2025-10-08T22:19:36.858072,0.009,400.0,514.5,0.4289022394753127,True,False,False,False,2,1,0,8,4,4,226,134,"[false, false, false]",320,2,1,Starfield Stage - 2
32754,2025-10-08T22:19:36.866997,0.009,402.5,514.5,0.4383705838789035,True,False,False,False,2,1,0,8,4,4,226,138,"[false, false, false]",320,2,1,Starfield Stage - 2
32763,2025-10-08T22:19:36.876054,0.009,405.0,514.5,0.44795625626905544,True,False,False,False,2,1,0,8,4,4,226,142,"[false, false, false]",320,2,1,Starfield Stage - 2
32772,2025-10-08T22:19:36.884822,0.008,407.5,514.5,0.45876430544143265,True,False,False,False,2,1,0,8,4,4,225,145,"[false, false, false]",320,2,1,Starfield Stage - 2
32781,2025-10-08T22:19:36.893732,0.009,410.0,514.5,0.46746022669280424,True,False,False,False,2,1,0,8,4,4,225,148,"[false, false, false]",320,2,1,Starfield Stage - 2
32790,2025-10-08T22:19:36.902289,0.009,412.5,514.5,0.4761537541300744,True,False,False,False,2,1,0,8,4,4,224,149,"[false, false, false]",320,2,1,Starfield Stage - 2
32798,2025-10-08T22:19:36.910767,0.008,415.0,514.5,0.4826670544390295,True,False,False,False,2,1,0,8,5,4,224,150,"[false, false, false]",320,2,1,Starfield Stage - 2
32807,2025-10-08T22:19:36.919505,0.009,417.5,514.5,0.4870256221038215,True,False,False,False,2,1,0,8,5,4,225,151,"[false, false, false]",320,2,1,Starfield Stage - 2
32815,2025-10-08T22:19:36.927836,0.008,420.0,514.5,0.4892411479044985,True,False,False,False,2,1,0,8,5,4,227,152,"[false, false, false]",320,2,1,Starfield Stage - 2
32823,2025-10-08T22:19:36.935900,0.009,422.5,514.5,0.49031521042712545,True,False,False,False,2,1,0,8,5,4,229,152,"[false, false, false]",320,2,1,Starfield Stage - 2
32832,2025-10-08T22:19:36.945137,0.009,425.0,514.5,0.49468339203345746,True,False,False,False,2,1,0,8,5,4,230,153,"[false, false, false]",320,2,1,Starfield Stage - 2
32841,2025-10-08T22:19:36.953757,0.008,427.5,517.0,0.4928758828872447,True,False,False,True,2,1,0,8,5,4,232,153,"[false, false, false]",320,2,1,Starfield Stage - 2
32849,2025-10-08T22:19:36.961934,0.009,430.0,519.5,0.4954942896164972,True,False,False,True,3,1,0,8,5,4,233,155,"[true, false, false]",320,2,1,Starfield Stage - 2
32858,2025-10-08T22:19:36.971048,0.009,432.5,522.0,0.49483706121323506,True,False,False,True,3,1,0,8,5,4,235,156,"[true, false, false]",320,2,1,Starfield Stage - 2
32867,2025-10-08T22:19:36.979529,0.008,435.0,524.5,0.49629125520278194,True,False,False,True,3,1,0,8,5,4,236,157,"[true, false, false]",320,2,1,Starfield Stage - 2
32875,2025-10-08T22:19:36.987779,0.008,437.5,527.0,0.49467029079582797,True,False,False,True,3,1,0,8,5,4,239,159,"[true, false, false]",320,2,1,Starfield Stage - 2
32883,2025-10-08T22:19:36.995789,0.008,440.0,529.5,0.4951542736373228,True,False,False,True,3,1,0,8,5,4,241,161,"[true, false, false]",320,2,1,Starfield Stage - 2
32891,2025-10-08T22:19:37.003659,0.008,442.5,532.0,0.49353726322752345,True,False,False,True,3,1,0,8,5,4,244,163,"[true, false, false]",320,2,1,Starfield Stage - 2
32900,2025-10-08T22:19:37.012411,0.009,445.0,534.5,0.49207342664317444,True,False,False,True,3,1,0,8,5,4,248,167,"[true, false, false]",320,2,1,Starfield Stage - 2
32945,2025-10-08T22:19:37.057639,0.008,447.5,537.0,0.48520761009297203,True,False,False,True,2,1,0,8,5,4,254,170,"[true, false, false]",330,2,1,Starfield Stage - 2
32950,2025-10-08T22:19:37.062686,0.042,450.0,539.5,0.48051216885174425,True,False,False,True,2,1,0,8,5,4,260,175,"[false, false, false]",330,2,1,Starfield Stage - 2
32959,2025-10-08T22:19:37.071624,0.009,452.5,542.0,0.4039987699123616,True,False,False,True,2,1,0,8,5,4,308,204,"[false, false, false]",330,2,1,Starfield Stage - 2
32967,2025-10-08T22:19:37.079918,0.009,455.0,544.5,0.39383550308685106,True,False,False,True,2,1,0,8,5,4,316,210,"[false, false, false]",330,2,1,Starfield Stage - 2
32976,2025-10-08T22:19:37.088912,0.009,457.5,547.0,0.38749745948457415,True,False,False,True,2,1,0,8,5,4,322,215,"[false, false, false]",330,2,1,Starfield Stage - 2
32985,2025-10-08T22:19:37.098078,0.009,460.0,549.5,0.3841417804685175,True,False,False,True,2,1,0,8,5,4,326,218,"[false, false, false]",330,2,1,Starfield Stage - 2
32994,2025-10-08T22:19:37.106781,0.008,462.5,552.0,0.3818118593994475,True,False,False,True,2,1,0,8,5,4,330,222,"[false, false, false]",330,2,1,Starfield Stage - 2
33002,2025-10-08T22:19:37.114620,0.008,465.0,554.5,0.38309637391104706,True,False,False,True,2,1,0,8,5,4,331,222,"[false, false, false]",330,2,1,Starfield Stage - 2
33010,2025-10-08T22:19:37.123245,0.009,467.5,557.0,0.38796892514761383,True,False,False,True,2,1,0,8,5,4,331,223,"[false, false, false]",330,2,1,Starfield Stage - 2
33019,2025-10-08T22:19:37.132010,0.009,470.0,559.5,0.3917275332564016,True,False,False,True,2,1,0,8,5,4,331,223,"[false, false, false]",330,2,1,Starfield Stage - 2
33028,2025-10-08T22:19:37.140884,0.008,472.5,562.0,0.395419326087649,True,False,False,True,2,1,0,8,5,4,331,223,"[false, false, false]",330,2,1,Starfield Stage - 2
33035,2025-10-08T22:19:37.148013,0.008,475.0,564.5,0.39904597156584576,True,False,False,True,3,1,0,8,5,4,331,223,"[true, false, false]",330,2,1,Starfield Stage - 2
33045,2025-10-08T22:19:37.157298,0.009,477.5,567.0,0.40260908612350216,True,False,False,True,3,1,0,8,5,4,331,223,"[true, false, false]",330,2,1,Starfield Stage - 2
33053,2025-10-08T22:19:37.165975,0.009,480.0,569.5,0.4071601474267671,True,False,False,True,3,1,0,8,5,4,331,224,"[true, false, false]",330,2,1,Starfield Stage - 2
33063,2025-10-08T22:19:37.175291,0.009,482.5,572.0,0.410600079239335,True,False,False,True,3,1,0,8,5,4,331,224,"[true, false, false]",330,2,1,Starfield Stage - 2
33071,2025-10-08T22:19:37.183467,0.008,485.0,574.5,0.41503412373307225,True,False,False,True,3,1,0,8,5,4,331,225,"[true, false, false]",330,2,1,Starfield Stage - 2
33079,2025-10-08T22:19:37.191808,0.009,487.5,574.5,0.4220781310985104,True,False,False,False,3,1,0,8,5,4,331,226,"[true, false, false]",330,2,1,Starfield Stage - 2
33088,2025-10-08T22:19:37.200521,0.008,490.0,574.5,0.4280318348632814,True,False,False,False,3,1,0,8,5,4,331,226,"[true, false, false]",330,2,1,Starfield Stage - 2
33096,2025-10-08T22:19:37.209010,0.009,492.5,574.5,0.4350506200507992,True,False,False,False,3,1,0,8,5,4,331,227,"[false, false, false]",330,2,1,Starfield Stage - 2
33143,2025-10-08T22:19:37.255908,0.009,495.0,574.5,0.4408178524473137,True,False,False,False,2,0,0,8,6,4,332,229,"[false, false, false]",330,2,1,Starfield Stage - 2
33149,2025-10-08T22:19:37.261351,0.043,497.5,574.5,0.4453821096318269,True,False,False,False,2,0,0,8,6,4,334,232,"[false, false, false]",330,2,1,Starfield Stage - 2
33158,2025-10-08T22:19:37.270381,0.009,500.0,574.5,0.45922844584912237,True,False,False,False,2,0,0,8,6,4,343,257,"[false, false, false]",330,2,1,Starfield Stage - 2
33166,2025-10-08T22:19:37.279121,0.009,502.5,574.5,0.46557191708100976,True,False,False,False,2,0,0,8,6,4,346,263,"[false, false, false]",330,2,1,Starfield Stage - 2
33175,2025-10-08T22:19:37.287592,0.008,505.0,574.5,0.4720670991679162,True,False,False,False,2,0,0,8,6,4,348,267,"[false, false, false]",330,2,1,Starfield Stage - 2
33183,2025-10-08T22:19:37.295669,0.008,507.5,574.5,0.47475100637298323,True,False,False,False,1,0,0,8,6,4,351,270,"[false, false, false]",330,2,1,Starfield Stage - 2
33191,2025-10-08T22:19:37.303701,0.008,510.0,574.5,0.4800934945708218,True,False,False,False,1,0,0,8,6,4,353,273,"[false, false, false]",330,2,1,Starfield Stage - 2
33199,2025-10-08T22:19:37.311332,0.008,512.5,574.5,0.48151466846640983,True,False,False,False,1,0,0,8,6,4,356,275,"[false, false, false]",330,2,1,Starfield Stage - 2
33207,2025-10-08T22:19:37.319600,0.008,515.0,574.5,0.48157397536636865,True,False,False,False,1,1,0,8,6,5,359,276,"[false, false, false]",330,2,1,Starfield Stage - 2
33216,2025-10-08T22:19:37.328785,0.009,517.5,574.5,0.4763389783218677,True,False,False,False,1,1,0,8,6,5,364,277,"[false, false, false]",330,2,1,Starfield Stage - 2
33224,2025-10-08T22:19:37.337121,0.009,520.0,572.0,0.4568449928459973,True,False,True,False,1,1,0,8,6,5,375,277,"[false, false, false]",330,2,1,Starfield Stage - 2
33233,2025-10-08T22:19:37.345582,0.008,522.5,569.5,0.45191591812782966,True,False,True,False,1,1,0,8,6,5,381,278,"[false, false, false]",330,2,1,Starfield Stage - 2
33241,2025-10-08T22:19:37.353535,0.008,525.0,567.0,0.44819939980633355,True,False,True,False,1,1,0,8,6,5,387,280,"[false, false, false]",330,2,1,Starfield Stage - 2
33250,2025-10-08T22:19:37.362298,0.009,527.5,564.5,0.447232238501705,True,False,True,False,1,1,0,8,6,5,392,282,"[false, false, false]",330,2,1,Starfield Stage - 2
33258,2025-10-08T22:19:37.370897,0.009,530.0,562.0,0.443301579743363,True,False,True,False,1,1,0,8,6,5,398,284,"[false, false, false]",330,2,1,Starfield Stage - 2
33267,2025-10-08T22:19:37.379452,0.008,532.5,559.5,0.43622675943453837,True,False,True,False,1,1,0,8,6,5,405,286,"[false, false, false]",330,2,1,Starfield Stage - 2
33275,2025-10-08T22:19:37.387660,0.008,535.0,557.0,0.4319361887156128,True,False,True,False,1,1,0,8,6,5,411,288,"[false, false, false]",330,2,1,Starfield Stage - 2
33284,2025-10-08T22:19:37.396749,0.009,537.5,554.5,0.42748170704211486,True,False,True,False,1,1,0,8,6,5,417,290,"[false, false, false]",330,2,1,Starfield Stage - 2
33292,2025-10-08T22:19:37.404827,0.008,540.0,552.0,0.4214192068878042,True,False,True,False,1,1,0,8,6,5,423,291,"[false, false, false]",330,2,1,Starfield Stage - 2
33301,2025-10-08T22:19:37.413476,0.009,542.5,549.5,0.4165953717440277,True,False,True,False,1,1,0,8,6,5,429,293,"[false, false, false]",330,2,1,Starfield Stage - 2
33309,2025-10-08T22:19:37.422128,0.009,545.0,547.0,0.41012734054149097,True,False,True,False,1,1,0,8,6,5,435,294,"[false, false, false]",330,2,1,Starfield Stage - 2
33318,2025-10-08T22:19:37.431082,0.009,547.5,544.5,0.40489178628508343,True,False,True,False,1,1,0,8,6,5,441,296,"[false, false, false]",330,2,1,Starfield Stage - 2
33328,2025-10-08T22:19:37.440284,0.009,547.5,542.0,0.3927606656373215,True,True,True,False,1,1,0,8,6,5,446,297,"[false, false, false]",330,2,1,Starfield Stage - 2
33336,2025-10-08T22:19:37.448826,0.009,545.0,539.5,0.37836275767335503,False,True,True,False,1,1,0,8,6,5,449,298,"[false, false, false]",330,2,1,Starfield Stage - 2
33345,2025-10-08T22:19:37.457980,0.009,542.5,537.0,0.3596912683994557,False,True,True,False,1,1,0,8,6,5,453,299,"[false, false, false]",330,2,1,Starfield Stage - 2
33354,2025-10-08T22:19:37.467103,0.009,540.0,534.5,0.3515074427943481,False,True,True,False,1,1,0,8,6,5,454,300,"[false, false, false]",330,2,1,Starfield Stage - 2
33363,2025-10-08T22:19:37.475620,0.008,537.5,532.0,0.34165800765458426,False,True,True,False,1,1,0,8,6,5,455,300,"[false, false, false]",330,2,1,Starfield Stage - 2
33371,2025-10-08T22:19:37.483466,0.008,535.0,529.5,0.3354126841345852,False,True,True,False,1,1,0,8,6,5,455,300,"[false, false, false]",330,2,1,Starfield Stage - 2
33379,2025-10-08T22:19:37.491855,0.008,532.5,527.0,0.32900158090658127,False,True,True,False,1,1,0,8,6,5,455,300,"[false, false, false]",330,2,1,Starfield Stage - 2
33387,2025-10-08T22:19:37.500108,0.009,530.0,524.5,0.3224185569692925,False,True,True,False,1,1,0,8,6,5,455,300,"[false, false, false]",330,2,1,Starfield Stage - 2
33396,2025-10-08T22:19:37.509082,0.009,527.5,522.0,0.31565719717746976,False,True,True,False,1,1,0,8,6,5,455,300,"[false, false, false]",330,2,1,Starfield Stage - 2
33405,2025-10-08T22:19:37.517598,0.008,525.0,519.5,0.3087107993533209,False,True,True,False,1,1,0,8,6,5,455,300,"[false, false, false]",330,2,1,Starfield Stage - 2
33413,2025-10-08T22:19:37.525667,0.008,522.5,517.0,0.3015723609254706,False,True,True,False,1,1,0,8,6,5,455,300,"[false, false, false]",330,2,1,Starfield Stage - 2
33422,2025-10-08T22:19:37.534668,0.009,520.0,514.5,0.2942345651111878,False,True,True,False,1,1,0,8,6,5,455,300,"[false, false, false]",330,2,1,Starfield Stage - 2
33430,2025-10-08T22:19:37.543157,0.009,517.5,512.0,0.28668976666572904,False,True,True,False,1,1,0,8,6,5,455,300,"[false, false, false]",330,2,1,Starfield Stage - 2
33439,2025-10-08T22:19:37.551623,0.008,515.0,509.5,0.2789299772323829,False,True,True,False,1,1,0,8,6,5,455,300,"[false, false, false]",330,2,1,Starfield Stage - 2
33447,2025-10-08T22:19:37.559854,0.008,512.5,507.0,0.26645642274301146,False,True,True,False,1,1,0,8,6,5,456,300,"[false, false, false]",330,2,1,Starfield Stage - 2
33455,2025-10-08T22:19:37.567775,0.008,510.0,504.5,0.2581659720213522,False,True,True,False,1,1,0,8,6,5,456,300,"[false, false, false]",330,2,1,Starfield Stage - 2
33463,2025-10-08T22:19:37.575914,0.009,507.5,502.0,0.24497866312686414,False,True,True,False,1,1,0,8,6,5,457,300,"[false, false, false]",330,2,1,Starfield Stage - 2
33473,2025-10-08T22:19:37.585402,0.009,505.0,499.5,0.2277184725877252,False,True,True,False,1,1,0,8,6,5,459,301,"[false, false, false]",330,2,1,Starfield Stage - 2
33482,2025-10-08T22:19:37.594655,0.009,502.5,497.0,0.20478094994297488,False,True,True,False,1,1,0,8,6,5,462,302,"[false, false, false]",330,2,1,Starfield Stage - 2
33490,2025-10-08T22:19:37.602750,0.008,500.0,494.5,0.1898919488053336,False,True,True,False,1,1,0,8,6,5,463,302,"[false, false, false]",330,2,1,Starfield Stage - 2
33498,2025-10-08T22:19:37.610868,0.009,497.5,492.0,0.1754266880758787,False,True,True,False,1,1,0,8,6,5,464,303,"[false, false, false]",330,2,1,Starfield Stage - 2
33507,2025-10-08T22:19:37.620276,0.009,495.0,489.5,0.16471389483332768,False,True,True,False,1,1,0,8,6,5,464,303,"[false, false, false]",330,2,1,Starfield Stage - 2
33517,2025-10-08T22:19:37.629592,0.009,492.5,487.0,0.1544966169343811,False,True,True,False,1,1,0,8,6,5,464,304,"[false, false, false]",330,2,1,Starfield Stage - 2
33525,2025-10-08T22:19:37.637605,0.008,490.0,484.5,0.14306029564599027,False,True,True,False,1,1,0,8,6,5,464,304,"[false, false, false]",330,2,1,Starfield Stage - 2
33533,2025-10-08T22:19:37.645966,0.009,487.5,482.0,0.13126334751050922,False,True,True,False,1,1,0,8,6,5,464,304,"[false, false, false]",330,2,1,Starfield Stage - 2
33542,2025-10-08T22:19:37.654819,0.008,485.0,479.5,0.11909188524916606,False,True,True,False,1,1,0,8,6,5,464,304,"[false, false, false]",330,2,1,Starfield Stage - 2
33550,2025-10-08T22:19:37.663182,0.009,482.5,477.0,0.10653157019253516,False,True,True,False,1,1,0,8,6,5,464,304,"[false, false, false]",330,2,1,Starfield Stage - 2
33560,2025-10-08T22:19:37.672854,0.009,480.0,474.5,0.09356762418159538,False,True,True,False,1,1,0,8,6,5,464,304,"[false, false, false]",330,2,1,Starfield Stage - 2
33569,2025-10-08T22:19:37.681348,0.009,477.5,472.0,0.08018484730131624,False,True,True,False,1,1,0,8,6,5,464,304,"[false, false, false]",330,2,1,Starfield Stage - 2
33577,2025-10-08T22:19:37.689690,0.008,475.0,469.5,0.06636764242298701,False,True,True,False,1,1,0,8,6,5,464,304,"[false, false, false]",330,2,1,Starfield Stage - 2
33585,2025-10-08T22:19:37.697917,0.009,472.5,467.0,0.052100047641098296,False,True,True,False,1,1,0,8,6,5,464,304,"[false, false, false]",330,2,1,Starfield Stage - 2
33594,2025-10-08T22:19:37.706979,0.009,470.0,464.5,0.03736577780278333,False,True,True,False,1,1,0,8,6,5,464,304,"[false, false, false]",330,2,1,Starfield Stage - 2
33603,2025-10-08T22:19:37.715605,0.008,467.5,462.0,0.0221482764395079,False,True,True,False,1,1,0,8,6,5,464,304,"[false, false, false]",330,2,1,Starfield Stage - 2
33611,2025-10-08T22:19:37.723773,0.008,465.0,459.5,0.006430779517600815,False,True,True,False,1,1,0,8,6,5,464,304,"[false, false, false]",330,2,1,Starfield Stage - 2
33619,2025-10-08T22:19:37.732085,0.009,462.5,457.0,-0.009803607479295975,False,True,True,False,1,1,0,8,6,6,464,304,"[false, false, false]",330,2,1,Starfield Stage - 2
33629,2025-10-08T22:19:37.741571,0.009,460.0,454.5,-0.0265718175439674,False,True,True,False,1,1,0,8,6,6,464,304,"[false, false, false]",330,2,1,Starfield Stage - 2
33637,2025-10-08T22:19:37.750052,0.009,457.5,452.0,-0.04389071357164519,False,True,True,False,1,1,0,8,6,6,464,304,"[false, false, false]",330,2,1,Starfield Stage - 2
33646,2025-10-08T22:19:37.758610,0.008,455.0,449.5,-0.06177696156034961,False,True,True,False,1,1,0,8,6,6,464,304,"[false, false, false]",330,2,1,Starfield Stage - 2
33655,2025-10-08T22:19:37.767649,0.009,452.5,447.0,-0.08024688396490488,False,True,True,False,1,1,0,8,6,6,464,304,"[false, false, false]",330,2,1,Starfield Stage - 2
33664,2025-10-08T22:19:37.776458,0.009,450.0,444.5,-0.09931629168826775,False,True,True,False,1,1,0,8,6,6,464,304,"[false, false, false]",330,2,1,Starfield Stage - 2
33672,2025-10-08T22:19:37.784651,0.008,447.5,442.0,-0.11900029338277994,False,True,True,False,0,1,0,8,6,6,464,304,"[false, false, false]",330,2,1,Starfield Stage - 2
33680,2025-10-08T22:19:37.793085,0.009,445.0,439.5,-0.13931308102700837,False,True,True,False,0,1,0,8,6,6,464,304,"[false, false, false]",330,2,1,Starfield Stage - 2
33689,2025-10-08T22:19:37.801520,0.008,442.5,437.0,-0.16026769116132547,False,True,True,False,0,1,0,8,6,6,464,304,"[false, false, false]",330,2,1,Starfield Stage - 2
33698,2025-10-08T22:19:37.810596,0.009,440.0,434.5,-0.18187574172745397,False,True,True,False,0,1,0,8,6,6,464,304,"[false, false, false]",330,2,1,Starfield Stage - 2
33706,2025-10-08T22:19:37.818842,0.008,437.5,432.0,-0.20414714518211702,False,True,True,False,0,1,0,8,6,6,464,304,"[false, false, false]",330,2,1,Starfield Stage - 2
33714,2025-10-08T22:19:37.826912,0.009,435.0,429.5,-0.22708979945679028,False,True,True,False,0,1,0,8,6,6,464,304,"[false, false, false]",330,2,1,Starfield Stage - 2
33724,2025-10-08T22:19:37.836526,0.009,432.5,427.0,-0.250709259421409,False,True,True,False,0,1,0,8,6,6,464,304,"[false, false, false]",330,2,1,Starfield Stage - 2
33732,2025-10-08T22:19:37.845002,0.009,430.0,424.5,-0.275008392776303,False,True,True,False,0,1,0,8,6,6,464,304,"[false, false, false]",330,2,1,Starfield Stage - 2
33741,2025-10-08T22:19:37.853586,0.008,427.5,422.0,-0.2999870257258497,False,True,True,False,0,1,0,8,6,6,464,304,"[false, false, false]",330,2,1,Starfield Stage - 2
33749,2025-10-08T22:19:37.861948,0.009,425.0,419.5,-0.3256415853432867,False,True,True,False,0,1,0,8,6,6,464,304,"[false, false, false]",330,2,1,Starfield Stage - 2
33759,2025-10-08T22:19:37.871278,0.009,422.5,417.0,-0.35196474716090664,False,True,True,False,0,1,0,8,6,6,464,304,"[false, false, false]",330,2,1,Starfield Stage - 2
33767,2025-10-08T22:19:37.879743,0.008,420.0,414.5,-0.37894509813114835,False,True,True,False,0,1,0,8,6,6,464,304,"[false, false, false]",330,2,1,Starfield Stage - 2
33775,2025-10-08T22:19:37.887864,0.009,417.5,412.0,-0.4065668265945415,False,True,True,False,0,1,0,8,6,6,464,304,"[false, false, false]",330,2,1,Starfield Stage - 2
33784,2025-10-08T22:19:37.897185,0.009,415.0,409.5,-0.43480945212968725,False,True,True,False,0,1,0,8,6,6,464,304,"[false, false, false]",330,2,1,Starfield Stage - 2
33794,2025-10-08T22:19:37.906511,0.009,412.5,407.0,-0.4636476090008061,False,True,True,False,0,1,0,8,6,6,464,304,"[false, false, false]",330,2,1,Starfield Stage - 2
33802,2025-10-08T22:19:37.914659,0.008,410.0,404.5,-0.4930508972048112,False,True,True,False,0,1,0,8,6,6,464,304,"[false, false, false]",330,2,1,Starfield Stage - 2
33810,2025-10-08T22:19:37.922983,0.009,407.5,402.0,-0.5229838147041774,False,True,True,False,0,1,0,8,6,6,464,304,"[false, false, false]",330,2,1,Starfield Stage - 2
33819,2025-10-08T22:19:37.931535,0.008,405.0,399.5,-0.5534057831907566,False,True,True,False,0,1,0,8,6,6,464,304,"[false, false, false]",330,2,1,Starfield Stage - 2
33827,2025-10-08T22:19:37.939822,0.008,402.5,397.0,-0.5842712775809088,False,True,True,False,0,1,0,8,6,6,464,304,"[false, false, false]",330,2,1,Starfield Stage - 2
33835,2025-10-08T22:19:37.947841,0.008,400.0,394.5,-0.6155300663807571,False,True,True,False,0,1,0,8,6,6,464,304,"[false, false, false]",330,2,1,Starfield Stage - 2
33843,2025-10-08T22:19:37.955716,0.008,397.5,392.0,-0.647127566150547,False,True,True,False,0,1,0,8,6,6,464,304,"[false, false, false]",330,2,1,Starfield Stage - 2
33852,2025-10-08T22:19:37.964376,0.009,395.0,389.5,-0.6790053086985441,False,True,True,False,0,1,0,8,6,6,464,304,"[false, false, false]",330,2,1,Starfield Stage - 2
33859,2025-10-08T22:19:37.972106,0.008,392.5,387.0,-0.7111015145972843,False,True,True,False,0,1,0,8,6,6,464,304,"[false, false, false]",330,2,1,Starfield Stage - 2
33869,2025-10-08T22:19:37.981579,0.009,390.0,384.5,-0.743351761464437,False,True,True,False,0,1,0,8,6,6,464,304,"[false, false, false]",330,2,1,Starfield Stage - 2
33877,2025-10-08T22:19:37.989841,0.009,387.5,382.0,-0.7756897305633395,False,True,True,False,0,1,0,8,6,6,464,304,"[false, false, false]",330,2,1,Starfield Stage - 2
33885,2025-10-08T22:19:37.998019,0.008,385.0,379.5,-0.8080480110436032,False,True,True,False,0,1,0,8,6,6,464,304,"[false, false, false]",330,2,1,Starfield Stage - 2
33894,2025-10-08T22:19:38.006799,0.008,382.5,377.0,-0.8403589379188695,False,True,True,False,0,1,0,8,6,6,464,304,"[false, false, false]",330,2,1,Starfield Stage - 2
33902,2025-10-08T22:19:38.014721,0.008,380.0,374.5,-0.8725554379517315,False,True,True,False,0,1,0,8,6,6,464,304,"[false, false, false]",330,2,1,Starfield Stage - 2
33909,2025-10-08T22:19:38.022064,0.008,377.5,372.0,-0.9045718571599711,False,True,True,False,0,1,0,8,6,6,464,304,"[false, false, false]",330,2,1,Starfield Stage - 2
33918,2025-10-08T22:19:38.030603,0.008,375.0,369.5,-0.9363447447153955,False,True,True,False,0,1,0,8,6,6,464,304,"[false, false, false]",330,2,1,Starfield Stage - 2
33926,2025-10-08T22:19:38.039001,0.009,372.5,367.0,-0.9678135704799592,False,True,True,False,0,1,0,8,6,6,464,304,"[false, false, false]",330,2,1,Starfield Stage - 2
33936,2025-10-08T22:19:38.048539,0.009,370.0,364.5,-0.9989213570909653,False,True,True,False,0,1,0,8,6,6,464,304,"[false, false, false]",330,2,1,Starfield Stage - 2
33944,2025-10-08T22:19:38.056642,0.008,367.5,362.0,-1.0296152120485715,False,True,True,False,0,1,0,8,6,6,464,304,"[false, false, false]",330,2,1,Starfield Stage - 2
33952,2025-10-08T22:19:38.064924,0.009,365.0,359.5,-1.0598467502982862,False,True,True,False,0,1,0,8,6,6,464,304,"[false, false, false]",330,2,1,Starfield Stage - 2
33962,2025-10-08T22:19:38.074770,0.009,362.5,357.0,-1.089572402949595,False,True,True,False,0,1,0,8,6,6,464,304,"[false, false, false]",330,2,1,Starfield Stage - 2
33970,2025-10-08T22:19:38.082593,0.008,360.0,354.5,-1.1187536126691613,False,True,True,False,0,1,0,8,6,6,464,304,"[false, false, false]",330,2,1,Starfield Stage - 2
33978,2025-10-08T22:19:38.091171,0.009,357.5,352.0,-1.1473569206351775,False,True,True,False,0,1,0,8,6,6,464,304,"[false, false, false]",330,2,1,Starfield Stage - 2
33989,2025-10-08T22:19:38.101312,0.009,355.0,349.5,-1.1753539535239055,False,True,True,False,0,1,0,8,6,6,464,304,"[false, false, false]",330,2,1,Starfield Stage - 2
33996,2025-10-08T22:19:38.108856,0.008,352.5,347.0,-1.2027213216976476,False,True,True,False,0,1,0,8,6,6,464,304,"[false, false, false]",330,2,1,Starfield Stage - 2
34004,2025-10-08T22:19:38.116902,0.008,350.0,344.5,-1.2294404415410498,False,True,True,False,0,1,0,8,6,6,464,304,"[false, false, false]",330,2,1,Starfield Stage - 2
34013,2025-10-08T22:19:38.125339,0.009,347.5,342.0,-1.2554972957912232,False,True,True,False,0,1,0,8,6,6,464,304,"[false, false, false]",330,2,1,Starfield Stage - 2
34022,2025-10-08T22:19:38.134977,0.009,345.0,339.5,-1.280882145825369,False,True,True,False,0,1,0,8,6,6,464,304,"[false, false, false]",330,2,1,Starfield Stage - 2
34031,2025-10-08T22:19:38.143750,0.009,342.5,337.0,-1.3055892093430719,False,True,True,False,0,1,0,8,6,6,464,304,"[false, false, false]",330,2,1,Starfield Stage - 2
34040,2025-10-08T22:19:38.152403,0.009,340.0,334.5,-1.3296163158620529,False,True,True,False,0,1,0,8,6,6,464,304,"[false, false, false]",330,2,1,Starfield Stage - 2
34048,2025-10-08T22:19:38.161255,0.009,337.5,332.0,-1.3529645510895458,False,True,True,False,0,1,0,8,6,6,464,304,"[false, false, false]",330,2,1,Starfield Stage - 2
34057,2025-10-08T22:19:38.170186,0.009,335.0,329.5,-1.3756378996782266,False,True,True,False,0,1,0,8,6,6,464,304,"[false, false, false]",330,2,1,Starfield Stage - 2
34066,2025-10-08T22:19:38.179195,0.009,332.5,327.0,-1.3976428942474537,False,True,True,False,0,1,0,8,6,6,464,304,"[false, false, false]",330,2,1,Starfield Stage - 2
34075,2025-10-08T22:19:38.187601,0.008,330.0,324.5,-1.4189882769448503,False,True,True,False,0,1,0,8,6,6,464,304,"[false, false, false]",330,2,1,Starfield Stage - 2
34083,2025-10-08T22:19:38.195847,0.009,327.5,322.0,-1.43968467831235,False,True,True,False,0,1,0,8,6,6,464,304,"[false, false, false]",330,2,1,Starfield Stage - 2
34092,2025-10-08T22:19:38.204894,0.009,325.0,319.5,-1.459744316853513,False,True,True,False,0,1,0,8,6,6,464,304,"[false, false, false]",330,2,1,Starfield Stage - 2
34101,2025-10-08T22:19:38.213541,0.008,322.5,317.0,-1.4791807215034847,False,True,True,False,0,1,0,8,6,6,464,304,"[false, false, false]",330,2,1,Starfield Stage - 2
34109,2025-10-08T22:19:38.221920,0.009,320.0,314.5,-1.4980084781909715,False,True,True,False,0,1,0,8,6,6,464,304,"[false, false, false]",330,2,1,Starfield Stage - 2
34118,2025-10-08T22:19:38.230280,0.008,317.5,312.0,-1.5162430008518377,False,True,True,False,0,1,0,8,6,6,464,304,"[false, false, false]",330,2,1,Starfield Stage - 2
34126,2025-10-08T22:19:38.239062,0.008,315.0,309.5,-1.533900326596139,False,True,True,False,0,1,0,8,6,6,464,304,"[false, false, false]",330,2,1,Starfield Stage - 2
34134,2025-10-08T22:19:38.246825,0.008,312.5,309.5,-1.5345086326649995,False,True,False,False,0,1,0,8,6,6,464,304,"[false, false, false]",330,2,1,Starfield Stage - 2
34142,2025-10-08T22:19:38.254894,0.008,310.0,309.5,-1.5350972141155728,False,True,False,False,0,0,0,8,6,6,464,304,"[false, false, false]",330,2,1,Starfield Stage - 2
34150,2025-10-08T22:19:38.262995,0.009,307.5,309.5,-1.535667014623707,False,True,False,False,0,0,0,8,6,6,464,304,"[false, false, false]",330,2,1,Starfield Stage - 2
34159,2025-10-08T22:19:38.272154,0.009,305.0,309.5,-1.5362189186367088,False,True,False,False,0,0,0,8,6,6,464,304,"[false, false, false]",330,2,1,Starfield Stage - 2
34168,2025-10-08T22:19:38.280614,0.008,302.5,309.5,-1.5367537559465327,False,True,False,False,0,0,0,8,6,6,464,304,"[false, false, false]",330,2,1,Starfield Stage - 2
34176,2025-10-08T22:19:38.288621,0.008,300.0,309.5,-1.5372723058458424,False,True,False,False,0,0,0,8,6,6,464,304,"[false, false, false]",330,2,1,Starfield Stage - 2
34184,2025-10-08T22:19:38.297146,0.009,297.5,309.5,-1.5377753009106518,False,True,False,False,0,0,0,8,6,6,464,304,"[false, false, false]",330,2,1,Starfield Stage - 2
34193,2025-10-08T22:19:38.305533,0.008,295.0,309.5,-1.5382634304480975,False,True,False,False,0,0,0,8,6,6,464,304,"[false, false, false]",330,2,1,Starfield Stage - 2
34202,2025-10-08T22:19:38.314568,0.009,292.5,309.5,-1.538737343643414,False,True,False,False,0,0,0,8,6,6,464,304,"[false, false, false]",330,2,1,Starfield Stage - 2
34210,2025-10-08T22:19:38.323203,0.009,290.0,309.5,-1.539197652436279,False,True,False,False,0,0,0,8,6,6,464,304,"[false, false, false]",330,2,1,Starfield Stage - 2
34219,2025-10-08T22:19:38.331856,0.009,287.5,309.5,-1.5396449341532896,False,True,False,False,0,0,0,8,6,6,464,304,"[false, false, false]",330,2,1,Starfield Stage - 2
34227,2025-10-08T22:19:38.340046,0.008,285.0,309.5,-1.540079733920348,False,True,False,False,0,0,0,8,6,6,464,304,"[false, false, false]",330,2,1,Starfield Stage - 2
34236,2025-10-08T22:19:38.349154,0.009,282.5,309.5,-1.5405025668761214,False,True,False,False,0,0,0,8,6,6,464,304,"[false, false, false]",330,2,1,Starfield Stage - 2
34245,2025-10-08T22:19:38.357607,0.008,280.0,309.5,-1.5409139202054494,False,True,False,False,0,1,0,8,6,6,464,304,"[false, false, false]",330,2,1,Starfield Stage - 2
34253,2025-10-08T22:19:38.365828,0.008,277.5,309.5,-1.5413142550095529,False,True,False,False,0,1,0,8,6,6,464,304,"[false, false, false]",330,2,1,Starfield Stage - 2
34262,2025-10-08T22:19:38.374500,0.009,275.0,312.0,-1.5284935365246266,False,True,False,True,0,1,0,8,6,6,464,304,"[false, false, false]",330,2,1,Starfield Stage - 2
34270,2025-10-08T22:19:38.382693,0.008,272.5,314.5,-1.5160208872221554,False,True,False,True,0,1,0,8,6,6,464,304,"[false, false, false]",330,2,1,Starfield Stage - 2
34279,2025-10-08T22:19:38.391283,0.009,270.0,317.0,-1.503886048766255,False,True,False,True,0,1,0,8,6,6,464,304,"[false, false, false]",330,2,1,Starfield Stage - 2
34287,2025-10-08T22:19:38.399784,0.008,267.5,319.5,-1.4920789126879332,False,True,False,True,0,1,0,8,6,6,464,304,"[false, false, false]",330,2,1,Starfield Stage - 2
34295,2025-10-08T22:19:38.407824,0.008,265.0,322.0,-1.480589543323905,False,True,False,True,0,1,0,8,6,6,464,304,"[false, false, false]",330,2,1,Starfield Stage - 2
34303,2025-10-08T22:19:38.415933,0.009,262.5,324.5,-1.4694081967549117,False,True,False,True,0,1,0,8,6,6,464,304,"[false, false, false]",330,2,1,Starfield Stage - 2
34313,2025-10-08T22:19:38.425500,0.009,260.0,327.0,-1.4585253361773496,False,True,False,True,0,1,0,8,6,6,464,304,"[false, false, false]",330,2,1,Starfield Stage - 2
34322,2025-10-08T22:19:38.434522,0.009,257.5,329.5,-1.4479316441105148,False,True,False,True,0,1,0,8,6,6,464,304,"[false, false, false]",330,2,1,Starfield Stage - 2
34330,2025-10-08T22:19:38.442619,0.008,255.0,332.0,-1.4376180318100018,False,True,False,True,0,1,0,8,6,6,464,304,"[false, false, false]",330,2,1,Starfield Stage - 2
34338,2025-10-08T22:19:38.451226,0.009,255.0,334.5,-1.4258862247301975,True,True,False,True,0,1,0,8,6,6,464,304,"[false, false, false]",330,2,1,Starfield Stage - 2
34347,2025-10-08T22:19:38.459701,0.008,255.0,337.0,-1.4141944498128813,True,True,False,True,0,1,0,8,6,6,464,304,"[false, false, false]",330,2,1,Starfield Stage - 2
34355,2025-10-08T22:19:38.467783,0.008,255.0,339.5,-1.4025456818188986,True,True,False,True,0,1,0,8,6,6,464,304,"[false, false, false]",330,2,1,Starfield Stage - 2
34364,2025-10-08T22:19:38.476279,0.008,255.0,342.0,-1.3909428270024184,True,True,False,True,0,1,0,8,6,6,464,304,"[false, false, false]",330,2,1,Starfield Stage - 2
34371,2025-10-08T22:19:38.483655,0.008,257.5,344.5,-1.377128615473295,True,False,False,True,0,1,0,8,6,6,464,304,"[false, false, false]",330,2,1,Starfield Stage - 2
34379,2025-10-08T22:19:38.492115,0.009,260.0,347.0,-1.3630530647915966,True,False,False,True,0,1,0,8,6,6,464,304,"[false, false, false]",330,2,1,Starfield Stage - 2
34388,2025-10-08T22:19:38.500704,0.008,262.5,349.5,-1.3487144248894165,True,False,False,True,0,1,0,8,6,6,464,304,"[false, false, false]",330,2,1,Starfield Stage - 2
34396,2025-10-08T22:19:38.508997,0.009,265.0,352.0,-1.3341113123668993,True,False,False,True,0,1,0,8,6,6,464,304,"[false, false, false]",330,2,1,Starfield Stage - 2
34405,2025-10-08T22:19:38.518124,0.009,267.5,354.5,-1.319242743470125,True,False,False,True,0,1,0,8,6,6,464,304,"[false, false, false]",330,2,1,Starfield Stage - 2
34415,2025-10-08T22:19:38.527438,0.009,270.0,357.0,-1.3041081677719246,True,False,False,True,0,1,0,8,6,6,464,304,"[false, false, false]",330,2,1,Starfield Stage - 2
34423,2025-10-08T22:19:38.535637,0.008,272.5,359.5,-1.2887075023213819,True,False,False,True,0,1,0,8,6,6,464,304,"[false, false, false]",330,2,1,Starfield Stage - 2
34431,2025-10-08T22:19:38.543605,0.008,275.0,362.0,-1.2730411659901244,True,False,False,True,0,1,0,8,6,6,464,304,"[false, false, false]",330,2,1,Starfield Stage - 2
34440,2025-10-08T22:19:38.552326,0.009,277.5,364.5,-1.2571101137050213,True,False,False,True,0,1,0,8,6,6,464,304,"[false, false, false]",330,2,1,Starfield Stage - 2
34448,2025-10-08T22:19:38.561090,0.008,280.0,367.0,-1.2409158702183105,True,False,False,True,0,1,0,8,6,6,464,304,"[false, false, false]",330,2,1,Starfield Stage - 2
34456,2025-10-08T22:19:38.568920,0.008,282.5,369.5,-1.2244605630283945,True,False,False,True,0,1,0,8,6,6,464,304,"[false, false, false]",330,2,1,Starfield Stage - 2
34464,2025-10-08T22:19:38.576676,0.008,285.0,369.5,-1.2200082932256093,True,False,False,False,0,1,0,8,6,6,464,304,"[false, false, false]",330,2,1,Starfield Stage - 2
34473,2025-10-08T22:19:38.585541,0.009,287.5,369.5,-1.2154449779822611,True,False,False,False,0,1,0,8,6,6,464,304,"[false, false, false]",330,2,1,Starfield Stage - 2
34481,2025-10-08T22:19:38.593732,0.008,290.0,369.5,-1.2107666077719181,True,False,False,False,0,1,0,8,6,6,464,304,"[false, false, false]",330,2,1,Starfield Stage - 2
34489,2025-10-08T22:19:38.602137,0.009,292.5,369.5,-1.2059689884744926,True,False,False,False,0,1,0,8,6,6,464,304,"[false, false, false]",330,2,1,Starfield Stage - 2
34498,2025-10-08T22:19:38.610546,0.008,295.0,369.5,-1.2010477313857486,True,False,False,False,0,1,0,8,6,6,464,304,"[false, false, false]",330,2,1,Starfield Stage - 2
34507,2025-10-08T22:19:38.619813,0.009,297.5,369.5,-1.1959982426367832,True,False,False,False,0,1,0,8,6,6,464,304,"[false, false, false]",330,2,1,Starfield Stage - 2
34515,2025-10-08T22:19:38.627902,0.008,300.0,369.5,-1.1908157119895022,True,False,False,False,0,1,0,8,6,6,464,304,"[false, false, false]",330,2,1,Starfield Stage - 2
34523,2025-10-08T22:19:38.635731,0.008,302.5,369.5,-1.1854951009727972,True,False,False,False,0,1,0,8,6,6,464,304,"[false, false, false]",330,2,1,Starfield Stage - 2
34531,2025-10-08T22:19:38.643813,0.008,305.0,369.5,-1.1800311303229472,True,False,False,False,0,1,0,8,6,6,464,304,"[false, false, false]",330,2,1,Starfield Stage - 2
34539,2025-10-08T22:19:38.651349,0.008,307.5,369.5,-1.1744182666907417,True,False,False,False,0,1,0,8,6,6,464,304,"[false, false, false]",330,2,1,Starfield Stage - 2
34547,2025-10-08T22:19:38.659920,0.008,310.0,369.5,-1.1686507085770161,True,False,False,False,0,1,0,8,6,6,464,304,"[false, false, false]",330,2,1,Starfield Stage - 2
34555,2025-10-08T22:19:38.667892,0.009,312.5,369.5,-1.1627223714577917,True,False,False,False,0,1,0,8,6,6,464,304,"[false, false, false]",330,2,1,Starfield Stage - 2
34564,2025-10-08T22:19:38.676745,0.008,315.0,369.5,-1.1566268720600879,True,False,False,False,0,1,0,8,6,6,464,304,"[false, false, false]",330,2,1,Starfield Stage - 2
34573,2025-10-08T22:19:38.686224,0.01,317.5,369.5,-1.150357511749848,True,False,False,False,0,1,0,8,6,6,464,304,"[false, false, false]",330,2,1,Starfield Stage - 2
34582,2025-10-08T22:19:38.694652,0.008,320.0,369.5,-1.1439072589944153,True,False,False,False,0,1,0,8,6,6,464,304,"[false, false, false]",330,2,1,Starfield Stage - 2
34591,2025-10-08T22:19:38.703802,0.009,322.5,369.5,-1.1372687308637757,True,False,False,False,0,1,0,8,6,6,464,304,"[false, false, false]",330,2,1,Starfield Stage - 2
34600,2025-10-08T22:19:38.712422,0.009,325.0,369.5,-1.1304341735375174,True,False,False,False,0,1,0,8,6,6,464,304,"[false, false, false]",330,2,1,Starfield Stage - 2
34608,2025-10-08T22:19:38.720877,0.008,327.5,369.5,-1.1233954417884082,True,False,False,False,0,1,0,8,6,6,464,304,"[false, false, false]",330,2,1,Starfield Stage - 2
34616,2025-10-08T22:19:38.729166,0.009,330.0,369.5,-1.1161439774188815,True,False,False,False,0,1,0,8,6,6,464,304,"[false, false, false]",330,2,1,Starfield Stage - 2
34624,2025-10-08T22:19:38.737032,0.008,332.5,369.5,-1.1116872645438107,True,False,False,False,0,1,0,8,6,6,465,304,"[false, false, false]",330,2,1,Starfield Stage - 2
34633,2025-10-08T22:19:38.745708,0.008,335.0,369.5,-1.1071487177940904,True,False,False,False,0,1,0,8,6,6,466,304,"[false, false, false]",330,2,1,Starfield Stage - 2
34641,2025-10-08T22:19:38.753839,0.008,337.5,369.5,-1.1117569801042109,True,False,False,False,0,1,0,8,6,6,468,305,"[false, false, false]",330,2,1,Starfield Stage - 2
34649,2025-10-08T22:19:38.762066,0.009,340.0,369.5,-1.1164220222927943,True,False,False,False,0,1,0,8,6,6,470,306,"[false, false, false]",330,2,1,Starfield Stage - 2
34658,2025-10-08T22:19:38.770685,0.008,342.5,369.5,-1.127115342066056,True,False,False,False,0,1,0,9,6,6,474,307,"[false, false, false]",330,2,1,Starfield Stage - 2
34667,2025-10-08T22:19:38.779359,0.009,345.0,369.5,-1.1347914444368148,True,False,False,False,0,1,0,9,6,6,477,308,"[false, false, false]",330,2,1,Starfield Stage - 2
34675,2025-10-08T22:19:38.787999,0.008,347.5,369.5,-1.136236988682563,True,False,False,False,0,1,0,9,6,6,480,308,"[false, false, false]",330,2,1,Starfield Stage - 2
34683,2025-10-08T22:19:38.796062,0.009,350.0,369.5,-1.1438856277849097,True,False,False,False,0,1,0,9,6,6,483,309,"[false, false, false]",330,2,1,Starfield Stage - 2
34692,2025-10-08T22:19:38.804545,0.008,352.5,369.5,-1.1515299691107084,True,False,False,False,0,1,0,9,6,6,486,310,"[false, false, false]",330,2,1,Starfield Stage - 2
34700,2025-10-08T22:19:38.812534,0.008,355.0,369.5,-1.1501329776618616,True,False,False,False,0,1,0,9,6,6,488,310,"[false, false, false]",330,2,1,Starfield Stage - 2
34709,2025-10-08T22:19:38.821596,0.009,357.5,369.5,-1.1550255499508628,True,False,False,False,0,1,0,9,6,6,490,311,"[false, false, false]",330,2,1,Starfield Stage - 2
34717,2025-10-08T22:19:38.830040,0.009,360.0,369.5,-1.159976657369283,True,False,False,False,0,1,0,9,6,6,492,312,"[false, false, false]",330,2,1,Starfield Stage - 2
34727,2025-10-08T22:19:38.839693,0.009,362.5,369.5,-1.1585853665433572,True,False,False,False,0,1,0,9,6,5,494,312,"[false, false, false]",330,2,1,Starfield Stage - 2
34735,2025-10-08T22:19:38.847828,0.009,365.0,369.5,-1.1608096332285682,True,False,False,False,0,1,0,9,6,5,495,313,"[false, false, false]",330,2,1,Starfield Stage - 2
34744,2025-10-08T22:19:38.856952,0.009,367.5,369.5,-1.1565502764086824,True,False,False,False,0,1,0,9,6,5,496,313,"[false, false, false]",330,2,1,Starfield Stage - 2
34753,2025-10-08T22:19:38.865987,0.009,370.0,369.5,-1.1492631857615219,True,False,False,False,0,1,0,9,6,5,496,313,"[false, false, false]",330,2,1,Starfield Stage - 2
34762,2025-10-08T22:19:38.874680,0.008,372.5,369.5,-1.1417313004090897,True,False,False,False,0,1,0,9,6,5,496,313,"[false, false, false]",330,2,1,Starfield Stage - 2
34770,2025-10-08T22:19:38.882617,0.008,375.0,369.5,-1.1339429738162465,True,False,False,False,0,1,0,9,6,5,496,313,"[false, false, false]",330,2,1,Starfield Stage - 2
34778,2025-10-08T22:19:38.890792,0.008,377.5,369.5,-1.1258858773721532,True,False,False,False,0,1,0,9,6,5,496,313,"[false, false, false]",330,2,1,Starfield Stage - 2
34786,2025-10-08T22:19:38.899206,0.009,380.0,369.5,-1.1175469565318783,True,False,False,False,0,1,0,9,6,5,496,313,"[false, false, false]",330,2,1,Starfield Stage - 2
34795,2025-10-08T22:19:38.907496,0.008,382.5,369.5,-1.1089123843957833,True,False,False,False,0,1,0,9,6,5,496,313,"[false, false, false]",330,2,1,Starfield Stage - 2
34803,2025-10-08T22:19:38.915816,0.009,385.0,369.5,-1.0999675126950694,True,False,False,False,0,1,0,9,6,5,496,313,"[false, false, false]",330,2,1,Starfield Stage - 2
34812,2025-10-08T22:19:38.924904,0.009,387.5,369.5,-1.0906968201879785,True,False,False,False,0,1,0,9,6,5,496,313,"[false, false, false]",330,2,1,Starfield Stage - 2
34823,2025-10-08T22:19:38.935392,0.01,390.0,369.5,-1.081083858518645,True,False,False,False,0,1,0,9,6,5,496,313,"[false, false, false]",330,2,1,Starfield Stage - 2
34831,2025-10-08T22:19:38.943883,0.009,392.5,369.5,-1.0711111956522195,True,False,False,False,0,1,0,9,6,5,496,313,"[false, false, false]",330,2,1,Starfield Stage - 2
34841,2025-10-08T22:19:38.953951,0.009,395.0,369.5,-1.0607603570788713,True,False,False,False,0,1,0,9,6,5,496,313,"[false, false, false]",330,2,1,Starfield Stage - 2
34850,2025-10-08T22:19:38.962793,0.009,397.5,369.5,-1.05001176507951,True,False,False,False,0,1,0,9,6,5,496,313,"[false, false, false]",330,2,1,Starfield Stage - 2
34859,2025-10-08T22:19:38.971511,0.009,400.0,369.5,-1.0388446764722004,True,False,False,False,0,1,0,9,6,5,496,313,"[false, false, false]",330,2,1,Starfield Stage - 2
34867,2025-10-08T22:19:38.979978,0.009,402.5,369.5,-1.0272371194157486,True,False,False,False,0,1,0,9,6,5,496,313,"[false, false, false]",330,2,1,Starfield Stage - 2
34876,2025-10-08T22:19:38.989060,0.009,405.0,369.5,-1.0151658300422406,True,False,False,False,0,1,0,9,6,5,496,313,"[false, false, false]",330,2,1,Starfield Stage - 2
34886,2025-10-08T22:19:38.998487,0.009,407.5,369.5,-1.0026061899308913,True,False,False,False,0,1,0,9,6,5,496,313,"[false, false, false]",330,2,1,Starfield Stage - 2
34894,2025-10-08T22:19:39.006786,0.008,410.0,369.5,-0.9895321657299334,True,False,False,False,0,1,0,9,6,5,496,313,"[false, false, false]",330,2,1,Starfield Stage - 2
34902,2025-10-08T22:19:39.014881,0.008,412.5,369.5,-0.9759162525910975,True,False,False,False,0,1,0,9,6,5,496,313,"[false, false, false]",330,2,1,Starfield Stage - 2
34910,2025-10-08T22:19:39.023145,0.009,415.0,372.0,-0.9412663647957707,True,False,False,True,0,1,0,9,6,5,496,313,"[false, false, false]",330,2,1,Starfield Stage - 2
34920,2025-10-08T22:19:39.032748,0.009,417.5,374.5,-0.9062351425545205,True,False,False,True,0,1,0,9,6,5,496,313,"[false, false, false]",330,2,1,Starfield Stage - 2
34928,2025-10-08T22:19:39.041025,0.008,420.0,377.0,-0.870903457075653,True,False,False,True,0,1,0,9,6,5,496,313,"[false, false, false]",330,2,1,Starfield Stage - 2
34937,2025-10-08T22:19:39.049319,0.009,422.5,379.5,-0.8353565591193911,True,False,False,True,0,1,0,9,6,5,496,313,"[false, false, false]",330,2,1,Starfield Stage - 2
34946,2025-10-08T22:19:39.058389,0.009,425.0,382.0,-0.7996829059848449,True,False,False,True,0,1,0,9,6,5,496,313,"[false, false, false]",330,2,1,Starfield Stage - 2
34954,2025-10-08T22:19:39.067250,0.009,427.5,384.5,-0.7639728709489138,True,False,False,True,0,1,0,9,6,5,496,313,"[false, false, false]",330,2,1,Starfield Stage - 2
34963,2025-10-08T22:19:39.075663,0.008,430.0,387.0,-0.7283173809911837,True,False,False,True,0,1,0,9,6,5,496,313,"[false, false, false]",330,2,1,Starfield Stage - 2
34972,2025-10-08T22:19:39.084473,0.009,432.5,389.5,-0.6928065335898973,True,False,False,True,0,1,0,9,6,6,496,313,"[false, false, false]",330,2,1,Starfield Stage - 2
34980,2025-10-08T22:19:39.092832,0.008,435.0,392.0,-0.6575282448374484,True,False,False,True,0,1,0,9,6,6,496,313,"[false, false, false]",330,2,1,Starfield Stage - 2
34988,2025-10-08T22:19:39.101009,0.009,437.5,394.5,-0.6225669789370312,True,False,False,True,0,1,0,9,6,6,496,313,"[false, false, false]",330,2,1,Starfield Stage - 2
34997,2025-10-08T22:19:39.109901,0.009,440.0,397.0,-0.5880026035475675,True,False,False,True,0,1,0,9,6,6,496,313,"[false, false, false]",330,2,1,Starfield Stage - 2
35007,2025-10-08T22:19:39.119616,0.009,442.5,399.5,-0.5539094070506058,True,False,False,True,0,1,0,9,6,6,496,313,"[false, false, false]",330,2,1,Starfield Stage - 2
35015,2025-10-08T22:19:39.127779,0.008,445.0,402.0,-0.5203553034999938,True,False,False,True,0,1,0,9,6,6,496,313,"[false, false, false]",330,2,1,Starfield Stage - 2
35023,2025-10-08T22:19:39.136026,0.009,447.5,404.5,-0.48740123980122685,True,False,False,True,0,1,0,9,6,6,496,313,"[false, false, false]",330,2,1,Starfield Stage - 2
35033,2025-10-08T22:19:39.145573,0.009,450.0,407.0,-0.4551008085681946,True,False,False,True,0,1,0,9,6,6,496,313,"[false, false, false]",330,2,1,Starfield Stage - 2
35041,2025-10-08T22:19:39.153816,0.008,452.5,409.5,-0.42350006000813156,True,False,False,True,0,1,0,9,6,6,496,313,"[false, false, false]",330,2,1,Starfield Stage - 2
35049,2025-10-08T22:19:39.162090,0.009,455.0,412.0,-0.39263749776012685,True,False,False,True,0,1,0,9,6,6,496,313,"[false, false, false]",330,2,1,Starfield Stage - 2
35058,2025-10-08T22:19:39.170447,0.008,457.5,414.5,-0.3625442372645076,True,False,False,True,0,1,0,9,6,6,496,313,"[false, false, false]",330,2,1,Starfield Stage - 2
35066,2025-10-08T22:19:39.179100,0.009,460.0,417.0,-0.3332443011116727,True,False,False,True,0,1,0,9,6,6,496,313,"[false, false, false]",330,2,1,Starfield Stage - 2
35075,2025-10-08T22:19:39.188129,0.009,462.5,419.5,-0.3047550238222619,True,False,False,True,0,1,0,9,6,6,496,313,"[false, false, false]",330,2,1,Starfield Stage - 2
35084,2025-10-08T22:19:39.196600,0.008,465.0,422.0,-0.2770875383866211,True,False,False,True,0,1,0,9,6,6,496,313,"[false, false, false]",330,2,1,Starfield Stage - 2
35092,2025-10-08T22:19:39.204774,0.008,467.5,424.5,-0.250247318274777,True,False,False,True,0,1,0,9,6,6,496,313,"[false, false, false]",330,2,1,Starfield Stage - 2
35100,2025-10-08T22:19:39.213002,0.009,470.0,427.0,-0.22423475110909616,True,False,False,True,0,1,0,9,6,6,496,313,"[false, false, false]",330,2,1,Starfield Stage - 2
35109,2025-10-08T22:19:39.221603,0.008,472.5,429.5,-0.19904572336856055,True,False,False,True,0,1,0,9,6,6,496,313,"[false, false, false]",330,2,1,Starfield Stage - 2
35117,2025-10-08T22:19:39.229605,0.008,475.0,432.0,-0.1746721990082397,True,False,False,True,0,1,0,9,6,6,496,313,"[false, false, false]",330,2,1,Starfield Stage - 2
35125,2025-10-08T22:19:39.237803,0.008,477.5,434.5,-0.1511027784374433,True,False,False,True,0,1,0,9,6,6,496,313,"[false, false, false]",330,2,1,Starfield Stage - 2
35133,2025-10-08T22:19:39.245958,0.009,480.0,437.0,-0.1283232276857948,True,False,False,True,0,1,0,9,6,6,496,313,"[false, false, false]",330,2,1,Starfield Stage - 2
35143,2025-10-08T22:19:39.255604,0.009,482.5,439.5,-0.10631697064987694,True,False,False,True,0,1,0,9,6,6,496,313,"[false, false, false]",330,2,1,Starfield Stage - 2
35151,2025-10-08T22:19:39.263407,0.008,485.0,442.0,-0.08506553996864488,True,False,False,True,0,1,0,9,6,6,496,313,"[false, false, false]",330,2,1,Starfield Stage - 2
35159,2025-10-08T22:19:39.271867,0.008,487.5,444.5,-0.06454898428875458,True,False,False,True,0,1,0,9,6,6,496,313,"[false, false, false]",330,2,1,Starfield Stage - 2
35168,2025-10-08T22:19:39.280782,0.009,490.0,447.0,-0.0447462314546156,True,False,False,True,0,1,0,9,6,6,496,313,"[false, false, false]",330,2,1,Starfield Stage - 2
35176,2025-10-08T22:19:39.288656,0.008,492.5,449.5,-0.02563540852167748,True,False,False,True,0,1,0,9,6,6,496,313,"[false, false, false]",330,2,1,Starfield Stage - 2
35184,2025-10-08T22:19:39.296883,0.008,495.0,452.0,-0.007194120490292076,True,False,False,True,0,1,0,9,6,6,496,313,"[false, false, false]",330,2,1,Starfield Stage - 2
35192,2025-10-08T22:19:39.304739,0.008,497.5,454.5,0.010600309655807216,True,False,False,True,0,1,0,9,6,6,496,313,"[false, false, false]",330,2,1,Starfield Stage - 2
35201,2025-10-08T22:19:39.313408,0.009,500.0,457.0,0.027770636593421036,True,False,False,True,0,1,0,9,6,6,496,313,"[false, false, false]",330,2,1,Starfield Stage - 2
35209,2025-10-08T22:19:39.321653,0.008,502.5,459.5,0.04433952075004534,True,False,False,True,0,1,0,9,6,6,496,313,"[false, false, false]",330,2,1,Starfield Stage - 2
35218,2025-10-08T22:19:39.330815,0.009,505.0,462.0,0.06032938553969312,True,False,False,True,0,1,0,9,6,6,496,313,"[false, false, false]",330,2,1,Starfield Stage - 2
35226,2025-10-08T22:19:39.338963,0.009,507.5,464.5,0.07576230049719639,True,False,False,True,0,1,0,9,6,6,496,313,"[false, false, false]",330,2,1,Starfield Stage - 2
35235,2025-10-08T22:19:39.348099,0.009,510.0,467.0,0.09065988720074511,True,False,False,True,0,1,0,9,6,6,496,313,"[false, false, false]",330,2,1,Starfield Stage - 2
35243,2025-10-08T22:19:39.356084,0.008,512.5,469.5,0.10504324506497209,True,False,False,True,0,1,0,9,6,6,496,313,"[false, false, false]",330,2,1,Starfield Stage - 2
35253,2025-10-08T22:19:39.365710,0.009,515.0,472.0,0.11893289431298916,True,False,False,True,0,1,0,9,6,6,496,313,"[false, false, false]",330,2,1,Starfield Stage - 2
35262,2025-10-08T22:19:39.374687,0.009,517.5,474.5,0.13234873367848482,True,False,False,True,0,1,0,9,6,6,496,313,"[false, false, false]",330,2,1,Starfield Stage - 2
35270,2025-10-08T22:19:39.382618,0.008,520.0,477.0,0.14531001063570212,True,False,False,True,0,1,0,9,6,6,496,313,"[false, false, false]",330,2,1,Starfield Stage - 2
35278,2025-10-08T22:19:39.390804,0.008,522.5,479.5,0.15783530219680086,True,False,False,True,0,1,0,9,6,6,496,313,"[false, false, false]",330,2,1,Starfield Stage - 2
35286,2025-10-08T22:19:39.398825,0.009,525.0,482.0,0.16994250454659587,True,False,False,True,0,2,0,9,5,6,496,313,"[false, false, false]",330,2,1,Starfield Stage - 2
35294,2025-10-08T22:19:39.407102,0.008,527.5,484.5,0.18164883000001195,True,False,False,True,0,2,0,9,5,6,496,313,"[false, false, false]",330,2,1,Starfield Stage - 2
35304,2025-10-08T22:19:39.416739,0.009,530.0,487.0,0.19297080996556967,True,False,False,True,0,2,0,9,5,6,496,313,"[false, false, false]",330,2,1,Starfield Stage - 2
35313,2025-10-08T22:19:39.425793,0.009,532.5,489.5,0.2039243027778343,True,False,False,True,0,2,0,9,5,6,496,313,"[false, false, false]",330,2,1,Starfield Stage - 2
35321,2025-10-08T22:19:39.433808,0.008,535.0,492.0,0.21452450542295404,True,False,False,True,0,2,0,9,5,6,496,313,"[false, false, false]",330,2,1,Starfield Stage - 2
35329,2025-10-08T22:19:39.441895,0.008,537.5,494.5,0.2247859683247433,True,False,False,True,0,2,0,9,5,6,496,313,"[false, false, false]",330,2,1,Starfield Stage - 2
35337,2025-10-08T22:19:39.450138,0.009,540.0,497.0,0.2347226124851971,True,False,False,True,0,2,0,9,5,6,496,313,"[false, false, false]",330,2,1,Starfield Stage - 2
35347,2025-10-08T22:19:39.459595,0.009,542.5,499.5,0.24434774838407833,True,False,False,True,0,2,0,9,5,6,496,313,"[false, false, false]",330,2,1,Starfield Stage - 2
35355,2025-10-08T22:19:39.467867,0.009,545.0,502.0,0.2536740961386427,True,False,False,True,0,2,0,9,5,6,496,313,"[false, false, false]",330,2,1,Starfield Stage - 2
35365,2025-10-08T22:19:39.477312,0.009,547.5,504.5,0.26271380650804926,True,False,False,True,0,2,0,9,5,6,496,313,"[false, false, false]",330,2,1,Starfield Stage - 2
35373,2025-10-08T22:19:39.485708,0.008,550.0,507.0,0.2714784823989145,True,False,False,True,0,2,0,9,5,6,496,313,"[false, false, false]",330,2,1,Starfield Stage - 2
35381,2025-10-08T22:19:39.493794,0.008,552.5,509.5,0.2799792005901184,True,False,False,True,0,2,0,9,5,6,496,313,"[false, false, false]",330,2,1,Starfield Stage - 2
35389,2025-10-08T22:19:39.501875,0.009,555.0,512.0,0.2882265334475879,True,False,False,True,0,2,0,10,5,6,496,313,"[false, false, false]",330,2,1,Starfield Stage - 2
35398,2025-10-08T22:19:39.511140,0.009,557.5,514.5,0.2962305704444956,True,False,False,True,0,2,0,10,5,6,496,313,"[false, false, false]",330,2,1,Starfield Stage - 2
35406,2025-10-08T22:19:39.519229,0.008,560.0,517.0,0.3040009393401446,True,False,False,True,0,2,0,10,5,6,496,313,"[false, false, false]",330,2,1,Starfield Stage - 2
35415,2025-10-08T22:19:39.528089,0.008,562.5,519.5,0.311546826902688,True,False,False,True,0,2,0,10,5,6,496,313,"[false, false, false]",330,2,1,Starfield Stage - 2
35423,2025-10-08T22:19:39.536191,0.009,565.0,522.0,0.31887699908756617,True,False,False,True,0,2,0,10,5,6,496,313,"[false, false, false]",330,2,1,Starfield Stage - 2
35432,2025-10-08T22:19:39.544752,0.008,567.5,524.5,0.3259998206058702,True,False,False,True,0,2,0,10,5,6,496,313,"[false, false, false]",330,2,1,Starfield Stage - 2
35440,2025-10-08T22:19:39.552587,0.008,570.0,527.0,0.3329232738353815,True,False,False,True,0,2,0,10,5,6,496,313,"[false, false, false]",330,2,1,Starfield Stage - 2
35448,2025-10-08T22:19:39.561116,0.008,572.5,529.5,0.33965497704236375,True,False,False,True,0,2,0,10,5,6,496,313,"[false, false, false]",330,2,1,Starfield Stage - 2
35455,2025-10-08T22:19:39.568206,0.008,575.0,532.0,0.346202201894759,True,False,False,True,0,2,0,10,5,6,496,313,"[false, false, false]",330,2,1,Starfield Stage - 2
35464,2025-10-08T22:19:39.576984,0.009,577.5,534.5,0.3525718902577036,True,False,False,True,0,2,0,10,5,6,496,313,"[false, false, false]",330,2,1,Starfield Stage - 2
35473,2025-10-08T22:19:39.585706,0.008,580.0,537.0,0.35877067027057225,True,False,False,True,0,2,0,10,5,6,496,313,"[false, false, false]",330,2,1,Starfield Stage - 2
35481,2025-10-08T22:19:39.593791,0.008,582.5,539.5,0.3648048717114053,True,False,False,True,0,2,0,10,5,6,496,313,"[false, false, false]",330,2,1,Starfield Stage - 2
35489,2025-10-08T22:19:39.601738,0.008,585.0,542.0,0.37068054065982886,True,False,False,True,0,2,0,10,5,6,496,313,"[false, false, false]",330,2,1,Starfield Stage - 2
35498,2025-10-08T22:19:39.610681,0.009,587.5,544.5,0.3764034534736746,True,False,False,True,0,2,0,10,5,6,496,313,"[false, false, false]",330,2,1,Starfield Stage - 2
35506,2025-10-08T22:19:39.619018,0.008,590.0,547.0,0.3819791300976365,True,False,False,True,0,2,0,10,5,6,496,313,"[false, false, false]",330,2,1,Starfield Stage - 2
35514,2025-10-08T22:19:39.627004,0.009,592.5,547.0,0.39114427368790633,True,False,False,False,0,2,0,10,5,6,496,313,"[false, false, false]",330,2,1,Starfield Stage - 2
35524,2025-10-08T22:19:39.636293,0.009,595.0,547.0,0.40024065703397416,True,False,False,False,0,2,0,10,5,6,496,313,"[false, false, false]",330,2,1,Starfield Stage - 2
35532,2025-10-08T22:19:39.644646,0.008,597.5,547.0,0.4092675627323981,True,False,False,False,0,2,0,10,5,6,496,313,"[false, false, false]",330,2,1,Starfield Stage - 2
35540,2025-10-08T22:19:39.652679,0.008,600.0,547.0,0.4182243295792291,True,False,False,False,0,2,0,10,5,6,496,313,"[false, false, false]",330,2,1,Starfield Stage - 2
35549,2025-10-08T22:19:39.661759,0.009,602.5,547.0,0.4271103516118025,True,False,False,False,0,2,0,10,5,6,496,313,"[false, false, false]",330,2,1,Starfield Stage - 2
35557,2025-10-08T22:19:39.669576,0.008,605.0,547.0,0.43592507708312245,True,False,False,False,0,2,0,10,5,6,496,313,"[false, false, false]",330,2,1,Starfield Stage - 2
35565,2025-10-08T22:19:39.678114,0.009,607.5,547.0,0.4446680073748176,True,False,False,False,0,2,0,10,5,6,496,313,"[false, false, false]",330,2,1,Starfield Stage - 2
35574,2025-10-08T22:19:39.687120,0.009,610.0,547.0,0.4533386958545628,True,False,False,False,0,2,0,10,5,6,496,313,"[false, false, false]",330,2,1,Starfield Stage - 2
35583,2025-10-08T22:19:39.695694,0.008,612.5,547.0,0.46193674668375473,True,False,False,False,0,2,0,10,5,6,496,313,"[false, false, false]",330,2,1,Starfield Stage - 2
35592,2025-10-08T22:19:39.704645,0.009,615.0,547.0,0.47046181358109507,True,False,False,False,0,2,0,10,5,6,496,313,"[false, false, false]",330,2,1,Starfield Stage - 2
35600,2025-10-08T22:19:39.712776,0.008,617.5,547.0,0.478913598547586,True,False,False,False,0,1,0,10,5,6,496,313,"[false, false, false]",330,2,1,Starfield Stage - 2
35608,2025-10-08T22:19:39.721152,0.008,620.0,547.0,0.4872918505582721,True,False,False,False,0,1,0,10,5,6,496,313,"[false, false, false]",330,2,1,Starfield Stage - 2
35615,2025-10-08T22:19:39.727910,0.008,622.5,547.0,0.49559636422587744,True,False,False,False,0,1,0,10,5,6,496,313,"[false, false, false]",330,2,1,Starfield Stage - 2
35625,2025-10-08T22:19:39.737419,0.009,625.0,547.0,0.5038269784412898,True,False,False,False,0,1,0,10,5,6,496,313,"[false, false, false]",330,2,1,Starfield Stage - 2
35633,2025-10-08T22:19:39.746066,0.009,627.5,547.0,0.5119835749956344,True,False,False,False,0,1,0,10,5,6,496,313,"[false, false, false]",330,2,1,Starfield Stage - 2
35642,2025-10-08T22:19:39.754893,0.009,630.0,547.0,0.5200660771884635,True,False,False,False,0,1,0,10,5,6,496,313,"[false, false, false]",330,2,1,Starfield Stage - 2
35652,2025-10-08T22:19:39.764542,0.009,632.5,547.0,0.5280744484263596,True,False,False,False,0,1,0,10,5,6,496,313,"[false, false, false]",330,2,1,Starfield Stage - 2
35660,2025-10-08T22:19:39.772805,0.008,635.0,547.0,0.5360086908160278,True,False,False,False,0,1,0,10,5,6,496,313,"[false, false, false]",330,2,1,Starfield Stage - 2
35668,2025-10-08T22:19:39.780771,0.008,637.5,547.0,0.5438688437557123,True,False,False,False,0,1,0,10,5,6,496,313,"[false, false, false]",330,2,1,Starfield Stage - 2
35677,2025-10-08T22:19:39.789631,0.009,640.0,547.0,0.5516549825285468,True,False,False,False,0,1,0,10,5,6,496,313,"[false, false, false]",330,2,1,Starfield Stage - 2
35685,2025-10-08T22:19:39.798093,0.009,642.5,547.0,0.5593672169012068,True,False,False,False,0,1,0,10,5,6,496,313,"[false, false, false]",330,2,1,Starfield Stage - 2
35694,2025-10-08T22:19:39.807085,0.009,645.0,547.0,0.5670056897310045,True,False,False,False,0,1,0,10,5,6,496,313,"[false, false, false]",330,2,1,Starfield Stage - 2
35704,2025-10-08T22:19:39.816629,0.009,647.5,547.0,0.5745705755843377,True,False,False,False,0,1,0,10,5,6,496,313,"[false, false, false]",330,2,1,Starfield Stage - 2
35712,2025-10-08T22:19:39.824879,0.008,650.0,547.0,0.5820620793691725,True,False,False,False,0,1,0,10,5,6,496,313,"[false, false, false]",330,2,1,Starfield Stage - 2
35721,2025-10-08T22:19:39.834048,0.009,652.5,547.0,0.5894804349840276,True,False,False,False,0,1,0,10,5,6,496,313,"[false, false, false]",330,2,1,Starfield Stage - 2
35729,2025-10-08T22:19:39.842262,0.009,655.0,544.5,0.6018288829358366,True,False,True,False,0,1,0,10,5,6,496,313,"[false, false, false]",330,2,1,Starfield Stage - 2
35739,2025-10-08T22:19:39.851847,0.009,657.5,542.0,0.6142342090226943,True,False,True,False,0,1,0,10,5,6,496,313,"[false, false, false]",330,2,1,Starfield Stage - 2
35748,2025-10-08T22:19:39.860338,0.009,660.0,539.5,0.6266929636330609,True,False,True,False,0,1,0,10,5,6,496,313,"[false, false, false]",330,2,1,Starfield Stage - 2
35756,2025-10-08T22:19:39.868589,0.008,662.5,537.0,0.639201601069586,True,False,True,False,0,1,0,10,5,6,496,313,"[false, false, false]",330,2,1,Starfield Stage - 2
35764,2025-10-08T22:19:39.877091,0.009,665.0,534.5,0.6517564847821006,True,False,True,False,0,1,0,10,5,6,496,313,"[false, false, false]",330,2,1,Starfield Stage - 2
35774,2025-10-08T22:19:39.886686,0.009,667.5,532.0,0.6643538929991472,True,False,True,False,0,1,0,10,5,6,496,313,"[false, false, false]",330,2,1,Starfield Stage - 2
35782,2025-10-08T22:19:39.894598,0.008,670.0,529.5,0.6769900247399999,True,False,True,False,0,1,0,10,5,6,496,313,"[false, false, false]",330,2,1,Starfield Stage - 2
35791,2025-10-08T22:19:39.903372,0.009,672.5,527.0,0.6896610061860663,True,False,True,False,0,1,0,10,5,6,496,313,"[false, false, false]",330,2,1,Starfield Stage - 2
35799,2025-10-08T22:19:39.911693,0.008,675.0,524.5,0.7023628973875974,True,False,True,False,0,1,0,10,5,6,496,313,"[false, false, false]",330,2,1,Starfield Stage - 2
35807,2025-10-08T22:19:39.919943,0.009,677.5,522.0,0.7150916992788239,True,False,True,False,0,1,0,10,5,6,496,313,"[false, false, false]",330,2,1,Starfield Stage - 2
35816,2025-10-08T22:19:39.928992,0.009,680.0,519.5,0.7278433609719924,True,False,True,False,0,1,0,10,5,6,496,313,"[false, false, false]",330,2,1,Starfield Stage - 2
35826,2025-10-08T22:19:39.938327,0.009,680.0,517.0,0.7338973524462228,True,True,True,False,0,1,0,10,5,6,496,313,"[false, false, false]",330,2,1,Starfield Stage - 2
35834,2025-10-08T22:19:39.946578,0.008,680.0,514.5,0.7400337178876703,True,True,True,False,0,1,0,10,5,6,496,313,"[false, false, false]",330,2,1,Starfield Stage - 2
35842,2025-10-08T22:19:39.954989,0.008,680.0,512.0,0.7462536783747094,True,True,True,False,0,1,0,10,5,6,496,313,"[false, false, false]",330,2,1,Starfield Stage - 2
35851,2025-10-08T22:19:39.963313,0.009,680.0,509.5,0.7525584626034556,True,True,True,False,0,1,0,10,5,6,496,313,"[false, false, false]",330,2,1,Starfield Stage - 2
35859,2025-10-08T22:19:39.971935,0.009,677.5,507.0,0.7521215035865629,False,True,True,False,0,1,0,10,5,6,496,313,"[false, false, false]",330,2,1,Starfield Stage - 2
35868,2025-10-08T22:19:39.981157,0.009,675.0,504.5,0.7516727640364164,False,True,True,False,0,1,0,10,5,6,496,313,"[false, false, false]",330,2,1,Starfield Stage - 2
35877,2025-10-08T22:19:39.989750,0.008,672.5,502.0,0.7512117612219208,False,True,True,False,0,1,0,10,5,6,496,313,"[false, false, false]",330,2,1,Starfield Stage - 2
35886,2025-10-08T22:19:39.998732,0.009,670.0,499.5,0.7507379856829637,False,True,True,False,0,1,0,10,5,6,496,313,"[false, false, false]",330,2,1,Starfield Stage - 2
35894,2025-10-08T22:19:40.006888,0.009,667.5,497.0,0.7502508993552268,False,True,True,False,0,1,0,10,5,6,496,313,"[false, false, false]",330,2,1,Starfield Stage - 2
35903,2025-10-08T22:19:40.015927,0.009,665.0,494.5,0.7497499335349531,False,True,True,False,0,1,0,10,5,6,496,313,"[false, false, false]",330,2,1,Starfield Stage - 2
35912,2025-10-08T22:19:40.025056,0.009,662.5,492.0,0.7492344866675106,False,True,True,False,0,1,0,10,5,7,496,313,"[false, false, false]",330,2,1,Starfield Stage - 2
35922,2025-10-08T22:19:40.034917,0.01,660.0,489.5,0.7487039219417028,False,True,True,False,0,1,0,10,5,7,496,313,"[false, false, false]",330,2,1,Starfield Stage - 2
35931,2025-10-08T22:19:40.044064,0.009,657.5,487.0,0.7481575646696332,False,True,True,False,0,1,0,10,5,7,496,313,"[false, false, false]",330,2,1,Starfield Stage - 2
35941,2025-10-08T22:19:40.053344,0.009,655.0,484.5,0.7475946994294956,False,True,True,False,0,1,0,10,5,7,496,313,"[false, false, false]",330,2,1,Starfield Stage - 2
35948,2025-10-08T22:19:40.060844,0.008,652.5,482.0,0.7470145669458927,False,True,True,False,0,1,0,10,5,7,496,313,"[false, false, false]",330,2,1,Starfield Stage - 2
35957,2025-10-08T22:19:40.069659,0.008,650.0,479.5,0.7464163606791332,False,True,True,False,0,1,0,10,5,7,496,313,"[false, false, false]",330,2,1,Starfield Stage - 2
35965,2025-10-08T22:19:40.078238,0.009,647.5,477.0,0.7457992230913472,False,True,True,False,0,1,0,10,5,7,496,313,"[false, false, false]",330,2,1,Starfield Stage - 2
35974,2025-10-08T22:19:40.086591,0.008,645.0,474.5,0.7451622415531439,False,True,True,False,0,1,0,10,5,7,496,313,"[false, false, false]",330,2,1,Starfield Stage - 2
35982,2025-10-08T22:19:40.094574,0.008,642.5,472.0,0.7445044438498005,False,True,True,False,0,1,0,10,5,7,496,313,"[false, false, false]",330,2,1,Starfield Stage - 2
35990,2025-10-08T22:19:40.102666,0.008,640.0,469.5,0.7438247932405446,False,True,True,False,0,1,0,10,5,7,496,313,"[false, false, false]",330,2,1,Starfield Stage - 2
35998,2025-10-08T22:19:40.110809,0.009,637.5,467.0,0.7431221830182343,False,True,True,False,0,1,0,10,5,7,496,313,"[false, false, false]",330,2,1,Starfield Stage - 2
36008,2025-10-08T22:19:40.120557,0.009,635.0,464.5,0.7423954305095253,False,True,True,False,0,1,0,10,5,7,496,313,"[false, false, false]",330,2,1,Starfield Stage - 2
36016,2025-10-08T22:19:40.128839,0.008,632.5,462.0,0.7416432704472626,False,True,True,False,0,1,0,10,5,7,496,313,"[false, false, false]",330,2,1,Starfield Stage - 2
36024,2025-10-08T22:19:40.136888,0.008,630.0,459.5,0.740864347637158,False,True,True,False,0,1,0,10,5,7,496,313,"[false, false, false]",330,2,1,Starfield Stage - 2
36032,2025-10-08T22:19:40.144750,0.008,627.5,457.0,0.7400572088295587,False,True,True,False,0,1,0,10,5,7,496,313,"[false, false, false]",330,2,1,Starfield Stage - 2
36041,2025-10-08T22:19:40.153343,0.009,625.0,454.5,0.7392202936940082,False,True,True,False,0,1,0,10,5,7,496,313,"[false, false, false]",330,2,1,Starfield Stage - 2
36050,2025-10-08T22:19:40.162314,0.009,622.5,452.0,0.7383519247789789,False,True,True,False,0,1,0,10,5,7,496,313,"[false, false, false]",330,2,1,Starfield Stage - 2
36058,2025-10-08T22:19:40.170995,0.009,622.5,449.5,0.7473936574603846,True,True,True,False,0,1,0,10,5,7,496,313,"[false, false, false]",330,2,1,Starfield Stage - 2
36066,2025-10-08T22:19:40.179051,0.008,625.0,447.0,0.7663890465104387,True,False,True,False,0,1,0,10,5,7,496,313,"[false, false, false]",330,2,1,Starfield Stage - 2
36076,2025-10-08T22:19:40.188353,0.009,627.5,444.5,0.7853981633974483,True,False,True,False,0,1,0,10,5,7,496,313,"[false, false, false]",330,2,1,Starfield Stage - 2
36084,2025-10-08T22:19:40.196678,0.008,630.0,442.0,0.804407280284458,True,False,True,False,0,1,0,10,5,7,496,313,"[false, false, false]",330,2,1,Starfield Stage - 2
36093,2025-10-08T22:19:40.205289,0.009,632.5,442.0,0.813639240602236,True,False,False,False,0,1,0,10,5,7,496,313,"[false, false, false]",330,2,1,Starfield Stage - 2
36101,2025-10-08T22:19:40.213404,0.008,635.0,442.0,0.8226942936171154,True,False,False,False,0,1,0,10,5,7,496,313,"[false, false, false]",330,2,1,Starfield Stage - 2
36109,2025-10-08T22:19:40.221717,0.008,637.5,442.0,0.8315760331008883,True,False,False,False,0,1,0,10,5,7,496,313,"[false, false, false]",330,2,1,Starfield Stage - 2
36117,2025-10-08T22:19:40.230076,0.009,640.0,442.0,0.8402880259916021,True,False,False,False,0,1,0,10,5,7,496,313,"[false, false, false]",330,2,1,Starfield Stage - 2
36126,2025-10-08T22:19:40.239169,0.009,642.5,442.0,0.8488338072989696,True,False,False,False,0,1,0,10,5,7,496,313,"[false, false, false]",330,2,1,Starfield Stage - 2
36136,2025-10-08T22:19:40.249142,0.009,645.0,442.0,0.8572168755819591,True,False,False,False,0,1,0,10,5,7,496,313,"[false, false, false]",330,2,1,Starfield Stage - 2
36144,2025-10-08T22:19:40.256890,0.009,647.5,442.0,0.8654406889577073,True,False,False,False,0,1,0,10,5,7,496,313,"[false, false, false]",330,2,1,Starfield Stage - 2
36153,2025-10-08T22:19:40.266105,0.009,650.0,442.0,0.8735086616025589,True,False,False,False,0,1,0,10,5,7,496,313,"[false, false, false]",330,2,1,Starfield Stage - 2
36162,2025-10-08T22:19:40.274973,0.008,652.5,442.0,0.8814241607078019,True,False,False,False,0,1,0,10,5,7,496,313,"[false, false, false]",330,2,1,Starfield Stage - 2
36171,2025-10-08T22:19:40.283872,0.01,655.0,442.0,0.8891905038544912,True,False,False,False,0,1,0,10,5,7,496,313,"[false, false, false]",330,2,1,Starfield Stage - 2
36180,2025-10-08T22:19:40.292626,0.008,657.5,442.0,0.8968109567736133,True,False,False,False,0,1,0,10,5,7,496,313,"[false, false, false]",330,2,1,Starfield Stage - 2
36188,2025-10-08T22:19:40.301197,0.009,660.0,442.0,0.904288731459722,True,False,False,False,0,1,0,10,5,7,496,313,"[false, false, false]",330,2,1,Starfield Stage - 2
36197,2025-10-08T22:19:40.309809,0.008,662.5,442.0,0.9116269846080278,True,False,False,False,0,1,0,10,5,7,496,313,"[false, false, false]",330,2,1,Starfield Stage - 2
36204,2025-10-08T22:19:40.316980,0.008,665.0,442.0,0.918828816346766,True,False,False,False,0,1,0,10,5,7,496,313,"[false, false, false]",330,2,1,Starfield Stage - 2
36213,2025-10-08T22:19:40.325996,0.009,667.5,442.0,0.9258972692384533,True,False,False,False,0,1,0,10,5,7,496,313,"[false, false, false]",330,2,1,Starfield Stage - 2
36222,2025-10-08T22:19:40.335166,0.009,670.0,442.0,0.9328353275253863,True,False,False,False,0,1,0,10,5,7,496,313,"[false, false, false]",330,2,1,Starfield Stage - 2
36232,2025-10-08T22:19:40.344671,0.009,672.5,442.0,0.939645916596414,True,False,False,False,0,1,0,10,5,7,496,313,"[false, false, false]",330,2,1,Starfield Stage - 2
36241,2025-10-08T22:19:40.353289,0.008,675.0,442.0,0.9463319026536273,True,False,False,False,0,1,0,10,5,7,496,313,"[false, false, false]",330,2,1,Starfield Stage - 2
36248,2025-10-08T22:19:40.361184,0.009,677.5,444.5,0.9438042044052088,True,False,False,True,0,1,0,10,5,7,496,313,"[false, false, false]",330,2,1,Starfield Stage - 2
36256,2025-10-08T22:19:40.369187,0.008,680.0,447.0,0.9413540456372822,True,False,False,True,0,1,0,10,5,7,496,313,"[false, false, false]",330,2,1,Starfield Stage - 2
36264,2025-10-08T22:19:40.377239,0.008,682.5,449.5,0.9389779404658205,True,False,False,True,0,1,0,10,5,7,496,313,"[false, false, false]",330,2,1,Starfield Stage - 2
36273,2025-10-08T22:19:40.385789,0.009,685.0,452.0,0.9366726072328179,True,False,False,True,0,1,0,10,5,7,496,313,"[false, false, false]",330,2,1,Starfield Stage - 2
36282,2025-10-08T22:19:40.395030,0.009,687.5,454.5,0.9344349538840105,True,False,False,True,0,1,0,10,5,7,496,313,"[false, false, false]",330,2,1,Starfield Stage - 2
36292,2025-10-08T22:19:40.404948,0.01,690.0,457.0,0.9322620645751132,True,False,False,True,0,1,0,10,5,7,496,313,"[false, false, false]",330,2,1,Starfield Stage - 2
36301,2025-10-08T22:19:40.413893,0.009,692.5,459.5,0.9301511873888068,True,False,False,True,0,1,0,10,5,7,496,313,"[false, false, false]",330,2,1,Starfield Stage - 2
36310,2025-10-08T22:19:40.422667,0.008,695.0,462.0,0.92809972305733,True,False,False,True,0,1,0,10,5,7,496,313,"[false, false, false]",330,2,1,Starfield Stage - 2
36319,2025-10-08T22:19:40.431332,0.009,697.5,464.5,0.9261052145966572,True,False,False,True,0,1,0,10,5,7,496,313,"[false, false, false]",330,2,1,Starfield Stage - 2
36327,2025-10-08T22:19:40.439710,0.008,700.0,467.0,0.9241653377680772,True,False,False,True,0,2,0,10,5,7,496,313,"[false, false, false]",330,2,1,Starfield Stage - 2
36335,2025-10-08T22:19:40.448252,0.009,702.5,469.5,0.9222778922916924,True,False,False,True,0,2,0,10,5,7,496,313,"[false, false, false]",330,2,1,Starfield Stage - 2
36344,2025-10-08T22:19:40.456683,0.008,705.0,472.0,0.9204407937440625,True,False,False,True,0,2,0,10,5,7,496,313,"[false, false, false]",330,2,1,Starfield Stage - 2
36352,2025-10-08T22:19:40.464710,0.008,707.5,474.5,0.9186520660790626,True,False,False,True,0,2,0,10,5,7,496,313,"[false, false, false]",330,2,1,Starfield Stage - 2
36360,2025-10-08T22:19:40.472851,0.008,710.0,477.0,0.9169098347171071,True,False,False,True,0,2,0,10,5,7,496,313,"[false, false, false]",330,2,1,Starfield Stage - 2
36368,2025-10-08T22:19:40.481193,0.009,712.5,479.5,0.9152123201532987,True,False,False,True,0,2,0,10,5,7,496,313,"[false, false, false]",330,2,1,Starfield Stage - 2
36377,2025-10-08T22:19:40.489798,0.008,715.0,482.0,0.9135578320398864,True,False,False,True,0,2,0,10,5,7,496,313,"[false, false, false]",330,2,1,Starfield Stage - 2
36385,2025-10-08T22:19:40.497827,0.008,717.5,484.5,0.9119447637027193,True,False,False,True,0,2,0,10,5,7,496,313,"[false, false, false]",330,2,1,Starfield Stage - 2
36393,2025-10-08T22:19:40.505614,0.008,720.0,487.0,0.9103715870552271,True,False,False,True,0,2,0,10,5,7,496,313,"[false, false, false]",330,2,1,Starfield Stage - 2
36401,2025-10-08T22:19:40.514092,0.009,722.5,489.5,0.9088368478768989,True,False,False,True,0,2,0,10,5,7,496,313,"[false, false, false]",330,2,1,Starfield Stage - 2
36411,2025-10-08T22:19:40.523746,0.009,725.0,492.0,0.9073391614263111,True,False,False,True,0,2,0,10,5,7,496,313,"[false, false, false]",330,2,1,Starfield Stage - 2
36420,2025-10-08T22:19:40.532746,0.009,727.5,494.5,0.9058772083615226,True,False,False,True,0,2,0,10,5,7,496,313,"[false, false, false]",330,2,1,Starfield Stage - 2
36428,2025-10-08T22:19:40.540841,0.008,730.0,497.0,0.9044497309431326,True,False,False,True,0,2,0,11,5,7,496,313,"[false, false, false]",330,2,1,Starfield Stage - 2
36436,2025-10-08T22:19:40.549093,0.009,732.5,499.5,0.9030555294975297,True,False,False,True,0,2,0,11,5,7,496,313,"[false, false, false]",330,2,1,Starfield Stage - 2
36446,2025-10-08T22:19:40.558685,0.009,735.0,502.0,0.9016934591198709,True,False,False,True,0,2,0,11,5,7,496,313,"[false, false, false]",330,2,1,Starfield Stage - 2
36455,2025-10-08T22:19:40.567414,0.009,737.5,504.5,0.9003624265981341,True,False,False,True,0,2,0,11,5,7,496,313,"[false, false, false]",330,2,1,Starfield Stage - 2
36463,2025-10-08T22:19:40.576058,0.009,740.0,507.0,0.8990613875412244,True,False,False,True,0,2,0,11,5,7,496,313,"[false, false, false]",330,2,1,Starfield Stage - 2
36471,2025-10-08T22:19:40.584134,0.008,742.5,509.5,0.897789343695586,True,False,False,True,0,2,0,11,5,7,496,313,"[false, false, false]",330,2,1,Starfield Stage - 2
36480,2025-10-08T22:19:40.592379,0.008,745.0,512.0,0.8965453404361069,True,False,False,True,0,2,0,11,5,7,496,313,"[false, false, false]",330,2,1,Starfield Stage - 2
36488,2025-10-08T22:19:40.600639,0.008,747.5,514.5,0.8953284644183062,True,False,False,True,0,2,0,11,5,7,496,313,"[false, false, false]",330,2,1,Starfield Stage - 2
36497,2025-10-08T22:19:40.609342,0.009,750.0,517.0,0.8941378413798916,True,False,False,True,0,2,0,11,5,7,496,313,"[false, false, false]",330,2,1,Starfield Stage - 2
36505,2025-10-08T22:19:40.617437,0.008,752.5,519.5,0.8929726340807611,True,False,False,True,0,2,0,11,5,7,496,313,"[false, false, false]",330,2,1,Starfield Stage - 2
36513,2025-10-08T22:19:40.625822,0.008,755.0,522.0,0.8918320403714248,True,False,False,True,0,2,0,11,5,7,496,313,"[false, false, false]",330,2,1,Starfield Stage - 2
36521,2025-10-08T22:19:40.633846,0.009,757.5,524.5,0.8907152913806419,True,False,False,True,0,2,0,11,5,7,496,313,"[false, false, false]",330,2,1,Starfield Stage - 2
36530,2025-10-08T22:19:40.643122,0.009,760.0,527.0,0.8896216498138072,True,False,False,True,0,2,0,11,5,7,496,313,"[false, false, false]",330,2,1,Starfield Stage - 2
36539,2025-10-08T22:19:40.651886,0.008,762.5,529.5,0.8885504083543039,True,False,False,True,0,2,0,11,5,7,496,313,"[false, false, false]",330,2,1,Starfield Stage - 2
36547,2025-10-08T22:19:40.660130,0.009,765.0,532.0,0.8875008881606508,True,False,False,True,0,2,0,11,5,7,496,313,"[false, false, false]",330,2,1,Starfield Stage - 2
36556,2025-10-08T22:19:40.668843,0.008,767.5,534.5,0.8864724374528402,True,False,False,True,0,2,0,11,5,7,496,313,"[false, false, false]",330,2,1,Starfield Stage - 2
36565,2025-10-08T22:19:40.678218,0.009,770.0,537.0,0.8854644301817718,True,False,False,True,0,2,0,10,5,7,496,313,"[false, false, false]",330,2,1,Starfield Stage - 2
36573,2025-10-08T22:19:40.685673,0.008,772.5,539.5,0.8844762647761597,True,False,False,True,0,1,0,10,5,7,496,313,"[false, false, false]",330,2,1,Starfield Stage - 2
36581,2025-10-08T22:19:40.693674,0.008,775.0,542.0,0.8835073629617195,True,False,False,True,0,1,0,10,5,7,496,313,"[false, false, false]",330,2,1,Starfield Stage - 2
36590,2025-10-08T22:19:40.702464,0.009,777.5,544.5,0.8825571686478326,True,False,False,True,0,1,0,10,5,7,496,313,"[false, false, false]",330,2,1,Starfield Stage - 2
36598,2025-10-08T22:19:40.711033,0.009,780.0,547.0,0.881625146877247,True,False,False,True,0,1,0,10,5,7,496,313,"[false, false, false]",330,2,1,Starfield Stage - 2
36606,2025-10-08T22:19:40.719235,0.008,782.5,549.5,0.8807107828347027,True,False,False,True,0,1,0,10,5,7,496,313,"[false, false, false]",330,2,1,Starfield Stage - 2
36615,2025-10-08T22:19:40.727541,0.008,785.0,552.0,0.879813580910674,True,False,False,True,0,1,0,10,5,7,496,313,"[false, false, false]",330,2,1,Starfield Stage - 2
36623,2025-10-08T22:19:40.735704,0.008,787.5,554.5,0.8789330638166953,True,False,False,True,0,1,0,10,5,7,496,313,"[false, false, false]",330,2,1,Starfield Stage - 2
36631,2025-10-08T22:19:40.744022,0.008,790.0,557.0,0.8780687717489973,True,False,False,True,0,1,0,10,5,7,496,313,"[false, false, false]",330,2,1,Starfield Stage - 2
36639,2025-10-08T22:19:40.751454,0.008,792.5,559.5,0.8772202615974107,True,False,False,True,0,1,0,10,5,7,496,313,"[false, false, false]",330,2,1,Starfield Stage - 2
36647,2025-10-08T22:19:40.759824,0.009,795.0,562.0,0.8763871061967151,True,False,False,True,0,1,0,10,5,7,496,313,"[false, false, false]",330,2,1,Starfield Stage - 2
36657,2025-10-08T22:19:40.770075,0.009,797.5,564.5,0.8755688936178044,True,False,False,True,0,1,0,10,5,7,496,313,"[false, false, false]",330,2,1,Starfield Stage - 2
36665,2025-10-08T22:19:40.778091,0.009,800.0,567.0,0.8747652264962302,True,False,False,True,0,1,0,10,5,7,496,313,"[false, false, false]",330,2,1,Starfield Stage - 2
36674,2025-10-08T22:19:40.786836,0.008,802.5,569.5,0.8739757213958468,True,False,False,True,0,1,0,10,5,7,496,313,"[false, false, false]",330,2,1,Starfield Stage - 2
36682,2025-10-08T22:19:40.795126,0.009,805.0,572.0,0.8732000082054441,True,False,False,True,0,1,0,10,5,7,496,313,"[false, false, false]",330,2,1,Starfield Stage - 2
36691,2025-10-08T22:19:40.804041,0.009,807.5,574.5,0.8724377295663934,True,False,False,True,0,1,0,10,5,7,496,313,"[false, false, false]",330,2,1,Starfield Stage - 2
36700,2025-10-08T22:19:40.812772,0.008,810.0,577.0,0.871688540329469,True,False,False,True,0,1,0,10,5,7,496,313,"[false, false, false]",330,2,1,Starfield Stage - 2
36708,2025-10-08T22:19:40.821193,0.009,812.5,579.5,0.8709521070391271,True,False,False,True,0,1,0,10,5,7,496,313,"[false, false, false]",330,2,1,Starfield Stage - 2
36717,2025-10-08T22:19:40.829496,0.008,815.0,582.0,0.870228107443644,True,False,False,True,0,1,0,10,5,7,496,313,"[false, false, false]",330,2,1,Starfield Stage - 2
36725,2025-10-08T22:19:40.838058,0.009,817.5,584.5,0.8695162300296125,True,False,False,True,0,1,0,10,5,7,496,313,"[false, false, false]",330,2,1,Starfield Stage - 2
36735,2025-10-08T22:19:40.847369,0.009,820.0,587.0,0.8688161735794031,True,False,False,True,0,1,0,10,5,7,496,313,"[false, false, false]",330,2,1,Starfield Stage - 2
36743,2025-10-08T22:19:40.855725,0.008,822.5,589.5,0.8681276467502783,True,False,False,True,0,1,0,11,5,7,496,313,"[false, false, false]",330,2,1,Starfield Stage - 2
36751,2025-10-08T22:19:40.863921,0.009,825.0,592.0,0.8674503676739397,True,False,False,True,0,1,0,11,5,7,496,313,"[false, false, false]",330,2,1,Starfield Stage - 2
36760,2025-10-08T22:19:40.872470,0.008,827.5,594.5,0.8667840635753608,True,False,False,True,0,1,0,11,5,7,496,313,"[false, false, false]",330,2,1,Starfield Stage - 2
36768,2025-10-08T22:19:40.881104,0.009,830.0,597.0,0.8661284704098335,True,False,False,True,0,1,0,11,5,7,496,313,"[false, false, false]",330,2,1,Starfield Stage - 2
36777,2025-10-08T22:19:40.889531,0.008,832.5,599.5,0.8654833325172248,True,False,False,True,0,1,0,11,5,7,496,313,"[false, false, false]",330,2,1,Starfield Stage - 2
36785,2025-10-08T22:19:40.897780,0.008,835.0,602.0,0.8648484022924967,True,False,False,True,0,1,0,11,5,7,496,313,"[false, false, false]",330,2,1,Starfield Stage - 2
36793,2025-10-08T22:19:40.905889,0.009,837.5,604.5,0.8642234398716124,True,False,False,True,0,1,0,11,5,7,496,313,"[false, false, false]",330,2,1,Starfield Stage - 2
36802,2025-10-08T22:19:40.915112,0.009,840.0,607.0,0.8636082128319919,True,False,False,True,0,1,0,11,5,7,496,313,"[false, false, false]",330,2,1,Starfield Stage - 2
36812,2025-10-08T22:19:40.924598,0.009,842.5,609.5,0.8630024959067432,True,False,False,True,0,1,0,11,5,7,496,313,"[false, false, false]",330,2,1,Starfield Stage - 2
36821,2025-10-08T22:19:40.933412,0.009,845.0,612.0,0.8624060707119354,True,False,False,True,0,1,0,11,5,7,496,313,"[false, false, false]",330,2,1,Starfield Stage - 2
36830,2025-10-08T22:19:40.942349,0.009,847.5,614.5,0.8618187254862253,True,False,False,True,0,1,0,11,5,7,496,313,"[false, false, false]",330,2,1,Starfield Stage - 2
36839,2025-10-08T22:19:40.951685,0.009,847.5,614.5,0.8618187254862253,True,True,False,False,0,1,0,10,5,7,496,313,"[false, false, false]",330,2,1,Starfield Stage - 2
