frame,timestamp,dt,ship_centerx,ship_centery,ship_angle,moving_right,moving_left,moving_up,moving_down,bullets_count,aliens_count,cargoes_count,alien_bullets_count,hearts_count,shields_count,mouse_x,mouse_y,mouse_buttons,score,ships_left,current_region_index,region_name
0,2025-10-02T19:55:07.666317,0,600.0,672.0,0.0,False,False,False,False,0,0,0,0,0,0,297,438,"[false, false, false]",0,2,0,Starfield Stage - 1
1,2025-10-02T19:55:07.667984,8,600.0,672.0,0.0,False,False,False,False,0,0,0,0,0,0,569,488,"[false, false, false]",0,2,0,Starfield Stage - 1
2,2025-10-02T19:55:07.675780,8,600.0,672.0,0.0,False,False,False,False,0,0,0,0,0,0,569,488,"[false, false, false]",0,2,0,Starfield Stage - 1
3,2025-10-02T19:55:07.683837,8,600.0,672.0,0.0,False,False,False,False,0,0,0,0,0,0,585,490,"[false, false, false]",0,2,0,Starfield Stage - 1
4,2025-10-02T19:55:07.692002,8,600.0,672.0,0.0,False,False,False,False,0,0,0,0,0,0,601,490,"[false, false, false]",0,2,0,Starfield Stage - 1
5,2025-10-02T19:55:07.700685,9,600.0,672.0,0.0,False,False,False,False,0,0,0,0,0,0,613,489,"[false, false, false]",0,2,0,Starfield Stage - 1
6,2025-10-02T19:55:07.708255,8,600.0,672.0,0.0,False,False,False,False,0,0,0,0,0,0,624,487,"[false, false, false]",0,2,0,Starfield Stage - 1
7,2025-10-02T19:55:07.717622,9,600.0,672.0,0.0,False,False,False,False,0,0,0,0,0,0,633,483,"[false, false, false]",0,2,0,Starfield Stage - 1
8,2025-10-02T19:55:07.726084,8,600.0,672.0,0.0,False,False,False,False,0,0,0,0,0,0,639,479,"[false, false, false]",0,2,0,Starfield Stage - 1
9,2025-10-02T19:55:07.734507,8,600.0,672.0,0.0,False,False,False,False,0,0,0,0,0,0,644,474,"[false, false, false]",0,2,0,Starfield Stage - 1
10,2025-10-02T19:55:07.741491,8,600.0,672.0,0.0,False,False,False,False,0,0,0,0,0,0,648,468,"[false, false, false]",0,2,0,Starfield Stage - 1
11,2025-10-02T19:55:07.749881,8,600.0,672.0,0.0,False,False,False,False,0,0,0,0,0,0,651,462,"[false, false, false]",0,2,0,Starfield Stage - 1
12,2025-10-02T19:55:07.758446,9,600.0,672.0,0.0,False,False,False,False,0,0,0,0,0,0,653,455,"[false, false, false]",0,2,0,Starfield Stage - 1
13,2025-10-02T19:55:07.767026,8,600.0,672.0,0.0,False,False,False,False,0,0,0,0,0,0,653,450,"[false, false, false]",0,2,0,Starfield Stage - 1
14,2025-10-02T19:55:07.776148,9,600.0,672.0,0.0,False,False,False,False,0,0,0,0,0,0,653,443,"[false, false, false]",0,2,0,Starfield Stage - 1
15,2025-10-02T19:55:07.784591,9,600.0,672.0,0.0,False,False,False,False,0,0,0,0,0,0,651,438,"[false, false, false]",0,2,0,Starfield Stage - 1
16,2025-10-02T19:55:07.792547,8,600.0,672.0,0.0,False,False,False,False,0,0,0,0,0,0,643,429,"[false, false, false]",0,2,0,Starfield Stage - 1
17,2025-10-02T19:55:07.800898,8,600.0,672.0,0.0,False,False,False,False,0,0,0,0,0,0,638,426,"[false, false, false]",0,2,0,Starfield Stage - 1
18,2025-10-02T19:55:07.809211,9,600.0,672.0,0.0,False,False,False,False,0,0,0,0,0,0,632,424,"[false, false, false]",0,2,0,Starfield Stage - 1
19,2025-10-02T19:55:07.818762,9,600.0,672.0,0.0,False,False,False,False,0,0,0,0,0,0,625,421,"[false, false, false]",0,2,0,Starfield Stage - 1
20,2025-10-02T19:55:07.826120,8,600.0,672.0,0.0,False,False,False,False,0,0,0,0,0,0,619,421,"[false, false, false]",0,2,0,Starfield Stage - 1
21,2025-10-02T19:55:07.836505,9,600.0,672.0,0.0,False,False,False,False,0,0,0,0,0,0,612,421,"[false, false, false]",0,2,0,Starfield Stage - 1
22,2025-10-02T19:55:07.843803,8,600.0,672.0,0.0,False,False,False,False,0,0,0,0,0,0,602,423,"[false, false, false]",0,2,0,Starfield Stage - 1
23,2025-10-02T19:55:07.852456,9,600.0,672.0,0.0,False,False,False,False,0,0,0,0,0,0,590,427,"[false, false, false]",0,2,0,Starfield Stage - 1
24,2025-10-02T19:55:07.861112,8,600.0,672.0,0.0,False,False,False,False,0,0,0,0,0,0,574,433,"[false, false, false]",0,2,0,Starfield Stage - 1
25,2025-10-02T19:55:07.869551,9,600.0,672.0,0.0,False,False,False,False,0,0,0,0,0,0,557,440,"[false, false, false]",0,2,0,Starfield Stage - 1
26,2025-10-02T19:55:07.878315,8,600.0,672.0,0.0,False,False,False,False,0,0,0,0,0,0,539,450,"[false, false, false]",0,2,0,Starfield Stage - 1
27,2025-10-02T19:55:07.885948,9,600.0,672.0,0.0,False,False,False,False,0,0,0,0,0,0,521,458,"[false, false, false]",0,2,0,Starfield Stage - 1
28,2025-10-02T19:55:07.896201,9,600.0,672.0,0.0,False,False,False,False,0,0,0,0,0,0,502,467,"[false, false, false]",0,2,0,Starfield Stage - 1
29,2025-10-02T19:55:07.904598,9,600.0,672.0,0.0,False,False,False,False,0,0,0,0,0,0,465,480,"[false, false, false]",0,2,0,Starfield Stage - 1
30,2025-10-02T19:55:07.912765,8,600.0,672.0,0.0,False,False,False,False,0,0,0,0,0,0,445,484,"[false, false, false]",0,2,0,Starfield Stage - 1
31,2025-10-02T19:55:07.922021,9,600.0,672.0,0.0,False,False,False,False,0,0,0,0,0,0,427,486,"[false, false, false]",0,2,0,Starfield Stage - 1
32,2025-10-02T19:55:07.930322,9,600.0,672.0,0.0,False,False,False,False,0,0,0,0,0,0,411,487,"[false, false, false]",0,2,0,Starfield Stage - 1
33,2025-10-02T19:55:07.940416,9,600.0,672.0,0.0,False,False,False,False,0,0,0,0,0,0,396,486,"[false, false, false]",0,2,0,Starfield Stage - 1
34,2025-10-02T19:55:07.947406,8,600.0,672.0,0.0,False,False,False,False,0,0,0,0,0,0,383,482,"[false, false, false]",0,2,0,Starfield Stage - 1
35,2025-10-02T19:55:07.956661,8,600.0,672.0,0.0,False,False,False,False,0,0,0,0,0,0,371,477,"[false, false, false]",0,2,0,Starfield Stage - 1
36,2025-10-02T19:55:07.964444,9,600.0,672.0,0.0,False,False,False,False,0,0,0,0,0,0,362,470,"[false, false, false]",0,2,0,Starfield Stage - 1
37,2025-10-02T19:55:07.972465,8,600.0,672.0,0.0,False,False,False,False,0,0,0,0,0,0,355,463,"[false, false, false]",0,2,0,Starfield Stage - 1
38,2025-10-02T19:55:07.981184,8,600.0,672.0,0.0,False,False,False,False,0,0,0,0,0,0,350,456,"[false, false, false]",0,2,0,Starfield Stage - 1
39,2025-10-02T19:55:07.989530,9,600.0,672.0,0.0,False,False,False,False,0,0,0,0,0,0,347,447,"[false, false, false]",0,2,0,Starfield Stage - 1
40,2025-10-02T19:55:07.998338,8,600.0,672.0,0.0,False,False,False,False,0,0,0,0,0,0,346,437,"[false, false, false]",0,2,0,Starfield Stage - 1
41,2025-10-02T19:55:08.005856,9,600.0,672.0,0.0,False,False,False,False,0,0,0,0,0,0,346,429,"[false, false, false]",0,2,0,Starfield Stage - 1
42,2025-10-02T19:55:08.014284,8,600.0,672.0,0.0,False,False,False,False,0,0,0,0,0,0,349,420,"[false, false, false]",0,2,0,Starfield Stage - 1
43,2025-10-02T19:55:08.023590,9,600.0,672.0,0.0,False,False,False,False,0,0,0,0,0,0,353,412,"[false, false, false]",0,2,0,Starfield Stage - 1
44,2025-10-02T19:55:08.031985,9,600.0,672.0,0.0,False,False,False,False,0,0,0,0,0,0,359,407,"[false, false, false]",0,2,0,Starfield Stage - 1
45,2025-10-02T19:55:08.040699,8,600.0,672.0,0.0,False,False,False,False,0,0,0,0,0,0,373,401,"[false, false, false]",0,2,0,Starfield Stage - 1
46,2025-10-02T19:55:08.048946,8,600.0,672.0,0.0,False,False,False,False,0,0,0,0,0,0,383,401,"[false, false, false]",0,2,0,Starfield Stage - 1
47,2025-10-02T19:55:08.056611,8,600.0,672.0,0.0,False,False,False,False,0,0,0,0,0,0,394,401,"[false, false, false]",0,2,0,Starfield Stage - 1
48,2025-10-02T19:55:08.064056,8,600.0,672.0,0.0,False,False,False,False,0,0,0,0,0,0,406,401,"[false, false, false]",0,2,0,Starfield Stage - 1
49,2025-10-02T19:55:08.073655,9,600.0,672.0,0.0,False,False,False,False,0,0,0,0,0,0,421,403,"[false, false, false]",0,2,0,Starfield Stage - 1
50,2025-10-02T19:55:08.081517,8,600.0,672.0,0.0,False,False,False,False,0,0,0,0,0,0,439,406,"[false, false, false]",0,2,0,Starfield Stage - 1
51,2025-10-02T19:55:08.089595,8,600.0,672.0,0.0,False,False,False,False,0,0,0,0,0,0,459,410,"[false, false, false]",0,2,0,Starfield Stage - 1
52,2025-10-02T19:55:08.098134,9,600.0,672.0,0.0,False,False,False,False,0,0,0,0,0,0,480,413,"[false, false, false]",0,2,0,Starfield Stage - 1
53,2025-10-02T19:55:08.106764,8,600.0,672.0,0.0,False,False,False,False,0,0,0,0,0,0,504,416,"[false, false, false]",0,2,0,Starfield Stage - 1
54,2025-10-02T19:55:08.115777,9,600.0,672.0,0.0,False,False,False,False,0,0,0,0,0,0,526,419,"[false, false, false]",0,2,0,Starfield Stage - 1
55,2025-10-02T19:55:08.123385,8,600.0,672.0,0.0,False,False,False,False,0,0,0,0,0,0,549,420,"[false, false, false]",0,2,0,Starfield Stage - 1
56,2025-10-02T19:55:08.131344,8,600.0,672.0,0.0,False,False,False,False,0,0,0,0,0,0,571,422,"[false, false, false]",0,2,0,Starfield Stage - 1
57,2025-10-02T19:55:08.140612,9,600.0,672.0,0.0,False,False,False,False,0,0,0,0,0,0,591,424,"[false, false, false]",0,2,0,Starfield Stage - 1
58,2025-10-02T19:55:08.148541,8,600.0,672.0,0.0,False,False,False,False,0,0,0,0,0,0,610,425,"[false, false, false]",0,2,0,Starfield Stage - 1
59,2025-10-02T19:55:08.156891,8,600.0,672.0,0.0,False,False,False,False,0,0,0,0,0,0,628,426,"[false, false, false]",0,2,0,Starfield Stage - 1
60,2025-10-02T19:55:08.165281,9,600.0,672.0,0.0,False,False,False,False,0,0,0,0,0,0,643,426,"[false, false, false]",0,2,0,Starfield Stage - 1
61,2025-10-02T19:55:08.174406,9,600.0,672.0,0.0,False,False,False,False,0,0,0,0,0,0,655,425,"[false, false, false]",0,2,0,Starfield Stage - 1
62,2025-10-02T19:55:08.182768,8,600.0,672.0,0.0,False,False,False,False,0,0,0,0,0,0,665,424,"[false, false, false]",0,2,0,Starfield Stage - 1
63,2025-10-02T19:55:08.190583,8,600.0,672.0,0.0,False,False,False,False,0,0,0,0,0,0,671,422,"[false, false, false]",0,2,0,Starfield Stage - 1
64,2025-10-02T19:55:08.198506,8,600.0,672.0,0.0,False,False,False,False,0,0,0,0,0,0,675,421,"[false, false, false]",0,2,0,Starfield Stage - 1
65,2025-10-02T19:55:08.207212,8,600.0,672.0,0.0,False,False,False,False,0,0,0,0,0,0,678,420,"[false, false, false]",0,2,0,Starfield Stage - 1
66,2025-10-02T19:55:08.214878,8,600.0,672.0,0.0,False,False,False,False,0,0,0,0,0,0,679,419,"[false, false, false]",0,2,0,Starfield Stage - 1
67,2025-10-02T19:55:08.223627,9,600.0,672.0,0.0,False,False,False,False,0,0,0,0,0,0,680,417,"[false, false, false]",0,2,0,Starfield Stage - 1
68,2025-10-02T19:55:08.231816,8,600.0,672.0,0.0,False,False,False,False,0,0,0,0,0,0,680,416,"[false, false, false]",0,2,0,Starfield Stage - 1
69,2025-10-02T19:55:08.240710,9,600.0,672.0,0.0,False,False,False,False,0,0,0,0,0,0,679,412,"[false, false, false]",0,2,0,Starfield Stage - 1
70,2025-10-02T19:55:08.248552,8,600.0,672.0,0.0,False,False,False,False,0,0,0,0,0,0,677,409,"[false, false, false]",0,2,0,Starfield Stage - 1
71,2025-10-02T19:55:08.256365,8,600.0,672.0,0.0,False,False,False,False,0,0,0,0,0,0,674,406,"[false, false, false]",0,2,0,Starfield Stage - 1
72,2025-10-02T19:55:08.265427,9,600.0,672.0,0.0,False,False,False,False,0,0,0,0,0,0,670,403,"[false, false, false]",0,2,0,Starfield Stage - 1
73,2025-10-02T19:55:08.273892,8,600.0,672.0,0.0,False,False,False,False,0,0,0,0,0,0,666,400,"[false, false, false]",0,2,0,Starfield Stage - 1
74,2025-10-02T19:55:08.281717,8,600.0,672.0,0.0,False,False,False,False,0,0,0,0,0,0,662,397,"[false, false, false]",0,2,0,Starfield Stage - 1
75,2025-10-02T19:55:08.289730,8,600.0,672.0,0.0,False,False,False,False,0,0,0,0,0,0,657,394,"[false, false, false]",0,2,0,Starfield Stage - 1
76,2025-10-02T19:55:08.298684,9,600.0,672.0,0.0,False,False,False,False,0,0,0,0,0,0,653,391,"[false, false, false]",0,2,0,Starfield Stage - 1
77,2025-10-02T19:55:08.306791,8,600.0,672.0,0.0,False,False,False,False,0,0,0,0,0,0,649,389,"[false, false, false]",0,2,0,Starfield Stage - 1
78,2025-10-02T19:55:08.314842,8,600.0,672.0,0.0,False,False,False,False,0,0,0,0,0,0,645,388,"[false, false, false]",0,2,0,Starfield Stage - 1
79,2025-10-02T19:55:08.322754,8,600.0,672.0,0.0,False,False,False,False,0,0,0,0,0,0,642,387,"[false, false, false]",0,2,0,Starfield Stage - 1
80,2025-10-02T19:55:08.330820,8,600.0,672.0,0.0,False,False,False,False,0,0,0,0,0,0,640,386,"[false, false, false]",0,2,0,Starfield Stage - 1
81,2025-10-02T19:55:08.340134,9,600.0,672.0,0.0,False,False,False,False,0,0,0,0,0,0,638,386,"[false, false, false]",0,2,0,Starfield Stage - 1
82,2025-10-02T19:55:08.348306,9,600.0,672.0,0.0,False,False,False,False,0,0,0,0,0,0,637,385,"[false, false, false]",0,2,0,Starfield Stage - 1
83,2025-10-02T19:55:08.357768,9,600.0,672.0,0.0,False,False,False,False,0,0,0,0,0,0,636,385,"[false, false, false]",0,2,0,Starfield Stage - 1
84,2025-10-02T19:55:08.365747,8,600.0,672.0,0.0,False,False,False,False,0,0,0,0,0,0,635,385,"[false, false, false]",0,2,0,Starfield Stage - 1
85,2025-10-02T19:55:08.373521,8,600.0,672.0,0.0,False,False,False,False,0,0,0,0,0,0,634,384,"[false, false, false]",0,2,0,Starfield Stage - 1
86,2025-10-02T19:55:08.381656,8,600.0,672.0,0.0,False,False,False,False,0,0,0,0,0,0,633,384,"[false, false, false]",0,2,0,Starfield Stage - 1
87,2025-10-02T19:55:08.389647,8,600.0,672.0,0.0,False,False,False,False,0,0,0,0,0,0,633,383,"[false, false, false]",0,2,0,Starfield Stage - 1
88,2025-10-02T19:55:08.398016,8,600.0,672.0,0.0,False,False,False,False,0,0,0,0,0,0,631,383,"[false, false, false]",0,2,0,Starfield Stage - 1
89,2025-10-02T19:55:08.405960,8,600.0,672.0,0.0,False,False,False,False,0,0,0,0,0,0,630,382,"[false, false, false]",0,2,0,Starfield Stage - 1
90,2025-10-02T19:55:08.413849,9,600.0,672.0,0.0,False,False,False,False,0,0,0,0,0,0,628,381,"[false, false, false]",0,2,0,Starfield Stage - 1
91,2025-10-02T19:55:08.422357,8,600.0,672.0,0.0,False,False,False,False,0,0,0,0,0,0,625,380,"[false, false, false]",0,2,0,Starfield Stage - 1
92,2025-10-02T19:55:08.431621,9,600.0,672.0,0.0,False,False,False,False,0,0,0,0,0,0,622,379,"[false, false, false]",0,2,0,Starfield Stage - 1
93,2025-10-02T19:55:08.439541,8,600.0,672.0,0.0,False,False,False,False,0,0,0,0,0,0,617,377,"[false, false, false]",0,2,0,Starfield Stage - 1
94,2025-10-02T19:55:08.447452,8,600.0,672.0,0.0,False,False,False,False,0,0,0,0,0,0,617,377,"[false, false, false]",0,2,0,Starfield Stage - 1
95,2025-10-02T19:55:08.455627,8,600.0,672.0,0.0,False,False,False,False,0,0,0,0,0,0,615,375,"[false, false, false]",0,2,0,Starfield Stage - 1
96,2025-10-02T19:55:08.463879,8,600.0,672.0,0.0,False,False,False,False,0,0,0,0,0,0,613,374,"[false, false, false]",0,2,0,Starfield Stage - 1
97,2025-10-02T19:55:08.472643,9,600.0,672.0,0.0,False,False,False,False,0,0,0,0,0,0,609,372,"[false, false, false]",0,2,0,Starfield Stage - 1
98,2025-10-02T19:55:08.480408,8,600.0,672.0,0.0,False,False,False,False,0,0,0,0,0,0,607,371,"[false, false, false]",0,2,0,Starfield Stage - 1
99,2025-10-02T19:55:08.488386,8,600.0,672.0,0.0,False,False,False,False,0,0,0,0,0,0,606,370,"[false, false, false]",0,2,0,Starfield Stage - 1
100,2025-10-02T19:55:08.497043,8,600.0,672.0,0.0,False,False,False,False,0,0,0,0,0,0,606,369,"[false, false, false]",0,2,0,Starfield Stage - 1
101,2025-10-02T19:55:08.505568,9,600.0,672.0,0.0,False,False,False,False,0,0,0,0,0,0,605,368,"[false, false, false]",0,2,0,Starfield Stage - 1
102,2025-10-02T19:55:08.513817,8,600.0,672.0,0.0,False,False,False,False,0,0,0,0,0,0,604,368,"[false, false, false]",0,2,0,Starfield Stage - 1
103,2025-10-02T19:55:08.521612,8,600.0,672.0,0.0,False,False,False,False,0,0,0,0,0,0,604,368,"[false, false, false]",0,2,0,Starfield Stage - 1
104,2025-10-02T19:55:08.529262,8,600.0,672.0,0.0,False,False,False,False,0,0,0,0,0,0,604,367,"[false, false, false]",0,2,0,Starfield Stage - 1
105,2025-10-02T19:55:08.538361,9,600.0,672.0,0.0,False,False,False,False,0,0,0,0,0,0,604,367,"[false, false, false]",0,2,0,Starfield Stage - 1
106,2025-10-02T19:55:08.547328,9,600.0,672.0,0.0,False,False,False,False,0,0,0,0,0,0,603,367,"[false, false, false]",0,2,0,Starfield Stage - 1
107,2025-10-02T19:55:08.556663,9,600.0,672.0,0.0,False,False,False,False,0,0,0,0,0,0,603,367,"[false, false, false]",0,2,0,Starfield Stage - 1
108,2025-10-02T19:55:08.564994,9,600.0,672.0,0.0,False,False,False,False,0,0,0,0,0,0,603,366,"[false, false, false]",0,2,0,Starfield Stage - 1
109,2025-10-02T19:55:08.574468,9,600.0,672.0,0.0,False,False,False,False,0,0,0,0,0,0,603,366,"[false, false, false]",0,2,0,Starfield Stage - 1
110,2025-10-02T19:55:08.582962,8,600.0,672.0,0.0,False,False,False,False,0,0,0,0,0,0,603,366,"[false, false, false]",0,2,0,Starfield Stage - 1
111,2025-10-02T19:55:08.591671,9,600.0,672.0,0.0,False,False,False,False,0,0,0,0,0,0,603,366,"[false, false, false]",0,2,0,Starfield Stage - 1
112,2025-10-02T19:55:08.599731,8,600.0,672.0,0.0,False,False,False,False,0,0,0,0,0,0,603,366,"[false, false, false]",0,2,0,Starfield Stage - 1
113,2025-10-02T19:55:08.607508,8,600.0,672.0,0.0,False,False,False,False,0,0,0,0,0,0,603,366,"[false, false, false]",0,2,0,Starfield Stage - 1
114,2025-10-02T19:55:08.615834,9,600.0,672.0,0.0,False,False,False,False,0,0,0,0,0,0,603,366,"[false, false, false]",0,2,0,Starfield Stage - 1
115,2025-10-02T19:55:08.624615,8,600.0,672.0,0.0,False,False,False,False,0,0,0,0,0,0,603,366,"[false, false, false]",0,2,0,Starfield Stage - 1
116,2025-10-02T19:55:08.632436,8,600.0,672.0,0.0,False,False,False,False,0,0,0,0,0,0,603,366,"[false, false, false]",0,2,0,Starfield Stage - 1
117,2025-10-02T19:55:08.640113,8,600.0,672.0,0.0,False,False,False,False,0,0,0,0,0,0,603,366,"[false, false, false]",0,2,0,Starfield Stage - 1
118,2025-10-02T19:55:08.649779,9,600.0,672.0,0.0,False,False,False,False,0,0,0,0,0,0,603,366,"[false, false, false]",0,2,0,Starfield Stage - 1
119,2025-10-02T19:55:08.657559,8,600.0,672.0,0.0,False,False,False,False,0,0,0,0,0,0,603,366,"[true, false, false]",0,2,0,Starfield Stage - 1
120,2025-10-02T19:55:08.665943,9,600.0,672.0,0.0,False,False,False,False,0,0,0,0,0,0,603,366,"[true, false, false]",0,2,0,Starfield Stage - 1
121,2025-10-02T19:55:08.675332,9,600.0,672.0,0.0,False,False,False,False,0,0,0,0,0,0,603,366,"[true, false, false]",0,2,0,Starfield Stage - 1
122,2025-10-02T19:55:08.684546,9,600.0,672.0,0.0,False,False,False,False,0,0,0,0,0,0,603,366,"[true, false, false]",0,2,0,Starfield Stage - 1
123,2025-10-02T19:55:08.692325,8,600.0,672.0,0.0,False,False,False,False,0,0,0,0,0,0,603,366,"[true, false, false]",0,2,0,Starfield Stage - 1
124,2025-10-02T19:55:08.701533,9,600.0,672.0,0.0,False,False,False,False,0,0,0,0,0,0,603,366,"[true, false, false]",0,2,0,Starfield Stage - 1
125,2025-10-02T19:55:08.710142,8,600.0,672.0,0.0,False,False,False,False,0,0,0,0,0,0,603,366,"[true, false, false]",0,2,0,Starfield Stage - 1
126,2025-10-02T19:55:08.720477,9,600.0,672.0,0.0,False,False,False,False,0,0,0,0,0,0,603,366,"[false, false, false]",0,2,0,Starfield Stage - 1
127,2025-10-02T19:55:08.728619,8,600.0,672.0,0.0,False,False,False,False,0,0,0,0,0,0,603,366,"[false, false, false]",0,2,0,Starfield Stage - 1
128,2025-10-02T19:55:08.735895,8,600.0,672.0,0.0,False,False,False,False,0,0,0,0,0,0,603,366,"[false, false, false]",0,2,0,Starfield Stage - 1
129,2025-10-02T19:55:08.744910,9,600.0,672.0,0.0,False,False,False,False,0,0,0,0,0,0,603,366,"[false, false, false]",0,2,0,Starfield Stage - 1
130,2025-10-02T19:55:08.754159,9,600.0,672.0,0.0,False,False,False,False,0,0,0,0,0,0,603,366,"[false, false, false]",0,2,0,Starfield Stage - 1
131,2025-10-02T19:55:08.764086,10,600.0,672.0,0.0,False,False,False,False,0,0,0,0,0,0,603,366,"[false, false, false]",0,2,0,Starfield Stage - 1
132,2025-10-02T19:55:08.773024,9,600.0,672.0,0.0,False,False,False,False,0,0,0,0,0,0,603,366,"[false, false, false]",0,2,0,Starfield Stage - 1
133,2025-10-02T19:55:08.781742,8,600.0,672.0,0.0,False,False,False,False,0,0,0,0,0,0,603,366,"[false, false, false]",0,2,0,Starfield Stage - 1
134,2025-10-02T19:55:08.789966,9,600.0,672.0,0.0,False,False,False,False,0,0,0,0,0,0,603,366,"[false, false, false]",0,2,0,Starfield Stage - 1
135,2025-10-02T19:55:08.798308,8,600.0,672.0,0.0,False,False,False,False,0,0,0,0,0,0,603,366,"[false, false, false]",0,2,0,Starfield Stage - 1
136,2025-10-02T19:55:08.807378,9,600.0,672.0,0.0,False,False,False,False,0,0,0,0,0,0,603,366,"[false, false, false]",0,2,0,Starfield Stage - 1
137,2025-10-02T19:55:08.816306,9,600.0,672.0,0.0,False,False,False,False,0,0,0,0,0,0,603,366,"[false, false, false]",0,2,0,Starfield Stage - 1
138,2025-10-02T19:55:08.824919,9,600.0,672.0,0.0,False,False,False,False,0,0,0,0,0,0,603,366,"[false, false, false]",0,2,0,Starfield Stage - 1
139,2025-10-02T19:55:08.833398,8,600.0,672.0,0.0,False,False,False,False,0,0,0,0,0,0,603,366,"[false, false, false]",0,2,0,Starfield Stage - 1
140,2025-10-02T19:55:08.842094,8,600.0,672.0,0.0,False,False,False,False,0,0,0,0,0,0,603,366,"[false, false, false]",0,2,0,Starfield Stage - 1
141,2025-10-02T19:55:08.850452,9,600.0,672.0,0.0,False,False,False,False,0,0,0,0,0,0,603,366,"[false, false, false]",0,2,0,Starfield Stage - 1
142,2025-10-02T19:55:08.857550,8,600.0,672.0,0.0,False,False,False,False,0,0,0,0,0,0,603,366,"[false, false, false]",0,2,0,Starfield Stage - 1
143,2025-10-02T19:55:08.866588,8,600.0,672.0,0.0,False,False,False,False,0,0,0,0,0,0,603,366,"[false, false, false]",0,2,0,Starfield Stage - 1
144,2025-10-02T19:55:08.874508,8,600.0,672.0,0.0,False,False,False,False,0,0,0,0,0,0,603,366,"[false, false, false]",0,2,0,Starfield Stage - 1
145,2025-10-02T19:55:08.882197,8,600.0,672.0,0.0,False,False,False,False,0,0,0,0,0,0,603,366,"[false, false, false]",0,2,0,Starfield Stage - 1
146,2025-10-02T19:55:08.891492,9,600.0,672.0,0.0,False,False,False,False,0,0,0,0,0,0,603,366,"[false, false, false]",0,2,0,Starfield Stage - 1
147,2025-10-02T19:55:08.900104,9,600.0,672.0,0.0,False,False,False,False,0,0,0,0,0,0,603,366,"[false, false, false]",0,2,0,Starfield Stage - 1
148,2025-10-02T19:55:08.909334,9,600.0,672.0,0.0,False,False,False,False,0,0,0,0,0,0,603,366,"[false, false, false]",0,2,0,Starfield Stage - 1
149,2025-10-02T19:55:08.917943,9,600.0,672.0,0.0,False,False,False,False,0,0,0,0,0,0,603,366,"[false, false, false]",0,2,0,Starfield Stage - 1
150,2025-10-02T19:55:08.926683,8,600.0,672.0,0.0,False,False,False,False,0,0,0,0,0,0,603,366,"[false, false, false]",0,2,0,Starfield Stage - 1
151,2025-10-02T19:55:08.934540,8,600.0,672.0,0.0,False,False,False,False,0,0,0,0,0,0,603,366,"[false, false, false]",0,2,0,Starfield Stage - 1
152,2025-10-02T19:55:08.941975,8,600.0,672.0,0.0,False,False,False,False,0,0,0,0,0,0,603,366,"[false, false, false]",0,2,0,Starfield Stage - 1
153,2025-10-02T19:55:08.950696,9,600.0,672.0,0.0,False,False,False,False,0,0,0,0,0,0,603,366,"[false, false, false]",0,2,0,Starfield Stage - 1
154,2025-10-02T19:55:08.959037,8,600.0,672.0,0.0,False,False,False,False,0,0,0,0,0,0,603,366,"[false, false, false]",0,2,0,Starfield Stage - 1
155,2025-10-02T19:55:08.967159,8,600.0,672.0,0.0,False,False,False,False,0,0,0,0,0,0,603,366,"[false, false, false]",0,2,0,Starfield Stage - 1
156,2025-10-02T19:55:08.976060,9,600.0,672.0,0.0,False,False,False,False,0,0,0,0,0,0,603,366,"[false, false, false]",0,2,0,Starfield Stage - 1
157,2025-10-02T19:55:08.984717,9,600.0,672.0,0.0,False,False,False,False,0,0,0,0,0,0,603,366,"[false, false, false]",0,2,0,Starfield Stage - 1
158,2025-10-02T19:55:08.993046,8,600.0,672.0,0.0,False,False,False,False,0,0,0,0,0,0,603,366,"[false, false, false]",0,2,0,Starfield Stage - 1
159,2025-10-02T19:55:09.001826,9,600.0,672.0,0.0,False,False,False,False,0,0,0,0,0,0,603,366,"[false, false, false]",0,2,0,Starfield Stage - 1
160,2025-10-02T19:55:09.010557,9,600.0,672.0,0.0,False,False,False,False,0,0,0,0,0,0,603,366,"[false, false, false]",0,2,0,Starfield Stage - 1
161,2025-10-02T19:55:09.019075,8,600.0,672.0,0.0,False,False,False,False,0,0,0,0,0,0,603,366,"[false, false, false]",0,2,0,Starfield Stage - 1
162,2025-10-02T19:55:09.027937,9,600.0,672.0,0.0,False,False,False,False,0,0,0,0,0,0,603,366,"[false, false, false]",0,2,0,Starfield Stage - 1
163,2025-10-02T19:55:09.036200,8,600.0,672.0,0.0,False,False,False,False,0,0,0,0,0,0,603,366,"[false, false, false]",0,2,0,Starfield Stage - 1
164,2025-10-02T19:55:09.045114,9,600.0,672.0,0.0,False,False,False,False,0,0,0,0,0,0,603,366,"[false, false, false]",0,2,0,Starfield Stage - 1
165,2025-10-02T19:55:09.053984,9,600.0,672.0,0.0,False,False,False,False,0,0,0,0,0,0,603,366,"[false, false, false]",0,2,0,Starfield Stage - 1
166,2025-10-02T19:55:09.062248,8,600.0,672.0,0.0,False,False,False,False,0,0,0,0,0,0,603,366,"[false, false, false]",0,2,0,Starfield Stage - 1
167,2025-10-02T19:55:09.070916,9,600.0,672.0,0.0,False,False,False,False,0,0,0,0,0,0,603,366,"[false, false, false]",0,2,0,Starfield Stage - 1
168,2025-10-02T19:55:09.079576,8,600.0,672.0,0.0,False,False,False,False,0,0,0,0,0,0,603,366,"[false, false, false]",0,2,0,Starfield Stage - 1
169,2025-10-02T19:55:09.087438,9,600.0,672.0,0.0,False,False,False,False,0,0,0,0,0,0,603,366,"[false, false, false]",0,2,0,Starfield Stage - 1
170,2025-10-02T19:55:09.096561,8,600.0,672.0,0.0,False,False,False,False,0,0,0,0,0,0,603,366,"[false, false, false]",0,2,0,Starfield Stage - 1
171,2025-10-02T19:55:09.104462,8,600.0,672.0,0.0,False,False,False,False,0,0,0,0,0,0,603,366,"[false, false, false]",0,2,0,Starfield Stage - 1
172,2025-10-02T19:55:09.111672,8,600.0,672.0,0.0,False,False,False,False,0,0,0,0,0,0,603,366,"[false, false, false]",0,2,0,Starfield Stage - 1
173,2025-10-02T19:55:09.120162,8,600.0,672.0,0.0,False,False,False,False,0,0,0,0,0,0,603,366,"[false, false, false]",0,2,0,Starfield Stage - 1
174,2025-10-02T19:55:09.128965,8,600.0,672.0,0.0,False,False,False,False,0,0,0,0,0,0,603,366,"[false, false, false]",0,2,0,Starfield Stage - 1
175,2025-10-02T19:55:09.137247,9,600.0,672.0,0.0,False,False,False,False,0,0,0,0,0,0,603,366,"[false, false, false]",0,2,0,Starfield Stage - 1
176,2025-10-02T19:55:09.146509,9,600.0,672.0,0.0,False,False,False,False,0,0,0,0,0,0,603,366,"[false, false, false]",0,2,0,Starfield Stage - 1
177,2025-10-02T19:55:09.154110,8,600.0,672.0,0.0,False,False,False,False,0,0,0,0,0,0,603,366,"[false, false, false]",0,2,0,Starfield Stage - 1
178,2025-10-02T19:55:09.163500,9,600.0,672.0,0.0,False,False,False,False,0,0,0,0,0,0,603,366,"[false, false, false]",0,2,0,Starfield Stage - 1
179,2025-10-02T19:55:09.171537,8,600.0,672.0,0.0,False,False,False,False,0,0,0,0,0,0,603,366,"[false, false, false]",0,2,0,Starfield Stage - 1
180,2025-10-02T19:55:09.178871,8,600.0,672.0,0.0,False,False,False,False,0,0,0,0,0,0,603,366,"[false, false, false]",0,2,0,Starfield Stage - 1
181,2025-10-02T19:55:09.187403,8,600.0,672.0,0.0,False,False,False,False,0,0,0,0,0,0,603,366,"[false, false, false]",0,2,0,Starfield Stage - 1
182,2025-10-02T19:55:09.195118,8,600.0,672.0,0.0,False,False,False,False,0,0,0,0,0,0,603,366,"[false, false, false]",0,2,0,Starfield Stage - 1
183,2025-10-02T19:55:09.203334,8,600.0,672.0,0.0,False,False,False,False,0,0,0,0,0,0,603,366,"[false, false, false]",0,2,0,Starfield Stage - 1
184,2025-10-02T19:55:09.212165,9,600.0,672.0,0.0,False,False,False,False,0,0,0,0,0,0,603,366,"[false, false, false]",0,2,0,Starfield Stage - 1
185,2025-10-02T19:55:09.221207,9,600.0,672.0,0.0,False,False,False,False,0,0,0,0,0,0,603,366,"[false, false, false]",0,2,0,Starfield Stage - 1
186,2025-10-02T19:55:09.230454,9,600.0,672.0,0.0,False,False,False,False,0,0,0,0,0,0,603,366,"[false, false, false]",0,2,0,Starfield Stage - 1
187,2025-10-02T19:55:09.237878,8,600.0,672.0,0.0,False,False,False,False,0,0,0,0,0,0,603,366,"[false, false, false]",0,2,0,Starfield Stage - 1
188,2025-10-02T19:55:09.245968,8,600.0,672.0,0.0,False,False,False,False,0,0,0,0,0,0,603,366,"[false, false, false]",0,2,0,Starfield Stage - 1
189,2025-10-02T19:55:09.254803,9,600.0,672.0,0.0,False,False,False,False,0,0,0,0,0,0,603,366,"[false, false, false]",0,2,0,Starfield Stage - 1
190,2025-10-02T19:55:09.262783,8,600.0,672.0,0.0,False,False,False,False,0,0,0,0,0,0,603,366,"[false, false, false]",0,2,0,Starfield Stage - 1
191,2025-10-02T19:55:09.270887,8,600.0,672.0,0.0,False,False,False,False,0,0,0,0,0,0,603,366,"[false, false, false]",0,2,0,Starfield Stage - 1
192,2025-10-02T19:55:09.279275,8,600.0,672.0,0.0,False,False,False,False,0,0,0,0,0,0,603,366,"[false, false, false]",0,2,0,Starfield Stage - 1
193,2025-10-02T19:55:09.288005,9,600.0,672.0,0.0,False,False,False,False,0,0,0,0,0,0,603,366,"[false, false, false]",0,2,0,Starfield Stage - 1
194,2025-10-02T19:55:09.296003,8,600.0,672.0,0.0,False,False,False,False,0,0,0,0,0,0,603,366,"[false, false, false]",0,2,0,Starfield Stage - 1
195,2025-10-02T19:55:09.304269,8,600.0,672.0,0.0,False,False,False,False,0,0,0,0,0,0,603,366,"[false, false, false]",0,2,0,Starfield Stage - 1
196,2025-10-02T19:55:09.312873,9,600.0,672.0,0.0,False,False,False,False,0,0,0,0,0,0,603,366,"[false, false, false]",0,2,0,Starfield Stage - 1
197,2025-10-02T19:55:09.321584,8,600.0,672.0,0.0,False,False,False,False,0,0,0,0,0,0,603,366,"[false, false, false]",0,2,0,Starfield Stage - 1
198,2025-10-02T19:55:09.328948,8,600.0,672.0,0.0,False,False,False,False,0,0,0,0,0,0,603,366,"[false, false, false]",0,2,0,Starfield Stage - 1
199,2025-10-02T19:55:09.337172,8,600.0,672.0,0.0,False,False,False,False,0,0,0,0,0,0,603,366,"[false, false, false]",0,2,0,Starfield Stage - 1
200,2025-10-02T19:55:09.346644,9,600.0,672.0,0.0,False,False,False,False,0,0,0,0,0,0,603,366,"[false, false, false]",0,2,0,Starfield Stage - 1
201,2025-10-02T19:55:09.353647,8,600.0,672.0,0.0,False,False,False,False,0,0,0,0,0,0,603,366,"[false, false, false]",0,2,0,Starfield Stage - 1
202,2025-10-02T19:55:09.361603,8,600.0,672.0,0.0,False,False,False,False,0,0,0,0,0,0,603,366,"[false, false, false]",0,2,0,Starfield Stage - 1
203,2025-10-02T19:55:09.370376,8,600.0,672.0,0.0,False,False,False,False,0,0,0,0,0,0,603,366,"[false, false, false]",0,2,0,Starfield Stage - 1
204,2025-10-02T19:55:09.378843,9,600.0,672.0,0.0,False,False,False,False,0,0,0,0,0,0,603,366,"[false, false, false]",0,2,0,Starfield Stage - 1
205,2025-10-02T19:55:09.387017,8,600.0,672.0,0.0,False,False,False,False,0,0,0,0,0,0,603,366,"[false, false, false]",0,2,0,Starfield Stage - 1
206,2025-10-02T19:55:09.395569,8,600.0,672.0,0.0,False,False,False,False,0,0,0,0,0,0,603,366,"[false, false, false]",0,2,0,Starfield Stage - 1
207,2025-10-02T19:55:09.403334,8,600.0,672.0,0.0,False,False,False,False,0,0,0,0,0,0,603,366,"[false, false, false]",0,2,0,Starfield Stage - 1
208,2025-10-02T19:55:09.412300,9,600.0,672.0,0.0,False,False,False,False,0,0,0,0,0,0,603,366,"[false, false, false]",0,2,0,Starfield Stage - 1
209,2025-10-02T19:55:09.421003,9,600.0,672.0,0.0,False,False,False,False,0,0,0,0,0,0,603,366,"[false, false, false]",0,2,0,Starfield Stage - 1
210,2025-10-02T19:55:09.430759,9,600.0,672.0,0.0,False,False,False,False,0,0,0,0,0,0,603,366,"[false, false, false]",0,2,0,Starfield Stage - 1
211,2025-10-02T19:55:09.438001,8,600.0,672.0,0.0,False,False,False,False,0,0,0,0,0,0,603,366,"[false, false, false]",0,2,0,Starfield Stage - 1
212,2025-10-02T19:55:09.446056,8,600.0,672.0,0.0,False,False,False,False,0,0,0,0,0,0,603,366,"[false, false, false]",0,2,0,Starfield Stage - 1
213,2025-10-02T19:55:09.454603,8,600.0,672.0,0.0,False,False,False,False,0,0,0,0,0,0,603,366,"[false, false, false]",0,2,0,Starfield Stage - 1
214,2025-10-02T19:55:09.462232,8,600.0,672.0,0.0,False,False,False,False,0,0,0,0,0,0,603,366,"[false, false, false]",0,2,0,Starfield Stage - 1
215,2025-10-02T19:55:09.470977,9,600.0,672.0,0.0,False,False,False,False,0,0,0,0,0,0,603,366,"[false, false, false]",0,2,0,Starfield Stage - 1
216,2025-10-02T19:55:09.480059,9,600.0,672.0,0.0,False,False,False,False,0,0,0,0,0,0,603,366,"[false, false, false]",0,2,0,Starfield Stage - 1
217,2025-10-02T19:55:09.489068,9,600.0,672.0,0.0,False,False,False,False,0,0,0,0,0,0,603,366,"[false, false, false]",0,2,0,Starfield Stage - 1
218,2025-10-02T19:55:09.498154,9,600.0,672.0,0.0,False,False,False,False,0,0,0,0,0,0,603,366,"[false, false, false]",0,2,0,Starfield Stage - 1
219,2025-10-02T19:55:09.506426,8,600.0,672.0,0.0,False,False,False,False,0,0,0,0,0,0,603,366,"[false, false, false]",0,2,0,Starfield Stage - 1
220,2025-10-02T19:55:09.513756,8,600.0,672.0,0.0,False,False,False,False,0,0,0,0,0,0,603,366,"[false, false, false]",0,2,0,Starfield Stage - 1
221,2025-10-02T19:55:09.522295,8,600.0,672.0,0.0,False,False,False,False,0,0,0,0,0,0,603,366,"[false, false, false]",0,2,0,Starfield Stage - 1
222,2025-10-02T19:55:09.530783,9,600.0,672.0,0.0,False,False,False,False,0,0,0,0,0,0,603,366,"[false, false, false]",0,2,0,Starfield Stage - 1
223,2025-10-02T19:55:09.539408,8,600.0,672.0,0.0,False,False,False,False,0,0,0,0,0,0,603,366,"[false, false, false]",0,2,0,Starfield Stage - 1
224,2025-10-02T19:55:09.547040,8,600.0,672.0,0.0,False,False,False,False,0,0,0,0,0,0,603,366,"[false, false, false]",0,2,0,Starfield Stage - 1
225,2025-10-02T19:55:09.556131,9,600.0,672.0,0.0,False,False,False,False,0,0,0,0,0,0,603,366,"[false, false, false]",0,2,0,Starfield Stage - 1
226,2025-10-02T19:55:09.565438,9,600.0,672.0,0.0,False,False,False,False,0,0,0,0,0,0,603,366,"[false, false, false]",0,2,0,Starfield Stage - 1
227,2025-10-02T19:55:09.572295,8,600.0,672.0,0.0,False,False,False,False,0,0,0,0,0,0,603,366,"[false, false, false]",0,2,0,Starfield Stage - 1
228,2025-10-02T19:55:09.582489,9,600.0,672.0,0.0,False,False,False,False,0,0,0,0,0,0,603,366,"[false, false, false]",0,2,0,Starfield Stage - 1
229,2025-10-02T19:55:09.589994,8,600.0,672.0,0.0,False,False,False,False,0,0,0,0,0,0,603,366,"[false, false, false]",0,2,0,Starfield Stage - 1
230,2025-10-02T19:55:09.597972,8,600.0,672.0,0.0,False,False,False,False,0,0,0,0,0,0,603,366,"[false, false, false]",0,2,0,Starfield Stage - 1
231,2025-10-02T19:55:09.606727,8,600.0,672.0,0.0,False,False,False,False,0,0,0,0,0,0,603,366,"[false, false, false]",0,2,0,Starfield Stage - 1
232,2025-10-02T19:55:09.613831,8,600.0,672.0,0.0,False,False,False,False,0,0,0,0,0,0,603,366,"[false, false, false]",0,2,0,Starfield Stage - 1
233,2025-10-02T19:55:09.622413,9,600.0,672.0,0.0,False,False,False,False,0,0,0,0,0,0,603,366,"[false, false, false]",0,2,0,Starfield Stage - 1
234,2025-10-02T19:55:09.631192,8,600.0,672.0,0.0,False,False,False,False,0,0,0,0,0,0,603,366,"[false, false, false]",0,2,0,Starfield Stage - 1
235,2025-10-02T19:55:09.639861,9,600.0,672.0,0.0,False,False,False,False,0,0,0,0,0,0,603,366,"[false, false, false]",0,2,0,Starfield Stage - 1
236,2025-10-02T19:55:09.648420,8,600.0,672.0,0.0,False,False,False,False,0,0,0,0,0,0,603,366,"[false, false, false]",0,2,0,Starfield Stage - 1
237,2025-10-02T19:55:09.656010,8,600.0,672.0,0.0,False,False,False,False,0,0,0,0,0,0,603,366,"[false, false, false]",0,2,0,Starfield Stage - 1
238,2025-10-02T19:55:09.664012,8,600.0,672.0,0.0,False,False,False,False,0,0,0,0,0,0,603,366,"[false, false, false]",0,2,0,Starfield Stage - 1
239,2025-10-02T19:55:09.673646,9,600.0,672.0,0.0,False,False,False,False,0,0,0,0,0,0,603,366,"[false, false, false]",0,2,0,Starfield Stage - 1
240,2025-10-02T19:55:09.680792,8,600.0,672.0,0.0,False,False,False,False,0,0,0,0,0,0,603,366,"[false, false, false]",0,2,0,Starfield Stage - 1
241,2025-10-02T19:55:09.688731,8,600.0,672.0,0.0,False,False,False,False,0,0,0,0,0,0,603,366,"[false, false, false]",0,2,0,Starfield Stage - 1
242,2025-10-02T19:55:09.697673,8,600.0,672.0,0.0,False,False,False,False,0,0,0,0,0,0,603,366,"[false, false, false]",0,2,0,Starfield Stage - 1
243,2025-10-02T19:55:09.705224,8,600.0,672.0,0.0,False,False,False,False,0,0,0,0,0,0,603,366,"[false, false, false]",0,2,0,Starfield Stage - 1
244,2025-10-02T19:55:09.713578,9,600.0,672.0,0.0,False,False,False,False,0,0,0,0,0,0,603,366,"[false, false, false]",0,2,0,Starfield Stage - 1
245,2025-10-02T19:55:09.722062,8,600.0,672.0,0.0,False,False,False,False,0,0,0,0,0,0,603,366,"[false, false, false]",0,2,0,Starfield Stage - 1
246,2025-10-02T19:55:09.730877,9,600.0,672.0,0.0,False,False,False,False,0,0,0,0,0,0,603,366,"[false, false, false]",0,2,0,Starfield Stage - 1
247,2025-10-02T19:55:09.740310,9,600.0,672.0,0.0,False,False,False,False,0,0,0,0,0,0,603,366,"[false, false, false]",0,2,0,Starfield Stage - 1
248,2025-10-02T19:55:09.749045,9,600.0,672.0,0.0,False,False,False,False,0,0,0,0,0,0,603,366,"[false, false, false]",0,2,0,Starfield Stage - 1
249,2025-10-02T19:55:09.758362,9,600.0,672.0,0.0,False,False,False,False,0,0,0,0,0,0,603,366,"[false, false, false]",0,2,0,Starfield Stage - 1
250,2025-10-02T19:55:09.766847,9,600.0,672.0,0.0,False,False,False,False,0,0,0,0,0,0,603,366,"[false, false, false]",0,2,0,Starfield Stage - 1
251,2025-10-02T19:55:09.775090,8,600.0,672.0,0.0,False,False,False,False,0,0,0,0,0,0,603,366,"[false, false, false]",0,2,0,Starfield Stage - 1
252,2025-10-02T19:55:09.783882,9,600.0,672.0,0.0,False,False,False,False,0,0,0,0,0,0,603,366,"[false, false, false]",0,2,0,Starfield Stage - 1
253,2025-10-02T19:55:09.792661,9,600.0,672.0,0.0,False,False,False,False,0,0,0,0,0,0,603,366,"[false, false, false]",0,2,0,Starfield Stage - 1
254,2025-10-02T19:55:09.801004,8,600.0,672.0,0.0,False,False,False,False,0,0,0,0,0,0,603,366,"[false, false, false]",0,2,0,Starfield Stage - 1
255,2025-10-02T19:55:09.809873,9,600.0,672.0,0.0,False,False,False,False,0,0,0,0,0,0,603,366,"[false, false, false]",0,2,0,Starfield Stage - 1
256,2025-10-02T19:55:09.818435,8,600.0,672.0,0.0,False,False,False,False,0,0,0,0,0,0,603,366,"[false, false, false]",0,2,0,Starfield Stage - 1
257,2025-10-02T19:55:09.826018,8,600.0,672.0,0.0,False,False,False,False,0,0,0,0,0,0,603,366,"[false, false, false]",0,2,0,Starfield Stage - 1
258,2025-10-02T19:55:09.834235,8,600.0,672.0,0.0,False,False,False,False,0,0,0,0,0,0,603,366,"[false, false, false]",0,2,0,Starfield Stage - 1
259,2025-10-02T19:55:09.844296,9,600.0,672.0,0.0,False,False,False,False,0,0,0,0,0,0,603,366,"[false, false, false]",0,2,0,Starfield Stage - 1
260,2025-10-02T19:55:09.852093,9,600.0,672.0,0.0,False,False,False,False,0,0,0,0,0,0,603,366,"[false, false, false]",0,2,0,Starfield Stage - 1
261,2025-10-02T19:55:09.861267,9,600.0,672.0,0.0,False,False,False,False,0,0,0,0,0,0,603,366,"[false, false, false]",0,2,0,Starfield Stage - 1
262,2025-10-02T19:55:09.870125,9,600.0,672.0,0.0,False,False,False,False,0,0,0,0,0,0,603,366,"[false, false, false]",0,2,0,Starfield Stage - 1
263,2025-10-02T19:55:09.879515,9,600.0,672.0,0.0,False,False,False,False,0,0,0,0,0,0,603,366,"[false, false, false]",0,2,0,Starfield Stage - 1
264,2025-10-02T19:55:09.887181,8,600.0,672.0,0.0,False,False,False,False,0,0,0,0,0,0,603,366,"[false, false, false]",0,2,0,Starfield Stage - 1
265,2025-10-02T19:55:09.895282,8,600.0,672.0,0.0,False,False,False,False,0,0,0,0,0,0,603,366,"[false, false, false]",0,2,0,Starfield Stage - 1
266,2025-10-02T19:55:09.904541,9,600.0,672.0,0.0,False,False,False,False,0,0,0,0,0,0,603,366,"[false, false, false]",0,2,0,Starfield Stage - 1
267,2025-10-02T19:55:09.911671,8,600.0,672.0,0.0,False,False,False,False,0,0,0,0,0,0,603,366,"[false, false, false]",0,2,0,Starfield Stage - 1
268,2025-10-02T19:55:09.920088,8,600.0,672.0,0.0,False,False,False,False,0,0,0,0,0,0,603,366,"[false, false, false]",0,2,0,Starfield Stage - 1
269,2025-10-02T19:55:09.929227,9,600.0,672.0,0.0,False,False,False,False,0,0,0,0,0,0,603,366,"[false, false, false]",0,2,0,Starfield Stage - 1
270,2025-10-02T19:55:09.937810,9,600.0,672.0,0.0,False,False,False,False,0,0,0,0,0,0,603,366,"[false, false, false]",0,2,0,Starfield Stage - 1
271,2025-10-02T19:55:09.946765,8,600.0,672.0,0.0,False,False,False,False,0,0,0,0,0,0,603,366,"[false, false, false]",0,2,0,Starfield Stage - 1
272,2025-10-02T19:55:09.954706,9,600.0,672.0,0.0,False,False,False,False,0,0,0,0,0,0,603,366,"[false, false, false]",0,2,0,Starfield Stage - 1
273,2025-10-02T19:55:09.963275,8,600.0,672.0,0.0,False,False,False,False,0,0,0,0,0,0,603,366,"[false, false, false]",0,2,0,Starfield Stage - 1
274,2025-10-02T19:55:09.971968,9,600.0,672.0,0.0,False,False,False,False,0,0,0,0,0,0,603,366,"[false, false, false]",0,2,0,Starfield Stage - 1
275,2025-10-02T19:55:09.981045,9,600.0,672.0,0.0,False,False,False,False,0,0,0,0,0,0,603,366,"[false, false, false]",0,2,0,Starfield Stage - 1
276,2025-10-02T19:55:09.989852,9,600.0,672.0,0.0,False,False,False,False,0,0,0,0,0,0,603,366,"[false, false, false]",0,2,0,Starfield Stage - 1
277,2025-10-02T19:55:09.998781,9,600.0,672.0,0.0,False,False,False,False,0,0,0,0,0,0,603,366,"[false, false, false]",0,2,0,Starfield Stage - 1
278,2025-10-02T19:55:10.007443,8,600.0,672.0,0.0,False,False,False,False,0,0,0,0,0,0,603,366,"[false, false, false]",0,2,0,Starfield Stage - 1
279,2025-10-02T19:55:10.014680,8,600.0,672.0,0.0,False,False,False,False,0,0,0,0,0,0,603,366,"[false, false, false]",0,2,0,Starfield Stage - 1
280,2025-10-02T19:55:10.022595,8,600.0,672.0,0.0,False,False,False,False,0,0,0,0,0,0,603,366,"[false, false, false]",0,2,0,Starfield Stage - 1
281,2025-10-02T19:55:10.031176,8,600.0,672.0,0.0,False,False,False,False,0,0,0,0,0,0,603,366,"[false, false, false]",0,2,0,Starfield Stage - 1
282,2025-10-02T19:55:10.040258,9,600.0,672.0,0.0,False,False,False,False,0,0,0,0,0,0,603,366,"[false, false, false]",0,2,0,Starfield Stage - 1
283,2025-10-02T19:55:10.049571,10,600.0,672.0,0.0,False,False,False,False,0,0,0,0,0,0,603,366,"[false, false, false]",0,2,0,Starfield Stage - 1
284,2025-10-02T19:55:10.058693,8,600.0,672.0,0.0,False,False,False,False,0,0,0,0,0,0,603,366,"[false, false, false]",0,2,0,Starfield Stage - 1
285,2025-10-02T19:55:10.067314,9,600.0,672.0,0.0,False,False,False,False,0,0,0,0,0,0,603,366,"[false, false, false]",0,2,0,Starfield Stage - 1
286,2025-10-02T19:55:10.075646,9,600.0,672.0,0.0,False,False,False,False,0,0,0,0,0,0,603,366,"[false, false, false]",0,2,0,Starfield Stage - 1
287,2025-10-02T19:55:10.084243,8,600.0,672.0,0.0,False,False,False,False,0,0,0,0,0,0,603,366,"[false, false, false]",0,2,0,Starfield Stage - 1
288,2025-10-02T19:55:10.093252,9,600.0,672.0,0.0,False,False,False,False,0,0,0,0,0,0,603,366,"[false, false, false]",0,2,0,Starfield Stage - 1
289,2025-10-02T19:55:10.102308,9,600.0,672.0,0.0,False,False,False,False,0,0,0,0,0,0,603,366,"[false, false, false]",0,2,0,Starfield Stage - 1
290,2025-10-02T19:55:10.111089,9,600.0,672.0,0.0,False,False,False,False,0,0,0,0,0,0,603,366,"[false, false, false]",0,2,0,Starfield Stage - 1
291,2025-10-02T19:55:10.119647,9,600.0,672.0,0.0,False,False,False,False,0,0,0,0,0,0,603,366,"[false, false, false]",0,2,0,Starfield Stage - 1
292,2025-10-02T19:55:10.128224,8,600.0,672.0,0.0,False,False,False,False,0,0,0,0,0,0,603,366,"[false, false, false]",0,2,0,Starfield Stage - 1
293,2025-10-02T19:55:10.135928,8,600.0,672.0,0.0,False,False,False,False,0,0,0,0,0,0,603,366,"[false, false, false]",0,2,0,Starfield Stage - 1
294,2025-10-02T19:55:10.144821,9,600.0,672.0,0.0,False,False,False,False,0,0,0,0,0,0,603,366,"[false, false, false]",0,2,0,Starfield Stage - 1
295,2025-10-02T19:55:10.153033,8,600.0,672.0,0.0,False,False,False,False,0,0,0,0,0,0,603,366,"[false, false, false]",0,2,0,Starfield Stage - 1
296,2025-10-02T19:55:10.161809,9,600.0,672.0,0.0,False,False,False,False,0,0,0,0,0,0,603,366,"[false, false, false]",0,2,0,Starfield Stage - 1
297,2025-10-02T19:55:10.170437,8,600.0,672.0,0.0,False,False,False,False,0,0,0,0,0,0,603,366,"[false, false, false]",0,2,0,Starfield Stage - 1
298,2025-10-02T19:55:10.178109,8,600.0,672.0,0.0,False,False,False,False,0,0,0,0,0,0,603,366,"[false, false, false]",0,2,0,Starfield Stage - 1
299,2025-10-02T19:55:10.187145,8,600.0,672.0,0.0,False,False,False,False,0,0,0,0,0,0,603,366,"[false, false, false]",0,2,0,Starfield Stage - 1
300,2025-10-02T19:55:10.195431,9,600.0,672.0,0.0,False,False,False,False,0,0,0,0,0,0,603,366,"[false, false, false]",0,2,0,Starfield Stage - 1
301,2025-10-02T19:55:10.203188,8,600.0,672.0,0.0,False,False,False,False,0,0,0,0,0,0,603,366,"[false, false, false]",0,2,0,Starfield Stage - 1
302,2025-10-02T19:55:10.212529,9,600.0,672.0,0.0,False,False,False,False,0,0,0,0,0,0,603,366,"[false, false, false]",0,2,0,Starfield Stage - 1
303,2025-10-02T19:55:10.219930,8,600.0,672.0,0.0,False,False,False,False,0,0,0,0,0,0,603,366,"[false, false, false]",0,2,0,Starfield Stage - 1
304,2025-10-02T19:55:10.228916,9,600.0,672.0,0.0,False,False,False,False,0,0,0,0,0,0,603,366,"[false, false, false]",0,2,0,Starfield Stage - 1
305,2025-10-02T19:55:10.238270,9,600.0,672.0,0.0,False,False,False,False,0,0,0,0,0,0,603,366,"[false, false, false]",0,2,0,Starfield Stage - 1
306,2025-10-02T19:55:10.246257,8,600.0,672.0,0.0,False,False,False,False,0,0,0,0,0,0,603,366,"[false, false, false]",0,2,0,Starfield Stage - 1
307,2025-10-02T19:55:10.255196,9,600.0,672.0,0.0,False,False,False,False,0,0,0,0,0,0,603,366,"[false, false, false]",0,2,0,Starfield Stage - 1
308,2025-10-02T19:55:10.263720,9,600.0,672.0,0.0,False,False,False,False,0,0,0,0,0,0,603,366,"[false, false, false]",0,2,0,Starfield Stage - 1
309,2025-10-02T19:55:10.272055,8,600.0,672.0,0.0,False,False,False,False,0,0,0,0,0,0,603,366,"[false, false, false]",0,2,0,Starfield Stage - 1
310,2025-10-02T19:55:10.281093,9,600.0,672.0,0.0,False,False,False,False,0,0,0,0,0,0,603,366,"[false, false, false]",0,2,0,Starfield Stage - 1
311,2025-10-02T19:55:10.290755,9,600.0,672.0,0.0,False,False,False,False,0,0,0,0,0,0,603,366,"[false, false, false]",0,2,0,Starfield Stage - 1
312,2025-10-02T19:55:10.298234,8,600.0,672.0,0.0,False,False,False,False,0,0,0,0,0,0,603,366,"[false, false, false]",0,2,0,Starfield Stage - 1
313,2025-10-02T19:55:10.306889,9,600.0,672.0,0.0,False,False,False,False,0,0,0,0,0,0,603,366,"[false, false, false]",0,2,0,Starfield Stage - 1
314,2025-10-02T19:55:10.315029,8,600.0,672.0,0.0,False,False,False,False,0,0,0,0,0,0,603,366,"[false, false, false]",0,2,0,Starfield Stage - 1
315,2025-10-02T19:55:10.323148,8,600.0,672.0,0.0,False,False,False,False,0,0,0,0,0,0,603,366,"[false, false, false]",0,2,0,Starfield Stage - 1
316,2025-10-02T19:55:10.332066,9,600.0,672.0,0.0,False,False,False,False,0,0,0,0,0,0,603,366,"[false, false, false]",0,2,0,Starfield Stage - 1
317,2025-10-02T19:55:10.341564,9,600.0,672.0,0.0,False,False,False,False,0,0,0,0,0,0,603,366,"[false, false, false]",0,2,0,Starfield Stage - 1
318,2025-10-02T19:55:10.349702,9,600.0,672.0,0.0,False,False,False,False,0,0,0,0,0,0,603,366,"[false, false, false]",0,2,0,Starfield Stage - 1
319,2025-10-02T19:55:10.358177,8,600.0,672.0,0.0,False,False,False,False,0,0,0,0,0,0,603,366,"[false, false, false]",0,2,0,Starfield Stage - 1
320,2025-10-02T19:55:10.366515,9,600.0,672.0,0.0,False,False,False,False,0,0,0,0,0,0,603,366,"[false, false, false]",0,2,0,Starfield Stage - 1
321,2025-10-02T19:55:10.375144,8,600.0,672.0,0.0,False,False,False,False,0,0,0,0,0,0,603,366,"[false, false, false]",0,2,0,Starfield Stage - 1
322,2025-10-02T19:55:10.383912,9,600.0,672.0,0.0,False,False,False,False,0,0,0,0,0,0,603,366,"[false, false, false]",0,2,0,Starfield Stage - 1
323,2025-10-02T19:55:10.392867,9,600.0,672.0,0.0,False,False,False,False,0,0,0,0,0,0,603,366,"[false, false, false]",0,2,0,Starfield Stage - 1
324,2025-10-02T19:55:10.402245,9,600.0,672.0,0.0,False,False,False,False,0,0,0,0,0,0,603,366,"[false, false, false]",0,2,0,Starfield Stage - 1
325,2025-10-02T19:55:10.410991,9,600.0,672.0,0.0,False,False,False,False,0,0,0,0,0,0,603,366,"[false, false, false]",0,2,0,Starfield Stage - 1
326,2025-10-02T19:55:10.419910,9,600.0,672.0,0.0,False,False,False,False,0,0,0,0,0,0,603,366,"[false, false, false]",0,2,0,Starfield Stage - 1
327,2025-10-02T19:55:10.427803,8,600.0,672.0,0.0,False,False,False,False,0,0,0,0,0,0,603,366,"[false, false, false]",0,2,0,Starfield Stage - 1
328,2025-10-02T19:55:10.436271,8,600.0,672.0,0.0,False,False,False,False,0,0,0,0,0,0,603,367,"[false, false, false]",0,2,0,Starfield Stage - 1
329,2025-10-02T19:55:10.445147,9,600.0,672.0,0.0,False,False,False,False,0,0,0,0,0,0,602,369,"[false, false, false]",0,2,0,Starfield Stage - 1
330,2025-10-02T19:55:10.453910,9,600.0,672.0,0.0,False,False,False,False,0,0,0,0,0,0,601,373,"[false, false, false]",0,2,0,Starfield Stage - 1
331,2025-10-02T19:55:10.462417,8,600.0,672.0,0.0,False,False,False,False,0,0,0,0,0,0,600,378,"[false, false, false]",0,2,0,Starfield Stage - 1
332,2025-10-02T19:55:10.469742,8,600.0,672.0,0.0,False,False,False,False,0,0,0,0,0,0,599,383,"[false, false, false]",0,2,0,Starfield Stage - 1
333,2025-10-02T19:55:10.478361,8,600.0,672.0,0.0,False,False,False,False,0,0,0,0,0,0,598,389,"[false, false, false]",0,2,0,Starfield Stage - 1
334,2025-10-02T19:55:10.487119,9,600.0,672.0,0.0,False,False,False,False,0,0,0,0,0,0,597,394,"[false, false, false]",0,2,0,Starfield Stage - 1
335,2025-10-02T19:55:10.496323,9,600.0,672.0,0.0,False,False,False,False,0,0,0,0,0,0,596,400,"[false, false, false]",0,2,0,Starfield Stage - 1
336,2025-10-02T19:55:10.505145,9,600.0,672.0,0.0,False,False,False,False,0,0,0,0,0,0,596,405,"[false, false, false]",0,2,0,Starfield Stage - 1
337,2025-10-02T19:55:10.514198,9,600.0,672.0,0.0,False,False,False,False,0,0,0,0,0,0,594,416,"[false, false, false]",0,2,0,Starfield Stage - 1
338,2025-10-02T19:55:10.523448,9,600.0,672.0,0.0,False,False,False,False,0,0,0,0,0,0,594,421,"[false, false, false]",0,2,0,Starfield Stage - 1
339,2025-10-02T19:55:10.530878,8,600.0,672.0,0.0,False,False,False,False,0,0,0,0,0,0,593,425,"[false, false, false]",0,2,0,Starfield Stage - 1
340,2025-10-02T19:55:10.540167,9,600.0,672.0,0.0,False,False,False,False,0,0,0,0,0,0,593,428,"[false, false, false]",0,2,0,Starfield Stage - 1
341,2025-10-02T19:55:10.548568,9,600.0,672.0,0.0,False,False,False,False,0,0,0,0,0,0,593,431,"[false, false, false]",0,2,0,Starfield Stage - 1
342,2025-10-02T19:55:10.556994,8,600.0,672.0,0.0,False,False,False,False,0,0,0,0,0,0,593,433,"[false, false, false]",0,2,0,Starfield Stage - 1
343,2025-10-02T19:55:10.565628,8,600.0,672.0,0.0,False,False,False,False,0,0,0,0,0,0,593,434,"[false, false, false]",0,2,0,Starfield Stage - 1
344,2025-10-02T19:55:10.572728,8,600.0,672.0,0.0,False,False,False,False,0,0,0,0,0,0,593,435,"[false, false, false]",0,2,0,Starfield Stage - 1
345,2025-10-02T19:55:10.581184,8,600.0,672.0,0.0,False,False,False,False,0,0,0,0,0,0,593,435,"[false, false, false]",0,2,0,Starfield Stage - 1
346,2025-10-02T19:55:10.590049,9,600.0,672.0,0.0,False,False,False,False,0,0,0,0,0,0,593,436,"[false, false, false]",0,2,0,Starfield Stage - 1
347,2025-10-02T19:55:10.599130,8,600.0,672.0,0.0,False,False,False,False,0,0,0,0,0,0,593,436,"[false, false, false]",0,2,0,Starfield Stage - 1
348,2025-10-02T19:55:10.607441,9,600.0,672.0,0.0,False,False,False,False,0,0,0,0,0,0,593,436,"[false, false, false]",0,2,0,Starfield Stage - 1
349,2025-10-02T19:55:10.614695,8,600.0,672.0,0.0,False,False,False,False,0,0,0,0,0,0,593,436,"[false, false, false]",0,2,0,Starfield Stage - 1
350,2025-10-02T19:55:10.623325,8,600.0,672.0,0.0,False,False,False,False,0,0,0,0,0,0,593,436,"[false, false, false]",0,2,0,Starfield Stage - 1
351,2025-10-02T19:55:10.631757,9,600.0,672.0,0.0,False,False,False,False,0,0,0,0,0,0,593,436,"[false, false, false]",0,2,0,Starfield Stage - 1
352,2025-10-02T19:55:10.640756,9,600.0,672.0,0.0,False,False,False,False,0,0,0,0,0,0,593,436,"[false, false, false]",0,2,0,Starfield Stage - 1
353,2025-10-02T19:55:10.650025,9,600.0,672.0,0.0,False,False,False,False,0,0,0,0,0,0,593,436,"[false, false, false]",0,2,0,Starfield Stage - 1
354,2025-10-02T19:55:10.658750,9,600.0,672.0,0.0,False,False,False,False,0,0,0,0,0,0,593,436,"[false, false, false]",0,2,0,Starfield Stage - 1
355,2025-10-02T19:55:10.667430,8,600.0,672.0,0.0,False,False,False,False,0,0,0,0,0,0,593,436,"[false, false, false]",0,2,0,Starfield Stage - 1
356,2025-10-02T19:55:10.675154,8,600.0,672.0,0.0,False,False,False,False,0,0,0,0,0,0,593,436,"[false, false, false]",0,2,0,Starfield Stage - 1
357,2025-10-02T19:55:10.683258,8,600.0,672.0,0.0,False,False,False,False,0,0,0,0,0,0,593,436,"[false, false, false]",0,2,0,Starfield Stage - 1
358,2025-10-02T19:55:10.692314,9,600.0,672.0,0.0,False,False,False,False,0,0,0,0,0,0,593,436,"[false, false, false]",0,2,0,Starfield Stage - 1
359,2025-10-02T19:55:10.700867,9,600.0,672.0,0.0,False,False,False,False,0,0,0,0,0,0,593,436,"[false, false, false]",0,2,0,Starfield Stage - 1
360,2025-10-02T19:55:10.710210,9,600.0,672.0,0.0,False,False,False,False,0,0,0,0,0,0,593,436,"[false, false, false]",0,2,0,Starfield Stage - 1
361,2025-10-02T19:55:10.718647,9,600.0,672.0,0.0,False,False,False,False,0,0,0,0,0,0,593,436,"[false, false, false]",0,2,0,Starfield Stage - 1
362,2025-10-02T19:55:10.727258,8,600.0,672.0,0.0,False,False,False,False,0,0,0,0,0,0,593,436,"[false, false, false]",0,2,0,Starfield Stage - 1
363,2025-10-02T19:55:10.735956,9,600.0,672.0,0.0,False,False,False,False,0,0,0,0,0,0,593,436,"[false, false, false]",0,2,0,Starfield Stage - 1
364,2025-10-02T19:55:10.744207,8,600.0,672.0,0.0,False,False,False,False,0,0,0,0,0,0,593,436,"[false, false, false]",0,2,0,Starfield Stage - 1
365,2025-10-02T19:55:10.752825,8,600.0,672.0,0.0,False,False,False,False,0,0,0,0,0,0,593,436,"[false, false, false]",0,2,0,Starfield Stage - 1
366,2025-10-02T19:55:10.760195,8,600.0,672.0,0.0,False,False,False,False,0,0,0,0,0,0,593,436,"[false, false, false]",0,2,0,Starfield Stage - 1
367,2025-10-02T19:55:10.768294,8,600.0,672.0,0.0,False,False,False,False,0,0,0,0,0,0,593,436,"[false, false, false]",0,2,0,Starfield Stage - 1
368,2025-10-02T19:55:10.777347,9,600.0,672.0,0.0,False,False,False,False,0,0,0,0,0,0,593,436,"[false, false, false]",0,2,0,Starfield Stage - 1
369,2025-10-02T19:55:10.786126,9,600.0,672.0,0.0,False,False,False,False,0,0,0,0,0,0,593,436,"[true, false, false]",0,2,0,Starfield Stage - 1
370,2025-10-02T19:55:10.794939,9,600.0,672.0,0.0,False,False,False,False,0,0,0,0,0,0,593,436,"[true, false, false]",0,2,0,Starfield Stage - 1
371,2025-10-02T19:55:10.803758,9,600.0,672.0,0.0,False,False,False,False,0,0,0,0,0,0,593,436,"[true, false, false]",0,2,0,Starfield Stage - 1
372,2025-10-02T19:55:10.811980,8,600.0,672.0,0.0,False,False,False,False,0,0,0,0,0,0,593,436,"[true, false, false]",0,2,0,Starfield Stage - 1
373,2025-10-02T19:55:10.820970,9,600.0,672.0,0.0,False,False,False,False,0,0,0,0,0,0,593,436,"[true, false, false]",0,2,0,Starfield Stage - 1
374,2025-10-02T19:55:10.830651,9,600.0,672.0,0.0,False,False,False,False,0,0,0,0,0,0,593,436,"[true, false, false]",0,2,0,Starfield Stage - 1
375,2025-10-02T19:55:10.838816,8,600.0,672.0,0.0,False,False,False,False,0,0,0,0,0,0,593,436,"[true, false, false]",0,2,0,Starfield Stage - 1
376,2025-10-02T19:55:10.846487,8,600.0,672.0,0.0,False,False,False,False,0,0,0,0,0,0,593,436,"[false, false, false]",0,2,0,Starfield Stage - 1
377,2025-10-02T19:55:10.854583,8,600.0,672.0,0.0,False,False,False,False,0,0,0,0,0,0,593,436,"[false, false, false]",0,2,0,Starfield Stage - 1
378,2025-10-02T19:55:10.862435,8,600.0,672.0,0.0,False,False,False,False,0,0,0,0,0,0,593,436,"[false, false, false]",0,2,0,Starfield Stage - 1
379,2025-10-02T19:55:10.870062,8,600.0,672.0,0.0,False,False,False,False,0,0,0,0,0,0,593,436,"[false, false, false]",0,2,0,Starfield Stage - 1
380,2025-10-02T19:55:10.878882,8,600.0,672.0,0.0,False,False,False,False,0,0,0,0,0,0,593,436,"[false, false, false]",0,2,0,Starfield Stage - 1
381,2025-10-02T19:55:10.886711,8,600.0,672.0,0.0,False,False,False,False,0,0,0,0,0,0,593,436,"[false, false, false]",0,2,0,Starfield Stage - 1
382,2025-10-02T19:55:10.894319,8,600.0,672.0,0.0,False,False,False,False,0,0,0,0,0,0,593,436,"[false, false, false]",0,2,0,Starfield Stage - 1
383,2025-10-02T19:55:10.903616,9,600.0,672.0,0.0,False,False,False,False,0,0,0,0,0,0,593,436,"[false, false, false]",0,2,0,Starfield Stage - 1
384,2025-10-02T19:55:10.911348,8,600.0,672.0,0.0,False,False,False,False,0,0,0,0,0,0,593,436,"[false, false, false]",0,2,0,Starfield Stage - 1
385,2025-10-02T19:55:10.920521,9,600.0,672.0,0.0,False,False,False,False,0,0,0,0,0,0,593,436,"[false, false, false]",0,2,0,Starfield Stage - 1
386,2025-10-02T19:55:10.928873,8,600.0,672.0,0.0,False,False,False,False,0,0,0,0,0,0,593,436,"[false, false, false]",0,2,0,Starfield Stage - 1
387,2025-10-02T19:55:10.937077,9,600.0,672.0,0.0,False,False,False,False,0,0,0,0,0,0,593,436,"[false, false, false]",0,2,0,Starfield Stage - 1
388,2025-10-02T19:55:10.946682,9,600.0,672.0,0.0,False,False,False,False,0,0,0,0,0,0,593,436,"[false, false, false]",0,2,0,Starfield Stage - 1
389,2025-10-02T19:55:10.954248,8,600.0,672.0,0.0,False,False,False,False,0,0,0,0,0,0,593,436,"[false, false, false]",0,2,0,Starfield Stage - 1
390,2025-10-02T19:55:10.963237,9,600.0,672.0,0.0,False,False,False,False,0,0,0,0,0,0,593,436,"[false, false, false]",0,2,0,Starfield Stage - 1
391,2025-10-02T19:55:10.972206,9,600.0,672.0,0.0,False,False,False,False,0,0,0,0,0,0,593,436,"[false, false, false]",0,2,0,Starfield Stage - 1
392,2025-10-02T19:55:10.980899,9,600.0,672.0,0.0,False,False,False,False,0,0,0,0,0,0,593,436,"[false, false, false]",0,2,0,Starfield Stage - 1
393,2025-10-02T19:55:10.990009,9,600.0,672.0,0.0,False,False,False,False,0,0,0,0,0,0,593,436,"[false, false, false]",0,2,0,Starfield Stage - 1
394,2025-10-02T19:55:10.998220,8,600.0,672.0,0.0,False,False,False,False,0,0,0,0,0,0,593,436,"[false, false, false]",0,2,0,Starfield Stage - 1
395,2025-10-02T19:55:11.007360,9,600.0,672.0,0.0,False,False,False,False,0,0,0,0,0,0,593,436,"[false, false, false]",0,2,0,Starfield Stage - 1
396,2025-10-02T19:55:11.015836,9,600.0,672.0,0.0,False,False,False,False,0,0,0,0,0,0,593,436,"[false, false, false]",0,2,0,Starfield Stage - 1
397,2025-10-02T19:55:11.025460,9,600.0,672.0,0.0,False,False,False,False,0,0,0,0,0,0,593,436,"[false, false, false]",0,2,0,Starfield Stage - 1
398,2025-10-02T19:55:11.033175,8,600.0,672.0,0.0,False,False,False,False,0,0,0,0,0,0,593,436,"[false, false, false]",0,2,0,Starfield Stage - 1
399,2025-10-02T19:55:11.042988,9,600.0,672.0,0.0,False,False,False,False,0,0,0,0,0,0,593,436,"[false, false, false]",0,2,0,Starfield Stage - 1
400,2025-10-02T19:55:11.050555,8,600.0,672.0,0.0,False,False,False,False,0,0,0,0,0,0,593,436,"[false, false, false]",0,2,0,Starfield Stage - 1
401,2025-10-02T19:55:11.059886,9,600.0,672.0,0.0,False,False,False,False,0,0,0,0,0,0,593,436,"[false, false, false]",0,2,0,Starfield Stage - 1
402,2025-10-02T19:55:11.068238,9,600.0,672.0,0.0,False,False,False,False,0,0,0,0,0,0,593,436,"[false, false, false]",0,2,0,Starfield Stage - 1
403,2025-10-02T19:55:11.077058,9,600.0,672.0,0.0,False,False,False,False,0,0,0,0,0,0,593,436,"[false, false, false]",0,2,0,Starfield Stage - 1
404,2025-10-02T19:55:11.086279,9,600.0,672.0,0.0,False,False,False,False,0,0,0,0,0,0,593,436,"[false, false, false]",0,2,0,Starfield Stage - 1
405,2025-10-02T19:55:11.094922,9,600.0,672.0,0.0,False,False,False,False,0,0,0,0,0,0,593,436,"[false, false, false]",0,2,0,Starfield Stage - 1
406,2025-10-02T19:55:11.103899,8,600.0,672.0,0.0,False,False,False,False,0,0,0,0,0,0,593,436,"[false, false, false]",0,2,0,Starfield Stage - 1
407,2025-10-02T19:55:11.111110,8,600.0,672.0,0.0,False,False,False,False,0,0,0,0,0,0,593,436,"[false, false, false]",0,2,0,Starfield Stage - 1
408,2025-10-02T19:55:11.120335,9,600.0,672.0,0.0,False,False,False,False,0,0,0,0,0,0,593,436,"[false, false, false]",0,2,0,Starfield Stage - 1
409,2025-10-02T19:55:11.129602,10,600.0,672.0,0.0,False,False,False,False,0,0,0,0,0,0,589,434,"[false, false, false]",0,2,0,Starfield Stage - 1
410,2025-10-02T19:55:11.138583,8,600.0,672.0,0.0,False,False,False,False,0,0,0,0,0,0,585,433,"[false, false, false]",0,2,0,Starfield Stage - 1
411,2025-10-02T19:55:11.146569,8,600.0,672.0,0.0,False,False,False,False,0,0,0,0,0,0,581,430,"[false, false, false]",0,2,0,Starfield Stage - 1
412,2025-10-02T19:55:11.153789,8,600.0,672.0,0.0,False,False,False,False,0,0,0,0,0,0,574,427,"[false, false, false]",0,2,0,Starfield Stage - 1
413,2025-10-02T19:55:11.162667,8,600.0,672.0,0.0,False,False,False,False,0,0,0,0,0,0,562,422,"[false, false, false]",0,2,0,Starfield Stage - 1
414,2025-10-02T19:55:11.170374,8,600.0,672.0,0.0,False,False,False,False,0,0,0,0,0,0,549,415,"[false, false, false]",0,2,0,Starfield Stage - 1
415,2025-10-02T19:55:11.178735,9,600.0,672.0,0.0,False,False,False,False,0,0,0,0,0,0,530,405,"[false, false, false]",0,2,0,Starfield Stage - 1
416,2025-10-02T19:55:11.187466,8,600.0,672.0,0.0,False,False,False,False,0,0,0,0,0,0,510,393,"[false, false, false]",0,2,0,Starfield Stage - 1
417,2025-10-02T19:55:11.195617,8,600.0,672.0,0.0,False,False,False,False,0,0,0,0,0,0,485,378,"[false, false, false]",0,2,0,Starfield Stage - 1
418,2025-10-02T19:55:11.202720,8,600.0,672.0,0.0,False,False,False,False,0,0,0,0,0,0,459,362,"[false, false, false]",0,2,0,Starfield Stage - 1
419,2025-10-02T19:55:11.211192,8,600.0,672.0,0.0,False,False,False,False,0,0,0,0,0,0,433,343,"[false, false, false]",0,2,0,Starfield Stage - 1
420,2025-10-02T19:55:11.220445,9,600.0,672.0,0.0,False,False,False,False,0,0,0,0,0,0,405,322,"[false, false, false]",0,2,0,Starfield Stage - 1
421,2025-10-02T19:55:11.228647,8,600.0,672.0,0.0,False,False,False,False,0,0,0,0,0,0,379,302,"[false, false, false]",0,2,0,Starfield Stage - 1
422,2025-10-02T19:55:11.236503,8,600.0,672.0,0.0,False,False,False,False,0,0,0,0,0,0,353,280,"[false, false, false]",0,2,0,Starfield Stage - 1
423,2025-10-02T19:55:11.244519,8,600.0,672.0,0.0,False,False,False,False,0,0,0,0,0,0,326,260,"[false, false, false]",0,2,0,Starfield Stage - 1
424,2025-10-02T19:55:11.252556,8,600.0,672.0,0.0,False,False,False,False,0,0,0,0,0,0,301,242,"[false, false, false]",0,2,0,Starfield Stage - 1
425,2025-10-02T19:55:11.260593,8,600.0,672.0,0.0,False,False,False,False,0,0,0,0,0,0,278,225,"[false, false, false]",0,2,0,Starfield Stage - 1
426,2025-10-02T19:55:11.268765,8,600.0,672.0,0.0,False,False,False,False,0,0,0,0,0,0,256,210,"[false, false, false]",0,2,0,Starfield Stage - 1
427,2025-10-02T19:55:11.276737,9,600.0,672.0,0.0,False,False,False,False,0,0,0,0,0,0,237,194,"[false, false, false]",0,2,0,Starfield Stage - 1
428,2025-10-02T19:55:11.285904,8,600.0,672.0,0.0,False,False,False,False,0,0,0,0,0,0,218,179,"[false, false, false]",0,2,0,Starfield Stage - 1
429,2025-10-02T19:55:11.293284,8,600.0,672.0,0.0,False,False,False,False,0,0,0,0,0,0,201,167,"[false, false, false]",0,2,0,Starfield Stage - 1
430,2025-10-02T19:55:11.302286,9,600.0,672.0,0.0,False,False,False,False,0,0,0,0,0,0,186,154,"[false, false, false]",0,2,0,Starfield Stage - 1
431,2025-10-02T19:55:11.311393,9,600.0,672.0,0.0,False,False,False,False,0,0,0,0,0,0,172,142,"[false, false, false]",0,2,0,Starfield Stage - 1
432,2025-10-02T19:55:11.319087,8,600.0,672.0,0.0,False,False,False,False,0,0,0,0,0,0,160,131,"[false, false, false]",0,2,0,Starfield Stage - 1
433,2025-10-02T19:55:11.327792,8,600.0,672.0,0.0,False,False,False,False,0,0,0,0,0,0,151,122,"[false, false, false]",0,2,0,Starfield Stage - 1
434,2025-10-02T19:55:11.335608,8,600.0,672.0,0.0,False,False,False,False,0,0,0,0,0,0,142,114,"[false, false, false]",0,2,0,Starfield Stage - 1
435,2025-10-02T19:55:11.342893,8,600.0,672.0,0.0,False,False,False,False,0,0,0,0,0,0,135,106,"[false, false, false]",0,2,0,Starfield Stage - 1
436,2025-10-02T19:55:11.351484,8,600.0,672.0,0.0,False,False,False,False,0,0,0,0,0,0,130,99,"[false, false, false]",0,2,0,Starfield Stage - 1
437,2025-10-02T19:55:11.359164,8,600.0,672.0,0.0,False,False,False,False,0,0,0,0,0,0,124,91,"[false, false, false]",0,2,0,Starfield Stage - 1
438,2025-10-02T19:55:11.367767,9,600.0,672.0,0.0,False,False,False,False,0,0,0,0,0,0,120,84,"[false, false, false]",0,2,0,Starfield Stage - 1
439,2025-10-02T19:55:11.376374,8,600.0,672.0,0.0,False,False,False,False,0,0,0,0,0,0,116,79,"[false, false, false]",0,2,0,Starfield Stage - 1
440,2025-10-02T19:55:11.384821,9,600.0,672.0,0.0,False,False,False,False,0,0,0,0,0,0,113,74,"[false, false, false]",0,2,0,Starfield Stage - 1
441,2025-10-02T19:55:11.393082,8,600.0,672.0,0.0,False,False,False,False,0,0,0,0,0,0,108,67,"[false, false, false]",0,2,0,Starfield Stage - 1
442,2025-10-02T19:55:11.401930,9,600.0,672.0,0.0,False,False,False,False,0,0,0,0,0,0,106,64,"[false, false, false]",0,2,0,Starfield Stage - 1
443,2025-10-02T19:55:11.410160,8,600.0,672.0,0.0,False,False,False,False,0,0,0,0,0,0,105,61,"[false, false, false]",0,2,0,Starfield Stage - 1
444,2025-10-02T19:55:11.420209,10,600.0,672.0,0.0,False,False,False,False,0,0,0,0,0,0,104,59,"[false, false, false]",0,2,0,Starfield Stage - 1
445,2025-10-02T19:55:11.430409,10,600.0,672.0,0.0,False,False,False,False,0,0,0,0,0,0,102,58,"[false, false, false]",0,2,0,Starfield Stage - 1
446,2025-10-02T19:55:11.438316,8,600.0,672.0,0.0,False,False,False,False,0,0,0,0,0,0,102,57,"[false, false, false]",0,2,0,Starfield Stage - 1
447,2025-10-02T19:55:11.446963,9,600.0,672.0,0.0,False,False,False,False,0,0,0,0,0,0,101,55,"[false, false, false]",0,2,0,Starfield Stage - 1
448,2025-10-02T19:55:11.456370,9,600.0,672.0,0.0,False,False,False,False,0,0,0,0,0,0,101,54,"[false, false, false]",0,2,0,Starfield Stage - 1
449,2025-10-02T19:55:11.464986,9,600.0,672.0,0.0,False,False,False,False,0,0,0,0,0,0,101,52,"[false, false, false]",0,2,0,Starfield Stage - 1
450,2025-10-02T19:55:11.474078,9,600.0,672.0,0.0,False,False,False,False,0,0,0,0,0,0,100,51,"[false, false, false]",0,2,0,Starfield Stage - 1
451,2025-10-02T19:55:11.482963,9,600.0,672.0,0.0,False,False,False,False,0,0,0,0,0,0,100,51,"[false, false, false]",0,2,0,Starfield Stage - 1
452,2025-10-02T19:55:11.491587,8,600.0,672.0,0.0,False,False,False,False,0,0,0,0,0,0,100,50,"[false, false, false]",0,2,0,Starfield Stage - 1
453,2025-10-02T19:55:11.498867,8,600.0,672.0,0.0,False,False,False,False,0,0,0,0,0,0,100,50,"[false, false, false]",0,2,0,Starfield Stage - 1
454,2025-10-02T19:55:11.507367,8,600.0,672.0,0.0,False,False,False,False,0,0,0,0,0,0,100,50,"[false, false, false]",0,2,0,Starfield Stage - 1
455,2025-10-02T19:55:11.516532,9,600.0,672.0,0.0,False,False,False,False,0,0,0,0,0,0,100,50,"[true, false, false]",0,2,0,Starfield Stage - 1
456,2025-10-02T19:55:11.524499,8,600.0,672.0,0.0,False,False,False,False,0,0,0,0,0,0,100,50,"[true, false, false]",0,2,0,Starfield Stage - 1
457,2025-10-02T19:55:11.532208,8,600.0,672.0,0.0,False,False,False,False,0,0,0,0,0,0,100,50,"[true, false, false]",0,2,0,Starfield Stage - 1
458,2025-10-02T19:55:11.541154,9,600.0,672.0,0.0,False,False,False,False,0,0,0,0,0,0,100,50,"[true, false, false]",0,2,0,Starfield Stage - 1
459,2025-10-02T19:55:11.549935,9,600.0,672.0,0.0,False,False,False,False,0,0,0,0,0,0,100,50,"[true, false, false]",0,2,0,Starfield Stage - 1
460,2025-10-02T19:55:11.558754,8,600.0,672.0,0.0,False,False,False,False,0,0,0,0,0,0,100,50,"[true, false, false]",0,2,0,Starfield Stage - 1
461,2025-10-02T19:55:11.566113,8,600.0,672.0,0.0,False,False,False,False,0,0,0,0,0,0,100,50,"[true, false, false]",0,2,0,Starfield Stage - 1
462,2025-10-02T19:55:11.575183,9,600.0,672.0,0.0,False,False,False,False,0,0,0,0,0,0,100,50,"[true, false, false]",0,2,0,Starfield Stage - 1
463,2025-10-02T19:55:11.584153,9,600.0,672.0,0.0,False,False,False,False,0,0,0,0,0,0,100,50,"[true, false, false]",0,2,0,Starfield Stage - 1
464,2025-10-02T19:55:11.592974,9,600.0,672.0,0.0,False,False,False,False,0,0,0,0,0,0,100,50,"[false, false, false]",0,2,0,Starfield Stage - 1
465,2025-10-02T19:55:11.601234,8,600.0,672.0,0.0,False,False,False,False,0,0,0,0,0,0,100,50,"[false, false, false]",0,2,0,Starfield Stage - 1
466,2025-10-02T19:55:11.609639,9,600.0,672.0,0.0,False,False,False,False,0,0,0,0,0,0,100,50,"[false, false, false]",0,2,0,Starfield Stage - 1
467,2025-10-02T19:55:11.618464,8,600.0,672.0,0.0,False,False,False,False,0,0,0,0,0,0,100,50,"[false, false, false]",0,2,0,Starfield Stage - 1
468,2025-10-02T19:55:11.626432,8,600.0,672.0,0.0,False,False,False,False,0,0,0,0,0,0,100,50,"[false, false, false]",0,2,0,Starfield Stage - 1
469,2025-10-02T19:55:11.633509,8,600.0,672.0,0.0,False,False,False,False,0,0,0,0,0,0,100,50,"[false, false, false]",0,2,0,Starfield Stage - 1
470,2025-10-02T19:55:11.642192,8,600.0,672.0,0.0,False,False,False,False,0,0,0,0,0,0,100,50,"[false, false, false]",0,2,0,Starfield Stage - 1
471,2025-10-02T19:55:11.651230,9,600.0,672.0,0.0,False,False,False,False,0,0,0,0,0,0,100,50,"[false, false, false]",0,2,0,Starfield Stage - 1
472,2025-10-02T19:55:11.660314,9,600.0,672.0,0.0,False,False,False,False,0,0,0,0,0,0,100,50,"[false, false, false]",0,2,0,Starfield Stage - 1
473,2025-10-02T19:55:11.669730,10,600.0,672.0,0.0,False,False,False,False,0,0,0,0,0,0,100,50,"[false, false, false]",0,2,0,Starfield Stage - 1
474,2025-10-02T19:55:11.679290,9,600.0,672.0,0.0,False,False,False,False,0,0,0,0,0,0,100,50,"[false, false, false]",0,2,0,Starfield Stage - 1
475,2025-10-02T19:55:11.687595,9,600.0,672.0,0.0,False,False,False,False,0,0,0,0,0,0,100,50,"[false, false, false]",0,2,0,Starfield Stage - 1
476,2025-10-02T19:55:11.696098,8,600.0,672.0,0.0,False,False,False,False,0,0,0,0,0,0,100,50,"[false, false, false]",0,2,0,Starfield Stage - 1
477,2025-10-02T19:55:11.705039,9,600.0,672.0,0.0,False,False,False,False,0,0,0,0,0,0,100,50,"[false, false, false]",0,2,0,Starfield Stage - 1
478,2025-10-02T19:55:11.713535,8,600.0,672.0,0.0,False,False,False,False,0,0,0,0,0,0,100,52,"[false, false, false]",0,2,0,Starfield Stage - 1
479,2025-10-02T19:55:11.721534,8,600.0,672.0,0.0,False,False,False,False,0,0,0,0,0,0,101,54,"[false, false, false]",0,2,0,Starfield Stage - 1
480,2025-10-02T19:55:11.729548,8,600.0,672.0,0.0,False,False,False,False,0,0,0,0,0,0,103,58,"[false, false, false]",0,2,0,Starfield Stage - 1
481,2025-10-02T19:55:11.737169,8,600.0,672.0,0.0,False,False,False,False,0,0,0,0,0,0,106,63,"[false, false, false]",0,2,0,Starfield Stage - 1
482,2025-10-02T19:55:11.746603,9,600.0,672.0,0.0,False,False,False,False,0,0,0,0,0,0,108,68,"[false, false, false]",0,2,0,Starfield Stage - 1
483,2025-10-02T19:55:11.754104,8,600.0,672.0,0.0,False,False,False,False,0,0,0,0,0,0,113,75,"[false, false, false]",0,2,0,Starfield Stage - 1
484,2025-10-02T19:55:11.762741,9,600.0,672.0,0.0,False,False,False,False,0,0,0,0,0,0,116,80,"[false, false, false]",0,2,0,Starfield Stage - 1
485,2025-10-02T19:55:11.771785,9,600.0,672.0,0.0,False,False,False,False,0,0,0,0,0,0,118,84,"[false, false, false]",0,2,0,Starfield Stage - 1
486,2025-10-02T19:55:11.781074,9,600.0,672.0,0.0,False,False,False,False,0,0,0,0,0,0,121,88,"[false, false, false]",0,2,0,Starfield Stage - 1
487,2025-10-02T19:55:11.790029,9,600.0,672.0,0.0,False,False,False,False,0,0,0,0,0,0,123,90,"[false, false, false]",0,2,0,Starfield Stage - 1
488,2025-10-02T19:55:11.799840,9,600.0,672.0,0.0,False,False,False,False,0,0,0,0,0,0,125,92,"[false, false, false]",0,2,0,Starfield Stage - 1
489,2025-10-02T19:55:11.807569,8,600.0,672.0,0.0,False,False,False,False,0,0,0,0,0,0,126,93,"[false, false, false]",0,2,0,Starfield Stage - 1
490,2025-10-02T19:55:11.814925,8,600.0,672.0,0.0,False,False,False,False,0,0,0,0,0,0,127,93,"[false, false, false]",0,2,0,Starfield Stage - 1
491,2025-10-02T19:55:11.823213,8,600.0,672.0,0.0,False,False,False,False,0,0,0,0,0,0,128,94,"[false, false, false]",0,2,0,Starfield Stage - 1
492,2025-10-02T19:55:11.832455,9,600.0,672.0,0.0,False,False,False,False,0,0,0,0,0,0,128,94,"[false, false, false]",0,2,0,Starfield Stage - 1
493,2025-10-02T19:55:11.840227,8,600.0,672.0,0.0,False,False,False,False,0,0,0,0,0,0,128,94,"[false, false, false]",0,2,0,Starfield Stage - 1
494,2025-10-02T19:55:11.849431,9,600.0,672.0,0.0,False,False,False,False,0,0,0,0,0,0,128,94,"[false, false, false]",0,2,0,Starfield Stage - 1
495,2025-10-02T19:55:11.857240,8,600.0,672.0,0.0,False,False,False,False,0,0,0,0,0,0,128,94,"[false, false, false]",0,2,0,Starfield Stage - 1
496,2025-10-02T19:55:11.866307,9,600.0,672.0,0.0,False,False,False,False,0,0,0,0,0,0,128,94,"[false, false, false]",0,2,0,Starfield Stage - 1
497,2025-10-02T19:55:11.874832,9,600.0,672.0,0.0,False,False,False,False,0,0,0,0,0,0,128,94,"[false, false, false]",0,2,0,Starfield Stage - 1
498,2025-10-02T19:55:11.883334,8,600.0,672.0,0.0,False,False,False,False,0,0,0,0,0,0,128,94,"[false, false, false]",0,2,0,Starfield Stage - 1
499,2025-10-02T19:55:11.892029,9,600.0,672.0,0.0,False,False,False,False,0,0,0,0,0,0,129,94,"[false, false, false]",0,2,0,Starfield Stage - 1
500,2025-10-02T19:55:11.901042,9,600.0,672.0,0.0,False,False,False,False,0,0,0,0,0,0,129,94,"[false, false, false]",0,2,0,Starfield Stage - 1
501,2025-10-02T19:55:11.910107,9,600.0,672.0,0.0,False,False,False,False,0,0,0,0,0,0,129,94,"[false, false, false]",0,2,0,Starfield Stage - 1
502,2025-10-02T19:55:11.918842,9,600.0,672.0,0.0,False,False,False,False,0,0,0,0,0,0,131,94,"[false, false, false]",0,2,0,Starfield Stage - 1
503,2025-10-02T19:55:11.927965,9,600.0,672.0,0.0,False,False,False,False,0,0,0,0,0,0,133,96,"[false, false, false]",0,2,0,Starfield Stage - 1
504,2025-10-02T19:55:11.935917,8,600.0,672.0,0.0,False,False,False,False,0,0,0,0,0,0,137,97,"[false, false, false]",0,2,0,Starfield Stage - 1
505,2025-10-02T19:55:11.944133,8,600.0,672.0,0.0,False,False,False,False,0,0,0,0,0,0,142,100,"[false, false, false]",0,2,0,Starfield Stage - 1
506,2025-10-02T19:55:11.953121,9,600.0,672.0,0.0,False,False,False,False,0,0,0,0,0,0,162,112,"[false, false, false]",0,2,0,Starfield Stage - 1
507,2025-10-02T19:55:11.962011,9,600.0,672.0,0.0,False,False,False,False,0,0,0,0,0,0,177,123,"[false, false, false]",0,2,0,Starfield Stage - 1
508,2025-10-02T19:55:11.971208,9,600.0,672.0,0.0,False,False,False,False,0,0,0,0,0,0,196,136,"[false, false, false]",0,2,0,Starfield Stage - 1
509,2025-10-02T19:55:11.980064,9,600.0,672.0,0.0,False,False,False,False,0,0,0,0,0,0,216,151,"[false, false, false]",0,2,0,Starfield Stage - 1
510,2025-10-02T19:55:11.989641,9,600.0,672.0,0.0,False,False,False,False,0,0,0,0,0,0,238,168,"[false, false, false]",0,2,0,Starfield Stage - 1
511,2025-10-02T19:55:11.997028,8,600.0,672.0,0.0,False,False,False,False,0,0,0,0,0,0,260,187,"[false, false, false]",0,2,0,Starfield Stage - 1
512,2025-10-02T19:55:12.005780,9,600.0,672.0,0.0,False,False,False,False,0,0,0,0,0,0,283,205,"[false, false, false]",0,2,0,Starfield Stage - 1
513,2025-10-02T19:55:12.013877,8,600.0,672.0,0.0,False,False,False,False,0,0,0,0,0,0,307,226,"[false, false, false]",0,2,0,Starfield Stage - 1
514,2025-10-02T19:55:12.022918,9,600.0,672.0,0.0,False,False,False,False,0,0,0,0,0,0,332,246,"[false, false, false]",0,2,0,Starfield Stage - 1
515,2025-10-02T19:55:12.031916,9,600.0,672.0,0.0,False,False,False,False,0,0,0,0,0,0,360,265,"[false, false, false]",0,2,0,Starfield Stage - 1
516,2025-10-02T19:55:12.040054,8,600.0,672.0,0.0,False,False,False,False,0,0,0,0,0,0,416,304,"[false, false, false]",0,2,0,Starfield Stage - 1
517,2025-10-02T19:55:12.049502,9,600.0,672.0,0.0,False,False,False,False,0,0,0,0,0,0,445,321,"[false, false, false]",0,2,0,Starfield Stage - 1
518,2025-10-02T19:55:12.057062,8,600.0,672.0,0.0,False,False,False,False,0,0,0,0,0,0,472,336,"[false, false, false]",0,2,0,Starfield Stage - 1
519,2025-10-02T19:55:12.065331,8,600.0,672.0,0.0,False,False,False,False,0,0,0,0,0,0,498,349,"[false, false, false]",0,2,0,Starfield Stage - 1
520,2025-10-02T19:55:12.074291,9,600.0,672.0,0.0,False,False,False,False,0,0,0,0,0,0,521,360,"[false, false, false]",0,2,0,Starfield Stage - 1
521,2025-10-02T19:55:12.083006,9,600.0,672.0,0.0,False,False,False,False,0,0,0,0,0,0,539,368,"[false, false, false]",0,2,0,Starfield Stage - 1
522,2025-10-02T19:55:12.092416,9,600.0,672.0,0.0,False,False,False,False,0,0,0,0,0,0,554,373,"[false, false, false]",0,2,0,Starfield Stage - 1
523,2025-10-02T19:55:12.100006,8,600.0,672.0,0.0,False,False,False,False,0,0,0,0,0,0,565,376,"[false, false, false]",0,2,0,Starfield Stage - 1
524,2025-10-02T19:55:12.108496,8,600.0,672.0,0.0,False,False,False,False,0,0,0,0,0,0,572,379,"[false, false, false]",0,2,0,Starfield Stage - 1
525,2025-10-02T19:55:12.116132,8,600.0,672.0,0.0,False,False,False,False,0,0,0,0,0,0,577,380,"[false, false, false]",0,2,0,Starfield Stage - 1
526,2025-10-02T19:55:12.124175,8,600.0,672.0,0.0,False,False,False,False,0,0,0,0,0,0,582,381,"[false, false, false]",0,2,0,Starfield Stage - 1
527,2025-10-02T19:55:12.132683,9,600.0,672.0,0.0,False,False,False,False,0,0,0,0,0,0,585,382,"[false, false, false]",0,2,0,Starfield Stage - 1
528,2025-10-02T19:55:12.140861,8,600.0,672.0,0.0,False,False,False,False,0,0,0,0,0,0,589,383,"[false, false, false]",0,2,0,Starfield Stage - 1
529,2025-10-02T19:55:12.149504,9,600.0,672.0,0.0,False,False,False,False,0,0,0,0,0,0,594,384,"[false, false, false]",0,2,0,Starfield Stage - 1
530,2025-10-02T19:55:12.158260,8,600.0,672.0,0.0,False,False,False,False,0,0,0,0,0,0,598,385,"[false, false, false]",0,2,0,Starfield Stage - 1
531,2025-10-02T19:55:12.166357,9,600.0,672.0,0.0,False,False,False,False,0,0,0,0,0,0,602,385,"[false, false, false]",0,2,0,Starfield Stage - 1
532,2025-10-02T19:55:12.176449,9,600.0,672.0,0.0,False,False,False,False,0,0,0,0,0,0,606,386,"[false, false, false]",0,2,0,Starfield Stage - 1
533,2025-10-02T19:55:12.184053,8,600.0,672.0,0.0,False,False,False,False,0,0,0,0,0,0,614,384,"[false, false, false]",0,2,0,Starfield Stage - 1
534,2025-10-02T19:55:12.192143,8,600.0,672.0,0.0,False,False,False,False,0,0,0,0,0,0,618,381,"[false, false, false]",0,2,0,Starfield Stage - 1
535,2025-10-02T19:55:12.201158,9,600.0,672.0,0.0,False,False,False,False,0,0,0,0,0,0,623,378,"[false, false, false]",0,2,0,Starfield Stage - 1
536,2025-10-02T19:55:12.209991,9,600.0,672.0,0.0,False,False,False,False,0,0,0,0,0,0,627,374,"[false, false, false]",0,2,0,Starfield Stage - 1
537,2025-10-02T19:55:12.218594,8,600.0,672.0,0.0,False,False,False,False,0,0,0,0,0,0,631,369,"[false, false, false]",0,2,0,Starfield Stage - 1
538,2025-10-02T19:55:12.226486,9,600.0,672.0,0.0,False,False,False,False,0,0,0,0,0,0,635,364,"[false, false, false]",0,2,0,Starfield Stage - 1
539,2025-10-02T19:55:12.235575,8,600.0,672.0,0.0,False,False,False,False,0,0,0,0,0,0,639,360,"[false, false, false]",0,2,0,Starfield Stage - 1
540,2025-10-02T19:55:12.243818,8,600.0,672.0,0.0,False,False,False,False,0,0,0,0,0,0,642,356,"[false, false, false]",0,2,0,Starfield Stage - 1
541,2025-10-02T19:55:12.252175,9,600.0,672.0,0.0,False,False,False,False,0,0,0,0,0,0,646,352,"[false, false, false]",0,2,0,Starfield Stage - 1
542,2025-10-02T19:55:12.261696,9,600.0,672.0,0.0,False,False,False,False,0,0,0,0,0,0,649,348,"[false, false, false]",0,2,0,Starfield Stage - 1
543,2025-10-02T19:55:12.269874,9,600.0,672.0,0.0,False,False,False,False,0,0,0,0,0,0,652,345,"[false, false, false]",0,2,0,Starfield Stage - 1
544,2025-10-02T19:55:12.278448,8,600.0,672.0,0.0,False,False,False,False,0,0,0,0,0,0,654,342,"[false, false, false]",0,2,0,Starfield Stage - 1
545,2025-10-02T19:55:12.286250,8,600.0,672.0,0.0,False,False,False,False,0,0,0,0,0,0,656,340,"[false, false, false]",0,2,0,Starfield Stage - 1
546,2025-10-02T19:55:12.295159,9,600.0,672.0,0.0,False,False,False,False,0,0,0,0,0,0,658,337,"[false, false, false]",0,2,0,Starfield Stage - 1
547,2025-10-02T19:55:12.303783,9,600.0,672.0,0.0,False,False,False,False,0,0,0,0,0,0,660,335,"[false, false, false]",0,2,0,Starfield Stage - 1
548,2025-10-02T19:55:12.312732,9,600.0,672.0,0.0,False,False,False,False,0,0,0,0,0,0,661,334,"[false, false, false]",0,2,0,Starfield Stage - 1
549,2025-10-02T19:55:12.321523,8,600.0,672.0,0.0,False,False,False,False,0,0,0,0,0,0,662,333,"[false, false, false]",0,2,0,Starfield Stage - 1
550,2025-10-02T19:55:12.328902,8,600.0,672.0,0.0,False,False,False,False,0,0,0,0,0,0,664,333,"[false, false, false]",0,2,0,Starfield Stage - 1
551,2025-10-02T19:55:12.337413,8,600.0,672.0,0.0,False,False,False,False,0,0,0,0,0,0,666,332,"[false, false, false]",0,2,0,Starfield Stage - 1
552,2025-10-02T19:55:12.344892,8,600.0,672.0,0.0,False,False,False,False,0,0,0,0,0,0,668,332,"[false, false, false]",0,2,0,Starfield Stage - 1
553,2025-10-02T19:55:12.353156,8,600.0,672.0,0.0,False,False,False,False,0,0,0,0,0,0,671,332,"[false, false, false]",0,2,0,Starfield Stage - 1
554,2025-10-02T19:55:12.362452,9,600.0,672.0,0.0,False,False,False,False,0,0,0,0,0,0,673,331,"[false, false, false]",0,2,0,Starfield Stage - 1
555,2025-10-02T19:55:12.370225,8,600.0,672.0,0.0,False,False,False,False,0,0,0,0,0,0,676,331,"[false, false, false]",0,2,0,Starfield Stage - 1
556,2025-10-02T19:55:12.379051,9,600.0,672.0,0.0,False,False,False,False,0,0,0,0,0,0,678,331,"[false, false, false]",0,2,0,Starfield Stage - 1
557,2025-10-02T19:55:12.388560,9,600.0,672.0,0.0,False,False,False,False,0,0,0,0,0,0,681,331,"[false, false, false]",0,2,0,Starfield Stage - 1
558,2025-10-02T19:55:12.396264,8,600.0,672.0,0.0,False,False,False,False,0,0,0,0,0,0,683,331,"[false, false, false]",0,2,0,Starfield Stage - 1
559,2025-10-02T19:55:12.405038,9,600.0,672.0,0.0,False,False,False,False,0,0,0,0,0,0,685,331,"[false, false, false]",0,2,0,Starfield Stage - 1
560,2025-10-02T19:55:12.413445,8,600.0,672.0,0.0,False,False,False,False,0,0,0,0,0,0,687,331,"[false, false, false]",0,2,0,Starfield Stage - 1
561,2025-10-02T19:55:12.421227,8,600.0,672.0,0.0,False,False,False,False,0,0,0,0,0,0,688,331,"[false, false, false]",0,2,0,Starfield Stage - 1
562,2025-10-02T19:55:12.430572,9,600.0,672.0,0.0,False,False,False,False,0,0,0,0,0,0,689,331,"[false, false, false]",0,2,0,Starfield Stage - 1
563,2025-10-02T19:55:12.437857,8,600.0,672.0,0.0,False,False,False,False,0,0,0,0,0,0,690,331,"[false, false, false]",0,2,0,Starfield Stage - 1
564,2025-10-02T19:55:12.447121,9,600.0,672.0,0.0,False,False,False,False,0,0,0,0,0,0,690,331,"[false, false, false]",0,2,0,Starfield Stage - 1
565,2025-10-02T19:55:12.456038,9,600.0,672.0,0.0,False,False,False,False,0,0,0,0,0,0,690,331,"[false, false, false]",0,2,0,Starfield Stage - 1
566,2025-10-02T19:55:12.464063,8,600.0,672.0,0.0,False,False,False,False,0,0,0,0,0,0,690,331,"[false, false, false]",0,2,0,Starfield Stage - 1
567,2025-10-02T19:55:12.472344,8,600.0,672.0,0.0,False,False,False,False,0,0,0,0,0,0,690,331,"[true, false, false]",0,2,0,Starfield Stage - 1
568,2025-10-02T19:55:12.480743,9,600.0,672.0,0.0,False,False,False,False,0,0,0,0,0,0,690,331,"[true, false, false]",0,2,0,Starfield Stage - 1
569,2025-10-02T19:55:12.489964,9,600.0,672.0,0.0,False,False,False,False,0,0,0,0,0,0,690,331,"[true, false, false]",0,2,0,Starfield Stage - 1
570,2025-10-02T19:55:12.498604,9,600.0,672.0,0.0,False,False,False,False,0,0,0,0,0,0,690,331,"[true, false, false]",0,2,0,Starfield Stage - 1
571,2025-10-02T19:55:12.507314,9,600.0,672.0,0.0,False,False,False,False,0,0,0,0,0,0,690,331,"[true, false, false]",0,2,0,Starfield Stage - 1
572,2025-10-02T19:55:12.517190,9,600.0,672.0,0.0,False,False,False,False,0,0,0,0,0,0,690,331,"[true, false, false]",0,2,0,Starfield Stage - 1
573,2025-10-02T19:55:12.526111,9,600.0,672.0,0.0,False,False,False,False,0,0,0,0,0,0,690,331,"[true, false, false]",0,2,0,Starfield Stage - 1
574,2025-10-02T19:55:12.534609,8,600.0,672.0,0.0,False,False,False,False,0,0,0,0,0,0,690,331,"[true, false, false]",0,2,0,Starfield Stage - 1
575,2025-10-02T19:55:12.543723,8,600.0,672.0,0.0,False,False,False,False,0,0,0,0,0,0,690,331,"[true, false, false]",0,2,0,Starfield Stage - 1
576,2025-10-02T19:55:12.549192,9,600.0,672.0,0.0,False,False,False,False,0,0,0,0,0,0,690,331,"[false, false, false]",0,2,0,Starfield Stage - 1
577,2025-10-02T19:55:12.558016,9,600.0,672.0,0.0,False,False,False,False,0,0,0,0,0,0,690,331,"[false, false, false]",0,2,0,Starfield Stage - 1
578,2025-10-02T19:55:12.566998,9,600.0,672.0,0.0,False,False,False,False,0,0,0,0,0,0,690,331,"[false, false, false]",0,2,0,Starfield Stage - 1
579,2025-10-02T19:55:12.575877,8,600.0,672.0,0.0,False,False,False,False,0,0,0,0,0,0,690,331,"[false, false, false]",0,2,0,Starfield Stage - 1
580,2025-10-02T19:55:12.583462,8,600.0,672.0,0.0,False,False,False,False,0,0,0,0,0,0,690,331,"[false, false, false]",0,2,0,Starfield Stage - 1
581,2025-10-02T19:55:12.591407,8,600.0,672.0,0.0,False,False,False,False,0,0,0,0,0,0,690,331,"[false, false, false]",0,2,0,Starfield Stage - 1
582,2025-10-02T19:55:12.599894,8,600.0,672.0,0.0,False,False,False,False,0,0,0,0,0,0,690,331,"[false, false, false]",0,2,0,Starfield Stage - 1
583,2025-10-02T19:55:12.608009,9,600.0,672.0,0.0,False,False,False,False,0,0,0,0,0,0,690,331,"[false, false, false]",0,2,0,Starfield Stage - 1
584,2025-10-02T19:55:12.617320,9,600.0,672.0,0.0,False,False,False,False,0,0,0,0,0,0,690,331,"[false, false, false]",0,2,0,Starfield Stage - 1
585,2025-10-02T19:55:12.626194,9,600.0,672.0,0.0,False,False,False,False,0,0,0,0,0,0,690,331,"[false, false, false]",0,2,0,Starfield Stage - 1
586,2025-10-02T19:55:12.635134,9,600.0,672.0,0.0,False,False,False,False,0,0,0,0,0,0,690,331,"[false, false, false]",0,2,0,Starfield Stage - 1
587,2025-10-02T19:55:12.644518,9,600.0,672.0,0.0,False,False,False,False,0,0,0,0,0,0,690,331,"[false, false, false]",0,2,0,Starfield Stage - 1
588,2025-10-02T19:55:12.652572,8,600.0,672.0,0.0,False,False,False,False,0,0,0,0,0,0,690,331,"[false, false, false]",0,2,0,Starfield Stage - 1
589,2025-10-02T19:55:12.660680,8,600.0,672.0,0.0,False,False,False,False,0,0,0,0,0,0,690,331,"[false, false, false]",0,2,0,Starfield Stage - 1
590,2025-10-02T19:55:12.668618,8,600.0,672.0,0.0,False,False,False,False,0,0,0,0,0,0,690,331,"[false, false, false]",0,2,0,Starfield Stage - 1
591,2025-10-02T19:55:12.676567,8,600.0,672.0,0.0,False,False,False,False,0,0,0,0,0,0,690,331,"[false, false, false]",0,2,0,Starfield Stage - 1
592,2025-10-02T19:55:12.684733,9,600.0,672.0,0.0,False,False,False,False,0,0,0,0,0,0,690,331,"[false, false, false]",0,2,0,Starfield Stage - 1
593,2025-10-02T19:55:12.693318,8,600.0,672.0,0.0,False,False,False,False,0,0,0,0,0,0,690,331,"[false, false, false]",0,2,0,Starfield Stage - 1
594,2025-10-02T19:55:12.703230,9,600.0,672.0,0.0,False,False,False,False,0,0,0,0,0,0,690,331,"[false, false, false]",0,2,0,Starfield Stage - 1
595,2025-10-02T19:55:12.710613,8,600.0,672.0,0.0,False,False,False,False,0,0,0,0,0,0,690,331,"[false, false, false]",0,2,0,Starfield Stage - 1
596,2025-10-02T19:55:12.717935,8,600.0,672.0,0.0,False,False,False,False,0,0,0,0,0,0,690,331,"[false, false, false]",0,2,0,Starfield Stage - 1
597,2025-10-02T19:55:12.726922,8,600.0,672.0,0.0,False,False,False,False,0,0,0,0,0,0,690,331,"[false, false, false]",0,2,0,Starfield Stage - 1
598,2025-10-02T19:55:12.734636,8,600.0,672.0,0.0,False,False,False,False,0,0,0,0,0,0,690,331,"[false, false, false]",0,2,0,Starfield Stage - 1
599,2025-10-02T19:55:12.742483,8,600.0,672.0,0.0,False,False,False,False,0,0,0,0,0,0,690,331,"[false, false, false]",0,2,0,Starfield Stage - 1
600,2025-10-02T19:55:12.750208,8,600.0,672.0,0.0,False,False,False,False,0,0,0,0,0,0,690,331,"[false, false, false]",0,2,0,Starfield Stage - 1
601,2025-10-02T19:55:12.759238,9,600.0,672.0,0.0,False,False,False,False,0,0,0,0,0,0,690,331,"[false, false, false]",0,2,0,Starfield Stage - 1
602,2025-10-02T19:55:12.768349,9,600.0,672.0,0.0,False,False,False,False,0,0,0,0,0,0,690,331,"[false, false, false]",0,2,0,Starfield Stage - 1
603,2025-10-02T19:55:12.777167,9,600.0,672.0,0.0,False,False,False,False,0,0,0,0,0,0,690,331,"[false, false, false]",0,2,0,Starfield Stage - 1
604,2025-10-02T19:55:12.786348,9,600.0,672.0,0.0,False,False,False,False,0,0,0,0,0,0,690,331,"[false, false, false]",0,2,0,Starfield Stage - 1
605,2025-10-02T19:55:12.795292,9,600.0,672.0,0.0,False,False,False,False,0,0,0,0,0,0,690,331,"[false, false, false]",0,2,0,Starfield Stage - 1
606,2025-10-02T19:55:12.804632,9,600.0,672.0,0.0,False,False,False,False,0,0,0,0,0,0,690,331,"[false, false, false]",0,2,0,Starfield Stage - 1
607,2025-10-02T19:55:12.812380,8,600.0,672.0,0.0,False,False,False,False,0,0,0,0,0,0,690,331,"[false, false, false]",0,2,0,Starfield Stage - 1
608,2025-10-02T19:55:12.821483,9,600.0,672.0,0.0,False,False,False,False,0,0,0,0,0,0,690,331,"[false, false, false]",0,2,0,Starfield Stage - 1
609,2025-10-02T19:55:12.830053,8,600.0,672.0,0.0,False,False,False,False,0,0,0,0,0,0,690,331,"[false, false, false]",0,2,0,Starfield Stage - 1
610,2025-10-02T19:55:12.838444,9,600.0,672.0,0.0,False,False,False,False,0,0,0,0,0,0,690,331,"[false, false, false]",0,2,0,Starfield Stage - 1
611,2025-10-02T19:55:12.846978,8,600.0,672.0,0.0,False,False,False,False,0,0,0,0,0,0,690,331,"[false, false, false]",0,2,0,Starfield Stage - 1
612,2025-10-02T19:55:12.854820,8,600.0,672.0,0.0,False,False,False,False,0,0,0,0,0,0,690,331,"[false, false, false]",0,2,0,Starfield Stage - 1
613,2025-10-02T19:55:12.862794,8,600.0,672.0,0.0,False,False,False,False,0,0,0,0,0,0,690,331,"[false, false, false]",0,2,0,Starfield Stage - 1
614,2025-10-02T19:55:12.871360,8,600.0,672.0,0.0,False,False,False,False,0,0,0,0,0,0,690,331,"[false, false, false]",0,2,0,Starfield Stage - 1
615,2025-10-02T19:55:12.879205,9,600.0,672.0,0.0,False,False,False,False,0,0,0,0,0,0,690,331,"[false, false, false]",0,2,0,Starfield Stage - 1
616,2025-10-02T19:55:12.888182,9,600.0,672.0,0.0,False,False,False,False,0,0,0,0,0,0,690,331,"[false, false, false]",0,2,0,Starfield Stage - 1
617,2025-10-02T19:55:12.897036,8,600.0,672.0,0.0,False,False,False,False,0,0,0,0,0,0,690,331,"[false, false, false]",0,2,0,Starfield Stage - 1
618,2025-10-02T19:55:12.904665,8,600.0,672.0,0.0,False,False,False,False,0,0,0,0,0,0,690,331,"[false, false, false]",0,2,0,Starfield Stage - 1
619,2025-10-02T19:55:12.912639,8,600.0,672.0,0.0,False,False,False,False,0,0,0,0,0,0,690,331,"[false, false, false]",0,2,0,Starfield Stage - 1
620,2025-10-02T19:55:12.921333,8,600.0,672.0,0.0,False,False,False,False,0,0,0,0,0,0,690,331,"[false, false, false]",0,2,0,Starfield Stage - 1
621,2025-10-02T19:55:12.929395,9,600.0,672.0,0.0,False,False,False,False,0,0,0,0,0,0,689,331,"[false, false, false]",0,2,0,Starfield Stage - 1
622,2025-10-02T19:55:12.937636,8,600.0,672.0,0.0,False,False,False,False,0,0,0,0,0,0,688,331,"[false, false, false]",0,2,0,Starfield Stage - 1
623,2025-10-02T19:55:12.945582,8,600.0,672.0,0.0,False,False,False,False,0,0,0,0,0,0,686,331,"[false, false, false]",0,2,0,Starfield Stage - 1
624,2025-10-02T19:55:12.953105,8,600.0,672.0,0.0,False,False,False,False,0,0,0,0,0,0,683,332,"[false, false, false]",0,2,0,Starfield Stage - 1
625,2025-10-02T19:55:12.962233,9,600.0,672.0,0.0,False,False,False,False,0,0,0,0,0,0,681,333,"[false, false, false]",0,2,0,Starfield Stage - 1
626,2025-10-02T19:55:12.971440,9,600.0,672.0,0.0,False,False,False,False,0,0,0,0,0,0,678,334,"[false, false, false]",0,2,0,Starfield Stage - 1
627,2025-10-02T19:55:12.979570,8,600.0,672.0,0.0,False,False,False,False,0,0,0,0,0,0,676,334,"[false, false, false]",0,2,0,Starfield Stage - 1
628,2025-10-02T19:55:12.987619,8,600.0,672.0,0.0,False,False,False,False,0,0,0,0,0,0,674,335,"[false, false, false]",0,2,0,Starfield Stage - 1
629,2025-10-02T19:55:12.996045,8,600.0,672.0,0.0,False,False,False,False,0,0,0,0,0,0,672,335,"[false, false, false]",0,2,0,Starfield Stage - 1
630,2025-10-02T19:55:13.003688,8,600.0,672.0,0.0,False,False,False,False,0,0,0,0,0,0,670,336,"[false, false, false]",0,2,0,Starfield Stage - 1
631,2025-10-02T19:55:13.011727,8,600.0,672.0,0.0,False,False,False,False,0,0,0,0,0,0,668,337,"[false, false, false]",0,2,0,Starfield Stage - 1
632,2025-10-02T19:55:13.019450,8,600.0,672.0,0.0,False,False,False,False,0,0,0,0,0,0,666,337,"[false, false, false]",0,2,0,Starfield Stage - 1
633,2025-10-02T19:55:13.027336,8,600.0,672.0,0.0,False,False,False,False,0,0,0,0,0,0,664,338,"[false, false, false]",0,2,0,Starfield Stage - 1
634,2025-10-02T19:55:13.036598,9,600.0,672.0,0.0,False,False,False,False,0,0,0,0,0,0,661,338,"[false, false, false]",0,2,0,Starfield Stage - 1
635,2025-10-02T19:55:13.045094,8,600.0,672.0,0.0,False,False,False,False,0,0,0,0,0,0,658,339,"[false, false, false]",0,2,0,Starfield Stage - 1
636,2025-10-02T19:55:13.053639,9,600.0,672.0,0.0,False,False,False,False,0,0,0,0,0,0,656,340,"[false, false, false]",0,2,0,Starfield Stage - 1
637,2025-10-02T19:55:13.061186,8,600.0,672.0,0.0,False,False,False,False,0,0,0,0,0,0,652,340,"[false, false, false]",0,2,0,Starfield Stage - 1
638,2025-10-02T19:55:13.070260,9,600.0,672.0,0.0,False,False,False,False,0,0,0,0,0,0,649,340,"[false, false, false]",0,2,0,Starfield Stage - 1
639,2025-10-02T19:55:13.079309,9,600.0,672.0,0.0,False,False,False,False,0,0,0,0,0,0,641,340,"[false, false, false]",0,2,0,Starfield Stage - 1
640,2025-10-02T19:55:13.088173,9,600.0,672.0,0.0,False,False,False,False,0,0,0,0,0,0,636,340,"[false, false, false]",0,2,0,Starfield Stage - 1
641,2025-10-02T19:55:13.098416,10,600.0,672.0,0.0,False,False,False,False,0,0,0,0,0,0,632,340,"[false, false, false]",0,2,0,Starfield Stage - 1
642,2025-10-02T19:55:13.106359,8,600.0,672.0,0.0,False,False,False,False,0,0,0,0,0,0,628,340,"[false, false, false]",0,2,0,Starfield Stage - 1
643,2025-10-02T19:55:13.115374,9,600.0,672.0,0.0,False,False,False,False,0,0,0,0,0,0,624,340,"[false, false, false]",0,2,0,Starfield Stage - 1
644,2025-10-02T19:55:13.124411,9,600.0,672.0,0.0,False,False,False,False,0,0,0,0,0,0,620,340,"[false, false, false]",0,2,0,Starfield Stage - 1
645,2025-10-02T19:55:13.132901,8,600.0,672.0,0.0,False,False,False,False,0,0,0,0,0,0,618,340,"[false, false, false]",0,2,0,Starfield Stage - 1
646,2025-10-02T19:55:13.140615,8,600.0,672.0,0.0,False,False,False,False,0,0,0,0,0,0,615,340,"[false, false, false]",0,2,0,Starfield Stage - 1
647,2025-10-02T19:55:13.149731,9,600.0,672.0,0.0,False,False,False,False,0,0,0,0,0,0,614,340,"[false, false, false]",0,2,0,Starfield Stage - 1
648,2025-10-02T19:55:13.158184,9,600.0,672.0,0.0,False,False,False,False,0,0,0,0,0,0,614,340,"[false, false, false]",0,2,0,Starfield Stage - 1
649,2025-10-02T19:55:13.168101,10,600.0,672.0,0.0,False,False,False,False,0,0,0,0,0,0,614,340,"[true, false, false]",0,2,0,Starfield Stage - 1
650,2025-10-02T19:55:13.177148,9,600.0,672.0,0.0,False,False,False,False,0,0,0,0,0,0,614,340,"[true, false, false]",0,2,0,Starfield Stage - 1
651,2025-10-02T19:55:13.186255,9,600.0,672.0,0.0,False,False,False,False,0,0,0,0,0,0,614,340,"[true, false, false]",0,2,0,Starfield Stage - 1
652,2025-10-02T19:55:13.195262,9,600.0,672.0,0.0,False,False,False,False,0,0,0,0,0,0,614,340,"[true, false, false]",0,2,0,Starfield Stage - 1
653,2025-10-02T19:55:13.204213,9,600.0,672.0,0.0,False,False,False,False,0,0,0,0,0,0,614,340,"[true, false, false]",0,2,0,Starfield Stage - 1
654,2025-10-02T19:55:13.213283,9,600.0,672.0,0.0,False,False,False,False,0,0,0,0,0,0,614,340,"[true, false, false]",0,2,0,Starfield Stage - 1
655,2025-10-02T19:55:13.222351,9,600.0,672.0,0.0,False,False,False,False,0,0,0,0,0,0,614,340,"[true, false, false]",0,2,0,Starfield Stage - 1
656,2025-10-02T19:55:13.231346,9,600.0,672.0,0.0,False,False,False,False,0,0,0,0,0,0,614,340,"[true, false, false]",0,2,0,Starfield Stage - 1
657,2025-10-02T19:55:13.240428,9,600.0,672.0,0.0,False,False,False,False,0,0,0,0,0,0,614,340,"[true, false, false]",0,2,0,Starfield Stage - 1
658,2025-10-02T19:55:13.248258,8,600.0,672.0,0.0,False,False,False,False,0,0,0,0,0,0,614,340,"[true, false, false]",0,2,0,Starfield Stage - 1
659,2025-10-02T19:55:13.257502,9,600.0,672.0,0.0,False,False,False,False,0,0,0,0,0,0,614,340,"[true, false, false]",0,2,0,Starfield Stage - 1
660,2025-10-02T19:55:13.267137,8,600.0,672.0,0.0,False,False,False,False,0,0,0,0,0,0,614,340,"[false, false, false]",0,2,0,Starfield Stage - 1
661,2025-10-02T19:55:13.276469,9,600.0,672.0,0.0,False,False,False,False,0,0,0,0,0,0,614,340,"[false, false, false]",0,2,0,Starfield Stage - 1
662,2025-10-02T19:55:13.284108,8,600.0,672.0,0.0,False,False,False,False,0,0,0,0,0,0,614,340,"[false, false, false]",0,2,0,Starfield Stage - 1
663,2025-10-02T19:55:13.292547,9,600.0,672.0,0.0,False,False,False,False,0,0,0,0,0,0,614,340,"[false, false, false]",0,2,0,Starfield Stage - 1
664,2025-10-02T19:55:13.300968,8,600.0,672.0,0.0,False,False,False,False,0,0,0,0,0,0,614,340,"[false, false, false]",0,2,0,Starfield Stage - 1
665,2025-10-02T19:55:13.310054,9,600.0,672.0,0.0,False,False,False,False,0,0,0,0,0,0,614,340,"[false, false, false]",0,2,0,Starfield Stage - 1
666,2025-10-02T19:55:13.318885,9,600.0,672.0,0.0,False,False,False,False,0,0,0,0,0,0,614,340,"[false, false, false]",0,2,0,Starfield Stage - 1
667,2025-10-02T19:55:13.327165,8,600.0,672.0,0.0,False,False,False,False,0,0,0,0,0,0,614,340,"[false, false, false]",0,2,0,Starfield Stage - 1
668,2025-10-02T19:55:13.335816,9,600.0,672.0,0.0,False,False,False,False,0,0,0,0,0,0,614,340,"[false, false, false]",0,2,0,Starfield Stage - 1
669,2025-10-02T19:55:13.344880,8,600.0,672.0,0.0,False,False,False,False,0,0,0,0,0,0,614,340,"[false, false, false]",0,2,0,Starfield Stage - 1
670,2025-10-02T19:55:13.352214,8,600.0,672.0,0.0,False,False,False,False,0,0,0,0,0,0,614,340,"[false, false, false]",0,2,0,Starfield Stage - 1
671,2025-10-02T19:55:13.360958,9,600.0,672.0,0.0,False,False,False,False,0,0,0,0,0,0,614,340,"[false, false, false]",0,2,0,Starfield Stage - 1
672,2025-10-02T19:55:13.369390,8,600.0,672.0,0.0,False,False,False,False,0,0,0,0,0,0,614,340,"[false, false, false]",0,2,0,Starfield Stage - 1
673,2025-10-02T19:55:13.377285,8,600.0,672.0,0.0,False,False,False,False,0,0,0,0,0,0,614,340,"[false, false, false]",0,2,0,Starfield Stage - 1
674,2025-10-02T19:55:13.385902,9,600.0,672.0,0.0,False,False,False,False,0,0,0,0,0,0,614,340,"[false, false, false]",0,2,0,Starfield Stage - 1
675,2025-10-02T19:55:13.394337,8,600.0,672.0,0.0,False,False,False,False,0,0,0,0,0,0,614,340,"[false, false, false]",0,2,0,Starfield Stage - 1
676,2025-10-02T19:55:13.402971,9,600.0,672.0,0.0,False,False,False,False,0,0,0,0,0,0,614,340,"[false, false, false]",0,2,0,Starfield Stage - 1
677,2025-10-02T19:55:13.411816,9,600.0,672.0,0.0,False,False,False,False,0,0,0,0,0,0,614,340,"[false, false, false]",0,2,0,Starfield Stage - 1
678,2025-10-02T19:55:13.420517,9,600.0,672.0,0.0,False,False,False,False,0,0,0,0,0,0,614,340,"[false, false, false]",0,2,0,Starfield Stage - 1
679,2025-10-02T19:55:13.428600,8,600.0,672.0,0.0,False,False,False,False,0,0,0,0,0,0,614,340,"[false, false, false]",0,2,0,Starfield Stage - 1
680,2025-10-02T19:55:13.436838,8,600.0,672.0,0.0,False,False,False,False,0,0,0,0,0,0,614,340,"[false, false, false]",0,2,0,Starfield Stage - 1
681,2025-10-02T19:55:13.444851,8,600.0,672.0,0.0,False,False,False,False,0,0,0,0,0,0,614,340,"[false, false, false]",0,2,0,Starfield Stage - 1
682,2025-10-02T19:55:13.452983,8,600.0,672.0,0.0,False,False,False,False,0,0,0,0,0,0,614,340,"[false, false, false]",0,2,0,Starfield Stage - 1
683,2025-10-02T19:55:13.461169,8,600.0,672.0,0.0,False,False,False,False,0,0,0,0,0,0,614,340,"[false, false, false]",0,2,0,Starfield Stage - 1
684,2025-10-02T19:55:13.469440,9,600.0,672.0,0.0,False,False,False,False,0,0,0,0,0,0,614,340,"[false, false, false]",0,2,0,Starfield Stage - 1
685,2025-10-02T19:55:13.478511,8,600.0,672.0,0.0,False,False,False,False,0,0,0,0,0,0,614,340,"[false, false, false]",0,2,0,Starfield Stage - 1
686,2025-10-02T19:55:13.485891,8,600.0,672.0,0.0,False,False,False,False,0,0,0,0,0,0,614,340,"[false, false, false]",0,2,0,Starfield Stage - 1
687,2025-10-02T19:55:13.494669,9,600.0,672.0,0.0,False,False,False,False,0,0,0,0,0,0,614,340,"[false, false, false]",0,2,0,Starfield Stage - 1
688,2025-10-02T19:55:13.503185,8,600.0,672.0,0.0,False,False,False,False,0,0,0,0,0,0,614,340,"[false, false, false]",0,2,0,Starfield Stage - 1
689,2025-10-02T19:55:13.511887,9,600.0,672.0,0.0,False,False,False,False,0,0,0,0,0,0,614,340,"[false, false, false]",0,2,0,Starfield Stage - 1
690,2025-10-02T19:55:13.519852,8,600.0,672.0,0.0,False,False,False,False,0,0,0,0,0,0,614,340,"[false, false, false]",0,2,0,Starfield Stage - 1
691,2025-10-02T19:55:13.528309,8,600.0,672.0,0.0,False,False,False,False,0,0,0,0,0,0,614,340,"[false, false, false]",0,2,0,Starfield Stage - 1
692,2025-10-02T19:55:13.536391,8,600.0,672.0,0.0,False,False,False,False,0,0,0,0,0,0,614,340,"[false, false, false]",0,2,0,Starfield Stage - 1
693,2025-10-02T19:55:13.543923,8,600.0,672.0,0.0,False,False,False,False,0,0,0,0,0,0,614,340,"[false, false, false]",0,2,0,Starfield Stage - 1
694,2025-10-02T19:55:13.552236,8,600.0,672.0,0.0,False,False,False,False,0,0,0,0,0,0,614,340,"[false, false, false]",0,2,0,Starfield Stage - 1
695,2025-10-02T19:55:13.560959,9,600.0,672.0,0.0,False,False,False,False,0,0,0,0,0,0,614,340,"[false, false, false]",0,2,0,Starfield Stage - 1
696,2025-10-02T19:55:13.568976,8,600.0,672.0,0.0,False,False,False,False,0,0,0,0,0,0,614,340,"[false, false, false]",0,2,0,Starfield Stage - 1
697,2025-10-02T19:55:13.577654,8,600.0,672.0,0.0,False,False,False,False,0,0,0,0,0,0,614,340,"[false, false, false]",0,2,0,Starfield Stage - 1
698,2025-10-02T19:55:13.586423,8,600.0,672.0,0.0,False,False,False,False,0,0,0,0,0,0,614,340,"[false, false, false]",0,2,0,Starfield Stage - 1
699,2025-10-02T19:55:13.593582,8,600.0,672.0,0.0,False,False,False,False,0,0,0,0,0,0,614,340,"[false, false, false]",0,2,0,Starfield Stage - 1
700,2025-10-02T19:55:13.601174,8,600.0,672.0,0.0,False,False,False,False,0,0,0,0,0,0,614,340,"[false, false, false]",0,2,0,Starfield Stage - 1
701,2025-10-02T19:55:13.609727,9,600.0,672.0,0.0,False,False,False,False,0,0,0,0,0,0,614,340,"[false, false, false]",0,2,0,Starfield Stage - 1
702,2025-10-02T19:55:13.618639,8,600.0,672.0,0.0,False,False,False,False,0,0,0,0,0,0,614,340,"[false, false, false]",0,2,0,Starfield Stage - 1
703,2025-10-02T19:55:13.625874,8,600.0,672.0,0.0,False,False,False,False,0,0,0,0,0,0,614,340,"[false, false, false]",0,2,0,Starfield Stage - 1
704,2025-10-02T19:55:13.634955,8,600.0,672.0,0.0,False,False,False,False,0,0,0,0,0,0,614,340,"[false, false, false]",0,2,0,Starfield Stage - 1
705,2025-10-02T19:55:13.642374,8,600.0,672.0,0.0,False,False,False,False,0,0,0,0,0,0,614,340,"[false, false, false]",0,2,0,Starfield Stage - 1
706,2025-10-02T19:55:13.650812,9,600.0,672.0,0.0,False,False,False,False,0,0,0,0,0,0,614,340,"[false, false, false]",0,2,0,Starfield Stage - 1
707,2025-10-02T19:55:13.659534,8,600.0,672.0,0.0,False,False,False,False,0,0,0,0,0,0,614,340,"[false, false, false]",0,2,0,Starfield Stage - 1
708,2025-10-02T19:55:13.667584,8,600.0,672.0,0.0,False,False,False,False,0,0,0,0,0,0,614,340,"[false, false, false]",0,2,0,Starfield Stage - 1
709,2025-10-02T19:55:13.675386,9,600.0,672.0,0.0,False,False,False,False,0,0,0,0,0,0,614,340,"[false, false, false]",0,2,0,Starfield Stage - 1
710,2025-10-02T19:55:13.685373,9,600.0,672.0,0.0,False,False,False,False,0,0,0,0,0,0,614,340,"[false, false, false]",0,2,0,Starfield Stage - 1
711,2025-10-02T19:55:13.694033,9,600.0,672.0,0.0,False,False,False,False,0,0,0,0,0,0,614,340,"[false, false, false]",0,2,0,Starfield Stage - 1
712,2025-10-02T19:55:13.702300,8,600.0,672.0,0.0,False,False,False,False,0,0,0,0,0,0,614,340,"[false, false, false]",0,2,0,Starfield Stage - 1
713,2025-10-02T19:55:13.711177,9,600.0,672.0,0.0,False,False,False,False,0,0,0,0,0,0,614,340,"[false, false, false]",0,2,0,Starfield Stage - 1
714,2025-10-02T19:55:13.719651,9,600.0,672.0,0.0,False,False,False,False,0,0,0,0,0,0,614,340,"[false, false, false]",0,2,0,Starfield Stage - 1
715,2025-10-02T19:55:13.728470,8,600.0,672.0,0.0,False,False,False,False,0,0,0,0,0,0,614,340,"[false, false, false]",0,2,0,Starfield Stage - 1
716,2025-10-02T19:55:13.735459,8,600.0,672.0,0.0,False,False,False,False,0,0,0,0,0,0,614,340,"[false, false, false]",0,2,0,Starfield Stage - 1
717,2025-10-02T19:55:13.743813,8,600.0,672.0,0.0,False,False,False,False,0,0,0,0,0,0,614,340,"[false, false, false]",0,2,0,Starfield Stage - 1
718,2025-10-02T19:55:13.752286,8,600.0,672.0,0.0,False,False,False,False,0,0,0,0,0,0,614,340,"[false, false, false]",0,2,0,Starfield Stage - 1
719,2025-10-02T19:55:13.760849,9,600.0,672.0,0.0,False,False,False,False,0,0,0,0,0,0,614,340,"[false, false, false]",0,2,0,Starfield Stage - 1
720,2025-10-02T19:55:13.769240,8,600.0,672.0,0.0,False,False,False,False,0,0,0,0,0,0,614,340,"[false, false, false]",0,2,0,Starfield Stage - 1
721,2025-10-02T19:55:13.777966,9,600.0,672.0,0.0,False,False,False,False,0,0,0,0,0,0,614,340,"[false, false, false]",0,2,0,Starfield Stage - 1
722,2025-10-02T19:55:13.786647,8,600.0,672.0,0.0,False,False,False,False,0,0,0,0,0,0,614,340,"[false, false, false]",0,2,0,Starfield Stage - 1
723,2025-10-02T19:55:13.794174,8,600.0,672.0,0.0,False,False,False,False,0,0,0,0,0,0,614,340,"[false, false, false]",0,2,0,Starfield Stage - 1
724,2025-10-02T19:55:13.803136,9,600.0,672.0,0.0,False,False,False,False,0,0,0,0,0,0,614,340,"[false, false, false]",0,2,0,Starfield Stage - 1
725,2025-10-02T19:55:13.812279,9,600.0,672.0,0.0,False,False,False,False,0,0,0,0,0,0,614,340,"[false, false, false]",0,2,0,Starfield Stage - 1
726,2025-10-02T19:55:13.821244,9,600.0,672.0,0.0,False,False,False,False,0,0,0,0,0,0,614,340,"[false, false, false]",0,2,0,Starfield Stage - 1
727,2025-10-02T19:55:13.830189,9,600.0,672.0,0.0,False,False,False,False,0,0,0,0,0,0,614,340,"[false, false, false]",0,2,0,Starfield Stage - 1
728,2025-10-02T19:55:13.839206,9,600.0,672.0,0.0,False,False,False,False,0,0,0,0,0,0,614,340,"[false, false, false]",0,2,0,Starfield Stage - 1
729,2025-10-02T19:55:13.848095,9,600.0,672.0,0.0,False,False,False,False,0,0,0,0,0,0,614,340,"[false, false, false]",0,2,0,Starfield Stage - 1
730,2025-10-02T19:55:13.856687,9,600.0,672.0,0.0,False,False,False,False,0,0,0,0,0,0,614,340,"[false, false, false]",0,2,0,Starfield Stage - 1
731,2025-10-02T19:55:13.865332,8,600.0,672.0,0.0,False,False,False,False,0,0,0,0,0,0,614,340,"[false, false, false]",0,2,0,Starfield Stage - 1
732,2025-10-02T19:55:13.873895,9,600.0,672.0,0.0,False,False,False,False,0,0,0,0,0,0,614,340,"[false, false, false]",0,2,0,Starfield Stage - 1
733,2025-10-02T19:55:13.881823,8,600.0,672.0,0.0,False,False,False,False,0,0,0,0,0,0,614,340,"[false, false, false]",0,2,0,Starfield Stage - 1
734,2025-10-02T19:55:13.890288,8,600.0,672.0,0.0,False,False,False,False,0,0,0,0,0,0,614,340,"[false, false, false]",0,2,0,Starfield Stage - 1
735,2025-10-02T19:55:13.898968,9,600.0,672.0,0.0,False,False,False,False,0,0,0,0,0,0,614,340,"[false, false, false]",0,2,0,Starfield Stage - 1
736,2025-10-02T19:55:13.907112,8,600.0,672.0,0.0,False,False,False,False,0,0,0,0,0,0,614,340,"[false, false, false]",0,2,0,Starfield Stage - 1
737,2025-10-02T19:55:13.915513,8,600.0,672.0,0.0,False,False,False,False,0,0,0,0,0,0,614,340,"[false, false, false]",0,2,0,Starfield Stage - 1
738,2025-10-02T19:55:13.922623,8,600.0,672.0,0.0,False,False,False,False,0,0,0,0,0,0,614,340,"[false, false, false]",0,2,0,Starfield Stage - 1
739,2025-10-02T19:55:13.930843,8,600.0,672.0,0.0,False,False,False,False,0,0,0,0,0,0,614,340,"[false, false, false]",0,2,0,Starfield Stage - 1
740,2025-10-02T19:55:13.940187,9,600.0,672.0,0.0,False,False,False,False,0,0,0,0,0,0,614,340,"[false, false, false]",0,2,0,Starfield Stage - 1
741,2025-10-02T19:55:13.948872,9,600.0,672.0,0.0,False,False,False,False,0,0,0,0,0,0,614,340,"[false, false, false]",0,2,0,Starfield Stage - 1
742,2025-10-02T19:55:13.957347,8,600.0,672.0,0.0,False,False,False,False,0,0,0,0,0,0,614,340,"[false, false, false]",0,2,0,Starfield Stage - 1
743,2025-10-02T19:55:13.964744,8,600.0,672.0,0.0,False,False,False,False,0,0,0,0,0,0,614,340,"[false, false, false]",0,2,0,Starfield Stage - 1
744,2025-10-02T19:55:13.973075,8,600.0,672.0,0.0,False,False,False,False,0,0,0,0,0,0,614,340,"[false, false, false]",0,2,0,Starfield Stage - 1
745,2025-10-02T19:55:13.982148,9,600.0,672.0,0.0,False,False,False,False,0,0,0,0,0,0,614,340,"[false, false, false]",0,2,0,Starfield Stage - 1
746,2025-10-02T19:55:13.990986,9,600.0,672.0,0.0,False,False,False,False,0,0,0,0,0,0,614,340,"[false, false, false]",0,2,0,Starfield Stage - 1
747,2025-10-02T19:55:13.998887,8,600.0,672.0,0.0,False,False,False,False,0,0,0,0,0,0,614,340,"[false, false, false]",0,2,0,Starfield Stage - 1
748,2025-10-02T19:55:14.007612,9,600.0,672.0,0.0,False,False,False,False,0,0,0,0,0,0,614,340,"[false, false, false]",0,2,0,Starfield Stage - 1
749,2025-10-02T19:55:14.016524,9,600.0,672.0,0.0,False,False,False,False,0,0,0,0,0,0,614,340,"[false, false, false]",0,2,0,Starfield Stage - 1
750,2025-10-02T19:55:14.025304,8,600.0,672.0,0.0,False,False,False,False,0,0,0,0,0,0,614,340,"[false, false, false]",0,2,0,Starfield Stage - 1
751,2025-10-02T19:55:14.033747,9,600.0,672.0,0.0,False,False,False,False,0,0,0,0,0,0,614,340,"[false, false, false]",0,2,0,Starfield Stage - 1
752,2025-10-02T19:55:14.042672,8,600.0,672.0,0.0,False,False,False,False,0,0,0,0,0,0,614,340,"[false, false, false]",0,2,0,Starfield Stage - 1
753,2025-10-02T19:55:14.051192,9,600.0,672.0,0.0,False,False,False,False,0,0,0,0,0,0,614,340,"[false, false, false]",0,2,0,Starfield Stage - 1
754,2025-10-02T19:55:14.059734,9,600.0,672.0,0.0,False,False,False,False,0,0,0,0,0,0,614,340,"[false, false, false]",0,2,0,Starfield Stage - 1
755,2025-10-02T19:55:14.067902,8,600.0,672.0,0.0,False,False,False,False,0,0,0,0,0,0,614,340,"[false, false, false]",0,2,0,Starfield Stage - 1
756,2025-10-02T19:55:14.076043,8,600.0,672.0,0.0,False,False,False,False,0,0,0,0,0,0,614,340,"[false, false, false]",0,2,0,Starfield Stage - 1
757,2025-10-02T19:55:14.084153,8,600.0,672.0,0.0,False,False,False,False,0,0,0,0,0,0,614,340,"[false, false, false]",0,2,0,Starfield Stage - 1
758,2025-10-02T19:55:14.092646,9,600.0,672.0,0.0,False,False,False,False,0,0,0,0,0,0,614,340,"[false, false, false]",0,2,0,Starfield Stage - 1
759,2025-10-02T19:55:14.100785,8,600.0,672.0,0.0,False,False,False,False,0,0,0,0,0,0,614,340,"[false, false, false]",0,2,0,Starfield Stage - 1
760,2025-10-02T19:55:14.109456,8,600.0,672.0,0.0,False,False,False,False,0,0,0,0,0,0,614,340,"[false, false, false]",0,2,0,Starfield Stage - 1
761,2025-10-02T19:55:14.117272,8,600.0,672.0,0.0,False,False,False,False,0,0,0,0,0,0,614,340,"[false, false, false]",0,2,0,Starfield Stage - 1
762,2025-10-02T19:55:14.125632,9,600.0,672.0,0.0,False,False,False,False,0,0,0,0,0,0,614,340,"[false, false, false]",0,2,0,Starfield Stage - 1
763,2025-10-02T19:55:14.134559,8,600.0,672.0,0.0,False,False,False,False,0,0,0,0,0,0,614,340,"[false, false, false]",0,2,0,Starfield Stage - 1
764,2025-10-02T19:55:14.141541,8,600.0,672.0,0.0,False,False,False,False,0,0,0,0,0,0,614,340,"[false, false, false]",0,2,0,Starfield Stage - 1
765,2025-10-02T19:55:14.149448,8,600.0,672.0,0.0,False,False,False,False,0,0,0,0,0,0,614,340,"[false, false, false]",0,2,0,Starfield Stage - 1
766,2025-10-02T19:55:14.158336,8,600.0,672.0,0.0,False,False,False,False,0,0,0,0,0,0,614,340,"[false, false, false]",0,2,0,Starfield Stage - 1
767,2025-10-02T19:55:14.167284,9,600.0,672.0,0.0,False,False,False,False,0,0,0,0,0,0,614,340,"[false, false, false]",0,2,0,Starfield Stage - 1
768,2025-10-02T19:55:14.176189,9,600.0,672.0,0.0,False,False,False,False,0,0,0,0,0,0,614,340,"[false, false, false]",0,2,0,Starfield Stage - 1
769,2025-10-02T19:55:14.184901,9,600.0,672.0,0.0,False,False,False,False,0,0,0,0,0,0,614,340,"[false, false, false]",0,2,0,Starfield Stage - 1
770,2025-10-02T19:55:14.193413,8,600.0,672.0,0.0,False,False,False,False,0,0,0,0,0,0,614,340,"[false, false, false]",0,2,0,Starfield Stage - 1
771,2025-10-02T19:55:14.201118,8,600.0,672.0,0.0,False,False,False,False,0,0,0,0,0,0,614,340,"[false, false, false]",0,2,0,Starfield Stage - 1
772,2025-10-02T19:55:14.209833,9,600.0,672.0,0.0,False,False,False,False,0,0,0,0,0,0,614,340,"[false, false, false]",0,2,0,Starfield Stage - 1
773,2025-10-02T19:55:14.218500,8,600.0,672.0,0.0,False,False,False,False,0,0,0,0,0,0,614,340,"[false, false, false]",0,2,0,Starfield Stage - 1
774,2025-10-02T19:55:14.225608,8,600.0,672.0,0.0,False,False,False,False,0,0,0,0,0,0,614,340,"[false, false, false]",0,2,0,Starfield Stage - 1
775,2025-10-02T19:55:14.234229,8,600.0,672.0,0.0,False,False,False,False,0,0,0,0,0,0,614,340,"[false, false, false]",0,2,0,Starfield Stage - 1
776,2025-10-02T19:55:14.243074,9,600.0,672.0,0.0,False,False,False,False,0,0,0,0,0,0,614,340,"[false, false, false]",0,2,0,Starfield Stage - 1
777,2025-10-02T19:55:14.251747,9,600.0,672.0,0.0,False,False,False,False,0,0,0,0,0,0,614,340,"[false, false, false]",0,2,0,Starfield Stage - 1
778,2025-10-02T19:55:14.260154,8,600.0,672.0,0.0,False,False,False,False,0,0,0,0,0,0,614,340,"[false, false, false]",0,2,0,Starfield Stage - 1
779,2025-10-02T19:55:14.268654,9,600.0,672.0,0.0,False,False,False,False,0,0,0,0,0,0,614,340,"[false, false, false]",0,2,0,Starfield Stage - 1
780,2025-10-02T19:55:14.277196,8,600.0,672.0,0.0,False,False,False,False,0,0,0,0,0,0,614,340,"[false, false, false]",0,2,0,Starfield Stage - 1
781,2025-10-02T19:55:14.285532,9,600.0,672.0,0.0,False,False,False,False,0,0,0,0,0,0,614,340,"[false, false, false]",0,2,0,Starfield Stage - 1
782,2025-10-02T19:55:14.293792,8,600.0,672.0,0.0,False,False,False,False,0,0,0,0,0,0,614,340,"[false, false, false]",0,2,0,Starfield Stage - 1
783,2025-10-02T19:55:14.301664,8,600.0,672.0,0.0,False,False,False,False,0,0,0,0,0,0,614,340,"[false, false, false]",0,2,0,Starfield Stage - 1
784,2025-10-02T19:55:14.310204,8,600.0,672.0,0.0,False,False,False,False,0,0,0,0,0,0,614,340,"[false, false, false]",0,2,0,Starfield Stage - 1
785,2025-10-02T19:55:14.318803,9,600.0,672.0,0.0,False,False,False,False,0,0,0,0,0,0,614,340,"[false, false, false]",0,2,0,Starfield Stage - 1
786,2025-10-02T19:55:14.327726,9,600.0,672.0,0.0,False,False,False,False,0,0,0,0,0,0,614,340,"[false, false, false]",0,2,0,Starfield Stage - 1
787,2025-10-02T19:55:14.336370,8,600.0,672.0,0.0,False,False,False,False,0,0,0,0,0,0,614,340,"[false, false, false]",0,2,0,Starfield Stage - 1
788,2025-10-02T19:55:14.345196,9,600.0,672.0,0.0,False,False,False,False,0,0,0,0,0,0,614,340,"[false, false, false]",0,2,0,Starfield Stage - 1
789,2025-10-02T19:55:14.353292,8,600.0,672.0,0.0,False,False,False,False,0,0,0,0,0,0,614,340,"[false, false, false]",0,2,0,Starfield Stage - 1
790,2025-10-02T19:55:14.362018,9,600.0,672.0,0.0,False,False,False,False,0,0,0,0,0,0,614,340,"[false, false, false]",0,2,0,Starfield Stage - 1
791,2025-10-02T19:55:14.371260,9,600.0,672.0,0.0,False,False,False,False,0,0,0,0,0,0,614,340,"[false, false, false]",0,2,0,Starfield Stage - 1
792,2025-10-02T19:55:14.379999,9,600.0,672.0,0.0,False,False,False,False,0,0,0,0,0,0,614,340,"[false, false, false]",0,2,0,Starfield Stage - 1
793,2025-10-02T19:55:14.389349,9,600.0,672.0,0.0,False,False,False,False,0,0,0,0,0,0,614,340,"[false, false, false]",0,2,0,Starfield Stage - 1
794,2025-10-02T19:55:14.398147,9,600.0,672.0,0.0,False,False,False,False,0,0,0,0,0,0,614,340,"[false, false, false]",0,2,0,Starfield Stage - 1
795,2025-10-02T19:55:14.406510,8,600.0,672.0,0.0,False,False,False,False,0,0,0,0,0,0,614,340,"[false, false, false]",0,2,0,Starfield Stage - 1
796,2025-10-02T19:55:14.414020,8,600.0,672.0,0.0,False,False,False,False,0,0,0,0,0,0,614,340,"[false, false, false]",0,2,0,Starfield Stage - 1
797,2025-10-02T19:55:14.422714,9,600.0,672.0,0.0,False,False,False,False,0,0,0,0,0,0,614,340,"[false, false, false]",0,2,0,Starfield Stage - 1
798,2025-10-02T19:55:14.431123,8,600.0,672.0,0.0,False,False,False,False,0,0,0,0,0,0,614,340,"[false, false, false]",0,2,0,Starfield Stage - 1
799,2025-10-02T19:55:14.439696,9,600.0,672.0,0.0,False,False,False,False,0,0,0,0,0,0,614,340,"[false, false, false]",0,2,0,Starfield Stage - 1
800,2025-10-02T19:55:14.448408,8,600.0,672.0,0.0,False,False,False,False,0,0,0,0,0,0,614,340,"[false, false, false]",0,2,0,Starfield Stage - 1
801,2025-10-02T19:55:14.456342,9,600.0,672.0,0.0,False,False,False,False,0,0,0,0,0,0,614,340,"[false, false, false]",0,2,0,Starfield Stage - 1
802,2025-10-02T19:55:14.466671,10,600.0,672.0,0.0,False,False,False,False,0,0,0,0,0,0,614,340,"[false, false, false]",0,2,0,Starfield Stage - 1
803,2025-10-02T19:55:14.474909,8,600.0,672.0,0.0,False,False,False,False,0,0,0,0,0,0,614,340,"[false, false, false]",0,2,0,Starfield Stage - 1
804,2025-10-02T19:55:14.483175,9,600.0,672.0,0.0,False,False,False,False,0,0,0,0,0,0,614,340,"[false, false, false]",0,2,0,Starfield Stage - 1
805,2025-10-02T19:55:14.492710,9,600.0,672.0,0.0,False,False,False,False,0,0,0,0,0,0,614,340,"[false, false, false]",0,2,0,Starfield Stage - 1
806,2025-10-02T19:55:14.501747,8,600.0,672.0,0.0,False,False,False,False,0,0,0,0,0,0,614,340,"[false, false, false]",0,2,0,Starfield Stage - 1
807,2025-10-02T19:55:14.509668,9,600.0,672.0,0.0,False,False,False,False,0,0,0,0,0,0,614,340,"[false, false, false]",0,2,0,Starfield Stage - 1
808,2025-10-02T19:55:14.518115,8,600.0,672.0,0.0,False,False,False,False,0,0,0,0,0,0,614,340,"[false, false, false]",0,2,0,Starfield Stage - 1
809,2025-10-02T19:55:14.526686,9,600.0,672.0,0.0,False,False,False,False,0,0,0,0,0,0,614,340,"[false, false, false]",0,2,0,Starfield Stage - 1
810,2025-10-02T19:55:14.535071,8,600.0,672.0,0.0,False,False,False,False,0,0,0,0,0,0,614,340,"[false, false, false]",0,2,0,Starfield Stage - 1
811,2025-10-02T19:55:14.542936,8,600.0,672.0,0.0,False,False,False,False,0,0,0,0,0,0,614,340,"[false, false, false]",0,2,0,Starfield Stage - 1
812,2025-10-02T19:55:14.552503,9,600.0,672.0,0.0,False,False,False,False,0,0,0,0,0,0,614,340,"[false, false, false]",0,2,0,Starfield Stage - 1
813,2025-10-02T19:55:14.559704,8,600.0,672.0,0.0,False,False,False,False,0,0,0,0,0,0,614,340,"[false, false, false]",0,2,0,Starfield Stage - 1
814,2025-10-02T19:55:14.568144,8,600.0,672.0,0.0,False,False,False,False,0,0,0,0,0,0,614,340,"[false, false, false]",0,2,0,Starfield Stage - 1
815,2025-10-02T19:55:14.577296,9,600.0,672.0,0.0,False,False,False,False,0,0,0,0,0,0,614,340,"[false, false, false]",0,2,0,Starfield Stage - 1
816,2025-10-02T19:55:14.586389,9,600.0,672.0,0.0,False,False,False,False,0,0,0,0,0,0,614,340,"[false, false, false]",0,2,0,Starfield Stage - 1
817,2025-10-02T19:55:14.594900,8,600.0,672.0,0.0,False,False,False,False,0,0,0,0,0,0,614,340,"[false, false, false]",0,2,0,Starfield Stage - 1
818,2025-10-02T19:55:14.602814,9,600.0,672.0,0.0,False,False,False,False,0,0,0,0,0,0,614,340,"[false, false, false]",0,2,0,Starfield Stage - 1
819,2025-10-02T19:55:14.611151,8,600.0,672.0,0.0,False,False,False,False,0,0,0,0,0,0,614,340,"[false, false, false]",0,2,0,Starfield Stage - 1
820,2025-10-02T19:55:14.620210,9,600.0,672.0,0.0,False,False,False,False,0,0,0,0,0,0,614,340,"[false, false, false]",0,2,0,Starfield Stage - 1
821,2025-10-02T19:55:14.630364,10,600.0,672.0,0.0,False,False,False,False,0,0,0,0,0,0,614,340,"[false, false, false]",0,2,0,Starfield Stage - 1
822,2025-10-02T19:55:14.638976,9,600.0,672.0,0.0,False,False,False,False,0,0,0,0,0,0,614,340,"[false, false, false]",0,2,0,Starfield Stage - 1
823,2025-10-02T19:55:14.646975,8,600.0,672.0,0.0,False,False,False,False,0,0,0,0,0,0,614,340,"[false, false, false]",0,2,0,Starfield Stage - 1
824,2025-10-02T19:55:14.655437,8,600.0,672.0,0.0,False,False,False,False,0,0,0,0,0,0,614,340,"[false, false, false]",0,2,0,Starfield Stage - 1
825,2025-10-02T19:55:14.662514,8,600.0,672.0,0.0,False,False,False,False,0,0,0,0,0,0,614,340,"[false, false, false]",0,2,0,Starfield Stage - 1
826,2025-10-02T19:55:14.670669,8,600.0,672.0,0.0,False,False,False,False,0,0,0,0,0,0,614,340,"[false, false, false]",0,2,0,Starfield Stage - 1
827,2025-10-02T19:55:14.679905,9,600.0,672.0,0.0,False,False,False,False,0,0,0,0,0,0,614,340,"[false, false, false]",0,2,0,Starfield Stage - 1
828,2025-10-02T19:55:14.688125,8,600.0,672.0,0.0,False,False,False,False,0,0,0,0,0,0,614,340,"[false, false, false]",0,2,0,Starfield Stage - 1
829,2025-10-02T19:55:14.696685,9,600.0,672.0,0.0,False,False,False,False,0,0,0,0,0,0,614,340,"[false, false, false]",0,2,0,Starfield Stage - 1
830,2025-10-02T19:55:14.704667,8,600.0,672.0,0.0,False,False,False,False,0,0,0,0,0,0,614,340,"[false, false, false]",0,2,0,Starfield Stage - 1
831,2025-10-02T19:55:14.712748,8,600.0,672.0,0.0,False,False,False,False,0,0,0,0,0,0,614,340,"[false, false, false]",0,2,0,Starfield Stage - 1
832,2025-10-02T19:55:14.721415,8,600.0,672.0,0.0,False,False,False,False,0,0,0,0,0,0,614,340,"[false, false, false]",0,2,0,Starfield Stage - 1
833,2025-10-02T19:55:14.728648,8,600.0,672.0,0.0,False,False,False,False,0,0,0,0,0,0,614,340,"[false, false, false]",0,2,0,Starfield Stage - 1
834,2025-10-02T19:55:14.737107,8,600.0,672.0,0.0,False,False,False,False,0,0,0,0,0,0,614,340,"[false, false, false]",0,2,0,Starfield Stage - 1
835,2025-10-02T19:55:14.746265,9,600.0,672.0,0.0,False,False,False,False,0,0,0,0,0,0,614,340,"[false, false, false]",0,2,0,Starfield Stage - 1
836,2025-10-02T19:55:14.755084,9,600.0,672.0,0.0,False,False,False,False,0,0,0,0,0,0,614,340,"[false, false, false]",0,2,0,Starfield Stage - 1
837,2025-10-02T19:55:14.763983,9,600.0,672.0,0.0,False,False,False,False,0,0,0,0,0,0,614,340,"[false, false, false]",0,2,0,Starfield Stage - 1
838,2025-10-02T19:55:14.772697,9,600.0,672.0,0.0,False,False,False,False,0,0,0,0,0,0,614,340,"[false, false, false]",0,2,0,Starfield Stage - 1
839,2025-10-02T19:55:14.781132,8,600.0,672.0,0.0,False,False,False,False,0,0,0,0,0,0,614,340,"[false, false, false]",0,2,0,Starfield Stage - 1
840,2025-10-02T19:55:14.789419,9,600.0,672.0,0.0,False,False,False,False,0,0,0,0,0,0,614,340,"[false, false, false]",0,2,0,Starfield Stage - 1
841,2025-10-02T19:55:14.797275,8,600.0,672.0,0.0,False,False,False,False,0,0,0,0,0,0,614,340,"[false, false, false]",0,2,0,Starfield Stage - 1
842,2025-10-02T19:55:14.806983,9,600.0,672.0,0.0,False,False,False,False,0,0,0,0,0,0,614,340,"[false, false, false]",0,2,0,Starfield Stage - 1
843,2025-10-02T19:55:14.814859,8,600.0,672.0,0.0,False,False,False,False,0,0,0,0,0,0,614,340,"[false, false, false]",0,2,0,Starfield Stage - 1
844,2025-10-02T19:55:14.823313,8,600.0,672.0,0.0,False,False,False,False,0,0,0,0,0,0,614,340,"[false, false, false]",0,2,0,Starfield Stage - 1
845,2025-10-02T19:55:14.831853,9,600.0,672.0,0.0,False,False,False,False,0,0,0,0,0,0,614,340,"[false, false, false]",0,2,0,Starfield Stage - 1
846,2025-10-02T19:55:14.840912,9,600.0,672.0,0.0,False,False,False,False,0,0,0,0,0,0,614,340,"[false, false, false]",0,2,0,Starfield Stage - 1
847,2025-10-02T19:55:14.850099,9,600.0,672.0,0.0,False,False,False,False,0,0,0,0,0,0,614,340,"[false, false, false]",0,2,0,Starfield Stage - 1
848,2025-10-02T19:55:14.859618,9,600.0,672.0,0.0,False,False,False,False,0,0,0,0,0,0,614,340,"[false, false, false]",0,2,0,Starfield Stage - 1
849,2025-10-02T19:55:14.867245,8,600.0,672.0,0.0,False,False,False,False,0,0,0,0,0,0,614,340,"[false, false, false]",0,2,0,Starfield Stage - 1
850,2025-10-02T19:55:14.875583,9,600.0,672.0,0.0,False,False,False,False,0,0,0,0,0,0,614,340,"[false, false, false]",0,2,0,Starfield Stage - 1
851,2025-10-02T19:55:14.883923,8,600.0,672.0,0.0,False,False,False,False,0,0,0,0,0,0,614,340,"[false, false, false]",0,2,0,Starfield Stage - 1
852,2025-10-02T19:55:14.891993,8,600.0,672.0,0.0,False,False,False,False,0,0,0,0,0,0,614,340,"[false, false, false]",0,2,0,Starfield Stage - 1
853,2025-10-02T19:55:14.901072,9,600.0,672.0,0.0,False,False,False,False,0,0,0,0,0,0,614,340,"[false, false, false]",0,2,0,Starfield Stage - 1
854,2025-10-02T19:55:14.909853,9,600.0,672.0,0.0,False,False,False,False,0,0,0,0,0,0,614,340,"[false, false, false]",0,2,0,Starfield Stage - 1
855,2025-10-02T19:55:14.918229,8,600.0,672.0,0.0,False,False,False,False,0,0,0,0,0,0,614,340,"[false, false, false]",0,2,0,Starfield Stage - 1
856,2025-10-02T19:55:14.927082,9,600.0,672.0,0.0,False,False,False,False,0,0,0,0,0,0,614,340,"[false, false, false]",0,2,0,Starfield Stage - 1
857,2025-10-02T19:55:14.935565,9,600.0,672.0,0.0,False,False,False,False,0,0,0,0,0,0,614,340,"[false, false, false]",0,2,0,Starfield Stage - 1
858,2025-10-02T19:55:14.944146,8,600.0,672.0,0.0,False,False,False,False,0,0,0,0,0,0,614,340,"[false, false, false]",0,2,0,Starfield Stage - 1
859,2025-10-02T19:55:14.953470,9,600.0,672.0,0.0,False,False,False,False,0,0,0,0,0,0,614,340,"[false, false, false]",0,2,0,Starfield Stage - 1
860,2025-10-02T19:55:14.962147,8,600.0,672.0,0.0,False,False,False,False,0,0,0,0,0,0,614,340,"[false, false, false]",0,2,0,Starfield Stage - 1
861,2025-10-02T19:55:14.969816,9,600.0,672.0,0.0,False,False,False,False,0,0,0,0,0,0,614,340,"[false, false, false]",0,2,0,Starfield Stage - 1
862,2025-10-02T19:55:14.977838,8,600.0,672.0,0.0,False,False,False,False,0,0,0,0,0,0,614,340,"[false, false, false]",0,2,0,Starfield Stage - 1
863,2025-10-02T19:55:14.986427,8,600.0,672.0,0.0,False,False,False,False,0,0,0,0,0,0,614,340,"[false, false, false]",0,2,0,Starfield Stage - 1
864,2025-10-02T19:55:14.994218,8,600.0,672.0,0.0,False,False,False,False,0,0,0,0,0,0,614,340,"[false, false, false]",0,2,0,Starfield Stage - 1
865,2025-10-02T19:55:15.003197,9,600.0,672.0,0.0,False,False,False,False,0,0,0,0,0,0,614,340,"[false, false, false]",0,2,0,Starfield Stage - 1
866,2025-10-02T19:55:15.012226,9,600.0,672.0,0.0,False,False,False,False,0,0,0,0,0,0,614,340,"[false, false, false]",0,2,0,Starfield Stage - 1
867,2025-10-02T19:55:15.020783,9,600.0,672.0,0.0,False,False,False,False,0,0,0,0,0,0,614,340,"[false, false, false]",0,2,0,Starfield Stage - 1
868,2025-10-02T19:55:15.030032,9,600.0,672.0,0.0,False,False,False,False,0,0,0,0,0,0,614,340,"[false, false, false]",0,2,0,Starfield Stage - 1
869,2025-10-02T19:55:15.038056,8,600.0,672.0,0.0,False,False,False,False,0,0,0,0,0,0,614,340,"[false, false, false]",0,2,0,Starfield Stage - 1
870,2025-10-02T19:55:15.046323,8,600.0,672.0,0.0,False,False,False,False,0,0,0,0,0,0,614,342,"[false, false, false]",0,2,0,Starfield Stage - 1
871,2025-10-02T19:55:15.055700,9,600.0,672.0,0.0,False,False,False,False,0,0,0,0,0,0,614,343,"[false, false, false]",0,2,0,Starfield Stage - 1
872,2025-10-02T19:55:15.063703,9,600.0,672.0,0.0,False,False,False,False,0,0,0,0,0,0,615,345,"[false, false, false]",0,2,0,Starfield Stage - 1
873,2025-10-02T19:55:15.072208,8,600.0,672.0,0.0,False,False,False,False,0,0,0,0,0,0,616,347,"[false, false, false]",0,2,0,Starfield Stage - 1
874,2025-10-02T19:55:15.080934,9,600.0,672.0,0.0,False,False,False,False,0,0,0,0,0,0,618,349,"[false, false, false]",0,2,0,Starfield Stage - 1
875,2025-10-02T19:55:15.090303,9,600.0,672.0,0.0,False,False,False,False,0,0,0,0,0,0,620,352,"[false, false, false]",0,2,0,Starfield Stage - 1
876,2025-10-02T19:55:15.099022,9,600.0,672.0,0.0,False,False,False,False,0,0,0,0,0,0,623,355,"[false, false, false]",0,2,0,Starfield Stage - 1
877,2025-10-02T19:55:15.107154,8,600.0,672.0,0.0,False,False,False,False,0,0,0,0,0,0,626,358,"[false, false, false]",0,2,0,Starfield Stage - 1
878,2025-10-02T19:55:15.116234,9,600.0,672.0,0.0,False,False,False,False,0,0,0,0,0,0,629,361,"[false, false, false]",0,2,0,Starfield Stage - 1
879,2025-10-02T19:55:15.125093,9,600.0,672.0,0.0,False,False,False,False,0,0,0,0,0,0,634,365,"[false, false, false]",0,2,0,Starfield Stage - 1
880,2025-10-02T19:55:15.134267,9,600.0,672.0,0.0,False,False,False,False,0,0,0,0,0,0,638,371,"[false, false, false]",0,2,0,Starfield Stage - 1
881,2025-10-02T19:55:15.142885,9,600.0,672.0,0.0,False,False,False,False,0,0,0,0,0,0,644,378,"[false, false, false]",0,2,0,Starfield Stage - 1
882,2025-10-02T19:55:15.151359,8,600.0,672.0,0.0,False,False,False,False,0,0,0,0,0,0,658,394,"[false, false, false]",0,2,0,Starfield Stage - 1
883,2025-10-02T19:55:15.159795,9,600.0,672.0,0.0,False,False,False,False,0,0,0,0,0,0,666,404,"[false, false, false]",0,2,0,Starfield Stage - 1
884,2025-10-02T19:55:15.169169,8,600.0,672.0,0.0,False,False,False,False,0,0,0,0,0,0,673,413,"[false, false, false]",0,2,0,Starfield Stage - 1
885,2025-10-02T19:55:15.177056,9,600.0,672.0,0.0,False,False,False,False,0,0,0,0,0,0,680,422,"[false, false, false]",0,2,0,Starfield Stage - 1
886,2025-10-02T19:55:15.185097,8,600.0,672.0,0.0,False,False,False,False,0,0,0,0,0,0,687,431,"[false, false, false]",0,2,0,Starfield Stage - 1
887,2025-10-02T19:55:15.194060,9,600.0,672.0,0.0,False,False,False,False,0,0,0,0,0,0,691,438,"[false, false, false]",0,2,0,Starfield Stage - 1
888,2025-10-02T19:55:15.202656,9,600.0,672.0,0.0,False,False,False,False,0,0,0,0,0,0,693,445,"[false, false, false]",0,2,0,Starfield Stage - 1
889,2025-10-02T19:55:15.211847,8,600.0,672.0,0.0,False,False,False,False,0,0,0,0,0,0,695,450,"[false, false, false]",0,2,0,Starfield Stage - 1
890,2025-10-02T19:55:15.219928,9,600.0,672.0,0.0,False,False,False,False,0,0,0,0,0,0,695,455,"[false, false, false]",0,2,0,Starfield Stage - 1
891,2025-10-02T19:55:15.228017,8,600.0,672.0,0.0,False,False,False,False,0,0,0,0,0,0,695,460,"[false, false, false]",0,2,0,Starfield Stage - 1
892,2025-10-02T19:55:15.236523,8,600.0,672.0,0.0,False,False,False,False,0,0,0,0,0,0,695,464,"[false, false, false]",0,2,0,Starfield Stage - 1
893,2025-10-02T19:55:15.244386,8,600.0,672.0,0.0,False,False,False,False,0,0,0,0,0,0,695,466,"[false, false, false]",0,2,0,Starfield Stage - 1
894,2025-10-02T19:55:15.253249,9,600.0,672.0,0.0,False,False,False,False,0,0,0,0,0,0,693,469,"[false, false, false]",0,2,0,Starfield Stage - 1
895,2025-10-02T19:55:15.262116,9,600.0,672.0,0.0,False,False,False,False,0,0,0,0,0,0,692,471,"[false, false, false]",0,2,0,Starfield Stage - 1
896,2025-10-02T19:55:15.272003,9,600.0,672.0,0.0,False,False,False,False,0,0,0,0,0,0,691,473,"[false, false, false]",0,2,0,Starfield Stage - 1
897,2025-10-02T19:55:15.281105,9,600.0,672.0,0.0,False,False,False,False,0,0,0,0,0,0,688,474,"[false, false, false]",0,2,0,Starfield Stage - 1
898,2025-10-02T19:55:15.289895,9,600.0,672.0,0.0,False,False,False,False,0,0,0,0,0,0,687,475,"[false, false, false]",0,2,0,Starfield Stage - 1
899,2025-10-02T19:55:15.298901,8,600.0,672.0,0.0,False,False,False,False,0,0,0,0,0,0,686,475,"[false, false, false]",0,2,0,Starfield Stage - 1
900,2025-10-02T19:55:15.306506,9,600.0,672.0,0.0,False,False,False,False,0,0,0,0,0,0,685,476,"[false, false, false]",0,2,0,Starfield Stage - 1
901,2025-10-02T19:55:15.315650,8,600.0,672.0,0.0,False,False,False,False,0,0,0,0,0,0,683,476,"[false, false, false]",0,2,0,Starfield Stage - 1
902,2025-10-02T19:55:15.323718,8,600.0,672.0,0.0,False,False,False,False,0,0,0,0,0,0,683,476,"[false, false, false]",0,2,0,Starfield Stage - 1
903,2025-10-02T19:55:15.330125,8,600.0,672.0,0.0,False,False,False,False,0,0,0,0,0,0,682,476,"[false, false, false]",0,2,0,Starfield Stage - 1
904,2025-10-02T19:55:15.339675,9,600.0,672.0,0.0,False,False,False,False,0,0,0,0,0,0,681,476,"[false, false, false]",0,2,0,Starfield Stage - 1
905,2025-10-02T19:55:15.347167,8,600.0,672.0,0.0,False,False,False,False,0,0,0,0,0,0,681,476,"[false, false, false]",0,2,0,Starfield Stage - 1
906,2025-10-02T19:55:15.356149,9,600.0,672.0,0.0,False,False,False,False,0,0,0,0,0,0,681,476,"[false, false, false]",0,2,0,Starfield Stage - 1
907,2025-10-02T19:55:15.365226,9,600.0,672.0,0.0,False,False,False,False,0,0,0,0,0,0,680,476,"[false, false, false]",0,2,0,Starfield Stage - 1
908,2025-10-02T19:55:15.374277,9,600.0,672.0,0.0,False,False,False,False,0,0,0,0,0,0,680,476,"[false, false, false]",0,2,0,Starfield Stage - 1
909,2025-10-02T19:55:15.383332,9,600.0,672.0,0.0,False,False,False,False,0,0,0,0,0,0,678,476,"[false, false, false]",0,2,0,Starfield Stage - 1
910,2025-10-02T19:55:15.392070,9,600.0,672.0,0.0,False,False,False,False,0,0,0,0,0,0,678,476,"[false, false, false]",0,2,0,Starfield Stage - 1
911,2025-10-02T19:55:15.400605,8,600.0,672.0,0.0,False,False,False,False,0,0,0,0,0,0,677,476,"[false, false, false]",0,2,0,Starfield Stage - 1
912,2025-10-02T19:55:15.407804,8,600.0,672.0,0.0,False,False,False,False,0,0,0,0,0,0,676,476,"[false, false, false]",0,2,0,Starfield Stage - 1
913,2025-10-02T19:55:15.416866,8,600.0,672.0,0.0,False,False,False,False,0,0,0,0,0,0,675,475,"[false, false, false]",0,2,0,Starfield Stage - 1
914,2025-10-02T19:55:15.425296,9,600.0,672.0,0.0,False,False,False,False,0,0,0,0,0,0,674,475,"[false, false, false]",0,2,0,Starfield Stage - 1
915,2025-10-02T19:55:15.434059,9,600.0,672.0,0.0,False,False,False,False,0,0,0,0,0,0,672,474,"[false, false, false]",0,2,0,Starfield Stage - 1
916,2025-10-02T19:55:15.442369,8,600.0,672.0,0.0,False,False,False,False,0,0,0,0,0,0,670,472,"[false, false, false]",0,2,0,Starfield Stage - 1
917,2025-10-02T19:55:15.451424,9,600.0,672.0,0.0,False,False,False,False,0,0,0,0,0,0,668,471,"[false, false, false]",0,2,0,Starfield Stage - 1
918,2025-10-02T19:55:15.459931,9,600.0,672.0,0.0,False,False,False,False,0,0,0,0,0,0,665,469,"[false, false, false]",0,2,0,Starfield Stage - 1
919,2025-10-02T19:55:15.468973,9,600.0,672.0,0.0,False,False,False,False,0,0,0,0,0,0,662,466,"[false, false, false]",0,2,0,Starfield Stage - 1
920,2025-10-02T19:55:15.477481,8,600.0,672.0,0.0,False,False,False,False,0,0,0,0,0,0,659,464,"[false, false, false]",0,2,0,Starfield Stage - 1
921,2025-10-02T19:55:15.485714,8,600.0,672.0,0.0,False,False,False,False,0,0,0,0,0,0,655,461,"[false, false, false]",0,2,0,Starfield Stage - 1
922,2025-10-02T19:55:15.493237,8,600.0,672.0,0.0,False,False,False,False,0,0,0,0,0,0,652,459,"[false, false, false]",0,2,0,Starfield Stage - 1
923,2025-10-02T19:55:15.503059,9,600.0,672.0,0.0,False,False,False,False,0,0,0,0,0,0,649,457,"[false, false, false]",0,2,0,Starfield Stage - 1
924,2025-10-02T19:55:15.511600,9,600.0,672.0,0.0,False,False,False,False,0,0,0,0,0,0,647,455,"[false, false, false]",0,2,0,Starfield Stage - 1
925,2025-10-02T19:55:15.519008,8,600.0,672.0,0.0,False,False,False,False,0,0,0,0,0,0,643,452,"[false, false, false]",0,2,0,Starfield Stage - 1
926,2025-10-02T19:55:15.528275,9,600.0,672.0,0.0,False,False,False,False,0,0,0,0,0,0,642,451,"[false, false, false]",0,2,0,Starfield Stage - 1
927,2025-10-02T19:55:15.536473,9,600.0,672.0,0.0,False,False,False,False,0,0,0,0,0,0,641,450,"[false, false, false]",0,2,0,Starfield Stage - 1
928,2025-10-02T19:55:15.545410,8,600.0,672.0,0.0,False,False,False,False,0,0,0,0,0,0,641,449,"[false, false, false]",0,2,0,Starfield Stage - 1
929,2025-10-02T19:55:15.553157,8,600.0,672.0,0.0,False,False,False,False,0,0,0,0,0,0,640,449,"[false, false, false]",0,2,0,Starfield Stage - 1
930,2025-10-02T19:55:15.562261,9,600.0,672.0,0.0,False,False,False,False,0,0,0,0,0,0,640,448,"[false, false, false]",0,2,0,Starfield Stage - 1
931,2025-10-02T19:55:15.571206,9,600.0,672.0,0.0,False,False,False,False,0,0,0,0,0,0,639,448,"[false, false, false]",0,2,0,Starfield Stage - 1
932,2025-10-02T19:55:15.580417,9,600.0,672.0,0.0,False,False,False,False,0,0,0,0,0,0,639,447,"[false, false, false]",0,2,0,Starfield Stage - 1
933,2025-10-02T19:55:15.588557,8,600.0,672.0,0.0,False,False,False,False,0,0,0,0,0,0,639,446,"[false, false, false]",0,2,0,Starfield Stage - 1
934,2025-10-02T19:55:15.595713,8,600.0,672.0,0.0,False,False,False,False,0,0,0,0,0,0,638,446,"[false, false, false]",0,2,0,Starfield Stage - 1
935,2025-10-02T19:55:15.604607,9,600.0,672.0,0.0,False,False,False,False,0,0,0,0,0,0,637,445,"[false, false, false]",0,2,0,Starfield Stage - 1
936,2025-10-02T19:55:15.612975,8,600.0,672.0,0.0,False,False,False,False,0,0,0,0,0,0,637,444,"[false, false, false]",0,2,0,Starfield Stage - 1
937,2025-10-02T19:55:15.621865,9,600.0,672.0,0.0,False,False,False,False,0,0,0,0,0,0,637,444,"[false, false, false]",0,2,0,Starfield Stage - 1
938,2025-10-02T19:55:15.630356,8,600.0,672.0,0.0,False,False,False,False,0,0,0,0,0,0,637,443,"[false, false, false]",0,2,0,Starfield Stage - 1
939,2025-10-02T19:55:15.638847,9,600.0,672.0,0.0,False,False,False,False,0,0,0,0,0,0,637,443,"[false, false, false]",0,2,0,Starfield Stage - 1
940,2025-10-02T19:55:15.647627,8,600.0,672.0,0.0,False,False,False,False,0,0,0,0,0,0,636,442,"[false, false, false]",0,2,0,Starfield Stage - 1
941,2025-10-02T19:55:15.655207,8,600.0,672.0,0.0,False,False,False,False,0,0,0,0,0,0,636,441,"[false, false, false]",0,2,0,Starfield Stage - 1
942,2025-10-02T19:55:15.664091,9,600.0,672.0,0.0,False,False,False,False,0,0,0,0,0,0,636,441,"[false, false, false]",0,2,0,Starfield Stage - 1
943,2025-10-02T19:55:15.672427,8,600.0,672.0,0.0,False,False,False,False,0,0,0,0,0,0,636,440,"[false, false, false]",0,2,0,Starfield Stage - 1
944,2025-10-02T19:55:15.679676,8,600.0,672.0,0.0,False,False,False,False,0,0,0,0,0,0,636,440,"[false, false, false]",0,2,0,Starfield Stage - 1
945,2025-10-02T19:55:15.687995,8,600.0,672.0,0.0,False,False,False,False,0,0,0,0,0,0,636,440,"[false, false, false]",0,2,0,Starfield Stage - 1
946,2025-10-02T19:55:15.697244,9,600.0,672.0,0.0,False,False,False,False,0,0,0,0,0,0,636,440,"[false, false, false]",0,2,0,Starfield Stage - 1
947,2025-10-02T19:55:15.705810,9,600.0,672.0,0.0,False,False,False,False,0,0,0,0,0,0,637,440,"[false, false, false]",0,2,0,Starfield Stage - 1
948,2025-10-02T19:55:15.715200,9,600.0,672.0,0.0,False,False,False,False,0,0,0,0,0,0,637,440,"[false, false, false]",0,2,0,Starfield Stage - 1
949,2025-10-02T19:55:15.723964,9,600.0,672.0,0.0,False,False,False,False,0,0,0,0,0,0,637,440,"[false, false, false]",0,2,0,Starfield Stage - 1
950,2025-10-02T19:55:15.731981,8,600.0,672.0,0.0,False,False,False,False,0,0,0,0,0,0,637,440,"[false, false, false]",0,2,0,Starfield Stage - 1
951,2025-10-02T19:55:15.740952,9,600.0,672.0,0.0,False,False,False,False,0,0,0,0,0,0,637,440,"[false, false, false]",0,2,0,Starfield Stage - 1
952,2025-10-02T19:55:15.750008,9,600.0,672.0,0.0,False,False,False,False,0,0,0,0,0,0,637,440,"[false, false, false]",0,2,0,Starfield Stage - 1
953,2025-10-02T19:55:15.758718,8,600.0,672.0,0.0,False,False,False,False,0,0,0,0,0,0,637,440,"[false, false, false]",0,2,0,Starfield Stage - 1
954,2025-10-02T19:55:15.765751,8,600.0,672.0,0.0,False,False,False,False,0,0,0,0,0,0,637,440,"[false, false, false]",0,2,0,Starfield Stage - 1
955,2025-10-02T19:55:15.773797,8,600.0,672.0,0.0,False,False,False,False,0,0,0,0,0,0,637,440,"[false, false, false]",0,2,0,Starfield Stage - 1
956,2025-10-02T19:55:15.782133,8,600.0,672.0,0.0,False,False,False,False,0,0,0,0,0,0,637,440,"[false, false, false]",0,2,0,Starfield Stage - 1
957,2025-10-02T19:55:15.790749,9,600.0,672.0,0.0,False,False,False,False,0,0,0,0,0,0,637,440,"[false, false, false]",0,2,0,Starfield Stage - 1
958,2025-10-02T19:55:15.798951,8,600.0,672.0,0.0,False,False,False,False,0,0,0,0,0,0,637,440,"[false, false, false]",0,2,0,Starfield Stage - 1
959,2025-10-02T19:55:15.807060,8,600.0,672.0,0.0,False,False,False,False,0,0,0,0,0,0,637,440,"[false, false, false]",0,2,0,Starfield Stage - 1
960,2025-10-02T19:55:15.815175,8,600.0,672.0,0.0,False,False,False,False,0,0,0,0,0,0,637,440,"[false, false, false]",0,2,0,Starfield Stage - 1
961,2025-10-02T19:55:15.824222,9,600.0,672.0,0.0,False,False,False,False,0,0,0,0,0,0,637,440,"[false, false, false]",0,2,0,Starfield Stage - 1
962,2025-10-02T19:55:15.833423,9,600.0,672.0,0.0,False,False,False,False,0,0,0,0,0,0,637,440,"[false, false, false]",0,2,0,Starfield Stage - 1
963,2025-10-02T19:55:15.841037,8,600.0,672.0,0.0,False,False,False,False,0,0,0,0,0,0,637,440,"[false, false, false]",0,2,0,Starfield Stage - 1
964,2025-10-02T19:55:15.849573,8,600.0,672.0,0.0,False,False,False,False,0,0,0,0,0,0,637,440,"[false, false, false]",0,2,0,Starfield Stage - 1
965,2025-10-02T19:55:15.857082,8,600.0,672.0,0.0,False,False,False,False,0,0,0,0,0,0,637,440,"[false, false, false]",0,2,0,Starfield Stage - 1
966,2025-10-02T19:55:15.865017,8,600.0,672.0,0.0,False,False,False,False,0,0,0,0,0,0,637,440,"[false, false, false]",0,2,0,Starfield Stage - 1
967,2025-10-02T19:55:15.873195,8,600.0,672.0,0.0,False,False,False,False,0,0,0,0,0,0,637,440,"[false, false, false]",0,2,0,Starfield Stage - 1
968,2025-10-02T19:55:15.881742,9,600.0,672.0,0.0,False,False,False,False,0,0,0,0,0,0,637,440,"[false, false, false]",0,2,0,Starfield Stage - 1
969,2025-10-02T19:55:15.891023,9,600.0,672.0,0.0,False,False,False,False,0,0,0,0,0,0,637,440,"[false, false, false]",0,2,0,Starfield Stage - 1
970,2025-10-02T19:55:15.900041,9,600.0,672.0,0.0,False,False,False,False,0,0,0,0,0,0,637,440,"[false, false, false]",0,2,0,Starfield Stage - 1
971,2025-10-02T19:55:15.909348,9,600.0,672.0,0.0,False,False,False,False,0,0,0,0,0,0,637,440,"[false, false, false]",0,2,0,Starfield Stage - 1
972,2025-10-02T19:55:15.917396,9,600.0,672.0,0.0,False,False,False,False,0,0,0,0,0,0,637,440,"[false, false, false]",0,2,0,Starfield Stage - 1
973,2025-10-02T19:55:15.926349,8,600.0,672.0,0.0,False,False,False,False,0,0,0,0,0,0,637,440,"[false, false, false]",0,2,0,Starfield Stage - 1
974,2025-10-02T19:55:15.936663,9,600.0,672.0,0.0,False,False,False,False,0,0,0,0,0,0,637,440,"[false, false, false]",0,2,0,Starfield Stage - 1
975,2025-10-02T19:55:15.944285,8,600.0,672.0,0.0,False,False,False,False,0,0,0,0,0,0,637,440,"[false, false, false]",0,2,0,Starfield Stage - 1
976,2025-10-02T19:55:15.953595,9,600.0,672.0,0.0,False,False,False,False,0,0,0,0,0,0,637,440,"[false, false, false]",0,2,0,Starfield Stage - 1
977,2025-10-02T19:55:15.962513,8,600.0,672.0,0.0,False,False,False,False,0,0,0,0,0,0,637,440,"[false, false, false]",0,2,0,Starfield Stage - 1
978,2025-10-02T19:55:15.968897,8,600.0,672.0,0.0,False,False,False,False,0,0,0,0,0,0,637,440,"[false, false, false]",0,2,0,Starfield Stage - 1
979,2025-10-02T19:55:15.977270,8,600.0,672.0,0.0,False,False,False,False,0,0,0,0,0,0,637,440,"[false, false, false]",0,2,0,Starfield Stage - 1
980,2025-10-02T19:55:15.987055,9,600.0,672.0,0.0,False,False,False,False,0,0,0,0,0,0,637,440,"[false, false, false]",0,2,0,Starfield Stage - 1
981,2025-10-02T19:55:15.993886,9,600.0,672.0,0.0,False,False,False,False,0,0,0,0,0,0,637,440,"[false, false, false]",0,2,0,Starfield Stage - 1
982,2025-10-02T19:55:16.003391,10,600.0,672.0,0.0,False,False,False,False,0,0,0,0,0,0,637,440,"[false, false, false]",0,2,0,Starfield Stage - 1
983,2025-10-02T19:55:16.012452,8,600.0,672.0,0.0,False,False,False,False,0,0,0,0,0,0,637,440,"[false, false, false]",0,2,0,Starfield Stage - 1
984,2025-10-02T19:55:16.019974,8,600.0,672.0,0.0,False,False,False,False,0,0,0,0,0,0,637,440,"[false, false, false]",0,2,0,Starfield Stage - 1
985,2025-10-02T19:55:16.028148,8,600.0,672.0,0.0,False,False,False,False,0,0,0,0,0,0,637,440,"[false, false, false]",0,2,0,Starfield Stage - 1
986,2025-10-02T19:55:16.037420,9,600.0,672.0,0.0,False,False,False,False,0,0,0,0,0,0,637,440,"[false, false, false]",0,2,0,Starfield Stage - 1
987,2025-10-02T19:55:16.044890,8,600.0,672.0,0.0,False,False,False,False,0,0,0,0,0,0,637,440,"[false, false, false]",0,2,0,Starfield Stage - 1
988,2025-10-02T19:55:16.053127,8,600.0,672.0,0.0,False,False,False,False,0,0,0,0,0,0,637,440,"[false, false, false]",0,2,0,Starfield Stage - 1
989,2025-10-02T19:55:16.061900,9,600.0,672.0,0.0,False,False,False,False,0,0,0,0,0,0,637,440,"[false, false, false]",0,2,0,Starfield Stage - 1
990,2025-10-02T19:55:16.070680,9,600.0,672.0,0.0,False,False,False,False,0,0,0,0,0,0,637,440,"[false, false, false]",0,2,0,Starfield Stage - 1
991,2025-10-02T19:55:16.079042,8,600.0,672.0,0.0,False,False,False,False,0,0,0,0,0,0,637,440,"[false, false, false]",0,2,0,Starfield Stage - 1
992,2025-10-02T19:55:16.087906,9,600.0,672.0,0.0,False,False,False,False,0,0,0,0,0,0,637,440,"[false, false, false]",0,2,0,Starfield Stage - 1
993,2025-10-02T19:55:16.096234,8,600.0,672.0,0.0,False,False,False,False,0,0,0,0,0,0,637,440,"[false, false, false]",0,2,0,Starfield Stage - 1
994,2025-10-02T19:55:16.104793,9,600.0,672.0,0.0,False,False,False,False,0,0,0,0,0,0,637,440,"[false, false, false]",0,2,0,Starfield Stage - 1
995,2025-10-02T19:55:16.113455,8,600.0,672.0,0.0,False,False,False,False,0,0,0,0,0,0,637,440,"[false, false, false]",0,2,0,Starfield Stage - 1
996,2025-10-02T19:55:16.121611,8,600.0,672.0,0.0,False,False,False,False,0,0,0,0,0,0,637,440,"[false, false, false]",0,2,0,Starfield Stage - 1
997,2025-10-02T19:55:16.130652,9,600.0,672.0,0.0,False,False,False,False,0,0,0,0,0,0,637,440,"[false, false, false]",0,2,0,Starfield Stage - 1
998,2025-10-02T19:55:16.138159,8,600.0,672.0,0.0,False,False,False,False,0,0,0,0,0,0,637,440,"[false, false, false]",0,2,0,Starfield Stage - 1
999,2025-10-02T19:55:16.146312,8,600.0,672.0,0.0,False,False,False,False,0,0,0,0,0,0,637,440,"[false, false, false]",0,2,0,Starfield Stage - 1
1000,2025-10-02T19:55:16.154622,9,600.0,672.0,0.0,False,False,False,False,0,0,0,0,0,0,637,440,"[false, false, false]",0,2,0,Starfield Stage - 1
1001,2025-10-02T19:55:16.163610,8,600.0,672.0,0.0,False,False,False,False,0,0,0,0,0,0,637,440,"[false, false, false]",0,2,0,Starfield Stage - 1
1002,2025-10-02T19:55:16.171143,8,600.0,672.0,0.0,False,False,False,False,0,0,0,0,0,0,637,440,"[false, false, false]",0,2,0,Starfield Stage - 1
1003,2025-10-02T19:55:16.180229,9,600.0,672.0,0.0,False,False,False,False,0,0,0,0,0,0,637,440,"[false, false, false]",0,2,0,Starfield Stage - 1
1004,2025-10-02T19:55:16.189144,9,600.0,672.0,0.0,False,False,False,False,0,0,0,0,0,0,637,440,"[false, false, false]",0,2,0,Starfield Stage - 1
1005,2025-10-02T19:55:16.197372,8,600.0,672.0,0.0,False,False,False,False,0,0,0,0,0,0,637,440,"[false, false, false]",0,2,0,Starfield Stage - 1
1006,2025-10-02T19:55:16.206327,9,600.0,672.0,0.0,False,False,False,False,0,0,0,0,0,0,637,440,"[false, false, false]",0,2,0,Starfield Stage - 1
1007,2025-10-02T19:55:16.214927,9,600.0,672.0,0.0,False,False,False,False,0,0,0,0,0,0,637,440,"[false, false, false]",0,2,0,Starfield Stage - 1
1008,2025-10-02T19:55:16.223098,8,600.0,672.0,0.0,False,False,False,False,0,0,0,0,0,0,637,440,"[false, false, false]",0,2,0,Starfield Stage - 1
1009,2025-10-02T19:55:16.232015,9,600.0,672.0,0.0,False,False,False,False,0,0,0,0,0,0,637,440,"[false, false, false]",0,2,0,Starfield Stage - 1
1010,2025-10-02T19:55:16.240721,8,600.0,672.0,0.0,False,False,False,False,0,0,0,0,0,0,637,440,"[false, false, false]",0,2,0,Starfield Stage - 1
1011,2025-10-02T19:55:16.248806,8,600.0,672.0,0.0,False,False,False,False,0,0,0,0,0,0,637,440,"[false, false, false]",0,2,0,Starfield Stage - 1
1012,2025-10-02T19:55:16.255816,8,600.0,672.0,0.0,False,False,False,False,0,0,0,0,0,0,637,440,"[false, false, false]",0,2,0,Starfield Stage - 1
1013,2025-10-02T19:55:16.263981,8,600.0,672.0,0.0,False,False,False,False,0,0,0,0,0,0,637,440,"[false, false, false]",0,2,0,Starfield Stage - 1
1014,2025-10-02T19:55:16.272378,8,600.0,672.0,0.0,False,False,False,False,0,0,0,0,0,0,637,440,"[false, false, false]",0,2,0,Starfield Stage - 1
1015,2025-10-02T19:55:16.281263,9,600.0,672.0,0.0,False,False,False,False,0,0,0,0,0,0,637,440,"[false, false, false]",0,2,0,Starfield Stage - 1
1016,2025-10-02T19:55:16.290658,9,600.0,672.0,0.0,False,False,False,False,0,0,0,0,0,0,637,440,"[false, false, false]",0,2,0,Starfield Stage - 1
1017,2025-10-02T19:55:16.298776,8,600.0,672.0,0.0,False,False,False,False,0,0,0,0,0,0,637,440,"[false, false, false]",0,2,0,Starfield Stage - 1
1018,2025-10-02T19:55:16.306857,9,600.0,672.0,0.0,False,False,False,False,0,0,0,0,0,0,637,440,"[false, false, false]",0,2,0,Starfield Stage - 1
1019,2025-10-02T19:55:16.315588,8,600.0,672.0,0.0,False,False,False,False,0,0,0,0,0,0,637,440,"[false, false, false]",0,2,0,Starfield Stage - 1
1020,2025-10-02T19:55:16.323147,8,600.0,672.0,0.0,False,False,False,False,0,0,0,0,0,0,637,440,"[false, false, false]",0,2,0,Starfield Stage - 1
1021,2025-10-02T19:55:16.332646,9,600.0,672.0,0.0,False,False,False,False,0,0,0,0,0,0,637,440,"[false, false, false]",0,2,0,Starfield Stage - 1
1022,2025-10-02T19:55:16.340093,8,600.0,672.0,0.0,False,False,False,False,0,0,0,0,0,0,637,440,"[false, false, false]",0,2,0,Starfield Stage - 1
1023,2025-10-02T19:55:16.348805,9,600.0,672.0,0.0,False,False,False,False,0,0,0,0,0,0,637,440,"[false, false, false]",0,2,0,Starfield Stage - 1
1024,2025-10-02T19:55:16.358169,9,600.0,672.0,0.0,False,False,False,False,0,0,0,0,0,0,637,440,"[false, false, false]",0,2,0,Starfield Stage - 1
1025,2025-10-02T19:55:16.366784,9,600.0,672.0,0.0,False,False,False,False,0,0,0,0,0,0,637,440,"[false, false, false]",0,2,0,Starfield Stage - 1
1026,2025-10-02T19:55:16.374961,8,600.0,672.0,0.0,False,False,False,False,0,0,0,0,0,0,637,440,"[false, false, false]",0,2,0,Starfield Stage - 1
1027,2025-10-02T19:55:16.383596,8,600.0,672.0,0.0,False,False,False,False,0,0,0,0,0,0,637,440,"[false, false, false]",0,2,0,Starfield Stage - 1
