frame,timestamp,dt,ship_centerx,ship_centery,ship_angle,moving_right,moving_left,moving_up,moving_down,bullets_count,aliens_count,cargoes_count,alien_bullets_count,hearts_count,shields_count,mouse_x,mouse_y,mouse_buttons,score,ships_left,current_region_index,region_name
0,2025-09-30T14:44:08.370775,0,600.0,672.0,0.0,False,False,False,False,0,0,0,0,0,0,264,472,"[false, false, false]",0,2,0,Starfield Stage - 1
1,2025-09-30T14:44:08.503492,10,600.0,672.0,0.0,False,False,False,False,0,0,0,0,0,0,697,0,"[false, false, false]",0,2,0,Starfield Stage - 1
2,2025-09-30T14:44:08.505741,132,600.0,672.0,0.0,False,False,False,False,0,1,0,0,0,0,697,0,"[false, false, false]",0,2,0,Starfield Stage - 1
3,2025-09-30T14:44:08.512845,8,600.0,672.0,0.0,False,False,False,False,0,1,0,0,0,0,697,0,"[false, false, false]",0,2,0,Starfield Stage - 1
4,2025-09-30T14:44:08.521509,8,600.0,672.0,0.0,False,False,False,False,0,1,0,0,0,0,697,0,"[false, false, false]",0,2,0,Starfield Stage - 1
5,2025-09-30T14:44:08.530987,9,600.0,672.0,0.0,False,False,False,False,0,1,0,0,0,0,697,0,"[false, false, false]",0,2,0,Starfield Stage - 1
6,2025-09-30T14:44:08.538484,9,600.0,672.0,0.0,False,False,False,False,0,1,0,0,0,0,697,0,"[false, false, false]",0,2,0,Starfield Stage - 1
7,2025-09-30T14:44:08.548269,9,600.0,672.0,0.0,False,False,False,False,0,1,0,0,0,0,697,0,"[false, false, false]",0,2,0,Starfield Stage - 1
8,2025-09-30T14:44:08.557242,9,600.0,672.0,0.0,False,False,False,False,0,1,0,0,0,0,697,0,"[false, false, false]",0,2,0,Starfield Stage - 1
9,2025-09-30T14:44:08.566229,9,600.0,672.0,0.0,False,False,False,False,0,1,0,0,0,0,697,0,"[false, false, false]",0,2,0,Starfield Stage - 1
10,2025-09-30T14:44:08.574919,9,600.0,672.0,0.0,False,False,False,False,0,1,0,0,0,0,697,0,"[false, false, false]",0,2,0,Starfield Stage - 1
11,2025-09-30T14:44:08.634204,8,600.0,672.0,0.0,False,False,False,False,0,1,0,0,0,0,697,0,"[false, false, false]",0,2,0,Starfield Stage - 1
12,2025-09-30T14:44:08.636033,53,600.0,672.0,0.0,False,False,False,False,0,1,0,0,0,0,697,0,"[false, false, false]",0,2,0,Starfield Stage - 1
13,2025-09-30T14:44:08.645413,9,600.0,672.0,0.0,False,False,False,False,0,1,0,0,0,0,697,0,"[false, false, false]",0,2,0,Starfield Stage - 1
14,2025-09-30T14:44:08.654428,9,600.0,672.0,0.0,False,False,False,False,0,1,0,0,0,0,697,0,"[false, false, false]",0,2,0,Starfield Stage - 1
15,2025-09-30T14:44:08.662878,9,600.0,672.0,0.0,False,False,False,False,0,1,0,0,0,0,697,0,"[false, false, false]",0,2,0,Starfield Stage - 1
16,2025-09-30T14:44:08.671242,8,600.0,672.0,0.0,False,False,False,False,0,1,0,0,0,0,697,0,"[false, false, false]",0,2,0,Starfield Stage - 1
17,2025-09-30T14:44:08.679269,8,600.0,672.0,0.0,False,False,False,False,0,1,0,0,0,0,697,0,"[false, false, false]",0,2,0,Starfield Stage - 1
18,2025-09-30T14:44:08.687249,8,600.0,672.0,0.0,False,False,False,False,0,1,0,0,0,0,697,0,"[false, false, false]",0,2,0,Starfield Stage - 1
19,2025-09-30T14:44:08.695309,8,600.0,672.0,0.0,False,False,False,False,0,1,0,0,0,0,697,0,"[false, false, false]",0,2,0,Starfield Stage - 1
20,2025-09-30T14:44:08.703607,9,600.0,672.0,0.0,False,False,False,False,0,1,0,0,0,0,697,0,"[false, false, false]",0,2,0,Starfield Stage - 1
21,2025-09-30T14:44:08.712048,8,600.0,672.0,0.0,False,False,False,False,0,1,0,0,0,0,697,0,"[false, false, false]",0,2,0,Starfield Stage - 1
22,2025-09-30T14:44:08.720431,8,600.0,672.0,0.0,False,False,False,False,0,1,0,0,0,0,697,0,"[false, false, false]",0,2,0,Starfield Stage - 1
23,2025-09-30T14:44:08.728379,9,600.0,672.0,0.0,False,False,False,False,0,1,0,0,0,0,697,0,"[false, false, false]",0,2,0,Starfield Stage - 1
24,2025-09-30T14:44:08.737477,9,600.0,672.0,0.0,False,False,False,False,0,1,0,0,0,0,697,0,"[false, false, false]",0,2,0,Starfield Stage - 1
25,2025-09-30T14:44:08.747062,9,600.0,672.0,0.0,False,False,False,False,0,1,0,0,0,0,697,0,"[false, false, false]",0,2,0,Starfield Stage - 1
26,2025-09-30T14:44:08.755983,8,600.0,672.0,0.0,False,False,False,False,0,1,0,0,0,0,697,0,"[false, false, false]",0,2,0,Starfield Stage - 1
27,2025-09-30T14:44:08.763501,9,600.0,672.0,0.0,False,False,False,False,0,1,0,0,0,0,697,0,"[false, false, false]",0,2,0,Starfield Stage - 1
28,2025-09-30T14:44:08.773147,9,600.0,672.0,0.0,False,False,False,False,0,1,0,0,0,0,697,0,"[false, false, false]",0,2,0,Starfield Stage - 1
29,2025-09-30T14:44:08.781081,8,600.0,672.0,0.0,False,False,False,False,0,1,0,0,0,0,697,0,"[false, false, false]",0,2,0,Starfield Stage - 1
30,2025-09-30T14:44:08.840912,9,600.0,672.0,0.0,False,False,False,False,0,1,0,0,0,0,697,0,"[false, false, false]",0,2,0,Starfield Stage - 1
31,2025-09-30T14:44:08.842704,53,600.0,672.0,0.0,False,False,False,False,0,1,0,0,0,0,697,0,"[false, false, false]",0,2,0,Starfield Stage - 1
32,2025-09-30T14:44:08.851138,8,600.0,672.0,0.0,False,False,False,False,0,1,0,0,0,0,697,0,"[false, false, false]",0,2,0,Starfield Stage - 1
33,2025-09-30T14:44:08.859322,8,600.0,672.0,0.0,False,False,False,False,0,1,0,0,0,0,697,0,"[false, false, false]",0,2,0,Starfield Stage - 1
34,2025-09-30T14:44:08.867314,8,600.0,672.0,0.0,False,False,False,False,0,1,0,0,0,0,697,0,"[false, false, false]",0,2,0,Starfield Stage - 1
35,2025-09-30T14:44:08.875483,8,600.0,672.0,0.0,False,False,False,False,0,1,0,0,0,0,697,0,"[false, false, false]",0,2,0,Starfield Stage - 1
36,2025-09-30T14:44:08.883899,9,600.0,672.0,0.0,False,False,False,False,0,1,0,0,0,0,697,0,"[false, false, false]",0,2,0,Starfield Stage - 1
37,2025-09-30T14:44:08.892271,8,600.0,672.0,0.0,False,False,False,False,0,1,0,0,0,0,697,0,"[false, false, false]",0,2,0,Starfield Stage - 1
38,2025-09-30T14:44:08.900536,9,600.0,672.0,0.0,False,False,False,False,0,1,0,0,0,0,697,0,"[false, false, false]",0,2,0,Starfield Stage - 1
39,2025-09-30T14:44:08.909965,9,600.0,672.0,0.0,False,False,False,False,0,1,0,0,0,0,697,0,"[false, false, false]",0,2,0,Starfield Stage - 1
40,2025-09-30T14:44:08.918070,8,600.0,672.0,0.0,False,False,False,False,0,1,0,0,0,0,697,0,"[false, false, false]",0,2,0,Starfield Stage - 1
41,2025-09-30T14:44:08.926052,8,600.0,672.0,0.0,False,False,False,False,0,1,0,0,0,0,697,0,"[false, false, false]",0,2,0,Starfield Stage - 1
42,2025-09-30T14:44:08.934635,9,600.0,672.0,0.0,False,False,False,False,0,1,0,0,0,0,697,0,"[false, false, false]",0,2,0,Starfield Stage - 1
43,2025-09-30T14:44:08.942936,8,600.0,672.0,0.0,False,False,False,False,0,1,0,0,0,0,697,0,"[false, false, false]",0,2,0,Starfield Stage - 1
44,2025-09-30T14:44:08.951584,9,600.0,672.0,0.0,False,False,False,False,0,1,0,0,0,0,697,0,"[false, false, false]",0,2,0,Starfield Stage - 1
45,2025-09-30T14:44:08.960323,8,600.0,672.0,0.0,False,False,False,False,0,1,0,0,0,0,697,0,"[false, false, false]",0,2,0,Starfield Stage - 1
46,2025-09-30T14:44:08.968231,8,600.0,672.0,0.0,False,False,False,False,0,1,0,0,0,0,697,0,"[false, false, false]",0,2,0,Starfield Stage - 1
47,2025-09-30T14:44:08.976136,8,600.0,672.0,0.0,False,False,False,False,0,1,0,0,0,0,697,0,"[false, false, false]",0,2,0,Starfield Stage - 1
48,2025-09-30T14:44:08.984300,8,600.0,672.0,0.0,False,False,False,False,0,1,0,0,0,0,697,0,"[false, false, false]",0,2,0,Starfield Stage - 1
49,2025-09-30T14:44:09.047305,8,600.0,672.0,0.0,False,False,False,False,0,1,0,0,0,0,697,0,"[false, false, false]",0,2,0,Starfield Stage - 1
50,2025-09-30T14:44:09.049122,57,600.0,672.0,0.0,False,False,False,False,0,1,0,0,0,0,697,0,"[false, false, false]",0,2,0,Starfield Stage - 1
51,2025-09-30T14:44:09.057693,8,600.0,672.0,0.0,False,False,False,False,0,1,0,0,0,0,697,0,"[false, false, false]",0,2,0,Starfield Stage - 1
52,2025-09-30T14:44:09.065197,8,600.0,672.0,0.0,False,False,False,False,0,1,0,0,0,0,697,0,"[false, false, false]",0,2,0,Starfield Stage - 1
53,2025-09-30T14:44:09.073467,9,600.0,672.0,0.0,False,False,False,False,0,1,0,0,0,0,697,0,"[false, false, false]",0,2,0,Starfield Stage - 1
54,2025-09-30T14:44:09.082893,9,600.0,672.0,0.0,False,False,False,False,0,1,0,0,0,0,697,0,"[false, false, false]",0,2,0,Starfield Stage - 1
55,2025-09-30T14:44:09.091070,8,600.0,672.0,0.0,False,False,False,False,0,1,0,0,0,0,697,0,"[false, false, false]",0,2,0,Starfield Stage - 1
56,2025-09-30T14:44:09.099769,9,600.0,672.0,0.0,False,False,False,False,0,1,0,0,0,0,697,0,"[false, false, false]",0,2,0,Starfield Stage - 1
57,2025-09-30T14:44:09.108250,8,600.0,672.0,0.0,False,False,False,False,0,1,0,0,0,0,697,0,"[false, false, false]",0,2,0,Starfield Stage - 1
58,2025-09-30T14:44:09.116217,8,600.0,672.0,0.0,False,False,False,False,0,1,0,0,0,0,697,0,"[false, false, false]",0,2,0,Starfield Stage - 1
59,2025-09-30T14:44:09.124889,9,600.0,672.0,0.0,False,False,False,False,0,1,0,0,0,0,697,0,"[false, false, false]",0,2,0,Starfield Stage - 1
60,2025-09-30T14:44:09.133100,8,600.0,672.0,0.0,False,False,False,False,0,1,0,0,0,0,697,0,"[false, false, false]",0,2,0,Starfield Stage - 1
61,2025-09-30T14:44:09.141445,8,600.0,672.0,0.0,False,False,False,False,0,1,0,0,0,0,697,0,"[false, false, false]",0,2,0,Starfield Stage - 1
62,2025-09-30T14:44:09.149955,9,600.0,672.0,0.0,False,False,False,False,0,1,0,0,0,0,697,0,"[false, false, false]",0,2,0,Starfield Stage - 1
63,2025-09-30T14:44:09.157832,8,600.0,672.0,0.0,False,False,False,False,0,1,0,0,0,0,697,0,"[false, false, false]",0,2,0,Starfield Stage - 1
64,2025-09-30T14:44:09.166189,8,600.0,672.0,0.0,False,False,False,False,0,1,0,0,0,0,697,0,"[false, false, false]",0,2,0,Starfield Stage - 1
65,2025-09-30T14:44:09.175000,9,600.0,672.0,0.0,False,False,False,False,0,1,0,0,0,0,697,0,"[false, false, false]",0,2,0,Starfield Stage - 1
66,2025-09-30T14:44:09.183764,9,600.0,672.0,0.0,False,False,False,False,0,1,0,0,0,0,697,0,"[false, false, false]",0,2,0,Starfield Stage - 1
67,2025-09-30T14:44:09.243725,8,600.0,672.0,0.0,False,False,False,False,0,1,0,0,0,0,697,0,"[false, false, false]",0,2,0,Starfield Stage - 1
68,2025-09-30T14:44:09.249559,54,600.0,672.0,0.0,False,False,False,False,0,1,0,0,0,0,697,0,"[false, false, false]",0,2,0,Starfield Stage - 1
69,2025-09-30T14:44:09.254474,9,600.0,672.0,0.0,False,False,False,False,0,1,0,0,0,0,697,0,"[false, false, false]",0,2,0,Starfield Stage - 1
70,2025-09-30T14:44:09.264134,9,600.0,672.0,0.0,False,False,False,False,0,1,0,0,0,0,697,0,"[false, false, false]",0,2,0,Starfield Stage - 1
71,2025-09-30T14:44:09.271900,8,600.0,672.0,0.0,False,False,False,False,0,1,0,0,0,0,697,0,"[false, false, false]",0,2,0,Starfield Stage - 1
72,2025-09-30T14:44:09.279989,8,600.0,672.0,0.0,False,False,False,False,0,1,0,0,0,0,697,0,"[false, false, false]",0,2,0,Starfield Stage - 1
73,2025-09-30T14:44:09.288110,8,600.0,672.0,0.0,False,False,False,False,0,1,0,0,0,0,697,0,"[false, false, false]",0,2,0,Starfield Stage - 1
74,2025-09-30T14:44:09.296235,8,600.0,672.0,0.0,False,False,False,False,0,1,0,0,0,0,697,0,"[false, false, false]",0,2,0,Starfield Stage - 1
75,2025-09-30T14:44:09.304501,9,600.0,672.0,0.0,False,False,False,False,0,1,0,0,0,0,697,0,"[false, false, false]",0,2,0,Starfield Stage - 1
76,2025-09-30T14:44:09.314015,9,600.0,672.0,0.0,False,False,False,False,0,1,0,0,0,0,697,0,"[false, false, false]",0,2,0,Starfield Stage - 1
77,2025-09-30T14:44:09.322017,8,600.0,672.0,0.0,False,False,False,False,0,1,0,0,0,0,697,0,"[false, false, false]",0,2,0,Starfield Stage - 1
78,2025-09-30T14:44:09.329998,8,600.0,672.0,0.0,False,False,False,False,0,1,0,0,0,0,697,0,"[false, false, false]",0,2,0,Starfield Stage - 1
79,2025-09-30T14:44:09.338253,8,600.0,672.0,0.0,False,False,False,False,0,1,0,0,0,0,697,0,"[false, false, false]",0,2,0,Starfield Stage - 1
80,2025-09-30T14:44:09.346684,8,600.0,672.0,0.0,False,False,False,False,0,1,0,0,0,0,697,0,"[false, false, false]",0,2,0,Starfield Stage - 1
81,2025-09-30T14:44:09.354732,8,600.0,672.0,0.0,False,False,False,False,0,1,0,0,0,0,697,0,"[false, false, false]",0,2,0,Starfield Stage - 1
82,2025-09-30T14:44:09.361991,8,600.0,672.0,0.0,False,False,False,False,0,1,0,0,0,0,697,0,"[false, false, false]",0,2,0,Starfield Stage - 1
83,2025-09-30T14:44:09.370125,8,600.0,672.0,0.0,False,False,False,False,0,1,0,0,0,0,697,0,"[false, false, false]",0,2,0,Starfield Stage - 1
84,2025-09-30T14:44:09.378051,8,600.0,672.0,0.0,False,False,False,False,0,1,0,0,0,0,697,0,"[false, false, false]",0,2,0,Starfield Stage - 1
85,2025-09-30T14:44:09.386144,8,600.0,672.0,0.0,False,False,False,False,0,1,0,0,0,0,697,0,"[false, false, false]",0,2,0,Starfield Stage - 1
86,2025-09-30T14:44:09.441650,8,600.0,672.0,0.0,False,False,False,False,0,1,0,0,0,0,697,0,"[false, false, false]",0,2,0,Starfield Stage - 1
87,2025-09-30T14:44:09.443304,50,600.0,672.0,0.0,False,False,False,False,0,1,0,0,0,0,697,0,"[false, false, false]",0,2,0,Starfield Stage - 1
88,2025-09-30T14:44:09.453204,9,600.0,672.0,0.0,False,False,False,False,0,1,0,0,0,0,697,0,"[false, false, false]",0,2,0,Starfield Stage - 1
89,2025-09-30T14:44:09.461423,9,600.0,672.0,0.0,False,False,False,False,0,1,0,0,0,0,697,0,"[false, false, false]",0,2,0,Starfield Stage - 1
90,2025-09-30T14:44:09.470898,9,600.0,672.0,0.0,False,False,False,False,0,1,0,0,0,0,697,0,"[false, false, false]",0,2,0,Starfield Stage - 1
91,2025-09-30T14:44:09.479599,9,600.0,672.0,0.0,False,False,False,False,0,1,0,0,0,0,697,0,"[false, false, false]",0,2,0,Starfield Stage - 1
92,2025-09-30T14:44:09.488293,9,600.0,672.0,0.0,False,False,False,False,0,1,0,0,0,0,697,0,"[false, false, false]",0,2,0,Starfield Stage - 1
93,2025-09-30T14:44:09.497784,9,600.0,672.0,0.0,False,False,False,False,0,1,0,0,0,0,697,0,"[false, false, false]",0,2,0,Starfield Stage - 1
94,2025-09-30T14:44:09.505929,8,600.0,672.0,0.0,False,False,False,False,0,1,0,0,0,0,697,0,"[false, false, false]",0,2,0,Starfield Stage - 1
95,2025-09-30T14:44:09.514282,9,600.0,672.0,0.0,False,False,False,False,0,1,0,0,0,0,697,0,"[false, false, false]",0,2,0,Starfield Stage - 1
96,2025-09-30T14:44:09.524767,9,600.0,672.0,0.0,False,False,False,False,0,1,0,0,0,0,697,0,"[false, false, false]",0,2,0,Starfield Stage - 1
97,2025-09-30T14:44:09.532175,9,600.0,672.0,0.0,False,False,False,False,0,1,0,0,0,0,697,0,"[false, false, false]",0,2,0,Starfield Stage - 1
98,2025-09-30T14:44:09.541237,9,600.0,672.0,0.0,False,False,False,False,0,1,0,0,0,0,697,0,"[false, false, false]",0,2,0,Starfield Stage - 1
99,2025-09-30T14:44:09.550663,9,600.0,672.0,0.0,False,False,False,False,0,1,0,0,0,0,697,0,"[false, false, false]",0,2,0,Starfield Stage - 1
100,2025-09-30T14:44:09.559210,8,600.0,672.0,0.0,False,False,False,False,0,1,0,0,0,0,697,0,"[false, false, false]",0,2,0,Starfield Stage - 1
101,2025-09-30T14:44:09.568070,9,600.0,672.0,0.0,False,False,False,False,0,1,0,0,0,0,697,0,"[false, false, false]",0,2,0,Starfield Stage - 1
102,2025-09-30T14:44:09.575974,8,600.0,672.0,0.0,False,False,False,False,0,2,0,0,0,0,697,0,"[false, false, false]",0,2,0,Starfield Stage - 1
103,2025-09-30T14:44:09.584410,9,600.0,672.0,0.0,False,False,False,False,0,2,0,0,0,0,697,0,"[false, false, false]",0,2,0,Starfield Stage - 1
104,2025-09-30T14:44:09.593771,9,600.0,672.0,0.0,False,False,False,False,0,2,0,0,0,0,697,0,"[false, false, false]",0,2,0,Starfield Stage - 1
105,2025-09-30T14:44:09.648905,8,600.0,672.0,0.0,False,False,False,False,0,2,0,0,0,0,697,0,"[false, false, false]",0,2,0,Starfield Stage - 1
106,2025-09-30T14:44:09.655581,49,600.0,672.0,0.0,False,False,False,False,0,2,0,0,0,0,697,0,"[false, false, false]",0,2,0,Starfield Stage - 1
107,2025-09-30T14:44:09.659829,9,600.0,672.0,0.0,False,False,False,False,0,2,0,0,0,0,697,0,"[false, false, false]",0,2,0,Starfield Stage - 1
108,2025-09-30T14:44:09.668061,8,600.0,672.0,0.0,False,False,False,False,0,2,0,0,0,0,697,0,"[false, false, false]",0,2,0,Starfield Stage - 1
109,2025-09-30T14:44:09.676130,8,600.0,672.0,0.0,False,False,False,False,0,2,0,0,0,0,697,0,"[false, false, false]",0,2,0,Starfield Stage - 1
110,2025-09-30T14:44:09.684182,8,600.0,672.0,0.0,False,False,False,False,0,2,0,0,0,0,697,0,"[false, false, false]",0,2,0,Starfield Stage - 1
111,2025-09-30T14:44:09.692246,8,600.0,672.0,0.0,False,False,False,False,0,2,0,0,0,0,697,0,"[false, false, false]",0,2,0,Starfield Stage - 1
112,2025-09-30T14:44:09.700614,8,600.0,672.0,0.0,False,False,False,False,0,2,0,0,0,0,697,0,"[false, false, false]",0,2,0,Starfield Stage - 1
113,2025-09-30T14:44:09.708185,9,600.0,672.0,0.0,False,False,False,False,0,2,0,0,0,0,697,0,"[false, false, false]",0,2,0,Starfield Stage - 1
114,2025-09-30T14:44:09.717798,9,600.0,672.0,0.0,False,False,False,False,0,2,0,0,0,0,697,0,"[false, false, false]",0,2,0,Starfield Stage - 1
115,2025-09-30T14:44:09.725885,8,600.0,672.0,0.0,False,False,False,False,0,2,0,0,0,0,697,0,"[false, false, false]",0,2,0,Starfield Stage - 1
116,2025-09-30T14:44:09.733915,8,600.0,672.0,0.0,False,False,False,False,0,2,0,0,0,0,697,0,"[false, false, false]",0,2,0,Starfield Stage - 1
117,2025-09-30T14:44:09.742278,8,600.0,672.0,0.0,False,False,False,False,0,2,0,0,0,0,697,0,"[false, false, false]",0,2,0,Starfield Stage - 1
118,2025-09-30T14:44:09.751172,9,600.0,672.0,0.0,False,False,False,False,0,2,0,0,0,0,697,0,"[false, false, false]",0,2,0,Starfield Stage - 1
119,2025-09-30T14:44:10.377051,9,600.0,672.0,0.0,False,False,False,False,0,2,0,0,0,0,697,0,"[false, false, false]",0,2,0,Starfield Stage - 1
120,2025-09-30T14:44:10.429976,619,600.0,672.0,0.0,False,False,False,False,0,2,0,0,0,0,697,0,"[false, false, false]",0,2,0,Starfield Stage - 1
121,2025-09-30T14:44:10.431685,53,600.0,672.0,0.0,False,False,False,False,0,2,0,0,0,0,697,0,"[false, false, false]",0,2,0,Starfield Stage - 1
122,2025-09-30T14:44:10.440516,8,600.0,672.0,0.0,False,False,False,False,0,2,0,0,0,0,697,0,"[false, false, false]",0,2,0,Starfield Stage - 1
123,2025-09-30T14:44:10.448501,8,600.0,672.0,0.0,False,False,False,False,0,2,0,0,0,0,898,791,"[false, false, false]",0,2,0,Starfield Stage - 1
124,2025-09-30T14:44:10.458368,9,600.0,672.0,0.0,False,False,False,False,0,2,0,0,0,0,900,749,"[false, false, false]",0,2,0,Starfield Stage - 1
125,2025-09-30T14:44:10.466614,9,600.0,672.0,0.0,False,False,False,False,0,2,0,0,0,0,900,702,"[false, false, false]",0,2,0,Starfield Stage - 1
126,2025-09-30T14:44:10.473831,8,600.0,672.0,0.0,False,False,False,False,0,2,0,0,0,0,899,650,"[false, false, false]",0,2,0,Starfield Stage - 1
127,2025-09-30T14:44:10.482347,8,600.0,672.0,0.0,False,False,False,False,0,2,0,0,0,0,892,597,"[false, false, false]",0,2,0,Starfield Stage - 1
128,2025-09-30T14:44:10.490570,9,600.0,672.0,0.0,False,False,False,False,0,2,0,0,0,0,881,544,"[false, false, false]",0,2,0,Starfield Stage - 1
129,2025-09-30T14:44:10.499380,8,600.0,672.0,0.0,False,False,False,False,0,2,0,0,0,0,870,493,"[false, false, false]",0,2,0,Starfield Stage - 1
130,2025-09-30T14:44:10.508332,9,600.0,672.0,0.0,False,False,False,False,0,2,0,0,0,0,837,403,"[false, false, false]",0,2,0,Starfield Stage - 1
131,2025-09-30T14:44:10.517268,9,600.0,672.0,0.0,False,False,False,False,0,2,0,0,0,0,818,365,"[false, false, false]",0,2,0,Starfield Stage - 1
132,2025-09-30T14:44:10.525459,8,600.0,672.0,0.0,False,False,False,False,0,2,0,0,0,0,798,328,"[false, false, false]",0,2,0,Starfield Stage - 1
133,2025-09-30T14:44:10.533697,9,600.0,672.0,0.0,False,False,False,False,0,2,0,0,0,0,775,292,"[false, false, false]",0,2,0,Starfield Stage - 1
134,2025-09-30T14:44:10.542275,8,600.0,672.0,0.0,False,False,False,False,0,2,0,0,0,0,754,260,"[false, false, false]",0,2,0,Starfield Stage - 1
135,2025-09-30T14:44:10.550668,9,600.0,672.0,0.0,False,False,False,False,0,2,0,0,0,0,733,231,"[false, false, false]",0,2,0,Starfield Stage - 1
136,2025-09-30T14:44:10.558970,8,600.0,672.0,0.0,False,False,False,False,0,2,0,0,0,0,713,206,"[false, false, false]",0,2,0,Starfield Stage - 1
137,2025-09-30T14:44:10.567028,8,600.0,672.0,0.0,False,False,False,False,0,2,0,0,0,0,694,184,"[false, false, false]",0,2,0,Starfield Stage - 1
138,2025-09-30T14:44:10.575212,8,600.0,672.0,0.0,False,False,False,False,0,2,0,0,0,0,678,167,"[false, false, false]",0,2,0,Starfield Stage - 1
139,2025-09-30T14:44:10.635967,9,600.0,672.0,0.0,False,False,False,False,0,2,0,0,0,0,627,128,"[false, false, false]",0,2,0,Starfield Stage - 1
140,2025-09-30T14:44:10.637703,54,600.0,672.0,0.0,False,False,False,False,0,2,0,0,0,0,627,128,"[false, false, false]",0,2,0,Starfield Stage - 1
141,2025-09-30T14:44:10.646161,8,600.0,672.0,0.0,False,False,False,False,0,2,0,0,0,0,625,128,"[false, false, false]",0,2,0,Starfield Stage - 1
142,2025-09-30T14:44:10.654822,9,600.0,672.0,0.0,False,False,False,False,0,2,0,0,0,0,625,127,"[false, false, false]",0,2,0,Starfield Stage - 1
143,2025-09-30T14:44:10.663320,8,600.0,672.0,0.0,False,False,False,False,0,2,0,0,0,0,624,127,"[false, false, false]",0,2,0,Starfield Stage - 1
144,2025-09-30T14:44:10.672211,9,600.0,672.0,0.0,False,False,False,False,0,2,0,0,0,0,623,127,"[false, false, false]",0,2,0,Starfield Stage - 1
145,2025-09-30T14:44:10.680361,9,600.0,672.0,0.0,False,False,False,False,0,2,0,0,0,0,623,127,"[false, false, false]",0,2,0,Starfield Stage - 1
146,2025-09-30T14:44:10.689481,9,600.0,672.0,0.0,False,False,False,False,0,2,0,0,0,0,622,127,"[false, false, false]",0,2,0,Starfield Stage - 1
147,2025-09-30T14:44:10.699238,9,600.0,672.0,0.0,False,False,False,False,0,2,0,0,0,0,622,127,"[false, false, false]",0,2,0,Starfield Stage - 1
148,2025-09-30T14:44:10.707618,9,600.0,672.0,0.0,False,False,False,False,0,2,0,0,0,0,621,127,"[false, false, false]",0,2,0,Starfield Stage - 1
149,2025-09-30T14:44:10.716096,8,600.0,672.0,0.0,False,False,False,False,0,2,0,0,0,0,620,125,"[false, false, false]",0,2,0,Starfield Stage - 1
150,2025-09-30T14:44:10.725146,9,600.0,672.0,0.0,False,False,False,False,0,2,0,0,0,0,619,124,"[false, false, false]",0,2,0,Starfield Stage - 1
151,2025-09-30T14:44:10.733473,9,600.0,672.0,0.0,False,False,False,False,0,2,0,0,0,0,617,122,"[false, false, false]",0,2,0,Starfield Stage - 1
152,2025-09-30T14:44:10.743269,9,600.0,672.0,0.0,False,False,False,False,0,2,0,0,0,0,615,118,"[false, false, false]",0,2,0,Starfield Stage - 1
153,2025-09-30T14:44:10.752068,9,600.0,672.0,0.0,False,False,False,False,0,2,0,0,0,0,612,113,"[false, false, false]",0,2,0,Starfield Stage - 1
154,2025-09-30T14:44:10.760093,8,600.0,672.0,0.0,False,False,False,False,0,2,0,0,0,0,610,107,"[false, false, false]",0,2,0,Starfield Stage - 1
155,2025-09-30T14:44:10.768429,8,600.0,672.0,0.0,False,False,False,False,0,2,0,0,0,0,607,101,"[false, false, false]",0,2,0,Starfield Stage - 1
156,2025-09-30T14:44:10.777167,9,600.0,672.0,0.0,False,False,False,False,0,2,0,0,0,0,603,94,"[false, false, false]",0,2,0,Starfield Stage - 1
157,2025-09-30T14:44:10.831991,9,600.0,672.0,0.0,False,False,False,False,0,2,0,0,0,0,588,56,"[false, false, false]",0,2,0,Starfield Stage - 1
158,2025-09-30T14:44:10.837276,48,600.0,672.0,0.0,False,False,False,False,0,2,0,0,0,0,588,56,"[false, false, false]",0,2,0,Starfield Stage - 1
159,2025-09-30T14:44:10.842597,9,600.0,672.0,0.0,False,False,False,False,0,2,0,0,0,0,586,52,"[false, false, false]",0,2,0,Starfield Stage - 1
160,2025-09-30T14:44:10.851282,8,600.0,672.0,0.0,False,False,False,False,0,2,0,0,0,0,586,49,"[false, false, false]",0,2,0,Starfield Stage - 1
161,2025-09-30T14:44:10.859921,9,600.0,672.0,0.0,False,False,False,False,0,2,0,0,0,0,585,44,"[false, false, false]",0,2,0,Starfield Stage - 1
162,2025-09-30T14:44:10.868004,8,600.0,672.0,0.0,False,False,False,False,0,2,0,0,0,0,584,42,"[false, false, false]",0,2,0,Starfield Stage - 1
163,2025-09-30T14:44:10.876197,9,600.0,672.0,0.0,False,False,False,False,0,2,0,0,0,0,583,39,"[false, false, false]",0,2,0,Starfield Stage - 1
164,2025-09-30T14:44:10.886038,9,600.0,672.0,0.0,False,False,False,False,0,2,0,0,0,0,583,38,"[false, false, false]",0,2,0,Starfield Stage - 1
165,2025-09-30T14:44:10.894658,8,600.0,672.0,0.0,False,False,False,False,0,2,0,0,0,0,583,36,"[false, false, false]",0,2,0,Starfield Stage - 1
166,2025-09-30T14:44:10.902714,9,600.0,672.0,0.0,False,False,False,False,0,2,0,0,0,0,583,35,"[false, false, false]",0,2,0,Starfield Stage - 1
167,2025-09-30T14:44:10.911138,8,600.0,672.0,0.0,False,False,False,False,0,2,0,0,0,0,583,33,"[false, false, false]",0,2,0,Starfield Stage - 1
168,2025-09-30T14:44:10.919686,9,600.0,672.0,0.0,False,False,False,False,0,2,0,0,0,0,583,32,"[false, false, false]",0,2,0,Starfield Stage - 1
169,2025-09-30T14:44:10.928118,8,600.0,672.0,0.0,False,False,False,False,0,2,0,0,0,0,583,30,"[false, false, false]",0,2,0,Starfield Stage - 1
170,2025-09-30T14:44:10.937537,10,600.0,672.0,0.0,False,False,False,False,0,2,0,0,0,0,583,28,"[false, false, false]",0,2,0,Starfield Stage - 1
171,2025-09-30T14:44:10.947043,9,600.0,672.0,0.0,False,False,False,False,0,2,0,0,0,0,583,26,"[false, false, false]",0,2,0,Starfield Stage - 1
172,2025-09-30T14:44:10.954729,8,600.0,672.0,0.0,False,False,False,False,0,2,0,0,0,0,583,24,"[false, false, false]",0,2,0,Starfield Stage - 1
173,2025-09-30T14:44:10.963103,8,600.0,672.0,0.0,False,False,False,False,0,2,0,0,0,0,583,22,"[false, false, false]",0,2,0,Starfield Stage - 1
174,2025-09-30T14:44:10.971426,8,600.0,672.0,0.0,False,False,False,False,0,2,0,0,0,0,583,20,"[false, false, false]",0,2,0,Starfield Stage - 1
175,2025-09-30T14:44:10.979635,9,600.0,672.0,0.0,False,False,False,False,0,2,0,0,0,0,584,19,"[false, false, false]",0,2,0,Starfield Stage - 1
176,2025-09-30T14:44:11.034827,9,600.0,672.0,0.0,False,False,False,False,0,2,0,0,0,0,588,9,"[false, false, false]",0,2,0,Starfield Stage - 1
177,2025-09-30T14:44:11.036558,48,600.0,672.0,0.0,False,False,False,False,0,2,0,0,0,0,589,9,"[false, false, false]",0,2,0,Starfield Stage - 1
178,2025-09-30T14:44:11.046483,9,600.0,672.0,0.0,False,False,False,False,0,2,0,0,0,0,590,8,"[false, false, false]",0,2,0,Starfield Stage - 1
179,2025-09-30T14:44:11.054765,9,600.0,672.0,0.0,False,False,False,False,0,2,0,0,0,0,591,6,"[false, false, false]",0,2,0,Starfield Stage - 1
180,2025-09-30T14:44:11.063984,9,600.0,672.0,0.0,False,False,False,False,0,2,0,0,0,0,592,5,"[false, false, false]",0,2,0,Starfield Stage - 1
181,2025-09-30T14:44:11.071872,8,600.0,672.0,0.0,False,False,False,False,0,2,0,0,0,0,593,4,"[false, false, false]",0,2,0,Starfield Stage - 1
182,2025-09-30T14:44:11.080318,8,600.0,672.0,0.0,False,False,False,False,0,2,0,0,0,0,594,2,"[false, false, false]",0,2,0,Starfield Stage - 1
183,2025-09-30T14:44:11.088380,9,600.0,672.0,0.0,False,False,False,False,0,2,0,0,0,0,595,0,"[false, false, false]",0,2,0,Starfield Stage - 1
184,2025-09-30T14:44:11.098324,9,600.0,672.0,0.0,False,False,False,False,0,2,0,0,0,0,596,0,"[false, false, false]",0,2,0,Starfield Stage - 1
185,2025-09-30T14:44:11.108188,10,600.0,672.0,0.0,False,False,False,False,0,2,0,0,0,0,596,0,"[false, false, false]",0,2,0,Starfield Stage - 1
186,2025-09-30T14:44:11.116367,8,600.0,672.0,0.0,False,False,False,False,0,2,0,0,0,0,596,0,"[false, false, false]",0,2,0,Starfield Stage - 1
187,2025-09-30T14:44:11.124671,8,600.0,672.0,0.0,False,False,False,False,0,2,0,0,0,0,596,0,"[false, false, false]",0,2,0,Starfield Stage - 1
188,2025-09-30T14:44:11.131842,8,600.0,672.0,0.0,False,False,False,False,0,2,0,0,0,0,596,0,"[false, false, false]",0,2,0,Starfield Stage - 1
189,2025-09-30T14:44:11.140721,8,600.0,672.0,0.0,False,False,False,False,0,2,0,0,0,0,596,0,"[false, false, false]",0,2,0,Starfield Stage - 1
190,2025-09-30T14:44:11.148066,8,600.0,672.0,0.0,False,False,False,False,0,2,0,0,0,0,596,0,"[false, false, false]",0,2,0,Starfield Stage - 1
191,2025-09-30T14:44:11.156626,8,600.0,672.0,0.0,False,False,False,False,0,2,0,0,0,0,596,0,"[false, false, false]",0,2,0,Starfield Stage - 1
192,2025-09-30T14:44:11.164425,8,600.0,672.0,0.0,False,False,False,False,0,2,0,0,0,0,596,0,"[false, false, false]",0,2,0,Starfield Stage - 1
193,2025-09-30T14:44:11.172305,8,600.0,672.0,0.0,False,False,False,False,0,2,0,0,0,0,596,0,"[false, false, false]",0,2,0,Starfield Stage - 1
194,2025-09-30T14:44:11.181279,9,600.0,672.0,0.0,False,False,False,False,0,2,0,0,0,0,596,0,"[false, false, false]",0,2,0,Starfield Stage - 1
195,2025-09-30T14:44:11.927671,8,600.0,672.0,0.0,False,False,False,False,0,2,0,0,0,0,596,0,"[false, false, false]",0,2,0,Starfield Stage - 1
196,2025-09-30T14:44:11.976107,741,600.0,672.0,0.0,False,False,False,False,0,3,0,0,0,0,596,0,"[false, false, false]",0,2,0,Starfield Stage - 1
197,2025-09-30T14:44:11.981770,48,600.0,672.0,0.0,False,False,False,False,0,3,0,0,0,0,596,0,"[false, false, false]",0,2,0,Starfield Stage - 1
198,2025-09-30T14:44:11.986700,9,600.0,672.0,0.0,False,False,False,False,0,3,0,0,0,0,596,0,"[false, false, false]",0,2,0,Starfield Stage - 1
199,2025-09-30T14:44:11.994999,8,600.0,672.0,0.0,False,False,False,False,0,3,0,0,0,0,592,18,"[false, false, false]",0,2,0,Starfield Stage - 1
200,2025-09-30T14:44:12.003474,8,600.0,672.0,0.0,False,False,False,False,0,3,0,0,0,0,582,47,"[false, false, false]",0,2,0,Starfield Stage - 1
201,2025-09-30T14:44:12.011670,9,600.0,672.0,0.0,False,False,False,False,0,3,0,0,0,0,563,134,"[false, false, false]",0,2,0,Starfield Stage - 1
202,2025-09-30T14:44:12.019875,8,600.0,672.0,0.0,False,False,False,False,0,3,0,0,0,0,550,187,"[false, false, false]",0,2,0,Starfield Stage - 1
203,2025-09-30T14:44:12.028023,8,600.0,672.0,0.0,False,False,False,False,0,3,0,0,0,0,532,247,"[false, false, false]",0,2,0,Starfield Stage - 1
204,2025-09-30T14:44:12.036143,8,600.0,672.0,0.0,False,False,False,False,0,3,0,0,0,0,513,309,"[false, false, false]",0,2,0,Starfield Stage - 1
205,2025-09-30T14:44:12.044217,8,600.0,672.0,0.0,False,False,False,False,0,3,0,0,0,0,491,372,"[false, false, false]",0,2,0,Starfield Stage - 1
206,2025-09-30T14:44:12.052939,9,600.0,672.0,0.0,False,False,False,False,0,3,0,0,0,0,470,434,"[false, false, false]",0,2,0,Starfield Stage - 1
207,2025-09-30T14:44:12.061392,8,600.0,672.0,0.0,False,False,False,False,0,3,0,0,0,0,451,492,"[false, false, false]",0,2,0,Starfield Stage - 1
208,2025-09-30T14:44:12.069613,9,600.0,672.0,0.0,False,False,False,False,0,3,0,0,0,0,431,549,"[false, false, false]",0,2,0,Starfield Stage - 1
209,2025-09-30T14:44:12.078110,8,600.0,672.0,0.0,False,False,False,False,0,3,0,0,0,0,411,600,"[false, false, false]",0,2,0,Starfield Stage - 1
210,2025-09-30T14:44:12.086232,8,600.0,672.0,0.0,False,False,False,False,0,3,0,0,0,0,393,646,"[false, false, false]",0,2,0,Starfield Stage - 1
211,2025-09-30T14:44:12.094649,9,600.0,672.0,0.0,False,False,False,False,0,3,0,0,0,0,373,685,"[false, false, false]",0,2,0,Starfield Stage - 1
212,2025-09-30T14:44:12.102994,8,600.0,672.0,0.0,False,False,False,False,0,3,0,0,0,0,357,720,"[false, false, false]",0,2,0,Starfield Stage - 1
213,2025-09-30T14:44:12.110975,8,600.0,672.0,0.0,False,False,False,False,0,3,0,0,0,0,341,750,"[false, false, false]",0,2,0,Starfield Stage - 1
214,2025-09-30T14:44:12.119457,8,600.0,672.0,0.0,False,False,False,False,0,3,0,0,0,0,326,779,"[false, false, false]",0,2,0,Starfield Stage - 1
215,2025-09-30T14:44:12.127427,8,600.0,672.0,0.0,False,False,False,False,0,3,0,0,0,0,312,799,"[false, false, false]",0,2,0,Starfield Stage - 1
216,2025-09-30T14:44:12.192318,9,600.0,672.0,0.0,False,False,False,False,0,3,0,0,0,0,312,799,"[false, false, false]",0,2,0,Starfield Stage - 1
217,2025-09-30T14:44:12.194259,58,600.0,672.0,0.0,False,False,False,False,0,3,0,0,0,0,312,799,"[false, false, false]",0,2,0,Starfield Stage - 1
218,2025-09-30T14:44:12.204514,9,600.0,672.0,0.0,False,False,False,False,0,3,0,0,0,0,312,799,"[false, false, false]",0,2,0,Starfield Stage - 1
219,2025-09-30T14:44:12.212650,9,600.0,672.0,0.0,False,False,False,False,0,3,0,0,0,0,312,799,"[false, false, false]",0,2,0,Starfield Stage - 1
220,2025-09-30T14:44:12.220988,8,600.0,672.0,0.0,False,False,False,False,0,3,0,0,0,0,312,799,"[false, false, false]",0,2,0,Starfield Stage - 1
221,2025-09-30T14:44:12.228270,8,600.0,672.0,0.0,False,False,False,False,0,3,0,0,0,0,312,799,"[false, false, false]",0,2,0,Starfield Stage - 1
222,2025-09-30T14:44:12.236366,8,600.0,672.0,0.0,False,False,False,False,0,3,0,0,0,0,312,799,"[false, false, false]",0,2,0,Starfield Stage - 1
223,2025-09-30T14:44:12.245472,9,600.0,672.0,0.0,False,False,False,False,0,3,0,0,0,0,312,799,"[false, false, false]",0,2,0,Starfield Stage - 1
224,2025-09-30T14:44:12.253415,9,600.0,672.0,0.0,False,False,False,False,0,3,0,0,0,0,312,799,"[false, false, false]",0,2,0,Starfield Stage - 1
225,2025-09-30T14:44:12.263046,9,600.0,672.0,0.0,False,False,False,False,0,3,0,0,0,0,312,799,"[false, false, false]",0,2,0,Starfield Stage - 1
226,2025-09-30T14:44:12.271139,8,600.0,672.0,0.0,False,False,False,False,0,3,0,0,0,0,312,799,"[false, false, false]",0,2,0,Starfield Stage - 1
227,2025-09-30T14:44:12.279148,8,600.0,672.0,0.0,False,False,False,False,0,3,0,0,0,0,312,799,"[false, false, false]",0,2,0,Starfield Stage - 1
228,2025-09-30T14:44:12.287310,8,600.0,672.0,0.0,False,False,False,False,0,3,0,0,0,0,312,799,"[false, false, false]",0,2,0,Starfield Stage - 1
229,2025-09-30T14:44:12.295299,8,600.0,672.0,0.0,False,False,False,False,0,3,0,0,0,0,312,799,"[false, false, false]",0,2,0,Starfield Stage - 1
230,2025-09-30T14:44:12.303651,9,600.0,672.0,0.0,False,False,False,False,0,3,0,0,0,0,312,799,"[false, false, false]",0,2,0,Starfield Stage - 1
231,2025-09-30T14:44:12.311984,8,600.0,672.0,0.0,False,False,False,False,0,3,0,0,0,0,312,799,"[false, false, false]",0,2,0,Starfield Stage - 1
232,2025-09-30T14:44:12.320132,8,600.0,672.0,0.0,False,False,False,False,0,3,0,0,0,0,312,799,"[false, false, false]",0,2,0,Starfield Stage - 1
233,2025-09-30T14:44:12.328501,9,600.0,672.0,0.0,False,False,False,False,0,3,0,0,0,0,312,799,"[false, false, false]",0,2,0,Starfield Stage - 1
234,2025-09-30T14:44:12.389922,9,600.0,672.0,0.0,False,False,False,False,0,3,0,0,0,0,312,799,"[false, false, false]",0,2,0,Starfield Stage - 1
235,2025-09-30T14:44:12.391922,54,600.0,672.0,0.0,False,False,False,False,0,3,0,0,0,0,312,799,"[false, false, false]",0,2,0,Starfield Stage - 1
236,2025-09-30T14:44:12.400413,9,600.0,672.0,0.0,False,False,False,False,0,3,0,0,0,0,312,799,"[false, false, false]",0,2,0,Starfield Stage - 1
237,2025-09-30T14:44:12.409709,9,600.0,672.0,0.0,False,False,False,False,0,3,0,0,0,0,312,799,"[false, false, false]",0,2,0,Starfield Stage - 1
238,2025-09-30T14:44:12.417824,8,600.0,672.0,0.0,False,False,False,False,0,3,0,0,0,0,312,799,"[false, false, false]",0,2,0,Starfield Stage - 1
239,2025-09-30T14:44:12.425982,8,600.0,672.0,0.0,False,False,False,False,0,3,0,0,0,0,312,799,"[false, false, false]",0,2,0,Starfield Stage - 1
240,2025-09-30T14:44:12.435089,9,600.0,672.0,0.0,False,False,False,False,0,3,0,0,0,0,312,799,"[false, false, false]",0,2,0,Starfield Stage - 1
241,2025-09-30T14:44:12.443325,8,600.0,672.0,0.0,False,False,False,False,0,3,0,0,0,0,312,799,"[false, false, false]",0,2,0,Starfield Stage - 1
242,2025-09-30T14:44:12.452053,9,600.0,672.0,0.0,False,False,False,False,0,3,0,0,0,0,312,799,"[false, false, false]",0,2,0,Starfield Stage - 1
243,2025-09-30T14:44:12.460362,8,600.0,672.0,0.0,False,False,False,False,0,3,0,0,0,0,312,799,"[false, false, false]",0,2,0,Starfield Stage - 1
244,2025-09-30T14:44:12.468366,8,600.0,672.0,0.0,False,False,False,False,0,3,0,0,0,0,312,799,"[false, false, false]",0,2,0,Starfield Stage - 1
245,2025-09-30T14:44:12.476545,8,600.0,672.0,0.0,False,False,False,False,0,3,0,0,0,0,312,799,"[false, false, false]",0,2,0,Starfield Stage - 1
246,2025-09-30T14:44:12.484239,8,600.0,672.0,0.0,False,False,False,False,0,3,0,0,0,0,312,799,"[false, false, false]",0,2,0,Starfield Stage - 1
247,2025-09-30T14:44:12.492528,8,600.0,672.0,0.0,False,False,False,False,0,3,0,0,0,0,312,799,"[false, false, false]",0,2,0,Starfield Stage - 1
248,2025-09-30T14:44:12.501009,9,600.0,672.0,0.0,False,False,False,False,0,3,0,0,0,0,312,799,"[false, false, false]",0,2,0,Starfield Stage - 1
249,2025-09-30T14:44:12.509287,9,600.0,672.0,0.0,False,False,False,False,0,3,0,0,0,0,312,799,"[false, false, false]",0,2,0,Starfield Stage - 1
250,2025-09-30T14:44:12.518803,9,600.0,672.0,0.0,False,False,False,False,0,3,0,0,0,0,312,799,"[false, false, false]",0,2,0,Starfield Stage - 1
251,2025-09-30T14:44:12.526904,8,600.0,672.0,0.0,False,False,False,False,0,3,0,0,0,0,312,799,"[false, false, false]",0,2,0,Starfield Stage - 1
252,2025-09-30T14:44:12.535434,8,600.0,672.0,0.0,False,False,False,False,0,3,0,0,0,0,312,799,"[false, false, false]",0,2,0,Starfield Stage - 1
253,2025-09-30T14:44:12.595873,8,600.0,672.0,0.0,False,False,False,False,0,3,0,0,0,0,312,799,"[false, false, false]",0,2,0,Starfield Stage - 1
254,2025-09-30T14:44:12.597718,55,600.0,672.0,0.0,False,False,False,False,0,3,0,0,0,0,312,799,"[false, false, false]",0,2,0,Starfield Stage - 1
255,2025-09-30T14:44:12.606176,8,600.0,672.0,0.0,False,False,False,False,0,3,0,0,0,0,312,799,"[false, false, false]",0,2,0,Starfield Stage - 1
256,2025-09-30T14:44:12.614515,8,600.0,672.0,0.0,False,False,False,False,0,3,0,0,0,0,312,799,"[false, false, false]",0,2,0,Starfield Stage - 1
257,2025-09-30T14:44:12.622462,9,600.0,672.0,0.0,False,False,False,False,0,3,0,0,0,0,312,799,"[false, false, false]",0,2,0,Starfield Stage - 1
258,2025-09-30T14:44:12.631991,9,600.0,672.0,0.0,False,False,False,False,0,3,0,0,0,0,312,799,"[false, false, false]",0,2,0,Starfield Stage - 1
259,2025-09-30T14:44:12.640503,8,600.0,672.0,0.0,False,False,False,False,0,3,0,0,0,0,312,799,"[false, false, false]",0,2,0,Starfield Stage - 1
260,2025-09-30T14:44:12.648937,9,600.0,672.0,0.0,False,False,False,False,0,3,0,0,0,0,312,799,"[false, false, false]",0,2,0,Starfield Stage - 1
261,2025-09-30T14:44:12.656886,8,600.0,672.0,0.0,False,False,False,False,0,3,0,0,0,0,312,799,"[false, false, false]",0,2,0,Starfield Stage - 1
262,2025-09-30T14:44:12.665618,8,600.0,672.0,0.0,False,False,False,False,0,3,0,0,0,0,312,799,"[false, false, false]",0,2,0,Starfield Stage - 1
263,2025-09-30T14:44:12.673121,8,600.0,672.0,0.0,False,False,False,False,0,3,0,0,0,0,312,799,"[false, false, false]",0,2,0,Starfield Stage - 1
264,2025-09-30T14:44:12.681303,9,600.0,672.0,0.0,False,False,False,False,0,3,0,0,0,0,312,799,"[false, false, false]",0,2,0,Starfield Stage - 1
265,2025-09-30T14:44:12.690791,9,600.0,672.0,0.0,False,False,False,False,0,3,0,0,0,0,312,799,"[false, false, false]",0,2,0,Starfield Stage - 1
266,2025-09-30T14:44:12.698823,8,600.0,672.0,0.0,False,False,False,False,0,3,0,0,0,0,312,799,"[false, false, false]",0,2,0,Starfield Stage - 1
267,2025-09-30T14:44:12.707120,8,600.0,672.0,0.0,False,False,False,False,0,3,0,0,0,0,312,799,"[false, false, false]",0,2,0,Starfield Stage - 1
268,2025-09-30T14:44:12.715044,8,600.0,672.0,0.0,False,False,False,False,0,3,0,0,0,0,312,799,"[false, false, false]",0,2,0,Starfield Stage - 1
269,2025-09-30T14:44:12.723425,9,600.0,672.0,0.0,False,False,False,False,0,3,0,0,0,0,312,799,"[false, false, false]",0,2,0,Starfield Stage - 1
270,2025-09-30T14:44:12.733106,9,600.0,672.0,0.0,False,False,False,False,0,3,0,0,0,0,312,799,"[false, false, false]",0,2,0,Starfield Stage - 1
271,2025-09-30T14:44:14.940402,9,600.0,672.0,0.0,False,False,False,False,0,3,0,0,0,0,312,799,"[false, false, false]",0,2,0,Starfield Stage - 1
272,2025-09-30T14:44:14.993358,2200,600.0,672.0,0.0,False,False,False,False,0,3,0,0,0,0,312,799,"[false, false, false]",0,2,0,Starfield Stage - 1
273,2025-09-30T14:44:15.000606,53,600.0,672.0,0.0,False,False,False,False,0,3,0,0,0,0,312,799,"[false, false, false]",0,2,0,Starfield Stage - 1
274,2025-09-30T14:44:15.002523,8,600.0,672.0,0.0,False,False,False,False,0,3,0,0,0,0,312,799,"[false, false, false]",0,2,0,Starfield Stage - 1
275,2025-09-30T14:44:15.012777,9,600.0,672.0,0.0,False,False,False,False,0,3,0,0,0,0,312,799,"[false, false, false]",0,2,0,Starfield Stage - 1
276,2025-09-30T14:44:15.021459,9,600.0,672.0,0.0,False,False,False,False,0,3,0,0,0,0,312,799,"[false, false, false]",0,2,0,Starfield Stage - 1
277,2025-09-30T14:44:15.029809,9,600.0,672.0,0.0,False,False,False,False,0,3,0,0,0,0,312,799,"[false, false, false]",0,2,0,Starfield Stage - 1
278,2025-09-30T14:44:15.038431,8,600.0,672.0,0.0,False,False,False,False,0,3,0,0,0,0,312,799,"[false, false, false]",0,2,0,Starfield Stage - 1
279,2025-09-30T14:44:15.047470,9,600.0,672.0,0.0,False,False,False,False,0,3,0,0,0,0,588,694,"[false, false, false]",0,2,0,Starfield Stage - 1
280,2025-09-30T14:44:15.055639,9,600.0,672.0,0.0,False,False,False,False,0,3,0,0,0,0,606,667,"[false, false, false]",0,2,0,Starfield Stage - 1
281,2025-09-30T14:44:15.064620,9,600.0,672.0,0.0,False,False,False,False,0,3,0,0,0,0,623,639,"[false, false, false]",0,2,0,Starfield Stage - 1
282,2025-09-30T14:44:15.073368,8,600.0,672.0,0.0,False,False,False,False,0,3,0,0,0,0,641,612,"[false, false, false]",0,2,0,Starfield Stage - 1
283,2025-09-30T14:44:15.082587,9,600.0,672.0,0.0,False,False,False,False,0,3,0,0,0,0,675,559,"[false, false, false]",0,2,0,Starfield Stage - 1
284,2025-09-30T14:44:15.090041,8,600.0,672.0,0.0,False,False,False,False,0,3,0,0,0,0,691,536,"[false, false, false]",0,2,0,Starfield Stage - 1
285,2025-09-30T14:44:15.098111,9,600.0,672.0,0.0,False,False,False,False,0,3,0,0,0,0,707,516,"[false, false, false]",0,2,0,Starfield Stage - 1
286,2025-09-30T14:44:15.106913,8,600.0,672.0,0.0,False,False,False,False,0,3,0,0,0,0,721,499,"[false, false, false]",0,2,0,Starfield Stage - 1
287,2025-09-30T14:44:15.114926,8,600.0,672.0,0.0,False,False,False,False,0,3,0,0,0,0,736,483,"[false, false, false]",0,2,0,Starfield Stage - 1
288,2025-09-30T14:44:15.123036,8,600.0,672.0,0.0,False,False,False,False,0,3,0,0,0,0,750,470,"[false, false, false]",0,2,0,Starfield Stage - 1
289,2025-09-30T14:44:15.131652,9,600.0,672.0,0.0,False,False,False,False,0,3,0,0,0,0,763,460,"[false, false, false]",0,2,0,Starfield Stage - 1
290,2025-09-30T14:44:15.140497,9,600.0,672.0,0.0,False,False,False,False,0,3,0,0,0,0,777,450,"[false, false, false]",0,2,0,Starfield Stage - 1
291,2025-09-30T14:44:15.195501,9,600.0,672.0,0.0,False,False,False,False,0,4,0,0,0,0,824,430,"[false, false, false]",0,2,0,Starfield Stage - 1
292,2025-09-30T14:44:15.200051,47,600.0,672.0,0.0,False,False,False,False,0,4,0,0,0,0,824,430,"[false, false, false]",0,2,0,Starfield Stage - 1
293,2025-09-30T14:44:15.206109,9,600.0,672.0,0.0,False,False,False,False,0,4,0,0,0,0,825,429,"[false, false, false]",0,2,0,Starfield Stage - 1
294,2025-09-30T14:44:15.214937,9,600.0,672.0,0.0,False,False,False,False,0,4,0,0,0,0,825,429,"[false, false, false]",0,2,0,Starfield Stage - 1
295,2025-09-30T14:44:15.223138,8,600.0,672.0,0.0,False,False,False,False,0,4,0,0,0,0,826,429,"[false, false, false]",0,2,0,Starfield Stage - 1
296,2025-09-30T14:44:15.230997,8,600.0,672.0,0.0,False,False,False,False,0,4,0,0,0,0,826,429,"[false, false, false]",0,2,0,Starfield Stage - 1
297,2025-09-30T14:44:15.239263,9,600.0,672.0,0.0,False,False,False,False,0,4,0,0,0,0,826,429,"[false, false, false]",0,2,0,Starfield Stage - 1
298,2025-09-30T14:44:15.249051,9,600.0,672.0,0.0,False,False,False,False,0,4,0,0,0,0,826,429,"[false, false, false]",0,2,0,Starfield Stage - 1
299,2025-09-30T14:44:15.257796,9,600.0,672.0,0.0,False,False,False,False,0,4,0,0,0,0,826,429,"[false, false, false]",0,2,0,Starfield Stage - 1
300,2025-09-30T14:44:15.265812,8,600.0,672.0,0.0,False,False,False,False,0,4,0,0,0,0,825,429,"[false, false, false]",0,2,0,Starfield Stage - 1
301,2025-09-30T14:44:15.273973,8,600.0,672.0,0.0,False,False,False,False,0,4,0,0,0,0,822,429,"[false, false, false]",0,2,0,Starfield Stage - 1
302,2025-09-30T14:44:15.282041,8,600.0,672.0,0.0,False,False,False,False,0,4,0,0,0,0,819,429,"[false, false, false]",0,2,0,Starfield Stage - 1
303,2025-09-30T14:44:15.290017,8,600.0,672.0,0.0,False,False,False,False,0,4,0,0,0,0,814,429,"[false, false, false]",0,2,0,Starfield Stage - 1
304,2025-09-30T14:44:15.298227,9,600.0,672.0,0.0,False,False,False,False,0,4,0,0,0,0,808,429,"[false, false, false]",0,2,0,Starfield Stage - 1
305,2025-09-30T14:44:15.307675,9,600.0,672.0,0.0,False,False,False,False,0,4,0,0,0,0,801,429,"[false, false, false]",0,2,0,Starfield Stage - 1
306,2025-09-30T14:44:15.315823,8,600.0,672.0,0.0,False,False,False,False,0,4,0,0,0,0,791,429,"[false, false, false]",0,2,0,Starfield Stage - 1
307,2025-09-30T14:44:15.324496,9,600.0,672.0,0.0,False,False,False,False,0,4,0,0,0,0,777,427,"[false, false, false]",0,2,0,Starfield Stage - 1
308,2025-09-30T14:44:15.334242,9,600.0,672.0,0.0,False,False,False,False,0,4,0,0,0,0,762,423,"[false, false, false]",0,2,0,Starfield Stage - 1
309,2025-09-30T14:44:15.341921,8,600.0,672.0,0.0,False,False,False,False,0,4,0,0,0,0,743,418,"[false, false, false]",0,2,0,Starfield Stage - 1
310,2025-09-30T14:44:15.396825,8,600.0,672.0,0.0,False,False,False,False,0,4,0,0,0,0,616,382,"[false, false, false]",0,2,0,Starfield Stage - 1
311,2025-09-30T14:44:15.398445,49,600.0,672.0,0.0,False,False,False,False,0,4,0,0,0,0,616,382,"[false, false, false]",0,2,0,Starfield Stage - 1
312,2025-09-30T14:44:15.408464,9,600.0,672.0,0.0,False,False,False,False,0,4,0,0,0,0,603,379,"[false, false, false]",0,2,0,Starfield Stage - 1
313,2025-09-30T14:44:15.417160,9,600.0,672.0,0.0,False,False,False,False,0,4,0,0,0,0,594,375,"[false, false, false]",0,2,0,Starfield Stage - 1
314,2025-09-30T14:44:15.425168,8,600.0,672.0,0.0,False,False,False,False,0,4,0,0,0,0,587,373,"[false, false, false]",0,2,0,Starfield Stage - 1
315,2025-09-30T14:44:15.433822,9,600.0,672.0,0.0,False,False,False,False,0,4,0,0,0,0,577,368,"[false, false, false]",0,2,0,Starfield Stage - 1
316,2025-09-30T14:44:15.441979,8,600.0,672.0,0.0,False,False,False,False,0,4,0,0,0,0,575,366,"[false, false, false]",0,2,0,Starfield Stage - 1
317,2025-09-30T14:44:15.450994,9,600.0,672.0,0.0,False,False,False,False,0,4,0,0,0,0,573,364,"[false, false, false]",0,2,0,Starfield Stage - 1
318,2025-09-30T14:44:15.459361,9,600.0,672.0,0.0,False,False,False,False,0,4,0,0,0,0,572,362,"[false, false, false]",0,2,0,Starfield Stage - 1
319,2025-09-30T14:44:15.468952,9,600.0,672.0,0.0,False,False,False,False,0,4,0,0,0,0,572,360,"[false, false, false]",0,2,0,Starfield Stage - 1
320,2025-09-30T14:44:15.477054,8,600.0,672.0,0.0,False,False,False,False,0,4,0,0,0,0,571,359,"[false, false, false]",0,2,0,Starfield Stage - 1
321,2025-09-30T14:44:15.485189,8,600.0,672.0,0.0,False,False,False,False,0,4,0,0,0,0,571,357,"[false, false, false]",0,2,0,Starfield Stage - 1
322,2025-09-30T14:44:15.493490,9,600.0,672.0,0.0,False,False,False,False,0,4,0,0,0,0,570,355,"[false, false, false]",0,2,0,Starfield Stage - 1
323,2025-09-30T14:44:15.502987,9,600.0,672.0,0.0,False,False,False,False,0,4,0,0,0,0,569,354,"[false, false, false]",0,2,0,Starfield Stage - 1
324,2025-09-30T14:44:15.511502,9,600.0,672.0,0.0,False,False,False,False,0,4,0,0,0,0,569,353,"[false, false, false]",0,2,0,Starfield Stage - 1
325,2025-09-30T14:44:15.520824,9,600.0,672.0,0.0,False,False,False,False,0,4,0,0,0,0,569,353,"[false, false, false]",0,2,0,Starfield Stage - 1
326,2025-09-30T14:44:15.529040,8,600.0,672.0,0.0,False,False,False,False,0,4,0,0,0,0,569,353,"[false, false, false]",0,2,0,Starfield Stage - 1
327,2025-09-30T14:44:15.537133,8,600.0,672.0,0.0,False,False,False,False,0,4,0,0,0,0,569,353,"[false, false, false]",0,2,0,Starfield Stage - 1
328,2025-09-30T14:44:15.545115,9,600.0,672.0,0.0,False,False,False,False,0,4,0,0,0,0,569,352,"[false, false, false]",0,2,0,Starfield Stage - 1
329,2025-09-30T14:44:15.599931,8,600.0,672.0,0.0,False,False,False,False,0,4,0,0,0,0,569,352,"[false, false, false]",0,2,0,Starfield Stage - 1
330,2025-09-30T14:44:15.604701,48,600.0,672.0,0.0,False,False,False,False,0,4,0,0,0,0,569,352,"[false, false, false]",0,2,0,Starfield Stage - 1
331,2025-09-30T14:44:15.610451,9,600.0,672.0,0.0,False,False,False,False,0,4,0,0,0,0,569,352,"[false, false, false]",0,2,0,Starfield Stage - 1
332,2025-09-30T14:44:15.625808,9,600.0,672.0,0.0,False,False,False,False,0,4,0,0,0,0,569,352,"[false, false, false]",0,2,0,Starfield Stage - 1
333,2025-09-30T14:44:15.628472,8,600.0,672.0,0.0,False,False,False,False,0,4,0,0,0,0,569,352,"[false, false, false]",0,2,0,Starfield Stage - 1
334,2025-09-30T14:44:15.637027,9,600.0,672.0,0.0,False,False,False,False,0,4,0,0,0,0,569,352,"[false, false, false]",0,2,0,Starfield Stage - 1
335,2025-09-30T14:44:15.644951,8,600.0,672.0,0.0,False,False,False,False,0,4,0,0,0,0,569,352,"[false, false, false]",0,2,0,Starfield Stage - 1
336,2025-09-30T14:44:15.653562,9,600.0,672.0,0.0,False,False,False,False,0,4,0,0,0,0,569,352,"[false, false, false]",0,2,0,Starfield Stage - 1
337,2025-09-30T14:44:15.662177,8,600.0,672.0,0.0,False,False,False,False,0,4,0,0,0,0,569,352,"[false, false, false]",0,2,0,Starfield Stage - 1
338,2025-09-30T14:44:15.670577,9,600.0,672.0,0.0,False,False,False,False,0,4,0,0,0,0,569,352,"[false, false, false]",0,2,0,Starfield Stage - 1
339,2025-09-30T14:44:15.678732,8,600.0,672.0,0.0,False,False,False,False,0,4,0,0,0,0,569,352,"[false, false, false]",0,2,0,Starfield Stage - 1
340,2025-09-30T14:44:15.687932,8,600.0,672.0,0.0,False,False,False,False,0,4,0,0,0,0,569,352,"[false, false, false]",0,2,0,Starfield Stage - 1
341,2025-09-30T14:44:15.696061,9,600.0,672.0,0.0,False,False,False,False,0,4,0,0,0,0,569,352,"[false, false, false]",0,2,0,Starfield Stage - 1
342,2025-09-30T14:44:15.704362,9,600.0,672.0,0.0,False,False,False,False,0,4,0,0,0,0,569,352,"[false, false, false]",0,2,0,Starfield Stage - 1
343,2025-09-30T14:44:15.713955,9,600.0,672.0,0.0,False,False,False,False,0,4,0,0,0,0,569,352,"[false, false, false]",0,2,0,Starfield Stage - 1
344,2025-09-30T14:44:15.721995,8,600.0,672.0,0.0,False,False,False,False,0,4,0,0,0,0,569,352,"[false, false, false]",0,2,0,Starfield Stage - 1
345,2025-09-30T14:44:15.730200,8,600.0,672.0,0.0,False,False,False,False,0,4,0,0,0,0,569,352,"[false, false, false]",0,2,0,Starfield Stage - 1
346,2025-09-30T14:44:15.738522,9,600.0,672.0,0.0,False,False,False,False,0,4,0,0,0,0,569,352,"[false, false, false]",0,2,0,Starfield Stage - 1
347,2025-09-30T14:44:15.748560,9,600.0,672.0,0.0,False,False,False,False,0,4,0,0,0,0,569,352,"[false, false, false]",0,2,0,Starfield Stage - 1
348,2025-09-30T14:44:15.807590,8,600.0,672.0,0.0,False,False,False,False,0,4,0,0,0,0,569,352,"[false, false, false]",0,2,0,Starfield Stage - 1
349,2025-09-30T14:44:15.809495,54,600.0,672.0,0.0,False,False,False,False,0,4,0,0,0,0,569,352,"[false, false, false]",0,2,0,Starfield Stage - 1
350,2025-09-30T14:44:15.819039,9,600.0,672.0,0.0,False,False,False,False,0,4,0,0,0,0,569,352,"[false, false, false]",0,2,0,Starfield Stage - 1
351,2025-09-30T14:44:15.827692,8,600.0,672.0,0.0,False,False,False,False,0,4,0,0,0,0,569,352,"[false, false, false]",0,2,0,Starfield Stage - 1
352,2025-09-30T14:44:15.835355,8,600.0,672.0,0.0,False,False,False,False,0,4,0,0,0,0,569,352,"[false, false, false]",0,2,0,Starfield Stage - 1
353,2025-09-30T14:44:15.843819,9,600.0,672.0,0.0,False,False,False,False,0,4,0,0,0,0,569,352,"[false, false, false]",0,2,0,Starfield Stage - 1
354,2025-09-30T14:44:15.852512,8,600.0,672.0,0.0,False,False,False,False,0,4,0,0,0,0,569,352,"[false, false, false]",0,2,0,Starfield Stage - 1
355,2025-09-30T14:44:15.860399,9,600.0,672.0,0.0,False,False,False,False,0,4,0,0,0,0,569,352,"[false, false, false]",0,2,0,Starfield Stage - 1
356,2025-09-30T14:44:15.870489,9,600.0,672.0,0.0,False,False,False,False,0,4,0,0,0,0,569,352,"[false, false, false]",0,2,0,Starfield Stage - 1
357,2025-09-30T14:44:15.879264,9,600.0,672.0,0.0,False,False,False,False,0,4,0,0,0,0,569,352,"[false, false, false]",0,2,0,Starfield Stage - 1
358,2025-09-30T14:44:15.887382,8,600.0,672.0,0.0,False,False,False,False,0,4,0,0,0,0,569,352,"[false, false, false]",0,2,0,Starfield Stage - 1
359,2025-09-30T14:44:15.895453,9,600.0,672.0,0.0,False,False,False,False,0,4,0,0,0,0,569,352,"[false, false, false]",0,2,0,Starfield Stage - 1
360,2025-09-30T14:44:15.904989,9,600.0,672.0,0.0,False,False,False,False,0,4,0,0,0,0,569,352,"[false, false, false]",0,2,0,Starfield Stage - 1
361,2025-09-30T14:44:15.913037,8,600.0,672.0,0.0,False,False,False,False,0,4,0,0,0,0,569,352,"[false, false, false]",0,2,0,Starfield Stage - 1
362,2025-09-30T14:44:15.921177,8,600.0,672.0,0.0,False,False,False,False,0,4,0,0,0,0,569,352,"[false, false, false]",0,2,0,Starfield Stage - 1
363,2025-09-30T14:44:15.929598,8,600.0,672.0,0.0,False,False,False,False,0,4,0,0,0,0,569,352,"[false, false, false]",0,2,0,Starfield Stage - 1
364,2025-09-30T14:44:15.936955,8,600.0,672.0,0.0,False,False,False,False,0,4,0,0,0,0,569,352,"[false, false, false]",0,2,0,Starfield Stage - 1
365,2025-09-30T14:44:15.944923,8,600.0,672.0,0.0,False,False,False,False,0,4,0,0,0,0,569,352,"[false, false, false]",0,2,0,Starfield Stage - 1
366,2025-09-30T14:44:15.953570,8,600.0,672.0,0.0,False,False,False,False,0,4,0,0,0,0,569,352,"[false, false, false]",0,2,0,Starfield Stage - 1
367,2025-09-30T14:44:16.009296,8,600.0,672.0,0.0,False,False,False,False,0,4,0,0,0,0,569,352,"[false, false, false]",0,2,0,Starfield Stage - 1
368,2025-09-30T14:44:16.010921,50,600.0,672.0,0.0,False,False,False,False,0,4,0,0,0,0,569,352,"[false, false, false]",0,2,0,Starfield Stage - 1
369,2025-09-30T14:44:16.019432,8,600.0,672.0,0.0,False,False,False,False,0,4,0,0,0,0,569,352,"[false, false, false]",0,2,0,Starfield Stage - 1
370,2025-09-30T14:44:16.027714,9,600.0,672.0,0.0,False,False,False,False,0,4,0,0,0,0,569,352,"[false, false, false]",0,2,0,Starfield Stage - 1
371,2025-09-30T14:44:16.035802,8,600.0,672.0,0.0,False,False,False,False,0,4,0,0,0,0,569,352,"[false, false, false]",0,2,0,Starfield Stage - 1
372,2025-09-30T14:44:16.043725,8,600.0,672.0,0.0,False,False,False,False,0,4,0,0,0,0,569,352,"[false, false, false]",0,2,0,Starfield Stage - 1
373,2025-09-30T14:44:16.052022,8,600.0,672.0,0.0,False,False,False,False,0,4,0,0,0,0,569,352,"[false, false, false]",0,2,0,Starfield Stage - 1
374,2025-09-30T14:44:16.060112,8,600.0,672.0,0.0,False,False,False,False,0,4,0,0,0,0,569,352,"[false, false, false]",0,2,0,Starfield Stage - 1
375,2025-09-30T14:44:16.068292,9,600.0,672.0,0.0,False,False,False,False,0,4,0,0,0,0,569,352,"[false, false, false]",0,2,0,Starfield Stage - 1
376,2025-09-30T14:44:16.077744,9,600.0,672.0,0.0,False,False,False,False,0,4,0,0,0,0,569,352,"[false, false, false]",0,2,0,Starfield Stage - 1
377,2025-09-30T14:44:16.085737,8,600.0,672.0,0.0,False,False,False,False,0,4,0,0,0,0,569,352,"[false, false, false]",0,2,0,Starfield Stage - 1
378,2025-09-30T14:44:16.094171,8,600.0,672.0,0.0,False,False,False,False,0,4,0,0,0,0,569,352,"[false, false, false]",0,2,0,Starfield Stage - 1
379,2025-09-30T14:44:16.102014,8,600.0,672.0,0.0,False,False,False,False,0,4,0,0,0,0,569,352,"[false, false, false]",0,2,0,Starfield Stage - 1
380,2025-09-30T14:44:16.110713,9,600.0,672.0,0.0,False,False,False,False,0,4,0,0,0,0,569,352,"[false, false, false]",0,2,0,Starfield Stage - 1
381,2025-09-30T14:44:16.119027,8,600.0,672.0,0.0,False,False,False,False,0,4,0,0,0,0,569,352,"[false, false, false]",0,2,0,Starfield Stage - 1
382,2025-09-30T14:44:16.127164,8,600.0,672.0,0.0,False,False,False,False,0,4,0,0,0,0,569,352,"[true, false, false]",0,2,0,Starfield Stage - 1
383,2025-09-30T14:44:16.135398,8,600.0,672.0,0.0,False,False,False,False,0,4,0,0,0,0,569,352,"[true, false, false]",0,2,0,Starfield Stage - 1
384,2025-09-30T14:44:16.143456,9,600.0,672.0,0.0,False,False,False,False,0,4,0,0,0,0,569,352,"[true, false, false]",0,2,0,Starfield Stage - 1
385,2025-09-30T14:44:16.152458,9,600.0,672.0,0.0,False,False,False,False,0,4,0,0,0,0,569,352,"[true, false, false]",0,2,0,Starfield Stage - 1
386,2025-09-30T14:44:16.207835,9,600.0,672.0,0.0,False,False,False,False,0,0,0,0,0,0,569,352,"[false, false, false]",0,2,0,Starfield Stage - 1
387,2025-09-30T14:44:16.209980,48,600.0,672.0,0.09657364535103545,False,False,False,False,0,0,0,0,0,0,569,352,"[false, false, false]",0,2,0,Starfield Stage - 1
388,2025-09-30T14:44:16.218692,9,600.0,672.0,0.09657364535103545,False,False,False,False,0,0,0,0,0,0,569,352,"[false, false, false]",0,2,0,Starfield Stage - 1
389,2025-09-30T14:44:16.227255,8,600.0,672.0,0.09657364535103545,False,False,False,False,0,0,0,0,0,0,569,352,"[false, false, false]",0,2,0,Starfield Stage - 1
390,2025-09-30T14:44:16.234957,8,600.0,672.0,0.09657364535103545,False,False,False,False,0,0,0,0,0,0,569,352,"[false, false, false]",0,2,0,Starfield Stage - 1
391,2025-09-30T14:44:16.243409,9,600.0,672.0,0.09657364535103545,False,False,False,False,0,1,0,0,0,0,569,352,"[false, false, false]",0,2,0,Starfield Stage - 1
392,2025-09-30T14:44:16.252146,8,600.0,672.0,0.09657364535103545,False,False,False,False,0,1,0,0,0,0,569,352,"[false, false, false]",0,2,0,Starfield Stage - 1
393,2025-09-30T14:44:16.260573,9,600.0,672.0,0.09657364535103545,False,False,False,False,0,1,0,0,0,0,569,352,"[false, false, false]",0,2,0,Starfield Stage - 1
394,2025-09-30T14:44:16.268318,8,600.0,672.0,0.09657364535103545,False,False,False,False,0,1,0,0,0,0,569,352,"[false, false, false]",0,2,0,Starfield Stage - 1
395,2025-09-30T14:44:16.277969,9,600.0,672.0,0.09657364535103545,False,False,False,False,0,1,0,0,0,0,569,352,"[false, false, false]",0,2,0,Starfield Stage - 1
396,2025-09-30T14:44:16.286042,8,600.0,672.0,0.09657364535103545,False,False,False,False,0,1,0,0,0,0,569,352,"[false, false, false]",0,2,0,Starfield Stage - 1
397,2025-09-30T14:44:16.294213,8,600.0,672.0,0.09657364535103545,False,False,False,False,0,1,0,0,0,0,569,352,"[false, false, false]",0,2,0,Starfield Stage - 1
398,2025-09-30T14:44:16.301975,8,600.0,672.0,0.09657364535103545,False,False,False,False,0,1,0,0,0,0,569,352,"[false, false, false]",0,2,0,Starfield Stage - 1
399,2025-09-30T14:44:16.310496,8,600.0,672.0,0.09657364535103545,False,False,False,False,0,1,0,0,0,0,569,352,"[false, false, false]",0,2,0,Starfield Stage - 1
400,2025-09-30T14:44:16.319048,9,600.0,672.0,0.09657364535103545,False,False,False,False,0,1,0,0,0,0,569,352,"[false, false, false]",0,2,0,Starfield Stage - 1
401,2025-09-30T14:44:16.327029,8,600.0,672.0,0.09657364535103545,False,False,False,False,0,1,0,0,0,0,569,352,"[false, false, false]",0,2,0,Starfield Stage - 1
402,2025-09-30T14:44:16.335095,8,600.0,672.0,0.09657364535103545,False,False,False,False,0,1,0,0,0,0,569,352,"[false, false, false]",0,2,0,Starfield Stage - 1
403,2025-09-30T14:44:16.343380,9,600.0,672.0,0.09657364535103545,False,False,False,False,0,1,0,0,0,0,569,352,"[false, false, false]",0,2,0,Starfield Stage - 1
404,2025-09-30T14:44:16.352247,9,600.0,672.0,0.09657364535103545,False,False,False,False,0,1,0,0,0,0,569,352,"[false, false, false]",0,2,0,Starfield Stage - 1
405,2025-09-30T14:44:16.406984,9,600.0,672.0,0.09657364535103545,False,False,False,False,0,1,0,0,0,0,569,352,"[false, false, false]",0,2,0,Starfield Stage - 1
406,2025-09-30T14:44:16.410777,47,600.0,672.0,0.09657364535103545,False,False,False,False,0,1,0,0,0,0,569,352,"[false, false, false]",0,2,0,Starfield Stage - 1
407,2025-09-30T14:44:16.417027,8,600.0,672.0,0.09657364535103545,False,False,False,False,0,1,0,0,0,0,569,352,"[false, false, false]",0,2,0,Starfield Stage - 1
408,2025-09-30T14:44:16.425147,8,600.0,672.0,0.09657364535103545,False,False,False,False,0,1,0,0,0,0,569,352,"[false, false, false]",0,2,0,Starfield Stage - 1
409,2025-09-30T14:44:16.433326,8,600.0,672.0,0.09657364535103545,False,False,False,False,0,1,0,0,0,0,569,352,"[false, false, false]",0,2,0,Starfield Stage - 1
410,2025-09-30T14:44:16.441351,9,600.0,672.0,0.09657364535103545,False,False,False,False,0,1,0,0,0,0,569,352,"[false, false, false]",0,2,0,Starfield Stage - 1
411,2025-09-30T14:44:16.451408,10,600.0,672.0,0.09657364535103545,False,False,False,False,0,1,0,0,0,0,569,352,"[false, false, false]",0,2,0,Starfield Stage - 1
412,2025-09-30T14:44:16.460194,8,600.0,672.0,0.09657364535103545,False,False,False,False,0,1,0,0,0,0,569,352,"[false, false, false]",0,2,0,Starfield Stage - 1
413,2025-09-30T14:44:16.468513,9,600.0,672.0,0.09657364535103545,False,False,False,False,0,1,0,0,0,0,569,352,"[false, false, false]",0,2,0,Starfield Stage - 1
414,2025-09-30T14:44:16.477884,9,600.0,672.0,0.09657364535103545,False,False,False,False,0,1,0,0,0,0,569,352,"[false, false, false]",0,2,0,Starfield Stage - 1
415,2025-09-30T14:44:16.486061,8,600.0,672.0,0.09657364535103545,False,False,False,False,0,1,0,0,0,0,569,352,"[false, false, false]",0,2,0,Starfield Stage - 1
416,2025-09-30T14:44:16.494805,9,600.0,672.0,0.09657364535103545,False,False,False,False,0,1,0,0,0,0,569,352,"[false, false, false]",0,2,0,Starfield Stage - 1
417,2025-09-30T14:44:16.503087,8,600.0,672.0,0.09657364535103545,False,False,False,False,0,1,0,0,0,0,569,352,"[false, false, false]",0,2,0,Starfield Stage - 1
418,2025-09-30T14:44:16.511250,9,600.0,672.0,0.09657364535103545,False,False,False,False,0,1,0,0,0,0,569,352,"[false, false, false]",0,2,0,Starfield Stage - 1
419,2025-09-30T14:44:16.519894,8,600.0,672.0,0.09657364535103545,False,False,False,False,0,1,0,0,0,0,569,352,"[false, false, false]",0,2,0,Starfield Stage - 1
420,2025-09-30T14:44:16.528167,9,600.0,672.0,0.09657364535103545,False,False,False,False,0,1,0,0,0,0,569,352,"[false, false, false]",0,2,0,Starfield Stage - 1
421,2025-09-30T14:44:16.537688,9,600.0,672.0,0.09657364535103545,False,False,False,False,0,1,0,0,0,0,569,352,"[false, false, false]",0,2,0,Starfield Stage - 1
422,2025-09-30T14:44:16.545730,8,600.0,672.0,0.09657364535103545,False,False,False,False,0,1,0,0,0,0,569,352,"[false, false, false]",0,2,0,Starfield Stage - 1
423,2025-09-30T14:44:16.553279,8,600.0,672.0,0.09657364535103545,False,False,False,False,0,1,0,0,0,0,569,352,"[false, false, false]",0,2,0,Starfield Stage - 1
424,2025-09-30T14:44:16.608042,9,600.0,672.0,0.08443824802235778,False,False,False,False,0,1,0,1,1,0,573,353,"[false, false, false]",0,2,0,Starfield Stage - 1
425,2025-09-30T14:44:16.609633,47,600.0,672.0,0.07509363823019813,False,False,False,False,0,1,0,1,1,0,576,353,"[false, false, false]",0,2,0,Starfield Stage - 1
426,2025-09-30T14:44:16.617775,8,600.0,672.0,0.06614940333129007,False,False,False,False,0,1,0,1,1,0,579,355,"[false, false, false]",0,2,0,Starfield Stage - 1
427,2025-09-30T14:44:16.626484,8,600.0,672.0,0.05374565866229398,False,False,False,False,0,1,0,1,1,0,583,356,"[false, false, false]",0,2,0,Starfield Stage - 1
428,2025-09-30T14:44:16.634905,9,600.0,672.0,0.03795644518831435,False,False,False,False,0,1,0,1,1,0,588,356,"[false, false, false]",0,2,0,Starfield Stage - 1
429,2025-09-30T14:44:16.643261,8,600.0,672.0,0.025391367202191283,False,False,False,False,0,1,0,1,1,0,592,357,"[false, false, false]",0,2,0,Starfield Stage - 1
430,2025-09-30T14:44:16.652041,9,600.0,672.0,0.012738164490064367,False,False,False,False,0,1,0,1,1,0,596,358,"[false, false, false]",0,2,0,Starfield Stage - 1
431,2025-09-30T14:44:16.660109,8,600.0,672.0,-0.0032051172299321657,False,False,False,False,0,1,0,1,1,0,601,360,"[false, false, false]",0,2,0,Starfield Stage - 1
432,2025-09-30T14:44:16.668309,9,600.0,672.0,-0.019290211437371096,False,False,False,False,0,1,0,1,1,0,606,361,"[false, false, false]",0,2,0,Starfield Stage - 1
433,2025-09-30T14:44:16.678054,9,600.0,672.0,-0.03224688243525392,False,False,False,False,0,1,0,1,1,0,610,362,"[false, false, false]",0,2,0,Starfield Stage - 1
434,2025-09-30T14:44:16.686075,8,600.0,672.0,-0.04850561224038351,False,False,False,False,0,1,0,1,1,0,615,363,"[false, false, false]",0,2,0,Starfield Stage - 1
435,2025-09-30T14:44:16.694368,8,600.0,672.0,-0.06141135516855635,False,False,False,False,0,1,0,1,1,0,619,363,"[false, false, false]",0,2,0,Starfield Stage - 1
436,2025-09-30T14:44:16.702176,9,600.0,672.0,-0.074296648800164,False,False,False,False,0,1,0,1,1,0,623,363,"[false, false, false]",0,2,0,Starfield Stage - 1
437,2025-09-30T14:44:16.711689,9,600.0,672.0,-0.08421592250102944,False,False,False,False,0,1,0,1,1,0,626,364,"[false, false, false]",0,2,0,Starfield Stage - 1
438,2025-09-30T14:44:16.719877,8,600.0,672.0,-0.09065988720074511,False,False,False,False,0,1,0,1,1,0,628,364,"[false, false, false]",0,2,0,Starfield Stage - 1
439,2025-09-30T14:44:16.728019,8,600.0,672.0,-0.09387907420738899,False,False,False,False,0,1,0,1,1,0,629,364,"[false, false, false]",0,2,0,Starfield Stage - 1
440,2025-09-30T14:44:16.736137,8,600.0,672.0,-0.09387907420738899,False,False,False,False,0,1,0,1,1,0,629,364,"[false, false, false]",0,2,0,Starfield Stage - 1
441,2025-09-30T14:44:16.744531,9,600.0,672.0,-0.09387907420738899,False,False,False,False,0,1,0,1,1,0,629,364,"[false, false, false]",0,2,0,Starfield Stage - 1
442,2025-09-30T14:44:16.753375,9,600.0,672.0,-0.09387907420738899,False,False,False,False,0,1,0,1,1,0,629,364,"[false, false, false]",0,2,0,Starfield Stage - 1
443,2025-09-30T14:44:16.811049,8,600.0,672.0,-0.09387907420738899,False,False,False,False,0,1,0,1,1,0,629,364,"[false, false, false]",0,2,0,Starfield Stage - 1
444,2025-09-30T14:44:16.817630,51,600.0,672.0,-0.09387907420738899,False,False,False,False,0,1,0,1,1,0,629,364,"[false, false, false]",0,2,0,Starfield Stage - 1
445,2025-09-30T14:44:16.821550,9,600.0,672.0,-0.09387907420738899,False,False,False,False,0,1,0,1,1,0,629,364,"[false, false, false]",0,2,0,Starfield Stage - 1
446,2025-09-30T14:44:16.830500,9,600.0,672.0,-0.09387907420738899,False,False,False,False,0,1,0,1,1,0,629,364,"[false, false, false]",0,2,0,Starfield Stage - 1
447,2025-09-30T14:44:16.840341,10,600.0,672.0,-0.09387907420738899,False,False,False,False,0,1,0,1,1,0,629,364,"[false, false, false]",0,2,0,Starfield Stage - 1
448,2025-09-30T14:44:16.849855,9,600.0,672.0,-0.09387907420738899,False,False,False,False,0,1,0,1,1,0,629,364,"[false, false, false]",0,2,0,Starfield Stage - 1
449,2025-09-30T14:44:16.858232,8,600.0,672.0,-0.09387907420738899,False,False,False,False,0,1,0,1,1,0,629,364,"[false, false, false]",0,2,0,Starfield Stage - 1
450,2025-09-30T14:44:16.867156,10,600.0,672.0,-0.09387907420738899,False,False,False,False,0,1,0,1,1,0,629,364,"[false, false, false]",0,2,0,Starfield Stage - 1
451,2025-09-30T14:44:16.875793,8,600.0,672.0,-0.09387907420738899,False,False,False,False,0,1,0,1,1,0,629,364,"[false, false, false]",0,2,0,Starfield Stage - 1
452,2025-09-30T14:44:16.883784,8,600.0,672.0,-0.09387907420738899,False,False,False,False,0,1,0,1,1,0,629,364,"[false, false, false]",0,2,0,Starfield Stage - 1
453,2025-09-30T14:44:16.892252,9,600.0,672.0,-0.09387907420738899,False,False,False,False,0,1,0,1,1,0,629,364,"[false, false, false]",0,2,0,Starfield Stage - 1
454,2025-09-30T14:44:16.901517,9,600.0,672.0,-0.09387907420738899,False,False,False,False,0,1,0,1,1,0,629,364,"[false, false, false]",0,2,0,Starfield Stage - 1
455,2025-09-30T14:44:16.911258,9,600.0,672.0,-0.09387907420738899,False,False,False,False,0,1,0,1,1,0,629,364,"[false, false, false]",0,2,0,Starfield Stage - 1
456,2025-09-30T14:44:16.919278,8,600.0,672.0,-0.09387907420738899,False,False,False,False,0,1,0,1,1,0,629,364,"[false, false, false]",0,2,0,Starfield Stage - 1
457,2025-09-30T14:44:16.927130,8,600.0,672.0,-0.09387907420738899,False,False,False,False,0,1,0,1,1,0,629,364,"[false, false, false]",0,2,0,Starfield Stage - 1
458,2025-09-30T14:44:16.935967,9,600.0,672.0,-0.09387907420738899,False,False,False,False,0,1,0,1,1,0,629,364,"[false, false, false]",0,2,0,Starfield Stage - 1
459,2025-09-30T14:44:16.943817,8,600.0,672.0,-0.09387907420738899,False,False,False,False,0,1,0,1,1,0,629,364,"[false, false, false]",0,2,0,Starfield Stage - 1
460,2025-09-30T14:44:16.951861,8,600.0,672.0,-0.09387907420738899,False,False,False,False,0,1,0,1,1,0,629,364,"[false, false, false]",0,2,0,Starfield Stage - 1
461,2025-09-30T14:44:16.959807,8,600.0,672.0,-0.09387907420738899,False,False,False,False,0,1,0,1,1,0,629,364,"[false, false, false]",0,2,0,Starfield Stage - 1
462,2025-09-30T14:44:17.014200,8,600.0,672.0,-0.09387907420738899,False,False,False,False,0,1,0,1,1,0,629,364,"[false, false, false]",0,2,0,Starfield Stage - 1
463,2025-09-30T14:44:17.015841,48,600.0,672.0,-0.09387907420738899,False,False,False,False,0,1,0,1,1,0,629,364,"[false, false, false]",0,2,0,Starfield Stage - 1
464,2025-09-30T14:44:17.024435,8,600.0,672.0,-0.09387907420738899,False,False,False,False,0,1,0,2,1,0,629,364,"[false, false, false]",0,2,0,Starfield Stage - 1
465,2025-09-30T14:44:17.032757,9,600.0,672.0,-0.09387907420738899,False,False,False,False,0,1,0,2,1,0,629,364,"[false, false, false]",0,2,0,Starfield Stage - 1
466,2025-09-30T14:44:17.041301,8,600.0,672.0,-0.09387907420738899,False,False,False,False,0,1,0,2,1,0,629,364,"[false, false, false]",0,2,0,Starfield Stage - 1
467,2025-09-30T14:44:17.050356,9,600.0,672.0,-0.09387907420738899,False,False,False,False,0,1,0,2,1,0,629,364,"[false, false, false]",0,2,0,Starfield Stage - 1
468,2025-09-30T14:44:17.058502,9,600.0,672.0,-0.09387907420738899,False,False,False,False,0,1,0,2,1,0,629,364,"[false, false, false]",0,2,0,Starfield Stage - 1
469,2025-09-30T14:44:17.068162,9,600.0,672.0,-0.09387907420738899,False,False,False,False,0,1,0,2,1,0,629,364,"[false, false, false]",0,2,0,Starfield Stage - 1
470,2025-09-30T14:44:17.077260,9,600.0,672.0,-0.09387907420738899,False,False,False,False,0,1,0,2,1,0,629,364,"[false, false, false]",0,2,0,Starfield Stage - 1
471,2025-09-30T14:44:17.086061,9,600.0,672.0,-0.09387907420738899,False,False,False,False,0,1,0,2,1,0,629,364,"[false, false, false]",0,2,0,Starfield Stage - 1
472,2025-09-30T14:44:17.094871,9,600.0,672.0,-0.09387907420738899,False,False,False,False,0,1,0,2,1,0,629,364,"[false, false, false]",0,2,0,Starfield Stage - 1
473,2025-09-30T14:44:17.103237,8,600.0,672.0,-0.09387907420738899,False,False,False,False,0,1,0,2,1,0,629,364,"[false, false, false]",0,2,0,Starfield Stage - 1
474,2025-09-30T14:44:17.111531,9,600.0,672.0,-0.09387907420738899,False,False,False,False,0,1,0,2,1,0,629,364,"[false, false, false]",0,2,0,Starfield Stage - 1
475,2025-09-30T14:44:17.120747,9,600.0,672.0,-0.09387907420738899,False,False,False,False,0,1,0,2,1,0,629,364,"[false, false, false]",0,2,0,Starfield Stage - 1
476,2025-09-30T14:44:17.129108,8,600.0,672.0,-0.09387907420738899,False,False,False,False,0,1,0,2,1,0,629,364,"[false, false, false]",0,2,0,Starfield Stage - 1
477,2025-09-30T14:44:17.137546,8,600.0,672.0,-0.09387907420738899,False,False,False,False,0,1,0,2,1,0,629,364,"[false, false, false]",0,2,0,Starfield Stage - 1
478,2025-09-30T14:44:17.146312,9,600.0,672.0,-0.09387907420738899,False,False,False,False,0,1,0,2,1,0,629,364,"[false, false, false]",0,2,0,Starfield Stage - 1
479,2025-09-30T14:44:17.154974,9,600.0,672.0,-0.09387907420738899,False,False,False,False,0,1,0,2,1,0,629,364,"[false, false, false]",0,2,0,Starfield Stage - 1
480,2025-09-30T14:44:17.163335,9,600.0,672.0,-0.09387907420738899,False,False,False,False,0,1,0,2,1,0,629,364,"[false, false, false]",0,2,0,Starfield Stage - 1
481,2025-09-30T14:44:17.219353,9,600.0,672.0,-0.09387907420738899,False,False,False,False,0,1,0,2,1,0,629,364,"[false, false, false]",0,2,0,Starfield Stage - 1
482,2025-09-30T14:44:17.225226,48,600.0,672.0,-0.09387907420738899,False,False,False,False,0,1,0,2,1,0,629,364,"[false, false, false]",0,2,0,Starfield Stage - 1
483,2025-09-30T14:44:17.229512,9,600.0,672.0,-0.09387907420738899,False,False,False,False,0,1,0,2,1,0,629,364,"[false, false, false]",0,2,0,Starfield Stage - 1
484,2025-09-30T14:44:17.239239,9,600.0,672.0,-0.09387907420738899,False,False,False,False,0,1,0,2,1,0,629,364,"[false, false, false]",0,2,0,Starfield Stage - 1
485,2025-09-30T14:44:17.247141,9,600.0,672.0,-0.09387907420738899,False,False,False,False,0,1,0,2,1,0,629,364,"[false, false, false]",0,2,0,Starfield Stage - 1
486,2025-09-30T14:44:17.256364,8,600.0,672.0,-0.09387907420738899,False,False,False,False,0,1,0,2,1,0,629,364,"[false, false, false]",0,2,0,Starfield Stage - 1
487,2025-09-30T14:44:17.264828,9,600.0,672.0,-0.09387907420738899,False,False,False,False,0,1,0,2,1,0,629,364,"[false, false, false]",0,2,0,Starfield Stage - 1
488,2025-09-30T14:44:17.273484,9,600.0,672.0,-0.09387907420738899,False,False,False,False,0,1,0,2,1,0,629,364,"[false, false, false]",0,2,0,Starfield Stage - 1
489,2025-09-30T14:44:17.283569,9,600.0,672.0,-0.09387907420738899,False,False,False,False,0,1,0,2,1,0,629,364,"[false, false, false]",0,2,0,Starfield Stage - 1
490,2025-09-30T14:44:17.291613,9,600.0,672.0,-0.09387907420738899,False,False,False,False,0,1,0,2,1,0,629,364,"[false, false, false]",0,2,0,Starfield Stage - 1
491,2025-09-30T14:44:17.300333,8,600.0,672.0,-0.09387907420738899,False,False,False,False,0,1,0,2,1,0,629,364,"[false, false, false]",0,2,0,Starfield Stage - 1
492,2025-09-30T14:44:17.309469,8,600.0,672.0,-0.09387907420738899,False,False,False,False,0,1,0,2,1,0,629,364,"[false, false, false]",0,2,0,Starfield Stage - 1
493,2025-09-30T14:44:17.317743,10,600.0,672.0,-0.09387907420738899,False,False,False,False,0,1,0,2,1,0,629,364,"[false, false, false]",0,2,0,Starfield Stage - 1
494,2025-09-30T14:44:17.326386,8,600.0,672.0,-0.09387907420738899,False,False,False,False,0,1,0,2,1,0,629,364,"[false, false, false]",0,2,0,Starfield Stage - 1
495,2025-09-30T14:44:17.335541,9,600.0,672.0,-0.09387907420738899,False,False,False,False,0,2,0,2,1,1,629,364,"[false, false, false]",0,2,0,Starfield Stage - 1
496,2025-09-30T14:44:17.343639,9,600.0,672.0,-0.09387907420738899,False,False,False,False,0,2,0,2,1,1,629,364,"[false, false, false]",0,2,0,Starfield Stage - 1
497,2025-09-30T14:44:17.352083,8,600.0,672.0,-0.09387907420738899,False,False,False,False,0,2,0,2,1,1,629,364,"[false, false, false]",0,2,0,Starfield Stage - 1
498,2025-09-30T14:44:17.360295,8,600.0,672.0,-0.09387907420738899,False,False,False,False,0,2,0,2,1,1,629,364,"[false, false, false]",0,2,0,Starfield Stage - 1
499,2025-09-30T14:44:17.368266,8,600.0,672.0,-0.09387907420738899,False,False,False,False,0,2,0,2,1,1,629,364,"[false, false, false]",0,2,0,Starfield Stage - 1
500,2025-09-30T14:44:17.422335,9,600.0,672.0,-0.09387907420738899,False,False,False,False,0,2,0,2,1,1,629,364,"[false, false, false]",0,2,0,Starfield Stage - 1
501,2025-09-30T14:44:17.424013,47,600.0,672.0,-0.09387907420738899,False,False,False,False,0,2,0,2,1,1,629,364,"[false, false, false]",0,2,0,Starfield Stage - 1
502,2025-09-30T14:44:17.432598,8,600.0,672.0,-0.09387907420738899,False,False,False,False,0,2,0,2,1,1,629,364,"[false, false, false]",0,2,0,Starfield Stage - 1
503,2025-09-30T14:44:17.440227,8,600.0,672.0,-0.09387907420738899,False,False,False,False,0,2,0,2,1,1,629,364,"[false, false, false]",0,2,0,Starfield Stage - 1
504,2025-09-30T14:44:17.449541,9,600.0,672.0,-0.09387907420738899,False,False,False,False,0,2,0,2,1,1,629,364,"[false, false, false]",0,2,0,Starfield Stage - 1
505,2025-09-30T14:44:17.456936,8,600.0,672.0,-0.09387907420738899,False,False,False,False,0,2,0,2,1,1,629,364,"[false, false, false]",0,2,0,Starfield Stage - 1
506,2025-09-30T14:44:17.464694,8,600.0,672.0,-0.09387907420738899,False,False,False,False,0,2,0,2,1,1,629,364,"[false, false, false]",0,2,0,Starfield Stage - 1
507,2025-09-30T14:44:17.473103,8,600.0,672.0,-0.09387907420738899,False,False,False,False,0,2,0,2,1,1,629,364,"[false, false, false]",0,2,0,Starfield Stage - 1
508,2025-09-30T14:44:17.481888,9,600.0,672.0,-0.09387907420738899,False,False,False,False,0,2,0,2,1,1,629,364,"[false, false, false]",0,2,0,Starfield Stage - 1
509,2025-09-30T14:44:17.490179,8,600.0,672.0,-0.09387907420738899,False,False,False,False,0,2,0,2,1,1,629,364,"[false, false, false]",0,2,0,Starfield Stage - 1
510,2025-09-30T14:44:17.498060,8,600.0,672.0,-0.09387907420738899,False,False,False,False,0,2,0,2,1,1,629,364,"[false, false, false]",0,2,0,Starfield Stage - 1
511,2025-09-30T14:44:17.506433,8,600.0,672.0,-0.09387907420738899,False,False,False,False,0,2,0,2,1,1,629,364,"[false, false, false]",0,2,0,Starfield Stage - 1
512,2025-09-30T14:44:17.515337,9,600.0,672.0,-0.09387907420738899,False,False,False,False,0,2,0,2,1,1,629,364,"[false, false, false]",0,2,0,Starfield Stage - 1
513,2025-09-30T14:44:17.523389,8,600.0,672.0,-0.09387907420738899,False,False,False,False,0,2,0,2,1,1,629,364,"[false, false, false]",0,2,0,Starfield Stage - 1
514,2025-09-30T14:44:17.531327,9,600.0,672.0,-0.09387907420738899,False,False,False,False,0,2,0,2,1,1,629,364,"[false, false, false]",0,2,0,Starfield Stage - 1
515,2025-09-30T14:44:17.541050,9,600.0,672.0,-0.09387907420738899,False,False,False,False,0,2,0,2,1,1,629,364,"[false, false, false]",0,2,0,Starfield Stage - 1
516,2025-09-30T14:44:17.549598,8,600.0,672.0,-0.09387907420738899,False,False,False,False,0,2,0,2,1,1,629,364,"[false, false, false]",0,2,0,Starfield Stage - 1
517,2025-09-30T14:44:17.556822,8,600.0,672.0,-0.09387907420738899,False,False,False,False,0,2,0,2,1,1,629,364,"[false, false, false]",0,2,0,Starfield Stage - 1
518,2025-09-30T14:44:17.565232,8,600.0,672.0,-0.09387907420738899,False,False,False,False,0,2,0,2,1,1,629,364,"[false, false, false]",0,2,0,Starfield Stage - 1
519,2025-09-30T14:44:17.573935,9,600.0,672.0,-0.09387907420738899,False,False,False,False,0,2,0,2,1,1,629,364,"[false, false, false]",0,2,0,Starfield Stage - 1
520,2025-09-30T14:44:17.626438,8,600.0,672.0,-0.09387907420738899,False,False,False,False,0,2,0,2,1,1,629,364,"[false, false, false]",0,2,0,Starfield Stage - 1
521,2025-09-30T14:44:17.628114,46,600.0,672.0,-0.09387907420738899,False,False,False,False,0,2,0,2,1,1,629,364,"[false, false, false]",0,2,0,Starfield Stage - 1
522,2025-09-30T14:44:17.636010,8,600.0,672.0,-0.09387907420738899,False,False,False,False,0,2,0,2,1,1,629,364,"[false, false, false]",0,2,0,Starfield Stage - 1
523,2025-09-30T14:44:17.644816,9,600.0,672.0,-0.09387907420738899,False,False,False,False,0,2,0,2,1,1,629,364,"[false, false, false]",0,2,0,Starfield Stage - 1
524,2025-09-30T14:44:17.653402,9,600.0,672.0,-0.09387907420738899,False,False,False,False,0,2,0,2,1,1,629,364,"[false, false, false]",0,2,0,Starfield Stage - 1
525,2025-09-30T14:44:17.662941,9,600.0,672.0,-0.09387907420738899,False,False,False,False,0,2,0,2,1,1,629,364,"[false, false, false]",0,2,0,Starfield Stage - 1
526,2025-09-30T14:44:17.671278,9,600.0,672.0,-0.09387907420738899,False,False,False,False,0,2,0,2,1,1,629,364,"[false, false, false]",0,2,0,Starfield Stage - 1
527,2025-09-30T14:44:17.680744,9,600.0,672.0,-0.09387907420738899,False,False,False,False,0,2,0,2,1,1,629,364,"[false, false, false]",0,2,0,Starfield Stage - 1
528,2025-09-30T14:44:17.688859,8,600.0,672.0,-0.09387907420738899,False,False,False,False,0,2,0,2,1,1,629,364,"[false, false, false]",0,2,0,Starfield Stage - 1
529,2025-09-30T14:44:17.697577,9,600.0,672.0,-0.09387907420738899,False,False,False,False,0,2,0,2,1,1,629,364,"[false, false, false]",0,2,0,Starfield Stage - 1
530,2025-09-30T14:44:17.706705,9,600.0,672.0,-0.09387907420738899,False,False,False,False,0,2,0,2,1,1,629,364,"[false, false, false]",0,2,0,Starfield Stage - 1
531,2025-09-30T14:44:17.716054,9,600.0,672.0,-0.09387907420738899,False,False,False,False,0,2,0,2,1,1,629,364,"[false, false, false]",0,2,0,Starfield Stage - 1
532,2025-09-30T14:44:17.724420,8,600.0,672.0,-0.09387907420738899,False,False,False,False,0,2,0,2,1,1,629,364,"[false, false, false]",0,2,0,Starfield Stage - 1
533,2025-09-30T14:44:17.732209,9,600.0,672.0,-0.09387907420738899,False,False,False,False,0,2,0,2,1,1,629,364,"[false, false, false]",0,2,0,Starfield Stage - 1
534,2025-09-30T14:44:17.741817,9,600.0,672.0,-0.09387907420738899,False,False,False,False,0,2,0,2,1,1,629,364,"[false, false, false]",0,2,0,Starfield Stage - 1
535,2025-09-30T14:44:17.749817,8,600.0,672.0,-0.09387907420738899,False,False,False,False,0,2,0,2,1,1,629,364,"[false, false, false]",0,2,0,Starfield Stage - 1
536,2025-09-30T14:44:17.758359,8,600.0,672.0,-0.09387907420738899,False,False,False,False,0,2,0,2,1,1,629,364,"[false, false, false]",0,2,0,Starfield Stage - 1
537,2025-09-30T14:44:17.767147,9,600.0,672.0,-0.09387907420738899,False,False,False,False,0,2,0,2,1,1,629,364,"[false, false, false]",0,2,0,Starfield Stage - 1
538,2025-09-30T14:44:17.776063,9,600.0,672.0,-0.09387907420738899,False,False,False,False,0,2,0,2,1,1,629,364,"[false, false, false]",0,2,0,Starfield Stage - 1
539,2025-09-30T14:44:17.831676,9,600.0,672.0,-0.09387907420738899,False,False,False,False,0,2,0,2,1,1,629,364,"[false, false, false]",0,2,0,Starfield Stage - 1
540,2025-09-30T14:44:17.833380,49,600.0,672.0,-0.09387907420738899,False,False,False,False,0,2,0,2,1,1,629,364,"[false, false, false]",0,2,0,Starfield Stage - 1
541,2025-09-30T14:44:17.843352,9,600.0,672.0,-0.09387907420738899,False,False,False,False,0,2,0,2,1,1,629,364,"[false, false, false]",0,2,0,Starfield Stage - 1
542,2025-09-30T14:44:17.852043,9,600.0,672.0,-0.09387907420738899,False,False,False,False,0,2,0,2,1,1,629,364,"[false, false, false]",0,2,0,Starfield Stage - 1
543,2025-09-30T14:44:17.860057,8,600.0,672.0,-0.09387907420738899,False,False,False,False,0,2,0,2,1,1,629,364,"[false, false, false]",0,2,0,Starfield Stage - 1
544,2025-09-30T14:44:17.868381,9,600.0,672.0,-0.09387907420738899,False,False,False,False,0,2,0,2,1,1,629,364,"[false, false, false]",0,2,0,Starfield Stage - 1
545,2025-09-30T14:44:17.877464,9,600.0,672.0,-0.09387907420738899,False,False,False,False,0,2,0,2,1,1,629,364,"[false, false, false]",0,2,0,Starfield Stage - 1
546,2025-09-30T14:44:17.886809,9,600.0,672.0,-0.09387907420738899,False,False,False,False,0,2,0,2,1,1,629,364,"[false, false, false]",0,2,0,Starfield Stage - 1
547,2025-09-30T14:44:17.894964,8,600.0,672.0,-0.09387907420738899,False,False,False,False,0,2,0,2,1,1,629,364,"[false, false, false]",0,2,0,Starfield Stage - 1
548,2025-09-30T14:44:17.902988,8,600.0,672.0,-0.09387907420738899,False,False,False,False,0,2,0,2,1,1,629,364,"[false, false, false]",0,2,0,Starfield Stage - 1
549,2025-09-30T14:44:17.911030,8,600.0,672.0,-0.09387907420738899,False,False,False,False,0,2,0,2,1,1,629,364,"[false, false, false]",0,2,0,Starfield Stage - 1
550,2025-09-30T14:44:17.919263,8,600.0,672.0,-0.09387907420738899,False,False,False,False,0,2,0,2,1,1,629,364,"[false, false, false]",0,2,0,Starfield Stage - 1
551,2025-09-30T14:44:17.927811,9,600.0,672.0,-0.09387907420738899,False,False,False,False,0,2,0,2,1,1,629,364,"[false, false, false]",0,2,0,Starfield Stage - 1
552,2025-09-30T14:44:17.935758,8,600.0,672.0,-0.09387907420738899,False,False,False,False,0,2,0,2,1,1,629,364,"[false, false, false]",0,2,0,Starfield Stage - 1
553,2025-09-30T14:44:17.943761,8,600.0,672.0,-0.09387907420738899,False,False,False,False,0,2,0,2,1,1,629,364,"[false, false, false]",0,2,0,Starfield Stage - 1
554,2025-09-30T14:44:17.952323,9,600.0,672.0,-0.09387907420738899,False,False,False,False,0,2,0,2,1,1,629,364,"[false, false, false]",0,2,0,Starfield Stage - 1
555,2025-09-30T14:44:17.961811,9,600.0,672.0,-0.09387907420738899,False,False,False,False,0,2,0,2,1,1,629,364,"[false, false, false]",0,2,0,Starfield Stage - 1
556,2025-09-30T14:44:17.969941,8,600.0,672.0,-0.09387907420738899,False,False,False,False,0,2,0,2,1,1,629,364,"[false, false, false]",0,2,0,Starfield Stage - 1
557,2025-09-30T14:44:17.979056,9,600.0,672.0,-0.09387907420738899,False,False,False,False,0,2,0,2,1,1,629,364,"[false, false, false]",0,2,0,Starfield Stage - 1
558,2025-09-30T14:44:18.032461,8,600.0,672.0,-0.09387907420738899,False,False,False,False,0,2,0,2,1,1,629,364,"[false, false, false]",0,2,0,Starfield Stage - 1
559,2025-09-30T14:44:18.034264,47,600.0,672.0,-0.09387907420738899,False,False,False,False,0,2,0,2,1,1,629,364,"[false, false, false]",0,2,0,Starfield Stage - 1
560,2025-09-30T14:44:18.042454,8,600.0,672.0,-0.09387907420738899,False,False,False,False,0,2,0,2,1,1,629,364,"[false, false, false]",0,2,0,Starfield Stage - 1
561,2025-09-30T14:44:18.050717,9,600.0,672.0,-0.09387907420738899,False,False,False,False,0,2,0,2,1,1,629,364,"[false, false, false]",0,2,0,Starfield Stage - 1
562,2025-09-30T14:44:18.059009,8,600.0,672.0,-0.09387907420738899,False,False,False,False,0,2,0,2,1,1,629,364,"[false, false, false]",0,2,0,Starfield Stage - 1
563,2025-09-30T14:44:18.066722,8,600.0,672.0,-0.09387907420738899,False,False,False,False,0,2,0,2,1,1,629,364,"[false, false, false]",0,2,0,Starfield Stage - 1
564,2025-09-30T14:44:18.075717,8,600.0,672.0,-0.09387907420738899,False,False,False,False,0,2,0,2,1,1,629,364,"[false, false, false]",0,2,0,Starfield Stage - 1
565,2025-09-30T14:44:18.083385,9,600.0,672.0,-0.09387907420738899,False,False,False,False,0,2,0,2,1,1,629,364,"[false, false, false]",0,2,0,Starfield Stage - 1
566,2025-09-30T14:44:18.092901,9,600.0,672.0,-0.09387907420738899,False,False,False,False,0,2,0,2,1,1,629,364,"[false, false, false]",0,2,0,Starfield Stage - 1
567,2025-09-30T14:44:18.101177,8,600.0,672.0,-0.09387907420738899,False,False,False,False,0,2,0,2,1,1,629,364,"[false, false, false]",0,2,0,Starfield Stage - 1
568,2025-09-30T14:44:18.109459,9,600.0,672.0,-0.09387907420738899,False,False,False,False,0,2,0,2,1,1,629,364,"[false, false, false]",0,2,0,Starfield Stage - 1
569,2025-09-30T14:44:18.119143,9,600.0,672.0,-0.09387907420738899,False,False,False,False,0,2,0,2,1,1,629,364,"[false, false, false]",0,2,0,Starfield Stage - 1
570,2025-09-30T14:44:18.127144,8,600.0,672.0,-0.09387907420738899,False,False,False,False,0,2,0,2,1,1,629,364,"[false, false, false]",0,2,0,Starfield Stage - 1
571,2025-09-30T14:44:18.135079,8,600.0,672.0,-0.09387907420738899,False,False,False,False,0,2,0,2,1,1,629,364,"[false, false, false]",0,2,0,Starfield Stage - 1
572,2025-09-30T14:44:18.143583,9,600.0,672.0,-0.09387907420738899,False,False,False,False,0,2,0,2,1,1,629,364,"[false, false, false]",0,2,0,Starfield Stage - 1
573,2025-09-30T14:44:18.153087,9,600.0,672.0,-0.09387907420738899,False,False,False,False,0,2,0,2,1,1,629,364,"[false, false, false]",0,2,0,Starfield Stage - 1
574,2025-09-30T14:44:18.161752,9,600.0,672.0,-0.09387907420738899,False,False,False,False,0,2,0,2,1,1,629,364,"[false, false, false]",0,2,0,Starfield Stage - 1
575,2025-09-30T14:44:18.170233,8,600.0,672.0,-0.09387907420738899,False,False,False,False,0,2,0,2,1,1,629,364,"[false, false, false]",0,2,0,Starfield Stage - 1
576,2025-09-30T14:44:18.178462,8,600.0,672.0,-0.09387907420738899,False,False,False,False,0,2,0,2,1,1,629,364,"[false, false, false]",0,2,0,Starfield Stage - 1
577,2025-09-30T14:44:18.235758,10,600.0,672.0,-0.09387907420738899,False,False,False,False,0,2,0,2,1,1,629,364,"[false, false, false]",0,2,0,Starfield Stage - 1
578,2025-09-30T14:44:18.237515,50,600.0,672.0,-0.09387907420738899,False,False,False,False,0,2,0,2,1,1,629,364,"[false, false, false]",0,2,0,Starfield Stage - 1
579,2025-09-30T14:44:18.247609,10,600.0,672.0,-0.09387907420738899,False,False,False,False,0,2,0,2,1,1,629,364,"[false, false, false]",0,2,0,Starfield Stage - 1
580,2025-09-30T14:44:18.256359,8,600.0,672.0,-0.09387907420738899,False,False,False,False,0,2,0,2,1,1,629,364,"[false, false, false]",0,2,0,Starfield Stage - 1
581,2025-09-30T14:44:18.264894,9,600.0,672.0,-0.09387907420738899,False,False,False,False,0,2,0,2,1,1,629,364,"[false, false, false]",0,2,0,Starfield Stage - 1
582,2025-09-30T14:44:18.273413,9,600.0,672.0,-0.09387907420738899,False,False,False,False,0,2,0,2,1,1,629,364,"[false, false, false]",0,2,0,Starfield Stage - 1
583,2025-09-30T14:44:18.283141,9,600.0,672.0,-0.09387907420738899,False,False,False,False,0,2,0,2,1,1,629,364,"[false, false, false]",0,2,0,Starfield Stage - 1
584,2025-09-30T14:44:18.292144,8,600.0,672.0,-0.09387907420738899,False,False,False,False,0,2,0,2,1,1,629,364,"[false, false, false]",0,2,0,Starfield Stage - 1
585,2025-09-30T14:44:18.300102,9,600.0,672.0,-0.09387907420738899,False,False,False,False,0,2,0,2,1,1,629,364,"[false, false, false]",0,2,0,Starfield Stage - 1
586,2025-09-30T14:44:18.308028,8,600.0,672.0,-0.09387907420738899,False,False,False,False,0,2,0,2,1,1,629,364,"[false, false, false]",0,2,0,Starfield Stage - 1
587,2025-09-30T14:44:18.316016,8,600.0,672.0,-0.09387907420738899,False,False,False,False,0,2,0,2,1,1,629,364,"[false, false, false]",0,2,0,Starfield Stage - 1
588,2025-09-30T14:44:18.324718,9,600.0,672.0,-0.09387907420738899,False,False,False,False,0,2,0,2,1,1,629,364,"[false, false, false]",0,2,0,Starfield Stage - 1
589,2025-09-30T14:44:18.333334,8,600.0,672.0,-0.09387907420738899,False,False,False,False,0,2,0,2,1,1,629,364,"[false, false, false]",0,2,0,Starfield Stage - 1
590,2025-09-30T14:44:18.341004,8,600.0,672.0,-0.09387907420738899,False,False,False,False,0,2,0,2,1,1,629,364,"[false, false, false]",0,2,0,Starfield Stage - 1
591,2025-09-30T14:44:18.349540,9,600.0,672.0,-0.09387907420738899,False,False,False,False,0,2,0,2,1,1,629,364,"[false, false, false]",0,2,0,Starfield Stage - 1
592,2025-09-30T14:44:18.359233,9,600.0,672.0,-0.09387907420738899,False,False,False,False,0,2,0,2,1,1,629,364,"[false, false, false]",0,2,0,Starfield Stage - 1
593,2025-09-30T14:44:18.367513,9,600.0,672.0,-0.09387907420738899,False,False,False,False,0,3,0,2,1,1,629,364,"[false, false, false]",0,2,0,Starfield Stage - 1
594,2025-09-30T14:44:18.376872,9,600.0,672.0,-0.09387907420738899,False,False,False,False,0,3,0,2,1,1,629,364,"[false, false, false]",0,2,0,Starfield Stage - 1
595,2025-09-30T14:44:18.385336,8,600.0,672.0,-0.09387907420738899,False,False,False,False,0,3,0,2,1,1,629,364,"[false, false, false]",0,2,0,Starfield Stage - 1
596,2025-09-30T14:44:18.439688,9,600.0,672.0,-0.09387907420738899,False,False,False,False,0,3,0,2,1,1,629,364,"[false, false, false]",0,2,0,Starfield Stage - 1
597,2025-09-30T14:44:18.441490,48,600.0,672.0,-0.09387907420738899,False,False,False,False,0,3,0,2,1,1,629,364,"[false, false, false]",0,2,0,Starfield Stage - 1
598,2025-09-30T14:44:18.450821,9,600.0,672.0,-0.09387907420738899,False,False,False,False,0,3,0,2,1,1,629,364,"[false, false, false]",0,2,0,Starfield Stage - 1
599,2025-09-30T14:44:18.459039,8,600.0,672.0,-0.09387907420738899,False,False,False,False,0,3,0,2,1,1,629,364,"[false, false, false]",0,2,0,Starfield Stage - 1
600,2025-09-30T14:44:18.467047,8,600.0,672.0,-0.09387907420738899,False,False,False,False,0,3,0,2,1,1,629,364,"[false, false, false]",0,2,0,Starfield Stage - 1
601,2025-09-30T14:44:18.475397,8,600.0,672.0,-0.09387907420738899,False,False,False,False,0,3,0,3,1,1,629,364,"[false, false, false]",0,2,0,Starfield Stage - 1
602,2025-09-30T14:44:18.483290,9,600.0,672.0,-0.09387907420738899,False,False,False,False,0,3,0,3,1,1,629,364,"[false, false, false]",0,2,0,Starfield Stage - 1
603,2025-09-30T14:44:18.492897,9,600.0,672.0,-0.09387907420738899,False,False,False,False,0,3,0,3,1,1,629,364,"[false, false, false]",0,2,0,Starfield Stage - 1
604,2025-09-30T14:44:18.500874,8,600.0,672.0,-0.09387907420738899,False,False,False,False,0,3,0,3,1,1,629,364,"[false, false, false]",0,2,0,Starfield Stage - 1
605,2025-09-30T14:44:18.509051,8,600.0,672.0,-0.09387907420738899,False,False,False,False,0,3,0,3,1,1,629,364,"[false, false, false]",0,2,0,Starfield Stage - 1
606,2025-09-30T14:44:18.517183,9,600.0,672.0,-0.09387907420738899,False,False,False,False,0,3,0,3,1,1,629,364,"[false, false, false]",0,2,0,Starfield Stage - 1
607,2025-09-30T14:44:18.526817,9,600.0,672.0,-0.09387907420738899,False,False,False,False,0,3,0,3,1,1,629,364,"[false, false, false]",0,2,0,Starfield Stage - 1
608,2025-09-30T14:44:18.534832,8,600.0,672.0,-0.09387907420738899,False,False,False,False,0,3,0,3,1,1,629,364,"[false, false, false]",0,2,0,Starfield Stage - 1
609,2025-09-30T14:44:18.543161,8,600.0,672.0,-0.09387907420738899,False,False,False,False,0,3,0,3,1,1,629,364,"[false, false, false]",0,2,0,Starfield Stage - 1
610,2025-09-30T14:44:18.551439,9,600.0,672.0,-0.09387907420738899,False,False,False,False,0,3,0,3,1,1,629,364,"[false, false, false]",0,2,0,Starfield Stage - 1
611,2025-09-30T14:44:18.560894,9,600.0,672.0,-0.09387907420738899,False,False,False,False,0,3,0,3,1,1,629,364,"[false, false, false]",0,2,0,Starfield Stage - 1
612,2025-09-30T14:44:18.569876,8,600.0,672.0,-0.09387907420738899,False,False,False,False,0,3,0,3,1,1,629,364,"[false, false, false]",0,2,0,Starfield Stage - 1
613,2025-09-30T14:44:18.577557,8,600.0,672.0,-0.09387907420738899,False,False,False,False,0,3,0,4,1,1,629,364,"[false, false, false]",0,2,0,Starfield Stage - 1
614,2025-09-30T14:44:18.585630,8,600.0,672.0,-0.09387907420738899,False,False,False,False,0,3,0,4,1,1,629,364,"[false, false, false]",0,2,0,Starfield Stage - 1
615,2025-09-30T14:44:18.592817,8,600.0,672.0,-0.09387907420738899,False,False,False,False,0,3,0,4,1,1,629,364,"[false, false, false]",0,2,0,Starfield Stage - 1
616,2025-09-30T14:44:18.646165,8,600.0,672.0,-0.09387907420738899,False,False,False,False,0,3,0,4,1,1,629,364,"[false, false, false]",0,2,0,Starfield Stage - 1
617,2025-09-30T14:44:18.647869,47,600.0,672.0,-0.09387907420738899,False,False,False,False,0,3,0,3,1,1,629,364,"[false, false, false]",0,2,0,Starfield Stage - 1
618,2025-09-30T14:44:18.656144,8,600.0,672.0,-0.09387907420738899,False,False,False,False,0,3,0,3,1,1,629,364,"[false, false, false]",0,2,0,Starfield Stage - 1
619,2025-09-30T14:44:18.664431,8,600.0,672.0,-0.09387907420738899,False,False,False,False,0,3,0,3,1,1,629,364,"[false, false, false]",0,2,0,Starfield Stage - 1
620,2025-09-30T14:44:18.672666,9,600.0,672.0,-0.09387907420738899,False,False,False,False,0,3,0,3,1,1,629,364,"[false, false, false]",0,2,0,Starfield Stage - 1
621,2025-09-30T14:44:18.680863,8,600.0,672.0,-0.09387907420738899,False,False,False,False,0,3,0,3,1,1,629,364,"[false, false, false]",0,2,0,Starfield Stage - 1
622,2025-09-30T14:44:18.689203,8,600.0,672.0,-0.09387907420738899,False,False,False,False,0,3,0,3,1,1,629,364,"[false, false, false]",0,2,0,Starfield Stage - 1
623,2025-09-30T14:44:18.698181,9,600.0,672.0,-0.09387907420738899,False,False,False,False,0,3,0,3,1,1,629,364,"[false, false, false]",0,2,0,Starfield Stage - 1
624,2025-09-30T14:44:18.707176,9,600.0,672.0,-0.09387907420738899,False,False,False,False,0,3,0,3,1,1,629,364,"[false, false, false]",0,2,0,Starfield Stage - 1
625,2025-09-30T14:44:18.715398,8,600.0,672.0,-0.09387907420738899,False,False,False,False,0,3,0,3,1,1,629,364,"[false, false, false]",0,2,0,Starfield Stage - 1
626,2025-09-30T14:44:18.723640,9,600.0,672.0,-0.09387907420738899,False,False,False,False,0,3,0,3,1,1,629,364,"[false, false, false]",0,2,0,Starfield Stage - 1
627,2025-09-30T14:44:18.732335,9,600.0,672.0,-0.09387907420738899,False,False,False,False,0,3,0,3,1,1,629,364,"[false, false, false]",0,2,0,Starfield Stage - 1
628,2025-09-30T14:44:18.741894,9,600.0,672.0,-0.09387907420738899,False,False,False,False,0,3,0,3,1,1,629,364,"[false, false, false]",0,2,0,Starfield Stage - 1
629,2025-09-30T14:44:18.750562,9,600.0,672.0,-0.09387907420738899,False,False,False,False,0,3,0,3,1,1,629,364,"[false, false, false]",0,2,0,Starfield Stage - 1
630,2025-09-30T14:44:18.759221,8,600.0,672.0,-0.09387907420738899,False,False,False,False,0,3,0,3,1,1,629,364,"[false, false, false]",0,2,0,Starfield Stage - 1
631,2025-09-30T14:44:18.767928,9,600.0,672.0,-0.09387907420738899,False,False,False,False,0,3,0,3,1,1,629,364,"[false, false, false]",0,2,0,Starfield Stage - 1
632,2025-09-30T14:44:18.775750,8,600.0,672.0,-0.09387907420738899,False,False,False,False,0,3,0,3,1,1,629,364,"[false, false, false]",0,2,0,Starfield Stage - 1
633,2025-09-30T14:44:18.784378,8,600.0,672.0,-0.09387907420738899,False,False,False,False,0,3,0,4,1,1,629,364,"[false, false, false]",0,2,0,Starfield Stage - 1
634,2025-09-30T14:44:18.792844,9,600.0,672.0,-0.09387907420738899,False,False,False,False,0,2,0,4,1,1,629,364,"[false, false, false]",0,2,0,Starfield Stage - 1
635,2025-09-30T14:44:18.847602,9,600.0,672.0,-0.09387907420738899,False,False,False,False,0,2,0,4,1,1,629,364,"[false, false, false]",0,2,0,Starfield Stage - 1
636,2025-09-30T14:44:18.849466,48,600.0,672.0,-0.09387907420738899,False,False,False,False,0,2,0,4,1,1,629,364,"[false, false, false]",0,2,0,Starfield Stage - 1
637,2025-09-30T14:44:18.858474,9,600.0,672.0,-0.09387907420738899,False,False,False,False,0,2,0,4,1,1,629,364,"[false, false, false]",0,2,0,Starfield Stage - 1
638,2025-09-30T14:44:18.868577,9,600.0,672.0,-0.09387907420738899,False,False,False,False,0,2,0,4,1,1,629,364,"[false, false, false]",0,2,0,Starfield Stage - 1
639,2025-09-30T14:44:18.876135,8,600.0,672.0,-0.09387907420738899,False,False,False,False,0,2,0,4,1,1,629,364,"[false, false, false]",0,2,0,Starfield Stage - 1
640,2025-09-30T14:44:18.884407,9,600.0,672.0,-0.09387907420738899,False,False,False,False,0,2,0,4,1,1,629,364,"[false, false, false]",0,2,0,Starfield Stage - 1
641,2025-09-30T14:44:18.893830,9,600.0,672.0,-0.09387907420738899,False,False,False,False,0,2,0,4,1,1,629,364,"[false, false, false]",0,2,0,Starfield Stage - 1
642,2025-09-30T14:44:18.902657,9,600.0,672.0,-0.09387907420738899,False,False,False,False,0,2,0,4,1,1,629,364,"[false, false, false]",0,2,0,Starfield Stage - 1
643,2025-09-30T14:44:18.911063,8,600.0,672.0,-0.09387907420738899,False,False,False,False,0,2,0,4,1,1,629,364,"[false, false, false]",0,2,0,Starfield Stage - 1
644,2025-09-30T14:44:18.919667,9,600.0,672.0,-0.09387907420738899,False,False,False,False,0,2,0,4,1,1,629,364,"[false, false, false]",0,2,0,Starfield Stage - 1
645,2025-09-30T14:44:18.928789,9,600.0,672.0,-0.09387907420738899,False,False,False,False,0,2,0,4,1,1,629,364,"[false, false, false]",0,2,0,Starfield Stage - 1
646,2025-09-30T14:44:18.937398,8,600.0,672.0,-0.09387907420738899,False,False,False,False,0,2,0,4,1,1,629,364,"[false, false, false]",0,2,0,Starfield Stage - 1
647,2025-09-30T14:44:18.945340,9,600.0,672.0,-0.09387907420738899,False,False,False,False,0,2,0,4,1,1,629,364,"[false, false, false]",0,2,0,Starfield Stage - 1
648,2025-09-30T14:44:18.955241,9,600.0,672.0,-0.09387907420738899,False,False,False,False,0,2,0,4,1,1,629,364,"[false, false, false]",0,2,0,Starfield Stage - 1
649,2025-09-30T14:44:18.963591,9,600.0,672.0,-0.09387907420738899,False,False,False,False,0,2,0,4,1,1,629,364,"[false, false, false]",0,2,0,Starfield Stage - 1
650,2025-09-30T14:44:18.972407,8,600.0,672.0,-0.09387907420738899,False,False,False,False,0,2,0,4,1,1,629,364,"[false, false, false]",0,2,0,Starfield Stage - 1
651,2025-09-30T14:44:18.980739,9,600.0,672.0,-0.09387907420738899,False,False,False,False,0,2,0,4,1,1,629,364,"[false, false, false]",0,2,0,Starfield Stage - 1
652,2025-09-30T14:44:18.989175,8,600.0,672.0,-0.09387907420738899,False,False,False,False,0,2,0,5,1,1,629,364,"[false, false, false]",0,2,0,Starfield Stage - 1
653,2025-09-30T14:44:18.997453,9,600.0,672.0,-0.09387907420738899,False,False,False,False,0,2,0,5,1,1,629,364,"[false, false, false]",0,2,0,Starfield Stage - 1
654,2025-09-30T14:44:19.052989,8,600.0,672.0,-0.09387907420738899,False,False,False,False,0,2,0,5,1,1,629,364,"[false, false, false]",0,2,0,Starfield Stage - 1
655,2025-09-30T14:44:19.054861,49,600.0,672.0,-0.09387907420738899,False,False,False,False,0,2,0,5,1,1,629,364,"[false, false, false]",0,2,0,Starfield Stage - 1
656,2025-09-30T14:44:19.063429,8,600.0,672.0,-0.09387907420738899,False,False,False,False,0,2,0,5,1,1,629,364,"[false, false, false]",0,2,0,Starfield Stage - 1
657,2025-09-30T14:44:19.071637,9,600.0,672.0,-0.09387907420738899,False,False,False,False,0,2,0,5,1,1,629,364,"[false, false, false]",0,2,0,Starfield Stage - 1
658,2025-09-30T14:44:19.080493,9,600.0,672.0,-0.09387907420738899,False,False,False,False,0,2,0,5,1,1,629,364,"[false, false, false]",0,2,0,Starfield Stage - 1
659,2025-09-30T14:44:19.089542,9,600.0,672.0,-0.09387907420738899,False,False,False,False,0,2,0,5,1,1,629,364,"[false, false, false]",0,2,0,Starfield Stage - 1
660,2025-09-30T14:44:19.099085,9,600.0,672.0,-0.09387907420738899,False,False,False,False,0,2,0,5,1,1,629,364,"[false, false, false]",0,2,0,Starfield Stage - 1
661,2025-09-30T14:44:19.107159,9,600.0,672.0,-0.09387907420738899,False,False,False,False,0,2,0,5,1,1,629,364,"[false, false, false]",0,2,0,Starfield Stage - 1
662,2025-09-30T14:44:19.116874,9,600.0,672.0,-0.09387907420738899,False,False,False,False,0,2,0,5,1,1,629,364,"[false, false, false]",0,2,0,Starfield Stage - 1
663,2025-09-30T14:44:19.125060,8,600.0,672.0,-0.09387907420738899,False,False,False,False,0,2,0,5,1,1,629,364,"[false, false, false]",0,2,0,Starfield Stage - 1
664,2025-09-30T14:44:19.133278,9,600.0,672.0,-0.09387907420738899,False,False,False,False,0,2,0,5,1,1,629,364,"[false, false, false]",0,2,0,Starfield Stage - 1
665,2025-09-30T14:44:19.143003,9,600.0,672.0,-0.09387907420738899,False,False,False,False,0,2,0,5,1,1,629,364,"[false, false, false]",0,2,0,Starfield Stage - 1
666,2025-09-30T14:44:19.151031,8,600.0,672.0,-0.09387907420738899,False,False,False,False,0,2,0,5,1,1,629,364,"[false, false, false]",0,2,0,Starfield Stage - 1
667,2025-09-30T14:44:19.159132,8,600.0,672.0,-0.09387907420738899,False,False,False,False,0,2,0,5,1,1,629,364,"[false, false, false]",0,2,0,Starfield Stage - 1
668,2025-09-30T14:44:19.167999,9,600.0,672.0,-0.09387907420738899,False,False,False,False,0,2,0,5,1,1,629,364,"[false, false, false]",0,2,0,Starfield Stage - 1
669,2025-09-30T14:44:19.175820,8,600.0,672.0,-0.09387907420738899,False,False,False,False,0,2,0,5,1,1,629,364,"[false, false, false]",0,2,0,Starfield Stage - 1
670,2025-09-30T14:44:19.185521,9,600.0,672.0,-0.09387907420738899,False,False,False,False,0,2,0,5,1,1,629,364,"[false, false, false]",0,2,0,Starfield Stage - 1
671,2025-09-30T14:44:19.194342,9,600.0,672.0,-0.09387907420738899,False,False,False,False,0,2,0,5,1,1,629,364,"[false, false, false]",0,2,0,Starfield Stage - 1
672,2025-09-30T14:44:19.202684,8,600.0,672.0,-0.09387907420738899,False,False,False,False,0,2,0,5,1,1,629,364,"[false, false, false]",0,2,0,Starfield Stage - 1
673,2025-09-30T14:44:19.256130,8,600.0,672.0,-0.09387907420738899,False,False,False,False,0,2,0,5,1,1,629,364,"[false, false, false]",0,2,0,Starfield Stage - 1
674,2025-09-30T14:44:19.257877,48,600.0,672.0,-0.09387907420738899,False,False,False,False,0,2,0,5,1,1,629,364,"[false, false, false]",0,2,0,Starfield Stage - 1
675,2025-09-30T14:44:19.266735,9,600.0,672.0,-0.09387907420738899,False,False,False,False,0,2,0,5,1,1,629,364,"[false, false, false]",0,2,0,Starfield Stage - 1
676,2025-09-30T14:44:19.275043,8,600.0,672.0,-0.09387907420738899,False,False,False,False,0,2,0,5,1,1,629,364,"[false, false, false]",0,2,0,Starfield Stage - 1
677,2025-09-30T14:44:19.283391,9,600.0,672.0,-0.09387907420738899,False,False,False,False,0,2,0,5,1,1,629,364,"[false, false, false]",0,2,0,Starfield Stage - 1
678,2025-09-30T14:44:19.293140,9,600.0,672.0,-0.09387907420738899,False,False,False,False,0,2,0,5,1,1,629,364,"[false, false, false]",0,2,0,Starfield Stage - 1
679,2025-09-30T14:44:19.301091,8,600.0,672.0,-0.09387907420738899,False,False,False,False,0,2,0,6,1,1,629,364,"[false, false, false]",0,2,0,Starfield Stage - 1
680,2025-09-30T14:44:19.309744,9,600.0,672.0,-0.09387907420738899,False,False,False,False,0,2,0,6,1,1,629,364,"[false, false, false]",0,2,0,Starfield Stage - 1
681,2025-09-30T14:44:19.318669,9,600.0,672.0,-0.09387907420738899,False,False,False,False,0,2,0,6,1,1,629,364,"[false, false, false]",0,2,0,Starfield Stage - 1
682,2025-09-30T14:44:19.326842,8,600.0,672.0,-0.09387907420738899,False,False,False,False,0,2,0,6,1,1,629,364,"[false, false, false]",0,2,0,Starfield Stage - 1
683,2025-09-30T14:44:19.334870,8,600.0,672.0,-0.09387907420738899,False,False,False,False,0,2,0,6,1,1,629,364,"[false, false, false]",0,2,0,Starfield Stage - 1
684,2025-09-30T14:44:19.343787,9,600.0,672.0,-0.09387907420738899,False,False,False,False,0,2,0,6,1,1,629,364,"[false, false, false]",0,2,0,Starfield Stage - 1
685,2025-09-30T14:44:19.352324,8,600.0,672.0,-0.09387907420738899,False,False,False,False,0,2,0,6,1,1,629,364,"[false, false, false]",0,2,0,Starfield Stage - 1
686,2025-09-30T14:44:19.361271,9,600.0,672.0,-0.09387907420738899,False,False,False,False,0,2,0,6,1,1,629,364,"[false, false, false]",0,2,0,Starfield Stage - 1
687,2025-09-30T14:44:19.370153,9,600.0,672.0,-0.09387907420738899,False,False,False,False,0,2,0,6,1,1,629,364,"[false, false, false]",0,2,0,Starfield Stage - 1
688,2025-09-30T14:44:19.378705,8,600.0,672.0,-0.09387907420738899,False,False,False,False,0,2,0,6,1,1,629,364,"[false, false, false]",0,2,0,Starfield Stage - 1
689,2025-09-30T14:44:19.386431,8,600.0,672.0,-0.09387907420738899,False,False,False,False,0,2,0,6,1,1,629,364,"[false, false, false]",0,2,0,Starfield Stage - 1
690,2025-09-30T14:44:19.394797,9,600.0,672.0,-0.09387907420738899,False,False,False,False,0,2,0,6,1,1,629,364,"[false, false, false]",0,2,0,Starfield Stage - 1
691,2025-09-30T14:44:19.403759,9,600.0,672.0,-0.09387907420738899,False,False,False,False,0,3,0,6,1,1,629,364,"[false, false, false]",0,2,0,Starfield Stage - 1
692,2025-09-30T14:44:19.458317,9,600.0,672.0,-0.09387907420738899,False,False,False,False,0,3,0,6,1,1,629,364,"[false, false, false]",0,2,0,Starfield Stage - 1
693,2025-09-30T14:44:19.460174,47,600.0,672.0,-0.09387907420738899,False,False,False,False,0,3,0,6,1,1,629,364,"[false, false, false]",0,2,0,Starfield Stage - 1
694,2025-09-30T14:44:19.468950,9,600.0,672.0,-0.09387907420738899,False,False,False,False,0,3,0,6,1,1,629,364,"[false, false, false]",0,2,0,Starfield Stage - 1
695,2025-09-30T14:44:19.477658,9,600.0,672.0,-0.09387907420738899,False,False,False,False,0,3,0,6,1,1,629,364,"[false, false, false]",0,2,0,Starfield Stage - 1
696,2025-09-30T14:44:19.486421,9,600.0,672.0,-0.09387907420738899,False,False,False,False,0,3,0,6,1,1,629,364,"[false, false, false]",0,2,0,Starfield Stage - 1
697,2025-09-30T14:44:19.496155,9,600.0,672.0,-0.09387907420738899,False,False,False,False,0,3,0,6,1,1,629,364,"[false, false, false]",0,2,0,Starfield Stage - 1
698,2025-09-30T14:44:19.504716,9,600.0,672.0,-0.09387907420738899,False,False,False,False,0,3,0,7,1,1,629,364,"[false, false, false]",0,2,0,Starfield Stage - 1
699,2025-09-30T14:44:19.513210,8,600.0,672.0,-0.09387907420738899,False,False,False,False,0,2,0,7,1,1,629,364,"[false, false, false]",0,2,0,Starfield Stage - 1
700,2025-09-30T14:44:19.521318,8,600.0,672.0,-0.09387907420738899,False,False,False,False,0,2,0,7,1,1,629,364,"[false, false, false]",0,2,0,Starfield Stage - 1
701,2025-09-30T14:44:19.530118,9,600.0,672.0,-0.09387907420738899,False,False,False,False,0,2,0,6,1,1,629,364,"[false, false, false]",0,2,0,Starfield Stage - 1
702,2025-09-30T14:44:19.538182,8,600.0,672.0,-0.09387907420738899,False,False,False,False,0,2,0,6,1,1,629,364,"[false, false, false]",0,2,0,Starfield Stage - 1
703,2025-09-30T14:44:19.546441,8,600.0,672.0,-0.09387907420738899,False,False,False,False,0,2,0,6,1,1,629,364,"[false, false, false]",0,2,0,Starfield Stage - 1
704,2025-09-30T14:44:19.555060,9,600.0,672.0,-0.09387907420738899,False,False,False,False,0,2,0,6,1,1,629,364,"[false, false, false]",0,2,0,Starfield Stage - 1
705,2025-09-30T14:44:19.563146,8,600.0,672.0,-0.09387907420738899,False,False,False,False,0,2,0,6,1,1,629,364,"[false, false, false]",0,2,0,Starfield Stage - 1
706,2025-09-30T14:44:19.571438,8,600.0,672.0,-0.09387907420738899,False,False,False,False,0,2,0,6,1,1,629,364,"[false, false, false]",0,2,0,Starfield Stage - 1
707,2025-09-30T14:44:19.579889,9,600.0,672.0,-0.09387907420738899,False,False,False,False,0,2,0,6,1,1,629,364,"[false, false, false]",0,2,0,Starfield Stage - 1
708,2025-09-30T14:44:19.587887,8,600.0,672.0,-0.09387907420738899,False,False,False,False,0,2,0,6,1,1,629,364,"[false, false, false]",0,2,0,Starfield Stage - 1
709,2025-09-30T14:44:19.595952,8,600.0,672.0,-0.09387907420738899,False,False,False,False,0,2,0,6,1,1,629,364,"[false, false, false]",0,2,0,Starfield Stage - 1
710,2025-09-30T14:44:19.604686,9,600.0,672.0,-0.09387907420738899,False,False,False,False,0,2,0,6,1,1,629,364,"[false, false, false]",0,2,0,Starfield Stage - 1
711,2025-09-30T14:44:19.659655,8,600.0,672.0,-0.09387907420738899,False,False,False,False,0,2,0,6,1,1,629,364,"[false, false, false]",0,2,0,Starfield Stage - 1
712,2025-09-30T14:44:19.661440,49,600.0,672.0,-0.09387907420738899,False,False,False,False,0,2,0,6,1,1,629,364,"[false, false, false]",0,2,0,Starfield Stage - 1
713,2025-09-30T14:44:19.671609,9,600.0,672.0,-0.09387907420738899,False,False,False,False,0,2,0,6,1,1,629,364,"[false, false, false]",0,2,0,Starfield Stage - 1
714,2025-09-30T14:44:19.680026,9,600.0,672.0,-0.09387907420738899,False,False,False,False,0,2,0,6,1,1,629,364,"[false, false, false]",0,2,0,Starfield Stage - 1
715,2025-09-30T14:44:19.688126,8,600.0,672.0,-0.09387907420738899,False,False,False,False,0,2,0,6,1,1,629,364,"[false, false, false]",0,2,0,Starfield Stage - 1
716,2025-09-30T14:44:19.696158,8,600.0,672.0,-0.09387907420738899,False,False,False,False,0,2,0,6,1,1,629,364,"[false, false, false]",0,2,0,Starfield Stage - 1
717,2025-09-30T14:44:19.704450,8,600.0,672.0,-0.09387907420738899,False,False,False,False,0,2,0,6,1,1,629,364,"[false, false, false]",0,2,0,Starfield Stage - 1
718,2025-09-30T14:44:19.712411,8,600.0,672.0,-0.09387907420738899,False,False,False,False,0,2,0,6,1,1,629,364,"[false, false, false]",0,2,0,Starfield Stage - 1
719,2025-09-30T14:44:19.720239,8,600.0,672.0,-0.09387907420738899,False,False,False,False,0,2,0,6,1,1,629,364,"[false, false, false]",0,2,0,Starfield Stage - 1
720,2025-09-30T14:44:19.728444,9,600.0,672.0,-0.09387907420738899,False,False,False,False,0,2,0,6,1,1,629,364,"[false, false, false]",0,2,0,Starfield Stage - 1
721,2025-09-30T14:44:19.738040,9,600.0,672.0,-0.09387907420738899,False,False,False,False,0,2,0,6,1,1,629,364,"[false, false, false]",0,2,0,Starfield Stage - 1
722,2025-09-30T14:44:19.746395,9,600.0,672.0,-0.09387907420738899,False,False,False,False,0,2,0,6,1,1,629,364,"[false, false, false]",0,2,0,Starfield Stage - 1
723,2025-09-30T14:44:19.756112,9,600.0,672.0,-0.09387907420738899,False,False,False,False,0,2,0,6,1,1,629,364,"[false, false, false]",0,2,0,Starfield Stage - 1
724,2025-09-30T14:44:19.764042,8,600.0,672.0,-0.09387907420738899,False,False,False,False,0,2,0,6,1,1,629,364,"[false, false, false]",0,2,0,Starfield Stage - 1
725,2025-09-30T14:44:19.772433,9,600.0,672.0,-0.09387907420738899,False,False,False,False,0,2,0,6,1,1,629,364,"[false, false, false]",0,2,0,Starfield Stage - 1
726,2025-09-30T14:44:19.782514,9,600.0,672.0,-0.09387907420738899,False,False,False,False,0,2,0,6,1,1,629,364,"[false, false, false]",0,2,0,Starfield Stage - 1
727,2025-09-30T14:44:19.791124,9,600.0,672.0,-0.09387907420738899,False,False,False,False,0,2,0,6,1,1,629,364,"[false, false, false]",0,2,0,Starfield Stage - 1
728,2025-09-30T14:44:19.799533,9,600.0,672.0,-0.09387907420738899,False,False,False,False,0,2,0,6,1,1,629,364,"[false, false, false]",0,2,0,Starfield Stage - 1
729,2025-09-30T14:44:19.807663,8,600.0,672.0,-0.09387907420738899,False,False,False,False,0,2,0,6,1,1,629,364,"[false, false, false]",0,2,0,Starfield Stage - 1
730,2025-09-30T14:44:19.862764,8,600.0,672.0,-0.09387907420738899,False,False,False,False,0,2,0,6,1,1,629,364,"[false, false, false]",0,2,0,Starfield Stage - 1
731,2025-09-30T14:44:19.864570,49,600.0,672.0,-0.09387907420738899,False,False,False,False,0,2,0,6,1,1,629,364,"[false, false, false]",0,2,0,Starfield Stage - 1
732,2025-09-30T14:44:19.873188,8,600.0,672.0,-0.09387907420738899,False,False,False,False,0,2,0,6,1,1,629,364,"[false, false, false]",0,2,0,Starfield Stage - 1
733,2025-09-30T14:44:19.881884,9,600.0,672.0,-0.09387907420738899,False,False,False,False,0,2,0,6,1,1,629,364,"[false, false, false]",0,2,0,Starfield Stage - 1
734,2025-09-30T14:44:19.890061,8,600.0,672.0,-0.09387907420738899,False,False,False,False,0,2,0,6,1,1,629,364,"[false, false, false]",0,2,0,Starfield Stage - 1
735,2025-09-30T14:44:19.898558,9,600.0,672.0,-0.09387907420738899,False,False,False,False,0,2,0,6,1,1,629,364,"[false, false, false]",0,2,0,Starfield Stage - 1
736,2025-09-30T14:44:19.907265,8,600.0,672.0,-0.09387907420738899,False,False,False,False,0,2,0,6,1,1,629,364,"[false, false, false]",0,2,0,Starfield Stage - 1
737,2025-09-30T14:44:19.915342,8,600.0,672.0,-0.09387907420738899,False,False,False,False,0,2,0,6,1,1,629,364,"[false, false, false]",0,2,0,Starfield Stage - 1
738,2025-09-30T14:44:19.923949,9,600.0,672.0,-0.09387907420738899,False,False,False,False,0,2,0,6,1,1,629,364,"[false, false, false]",0,2,0,Starfield Stage - 1
739,2025-09-30T14:44:19.932563,9,600.0,672.0,-0.09387907420738899,False,False,False,False,0,2,0,6,1,1,629,364,"[false, false, false]",0,2,0,Starfield Stage - 1
740,2025-09-30T14:44:19.941047,8,600.0,672.0,-0.09387907420738899,False,False,False,False,0,2,0,6,1,1,629,364,"[false, false, false]",0,2,0,Starfield Stage - 1
741,2025-09-30T14:44:19.950027,9,600.0,672.0,-0.09387907420738899,False,False,False,False,0,2,0,6,1,1,629,364,"[false, false, false]",0,2,0,Starfield Stage - 1
742,2025-09-30T14:44:19.958464,9,600.0,672.0,-0.09387907420738899,False,False,False,False,0,2,0,6,1,1,629,364,"[false, false, false]",0,2,0,Starfield Stage - 1
743,2025-09-30T14:44:19.968019,9,600.0,672.0,-0.09387907420738899,False,False,False,False,0,2,0,6,1,1,629,364,"[false, false, false]",0,2,0,Starfield Stage - 1
744,2025-09-30T14:44:19.976068,8,600.0,672.0,-0.09387907420738899,False,False,False,False,0,2,0,6,1,1,629,364,"[false, false, false]",0,2,0,Starfield Stage - 1
745,2025-09-30T14:44:19.984436,8,600.0,672.0,-0.09387907420738899,False,False,False,False,0,2,0,6,1,1,629,364,"[false, false, false]",0,2,0,Starfield Stage - 1
746,2025-09-30T14:44:19.992196,9,600.0,672.0,-0.09387907420738899,False,False,False,False,0,2,0,6,1,1,629,364,"[false, false, false]",0,2,0,Starfield Stage - 1
747,2025-09-30T14:44:20.000948,8,600.0,672.0,-0.09387907420738899,False,False,False,False,0,2,0,6,1,1,629,364,"[false, false, false]",0,2,0,Starfield Stage - 1
748,2025-09-30T14:44:20.009316,9,600.0,672.0,-0.09387907420738899,False,False,False,False,0,2,0,6,1,1,629,364,"[false, false, false]",0,2,0,Starfield Stage - 1
749,2025-09-30T14:44:20.063686,9,600.0,672.0,-0.09387907420738899,False,False,False,False,0,2,0,6,1,1,629,364,"[false, false, false]",0,2,0,Starfield Stage - 1
750,2025-09-30T14:44:20.065577,47,600.0,672.0,-0.09387907420738899,False,False,False,False,0,2,0,6,1,1,629,364,"[false, false, false]",0,2,0,Starfield Stage - 1
751,2025-09-30T14:44:20.074469,8,600.0,672.0,-0.09387907420738899,False,False,False,False,0,2,0,6,1,1,629,364,"[false, false, false]",0,2,0,Starfield Stage - 1
752,2025-09-30T14:44:20.083351,10,600.0,672.0,-0.09387907420738899,False,False,False,False,0,2,0,6,1,1,629,364,"[false, false, false]",0,2,0,Starfield Stage - 1
753,2025-09-30T14:44:20.092219,9,600.0,672.0,-0.09387907420738899,False,False,False,False,0,2,0,6,1,1,629,364,"[false, false, false]",0,2,0,Starfield Stage - 1
754,2025-09-30T14:44:20.101044,8,600.0,672.0,-0.09387907420738899,False,False,False,False,0,2,0,6,1,1,629,364,"[false, false, false]",0,2,0,Starfield Stage - 1
755,2025-09-30T14:44:20.109231,9,600.0,672.0,-0.09387907420738899,False,False,False,False,0,2,0,6,1,1,629,364,"[false, false, false]",0,2,0,Starfield Stage - 1
756,2025-09-30T14:44:20.119100,9,600.0,672.0,-0.09387907420738899,False,False,False,False,0,2,0,6,1,1,629,364,"[false, false, false]",0,2,0,Starfield Stage - 1
757,2025-09-30T14:44:20.127158,9,600.0,672.0,-0.09387907420738899,False,False,False,False,0,2,0,6,1,1,629,364,"[false, false, false]",0,2,0,Starfield Stage - 1
758,2025-09-30T14:44:20.137591,9,600.0,672.0,-0.09387907420738899,False,False,False,False,0,2,0,6,1,1,629,364,"[false, false, false]",0,2,0,Starfield Stage - 1
759,2025-09-30T14:44:20.144857,8,600.0,672.0,-0.09387907420738899,False,False,False,False,0,2,0,6,1,1,629,364,"[false, false, false]",0,2,0,Starfield Stage - 1
760,2025-09-30T14:44:20.153811,9,600.0,672.0,-0.09387907420738899,False,False,False,False,0,2,0,6,1,1,629,364,"[false, false, false]",0,2,0,Starfield Stage - 1
761,2025-09-30T14:44:20.162721,9,600.0,672.0,-0.09387907420738899,False,False,False,False,0,2,0,6,1,1,629,364,"[false, false, false]",0,2,0,Starfield Stage - 1
762,2025-09-30T14:44:20.171178,8,600.0,672.0,-0.09387907420738899,False,False,False,False,0,2,0,6,1,1,629,364,"[false, false, false]",0,2,0,Starfield Stage - 1
763,2025-09-30T14:44:20.179577,9,600.0,672.0,-0.09387907420738899,False,False,False,False,0,2,0,6,1,1,629,364,"[false, false, false]",0,2,0,Starfield Stage - 1
764,2025-09-30T14:44:20.188208,8,600.0,672.0,-0.09387907420738899,False,False,False,False,0,2,0,6,1,1,629,364,"[false, false, false]",0,2,0,Starfield Stage - 1
765,2025-09-30T14:44:20.197359,9,600.0,672.0,-0.09387907420738899,False,False,False,False,0,2,0,6,1,1,629,364,"[false, false, false]",0,2,0,Starfield Stage - 1
766,2025-09-30T14:44:20.205933,9,600.0,672.0,-0.09387907420738899,False,False,False,False,0,2,0,6,1,1,629,364,"[false, false, false]",0,2,0,Starfield Stage - 1
767,2025-09-30T14:44:20.214494,8,600.0,672.0,-0.09387907420738899,False,False,False,False,0,2,0,6,1,1,629,364,"[false, false, false]",0,2,0,Starfield Stage - 1
768,2025-09-30T14:44:20.269189,8,600.0,672.0,-0.09387907420738899,False,False,False,False,0,2,0,6,1,1,629,364,"[false, false, false]",0,2,0,Starfield Stage - 1
769,2025-09-30T14:44:20.270912,49,600.0,672.0,-0.09387907420738899,False,False,False,False,0,2,0,6,1,1,629,364,"[false, false, false]",0,2,0,Starfield Stage - 1
770,2025-09-30T14:44:20.280279,9,600.0,672.0,-0.09387907420738899,False,False,False,False,0,2,0,6,1,1,629,364,"[false, false, false]",0,2,0,Starfield Stage - 1
771,2025-09-30T14:44:20.288869,9,600.0,672.0,-0.09387907420738899,False,False,False,False,0,2,0,6,1,1,629,364,"[false, false, false]",0,2,0,Starfield Stage - 1
772,2025-09-30T14:44:20.296958,8,600.0,672.0,-0.09387907420738899,False,False,False,False,0,2,0,6,1,1,629,364,"[false, false, false]",0,2,0,Starfield Stage - 1
773,2025-09-30T14:44:20.304810,8,600.0,672.0,-0.09387907420738899,False,False,False,False,0,2,0,6,1,1,629,364,"[false, false, false]",0,2,0,Starfield Stage - 1
774,2025-09-30T14:44:20.313867,9,600.0,672.0,-0.09387907420738899,False,False,False,False,0,2,0,6,1,1,629,364,"[false, false, false]",0,2,0,Starfield Stage - 1
775,2025-09-30T14:44:20.321899,8,600.0,672.0,-0.09387907420738899,False,False,False,False,0,2,0,6,1,1,629,364,"[false, false, false]",0,2,0,Starfield Stage - 1
776,2025-09-30T14:44:20.330534,9,600.0,672.0,-0.09387907420738899,False,False,False,False,0,2,0,6,1,1,629,364,"[false, false, false]",0,2,0,Starfield Stage - 1
777,2025-09-30T14:44:20.339817,9,600.0,672.0,-0.09387907420738899,False,False,False,False,0,2,0,6,1,1,629,364,"[false, false, false]",0,2,0,Starfield Stage - 1
778,2025-09-30T14:44:20.347536,8,600.0,672.0,-0.09387907420738899,False,False,False,False,0,2,0,6,1,1,629,364,"[false, false, false]",0,2,0,Starfield Stage - 1
779,2025-09-30T14:44:20.356411,9,600.0,672.0,-0.09387907420738899,False,False,False,False,0,2,0,6,1,1,629,364,"[false, false, false]",0,2,0,Starfield Stage - 1
780,2025-09-30T14:44:20.366255,9,600.0,672.0,-0.09387907420738899,False,False,False,False,0,2,0,6,1,1,629,364,"[false, false, false]",0,2,0,Starfield Stage - 1
781,2025-09-30T14:44:20.374208,8,600.0,672.0,-0.09387907420738899,False,False,False,False,0,2,0,6,1,1,629,364,"[false, false, false]",0,2,0,Starfield Stage - 1
782,2025-09-30T14:44:20.383006,9,600.0,672.0,-0.09387907420738899,False,False,False,False,0,2,0,6,1,1,629,364,"[false, false, false]",0,2,0,Starfield Stage - 1
783,2025-09-30T14:44:20.391316,8,600.0,672.0,-0.09387907420738899,False,False,False,False,0,2,0,6,1,1,629,364,"[false, false, false]",0,2,0,Starfield Stage - 1
784,2025-09-30T14:44:20.399184,8,600.0,672.0,-0.09387907420738899,False,False,False,False,0,2,0,6,1,1,629,364,"[false, false, false]",0,2,0,Starfield Stage - 1
785,2025-09-30T14:44:20.407853,9,600.0,672.0,-0.09387907420738899,False,False,False,False,0,2,0,6,1,1,629,364,"[false, false, false]",0,2,0,Starfield Stage - 1
786,2025-09-30T14:44:20.416079,8,600.0,672.0,-0.09387907420738899,False,False,False,False,0,2,0,6,1,1,629,364,"[false, false, false]",0,2,0,Starfield Stage - 1
787,2025-09-30T14:44:20.469848,9,600.0,672.0,-0.09387907420738899,False,False,False,False,0,2,0,6,1,1,629,364,"[false, false, false]",0,2,0,Starfield Stage - 1
788,2025-09-30T14:44:20.471663,47,600.0,672.0,-0.09387907420738899,False,False,False,False,0,2,0,6,1,1,629,364,"[false, false, false]",0,2,0,Starfield Stage - 1
789,2025-09-30T14:44:20.480678,9,600.0,672.0,-0.09387907420738899,False,False,False,False,0,2,0,6,1,1,629,364,"[false, false, false]",0,2,0,Starfield Stage - 1
790,2025-09-30T14:44:20.488712,8,600.0,672.0,-0.09387907420738899,False,False,False,False,0,2,0,6,1,1,629,364,"[false, false, false]",0,2,0,Starfield Stage - 1
791,2025-09-30T14:44:20.496849,8,600.0,672.0,-0.09387907420738899,False,False,False,False,0,3,0,6,1,1,629,364,"[false, false, false]",0,2,0,Starfield Stage - 1
792,2025-09-30T14:44:20.504772,8,600.0,672.0,-0.09387907420738899,False,False,False,False,0,3,0,6,1,1,629,364,"[false, false, false]",0,2,0,Starfield Stage - 1
793,2025-09-30T14:44:20.513250,9,600.0,672.0,-0.09387907420738899,False,False,False,False,0,3,0,6,1,1,629,364,"[false, false, false]",0,2,0,Starfield Stage - 1
794,2025-09-30T14:44:20.522000,8,600.0,672.0,-0.09387907420738899,False,False,False,False,0,3,0,6,1,1,629,364,"[false, false, false]",0,2,0,Starfield Stage - 1
795,2025-09-30T14:44:20.530478,9,600.0,672.0,-0.09387907420738899,False,False,False,False,0,3,0,6,1,1,629,364,"[false, false, false]",0,2,0,Starfield Stage - 1
796,2025-09-30T14:44:20.539854,9,600.0,672.0,-0.09387907420738899,False,False,False,False,0,3,0,6,1,1,629,364,"[false, false, false]",0,2,0,Starfield Stage - 1
797,2025-09-30T14:44:20.548286,8,600.0,672.0,-0.09387907420738899,False,False,False,False,0,3,0,6,1,1,629,364,"[false, false, false]",0,2,0,Starfield Stage - 1
798,2025-09-30T14:44:20.555920,8,600.0,672.0,-0.09387907420738899,False,False,False,False,0,3,0,6,1,1,629,364,"[false, false, false]",0,2,0,Starfield Stage - 1
799,2025-09-30T14:44:20.564707,9,600.0,672.0,-0.09387907420738899,False,False,False,False,0,3,0,6,1,1,629,364,"[false, false, false]",0,2,0,Starfield Stage - 1
800,2025-09-30T14:44:20.573454,8,600.0,672.0,-0.09387907420738899,False,False,False,False,0,3,0,6,1,1,629,364,"[false, false, false]",0,2,0,Starfield Stage - 1
801,2025-09-30T14:44:20.581626,9,600.0,672.0,-0.09387907420738899,False,False,False,False,0,3,0,6,1,1,629,364,"[false, false, false]",0,2,0,Starfield Stage - 1
802,2025-09-30T14:44:20.590322,8,600.0,672.0,-0.09387907420738899,False,False,False,False,0,3,0,6,1,1,629,364,"[false, false, false]",0,2,0,Starfield Stage - 1
803,2025-09-30T14:44:20.598342,9,600.0,672.0,-0.09387907420738899,False,False,False,False,0,3,0,6,1,1,629,364,"[false, false, false]",0,2,0,Starfield Stage - 1
804,2025-09-30T14:44:20.607816,9,600.0,672.0,-0.09387907420738899,False,False,False,False,0,3,0,6,1,1,629,364,"[false, false, false]",0,2,0,Starfield Stage - 1
805,2025-09-30T14:44:20.615797,8,600.0,672.0,-0.09387907420738899,False,False,False,False,0,3,0,6,1,1,629,364,"[false, false, false]",0,2,0,Starfield Stage - 1
806,2025-09-30T14:44:20.670026,9,600.0,672.0,-0.09387907420738899,False,False,False,False,0,3,0,6,1,1,629,364,"[false, false, false]",0,2,0,Starfield Stage - 1
807,2025-09-30T14:44:20.671800,47,600.0,672.0,-0.09387907420738899,False,False,False,False,0,3,0,6,1,1,629,364,"[false, false, false]",0,2,0,Starfield Stage - 1
808,2025-09-30T14:44:20.680835,8,600.0,672.0,-0.09387907420738899,False,False,False,False,0,3,0,6,1,1,629,364,"[false, false, false]",0,2,0,Starfield Stage - 1
809,2025-09-30T14:44:20.688602,8,600.0,672.0,-0.09387907420738899,False,False,False,False,0,3,0,6,1,1,629,364,"[false, false, false]",0,2,0,Starfield Stage - 1
810,2025-09-30T14:44:20.695989,8,600.0,672.0,-0.09387907420738899,False,False,False,False,0,3,0,6,1,1,629,364,"[false, false, false]",0,2,0,Starfield Stage - 1
811,2025-09-30T14:44:20.704503,9,600.0,672.0,-0.09387907420738899,False,False,False,False,0,3,0,6,1,1,629,364,"[false, false, false]",0,2,0,Starfield Stage - 1
812,2025-09-30T14:44:20.713384,9,600.0,672.0,-0.09387907420738899,False,False,False,False,0,3,0,6,1,1,629,364,"[false, false, false]",0,2,0,Starfield Stage - 1
813,2025-09-30T14:44:20.723050,9,600.0,672.0,-0.09387907420738899,False,False,False,False,0,3,0,6,1,1,629,364,"[false, false, false]",0,2,0,Starfield Stage - 1
814,2025-09-30T14:44:20.731189,8,600.0,672.0,-0.09387907420738899,False,False,False,False,0,3,0,6,1,1,629,364,"[false, false, false]",0,2,0,Starfield Stage - 1
815,2025-09-30T14:44:20.739576,9,600.0,672.0,-0.09387907420738899,False,False,False,False,0,3,0,6,1,1,629,364,"[false, false, false]",0,2,0,Starfield Stage - 1
816,2025-09-30T14:44:20.748292,8,600.0,672.0,-0.09387907420738899,False,False,False,False,0,3,0,6,1,1,629,364,"[false, false, false]",0,2,0,Starfield Stage - 1
817,2025-09-30T14:44:20.756475,8,600.0,672.0,-0.09387907420738899,False,False,False,False,0,3,0,6,1,1,629,364,"[false, false, false]",0,2,0,Starfield Stage - 1
818,2025-09-30T14:44:20.764764,9,600.0,672.0,-0.09387907420738899,False,False,False,False,0,3,0,6,1,1,629,364,"[false, false, false]",0,2,0,Starfield Stage - 1
819,2025-09-30T14:44:20.773203,8,600.0,672.0,-0.09387907420738899,False,False,False,False,0,3,0,6,1,1,629,364,"[false, false, false]",0,2,0,Starfield Stage - 1
820,2025-09-30T14:44:20.781417,8,600.0,672.0,-0.09387907420738899,False,False,False,False,0,3,0,6,1,1,629,364,"[false, false, false]",0,2,0,Starfield Stage - 1
821,2025-09-30T14:44:20.789330,9,600.0,672.0,-0.09387907420738899,False,False,False,False,0,3,0,6,1,1,629,364,"[false, false, false]",0,2,0,Starfield Stage - 1
822,2025-09-30T14:44:20.798880,9,600.0,672.0,-0.09387907420738899,False,False,False,False,0,3,0,6,1,1,629,364,"[false, false, false]",0,2,0,Starfield Stage - 1
823,2025-09-30T14:44:20.806976,8,600.0,672.0,-0.09387907420738899,False,False,False,False,0,3,0,6,1,1,629,364,"[false, false, false]",0,2,0,Starfield Stage - 1
824,2025-09-30T14:44:20.815593,8,600.0,672.0,-0.09387907420738899,False,False,False,False,0,3,0,6,1,1,629,364,"[false, false, false]",0,2,0,Starfield Stage - 1
825,2025-09-30T14:44:20.823258,8,600.0,672.0,-0.09387907420738899,False,False,False,False,0,3,0,6,1,1,629,364,"[false, false, false]",0,2,0,Starfield Stage - 1
826,2025-09-30T14:44:20.876243,9,600.0,672.0,-0.09387907420738899,False,False,False,False,0,3,0,6,1,1,629,364,"[false, false, false]",0,2,0,Starfield Stage - 1
827,2025-09-30T14:44:20.878022,46,600.0,672.0,-0.09387907420738899,False,False,False,False,0,3,0,6,1,1,629,364,"[false, false, false]",0,2,0,Starfield Stage - 1
828,2025-09-30T14:44:20.887089,9,600.0,672.0,-0.09387907420738899,False,False,False,False,0,3,0,6,1,1,629,364,"[false, false, false]",0,2,0,Starfield Stage - 1
829,2025-09-30T14:44:20.896049,9,600.0,672.0,-0.09387907420738899,False,False,False,False,0,3,0,6,1,1,629,364,"[false, false, false]",0,2,0,Starfield Stage - 1
830,2025-09-30T14:44:20.904163,8,600.0,672.0,-0.09387907420738899,False,False,False,False,0,3,0,6,1,1,629,364,"[false, false, false]",0,2,0,Starfield Stage - 1
831,2025-09-30T14:44:20.912720,9,600.0,672.0,-0.09387907420738899,False,False,False,False,0,3,0,6,1,1,629,364,"[false, false, false]",0,2,0,Starfield Stage - 1
832,2025-09-30T14:44:20.921086,8,600.0,672.0,-0.09387907420738899,False,False,False,False,0,3,0,6,1,1,629,364,"[false, false, false]",0,2,0,Starfield Stage - 1
833,2025-09-30T14:44:20.929169,8,600.0,672.0,-0.09387907420738899,False,False,False,False,0,3,0,6,1,1,629,364,"[false, false, false]",0,2,0,Starfield Stage - 1
834,2025-09-30T14:44:20.937161,8,600.0,672.0,-0.09387907420738899,False,False,False,False,0,3,0,6,1,1,629,364,"[false, false, false]",0,2,0,Starfield Stage - 1
835,2025-09-30T14:44:20.946063,9,600.0,672.0,-0.09387907420738899,False,False,False,False,0,3,0,6,1,1,629,364,"[false, false, false]",0,2,0,Starfield Stage - 1
836,2025-09-30T14:44:20.954222,8,600.0,672.0,-0.09387907420738899,False,False,False,False,0,3,0,6,1,1,629,364,"[false, false, false]",0,2,0,Starfield Stage - 1
837,2025-09-30T14:44:20.962277,8,600.0,672.0,-0.09387907420738899,False,False,False,False,0,3,0,6,1,1,629,364,"[false, false, false]",0,2,0,Starfield Stage - 1
838,2025-09-30T14:44:20.970651,9,600.0,672.0,-0.09387907420738899,False,False,False,False,0,3,0,6,1,1,629,364,"[false, false, false]",0,2,0,Starfield Stage - 1
839,2025-09-30T14:44:20.979095,8,600.0,672.0,-0.09387907420738899,False,False,False,False,0,3,0,6,1,1,629,364,"[false, false, false]",0,2,0,Starfield Stage - 1
840,2025-09-30T14:44:20.987383,8,600.0,672.0,-0.09387907420738899,False,False,False,False,0,3,0,6,1,1,629,364,"[false, false, false]",0,2,0,Starfield Stage - 1
841,2025-09-30T14:44:20.997039,9,600.0,672.0,-0.09387907420738899,False,False,False,False,0,3,0,6,1,1,629,364,"[false, false, false]",0,2,0,Starfield Stage - 1
842,2025-09-30T14:44:21.004267,8,600.0,672.0,-0.09387907420738899,False,False,False,False,0,3,0,6,1,1,629,364,"[false, false, false]",0,2,0,Starfield Stage - 1
843,2025-09-30T14:44:21.012651,9,600.0,672.0,-0.09387907420738899,False,False,False,False,0,3,0,6,1,1,629,364,"[false, false, false]",0,2,0,Starfield Stage - 1
844,2025-09-30T14:44:21.021254,8,600.0,672.0,-0.09387907420738899,False,False,False,False,0,3,0,6,1,1,629,364,"[false, false, false]",0,2,0,Starfield Stage - 1
845,2025-09-30T14:44:21.028999,8,600.0,672.0,-0.09387907420738899,False,False,False,False,0,3,0,6,1,1,629,364,"[false, false, false]",0,2,0,Starfield Stage - 1
846,2025-09-30T14:44:21.084425,9,600.0,672.0,-0.09387907420738899,False,False,False,False,0,3,0,6,1,1,629,364,"[false, false, false]",0,2,0,Starfield Stage - 1
847,2025-09-30T14:44:21.086243,48,600.0,672.0,-0.09387907420738899,False,False,False,False,0,3,0,6,1,1,629,364,"[false, false, false]",0,2,0,Starfield Stage - 1
848,2025-09-30T14:44:21.095653,9,600.0,672.0,-0.09387907420738899,False,False,False,False,0,3,0,6,1,1,629,364,"[false, false, false]",0,2,0,Starfield Stage - 1
849,2025-09-30T14:44:21.103185,8,600.0,672.0,-0.09387907420738899,False,False,False,False,0,3,0,6,1,1,629,364,"[false, false, false]",0,2,0,Starfield Stage - 1
850,2025-09-30T14:44:21.111371,8,600.0,672.0,-0.09387907420738899,False,False,False,False,0,3,0,6,1,1,629,364,"[false, false, false]",0,2,0,Starfield Stage - 1
851,2025-09-30T14:44:21.119783,9,600.0,672.0,-0.09387907420738899,False,False,False,False,0,3,0,6,1,1,629,364,"[false, false, false]",0,2,0,Starfield Stage - 1
852,2025-09-30T14:44:21.127772,8,600.0,672.0,-0.09387907420738899,False,False,False,False,0,3,0,6,1,1,629,364,"[false, false, false]",0,2,0,Starfield Stage - 1
853,2025-09-30T14:44:21.136037,8,600.0,672.0,-0.09387907420738899,False,False,False,False,0,3,0,6,1,1,629,364,"[false, false, false]",0,2,0,Starfield Stage - 1
854,2025-09-30T14:44:21.144369,9,600.0,672.0,-0.09387907420738899,False,False,False,False,0,3,0,6,1,1,629,364,"[false, false, false]",0,2,0,Starfield Stage - 1
855,2025-09-30T14:44:21.153860,9,600.0,672.0,-0.09387907420738899,False,False,False,False,0,3,0,6,1,1,629,364,"[false, false, false]",0,2,0,Starfield Stage - 1
856,2025-09-30T14:44:21.161722,8,600.0,672.0,-0.09387907420738899,False,False,False,False,0,3,0,6,1,1,629,364,"[false, false, false]",0,2,0,Starfield Stage - 1
857,2025-09-30T14:44:21.169854,8,600.0,672.0,-0.09387907420738899,False,False,False,False,0,3,0,6,1,1,629,364,"[false, false, false]",0,2,0,Starfield Stage - 1
858,2025-09-30T14:44:21.178520,8,600.0,672.0,-0.09387907420738899,False,False,False,False,0,3,0,6,1,1,629,364,"[false, false, false]",0,2,0,Starfield Stage - 1
859,2025-09-30T14:44:21.186673,9,600.0,672.0,-0.09387907420738899,False,False,False,False,0,3,0,6,1,1,629,364,"[false, false, false]",0,2,0,Starfield Stage - 1
860,2025-09-30T14:44:21.194781,8,600.0,672.0,-0.09387907420738899,False,False,False,False,0,3,0,6,1,1,629,364,"[false, false, false]",0,2,0,Starfield Stage - 1
861,2025-09-30T14:44:21.203058,8,600.0,672.0,-0.09387907420738899,False,False,False,False,0,3,0,6,1,1,629,364,"[false, false, false]",0,2,0,Starfield Stage - 1
862,2025-09-30T14:44:21.211000,8,600.0,672.0,-0.09387907420738899,False,False,False,False,0,3,0,6,1,1,629,364,"[false, false, false]",0,2,0,Starfield Stage - 1
863,2025-09-30T14:44:21.219009,8,600.0,672.0,-0.09387907420738899,False,False,False,False,0,3,0,6,1,1,629,364,"[false, false, false]",0,2,0,Starfield Stage - 1
864,2025-09-30T14:44:21.227584,8,600.0,672.0,-0.09387907420738899,False,False,False,False,0,3,0,6,1,1,629,364,"[false, false, false]",0,2,0,Starfield Stage - 1
865,2025-09-30T14:44:21.234982,8,600.0,672.0,-0.09387907420738899,False,False,False,False,0,3,0,6,1,1,629,364,"[false, false, false]",0,2,0,Starfield Stage - 1
866,2025-09-30T14:44:21.288080,9,600.0,672.0,-0.09387907420738899,False,False,False,False,0,3,0,6,1,1,629,364,"[false, false, false]",0,2,0,Starfield Stage - 1
867,2025-09-30T14:44:21.289782,46,600.0,672.0,-0.09387907420738899,False,False,False,False,0,3,0,6,1,1,629,364,"[false, false, false]",0,2,0,Starfield Stage - 1
868,2025-09-30T14:44:21.298378,8,600.0,672.0,-0.09387907420738899,False,False,False,False,0,3,0,6,1,1,629,364,"[false, false, false]",0,2,0,Starfield Stage - 1
869,2025-09-30T14:44:21.307003,9,600.0,672.0,-0.09387907420738899,False,False,False,False,0,3,0,6,1,1,629,364,"[false, false, false]",0,2,0,Starfield Stage - 1
870,2025-09-30T14:44:21.315147,8,600.0,672.0,-0.09387907420738899,False,False,False,False,0,3,0,6,1,1,629,364,"[false, false, false]",0,2,0,Starfield Stage - 1
871,2025-09-30T14:44:21.323714,9,600.0,672.0,-0.09387907420738899,False,False,False,False,0,3,0,6,1,1,629,364,"[false, false, false]",0,2,0,Starfield Stage - 1
872,2025-09-30T14:44:21.332213,8,600.0,672.0,-0.09387907420738899,False,False,False,False,0,3,0,6,1,1,629,364,"[false, false, false]",0,2,0,Starfield Stage - 1
873,2025-09-30T14:44:21.340122,8,600.0,672.0,-0.09387907420738899,False,False,False,False,0,3,0,6,1,1,629,364,"[false, false, false]",0,2,0,Starfield Stage - 1
874,2025-09-30T14:44:21.348511,9,600.0,672.0,-0.09387907420738899,False,False,False,False,0,3,0,6,1,1,629,364,"[false, false, false]",0,2,0,Starfield Stage - 1
875,2025-09-30T14:44:21.358453,10,600.0,672.0,-0.09387907420738899,False,False,False,False,0,3,0,6,1,1,629,364,"[false, false, false]",0,2,0,Starfield Stage - 1
876,2025-09-30T14:44:21.367963,9,600.0,672.0,-0.09387907420738899,False,False,False,False,0,3,0,6,1,1,629,364,"[false, false, false]",0,2,0,Starfield Stage - 1
877,2025-09-30T14:44:21.376010,8,600.0,672.0,-0.09387907420738899,False,False,False,False,0,3,0,6,1,1,629,364,"[false, false, false]",0,2,0,Starfield Stage - 1
878,2025-09-30T14:44:21.384176,8,600.0,672.0,-0.09387907420738899,False,False,False,False,0,3,0,6,1,1,629,364,"[false, false, false]",0,2,0,Starfield Stage - 1
879,2025-09-30T14:44:21.391971,8,600.0,672.0,-0.09387907420738899,False,False,False,False,0,3,0,6,1,1,629,364,"[false, false, false]",0,2,0,Starfield Stage - 1
880,2025-09-30T14:44:21.400122,8,600.0,672.0,-0.09387907420738899,False,False,False,False,0,3,0,6,1,1,629,364,"[false, false, false]",0,2,0,Starfield Stage - 1
881,2025-09-30T14:44:21.408230,8,600.0,672.0,-0.09804527729383924,False,False,False,False,0,3,0,6,1,1,630,367,"[false, false, false]",0,2,0,Starfield Stage - 1
882,2025-09-30T14:44:21.416608,9,600.0,672.0,-0.11285180433688262,False,False,False,False,0,3,0,6,1,1,634,372,"[false, false, false]",0,2,0,Starfield Stage - 1
883,2025-09-30T14:44:21.424570,8,600.0,672.0,-0.13322675164037845,False,False,False,False,0,3,0,6,1,1,639,381,"[false, false, false]",0,2,0,Starfield Stage - 1
884,2025-09-30T14:44:21.433470,8,600.0,672.0,-0.16340449313682417,False,False,False,False,0,3,0,6,1,1,646,393,"[false, false, false]",0,2,0,Starfield Stage - 1
885,2025-09-30T14:44:21.441747,9,600.0,672.0,-0.19595463865691926,False,False,False,False,0,3,0,7,1,1,653,405,"[false, false, false]",0,2,0,Starfield Stage - 1
886,2025-09-30T14:44:21.496178,8,600.0,672.0,-0.47619925107037375,False,False,False,False,0,3,0,7,1,1,698,482,"[false, false, false]",0,2,0,Starfield Stage - 1
887,2025-09-30T14:44:21.497990,48,600.0,672.0,-0.47619925107037375,False,False,False,False,0,3,0,7,1,1,698,482,"[false, false, false]",0,2,0,Starfield Stage - 1
888,2025-09-30T14:44:21.506295,8,600.0,672.0,-0.5395882452667008,False,False,False,False,0,3,0,7,1,1,706,495,"[false, false, false]",0,2,0,Starfield Stage - 1
889,2025-09-30T14:44:21.514702,9,600.0,672.0,-0.611543960116784,False,False,False,False,0,3,0,7,1,1,715,508,"[false, false, false]",0,2,0,Starfield Stage - 1
890,2025-09-30T14:44:21.523062,8,600.0,672.0,-0.6980299035449384,False,False,False,False,0,3,0,7,1,1,725,523,"[false, false, false]",0,2,0,Starfield Stage - 1
891,2025-09-30T14:44:21.531066,8,600.0,672.0,-0.7891156183918915,False,False,False,False,0,3,0,7,1,1,735,538,"[false, false, false]",0,2,0,Starfield Stage - 1
892,2025-09-30T14:44:21.539281,8,600.0,672.0,-0.8843109581338411,False,False,False,False,0,3,0,7,1,1,744,554,"[false, false, false]",0,2,0,Starfield Stage - 1
893,2025-09-30T14:44:21.548071,9,600.0,672.0,-0.9903237014080082,False,False,False,False,0,4,0,7,1,1,754,571,"[false, false, false]",0,2,0,Starfield Stage - 1
894,2025-09-30T14:44:21.557061,9,600.0,672.0,-1.0973210243761702,False,False,False,False,0,4,0,7,1,1,762,589,"[false, false, false]",0,2,0,Starfield Stage - 1
895,2025-09-30T14:44:21.565707,8,600.0,672.0,-1.2055948770067235,False,False,False,False,0,4,0,7,1,1,770,607,"[false, false, false]",0,2,0,Starfield Stage - 1
896,2025-09-30T14:44:21.573474,9,600.0,672.0,-1.3112491580115038,False,False,False,False,0,4,0,7,1,1,777,625,"[false, false, false]",0,2,0,Starfield Stage - 1
897,2025-09-30T14:44:21.583417,9,600.0,672.0,-1.4980084781909715,False,False,False,False,0,4,0,7,1,1,792,658,"[false, false, false]",0,2,0,Starfield Stage - 1
898,2025-09-30T14:44:21.591396,8,600.0,672.0,-1.585870561789856,False,False,False,False,0,4,0,7,1,1,799,675,"[false, false, false]",0,2,0,Starfield Stage - 1
899,2025-09-30T14:44:21.599996,9,600.0,672.0,-1.661889677340839,False,False,False,False,0,4,0,7,1,1,808,691,"[false, false, false]",0,2,0,Starfield Stage - 1
900,2025-09-30T14:44:21.607938,8,600.0,672.0,-1.7389189731369123,False,False,False,False,0,4,0,7,1,1,818,709,"[false, false, false]",0,2,0,Starfield Stage - 1
901,2025-09-30T14:44:21.615877,8,600.0,672.0,-1.810631002371443,False,False,False,False,0,4,0,7,1,1,829,728,"[false, false, false]",0,2,0,Starfield Stage - 1
902,2025-09-30T14:44:21.624333,9,600.0,672.0,-1.872499441997466,False,False,False,False,0,4,0,7,1,1,841,747,"[false, false, false]",0,2,0,Starfield Stage - 1
903,2025-09-30T14:44:21.633886,9,600.0,672.0,-1.9287038121266364,False,False,False,False,0,4,0,7,1,1,854,767,"[false, false, false]",0,2,0,Starfield Stage - 1
904,2025-09-30T14:44:21.642130,8,600.0,672.0,-1.9698191059752705,False,False,False,False,0,4,0,7,1,1,868,785,"[false, false, false]",0,2,0,Starfield Stage - 1
905,2025-09-30T14:44:21.699673,8,600.0,672.0,-1.908209244214644,False,False,False,False,0,4,0,8,1,1,962,799,"[false, false, false]",0,2,0,Starfield Stage - 1
906,2025-09-30T14:44:21.701859,52,600.0,672.0,-1.908209244214644,False,False,False,False,0,4,0,8,1,1,962,799,"[false, false, false]",0,2,0,Starfield Stage - 1
907,2025-09-30T14:44:21.709921,8,600.0,672.0,-1.8973391767727974,False,False,False,False,0,4,0,8,1,1,975,799,"[false, false, false]",0,2,0,Starfield Stage - 1
908,2025-09-30T14:44:21.718285,8,600.0,672.0,-1.8871247809577665,False,False,False,False,0,4,0,8,1,1,988,799,"[false, false, false]",0,2,0,Starfield Stage - 1
909,2025-09-30T14:44:21.727099,9,600.0,672.0,-1.8684463621503529,False,False,False,False,0,4,0,8,1,1,1014,799,"[false, false, false]",0,2,0,Starfield Stage - 1
910,2025-09-30T14:44:21.735050,8,600.0,672.0,-1.8598880429046405,False,False,False,False,0,4,0,8,1,1,1027,799,"[false, false, false]",0,2,0,Starfield Stage - 1
911,2025-09-30T14:44:21.743560,9,600.0,672.0,-1.8524022556882243,False,False,False,False,0,4,0,8,1,1,1039,799,"[false, false, false]",0,2,0,Starfield Stage - 1
912,2025-09-30T14:44:21.752191,8,600.0,672.0,-1.843229229994596,False,False,False,False,0,4,0,8,1,1,1051,798,"[false, false, false]",0,2,0,Starfield Stage - 1
913,2025-09-30T14:44:21.760465,8,600.0,672.0,-1.8304574790729857,False,False,False,False,0,4,0,8,1,1,1063,795,"[false, false, false]",0,2,0,Starfield Stage - 1
914,2025-09-30T14:44:21.768522,9,600.0,672.0,-1.816270284581606,False,False,False,False,0,4,0,8,1,1,1075,791,"[false, false, false]",0,2,0,Starfield Stage - 1
915,2025-09-30T14:44:21.777905,9,600.0,672.0,-1.8026880007996855,False,False,False,False,0,4,0,8,1,1,1087,787,"[false, false, false]",0,2,0,Starfield Stage - 1
916,2025-09-30T14:44:21.786396,8,600.0,672.0,-1.7862737941428195,False,False,False,False,0,4,0,8,1,1,1098,781,"[false, false, false]",0,2,0,Starfield Stage - 1
917,2025-09-30T14:44:21.795050,9,600.0,672.0,-1.7704577437942408,False,False,False,False,0,4,0,8,1,1,1109,775,"[false, false, false]",0,2,0,Starfield Stage - 1
918,2025-09-30T14:44:21.803640,9,600.0,672.0,-1.7511564977144285,False,False,False,False,0,4,0,8,1,1,1121,767,"[false, false, false]",0,2,0,Starfield Stage - 1
919,2025-09-30T14:44:21.812056,8,600.0,672.0,-1.729231647635871,False,False,False,False,0,4,0,8,1,1,1132,757,"[false, false, false]",0,2,0,Starfield Stage - 1
920,2025-09-30T14:44:21.820404,9,600.0,672.0,-1.7075520385258012,False,False,False,False,0,4,0,8,1,1,1145,747,"[false, false, false]",0,2,0,Starfield Stage - 1
921,2025-09-30T14:44:21.829988,9,600.0,672.0,-1.6832234576250868,False,False,False,False,0,4,0,8,1,1,1158,735,"[false, false, false]",0,2,0,Starfield Stage - 1
922,2025-09-30T14:44:21.838432,9,600.0,672.0,-1.660032389613713,False,False,False,False,0,4,0,8,1,1,1170,723,"[false, false, false]",0,2,0,Starfield Stage - 1
923,2025-09-30T14:44:21.848078,9,600.0,672.0,-1.614539448946081,False,False,False,False,0,4,0,8,1,1,1194,698,"[false, false, false]",0,2,0,Starfield Stage - 1
924,2025-09-30T14:44:21.906124,8,600.0,672.0,-1.5024555081064832,False,False,False,False,0,4,0,9,1,1,1199,631,"[false, false, false]",0,2,0,Starfield Stage - 1
925,2025-09-30T14:44:21.908289,52,600.0,672.0,-1.5024555081064832,False,False,False,False,0,4,0,9,1,1,1199,631,"[false, false, false]",0,2,0,Starfield Stage - 1
926,2025-09-30T14:44:21.917247,9,600.0,672.0,-1.492492652194182,False,False,False,False,0,4,0,9,1,1,1199,625,"[false, false, false]",0,2,0,Starfield Stage - 1
927,2025-09-30T14:44:21.926203,9,600.0,672.0,-1.4825453479126567,False,False,False,False,0,4,0,9,1,1,1199,619,"[false, false, false]",0,2,0,Starfield Stage - 1
928,2025-09-30T14:44:21.934978,9,600.0,672.0,-1.4610553597168041,False,False,False,False,0,4,0,9,1,1,1199,606,"[false, false, false]",0,2,0,Starfield Stage - 1
929,2025-09-30T14:44:21.943513,9,600.0,672.0,-1.452815911746621,False,False,False,False,0,4,0,9,1,1,1199,601,"[false, false, false]",0,2,0,Starfield Stage - 1
930,2025-09-30T14:44:21.953165,9,600.0,672.0,-1.4443837219832252,False,False,False,False,0,4,0,9,1,1,1198,596,"[false, false, false]",0,2,0,Starfield Stage - 1
931,2025-09-30T14:44:21.961841,9,600.0,672.0,-1.4361642017930276,False,False,False,False,0,4,0,10,1,1,1198,591,"[false, false, false]",0,2,0,Starfield Stage - 1
932,2025-09-30T14:44:21.969942,8,600.0,672.0,-1.4310104583574403,False,False,False,False,0,4,0,10,1,1,1197,588,"[false, false, false]",0,2,0,Starfield Stage - 1
933,2025-09-30T14:44:21.978466,9,600.0,672.0,-1.4260863400881458,False,False,False,False,0,4,0,10,1,1,1197,585,"[false, false, false]",0,2,0,Starfield Stage - 1
934,2025-09-30T14:44:21.987401,9,600.0,672.0,-1.4225628162782777,False,False,False,False,0,4,0,10,1,1,1196,583,"[false, false, false]",0,2,0,Starfield Stage - 1
935,2025-09-30T14:44:21.997235,9,600.0,672.0,-1.4209219660497372,False,False,False,False,0,4,0,10,1,1,1196,582,"[false, false, false]",0,2,0,Starfield Stage - 1
936,2025-09-30T14:44:22.005823,9,600.0,672.0,-1.417642712007684,False,False,False,False,0,4,0,10,1,1,1196,580,"[false, false, false]",0,2,0,Starfield Stage - 1
937,2025-09-30T14:44:22.014528,9,600.0,672.0,-1.4160043245927199,False,False,False,False,0,4,0,10,1,1,1196,579,"[false, false, false]",0,2,0,Starfield Stage - 1
938,2025-09-30T14:44:22.023888,9,600.0,672.0,-1.4127300697759833,False,False,False,False,0,4,0,10,1,1,1196,577,"[false, false, false]",0,2,0,Starfield Stage - 1
939,2025-09-30T14:44:22.032177,8,600.0,672.0,-1.4127300697759833,False,False,False,False,0,4,0,10,1,1,1196,577,"[false, false, false]",0,2,0,Starfield Stage - 1
940,2025-09-30T14:44:22.040382,9,600.0,672.0,-1.4127300697759833,False,False,False,False,0,4,0,10,1,1,1196,577,"[false, false, false]",0,2,0,Starfield Stage - 1
941,2025-09-30T14:44:22.049815,9,600.0,672.0,-1.4127300697759833,False,False,False,False,0,4,0,10,1,1,1196,577,"[false, false, false]",0,2,0,Starfield Stage - 1
942,2025-09-30T14:44:22.104573,8,600.0,672.0,-1.4413079071148358,False,False,False,False,0,4,0,10,1,1,1199,594,"[false, false, false]",0,2,0,Starfield Stage - 1
943,2025-09-30T14:44:22.106225,49,600.0,672.0,-1.4413079071148358,False,False,False,False,0,4,0,10,1,1,1199,594,"[false, false, false]",0,2,0,Starfield Stage - 1
944,2025-09-30T14:44:22.116436,9,600.0,672.0,-1.447879884482275,False,False,False,False,0,4,0,10,1,1,1199,598,"[false, false, false]",0,2,0,Starfield Stage - 1
945,2025-09-30T14:44:22.124843,9,600.0,672.0,-1.454462550589794,False,False,False,False,0,4,0,10,1,1,1199,602,"[false, false, false]",0,2,0,Starfield Stage - 1
946,2025-09-30T14:44:22.133635,8,600.0,672.0,-1.4643553959434037,False,False,False,False,0,4,0,10,1,1,1199,608,"[false, false, false]",0,2,0,Starfield Stage - 1
947,2025-09-30T14:44:22.140579,8,600.0,672.0,-1.4709623850490414,False,False,False,False,0,4,0,10,1,1,1199,612,"[false, false, false]",0,2,0,Starfield Stage - 1
948,2025-09-30T14:44:22.149003,8,600.0,672.0,-1.4808891114375669,False,False,False,False,0,4,0,10,1,1,1199,618,"[false, false, false]",0,2,0,Starfield Stage - 1
949,2025-09-30T14:44:22.157425,9,600.0,672.0,-1.4908336358880299,False,False,False,False,0,4,0,10,1,1,1199,624,"[false, false, false]",0,2,0,Starfield Stage - 1
950,2025-09-30T14:44:22.167095,9,600.0,672.0,-1.5074421605969723,False,False,False,False,0,4,0,10,1,1,1199,634,"[false, false, false]",0,2,0,Starfield Stage - 1
951,2025-09-30T14:44:22.175130,8,600.0,672.0,-1.5157601423669111,False,False,False,False,0,4,0,10,1,1,1199,639,"[false, false, false]",0,2,0,Starfield Stage - 1
952,2025-09-30T14:44:22.183568,9,600.0,672.0,-1.5224200764761098,False,False,False,False,0,4,0,10,1,1,1199,643,"[false, false, false]",0,2,0,Starfield Stage - 1
953,2025-09-30T14:44:22.191883,8,600.0,672.0,-1.5290843080741714,False,False,False,False,0,4,0,10,1,1,1199,647,"[false, false, false]",0,2,0,Starfield Stage - 1
954,2025-09-30T14:44:22.200413,8,600.0,672.0,-1.534084948175745,False,False,False,False,0,4,0,10,1,1,1199,650,"[false, false, false]",0,2,0,Starfield Stage - 1
955,2025-09-30T14:44:22.208783,9,600.0,672.0,-1.5390874258011777,False,False,False,False,0,4,0,10,1,1,1199,653,"[false, false, false]",0,2,0,Starfield Stage - 1
956,2025-09-30T14:44:22.216965,8,600.0,672.0,-1.5457598230612979,False,False,False,False,0,4,0,10,1,1,1199,657,"[false, false, false]",0,2,0,Starfield Stage - 1
957,2025-09-30T14:44:22.225091,8,600.0,672.0,-1.5541033866692802,False,False,False,False,0,4,0,10,1,1,1199,662,"[false, false, false]",0,2,0,Starfield Stage - 1
958,2025-09-30T14:44:22.233663,9,600.0,672.0,-1.5607799672894835,False,False,False,False,0,4,0,10,1,1,1199,666,"[false, false, false]",0,2,0,Starfield Stage - 1
959,2025-09-30T14:44:22.242395,9,600.0,672.0,-1.5724657743257504,False,False,False,False,0,4,0,10,1,1,1199,673,"[false, false, false]",0,2,0,Starfield Stage - 1
960,2025-09-30T14:44:22.252363,9,600.0,672.0,-1.584151125447016,False,False,False,False,0,3,0,10,1,1,1199,680,"[false, false, false]",0,2,0,Starfield Stage - 1
961,2025-09-30T14:44:22.306217,9,600.0,672.0,-1.584151125447016,False,False,False,False,0,3,0,10,1,1,1199,723,"[false, false, false]",0,2,0,Starfield Stage - 1
962,2025-09-30T14:44:22.307867,47,600.0,672.0,-1.584151125447016,False,False,False,False,0,3,0,10,1,1,1199,723,"[false, false, false]",0,2,0,Starfield Stage - 1
963,2025-09-30T14:44:22.317078,8,600.0,672.0,-1.584151125447016,False,False,False,False,0,3,0,10,1,1,1199,730,"[false, false, false]",0,2,0,Starfield Stage - 1
964,2025-09-30T14:44:22.324535,8,600.0,672.0,-1.584151125447016,False,False,False,False,0,3,0,10,1,1,1199,730,"[false, false, false]",0,2,0,Starfield Stage - 1
965,2025-09-30T14:44:22.332805,9,600.0,672.0,-1.584151125447016,False,False,False,False,0,3,0,10,1,1,1199,730,"[false, false, false]",0,2,0,Starfield Stage - 1
966,2025-09-30T14:44:22.341403,8,600.0,672.0,-1.584151125447016,False,False,False,False,0,3,0,10,1,1,1199,730,"[false, false, false]",0,2,0,Starfield Stage - 1
967,2025-09-30T14:44:22.350261,9,600.0,672.0,-1.584151125447016,False,False,False,False,0,3,0,10,1,1,1199,730,"[false, false, false]",0,2,0,Starfield Stage - 1
968,2025-09-30T14:44:22.358646,9,600.0,672.0,-1.584151125447016,False,False,False,False,0,3,0,10,1,1,1199,730,"[false, false, false]",0,2,0,Starfield Stage - 1
969,2025-09-30T14:44:22.367470,8,600.0,672.0,-1.584151125447016,False,False,False,False,0,3,0,10,1,1,1199,730,"[false, false, false]",0,2,0,Starfield Stage - 1
970,2025-09-30T14:44:22.376248,9,600.0,672.0,-1.584151125447016,False,False,False,False,0,3,0,10,1,1,1199,730,"[false, false, false]",0,2,0,Starfield Stage - 1
971,2025-09-30T14:44:22.384845,9,600.0,672.0,-1.584151125447016,False,False,False,False,0,3,0,10,1,1,1199,730,"[false, false, false]",0,2,0,Starfield Stage - 1
972,2025-09-30T14:44:22.393159,8,600.0,672.0,-1.584151125447016,False,False,False,False,0,3,0,10,1,1,1199,730,"[false, false, false]",0,2,0,Starfield Stage - 1
973,2025-09-30T14:44:22.401518,9,600.0,672.0,-1.584151125447016,False,False,False,False,0,3,0,10,1,1,1199,730,"[false, false, false]",0,2,0,Starfield Stage - 1
974,2025-09-30T14:44:22.410814,9,600.0,672.0,-1.584151125447016,False,False,False,False,0,3,0,10,1,1,1199,730,"[false, false, false]",0,2,0,Starfield Stage - 1
975,2025-09-30T14:44:22.419211,9,600.0,672.0,-1.584151125447016,False,False,False,False,0,3,0,10,1,1,1199,730,"[false, false, false]",0,2,0,Starfield Stage - 1
976,2025-09-30T14:44:22.428612,9,600.0,672.0,-1.584151125447016,False,False,False,False,0,3,0,10,1,1,1199,730,"[false, false, false]",0,2,0,Starfield Stage - 1
977,2025-09-30T14:44:22.437135,8,600.0,672.0,-1.584151125447016,False,False,False,False,0,3,0,10,1,1,1199,730,"[false, false, false]",0,2,0,Starfield Stage - 1
978,2025-09-30T14:44:22.445431,8,600.0,672.0,-1.584151125447016,False,False,False,False,0,3,0,10,1,1,1199,730,"[false, false, false]",0,2,0,Starfield Stage - 1
979,2025-09-30T14:44:22.454310,9,600.0,672.0,-1.584151125447016,False,False,False,False,0,3,0,10,1,1,1199,730,"[false, false, false]",0,2,0,Starfield Stage - 1
980,2025-09-30T14:44:22.510308,9,600.0,672.0,-1.584151125447016,False,False,False,False,0,3,0,10,1,1,1199,730,"[false, false, false]",0,2,0,Starfield Stage - 1
981,2025-09-30T14:44:22.514570,49,600.0,672.0,-1.584151125447016,False,False,False,False,0,3,0,10,1,1,1199,730,"[false, false, false]",0,2,0,Starfield Stage - 1
982,2025-09-30T14:44:22.520162,8,600.0,672.0,-1.584151125447016,False,False,False,False,0,3,0,10,1,1,1199,730,"[false, false, false]",0,2,0,Starfield Stage - 1
983,2025-09-30T14:44:22.529088,9,600.0,672.0,-1.584151125447016,False,False,False,False,0,3,0,10,1,1,1199,730,"[false, false, false]",0,2,0,Starfield Stage - 1
984,2025-09-30T14:44:22.536831,8,600.0,672.0,-1.584151125447016,False,False,False,False,0,3,0,10,1,1,1199,730,"[false, false, false]",0,2,0,Starfield Stage - 1
985,2025-09-30T14:44:22.545404,8,600.0,672.0,-1.584151125447016,False,False,False,False,0,3,0,10,1,1,1199,730,"[false, false, false]",0,2,0,Starfield Stage - 1
986,2025-09-30T14:44:22.553447,9,600.0,672.0,-1.584151125447016,False,False,False,False,0,3,0,10,1,1,1199,730,"[false, false, false]",0,2,0,Starfield Stage - 1
987,2025-09-30T14:44:22.562492,9,600.0,672.0,-1.584151125447016,False,False,False,False,0,3,0,10,1,1,1199,730,"[false, false, false]",0,2,0,Starfield Stage - 1
988,2025-09-30T14:44:22.572027,9,600.0,672.0,-1.584151125447016,False,False,False,False,0,3,0,10,1,1,1199,730,"[false, false, false]",0,2,0,Starfield Stage - 1
989,2025-09-30T14:44:22.580001,8,600.0,672.0,-1.584151125447016,False,False,False,False,0,3,0,10,1,1,1199,730,"[false, false, false]",0,2,0,Starfield Stage - 1
990,2025-09-30T14:44:22.588154,8,600.0,672.0,-1.584151125447016,False,False,False,False,0,3,0,10,1,1,1199,730,"[false, false, false]",0,2,0,Starfield Stage - 1
991,2025-09-30T14:44:22.596438,8,600.0,672.0,-1.584151125447016,False,False,False,False,0,3,0,10,1,1,1199,730,"[false, false, false]",0,2,0,Starfield Stage - 1
992,2025-09-30T14:44:22.604636,9,600.0,672.0,-1.584151125447016,False,False,False,False,0,3,0,10,1,1,1199,730,"[false, false, false]",0,2,0,Starfield Stage - 1
993,2025-09-30T14:44:22.613035,8,600.0,672.0,-1.584151125447016,False,False,False,False,0,3,0,10,1,1,1199,730,"[false, false, false]",0,2,0,Starfield Stage - 1
994,2025-09-30T14:44:22.621296,8,600.0,672.0,-1.584151125447016,False,False,False,False,0,3,0,10,1,1,1199,730,"[false, false, false]",0,2,0,Starfield Stage - 1
995,2025-09-30T14:44:22.629792,9,600.0,672.0,-1.584151125447016,False,False,False,False,0,4,0,10,1,1,1199,730,"[false, false, false]",0,2,0,Starfield Stage - 1
996,2025-09-30T14:44:22.638015,8,600.0,672.0,-1.584151125447016,False,False,False,False,0,4,0,10,1,1,1199,730,"[false, false, false]",0,2,0,Starfield Stage - 1
997,2025-09-30T14:44:22.645861,8,600.0,672.0,-1.584151125447016,False,False,False,False,0,4,0,10,1,1,1199,730,"[false, false, false]",0,2,0,Starfield Stage - 1
998,2025-09-30T14:44:22.655179,8,600.0,672.0,-1.584151125447016,False,False,False,False,0,4,0,10,1,1,1199,730,"[false, false, false]",0,2,0,Starfield Stage - 1
