frame,timestamp,dt,ship_centerx,ship_centery,ship_angle,moving_right,moving_left,moving_up,moving_down,bullets_count,aliens_count,cargoes_count,alien_bullets_count,hearts_count,shields_count,mouse_x,mouse_y,mouse_buttons,score,ships_left,current_region_index,region_name
3681,2025-10-08T20:22:26.223507,0.009,600.0,672.0,0.005089014591833367,False,False,False,False,0,0,0,0,0,0,598,279,"[false, false, false]",0,2,0,Starfield Stage - 1
3690,2025-10-08T20:22:26.232578,0.008,600.0,672.0,0.005089014591833367,False,False,False,False,0,0,0,0,0,0,598,279,"[false, false, false]",0,2,0,Starfield Stage - 1
3697,2025-10-08T20:22:26.239567,0.008,600.0,672.0,0.005089014591833367,False,False,False,False,0,0,0,0,0,0,598,279,"[false, false, false]",0,2,0,Starfield Stage - 1
3705,2025-10-08T20:22:26.247949,0.009,600.0,672.0,0.005089014591833367,False,False,False,False,0,0,0,0,0,0,598,279,"[false, false, false]",0,2,0,Starfield Stage - 1
3715,2025-10-08T20:22:26.257481,0.009,600.0,672.0,0.005089014591833367,False,False,False,False,0,0,0,0,0,0,598,279,"[false, false, false]",0,2,0,Starfield Stage - 1
3723,2025-10-08T20:22:26.265668,0.008,600.0,672.0,0.005089014591833367,False,False,False,False,0,0,0,0,0,0,598,279,"[false, false, false]",0,2,0,Starfield Stage - 1
3731,2025-10-08T20:22:26.274151,0.009,600.0,672.0,0.005089014591833367,False,False,False,False,0,0,0,0,0,0,598,279,"[false, false, false]",0,2,0,Starfield Stage - 1
3740,2025-10-08T20:22:26.282641,0.008,600.0,672.0,0.005089014591833367,False,False,False,False,0,0,0,0,0,0,598,279,"[false, false, false]",0,2,0,Starfield Stage - 1
3748,2025-10-08T20:22:26.290571,0.008,600.0,672.0,0.005089014591833367,False,False,False,False,0,0,0,0,0,0,598,279,"[false, false, false]",0,2,0,Starfield Stage - 1
3757,2025-10-08T20:22:26.299665,0.009,600.0,672.0,0.005089014591833367,False,False,False,False,0,0,0,0,0,0,598,279,"[false, false, false]",0,2,0,Starfield Stage - 1
3765,2025-10-08T20:22:26.308001,0.008,600.0,672.0,0.005089014591833367,False,False,False,False,0,0,0,0,0,0,598,279,"[false, false, false]",0,2,0,Starfield Stage - 1
3772,2025-10-08T20:22:26.315316,0.008,600.0,672.0,0.005089014591833367,False,False,False,False,0,0,0,0,0,0,598,279,"[false, false, false]",0,2,0,Starfield Stage - 1
3781,2025-10-08T20:22:26.323819,0.009,600.0,672.0,0.005089014591833367,False,False,False,False,0,0,0,0,0,0,598,279,"[false, false, false]",0,2,0,Starfield Stage - 1
3791,2025-10-08T20:22:26.333402,0.009,600.0,672.0,0.005089014591833367,False,False,False,False,0,0,0,0,0,0,598,279,"[false, false, false]",0,2,0,Starfield Stage - 1
3800,2025-10-08T20:22:26.342535,0.009,600.0,672.0,0.005089014591833367,False,False,False,False,0,0,0,0,0,0,598,279,"[false, false, false]",0,2,0,Starfield Stage - 1
3809,2025-10-08T20:22:26.351366,0.009,600.0,672.0,0.005089014591833367,False,False,False,False,0,0,0,0,0,0,598,279,"[false, false, false]",0,2,0,Starfield Stage - 1
3817,2025-10-08T20:22:26.359491,0.008,600.0,672.0,0.005089014591833367,False,False,False,False,0,0,0,0,0,0,598,279,"[false, false, false]",0,2,0,Starfield Stage - 1
3825,2025-10-08T20:22:26.367477,0.008,600.0,672.0,0.005089014591833367,False,False,False,False,0,0,0,0,0,0,598,279,"[false, false, false]",0,2,0,Starfield Stage - 1
3833,2025-10-08T20:22:26.375783,0.008,600.0,672.0,0.005089014591833367,False,False,False,False,0,0,0,0,0,0,598,279,"[false, false, false]",0,2,0,Starfield Stage - 1
3841,2025-10-08T20:22:26.384066,0.009,600.0,672.0,0.005089014591833367,False,False,False,False,0,0,0,0,0,0,598,279,"[false, false, false]",0,2,0,Starfield Stage - 1
3851,2025-10-08T20:22:26.393436,0.009,600.0,672.0,0.005089014591833367,False,False,False,False,0,0,0,0,0,0,598,279,"[false, false, false]",0,2,0,Starfield Stage - 1
3859,2025-10-08T20:22:26.401486,0.008,600.0,672.0,0.005089014591833367,False,False,False,False,0,0,0,0,0,0,598,279,"[false, false, false]",0,2,0,Starfield Stage - 1
3868,2025-10-08T20:22:26.410494,0.009,600.0,672.0,0.005089014591833367,False,False,False,False,0,0,0,0,0,0,598,279,"[false, false, false]",0,2,0,Starfield Stage - 1
3876,2025-10-08T20:22:26.418441,0.008,600.0,672.0,0.005089014591833367,False,False,False,False,0,0,0,0,0,0,598,279,"[false, false, false]",0,2,0,Starfield Stage - 1
3884,2025-10-08T20:22:26.427131,0.009,600.0,672.0,0.005089014591833367,False,False,False,False,0,0,0,0,0,0,598,279,"[false, false, false]",0,2,0,Starfield Stage - 1
3894,2025-10-08T20:22:26.436372,0.009,600.0,672.0,0.005089014591833367,False,False,False,False,0,0,0,0,0,0,598,279,"[false, false, false]",0,2,0,Starfield Stage - 1
3902,2025-10-08T20:22:26.444421,0.008,600.0,672.0,0.005089014591833367,False,False,False,False,0,0,0,0,0,0,598,279,"[false, false, false]",0,2,0,Starfield Stage - 1
3910,2025-10-08T20:22:26.453023,0.009,600.0,672.0,0.005089014591833367,False,False,False,False,0,0,0,0,0,0,598,279,"[false, false, false]",0,2,0,Starfield Stage - 1
3919,2025-10-08T20:22:26.461458,0.008,600.0,672.0,0.005089014591833367,False,False,False,False,0,0,0,0,0,0,598,279,"[false, false, false]",0,2,0,Starfield Stage - 1
3927,2025-10-08T20:22:26.469532,0.008,600.0,672.0,0.005089014591833367,False,False,False,False,0,0,0,0,0,0,598,279,"[false, false, false]",0,2,0,Starfield Stage - 1
3935,2025-10-08T20:22:26.478134,0.009,600.0,672.0,0.005089014591833367,False,False,False,False,0,0,0,0,0,0,598,279,"[false, false, false]",0,2,0,Starfield Stage - 1
3945,2025-10-08T20:22:26.487473,0.009,600.0,672.0,0.005089014591833367,False,False,False,False,0,0,0,0,0,0,598,279,"[false, false, false]",0,2,0,Starfield Stage - 1
3953,2025-10-08T20:22:26.495779,0.008,600.0,672.0,0.005089014591833367,False,False,False,False,0,1,0,0,0,0,598,279,"[false, false, false]",0,2,0,Starfield Stage - 1
3961,2025-10-08T20:22:26.504185,0.009,600.0,672.0,0.005089014591833367,False,False,False,False,0,1,0,0,0,0,598,279,"[false, false, false]",0,2,0,Starfield Stage - 1
3970,2025-10-08T20:22:26.512874,0.008,600.0,672.0,0.005089014591833367,False,False,False,False,0,1,0,0,0,0,598,279,"[false, false, false]",0,2,0,Starfield Stage - 1
3978,2025-10-08T20:22:26.520688,0.008,600.0,672.0,0.005089014591833367,False,False,False,False,0,1,0,0,0,0,598,279,"[false, false, false]",0,2,0,Starfield Stage - 1
3987,2025-10-08T20:22:26.529719,0.009,600.0,672.0,0.005089014591833367,False,False,False,False,0,1,0,0,0,0,598,279,"[false, false, false]",0,2,0,Starfield Stage - 1
3995,2025-10-08T20:22:26.538283,0.009,600.0,672.0,0.005089014591833367,False,False,False,False,0,1,0,0,0,0,598,279,"[false, false, false]",0,2,0,Starfield Stage - 1
4004,2025-10-08T20:22:26.547030,0.009,600.0,672.0,0.005089014591833367,False,False,False,False,0,1,0,0,0,0,598,279,"[false, false, false]",0,2,0,Starfield Stage - 1
4012,2025-10-08T20:22:26.555246,0.008,600.0,672.0,0.005089014591833367,False,False,False,False,0,1,0,0,0,0,598,279,"[false, false, false]",0,2,0,Starfield Stage - 1
4021,2025-10-08T20:22:26.563884,0.008,600.0,672.0,0.005089014591833367,False,False,False,False,0,1,0,0,0,0,598,279,"[false, false, false]",0,2,0,Starfield Stage - 1
4029,2025-10-08T20:22:26.572307,0.009,600.0,672.0,0.005089014591833367,False,False,False,False,0,1,0,0,0,0,598,279,"[false, false, false]",0,2,0,Starfield Stage - 1
4037,2025-10-08T20:22:26.580291,0.008,600.0,672.0,0.005089014591833367,False,False,False,False,0,1,0,0,0,0,598,279,"[false, false, false]",0,2,0,Starfield Stage - 1
4047,2025-10-08T20:22:26.589427,0.009,600.0,672.0,0.005089014591833367,False,False,False,False,0,1,0,0,0,0,598,279,"[false, false, false]",0,2,0,Starfield Stage - 1
4056,2025-10-08T20:22:26.598385,0.009,600.0,672.0,0.005089014591833367,False,False,False,False,0,1,0,0,0,0,598,279,"[false, false, false]",0,2,0,Starfield Stage - 1
4064,2025-10-08T20:22:26.607135,0.008,600.0,672.0,0.005089014591833367,False,False,False,False,0,1,0,0,0,0,598,279,"[false, false, false]",0,2,0,Starfield Stage - 1
4073,2025-10-08T20:22:26.615737,0.009,600.0,672.0,-0.007652911818142931,False,False,False,False,0,1,0,0,0,0,603,280,"[false, false, false]",0,2,0,Starfield Stage - 1
4081,2025-10-08T20:22:26.623887,0.008,600.0,672.0,-0.017946790889285334,False,False,False,False,0,1,0,0,0,0,607,282,"[false, false, false]",0,2,0,Starfield Stage - 1
4089,2025-10-08T20:22:26.631711,0.008,600.0,672.0,-0.030838549342658447,False,False,False,False,0,1,0,0,0,0,612,283,"[false, false, false]",0,2,0,Starfield Stage - 1
4098,2025-10-08T20:22:26.640546,0.009,600.0,672.0,-0.04132013714931594,False,False,False,False,0,1,0,0,0,0,616,285,"[false, false, false]",0,2,0,Starfield Stage - 1
4106,2025-10-08T20:22:26.648818,0.008,600.0,672.0,-0.049183101911652156,False,False,False,False,0,1,0,0,0,0,619,286,"[false, false, false]",0,2,0,Starfield Stage - 1
4115,2025-10-08T20:22:26.657411,0.009,600.0,672.0,-0.0570807824062646,False,False,False,False,0,1,0,0,0,0,622,287,"[false, false, false]",0,2,0,Starfield Stage - 1
4122,2025-10-08T20:22:26.665293,0.008,600.0,672.0,-0.05982436146337313,False,False,False,False,0,1,0,0,0,0,623,288,"[false, false, false]",0,2,0,Starfield Stage - 1
4131,2025-10-08T20:22:26.673436,0.008,600.0,672.0,-0.05982436146337313,False,False,False,False,0,1,0,0,0,0,623,288,"[false, false, false]",0,2,0,Starfield Stage - 1
4139,2025-10-08T20:22:26.681415,0.008,600.0,672.0,-0.05982436146337313,False,False,False,False,0,1,0,0,0,0,623,288,"[false, false, false]",0,2,0,Starfield Stage - 1
4147,2025-10-08T20:22:26.689411,0.008,600.0,672.0,-0.05982436146337313,False,False,False,False,0,1,0,0,0,0,623,288,"[false, false, false]",0,2,0,Starfield Stage - 1
4155,2025-10-08T20:22:26.698182,0.008,600.0,672.0,-0.05982436146337313,False,False,False,False,0,1,0,0,0,0,623,288,"[false, false, false]",0,2,0,Starfield Stage - 1
4163,2025-10-08T20:22:26.706179,0.009,597.5,672.0,-0.06630889491982349,False,True,False,False,0,1,0,0,1,1,623,288,"[false, false, false]",0,2,0,Starfield Stage - 1
4172,2025-10-08T20:22:26.714943,0.008,595.0,672.0,-0.07278784860392513,False,True,False,False,0,1,0,0,1,1,623,288,"[false, false, false]",0,2,0,Starfield Stage - 1
4180,2025-10-08T20:22:26.723162,0.009,592.5,669.5,-0.0797778942396585,False,True,True,False,0,1,0,0,1,1,623,288,"[false, false, false]",0,2,0,Starfield Stage - 1
4189,2025-10-08T20:22:26.731577,0.008,590.0,667.0,-0.08685219498882571,False,True,True,False,0,1,0,0,1,1,623,288,"[false, false, false]",0,2,0,Starfield Stage - 1
4197,2025-10-08T20:22:26.739661,0.008,587.5,664.5,-0.09401156246430774,False,True,True,False,0,1,0,0,1,1,623,288,"[false, false, false]",0,2,0,Starfield Stage - 1
4205,2025-10-08T20:22:26.747968,0.008,585.0,662.0,-0.10390255151076534,False,True,True,False,0,1,0,0,1,1,624,288,"[false, false, false]",0,2,0,Starfield Stage - 1
4213,2025-10-08T20:22:26.755704,0.008,582.5,659.5,-0.11687383735953372,False,True,True,False,0,1,0,0,1,1,626,289,"[false, false, false]",0,2,0,Starfield Stage - 1
4222,2025-10-08T20:22:26.764366,0.009,580.0,657.0,-0.13308839695518804,False,True,True,False,0,1,0,0,1,1,629,291,"[false, false, false]",0,2,0,Starfield Stage - 1
4230,2025-10-08T20:22:26.772835,0.008,577.5,654.5,-0.15275354934329843,False,True,True,False,0,1,0,0,1,1,633,294,"[false, false, false]",0,2,0,Starfield Stage - 1
4238,2025-10-08T20:22:26.780805,0.008,575.0,652.0,-0.17338270907176193,False,True,True,False,0,1,0,0,1,1,637,298,"[false, false, false]",0,2,0,Starfield Stage - 1
4246,2025-10-08T20:22:26.788843,0.008,572.5,649.5,-0.19684368352621767,False,True,True,False,0,1,0,0,1,1,642,301,"[false, false, false]",0,2,0,Starfield Stage - 1
4255,2025-10-08T20:22:26.797662,0.009,570.0,647.0,-0.2248704167610949,False,True,True,False,0,1,0,0,1,1,648,306,"[false, false, false]",0,2,0,Starfield Stage - 1
4263,2025-10-08T20:22:26.805908,0.008,567.5,644.5,-0.2530514958247756,False,True,True,False,0,1,0,0,1,1,654,310,"[false, false, false]",0,2,0,Starfield Stage - 1
4271,2025-10-08T20:22:26.813441,0.008,565.0,642.0,-0.2847304385227122,False,True,True,False,0,1,0,0,1,1,661,314,"[false, false, false]",0,2,0,Starfield Stage - 1
4280,2025-10-08T20:22:26.822362,0.009,562.5,639.5,-0.3180017434670534,False,True,True,False,0,1,0,0,1,1,668,319,"[false, false, false]",0,2,0,Starfield Stage - 1
4289,2025-10-08T20:22:26.831878,0.009,560.0,637.0,-0.352101762468396,False,True,True,False,0,1,0,0,1,1,675,324,"[false, false, false]",0,2,0,Starfield Stage - 1
4297,2025-10-08T20:22:26.839489,0.008,557.5,634.5,-0.4084888930726273,False,True,True,False,0,0,0,0,1,1,688,333,"[false, false, false]",0,2,0,Starfield Stage - 1
4305,2025-10-08T20:22:26.847946,0.009,555.0,632.0,-0.437554631259716,False,True,True,False,0,0,0,0,1,1,693,337,"[false, false, false]",0,2,0,Starfield Stage - 1
4315,2025-10-08T20:22:26.857374,0.009,552.5,629.5,-0.464340609582869,False,True,True,False,0,0,0,0,1,1,697,341,"[false, false, false]",0,2,0,Starfield Stage - 1
4323,2025-10-08T20:22:26.866067,0.009,550.0,627.0,-0.48608423606669365,False,True,True,False,0,0,0,0,1,1,699,345,"[false, false, false]",0,2,0,Starfield Stage - 1
4332,2025-10-08T20:22:26.874589,0.008,547.5,624.5,-0.5083304101442754,False,True,True,False,0,0,0,0,1,1,701,349,"[false, false, false]",0,2,0,Starfield Stage - 1
4340,2025-10-08T20:22:26.882647,0.008,545.0,622.0,-0.5271459435864095,False,True,True,False,0,0,0,0,1,1,701,354,"[false, false, false]",0,2,0,Starfield Stage - 1
4348,2025-10-08T20:22:26.890694,0.008,542.5,619.5,-0.5500345885702866,False,True,True,False,0,0,0,0,1,1,701,361,"[false, false, false]",0,2,0,Starfield Stage - 1
4356,2025-10-08T20:22:26.898583,0.008,540.0,617.0,-0.574808270306695,False,True,True,False,0,0,0,0,1,1,700,370,"[false, false, false]",0,2,0,Starfield Stage - 1
4364,2025-10-08T20:22:26.907227,0.009,537.5,614.5,-0.601282688513346,False,True,True,False,0,0,0,0,1,1,697,382,"[false, false, false]",0,2,0,Starfield Stage - 1
4373,2025-10-08T20:22:26.915531,0.008,535.0,612.0,-0.6329513871565936,False,True,True,False,0,0,0,0,1,1,692,398,"[false, false, false]",0,2,0,Starfield Stage - 1
4381,2025-10-08T20:22:26.923862,0.008,532.5,609.5,-0.6737948687120595,False,True,True,False,0,0,0,0,1,1,687,416,"[false, false, false]",0,2,0,Starfield Stage - 1
4389,2025-10-08T20:22:26.932155,0.009,530.0,609.5,-0.7100403649866573,False,True,False,False,0,0,0,0,1,1,680,435,"[false, false, false]",0,2,0,Starfield Stage - 1
4398,2025-10-08T20:22:26.940798,0.008,527.5,609.5,-0.7552059985204856,False,True,False,False,0,0,0,0,1,1,672,456,"[false, false, false]",0,2,0,Starfield Stage - 1
4406,2025-10-08T20:22:26.948419,0.008,525.0,609.5,-0.8055789095691218,False,True,False,False,0,0,0,0,1,1,664,476,"[false, false, false]",0,2,0,Starfield Stage - 1
4414,2025-10-08T20:22:26.957000,0.009,522.5,609.5,-0.8581440621733923,False,True,False,False,0,0,0,0,1,1,655,495,"[false, false, false]",0,2,0,Starfield Stage - 1
4424,2025-10-08T20:22:26.966437,0.009,520.0,609.5,-0.9160527185444944,False,True,False,False,0,0,0,0,1,1,647,512,"[false, false, false]",0,2,0,Starfield Stage - 1
4432,2025-10-08T20:22:26.975148,0.009,517.5,609.5,-0.981860016702607,False,True,False,False,0,0,0,0,1,1,641,527,"[false, false, false]",0,2,0,Starfield Stage - 1
4441,2025-10-08T20:22:26.983793,0.008,515.0,609.5,-1.1370898506557974,False,True,False,False,0,0,0,0,1,1,637,553,"[false, false, false]",0,2,0,Starfield Stage - 1
4449,2025-10-08T20:22:26.992144,0.009,512.5,609.5,-1.224954048973333,False,True,False,False,1,0,0,0,1,1,636,565,"[true, false, false]",0,2,0,Starfield Stage - 1
4459,2025-10-08T20:22:27.001563,0.009,510.0,609.5,-1.305543944088712,False,True,False,False,1,0,0,0,1,1,637,575,"[true, false, false]",0,2,0,Starfield Stage - 1
4467,2025-10-08T20:22:27.009515,0.008,507.5,609.5,-1.3865964819204626,False,True,False,False,1,0,0,0,1,1,639,585,"[true, false, false]",0,2,0,Starfield Stage - 1
4475,2025-10-08T20:22:27.017967,0.008,505.0,609.5,-1.4500628646271807,False,True,False,False,1,0,0,0,1,2,641,593,"[true, false, false]",0,2,0,Starfield Stage - 1
4482,2025-10-08T20:22:27.024898,0.008,502.5,609.5,-1.4967271316471278,False,True,False,False,1,0,0,0,1,2,644,599,"[true, false, false]",0,2,0,Starfield Stage - 1
4492,2025-10-08T20:22:27.034427,0.009,500.0,609.5,-1.5331428987827111,False,True,False,False,1,0,0,0,1,2,646,604,"[true, false, false]",0,2,0,Starfield Stage - 1
4500,2025-10-08T20:22:27.042884,0.008,497.5,609.5,-1.5475447039844337,False,True,False,False,1,0,0,0,1,2,648,606,"[true, false, false]",0,2,0,Starfield Stage - 1
4509,2025-10-08T20:22:27.051479,0.008,495.0,609.5,-1.5544579114820734,False,True,False,False,1,0,0,0,1,2,648,607,"[true, false, false]",0,2,0,Starfield Stage - 1
4517,2025-10-08T20:22:27.059459,0.009,492.5,609.5,-1.5611503237272193,False,True,False,False,1,0,0,0,1,2,648,608,"[false, false, false]",0,2,0,Starfield Stage - 1
4525,2025-10-08T20:22:27.067476,0.008,490.0,609.5,-1.561302941114242,False,True,False,False,1,0,0,0,1,2,648,608,"[false, false, false]",0,2,0,Starfield Stage - 1
4533,2025-10-08T20:22:27.075882,0.009,487.5,609.5,-1.5614508044874067,False,True,False,False,1,0,0,0,1,2,648,608,"[false, false, false]",0,2,0,Starfield Stage - 1
4543,2025-10-08T20:22:27.085543,0.009,485.0,609.5,-1.5615941325643958,False,True,False,False,1,0,0,0,1,2,648,608,"[false, false, false]",0,2,0,Starfield Stage - 1
4551,2025-10-08T20:22:27.093689,0.008,482.5,609.5,-1.5617331308491884,False,True,False,False,1,0,0,0,1,2,648,608,"[false, false, false]",0,2,0,Starfield Stage - 1
4559,2025-10-08T20:22:27.101663,0.008,480.0,609.5,-1.5618679926150598,False,True,False,False,1,0,0,0,1,2,648,608,"[false, false, false]",0,2,0,Starfield Stage - 1
4567,2025-10-08T20:22:27.109624,0.008,477.5,609.5,-1.5620501941279192,False,True,False,False,1,0,0,0,1,2,649,608,"[false, false, false]",0,2,0,Starfield Stage - 1
4575,2025-10-08T20:22:27.117816,0.008,475.0,609.5,-1.5679227714858206,False,True,False,False,1,0,0,0,1,2,649,609,"[false, false, false]",0,2,0,Starfield Stage - 1
4582,2025-10-08T20:22:27.125244,0.008,472.5,609.5,-1.5679794328370522,False,True,False,False,1,0,0,0,1,3,650,609,"[false, false, false]",0,2,0,Starfield Stage - 1
4591,2025-10-08T20:22:27.133761,0.008,470.0,609.5,-1.5735740974282173,False,True,False,False,1,0,0,0,1,3,650,610,"[false, false, false]",0,2,0,Starfield Stage - 1
4599,2025-10-08T20:22:27.142247,0.009,467.5,609.5,-1.5735360459674401,False,True,False,False,1,0,0,0,1,3,650,610,"[false, false, false]",0,2,0,Starfield Stage - 1
4608,2025-10-08T20:22:27.150374,0.008,465.0,609.5,-1.5734990229169057,False,True,False,False,1,0,0,0,1,3,650,610,"[false, false, false]",0,2,0,Starfield Stage - 1
4616,2025-10-08T20:22:27.158519,0.008,462.5,609.5,-1.5734629871406025,False,True,False,False,1,0,0,0,1,3,650,610,"[false, false, false]",0,2,0,Starfield Stage - 1
4624,2025-10-08T20:22:27.166480,0.008,460.0,609.5,-1.5734278996675466,False,True,False,False,1,0,0,0,1,3,650,610,"[false, false, false]",0,2,0,Starfield Stage - 1
4632,2025-10-08T20:22:27.174400,0.008,457.5,609.5,-1.573393723551197,False,True,False,False,1,0,0,0,1,3,650,610,"[false, false, false]",0,2,0,Starfield Stage - 1
4640,2025-10-08T20:22:27.182983,0.009,455.0,609.5,-1.5733604237396863,False,True,False,False,1,0,0,0,1,3,650,610,"[false, false, false]",0,2,0,Starfield Stage - 1
4649,2025-10-08T20:22:27.191674,0.008,452.5,609.5,-1.5733279669559053,False,True,False,False,1,0,0,0,1,3,650,610,"[false, false, false]",0,2,0,Starfield Stage - 1
4657,2025-10-08T20:22:27.199602,0.008,450.0,609.5,-1.5732963215865827,False,True,False,False,1,0,0,0,1,3,650,610,"[false, false, false]",0,2,0,Starfield Stage - 1
4665,2025-10-08T20:22:27.207491,0.008,447.5,609.5,-1.5732654575795804,False,True,False,False,1,0,0,0,1,3,650,610,"[false, false, false]",0,2,0,Starfield Stage - 1
4673,2025-10-08T20:22:27.215878,0.009,445.0,609.5,-1.5732353463487025,False,True,False,False,1,0,0,0,1,3,650,610,"[false, false, false]",0,2,0,Starfield Stage - 1
4682,2025-10-08T20:22:27.224936,0.009,442.5,609.5,-1.5732059606853883,False,True,False,False,1,0,0,0,1,3,650,610,"[false, false, false]",0,2,0,Starfield Stage - 1
4692,2025-10-08T20:22:27.234602,0.009,440.0,609.5,-1.57317727467671,False,True,False,False,1,0,0,0,1,3,650,610,"[false, false, false]",0,2,0,Starfield Stage - 1
4700,2025-10-08T20:22:27.242753,0.008,437.5,609.5,-1.5731492636291604,False,True,False,False,1,0,0,0,1,3,650,610,"[false, false, false]",0,2,0,Starfield Stage - 1
4709,2025-10-08T20:22:27.251680,0.009,435.0,609.5,-1.5731219039977562,False,True,False,False,1,0,0,0,1,3,650,610,"[false, false, false]",0,2,0,Starfield Stage - 1
4717,2025-10-08T20:22:27.259675,0.008,432.5,609.5,-1.5730846523201174,False,True,False,False,1,0,0,0,1,3,651,610,"[false, false, false]",0,2,0,Starfield Stage - 1
4725,2025-10-08T20:22:27.268338,0.009,430.0,609.5,-1.5685338872161896,False,True,False,False,1,0,0,0,1,3,651,609,"[false, false, false]",0,2,0,Starfield Stage - 1
4734,2025-10-08T20:22:27.276709,0.008,427.5,609.5,-1.5552073892539728,False,True,False,False,1,0,0,0,1,3,652,606,"[false, false, false]",0,2,0,Starfield Stage - 1
4743,2025-10-08T20:22:27.285485,0.009,425.0,609.5,-1.5335328821886451,False,True,False,False,1,0,0,0,1,3,653,601,"[false, false, false]",0,2,0,Starfield Stage - 1
4751,2025-10-08T20:22:27.294055,0.008,422.5,609.5,-1.5039414657792214,False,True,False,False,1,0,0,0,1,3,654,594,"[false, false, false]",0,2,0,Starfield Stage - 1
4760,2025-10-08T20:22:27.302488,0.009,420.0,609.5,-1.4711276743037347,False,True,False,False,1,0,0,0,1,3,655,586,"[false, false, false]",0,2,0,Starfield Stage - 1
4768,2025-10-08T20:22:27.310842,0.008,417.5,609.5,-1.3911265492123668,False,True,False,False,1,0,0,0,1,3,657,566,"[false, false, false]",0,2,0,Starfield Stage - 1
4777,2025-10-08T20:22:27.319553,0.009,415.0,609.5,-1.3375187385918585,False,True,False,False,1,0,0,0,1,3,657,552,"[false, false, false]",0,2,0,Starfield Stage - 1
4785,2025-10-08T20:22:27.328121,0.009,412.5,609.5,-1.2825320097340798,False,True,False,False,1,0,0,0,1,3,657,537,"[false, false, false]",0,2,0,Starfield Stage - 1
4794,2025-10-08T20:22:27.336796,0.008,410.0,609.5,-1.2241571664884663,False,True,False,False,1,0,0,0,1,3,655,521,"[false, false, false]",0,2,0,Starfield Stage - 1
4802,2025-10-08T20:22:27.344713,0.008,407.5,609.5,-1.1688821992031566,False,True,False,False,1,0,0,0,1,3,651,506,"[false, false, false]",0,2,0,Starfield Stage - 1
4811,2025-10-08T20:22:27.353665,0.009,405.0,609.5,-1.1187857652007602,False,True,False,False,1,0,0,0,1,3,647,492,"[false, false, false]",0,2,0,Starfield Stage - 1
4819,2025-10-08T20:22:27.361443,0.008,402.5,607.0,-1.0784680598388643,False,True,True,False,1,0,0,0,1,3,643,478,"[false, false, false]",0,2,0,Starfield Stage - 1
4827,2025-10-08T20:22:27.369538,0.008,400.0,604.5,-1.0487262442731256,False,True,True,False,1,0,0,0,1,3,639,467,"[false, false, false]",0,2,0,Starfield Stage - 1
4835,2025-10-08T20:22:27.377841,0.008,397.5,602.0,-1.0207944304922827,False,True,True,False,1,0,0,0,1,3,634,457,"[false, false, false]",0,2,0,Starfield Stage - 1
4843,2025-10-08T20:22:27.385725,0.008,395.0,599.5,-0.9912596564428395,False,True,True,False,1,0,0,0,1,3,628,447,"[false, false, false]",0,2,0,Starfield Stage - 1
4851,2025-10-08T20:22:27.393834,0.008,392.5,597.0,-0.9669456197853589,False,True,True,False,1,0,0,0,1,3,623,438,"[false, false, false]",0,2,0,Starfield Stage - 1
4859,2025-10-08T20:22:27.401702,0.008,390.0,594.5,-0.9387192122559301,False,True,True,False,1,0,0,0,1,3,616,429,"[false, false, false]",0,2,0,Starfield Stage - 1
4867,2025-10-08T20:22:27.409635,0.008,387.5,592.0,-0.9177006296967819,False,True,True,False,1,0,0,0,1,3,611,421,"[false, false, false]",0,2,0,Starfield Stage - 1
4876,2025-10-08T20:22:27.418488,0.009,385.0,589.5,-0.8974427310730408,False,True,True,False,1,0,0,0,1,3,605,414,"[false, false, false]",0,2,0,Starfield Stage - 1
4885,2025-10-08T20:22:27.427581,0.009,382.5,587.0,-0.8794593980254346,False,True,True,False,1,0,0,0,1,3,600,407,"[false, false, false]",0,2,0,Starfield Stage - 1
4894,2025-10-08T20:22:27.436346,0.009,380.0,584.5,-0.8719736621465223,False,True,True,False,1,0,0,0,1,3,596,403,"[false, false, false]",0,2,0,Starfield Stage - 1
4902,2025-10-08T20:22:27.445082,0.009,377.5,582.0,-0.869476211916172,False,True,True,False,1,0,0,0,1,3,593,400,"[false, false, false]",0,2,0,Starfield Stage - 1
4911,2025-10-08T20:22:27.453610,0.008,380.0,579.5,-0.8604163542047162,True,False,True,False,1,0,0,0,1,3,591,398,"[false, false, false]",0,2,0,Starfield Stage - 1
4920,2025-10-08T20:22:27.462893,0.009,382.5,577.0,-0.8562471229420581,True,False,True,False,1,0,0,0,1,3,590,397,"[false, false, false]",0,2,0,Starfield Stage - 1
4929,2025-10-08T20:22:27.471370,0.009,385.0,574.5,-0.857170096333268,True,False,True,False,1,0,0,0,1,3,590,397,"[false, false, false]",0,2,0,Starfield Stage - 1
4937,2025-10-08T20:22:27.480335,0.009,387.5,572.0,-0.8581173919507024,True,False,True,False,1,0,0,0,1,3,590,397,"[false, false, false]",0,2,0,Starfield Stage - 1
4947,2025-10-08T20:22:27.489609,0.009,390.0,569.5,-0.8590899822717971,True,False,True,False,1,0,0,0,1,3,590,397,"[false, false, false]",0,2,0,Starfield Stage - 1
4956,2025-10-08T20:22:27.498375,0.009,392.5,569.5,-0.852863187919353,True,False,False,False,1,0,0,0,1,3,590,397,"[false, false, false]",0,2,0,Starfield Stage - 1
4964,2025-10-08T20:22:27.507309,0.009,395.0,569.5,-0.8465463260467495,True,False,False,False,1,0,0,0,1,3,590,397,"[false, false, false]",0,2,0,Starfield Stage - 1
4973,2025-10-08T20:22:27.516307,0.009,397.5,569.5,-0.8401379434473291,True,False,False,False,1,0,0,0,1,3,590,397,"[false, false, false]",0,2,0,Starfield Stage - 1
4981,2025-10-08T20:22:27.524287,0.008,400.0,569.5,-0.8336365745753866,True,False,False,False,1,0,0,0,1,3,590,397,"[false, false, false]",0,2,0,Starfield Stage - 1
4990,2025-10-08T20:22:27.532670,0.008,402.5,569.5,-0.8270407424960368,True,False,False,False,1,0,0,0,1,3,590,397,"[false, false, false]",0,2,0,Starfield Stage - 1
4999,2025-10-08T20:22:27.541665,0.009,405.0,569.5,-0.8257101097841174,True,False,False,False,1,0,0,0,1,3,592,397,"[false, false, false]",0,2,0,Starfield Stage - 1
5008,2025-10-08T20:22:27.550892,0.009,407.5,569.5,-0.8404389329412307,True,False,False,False,1,1,0,0,1,3,599,398,"[false, false, false]",0,2,0,Starfield Stage - 1
5017,2025-10-08T20:22:27.559900,0.009,410.0,569.5,-0.8497809363708204,True,False,False,False,1,1,0,0,1,3,604,399,"[false, false, false]",0,2,0,Starfield Stage - 1
5025,2025-10-08T20:22:27.567967,0.008,412.5,569.5,-0.864467940741796,True,False,False,False,1,1,0,0,1,3,610,401,"[false, false, false]",0,2,0,Starfield Stage - 1
5033,2025-10-08T20:22:27.575977,0.009,415.0,569.5,-0.8814382872628993,True,False,False,False,1,1,0,0,1,3,617,403,"[false, false, false]",0,2,0,Starfield Stage - 1
5043,2025-10-08T20:22:27.585503,0.009,417.5,569.5,-0.9057809841980077,True,False,False,False,1,1,0,0,1,3,626,406,"[false, false, false]",0,2,0,Starfield Stage - 1
5051,2025-10-08T20:22:27.593644,0.008,420.0,569.5,-0.931754497250668,True,False,False,False,1,1,0,0,1,3,636,409,"[false, false, false]",0,2,0,Starfield Stage - 1
5059,2025-10-08T20:22:27.602099,0.008,422.5,569.5,-0.9590248064013221,True,False,False,False,1,1,0,0,1,3,647,412,"[false, false, false]",0,2,0,Starfield Stage - 1
5067,2025-10-08T20:22:27.609813,0.008,425.0,569.5,-0.9852738768921996,True,False,False,False,1,1,0,0,1,3,658,415,"[false, false, false]",0,2,0,Starfield Stage - 1
5075,2025-10-08T20:22:27.618151,0.009,427.5,569.5,-1.010523839560372,True,False,False,False,1,1,0,0,1,3,669,418,"[false, false, false]",0,2,0,Starfield Stage - 1
5084,2025-10-08T20:22:27.626351,0.008,430.0,569.5,-1.0300815800020382,True,False,False,False,1,1,0,0,1,3,679,420,"[false, false, false]",0,2,0,Starfield Stage - 1
5092,2025-10-08T20:22:27.635266,0.009,432.5,569.5,-1.0501762190907054,True,False,False,False,1,1,0,0,1,3,688,423,"[false, false, false]",0,2,0,Starfield Stage - 1
5102,2025-10-08T20:22:27.644945,0.009,435.0,569.5,-1.0618966126262337,True,False,False,False,1,1,0,0,1,3,694,425,"[false, false, false]",0,2,0,Starfield Stage - 1
5111,2025-10-08T20:22:27.653635,0.008,437.5,569.5,-1.073453610448074,True,False,False,False,1,1,0,1,1,4,700,427,"[false, false, false]",0,2,0,Starfield Stage - 1
5119,2025-10-08T20:22:27.662143,0.009,440.0,569.5,-1.0817241301290554,True,False,False,False,1,1,0,1,1,4,704,429,"[false, false, false]",0,2,0,Starfield Stage - 1
5127,2025-10-08T20:22:27.669755,0.008,440.0,569.5,-1.0832904567011672,True,True,False,False,1,1,0,1,1,4,705,429,"[false, false, false]",0,2,0,Starfield Stage - 1
5134,2025-10-08T20:22:27.677276,0.008,440.0,569.5,-1.0832904567011672,True,True,False,False,1,1,0,1,1,4,705,429,"[false, false, false]",0,2,0,Starfield Stage - 1
5143,2025-10-08T20:22:27.685907,0.008,440.0,569.5,-1.0832904567011672,True,True,False,False,1,1,0,1,1,4,705,429,"[false, false, false]",0,2,0,Starfield Stage - 1
5152,2025-10-08T20:22:27.694686,0.009,440.0,569.5,-1.0832904567011672,True,True,False,False,1,1,0,1,1,4,705,429,"[false, false, false]",0,2,0,Starfield Stage - 1
5161,2025-10-08T20:22:27.703667,0.009,440.0,569.5,-1.0832904567011672,True,True,False,False,1,1,0,1,1,4,705,429,"[false, false, false]",0,2,0,Starfield Stage - 1
5169,2025-10-08T20:22:27.711611,0.008,437.5,569.5,-1.0871661817551472,False,True,False,False,1,1,0,1,1,4,705,429,"[false, false, false]",0,2,0,Starfield Stage - 1
5177,2025-10-08T20:22:27.720310,0.009,435.0,569.5,-1.090985540611291,False,True,False,False,1,1,0,1,1,4,705,429,"[false, false, false]",0,2,0,Starfield Stage - 1
5185,2025-10-08T20:22:27.728031,0.008,432.5,569.5,-1.094749644989786,False,True,False,False,1,1,0,1,1,4,705,429,"[false, false, false]",0,2,0,Starfield Stage - 1
5194,2025-10-08T20:22:27.737101,0.009,430.0,569.5,-1.0984595809410254,False,True,False,False,1,1,0,1,1,4,705,429,"[false, false, false]",0,2,0,Starfield Stage - 1
5203,2025-10-08T20:22:27.745597,0.008,427.5,569.5,-1.1021164094473832,False,True,False,False,1,1,0,1,1,4,705,429,"[false, false, false]",0,2,0,Starfield Stage - 1
5212,2025-10-08T20:22:27.754557,0.009,425.0,569.5,-1.1057211670150762,False,True,False,False,1,1,0,1,1,4,705,429,"[false, false, false]",0,2,0,Starfield Stage - 1
5220,2025-10-08T20:22:27.762636,0.008,422.5,569.5,-1.1092748662558136,False,True,False,False,1,1,0,1,1,4,705,429,"[false, false, false]",0,2,0,Starfield Stage - 1
5228,2025-10-08T20:22:27.770686,0.008,420.0,569.5,-1.1127784964579897,False,True,False,False,1,1,0,1,1,4,705,429,"[false, false, false]",0,2,0,Starfield Stage - 1
5236,2025-10-08T20:22:27.778857,0.008,417.5,569.5,-1.1162330241472265,False,True,False,False,0,1,0,1,1,4,705,429,"[false, false, false]",0,2,0,Starfield Stage - 1
5245,2025-10-08T20:22:27.787407,0.009,415.0,569.5,-1.1196393936361206,False,True,False,False,0,1,0,1,1,4,705,429,"[false, false, false]",0,2,0,Starfield Stage - 1
5253,2025-10-08T20:22:27.795463,0.008,412.5,569.5,-1.1229985275630834,False,True,False,False,0,1,0,1,1,4,705,429,"[false, false, false]",0,2,0,Starfield Stage - 1
5261,2025-10-08T20:22:27.803548,0.008,410.0,569.5,-1.1263113274202083,False,True,False,False,0,1,0,1,1,4,705,429,"[false, false, false]",0,2,0,Starfield Stage - 1
5269,2025-10-08T20:22:27.811617,0.008,407.5,569.5,-1.1295786740701281,False,True,False,False,0,1,0,1,1,4,705,429,"[false, false, false]",0,2,0,Starfield Stage - 1
5277,2025-10-08T20:22:27.819499,0.008,405.0,569.5,-1.1328014282518528,False,True,False,False,0,1,0,1,1,4,705,429,"[false, false, false]",0,2,0,Starfield Stage - 1
5285,2025-10-08T20:22:27.828230,0.009,402.5,569.5,-1.1359804310756145,False,True,False,False,0,1,0,1,1,4,705,429,"[false, false, false]",0,2,0,Starfield Stage - 1
5294,2025-10-08T20:22:27.836982,0.009,400.0,569.5,-1.1391165045067557,False,True,False,False,0,1,0,1,1,4,705,429,"[false, false, false]",0,2,0,Starfield Stage - 1
5303,2025-10-08T20:22:27.845619,0.008,397.5,569.5,-1.142210451838733,False,True,False,False,0,1,0,1,1,4,705,429,"[false, false, false]",0,2,0,Starfield Stage - 1
5311,2025-10-08T20:22:27.853885,0.008,395.0,569.5,-1.1452630581553176,False,True,False,False,0,1,0,1,1,4,705,429,"[false, false, false]",0,2,0,Starfield Stage - 1
5320,2025-10-08T20:22:27.862870,0.009,392.5,569.5,-1.1482750907820922,False,True,False,False,0,1,0,0,1,4,705,429,"[false, false, false]",0,2,0,Starfield Stage - 1
5329,2025-10-08T20:22:27.871480,0.009,390.0,569.5,-1.146472697665109,False,True,False,False,0,1,0,0,1,4,701,429,"[false, false, false]",0,2,0,Starfield Stage - 1
5337,2025-10-08T20:22:27.879971,0.008,387.5,569.5,-1.1382851065159245,False,True,False,False,0,1,0,0,1,4,694,428,"[false, false, false]",0,2,0,Starfield Stage - 1
5346,2025-10-08T20:22:27.888563,0.009,385.0,569.5,-1.1220225363331262,False,True,False,False,0,1,0,0,1,4,683,426,"[false, false, false]",0,2,0,Starfield Stage - 1
5354,2025-10-08T20:22:27.896611,0.008,382.5,569.5,-1.0939274979497697,False,True,False,False,0,1,0,0,1,4,668,422,"[false, false, false]",0,2,0,Starfield Stage - 1
5362,2025-10-08T20:22:27.904954,0.009,380.0,569.5,-1.0638544885457242,False,True,False,False,0,1,0,0,1,4,651,419,"[false, false, false]",0,2,0,Starfield Stage - 1
5372,2025-10-08T20:22:27.914722,0.009,377.5,569.5,-1.0326822979439472,False,True,False,False,0,1,0,0,1,4,633,417,"[false, false, false]",0,2,0,Starfield Stage - 1
5381,2025-10-08T20:22:27.923678,0.009,375.0,567.0,-1.0114420097072867,False,True,True,False,0,1,0,0,1,4,613,418,"[false, false, false]",0,2,0,Starfield Stage - 1
5390,2025-10-08T20:22:27.932713,0.009,372.5,564.5,-0.9949817789523319,False,True,True,False,0,1,0,0,1,4,592,422,"[false, false, false]",0,2,0,Starfield Stage - 1
5398,2025-10-08T20:22:27.940830,0.008,370.0,562.0,-0.9931979720941201,False,True,True,False,0,1,0,0,1,4,571,431,"[false, false, false]",0,2,0,Starfield Stage - 1
5407,2025-10-08T20:22:27.949463,0.009,367.5,559.5,-0.9923903576172693,False,True,True,False,0,1,0,0,1,4,549,441,"[false, false, false]",0,2,0,Starfield Stage - 1
5416,2025-10-08T20:22:27.959046,0.009,365.0,557.0,-1.0143923976059468,False,True,True,False,0,1,0,0,1,4,529,455,"[false, false, false]",0,2,0,Starfield Stage - 1
5424,2025-10-08T20:22:27.966673,0.008,362.5,554.5,-1.1086943116174492,False,True,True,False,0,1,0,0,1,4,492,490,"[false, false, false]",0,2,0,Starfield Stage - 1
5432,2025-10-08T20:22:27.975087,0.009,362.5,552.0,-1.2213118021048206,True,True,True,False,1,1,0,0,1,4,475,511,"[true, false, false]",0,2,0,Starfield Stage - 1
5443,2025-10-08T20:22:27.985381,0.009,362.5,549.5,-1.3714087377074207,True,True,True,False,1,1,0,0,1,4,459,530,"[true, false, false]",0,2,0,Starfield Stage - 1
5451,2025-10-08T20:22:27.993388,0.009,365.0,547.0,-1.5461099847392972,True,False,True,False,1,1,0,0,1,4,446,545,"[true, false, false]",0,2,0,Starfield Stage - 1
5460,2025-10-08T20:22:28.002666,0.009,367.5,547.0,-1.7033478590915707,True,False,False,False,1,1,0,0,1,4,435,556,"[true, false, false]",0,2,0,Starfield Stage - 1
5468,2025-10-08T20:22:28.010407,0.008,370.0,547.0,-1.8238719789594988,True,False,False,False,1,1,0,0,1,4,428,562,"[true, false, false]",0,2,0,Starfield Stage - 1
5477,2025-10-08T20:22:28.019554,0.009,372.5,547.0,-1.8896314375567638,True,False,False,False,1,1,0,0,1,4,424,564,"[true, false, false]",0,2,0,Starfield Stage - 1
5486,2025-10-08T20:22:28.028470,0.009,375.0,547.0,-1.9437840485949576,True,False,False,False,1,1,0,0,1,4,421,565,"[true, false, false]",0,2,0,Starfield Stage - 1
5494,2025-10-08T20:22:28.036494,0.008,377.5,547.0,-1.9513027039072615,True,False,False,False,1,1,0,0,1,4,420,564,"[true, false, false]",0,2,0,Starfield Stage - 1
5502,2025-10-08T20:22:28.044707,0.008,380.0,547.0,-1.9295669970654687,True,False,False,False,1,1,0,0,1,4,420,562,"[true, false, false]",0,2,0,Starfield Stage - 1
5510,2025-10-08T20:22:28.052616,0.008,382.5,547.0,-1.8125491946591397,True,False,False,False,1,1,0,0,1,4,419,556,"[false, false, false]",0,2,0,Starfield Stage - 1
5518,2025-10-08T20:22:28.060690,0.008,385.0,547.0,-1.6001996149989017,True,False,False,False,1,1,0,0,1,4,419,548,"[false, false, false]",0,2,0,Starfield Stage - 1
5527,2025-10-08T20:22:28.069644,0.009,387.5,547.0,-1.314279714150573,True,False,False,False,1,1,0,0,1,4,418,539,"[false, false, false]",0,2,0,Starfield Stage - 1
5535,2025-10-08T20:22:28.077662,0.008,390.0,547.0,-0.805003494254653,True,False,False,False,1,1,0,0,1,4,416,522,"[false, false, false]",0,2,0,Starfield Stage - 1
5543,2025-10-08T20:22:28.085799,0.008,392.5,547.0,-0.6063828863759626,True,False,False,False,1,1,0,0,1,4,414,516,"[false, false, false]",0,2,0,Starfield Stage - 1
5552,2025-10-08T20:22:28.094461,0.009,395.0,547.0,-0.4411794804149806,True,False,False,False,1,1,0,0,1,4,412,511,"[false, false, false]",0,2,0,Starfield Stage - 1
5560,2025-10-08T20:22:28.103213,0.009,397.5,547.0,-0.2959260384642084,True,False,False,False,1,1,0,0,1,4,410,506,"[false, false, false]",0,2,0,Starfield Stage - 1
5569,2025-10-08T20:22:28.111617,0.008,400.0,547.0,-0.1297025371559121,True,False,False,False,1,1,0,0,1,4,406,501,"[false, false, false]",0,2,0,Starfield Stage - 1
5577,2025-10-08T20:22:28.119499,0.008,402.5,547.0,0.029403288204005115,True,False,False,False,1,1,0,0,1,4,401,496,"[false, false, false]",0,2,0,Starfield Stage - 1
5585,2025-10-08T20:22:28.128170,0.009,405.0,547.0,0.16219883346338237,True,False,False,False,1,1,0,0,1,4,396,492,"[false, false, false]",0,2,0,Starfield Stage - 1
5595,2025-10-08T20:22:28.137739,0.009,407.5,547.0,0.28379410920832787,True,False,False,False,1,1,0,0,1,4,390,487,"[false, false, false]",0,2,0,Starfield Stage - 1
5604,2025-10-08T20:22:28.146343,0.009,410.0,547.0,0.3832841477456856,True,False,False,False,1,1,0,0,1,4,385,485,"[false, false, false]",0,2,0,Starfield Stage - 1
5612,2025-10-08T20:22:28.155245,0.009,412.5,547.0,0.45126434108291963,True,False,False,False,1,1,0,0,1,4,381,482,"[false, false, false]",0,2,0,Starfield Stage - 1
5621,2025-10-08T20:22:28.163986,0.008,415.0,547.0,0.5224034317165288,True,False,False,False,2,1,0,0,1,4,377,481,"[true, false, false]",0,2,0,Starfield Stage - 1
5630,2025-10-08T20:22:28.172683,0.009,417.5,547.0,0.5758504239980605,True,False,False,False,2,0,0,0,1,4,374,480,"[true, false, false]",0,2,0,Starfield Stage - 1
5638,2025-10-08T20:22:28.180699,0.008,420.0,547.0,0.6314534989390984,True,False,False,False,2,0,0,0,1,4,371,480,"[true, false, false]",0,2,0,Starfield Stage - 1
5647,2025-10-08T20:22:28.190206,0.009,422.5,547.0,0.6738301956629756,True,False,False,False,2,0,0,0,1,4,369,480,"[true, false, false]",0,2,0,Starfield Stage - 1
5655,2025-10-08T20:22:28.198297,0.009,425.0,549.5,0.6954454896572994,True,False,False,True,2,0,0,0,1,4,367,480,"[true, false, false]",0,2,0,Starfield Stage - 1
5664,2025-10-08T20:22:28.206831,0.008,427.5,552.0,0.6988226646483743,True,False,False,True,2,0,0,0,1,4,367,480,"[true, false, false]",0,2,0,Starfield Stage - 1
5673,2025-10-08T20:22:28.215621,0.009,430.0,554.5,0.7019559986261262,True,False,False,True,2,0,0,0,1,4,367,480,"[true, false, false]",0,2,0,Starfield Stage - 1
5680,2025-10-08T20:22:28.223294,0.008,432.5,557.0,0.7048709249743296,True,False,False,True,2,0,0,0,1,4,367,480,"[false, false, false]",0,2,0,Starfield Stage - 1
5689,2025-10-08T20:22:28.231684,0.008,435.0,559.5,0.7075894658636189,True,False,False,True,2,0,0,0,1,4,367,480,"[false, false, false]",0,2,0,Starfield Stage - 1
5697,2025-10-08T20:22:28.239787,0.008,437.5,562.0,0.7101307845331076,True,False,False,True,2,0,0,0,1,4,367,480,"[false, false, false]",0,2,0,Starfield Stage - 1
5706,2025-10-08T20:22:28.248366,0.009,440.0,564.5,0.7125116338294015,True,False,False,True,2,0,0,0,1,4,367,480,"[false, false, false]",0,2,0,Starfield Stage - 1
5714,2025-10-08T20:22:28.256508,0.008,442.5,567.0,0.7147467230096284,True,False,False,True,2,0,0,0,1,4,367,480,"[false, false, false]",0,2,0,Starfield Stage - 1
5722,2025-10-08T20:22:28.264718,0.008,445.0,569.5,0.716849019645583,True,False,False,True,2,0,0,0,1,4,367,480,"[false, false, false]",0,2,0,Starfield Stage - 1
5730,2025-10-08T20:22:28.272834,0.009,447.5,572.0,0.7188299996216245,True,False,False,True,2,0,0,0,1,4,367,480,"[false, false, false]",0,2,0,Starfield Stage - 1
5740,2025-10-08T20:22:28.282505,0.009,450.0,574.5,0.7206998553331919,True,False,False,True,2,0,0,0,1,4,367,480,"[false, false, false]",0,2,0,Starfield Stage - 1
5749,2025-10-08T20:22:28.291455,0.009,452.5,577.0,0.7282397834123839,True,False,False,True,2,0,0,0,1,4,366,480,"[false, false, false]",0,2,0,Starfield Stage - 1
5757,2025-10-08T20:22:28.299473,0.008,455.0,579.5,0.724786481383374,True,False,False,True,2,0,0,0,1,4,366,479,"[false, false, false]",0,2,0,Starfield Stage - 1
5765,2025-10-08T20:22:28.307464,0.008,457.5,582.0,0.7263409543135152,True,False,False,True,2,0,0,0,1,4,366,479,"[false, false, false]",0,2,0,Starfield Stage - 1
5773,2025-10-08T20:22:28.315606,0.008,460.0,584.5,0.7231346087953685,True,False,False,True,2,0,0,0,1,4,366,478,"[false, false, false]",0,2,0,Starfield Stage - 1
5782,2025-10-08T20:22:28.324654,0.009,462.5,587.0,0.7246457660386546,True,False,False,True,2,0,0,0,1,4,366,478,"[false, false, false]",0,2,0,Starfield Stage - 1
5790,2025-10-08T20:22:28.332815,0.008,465.0,589.5,0.7260853928139434,True,False,False,True,2,0,0,0,1,4,366,478,"[false, false, false]",0,2,0,Starfield Stage - 1
5798,2025-10-08T20:22:28.340644,0.008,467.5,592.0,0.7274584449619144,True,False,False,True,2,0,0,0,1,4,366,478,"[false, false, false]",0,2,0,Starfield Stage - 1
5807,2025-10-08T20:22:28.349545,0.009,470.0,594.5,0.7287694313317187,True,False,False,True,2,0,0,0,1,4,366,478,"[false, false, false]",0,2,0,Starfield Stage - 1
5815,2025-10-08T20:22:28.357512,0.008,472.5,597.0,0.7300224630141867,True,False,False,True,3,0,0,0,1,4,366,478,"[true, false, false]",0,2,0,Starfield Stage - 1
5823,2025-10-08T20:22:28.365912,0.008,475.0,599.5,0.7312212962143692,True,False,False,True,3,0,0,0,1,4,366,478,"[true, false, false]",0,2,0,Starfield Stage - 1
5831,2025-10-08T20:22:28.374321,0.009,477.5,602.0,0.7323693697010266,True,False,False,True,3,0,0,0,1,4,366,478,"[true, false, false]",0,2,0,Starfield Stage - 1
5840,2025-10-08T20:22:28.382339,0.008,480.0,604.5,0.733469837616127,True,False,False,True,3,0,0,0,1,4,366,478,"[true, false, false]",0,2,0,Starfield Stage - 1
5848,2025-10-08T20:22:28.390436,0.008,482.5,607.0,0.734525598300911,True,False,False,True,3,0,0,0,1,4,366,478,"[true, false, false]",0,2,0,Starfield Stage - 1
5856,2025-10-08T20:22:28.398768,0.008,485.0,609.5,0.735539319691105,True,False,False,True,3,0,0,0,1,4,366,478,"[true, false, false]",0,2,0,Starfield Stage - 1
5864,2025-10-08T20:22:28.406763,0.008,487.5,612.0,0.7365134617480285,True,False,False,True,3,0,0,0,1,4,366,478,"[false, false, false]",0,2,0,Starfield Stage - 1
5872,2025-10-08T20:22:28.414786,0.008,490.0,614.5,0.737450296321213,True,False,False,True,3,0,0,0,1,4,366,478,"[false, false, false]",0,2,0,Starfield Stage - 1
5880,2025-10-08T20:22:28.423288,0.009,492.5,617.0,0.7383519247789789,True,False,False,True,3,0,0,0,1,4,366,478,"[false, false, false]",0,2,0,Starfield Stage - 1
5889,2025-10-08T20:22:28.431447,0.008,495.0,619.5,0.7392202936940082,True,False,False,True,3,0,0,0,1,4,366,478,"[false, false, false]",0,2,0,Starfield Stage - 1
5897,2025-10-08T20:22:28.439432,0.008,497.5,622.0,0.7400572088295587,True,False,False,True,3,0,0,0,1,4,366,478,"[false, false, false]",0,2,0,Starfield Stage - 1
5905,2025-10-08T20:22:28.447651,0.008,500.0,624.5,0.740864347637158,True,False,False,True,3,0,0,0,1,4,366,478,"[false, false, false]",0,2,0,Starfield Stage - 1
5913,2025-10-08T20:22:28.456174,0.009,502.5,627.0,0.7416432704472626,True,False,False,True,3,0,0,0,1,4,366,478,"[false, false, false]",0,2,0,Starfield Stage - 1
5922,2025-10-08T20:22:28.464584,0.008,505.0,629.5,0.7423954305095253,True,False,False,True,3,0,0,0,1,4,366,478,"[false, false, false]",0,2,0,Starfield Stage - 1
5931,2025-10-08T20:22:28.473855,0.009,507.5,632.0,0.7431221830182343,True,False,False,True,3,0,0,0,1,4,366,478,"[false, false, false]",0,2,0,Starfield Stage - 1
5939,2025-10-08T20:22:28.481699,0.008,510.0,632.0,0.7483780475235183,True,False,False,False,3,0,0,0,1,4,367,478,"[false, false, false]",0,2,0,Starfield Stage - 1
5948,2025-10-08T20:22:28.490534,0.009,512.5,632.0,0.7570251451522229,True,False,False,False,3,0,0,0,1,4,367,478,"[false, false, false]",0,2,0,Starfield Stage - 1
5956,2025-10-08T20:22:28.498512,0.008,515.0,632.0,0.7655332271462834,True,False,False,False,3,0,0,0,1,4,367,478,"[false, false, false]",0,2,0,Starfield Stage - 1
5964,2025-10-08T20:22:28.506834,0.008,517.5,632.0,0.7739044166824178,True,False,False,False,3,0,0,0,1,4,367,478,"[false, false, false]",0,2,0,Starfield Stage - 1
5973,2025-10-08T20:22:28.515508,0.009,520.0,632.0,0.7821408459274425,True,False,False,False,3,0,0,0,1,4,367,478,"[false, false, false]",0,2,0,Starfield Stage - 1
5981,2025-10-08T20:22:28.524001,0.008,522.5,632.0,0.7902446521074813,True,False,False,False,3,0,0,0,1,4,367,478,"[false, false, false]",0,2,0,Starfield Stage - 1
5989,2025-10-08T20:22:28.531610,0.008,525.0,632.0,0.7982179738703489,True,False,False,False,4,0,0,0,1,4,367,478,"[true, false, false]",0,2,0,Starfield Stage - 1
5997,2025-10-08T20:22:28.539554,0.008,527.5,632.0,0.8060629479278111,True,False,False,False,4,0,0,0,1,4,367,478,"[true, false, false]",0,2,0,Starfield Stage - 1
6005,2025-10-08T20:22:28.548026,0.009,530.0,632.0,0.8137817059643808,True,False,False,False,4,0,0,0,1,4,367,478,"[true, false, false]",0,2,0,Starfield Stage - 1
6014,2025-10-08T20:22:28.556864,0.009,532.5,632.0,0.821376371799361,True,False,False,False,4,0,0,0,1,4,367,478,"[true, false, false]",0,2,0,Starfield Stage - 1
6023,2025-10-08T20:22:28.565827,0.008,535.0,632.0,0.8288490587889792,True,False,False,False,4,0,0,0,1,4,367,478,"[true, false, false]",0,2,0,Starfield Stage - 1
6031,2025-10-08T20:22:28.574164,0.009,537.5,632.0,0.8362018674556699,True,False,False,False,4,0,0,0,1,4,367,478,"[true, false, false]",0,2,0,Starfield Stage - 1
6040,2025-10-08T20:22:28.583164,0.009,540.0,632.0,0.8434368833318244,True,False,False,False,4,1,0,0,1,4,367,478,"[false, false, false]",0,2,0,Starfield Stage - 1
6049,2025-10-08T20:22:28.591581,0.008,542.5,632.0,0.8505561750056456,True,False,False,False,4,1,0,0,1,4,367,478,"[false, false, false]",0,2,0,Starfield Stage - 1
6058,2025-10-08T20:22:28.600510,0.009,545.0,632.0,0.857561792357106,True,False,False,False,4,1,0,0,1,4,367,478,"[false, false, false]",0,2,0,Starfield Stage - 1
6067,2025-10-08T20:22:28.609823,0.009,547.5,632.0,0.8644557649723894,True,False,False,False,4,1,0,0,1,4,367,478,"[false, false, false]",0,2,0,Starfield Stage - 1
6075,2025-10-08T20:22:28.618112,0.009,550.0,632.0,0.8712401007256189,True,False,False,False,4,1,0,0,1,4,367,478,"[false, false, false]",0,2,0,Starfield Stage - 1
6083,2025-10-08T20:22:28.626278,0.008,552.5,632.0,0.8779167845170952,True,False,False,False,4,1,0,0,1,4,367,478,"[false, false, false]",0,2,0,Starfield Stage - 1
6092,2025-10-08T20:22:28.635311,0.009,555.0,632.0,0.8844877771577255,True,False,False,False,4,1,0,0,1,4,367,478,"[false, false, false]",0,2,0,Starfield Stage - 1
6101,2025-10-08T20:22:28.644033,0.009,557.5,629.5,0.8989427682701031,True,False,True,False,4,1,0,0,1,4,367,478,"[false, false, false]",0,2,0,Starfield Stage - 1
6111,2025-10-08T20:22:28.653659,0.009,560.0,627.0,0.9133502647317536,True,False,True,False,4,1,0,0,1,4,367,478,"[false, false, false]",0,2,0,Starfield Stage - 1
6119,2025-10-08T20:22:28.661690,0.008,562.5,624.5,0.9277045507663069,True,False,True,False,4,1,0,0,1,4,367,478,"[false, false, false]",0,2,0,Starfield Stage - 1
6128,2025-10-08T20:22:28.670790,0.009,565.0,622.0,0.9486384461822857,True,False,True,False,4,1,0,0,1,4,367,480,"[false, false, false]",0,2,0,Starfield Stage - 1
6136,2025-10-08T20:22:28.678755,0.008,567.5,619.5,0.9696741109451136,True,False,True,False,4,1,0,0,1,4,367,482,"[false, false, false]",0,2,0,Starfield Stage - 1
6145,2025-10-08T20:22:28.687349,0.009,570.0,617.0,0.9942479760115369,True,False,True,False,4,1,0,0,1,4,367,485,"[false, false, false]",0,2,0,Starfield Stage - 1
6153,2025-10-08T20:22:28.696117,0.008,572.5,614.5,1.0190056038029511,True,False,True,False,4,1,0,0,1,4,367,488,"[false, false, false]",0,2,0,Starfield Stage - 1
6161,2025-10-08T20:22:28.703584,0.008,575.0,612.0,1.0439184078603376,True,False,True,False,4,1,0,0,1,4,367,491,"[false, false, false]",0,2,0,Starfield Stage - 1
6169,2025-10-08T20:22:28.711544,0.008,577.5,609.5,1.0689566735996512,True,False,True,False,4,1,0,0,1,4,367,494,"[false, false, false]",0,2,0,Starfield Stage - 1
6177,2025-10-08T20:22:28.719855,0.008,580.0,607.0,1.090390510211853,True,False,True,False,4,1,0,0,1,4,367,496,"[false, false, false]",0,2,0,Starfield Stage - 1
6185,2025-10-08T20:22:28.727835,0.008,582.5,604.5,1.109923918810053,True,False,True,False,4,1,0,0,1,4,366,497,"[false, false, false]",0,2,0,Starfield Stage - 1
6194,2025-10-08T20:22:28.737037,0.009,585.0,602.0,1.1274411349352467,True,False,True,False,4,1,0,0,1,4,366,498,"[false, false, false]",0,2,0,Starfield Stage - 1
6201,2025-10-08T20:22:28.744260,0.008,587.5,599.5,1.1448493371356205,True,False,True,False,4,1,0,0,1,4,366,499,"[false, false, false]",0,2,0,Starfield Stage - 1
6210,2025-10-08T20:22:28.752756,0.008,590.0,597.0,1.1583858851975093,True,False,True,False,3,1,0,0,1,4,366,499,"[false, false, false]",0,2,0,Starfield Stage - 1
6218,2025-10-08T20:22:28.760668,0.008,592.5,594.5,1.1717805412573012,True,False,True,False,3,1,0,0,1,4,366,499,"[false, false, false]",0,2,0,Starfield Stage - 1
6227,2025-10-08T20:22:28.769788,0.009,595.0,592.0,1.1850307945639105,True,False,True,False,3,1,0,0,1,4,366,499,"[false, false, false]",0,2,0,Starfield Stage - 1
6235,2025-10-08T20:22:28.777946,0.009,597.5,589.5,1.1981343909419349,True,False,True,False,3,1,0,0,1,4,366,499,"[false, false, false]",0,2,0,Starfield Stage - 1
6244,2025-10-08T20:22:28.786519,0.008,600.0,587.0,1.2110893272099401,True,False,True,False,3,1,0,0,1,4,366,499,"[false, false, false]",0,2,0,Starfield Stage - 1
6252,2025-10-08T20:22:28.794484,0.008,602.5,584.5,1.2238938449025634,True,False,True,False,3,1,0,0,1,4,366,499,"[false, false, false]",0,2,0,Starfield Stage - 1
6260,2025-10-08T20:22:28.803109,0.009,605.0,582.0,1.2365464233788928,True,False,True,False,3,1,0,0,1,4,366,499,"[false, false, false]",0,2,0,Starfield Stage - 1
6269,2025-10-08T20:22:28.812018,0.008,607.5,579.5,1.2540023612990165,True,False,True,False,3,1,0,0,1,4,365,500,"[false, false, false]",0,2,0,Starfield Stage - 1
6277,2025-10-08T20:22:28.819746,0.008,610.0,577.0,1.2722973952087173,True,False,True,False,3,1,0,0,1,4,363,501,"[false, false, false]",0,2,0,Starfield Stage - 1
6285,2025-10-08T20:22:28.828260,0.009,612.5,574.5,1.2964554752954949,True,False,True,False,3,1,0,0,1,4,362,504,"[false, false, false]",0,2,0,Starfield Stage - 1
6294,2025-10-08T20:22:28.837010,0.009,615.0,574.5,1.311051777974383,True,False,False,False,3,1,0,0,1,4,361,507,"[false, false, false]",0,2,0,Starfield Stage - 1
6304,2025-10-08T20:22:28.846553,0.009,617.5,574.5,1.3244421487171116,True,False,False,False,3,1,0,0,1,4,361,510,"[false, false, false]",0,2,0,Starfield Stage - 1
6312,2025-10-08T20:22:28.855064,0.009,620.0,574.5,1.3351763048014742,True,False,False,False,3,1,0,0,1,4,368,514,"[false, false, false]",0,2,0,Starfield Stage - 1
6321,2025-10-08T20:22:28.863553,0.008,622.5,574.5,1.3348693459398142,True,False,False,False,3,1,0,0,1,4,375,515,"[false, false, false]",0,2,0,Starfield Stage - 1
6329,2025-10-08T20:22:28.871598,0.008,625.0,574.5,1.3277794071053788,True,False,False,False,3,1,0,0,1,4,385,515,"[false, false, false]",0,2,0,Starfield Stage - 1
6337,2025-10-08T20:22:28.880198,0.008,627.5,574.5,1.317122230656254,True,False,False,False,3,1,0,0,1,4,398,515,"[false, false, false]",0,2,0,Starfield Stage - 1
6346,2025-10-08T20:22:28.888754,0.009,630.0,574.5,1.2958320101821759,True,False,False,False,3,1,0,0,1,4,412,513,"[false, false, false]",0,2,0,Starfield Stage - 1
6354,2025-10-08T20:22:28.896871,0.008,632.5,574.5,1.254954123144311,True,False,False,False,3,1,0,0,1,5,429,508,"[false, false, false]",0,2,0,Starfield Stage - 1
6362,2025-10-08T20:22:28.904786,0.008,635.0,574.5,1.206270324387962,True,False,False,False,3,1,0,0,1,5,445,502,"[false, false, false]",0,2,0,Starfield Stage - 1
6371,2025-10-08T20:22:28.913462,0.009,637.5,574.5,1.1360424086241683,True,False,False,False,3,1,0,0,1,5,462,493,"[false, false, false]",0,2,0,Starfield Stage - 1
6380,2025-10-08T20:22:28.922600,0.009,640.0,574.5,1.056650170882332,True,False,False,False,3,1,0,0,1,5,478,483,"[false, false, false]",0,2,0,Starfield Stage - 1
6389,2025-10-08T20:22:28.931514,0.009,642.5,574.5,0.9697875706720964,True,False,False,False,3,1,0,0,1,5,493,472,"[false, false, false]",0,2,0,Starfield Stage - 1
6397,2025-10-08T20:22:28.939573,0.008,645.0,574.5,0.8789367760034331,True,False,False,False,3,1,0,0,1,5,508,461,"[false, false, false]",0,2,0,Starfield Stage - 1
6405,2025-10-08T20:22:28.948228,0.008,647.5,574.5,0.8014610387901973,True,False,False,False,2,1,0,0,1,5,521,452,"[false, false, false]",0,2,0,Starfield Stage - 1
6414,2025-10-08T20:22:28.956812,0.009,650.0,574.5,0.7470331589141603,True,False,False,False,3,1,0,0,1,5,531,446,"[true, false, false]",0,2,0,Starfield Stage - 1
6422,2025-10-08T20:22:28.965258,0.009,652.5,574.5,0.7083154235209588,True,False,False,False,3,1,0,0,1,5,539,442,"[true, false, false]",0,2,0,Starfield Stage - 1
6431,2025-10-08T20:22:28.973895,0.009,655.0,574.5,0.6980446565065944,True,False,False,False,3,1,0,0,1,5,543,441,"[true, false, false]",0,2,0,Starfield Stage - 1
6441,2025-10-08T20:22:28.983611,0.009,657.5,574.5,0.7002387707777415,True,False,False,False,3,1,0,0,1,5,545,441,"[true, false, false]",0,2,0,Starfield Stage - 1
6449,2025-10-08T20:22:28.991434,0.008,660.0,574.5,0.7110885632425733,True,False,False,False,3,1,0,0,1,5,545,441,"[true, false, false]",0,2,0,Starfield Stage - 1
6457,2025-10-08T20:22:28.999787,0.008,662.5,574.5,0.7217392746720744,True,False,False,False,3,1,0,0,1,5,545,441,"[true, false, false]",0,2,0,Starfield Stage - 1
6465,2025-10-08T20:22:29.008105,0.009,665.0,574.5,0.7321939838539574,True,False,False,False,3,1,0,0,1,5,545,441,"[false, false, false]",0,2,0,Starfield Stage - 1
6473,2025-10-08T20:22:29.016313,0.008,667.5,574.5,0.7424558287350861,True,False,False,False,3,1,0,0,1,5,545,441,"[false, false, false]",0,2,0,Starfield Stage - 1
6482,2025-10-08T20:22:29.025194,0.009,670.0,574.5,0.7525279950793068,True,False,False,False,3,1,0,0,1,5,545,441,"[false, false, false]",0,2,0,Starfield Stage - 1
6491,2025-10-08T20:22:29.033559,0.008,672.5,574.5,0.7624137059559962,True,False,False,False,3,1,0,0,1,5,545,441,"[false, false, false]",0,2,0,Starfield Stage - 1
6499,2025-10-08T20:22:29.041627,0.008,675.0,574.5,0.7721162120287881,True,False,False,False,3,1,0,0,1,5,545,441,"[false, false, false]",0,2,0,Starfield Stage - 1
6543,2025-10-08T20:22:29.085530,0.008,677.5,574.5,0.7816387826116804,True,False,False,False,2,1,0,0,1,5,545,441,"[false, false, false]",10,2,0,Starfield Stage - 1
6545,2025-10-08T20:22:29.088174,0.039,680.0,577.0,0.7853981633974483,True,False,False,True,2,1,0,0,1,5,544,441,"[false, false, false]",10,2,0,Starfield Stage - 1
6555,2025-10-08T20:22:29.097425,0.009,682.5,579.5,0.8246636856152575,True,False,False,True,2,1,0,0,1,5,537,445,"[false, false, false]",10,2,0,Starfield Stage - 1
6563,2025-10-08T20:22:29.105916,0.008,685.0,582.0,0.8273316092708474,True,False,False,True,2,1,0,1,1,5,536,445,"[false, false, false]",10,2,0,Starfield Stage - 1
6572,2025-10-08T20:22:29.114374,0.009,687.5,584.5,0.8334710625536317,True,False,False,True,2,1,0,1,1,5,535,446,"[false, false, false]",10,2,0,Starfield Stage - 1
6580,2025-10-08T20:22:29.122739,0.008,690.0,587.0,0.8393996637734166,True,False,False,True,1,1,0,1,1,5,534,447,"[false, false, false]",10,2,0,Starfield Stage - 1
6588,2025-10-08T20:22:29.130779,0.008,692.5,589.5,0.8420042923364159,True,False,False,True,2,1,0,1,1,5,534,448,"[true, false, false]",10,2,0,Starfield Stage - 1
6597,2025-10-08T20:22:29.139673,0.009,695.0,592.0,0.8480224387695979,True,False,False,True,2,1,0,1,1,5,534,450,"[true, false, false]",10,2,0,Starfield Stage - 1
6605,2025-10-08T20:22:29.147918,0.009,697.5,594.5,0.8569371096600856,True,False,False,True,2,1,0,1,1,5,533,452,"[true, false, false]",10,2,0,Starfield Stage - 1
6615,2025-10-08T20:22:29.157455,0.009,700.0,597.0,0.8592187597436127,True,False,False,True,2,1,0,1,1,5,533,453,"[true, false, false]",10,2,0,Starfield Stage - 1
6623,2025-10-08T20:22:29.166309,0.009,702.5,599.5,0.8580548515601149,True,False,False,True,2,1,0,1,1,5,533,453,"[true, false, false]",10,2,0,Starfield Stage - 1
6633,2025-10-08T20:22:29.175754,0.009,705.0,602.0,0.8602580111082152,True,False,False,True,2,1,0,1,1,5,533,454,"[true, false, false]",10,2,0,Starfield Stage - 1
6641,2025-10-08T20:22:29.184061,0.009,707.5,604.5,0.8591105207917885,True,False,False,True,2,1,0,1,1,5,533,454,"[true, false, false]",10,2,0,Starfield Stage - 1
6651,2025-10-08T20:22:29.193493,0.009,710.0,607.0,0.857997617127943,True,False,False,True,2,1,0,1,1,5,533,454,"[false, false, false]",10,2,0,Starfield Stage - 1
6659,2025-10-08T20:22:29.202211,0.009,712.5,609.5,0.856917762248288,True,False,False,True,2,1,0,1,1,5,533,454,"[false, false, false]",10,2,0,Starfield Stage - 1
6669,2025-10-08T20:22:29.211583,0.009,715.0,612.0,0.855869507976244,True,False,False,True,2,1,0,1,1,5,533,454,"[false, false, false]",10,2,0,Starfield Stage - 1
6677,2025-10-08T20:22:29.219570,0.008,717.5,614.5,0.8548514893927704,True,False,False,True,2,1,0,1,1,5,533,454,"[false, false, false]",10,2,0,Starfield Stage - 1
6685,2025-10-08T20:22:29.228273,0.009,720.0,617.0,0.8538624189472799,True,False,False,True,2,1,0,1,1,5,533,454,"[false, false, false]",10,2,0,Starfield Stage - 1
6731,2025-10-08T20:22:29.274129,0.008,722.5,619.5,0.8529010810606763,True,False,False,True,1,0,0,1,1,5,533,454,"[false, false, false]",10,2,0,Starfield Stage - 1
6733,2025-10-08T20:22:29.276139,0.04,725.0,622.0,0.8519663271732721,True,False,False,True,1,0,0,1,1,5,533,454,"[false, false, false]",10,2,0,Starfield Stage - 1
6741,2025-10-08T20:22:29.284256,0.008,727.5,624.5,0.8510570711954417,True,False,False,True,1,0,0,1,1,5,533,454,"[false, false, false]",10,2,0,Starfield Stage - 1
6750,2025-10-08T20:22:29.293055,0.009,730.0,627.0,0.8501722853233659,True,False,False,True,1,0,0,1,1,5,533,454,"[false, false, false]",10,2,0,Starfield Stage - 1
6759,2025-10-08T20:22:29.301723,0.008,732.5,629.5,0.8493109961861823,True,False,False,True,1,0,0,1,1,5,533,454,"[false, false, false]",10,2,0,Starfield Stage - 1
6768,2025-10-08T20:22:29.310495,0.009,735.0,632.0,0.8484722812943606,True,False,False,True,2,0,0,1,1,5,533,454,"[true, false, false]",10,2,0,Starfield Stage - 1
6776,2025-10-08T20:22:29.318567,0.008,737.5,634.5,0.847655265762215,True,False,False,True,2,0,0,1,1,5,533,454,"[true, false, false]",10,2,0,Starfield Stage - 1
6784,2025-10-08T20:22:29.327128,0.009,740.0,637.0,0.8468591192802143,True,False,False,True,2,0,0,1,1,5,533,454,"[true, false, false]",10,2,0,Starfield Stage - 1
6793,2025-10-08T20:22:29.335681,0.008,742.5,639.5,0.8460830533151834,True,False,False,True,2,0,0,1,1,5,533,454,"[true, false, false]",10,2,0,Starfield Stage - 1
6801,2025-10-08T20:22:29.344192,0.009,745.0,642.0,0.8453263185186561,True,False,False,True,2,0,0,1,1,5,533,454,"[true, false, false]",10,2,0,Starfield Stage - 1
6811,2025-10-08T20:22:29.353600,0.009,747.5,644.5,0.8445882023255687,True,False,False,True,2,0,0,1,1,5,533,454,"[true, false, false]",10,2,0,Starfield Stage - 1
6819,2025-10-08T20:22:29.361763,0.008,750.0,647.0,0.8438680267271995,True,False,False,True,1,0,0,1,1,5,533,454,"[true, false, false]",10,2,0,Starfield Stage - 1
6827,2025-10-08T20:22:29.369599,0.008,752.5,649.5,0.8431651462037973,True,False,False,True,1,0,0,1,1,5,533,454,"[true, false, false]",10,2,0,Starfield Stage - 1
6835,2025-10-08T20:22:29.378141,0.009,755.0,652.0,0.842478945803713,True,False,False,True,1,0,0,1,1,5,533,454,"[false, false, false]",10,2,0,Starfield Stage - 1
6844,2025-10-08T20:22:29.387113,0.009,757.5,654.5,0.8418088393570741,True,False,False,True,1,0,0,1,1,5,533,454,"[false, false, false]",10,2,0,Starfield Stage - 1
6853,2025-10-08T20:22:29.395573,0.008,760.0,657.0,0.84115426781315,True,False,False,True,1,0,0,1,1,5,533,454,"[false, false, false]",10,2,0,Starfield Stage - 1
6861,2025-10-08T20:22:29.403372,0.008,762.5,659.5,0.8405146976915356,True,False,False,True,1,0,0,1,1,5,533,454,"[false, false, false]",10,2,0,Starfield Stage - 1
6869,2025-10-08T20:22:29.411468,0.008,765.0,662.0,0.8398896196381795,True,False,False,True,1,0,0,1,1,5,533,454,"[false, false, false]",10,2,0,Starfield Stage - 1
6878,2025-10-08T20:22:29.420382,0.009,767.5,664.5,0.8392785470780723,True,False,False,True,1,0,0,1,2,5,533,454,"[false, false, false]",10,2,0,Starfield Stage - 1
6886,2025-10-08T20:22:29.429199,0.009,770.0,667.0,0.8386810149571406,True,False,False,True,1,0,0,1,2,5,533,454,"[false, false, false]",10,2,0,Starfield Stage - 1
6895,2025-10-08T20:22:29.437585,0.008,772.5,669.5,0.8380965785665356,True,False,False,True,1,0,0,1,2,5,533,454,"[false, false, false]",10,2,0,Starfield Stage - 1
6903,2025-10-08T20:22:29.445551,0.008,775.0,672.0,0.8375248124430945,True,False,False,True,1,0,0,1,2,5,533,454,"[false, false, false]",10,2,0,Starfield Stage - 1
6911,2025-10-08T20:22:29.453544,0.008,777.5,674.5,0.8369653093402846,True,False,False,True,1,0,0,1,2,5,533,454,"[false, false, false]",10,2,0,Starfield Stage - 1
6919,2025-10-08T20:22:29.461690,0.008,780.0,677.0,0.8364176792644193,True,False,False,True,1,0,0,1,2,5,533,454,"[false, false, false]",10,2,0,Starfield Stage - 1
6927,2025-10-08T20:22:29.470004,0.008,782.5,679.5,0.8358815485713696,True,False,False,True,1,0,0,1,2,5,533,454,"[false, false, false]",10,2,0,Starfield Stage - 1
6934,2025-10-08T20:22:29.477200,0.008,785.0,682.0,0.8353565591193911,True,False,False,True,2,0,0,1,2,5,533,454,"[true, false, false]",10,2,0,Starfield Stage - 1
6943,2025-10-08T20:22:29.485985,0.009,787.5,684.5,0.834842367474045,True,False,False,True,2,0,0,1,2,5,533,454,"[true, false, false]",10,2,0,Starfield Stage - 1
6953,2025-10-08T20:22:29.495510,0.009,790.0,687.0,0.8343386441615162,True,False,False,True,2,0,0,1,2,5,533,454,"[true, false, false]",10,2,0,Starfield Stage - 1
6961,2025-10-08T20:22:29.503969,0.009,792.5,689.5,0.8338450729669277,True,False,False,True,2,0,0,1,2,5,533,454,"[true, false, false]",10,2,0,Starfield Stage - 1
6971,2025-10-08T20:22:29.513518,0.009,795.0,692.0,0.833361350274525,True,False,False,True,2,0,0,1,2,5,533,454,"[true, false, false]",10,2,0,Starfield Stage - 1
6980,2025-10-08T20:22:29.522477,0.009,797.5,694.5,0.8328871844468422,True,False,False,True,2,0,0,1,2,5,533,454,"[true, false, false]",10,2,0,Starfield Stage - 1
6988,2025-10-08T20:22:29.530633,0.008,800.0,697.0,0.8324222952401945,True,False,False,True,2,0,0,1,2,5,533,454,"[true, false, false]",10,2,0,Starfield Stage - 1
6997,2025-10-08T20:22:29.539808,0.009,802.5,699.5,0.8319664132540424,True,False,False,True,2,0,0,1,2,5,533,454,"[true, false, false]",10,2,0,Starfield Stage - 1
7005,2025-10-08T20:22:29.547908,0.008,805.0,699.5,0.8365612036482268,True,False,False,False,2,0,0,1,2,5,533,454,"[true, false, false]",10,2,0,Starfield Stage - 1
7013,2025-10-08T20:22:29.556041,0.008,807.5,699.5,0.8411096838705322,True,False,False,False,2,0,0,1,2,5,533,454,"[true, false, false]",10,2,0,Starfield Stage - 1
7021,2025-10-08T20:22:29.563839,0.008,810.0,699.5,0.8456123651555274,True,False,False,False,2,0,0,1,2,5,533,454,"[false, false, false]",10,2,0,Starfield Stage - 1
7029,2025-10-08T20:22:29.571808,0.008,812.5,699.5,0.8500697559234196,True,False,False,False,2,0,0,1,2,5,533,454,"[false, false, false]",10,2,0,Starfield Stage - 1
7038,2025-10-08T20:22:29.580415,0.009,815.0,699.5,0.854482361617494,True,False,False,False,2,0,0,1,2,5,533,454,"[false, false, false]",10,2,0,Starfield Stage - 1
7046,2025-10-08T20:22:29.588524,0.008,817.5,699.5,0.8588506845522121,True,False,False,False,2,0,0,1,2,5,533,454,"[false, false, false]",10,2,0,Starfield Stage - 1
7054,2025-10-08T20:22:29.597017,0.008,820.0,699.5,0.863175223771546,True,False,False,False,2,0,0,1,2,5,533,454,"[false, false, false]",10,2,0,Starfield Stage - 1
7062,2025-10-08T20:22:29.604571,0.008,822.5,699.5,0.8674564749171301,True,False,False,False,2,0,0,1,2,5,533,454,"[false, false, false]",10,2,0,Starfield Stage - 1
7070,2025-10-08T20:22:29.612623,0.008,825.0,699.5,0.8716949301058267,True,False,False,False,2,0,0,1,2,5,533,454,"[false, false, false]",10,2,0,Starfield Stage - 1
7078,2025-10-08T20:22:29.620602,0.008,827.5,699.5,0.8758910778163088,True,False,False,False,2,0,0,1,2,5,533,454,"[false, false, false]",10,2,0,Starfield Stage - 1
7086,2025-10-08T20:22:29.628489,0.008,830.0,699.5,0.8800454027842785,True,False,False,False,2,1,0,1,2,6,533,454,"[false, false, false]",10,2,0,Starfield Stage - 1
7095,2025-10-08T20:22:29.637508,0.009,832.5,699.5,0.8841583859059448,True,False,False,False,2,1,0,1,2,6,533,454,"[false, false, false]",10,2,0,Starfield Stage - 1
7103,2025-10-08T20:22:29.645458,0.008,835.0,699.5,0.888230504149403,True,False,False,False,2,1,0,1,2,6,533,454,"[false, false, false]",10,2,0,Starfield Stage - 1
7111,2025-10-08T20:22:29.653780,0.008,837.5,699.5,0.8922622304735602,True,False,False,False,2,1,0,1,2,6,533,454,"[false, false, false]",10,2,0,Starfield Stage - 1
7119,2025-10-08T20:22:29.661970,0.008,840.0,699.5,0.8962540337542693,True,False,False,False,2,1,0,1,2,6,533,454,"[false, false, false]",10,2,0,Starfield Stage - 1
7127,2025-10-08T20:22:29.669679,0.008,842.5,699.5,0.9017763716718121,True,False,False,False,2,1,0,1,2,6,532,454,"[false, false, false]",10,2,0,Starfield Stage - 1
7136,2025-10-08T20:22:29.678494,0.009,845.0,699.5,0.9087649074698403,True,False,False,False,2,1,0,1,2,6,530,454,"[false, false, false]",10,2,0,Starfield Stage - 1
7144,2025-10-08T20:22:29.687194,0.008,847.5,699.5,0.9132185978295226,True,False,False,False,2,1,0,1,2,6,527,452,"[false, false, false]",10,2,0,Starfield Stage - 1
7152,2025-10-08T20:22:29.694459,0.008,850.0,697.0,0.9229326669088486,True,False,True,False,2,1,0,1,2,6,521,448,"[false, false, false]",10,2,0,Starfield Stage - 1
7160,2025-10-08T20:22:29.702909,0.008,852.5,694.5,0.9280046054446884,True,False,True,False,2,1,0,1,2,6,514,441,"[false, false, false]",10,2,0,Starfield Stage - 1
7169,2025-10-08T20:22:29.711382,0.009,855.0,692.0,0.9318823417910095,True,False,True,False,2,1,0,1,2,6,505,432,"[false, false, false]",10,2,0,Starfield Stage - 1
7177,2025-10-08T20:22:29.719496,0.008,857.5,689.5,0.930632246771613,True,False,True,False,2,1,0,1,2,6,497,421,"[false, false, false]",10,2,0,Starfield Stage - 1
7185,2025-10-08T20:22:29.727559,0.008,860.0,687.0,0.9294550418570187,True,False,True,False,2,1,0,1,2,6,489,410,"[false, false, false]",10,2,0,Starfield Stage - 1
7194,2025-10-08T20:22:29.736475,0.009,862.5,684.5,0.9249925216319617,True,False,True,False,2,1,0,1,3,7,481,397,"[false, false, false]",10,2,0,Starfield Stage - 1
7201,2025-10-08T20:22:29.744228,0.008,865.0,682.0,0.9179496956941223,True,False,True,False,2,1,0,1,3,7,474,383,"[false, false, false]",10,2,0,Starfield Stage - 1
7210,2025-10-08T20:22:29.752806,0.008,867.5,679.5,0.9100998384642089,True,False,True,False,2,1,0,1,3,7,468,369,"[false, false, false]",10,2,0,Starfield Stage - 1
7218,2025-10-08T20:22:29.761321,0.009,870.0,677.0,0.8987645892614762,True,False,True,False,2,1,0,1,3,7,464,354,"[false, false, false]",10,2,0,Starfield Stage - 1
7227,2025-10-08T20:22:29.769622,0.008,872.5,674.5,0.8882510959579786,True,False,True,False,2,1,0,1,3,7,461,340,"[false, false, false]",10,2,0,Starfield Stage - 1
7235,2025-10-08T20:22:29.778164,0.009,875.0,672.0,0.8770045718488946,True,False,True,False,2,1,0,1,3,7,459,326,"[false, false, false]",10,2,0,Starfield Stage - 1
7244,2025-10-08T20:22:29.786476,0.008,877.5,669.5,0.8666144698481859,True,False,True,False,2,1,0,1,3,7,459,314,"[false, false, false]",10,2,0,Starfield Stage - 1
7252,2025-10-08T20:22:29.794516,0.008,880.0,667.0,0.8567056281827387,True,False,True,False,2,1,0,1,3,7,460,303,"[false, false, false]",10,2,0,Starfield Stage - 1
7260,2025-10-08T20:22:29.803074,0.008,882.5,664.5,0.846006521970964,True,False,True,False,2,1,0,1,3,7,463,293,"[false, false, false]",10,2,0,Starfield Stage - 1
7269,2025-10-08T20:22:29.811834,0.009,882.5,662.0,0.8351365647799375,True,True,True,False,2,1,0,1,3,7,466,285,"[false, false, false]",10,2,0,Starfield Stage - 1
7278,2025-10-08T20:22:29.820615,0.009,880.0,659.5,0.8226049596257693,False,True,True,False,2,1,0,1,3,7,469,278,"[false, false, false]",10,2,0,Starfield Stage - 1
7286,2025-10-08T20:22:29.828692,0.008,877.5,657.0,0.8100923193571085,False,True,True,False,2,1,0,1,3,7,473,272,"[false, false, false]",10,2,0,Starfield Stage - 1
7294,2025-10-08T20:22:29.837024,0.009,875.0,654.5,0.8077016664363074,False,True,True,False,2,1,0,1,3,7,474,271,"[false, false, false]",10,2,0,Starfield Stage - 1
7303,2025-10-08T20:22:29.845603,0.008,872.5,652.0,0.8078446814200338,False,True,True,False,2,1,0,1,3,7,474,271,"[false, false, false]",10,2,0,Starfield Stage - 1
7311,2025-10-08T20:22:29.853874,0.008,870.0,649.5,0.8079895420134622,False,True,True,False,2,1,0,1,3,7,474,271,"[false, false, false]",10,2,0,Starfield Stage - 1
7320,2025-10-08T20:22:29.862609,0.009,867.5,647.0,0.808136284168831,False,True,True,False,2,1,0,1,3,7,474,271,"[false, false, false]",10,2,0,Starfield Stage - 1
7329,2025-10-08T20:22:29.871614,0.009,865.0,644.5,0.8121716467415828,False,True,True,False,2,1,0,1,3,7,472,272,"[false, false, false]",10,2,0,Starfield Stage - 1
7337,2025-10-08T20:22:29.879539,0.008,862.5,642.0,0.8215903842623198,False,True,True,False,2,1,0,1,3,7,469,276,"[false, false, false]",10,2,0,Starfield Stage - 1
7345,2025-10-08T20:22:29.887662,0.008,860.0,639.5,0.8378417258114152,False,True,True,False,2,1,0,1,3,7,464,283,"[false, false, false]",10,2,0,Starfield Stage - 1
7353,2025-10-08T20:22:29.895797,0.008,857.5,637.0,0.8642351007767314,False,True,True,False,2,1,0,1,3,7,458,296,"[false, false, false]",10,2,0,Starfield Stage - 1
7362,2025-10-08T20:22:29.904377,0.009,855.0,634.5,0.8974186069925607,False,True,True,False,2,1,0,1,3,7,452,313,"[false, false, false]",10,2,0,Starfield Stage - 1
7371,2025-10-08T20:22:29.913649,0.009,852.5,632.0,0.9437489273233645,False,True,True,False,2,1,0,1,3,7,444,336,"[false, false, false]",10,2,0,Starfield Stage - 1
7380,2025-10-08T20:22:29.922719,0.009,852.5,629.5,1.000493476255535,True,True,True,False,2,1,0,1,3,7,437,363,"[false, false, false]",10,2,0,Starfield Stage - 1
7389,2025-10-08T20:22:29.931444,0.009,855.0,627.0,1.0694827169775103,True,False,True,False,2,1,0,1,3,7,428,393,"[false, false, false]",10,2,0,Starfield Stage - 1
7397,2025-10-08T20:22:29.939716,0.008,857.5,624.5,1.1446832369148294,True,False,True,False,2,1,0,1,3,7,418,425,"[false, false, false]",10,2,0,Starfield Stage - 1
7406,2025-10-08T20:22:29.948870,0.009,860.0,622.0,1.2227360551453321,True,False,True,False,2,1,0,1,3,7,408,458,"[false, false, false]",10,2,0,Starfield Stage - 1
7414,2025-10-08T20:22:29.956788,0.008,862.5,619.5,1.3637741088563469,True,False,True,False,2,1,0,1,3,7,384,519,"[false, false, false]",10,2,0,Starfield Stage - 1
7422,2025-10-08T20:22:29.965049,0.009,865.0,617.0,1.4277635543371856,True,False,True,False,2,1,0,1,3,7,372,546,"[false, false, false]",10,2,0,Starfield Stage - 1
7431,2025-10-08T20:22:29.974181,0.009,867.5,617.0,1.4784489023382634,True,False,False,False,2,1,0,1,3,7,360,570,"[false, false, false]",10,2,0,Starfield Stage - 1
7440,2025-10-08T20:22:29.982548,0.008,870.0,617.0,1.5171051765874157,True,False,False,False,2,1,0,1,3,7,349,589,"[false, false, false]",10,2,0,Starfield Stage - 1
7448,2025-10-08T20:22:29.990584,0.008,872.5,617.0,1.548264929093974,True,False,False,False,2,1,0,1,3,7,340,605,"[false, false, false]",10,2,0,Starfield Stage - 1
7457,2025-10-08T20:22:29.999655,0.009,875.0,617.0,1.568951310438246,True,False,False,False,3,1,0,1,3,7,333,616,"[true, false, false]",10,2,0,Starfield Stage - 1
7465,2025-10-08T20:22:30.007682,0.008,877.5,617.0,1.581734814847858,True,False,False,False,3,1,0,1,3,7,329,623,"[true, false, false]",10,2,0,Starfield Stage - 1
7474,2025-10-08T20:22:30.016656,0.009,880.0,617.0,1.5888775387457623,True,False,False,False,3,1,0,1,3,7,327,627,"[true, false, false]",10,2,0,Starfield Stage - 1
7482,2025-10-08T20:22:30.024370,0.008,882.5,617.0,1.5905957193612894,True,False,False,False,3,1,0,1,3,7,327,628,"[true, false, false]",10,2,0,Starfield Stage - 1
7490,2025-10-08T20:22:30.032449,0.008,885.0,617.0,1.592259935377059,True,False,False,False,3,1,0,1,3,7,326,629,"[true, false, false]",10,2,0,Starfield Stage - 1
7498,2025-10-08T20:22:30.040384,0.008,887.5,617.0,1.5921644008217049,True,False,False,False,3,1,0,1,3,7,326,629,"[true, false, false]",10,2,0,Starfield Stage - 1
7507,2025-10-08T20:22:30.049598,0.009,890.0,617.0,1.5920697128189578,True,False,False,False,3,1,0,1,3,7,326,629,"[true, false, false]",10,2,0,Starfield Stage - 1
7515,2025-10-08T20:22:30.057959,0.009,892.5,617.0,1.591975860167896,True,False,False,False,3,1,0,1,3,7,326,629,"[true, false, false]",10,2,0,Starfield Stage - 1
7524,2025-10-08T20:22:30.066530,0.008,895.0,617.0,1.5918828318643028,True,False,False,False,3,1,0,1,3,7,326,629,"[true, false, false]",10,2,0,Starfield Stage - 1
7532,2025-10-08T20:22:30.074782,0.008,897.5,617.0,1.5917906170963692,True,False,False,False,3,1,0,1,3,7,326,629,"[true, false, false]",10,2,0,Starfield Stage - 1
7541,2025-10-08T20:22:30.083787,0.009,900.0,617.0,1.5899577444150832,True,False,False,False,3,1,0,1,3,7,326,628,"[false, false, false]",10,2,0,Starfield Stage - 1
7550,2025-10-08T20:22:30.092829,0.009,902.5,617.0,1.5846722791763894,True,False,False,False,3,1,0,1,3,7,326,625,"[false, false, false]",10,2,0,Starfield Stage - 1
7558,2025-10-08T20:22:30.100681,0.008,905.0,617.0,1.5638998844065481,True,False,False,False,3,1,0,1,3,7,325,613,"[false, false, false]",10,2,0,Starfield Stage - 1
7567,2025-10-08T20:22:30.109727,0.009,907.5,617.0,1.550233672705178,True,False,False,False,3,1,0,1,3,7,324,605,"[false, false, false]",10,2,0,Starfield Stage - 1
7576,2025-10-08T20:22:30.118470,0.009,910.0,617.0,1.5367958293224755,True,False,False,False,3,1,0,1,3,7,322,597,"[false, false, false]",10,2,0,Starfield Stage - 1
7583,2025-10-08T20:22:30.126329,0.008,912.5,617.0,1.5251813295842576,True,False,False,False,3,1,0,1,3,7,321,590,"[false, false, false]",10,2,0,Starfield Stage - 1
7592,2025-10-08T20:22:30.134388,0.008,915.0,617.0,1.5153909054174766,True,False,False,False,3,1,0,1,3,7,320,584,"[false, false, false]",10,2,0,Starfield Stage - 1
7600,2025-10-08T20:22:30.142638,0.008,917.5,617.0,1.5090536843854778,True,False,False,False,3,1,0,1,3,7,319,580,"[false, false, false]",10,2,0,Starfield Stage - 1
7609,2025-10-08T20:22:30.151470,0.009,920.0,617.0,1.504338599241705,True,False,False,False,3,1,0,1,3,7,319,577,"[false, false, false]",10,2,0,Starfield Stage - 1
7618,2025-10-08T20:22:30.160623,0.009,922.5,617.0,1.5013143222360916,True,False,False,False,3,1,0,1,3,7,319,575,"[false, false, false]",10,2,0,Starfield Stage - 1
7627,2025-10-08T20:22:30.169452,0.009,925.0,617.0,1.4999579601339872,True,False,False,False,3,1,0,1,3,7,319,574,"[false, false, false]",10,2,0,Starfield Stage - 1
7635,2025-10-08T20:22:30.177814,0.008,927.5,617.0,1.5002480302823546,True,False,False,False,3,1,0,1,3,7,319,574,"[false, false, false]",10,2,0,Starfield Stage - 1
7644,2025-10-08T20:22:30.186744,0.009,930.0,617.0,1.5005357384446592,True,False,False,False,3,1,0,1,3,7,319,574,"[false, false, false]",10,2,0,Starfield Stage - 1
7652,2025-10-08T20:22:30.194684,0.008,932.5,617.0,1.5008211133066685,True,False,False,False,4,1,0,1,3,7,319,574,"[true, false, false]",10,2,0,Starfield Stage - 1
7661,2025-10-08T20:22:30.203781,0.009,935.0,617.0,1.5011041830922693,True,False,False,False,4,1,0,1,3,7,319,574,"[true, false, false]",10,2,0,Starfield Stage - 1
7669,2025-10-08T20:22:30.211623,0.008,937.5,617.0,1.5013849755727111,True,False,False,False,4,1,0,1,3,7,319,574,"[true, false, false]",10,2,0,Starfield Stage - 1
7677,2025-10-08T20:22:30.219615,0.008,940.0,617.0,1.501663518075629,True,False,False,False,4,1,0,1,3,7,319,574,"[true, false, false]",10,2,0,Starfield Stage - 1
7684,2025-10-08T20:22:30.227029,0.008,942.5,617.0,1.501939837493852,True,False,False,False,4,1,0,1,3,7,319,574,"[true, false, false]",10,2,0,Starfield Stage - 1
7693,2025-10-08T20:22:30.235623,0.008,945.0,617.0,1.5022139602940034,True,False,False,False,4,1,0,1,3,7,319,574,"[true, false, false]",10,2,0,Starfield Stage - 1
7701,2025-10-08T20:22:30.243879,0.008,947.5,617.0,1.5024859125248968,True,False,False,False,4,1,0,2,3,7,319,574,"[true, false, false]",10,2,0,Starfield Stage - 1
7710,2025-10-08T20:22:30.252521,0.009,950.0,617.0,1.5027557198257355,True,False,False,False,3,1,0,2,3,7,319,574,"[true, false, false]",10,2,0,Starfield Stage - 1
7719,2025-10-08T20:22:30.261659,0.009,952.5,617.0,1.5030234074341207,True,False,False,False,3,1,0,2,3,7,319,574,"[true, false, false]",10,2,0,Starfield Stage - 1
7728,2025-10-08T20:22:30.270423,0.009,955.0,617.0,1.50328900019387,True,False,False,False,3,1,0,2,3,7,319,574,"[false, false, false]",10,2,0,Starfield Stage - 1
7737,2025-10-08T20:22:30.279514,0.009,957.5,617.0,1.503552522562658,True,False,False,False,3,1,0,2,3,7,319,574,"[false, false, false]",10,2,0,Starfield Stage - 1
7745,2025-10-08T20:22:30.287721,0.008,960.0,617.0,1.5038139986194776,True,False,False,False,3,1,0,2,3,7,319,574,"[false, false, false]",10,2,0,Starfield Stage - 1
7753,2025-10-08T20:22:30.296202,0.009,962.5,617.0,1.504073452071929,True,False,False,False,3,1,0,2,3,7,319,574,"[false, false, false]",10,2,0,Starfield Stage - 1
7763,2025-10-08T20:22:30.305563,0.009,965.0,617.0,1.504330906263343,True,False,False,False,3,1,0,2,3,7,319,574,"[false, false, false]",10,2,0,Starfield Stage - 1
7771,2025-10-08T20:22:30.313678,0.008,967.5,617.0,1.5045863841797391,True,False,False,False,3,1,0,2,3,7,319,574,"[false, false, false]",10,2,0,Starfield Stage - 1
7779,2025-10-08T20:22:30.321695,0.008,970.0,617.0,1.503310638554352,True,False,False,False,3,1,0,2,3,7,319,573,"[false, false, false]",10,2,0,Starfield Stage - 1
7787,2025-10-08T20:22:30.329963,0.008,972.5,617.0,1.5033622741711463,True,False,False,False,3,1,0,2,3,7,321,573,"[false, false, false]",10,2,0,Starfield Stage - 1
7796,2025-10-08T20:22:30.338538,0.009,975.0,617.0,1.5019923943866402,True,False,False,False,3,1,0,2,3,7,322,572,"[false, false, false]",10,2,0,Starfield Stage - 1
7804,2025-10-08T20:22:30.346683,0.008,977.5,617.0,1.5006290504611097,True,False,False,False,3,1,0,2,3,7,323,571,"[false, false, false]",10,2,0,Starfield Stage - 1
7812,2025-10-08T20:22:30.354720,0.008,980.0,617.0,1.500895178693926,True,False,False,False,3,1,0,2,3,7,323,571,"[false, false, false]",10,2,0,Starfield Stage - 1
7821,2025-10-08T20:22:30.363845,0.009,982.5,617.0,1.5011592990807494,True,False,False,False,3,1,0,2,3,7,323,571,"[false, false, false]",10,2,0,Starfield Stage - 1
7829,2025-10-08T20:22:30.371783,0.008,985.0,617.0,1.5014214342225096,True,False,False,False,4,1,0,2,3,7,323,571,"[true, false, false]",10,2,0,Starfield Stage - 1
7838,2025-10-08T20:22:30.380669,0.009,987.5,617.0,1.5016816063827423,True,False,False,False,4,1,0,2,3,7,323,571,"[true, false, false]",10,2,0,Starfield Stage - 1
7847,2025-10-08T20:22:30.389424,0.009,990.0,617.0,1.501939837493852,True,False,False,False,4,1,0,2,3,7,323,571,"[true, false, false]",10,2,0,Starfield Stage - 1
7855,2025-10-08T20:22:30.397419,0.008,992.5,617.0,1.5021961491632358,True,False,False,False,4,1,0,2,3,7,323,571,"[true, false, false]",10,2,0,Starfield Stage - 1
7863,2025-10-08T20:22:30.406112,0.009,995.0,617.0,1.5024505626792726,True,False,False,False,4,1,0,2,3,7,323,571,"[true, false, false]",10,2,0,Starfield Stage - 1
7910,2025-10-08T20:22:30.452987,0.009,997.5,617.0,1.5027030990171777,True,False,False,False,3,1,0,2,3,7,323,571,"[true, false, false]",20,2,0,Starfield Stage - 1
7912,2025-10-08T20:22:30.455101,0.039,1000.0,617.0,1.5029537788447342,True,False,False,False,3,1,0,2,4,7,323,571,"[true, false, false]",20,2,0,Starfield Stage - 1
7921,2025-10-08T20:22:30.463833,0.009,1002.5,617.0,1.503202622527894,True,False,False,False,3,1,0,2,4,7,323,571,"[false, false, false]",20,2,0,Starfield Stage - 1
7929,2025-10-08T20:22:30.471899,0.008,1005.0,617.0,1.5034496501362604,True,False,False,False,3,1,0,2,4,7,323,571,"[false, false, false]",20,2,0,Starfield Stage - 1
7938,2025-10-08T20:22:30.481111,0.009,1007.5,617.0,1.5036948814484499,True,False,False,False,3,1,0,2,4,6,323,571,"[false, false, false]",20,2,0,Starfield Stage - 1
7946,2025-10-08T20:22:30.488835,0.008,1007.5,617.0,1.5036948814484499,True,True,False,False,3,1,0,2,4,6,323,571,"[false, false, false]",20,2,0,Starfield Stage - 1
7953,2025-10-08T20:22:30.496008,0.008,1007.5,617.0,1.5036948814484499,True,True,False,False,3,1,0,2,4,6,323,571,"[false, false, false]",20,2,0,Starfield Stage - 1
7963,2025-10-08T20:22:30.505645,0.009,1007.5,617.0,1.5036948814484499,True,True,False,False,3,1,0,2,4,6,323,571,"[false, false, false]",20,2,0,Starfield Stage - 1
7971,2025-10-08T20:22:30.513648,0.008,1007.5,617.0,1.5036948814484499,True,True,False,False,2,1,0,2,4,6,323,571,"[false, false, false]",20,2,0,Starfield Stage - 1
7979,2025-10-08T20:22:30.521793,0.008,1007.5,617.0,1.5036948814484499,True,True,False,False,2,1,0,2,4,6,323,571,"[false, false, false]",20,2,0,Starfield Stage - 1
7987,2025-10-08T20:22:30.529758,0.008,1007.5,617.0,1.5036948814484499,True,True,False,False,2,1,0,2,4,6,323,571,"[false, false, false]",20,2,0,Starfield Stage - 1
7995,2025-10-08T20:22:30.538252,0.009,1007.5,617.0,1.5036948814484499,True,True,False,False,2,1,0,2,4,6,323,571,"[false, false, false]",20,2,0,Starfield Stage - 1
8005,2025-10-08T20:22:30.547405,0.009,1007.5,617.0,1.5036948814484499,True,True,False,False,2,1,0,2,4,6,323,571,"[false, false, false]",20,2,0,Starfield Stage - 1
8013,2025-10-08T20:22:30.555791,0.008,1007.5,617.0,1.5036948814484499,True,True,False,False,2,1,0,2,4,6,323,571,"[false, false, false]",20,2,0,Starfield Stage - 1
8022,2025-10-08T20:22:30.565031,0.009,1005.0,617.0,1.5034496501362604,False,True,False,False,3,1,0,2,4,6,323,571,"[true, false, false]",20,2,0,Starfield Stage - 1
8030,2025-10-08T20:22:30.572993,0.009,1002.5,617.0,1.503202622527894,False,True,False,False,3,1,0,2,4,6,323,571,"[true, false, false]",20,2,0,Starfield Stage - 1
8039,2025-10-08T20:22:30.581377,0.008,1000.0,617.0,1.5029537788447342,False,True,False,False,3,1,0,2,4,6,323,571,"[true, false, false]",20,2,0,Starfield Stage - 1
8049,2025-10-08T20:22:30.591356,0.01,997.5,617.0,1.5027030990171777,False,True,False,False,3,1,0,2,4,6,323,571,"[true, false, false]",20,2,0,Starfield Stage - 1
8058,2025-10-08T20:22:30.600399,0.009,995.0,617.0,1.5024505626792726,False,True,False,False,3,1,0,2,4,6,323,571,"[true, false, false]",20,2,0,Starfield Stage - 1
8067,2025-10-08T20:22:30.609361,0.009,992.5,617.0,1.5021961491632358,False,True,False,False,3,1,0,2,4,6,323,571,"[true, false, false]",20,2,0,Starfield Stage - 1
8075,2025-10-08T20:22:30.617433,0.008,990.0,617.0,1.501939837493852,False,True,False,False,3,1,0,2,4,6,323,571,"[true, false, false]",20,2,0,Starfield Stage - 1
8119,2025-10-08T20:22:30.662203,0.009,987.5,617.0,1.5016816063827423,False,True,False,False,2,0,0,2,4,6,323,571,"[true, false, false]",20,2,0,Starfield Stage - 1
8124,2025-10-08T20:22:30.666399,0.04,985.0,617.0,1.5014214342225096,False,True,False,False,2,1,0,2,3,6,323,571,"[true, false, false]",20,2,0,Starfield Stage - 1
8132,2025-10-08T20:22:30.674721,0.008,982.5,617.0,1.5011592990807494,False,True,False,False,2,1,0,2,3,6,323,571,"[false, false, false]",20,2,0,Starfield Stage - 1
8140,2025-10-08T20:22:30.682890,0.008,980.0,617.0,1.500895178693926,False,True,False,False,2,1,0,2,3,6,323,571,"[false, false, false]",20,2,0,Starfield Stage - 1
8147,2025-10-08T20:22:30.690102,0.008,977.5,617.0,1.5006290504611097,False,True,False,False,2,1,0,2,3,6,323,571,"[false, false, false]",20,2,0,Starfield Stage - 1
8156,2025-10-08T20:22:30.698428,0.008,975.0,617.0,1.5003608914375737,False,True,False,False,2,1,0,2,3,6,323,571,"[false, false, false]",20,2,0,Starfield Stage - 1
8164,2025-10-08T20:22:30.706406,0.008,972.5,617.0,1.5000906783282406,False,True,False,False,2,1,0,2,3,6,323,571,"[false, false, false]",20,2,0,Starfield Stage - 1
8172,2025-10-08T20:22:30.714634,0.008,970.0,617.0,1.499818387480983,False,True,False,False,2,1,0,2,3,6,323,571,"[false, false, false]",20,2,0,Starfield Stage - 1
8180,2025-10-08T20:22:30.722997,0.008,967.5,617.0,1.4995439948797677,False,True,False,False,2,1,0,2,3,6,323,571,"[false, false, false]",20,2,0,Starfield Stage - 1
8189,2025-10-08T20:22:30.731697,0.009,965.0,617.0,1.4992674761376419,False,True,False,False,3,1,0,2,3,6,323,571,"[true, false, false]",20,2,0,Starfield Stage - 1
8197,2025-10-08T20:22:30.739540,0.008,962.5,614.5,1.5028790563240804,False,True,True,False,3,1,0,2,3,6,323,571,"[true, false, false]",20,2,0,Starfield Stage - 1
8206,2025-10-08T20:22:30.748496,0.009,960.0,612.0,1.5065207809281262,False,True,True,False,3,1,0,2,3,6,323,571,"[true, false, false]",20,2,0,Starfield Stage - 1
8214,2025-10-08T20:22:30.756919,0.009,957.5,609.5,1.5101929311236861,False,True,True,False,3,1,0,2,3,6,323,571,"[true, false, false]",20,2,0,Starfield Stage - 1
8223,2025-10-08T20:22:30.765470,0.008,955.0,607.0,1.5138957895200615,False,True,True,False,3,1,0,2,3,6,323,571,"[true, false, false]",20,2,0,Starfield Stage - 1
8231,2025-10-08T20:22:30.773544,0.008,952.5,604.5,1.517629640104313,False,True,True,False,3,1,0,3,3,6,323,571,"[true, false, false]",20,2,0,Starfield Stage - 1
8239,2025-10-08T20:22:30.781478,0.008,950.0,602.0,1.5213947681803048,False,True,True,False,3,1,0,3,3,6,323,571,"[true, false, false]",20,2,0,Starfield Stage - 1
8248,2025-10-08T20:22:30.790488,0.009,947.5,599.5,1.5251914603043148,False,True,True,False,3,1,0,3,3,6,323,571,"[true, false, false]",20,2,0,Starfield Stage - 1
8256,2025-10-08T20:22:30.798553,0.008,945.0,597.0,1.5290200042171003,False,True,True,False,3,1,0,3,3,6,323,571,"[true, false, false]",20,2,0,Starfield Stage - 1
8264,2025-10-08T20:22:30.806600,0.008,942.5,594.5,1.5328806887722979,False,True,True,False,3,1,0,3,3,6,323,571,"[true, false, false]",20,2,0,Starfield Stage - 1
8272,2025-10-08T20:22:30.814920,0.008,940.0,592.0,1.5367738038610457,False,True,True,False,3,1,0,3,3,6,323,571,"[true, false, false]",20,2,0,Starfield Stage - 1
8280,2025-10-08T20:22:30.823188,0.009,937.5,589.5,1.540699640332702,False,True,True,False,3,1,0,3,3,6,323,571,"[false, false, false]",20,2,0,Starfield Stage - 1
8290,2025-10-08T20:22:30.832991,0.01,935.0,587.0,1.5446584899115434,False,True,True,False,3,1,0,3,3,6,323,571,"[false, false, false]",20,2,0,Starfield Stage - 1
8300,2025-10-08T20:22:30.842904,0.01,932.5,584.5,1.5486506451093152,False,True,True,False,3,1,0,3,3,6,323,571,"[false, false, false]",20,2,0,Starfield Stage - 1
8309,2025-10-08T20:22:30.851377,0.008,930.0,582.0,1.5526763991335129,False,True,True,False,3,1,0,3,3,6,323,571,"[false, false, false]",20,2,0,Starfield Stage - 1
8318,2025-10-08T20:22:30.860412,0.009,927.5,579.5,1.5567360457912645,False,True,True,False,3,1,0,3,3,6,323,571,"[false, false, false]",20,2,0,Starfield Stage - 1
8326,2025-10-08T20:22:30.869322,0.009,925.0,577.0,1.5608298793886894,False,True,True,False,3,1,0,3,3,6,323,571,"[false, false, false]",20,2,0,Starfield Stage - 1
8337,2025-10-08T20:22:30.880120,0.011,922.5,574.5,1.5649581946256035,False,True,True,False,3,1,0,3,3,6,323,571,"[false, false, false]",20,2,0,Starfield Stage - 1
8347,2025-10-08T20:22:30.889378,0.009,920.0,572.0,1.5691212864854385,False,True,True,False,3,1,0,3,3,6,323,571,"[false, false, false]",20,2,0,Starfield Stage - 1
8356,2025-10-08T20:22:30.898794,0.009,917.5,569.5,1.5733194501202508,False,True,True,False,3,1,0,3,3,6,323,571,"[false, false, false]",20,2,0,Starfield Stage - 1
8365,2025-10-08T20:22:30.907531,0.009,915.0,567.0,1.5775529807306818,False,True,True,False,3,1,0,3,3,6,323,571,"[false, false, false]",20,2,0,Starfield Stage - 1
8375,2025-10-08T20:22:30.918046,0.011,912.5,564.5,1.5818221734407452,False,True,True,False,3,1,0,3,3,6,323,571,"[false, false, false]",20,2,0,Starfield Stage - 1
8385,2025-10-08T20:22:30.928228,0.01,910.0,562.0,1.5861534811674294,False,True,True,False,4,1,0,3,3,6,324,571,"[true, false, false]",20,2,0,Starfield Stage - 1
8395,2025-10-08T20:22:30.937755,0.009,907.5,559.5,1.5905024302416158,False,True,True,False,4,1,0,3,3,6,324,571,"[true, false, false]",20,2,0,Starfield Stage - 1
8405,2025-10-08T20:22:30.947949,0.011,905.0,557.0,1.594971236244374,False,True,True,False,4,1,0,3,3,6,326,571,"[true, false, false]",20,2,0,Starfield Stage - 1
8415,2025-10-08T20:22:30.957718,0.009,902.5,554.5,1.6029312208774074,False,True,True,False,4,1,0,3,3,6,327,573,"[true, false, false]",20,2,0,Starfield Stage - 1
8423,2025-10-08T20:22:30.966176,0.008,900.0,552.0,1.6164587643751793,False,True,True,False,4,1,0,3,3,6,331,578,"[true, false, false]",20,2,0,Starfield Stage - 1
8433,2025-10-08T20:22:30.976094,0.01,897.5,552.0,1.6202696281819844,False,True,False,False,4,1,0,3,3,6,332,580,"[true, false, false]",20,2,0,Starfield Stage - 1
8441,2025-10-08T20:22:30.984128,0.009,895.0,552.0,1.622260612068587,False,True,False,False,4,1,0,3,3,6,332,581,"[true, false, false]",20,2,0,Starfield Stage - 1
8451,2025-10-08T20:22:30.993986,0.01,892.5,552.0,1.6242689429256374,False,True,False,False,4,1,0,3,3,6,332,582,"[true, false, false]",20,2,0,Starfield Stage - 1
8459,2025-10-08T20:22:31.002192,0.008,890.0,552.0,1.6245080560981293,False,True,False,False,4,1,0,3,3,6,332,582,"[true, false, false]",20,2,0,Starfield Stage - 1
8469,2025-10-08T20:22:31.011656,0.009,887.5,552.0,1.62474931527336,False,True,False,False,4,1,0,3,3,6,332,582,"[false, false, false]",20,2,0,Starfield Stage - 1
8478,2025-10-08T20:22:31.021217,0.01,885.0,552.0,1.624992749443139,False,True,False,False,4,1,0,3,3,6,332,582,"[false, false, false]",20,2,0,Starfield Stage - 1
8486,2025-10-08T20:22:31.029003,0.008,882.5,552.0,1.6255361068447773,False,True,False,False,4,1,0,3,3,6,335,582,"[false, false, false]",20,2,0,Starfield Stage - 1
8497,2025-10-08T20:22:31.039394,0.009,880.0,552.0,1.6242508900734527,False,True,False,False,4,1,0,3,3,6,338,581,"[false, false, false]",20,2,0,Starfield Stage - 1
8505,2025-10-08T20:22:31.047427,0.009,877.5,552.0,1.6194016065080172,False,True,False,False,4,1,0,3,3,6,343,578,"[false, false, false]",20,2,0,Starfield Stage - 1
8514,2025-10-08T20:22:31.056954,0.009,875.0,552.0,1.6107750139181867,False,True,False,False,4,1,0,3,3,6,350,573,"[false, false, false]",20,2,0,Starfield Stage - 1
8522,2025-10-08T20:22:31.064925,0.008,872.5,552.0,1.596058201454424,False,True,False,False,4,1,0,3,3,6,358,565,"[false, false, false]",20,2,0,Starfield Stage - 1
8530,2025-10-08T20:22:31.072466,0.008,870.0,552.0,1.5747803694607496,False,True,False,False,4,1,0,3,3,6,368,554,"[false, false, false]",20,2,0,Starfield Stage - 1
8539,2025-10-08T20:22:31.081394,0.009,867.5,552.0,1.548328198209071,False,True,False,False,4,1,0,3,3,6,378,541,"[false, false, false]",20,2,0,Starfield Stage - 1
8548,2025-10-08T20:22:31.090679,0.009,865.0,552.0,1.5182132651839548,False,True,False,False,4,1,0,3,3,6,390,527,"[false, false, false]",20,2,0,Starfield Stage - 1
8557,2025-10-08T20:22:31.099764,0.009,862.5,552.0,1.4796459069149634,False,True,False,False,4,1,0,3,3,6,403,510,"[false, false, false]",20,2,0,Starfield Stage - 1
8565,2025-10-08T20:22:31.107750,0.008,860.0,549.5,1.441432330033267,False,True,True,False,4,1,0,3,3,6,418,492,"[false, false, false]",20,2,0,Starfield Stage - 1
8573,2025-10-08T20:22:31.115971,0.008,857.5,547.0,1.393229487604781,False,True,True,False,4,1,0,3,2,6,434,471,"[false, false, false]",20,2,0,Starfield Stage - 1
8581,2025-10-08T20:22:31.124184,0.009,855.0,544.5,1.336328225515423,False,True,True,False,4,1,0,3,2,6,451,448,"[false, false, false]",20,2,0,Starfield Stage - 1
8591,2025-10-08T20:22:31.134011,0.009,852.5,542.0,1.2737563163948449,False,True,True,False,4,1,0,3,2,6,467,424,"[false, false, false]",20,2,0,Starfield Stage - 1
8599,2025-10-08T20:22:31.141709,0.008,850.0,539.5,1.1303329687795527,False,True,True,False,4,1,0,3,2,6,501,375,"[false, false, false]",20,2,0,Starfield Stage - 1
8607,2025-10-08T20:22:31.149754,0.008,847.5,537.0,1.0558964715282222,False,True,True,False,4,1,0,3,2,6,517,350,"[false, false, false]",20,2,0,Starfield Stage - 1
8615,2025-10-08T20:22:31.157981,0.008,845.0,534.5,0.9824263463351279,False,True,True,False,4,1,0,3,2,6,531,325,"[false, false, false]",20,2,0,Starfield Stage - 1
8624,2025-10-08T20:22:31.167289,0.009,845.0,532.0,0.915741110328123,False,False,True,False,4,1,0,3,2,6,543,300,"[false, false, false]",20,2,0,Starfield Stage - 1
8631,2025-10-08T20:22:31.174186,0.008,845.0,529.5,0.8595060116145739,False,False,True,False,4,1,0,3,2,6,552,277,"[false, false, false]",20,2,0,Starfield Stage - 1
8640,2025-10-08T20:22:31.182862,0.008,845.0,527.0,0.8177609609822932,False,False,True,False,4,1,0,3,2,6,558,258,"[false, false, false]",20,2,0,Starfield Stage - 1
8649,2025-10-08T20:22:31.191559,0.009,847.5,524.5,0.7960172332541126,True,False,True,False,5,1,0,3,2,6,562,245,"[true, false, false]",20,2,0,Starfield Stage - 1
8658,2025-10-08T20:22:31.200408,0.009,850.0,522.0,0.7889069209279869,True,False,True,False,5,1,0,3,2,6,564,238,"[true, false, false]",20,2,0,Starfield Stage - 1
8667,2025-10-08T20:22:31.209659,0.009,852.5,522.0,0.7845293538853806,True,False,False,False,5,1,0,3,2,6,565,234,"[true, false, false]",20,2,0,Starfield Stage - 1
8674,2025-10-08T20:22:31.216855,0.008,855.0,522.0,0.7871252773969167,True,False,False,False,5,1,0,3,2,6,565,233,"[true, false, false]",20,2,0,Starfield Stage - 1
8684,2025-10-08T20:22:31.226652,0.009,857.5,522.0,0.7896899825394595,True,False,False,False,5,1,0,3,2,6,565,232,"[true, false, false]",20,2,0,Starfield Stage - 1
8692,2025-10-08T20:22:31.234954,0.008,860.0,522.0,0.7939449638300597,True,False,False,False,5,1,0,3,2,6,565,232,"[true, false, false]",20,2,0,Starfield Stage - 1
8701,2025-10-08T20:22:31.243462,0.009,862.5,522.0,0.798163427424104,True,False,False,False,5,1,0,3,2,6,565,232,"[true, false, false]",20,2,0,Starfield Stage - 1
8709,2025-10-08T20:22:31.252039,0.009,865.0,522.0,0.8023456932038532,True,False,False,False,5,1,0,3,2,6,565,232,"[true, false, false]",20,2,0,Starfield Stage - 1
8718,2025-10-08T20:22:31.261161,0.009,867.5,522.0,0.8064920806510028,True,False,False,False,5,1,0,3,2,6,565,232,"[true, false, false]",20,2,0,Starfield Stage - 1
8727,2025-10-08T20:22:31.269523,0.008,870.0,522.0,0.81060290872439,True,False,False,False,5,1,0,3,2,6,565,232,"[false, false, false]",20,2,0,Starfield Stage - 1
8734,2025-10-08T20:22:31.277157,0.008,872.5,522.0,0.8146784957432264,True,False,False,False,5,1,0,3,2,6,565,232,"[false, false, false]",20,2,0,Starfield Stage - 1
8743,2025-10-08T20:22:31.286035,0.009,875.0,522.0,0.8187191592756955,True,False,False,False,5,1,0,3,2,6,565,232,"[false, false, false]",20,2,0,Starfield Stage - 1
8753,2025-10-08T20:22:31.295596,0.009,877.5,522.0,0.8227252160327646,True,False,False,False,5,1,0,3,2,7,565,232,"[false, false, false]",20,2,0,Starfield Stage - 1
8761,2025-10-08T20:22:31.303601,0.008,880.0,522.0,0.8266969817670544,True,False,False,False,5,1,0,3,2,7,565,232,"[false, false, false]",20,2,0,Starfield Stage - 1
8770,2025-10-08T20:22:31.313103,0.009,882.5,522.0,0.8306347711766164,True,False,False,False,5,1,0,3,2,7,565,232,"[false, false, false]",20,2,0,Starfield Stage - 1
8778,2025-10-08T20:22:31.320418,0.008,885.0,524.5,0.8302659901822039,True,False,False,True,5,1,0,3,2,7,565,232,"[false, false, false]",20,2,0,Starfield Stage - 1
8786,2025-10-08T20:22:31.328456,0.008,887.5,527.0,0.8345125417963959,True,False,False,True,5,1,0,3,2,7,562,232,"[false, false, false]",20,2,0,Starfield Stage - 1
8795,2025-10-08T20:22:31.338197,0.009,890.0,529.5,0.8401487914344846,True,False,False,True,5,1,0,3,2,7,558,232,"[false, false, false]",20,2,0,Starfield Stage - 1
8802,2025-10-08T20:22:31.345198,0.008,892.5,532.0,0.8487432150239075,True,False,False,True,5,1,0,3,2,7,553,233,"[false, false, false]",20,2,0,Starfield Stage - 1
8811,2025-10-08T20:22:31.354010,0.009,895.0,534.5,0.8615804320940453,True,False,False,True,5,1,0,3,2,7,546,235,"[false, false, false]",20,2,0,Starfield Stage - 1
8820,2025-10-08T20:22:31.362646,0.008,897.5,537.0,0.8753744302507631,True,False,False,True,5,1,0,3,2,7,538,237,"[false, false, false]",20,2,0,Starfield Stage - 1
8828,2025-10-08T20:22:31.370420,0.008,900.0,539.5,0.8903139778420038,True,False,False,True,5,1,0,3,2,7,530,240,"[false, false, false]",20,2,0,Starfield Stage - 1
8836,2025-10-08T20:22:31.378875,0.008,902.5,542.0,0.9063959434453202,True,False,False,True,5,1,0,3,2,7,522,244,"[false, false, false]",20,2,0,Starfield Stage - 1
8845,2025-10-08T20:22:31.387822,0.009,905.0,544.5,0.9219967144983848,True,False,False,True,5,1,0,3,2,7,514,248,"[true, false, false]",20,2,0,Starfield Stage - 1
8853,2025-10-08T20:22:31.395537,0.008,907.5,547.0,0.9387497009356532,True,False,False,True,5,1,0,3,2,7,506,253,"[true, false, false]",20,2,0,Starfield Stage - 1
8862,2025-10-08T20:22:31.405317,0.009,910.0,549.5,0.9543640576677437,True,False,False,True,5,1,0,3,2,7,500,259,"[true, false, false]",20,2,0,Starfield Stage - 1
8870,2025-10-08T20:22:31.412761,0.008,910.0,552.0,0.987191715781889,False,False,False,True,5,1,0,3,2,7,489,274,"[true, false, false]",20,2,0,Starfield Stage - 1
8878,2025-10-08T20:22:31.420785,0.008,910.0,554.5,0.9995780577850479,False,False,False,True,5,1,0,3,2,7,486,282,"[true, false, false]",20,2,0,Starfield Stage - 1
8887,2025-10-08T20:22:31.429688,0.009,910.0,557.0,1.013037523966159,False,False,False,True,5,1,0,3,2,7,482,290,"[true, false, false]",20,2,0,Starfield Stage - 1
8895,2025-10-08T20:22:31.437623,0.008,910.0,559.5,1.0210249481701565,False,False,False,True,5,1,0,3,2,7,480,296,"[true, false, false]",20,2,0,Starfield Stage - 1
8903,2025-10-08T20:22:31.445446,0.008,910.0,562.0,1.0290162831461167,False,False,False,True,5,1,0,3,2,7,478,302,"[true, false, false]",20,2,0,Starfield Stage - 1
8912,2025-10-08T20:22:31.454637,0.009,910.0,564.5,1.0308864238982398,False,False,False,True,5,1,0,3,2,7,477,305,"[true, false, false]",20,2,0,Starfield Stage - 1
8920,2025-10-08T20:22:31.463201,0.009,910.0,567.0,1.0300372679635088,False,False,False,True,5,1,0,3,2,7,477,307,"[false, false, false]",20,2,0,Starfield Stage - 1
8929,2025-10-08T20:22:31.471612,0.008,910.0,569.5,1.0285152615736537,False,False,False,True,5,1,0,3,2,7,476,308,"[false, false, false]",20,2,0,Starfield Stage - 1
8938,2025-10-08T20:22:31.480442,0.009,910.0,572.0,1.0259834786500188,False,False,False,True,4,1,0,3,2,7,476,309,"[false, false, false]",20,2,0,Starfield Stage - 1
8945,2025-10-08T20:22:31.488162,0.008,910.0,574.5,1.0217810496983617,False,False,False,True,4,1,0,3,2,7,476,309,"[false, false, false]",20,2,0,Starfield Stage - 1
8990,2025-10-08T20:22:31.532865,0.009,910.0,577.0,1.0192699120208484,False,False,False,True,3,1,0,3,2,7,476,310,"[false, false, false]",30,2,0,Starfield Stage - 1
8997,2025-10-08T20:22:31.539918,0.041,910.0,579.5,1.0151018689306837,False,False,False,True,3,1,0,3,2,7,476,310,"[false, false, false]",30,2,0,Starfield Stage - 1
9003,2025-10-08T20:22:31.546153,0.008,907.5,582.0,1.005974775785957,False,True,False,True,3,1,0,3,2,7,483,313,"[false, false, false]",30,2,0,Starfield Stage - 1
9012,2025-10-08T20:22:31.554892,0.009,905.0,584.5,0.9996989862374367,False,True,False,True,3,1,0,3,2,7,484,314,"[false, false, false]",30,2,0,Starfield Stage - 1
9021,2025-10-08T20:22:31.564021,0.009,902.5,587.0,0.9916897910358502,False,True,False,True,3,1,0,3,2,7,485,314,"[false, false, false]",30,2,0,Starfield Stage - 1
9031,2025-10-08T20:22:31.573751,0.009,900.0,589.5,0.9853062807741733,False,True,False,True,4,1,0,3,2,7,486,315,"[true, false, false]",30,2,0,Starfield Stage - 1
9039,2025-10-08T20:22:31.581712,0.008,897.5,592.0,0.9783207309933902,False,True,False,True,4,1,0,3,2,7,486,315,"[true, false, false]",30,2,0,Starfield Stage - 1
9047,2025-10-08T20:22:31.589712,0.008,895.0,594.5,0.9701752118698177,False,True,False,True,4,1,0,3,2,7,487,315,"[true, false, false]",30,2,0,Starfield Stage - 1
9054,2025-10-08T20:22:31.597144,0.008,892.5,597.0,0.9631388550142147,False,True,False,True,4,1,0,3,2,7,487,315,"[true, false, false]",30,2,0,Starfield Stage - 1
9062,2025-10-08T20:22:31.605282,0.008,890.0,599.5,0.9565729996978674,False,True,False,True,4,1,0,3,2,7,488,316,"[true, false, false]",30,2,0,Starfield Stage - 1
9072,2025-10-08T20:22:31.614769,0.009,887.5,602.0,0.9487643115057243,False,True,False,True,4,1,0,3,2,7,490,317,"[true, false, false]",30,2,0,Starfield Stage - 1
9081,2025-10-08T20:22:31.624218,0.009,885.0,604.5,0.940866254017208,False,True,False,True,4,1,0,3,2,7,492,318,"[true, false, false]",30,2,0,Starfield Stage - 1
9090,2025-10-08T20:22:31.633030,0.009,882.5,607.0,0.9328782865424575,False,True,False,True,4,1,0,3,2,7,494,319,"[true, false, false]",30,2,0,Starfield Stage - 1
9098,2025-10-08T20:22:31.640487,0.008,880.0,609.5,0.925209715289984,False,True,False,True,4,1,0,3,2,7,497,321,"[false, false, false]",30,2,0,Starfield Stage - 1
9107,2025-10-08T20:22:31.649539,0.009,877.5,612.0,0.9144592226761166,False,True,False,True,4,1,0,3,2,7,501,322,"[false, false, false]",30,2,0,Starfield Stage - 1
9115,2025-10-08T20:22:31.657659,0.008,875.0,614.5,0.9038703235772493,False,True,False,True,4,1,0,3,2,7,506,324,"[false, false, false]",30,2,0,Starfield Stage - 1
9123,2025-10-08T20:22:31.665855,0.008,872.5,617.0,0.889995872807882,False,True,False,True,4,1,0,3,2,7,512,325,"[false, false, false]",30,2,0,Starfield Stage - 1
9131,2025-10-08T20:22:31.673989,0.008,870.0,619.5,0.8757786819785581,False,True,False,True,4,1,0,3,2,7,518,326,"[false, false, false]",30,2,0,Starfield Stage - 1
9139,2025-10-08T20:22:31.681865,0.008,867.5,622.0,0.859770539176466,False,True,False,True,4,1,0,3,2,7,525,327,"[false, false, false]",30,2,0,Starfield Stage - 1
9148,2025-10-08T20:22:31.690389,0.009,865.0,624.5,0.8433158414034914,False,True,False,True,4,1,0,3,2,7,532,328,"[false, false, false]",30,2,0,Starfield Stage - 1
9156,2025-10-08T20:22:31.698986,0.008,862.5,627.0,0.8262735389372993,False,True,False,True,3,1,0,3,2,7,538,328,"[false, false, false]",30,2,0,Starfield Stage - 1
9163,2025-10-08T20:22:31.705973,0.008,860.0,629.5,0.8088756302963664,False,True,False,True,3,1,0,3,2,7,544,328,"[false, false, false]",30,2,0,Starfield Stage - 1
9172,2025-10-08T20:22:31.714589,0.008,857.5,632.0,0.7927449699874206,False,True,False,True,3,1,0,3,2,7,549,328,"[false, false, false]",30,2,0,Starfield Stage - 1
9181,2025-10-08T20:22:31.723587,0.009,855.0,634.5,0.7763150110564664,False,True,False,True,3,1,0,3,2,7,555,329,"[false, false, false]",30,2,0,Starfield Stage - 1
9189,2025-10-08T20:22:31.731988,0.008,852.5,637.0,0.7629206840359762,False,True,False,True,3,1,0,3,2,7,559,330,"[false, false, false]",30,2,0,Starfield Stage - 1
9197,2025-10-08T20:22:31.739771,0.008,850.0,639.5,0.7527737596771417,False,True,False,True,3,1,0,3,2,7,561,331,"[false, false, false]",30,2,0,Starfield Stage - 1
9206,2025-10-08T20:22:31.748525,0.009,847.5,642.0,0.7425312521719564,False,True,False,True,3,2,0,3,2,7,563,332,"[false, false, false]",30,2,0,Starfield Stage - 1
9214,2025-10-08T20:22:31.757278,0.009,845.0,644.5,0.7323729369762705,False,True,False,True,4,2,0,3,2,7,564,332,"[true, false, false]",30,2,0,Starfield Stage - 1
9223,2025-10-08T20:22:31.765611,0.008,842.5,647.0,0.722191331499988,False,True,False,True,4,2,0,3,2,7,565,332,"[true, false, false]",30,2,0,Starfield Stage - 1
9231,2025-10-08T20:22:31.773940,0.008,840.0,649.5,0.713790848546182,False,True,False,True,4,2,0,3,2,7,565,332,"[true, false, false]",30,2,0,Starfield Stage - 1
9239,2025-10-08T20:22:31.781751,0.008,837.5,652.0,0.705400476865049,False,True,False,True,4,2,0,3,2,7,565,332,"[true, false, false]",30,2,0,Starfield Stage - 1
9247,2025-10-08T20:22:31.789813,0.008,835.0,654.5,0.6970213772525995,False,True,False,True,3,2,0,3,2,7,565,332,"[true, false, false]",30,2,0,Starfield Stage - 1
9290,2025-10-08T20:22:31.832775,0.008,832.5,657.0,0.6886547010585086,False,True,False,True,2,2,0,3,2,7,565,332,"[true, false, false]",50,2,0,Starfield Stage - 1
9295,2025-10-08T20:22:31.837584,0.04,830.0,659.5,0.6803015892655188,False,True,False,True,2,2,0,3,2,7,565,332,"[true, false, false]",50,2,0,Starfield Stage - 1
9303,2025-10-08T20:22:31.846211,0.009,827.5,659.5,0.6738093233389846,False,True,False,False,2,2,0,3,2,7,566,332,"[false, false, false]",50,2,0,Starfield Stage - 1
9313,2025-10-08T20:22:31.855976,0.009,825.0,659.5,0.6691303783157416,False,True,False,False,2,2,0,3,2,7,566,332,"[false, false, false]",50,2,0,Starfield Stage - 1
9321,2025-10-08T20:22:31.863868,0.008,822.5,659.5,0.6625212083149178,False,True,False,False,2,2,0,3,2,7,567,332,"[false, false, false]",50,2,0,Starfield Stage - 1
9329,2025-10-08T20:22:31.871918,0.008,820.0,659.5,0.6553995273531581,False,True,False,False,2,2,0,3,2,7,569,333,"[false, false, false]",50,2,0,Starfield Stage - 1
9337,2025-10-08T20:22:31.879851,0.008,817.5,659.5,0.648154516301618,False,True,False,False,2,2,0,3,2,7,571,334,"[false, false, false]",50,2,0,Starfield Stage - 1
9346,2025-10-08T20:22:31.888627,0.009,815.0,659.5,0.6388005001687854,False,True,False,False,2,2,0,3,2,7,574,335,"[false, false, false]",50,2,0,Starfield Stage - 1
9354,2025-10-08T20:22:31.896675,0.008,812.5,659.5,0.6332846688423943,False,True,False,False,2,2,0,3,2,7,575,336,"[false, false, false]",50,2,0,Starfield Stage - 1
9362,2025-10-08T20:22:31.905259,0.009,810.0,659.5,0.6256548387433704,False,True,False,False,2,2,0,3,2,7,577,337,"[false, false, false]",50,2,0,Starfield Stage - 1
9371,2025-10-08T20:22:31.913739,0.008,807.5,659.5,0.6199551952320472,False,True,False,False,2,2,0,3,2,7,578,338,"[false, false, false]",50,2,0,Starfield Stage - 1
9379,2025-10-08T20:22:31.921613,0.008,805.0,659.5,0.6127063662195937,False,True,False,False,2,2,0,3,2,7,579,338,"[false, false, false]",50,2,0,Starfield Stage - 1
9387,2025-10-08T20:22:31.929832,0.008,802.5,659.5,0.6068414694917348,False,True,False,False,2,2,0,3,2,7,580,339,"[false, false, false]",50,2,0,Starfield Stage - 1
9432,2025-10-08T20:22:31.975219,0.009,800.0,659.5,0.6008912560966364,False,True,False,False,1,2,0,3,2,7,581,340,"[false, false, false]",70,2,0,Starfield Stage - 1
9438,2025-10-08T20:22:31.980774,0.042,797.5,659.5,0.5970048810609565,False,True,False,False,1,2,0,3,2,7,581,341,"[true, false, false]",70,2,0,Starfield Stage - 1
9446,2025-10-08T20:22:31.989015,0.008,795.0,659.5,0.5998758860166871,False,True,False,False,1,2,0,3,2,7,584,351,"[true, false, false]",70,2,0,Starfield Stage - 1
9454,2025-10-08T20:22:31.997059,0.009,792.5,659.5,0.5958411888011348,False,True,False,False,1,2,0,3,2,7,584,352,"[true, false, false]",70,2,0,Starfield Stage - 1
9463,2025-10-08T20:22:32.005802,0.008,790.0,659.5,0.5902506327318037,False,True,False,False,1,2,0,3,2,7,584,352,"[true, false, false]",70,2,0,Starfield Stage - 1
9472,2025-10-08T20:22:32.014396,0.009,787.5,659.5,0.5846178853711771,False,True,False,False,1,2,0,3,2,7,584,352,"[false, false, false]",70,2,0,Starfield Stage - 1
9480,2025-10-08T20:22:32.022647,0.008,785.0,659.5,0.578942828779634,False,True,False,False,1,2,0,3,2,7,584,352,"[false, false, false]",70,2,0,Starfield Stage - 1
9489,2025-10-08T20:22:32.031739,0.009,782.5,659.5,0.5732253541400752,False,True,False,False,1,2,0,3,2,7,584,352,"[false, false, false]",70,2,0,Starfield Stage - 1
9497,2025-10-08T20:22:32.040236,0.009,780.0,659.5,0.5674653620955482,False,True,False,False,1,2,0,3,2,7,584,352,"[false, false, false]",70,2,0,Starfield Stage - 1
9506,2025-10-08T20:22:32.048746,0.008,777.5,659.5,0.5593297754035644,False,True,False,False,1,2,0,3,2,7,585,352,"[false, false, false]",70,2,0,Starfield Stage - 1
9554,2025-10-08T20:22:32.096969,0.009,775.0,659.5,0.5534673955870928,False,True,False,False,0,2,0,3,2,7,585,352,"[false, false, false]",90,2,0,Starfield Stage - 1
9560,2025-10-08T20:22:32.102343,0.045,772.5,659.5,0.5466335694242149,False,True,False,False,0,2,0,3,2,7,586,353,"[false, false, false]",90,2,0,Starfield Stage - 1
9569,2025-10-08T20:22:32.112003,0.008,770.0,659.5,0.5372847143007717,False,True,False,False,0,2,0,3,2,7,588,354,"[false, false, false]",90,2,0,Starfield Stage - 1
9576,2025-10-08T20:22:32.118472,0.008,767.5,659.5,0.5326564344848685,False,True,False,False,1,2,0,3,2,7,588,355,"[true, false, false]",90,2,0,Starfield Stage - 1
9584,2025-10-08T20:22:32.126966,0.009,765.0,659.5,0.5294094240144995,False,True,False,False,1,2,0,3,2,7,588,357,"[true, false, false]",90,2,0,Starfield Stage - 1
9593,2025-10-08T20:22:32.136015,0.008,762.5,659.5,0.5290112650566421,False,True,False,False,1,2,0,3,2,7,588,361,"[true, false, false]",90,2,0,Starfield Stage - 1
9637,2025-10-08T20:22:32.179438,0.009,760.0,659.5,0.5376591559639803,False,True,False,False,0,1,0,3,2,7,585,366,"[true, false, false]",110,2,0,Starfield Stage - 1
9643,2025-10-08T20:22:32.186081,0.039,757.5,659.5,0.5490399763827205,False,True,False,False,0,1,0,3,2,7,581,371,"[true, false, false]",110,2,0,Starfield Stage - 1
9650,2025-10-08T20:22:32.193043,0.009,757.5,659.5,0.7400684118469042,True,True,False,False,0,1,0,3,2,7,526,406,"[false, false, false]",110,2,0,Starfield Stage - 1
9659,2025-10-08T20:22:32.201576,0.009,757.5,659.5,0.7935115756280179,True,True,False,False,0,1,0,3,2,7,509,415,"[false, false, false]",110,2,0,Starfield Stage - 1
9667,2025-10-08T20:22:32.209579,0.008,757.5,659.5,0.8494387284586431,True,True,False,False,0,1,0,3,2,7,492,426,"[false, false, false]",110,2,0,Starfield Stage - 1
9676,2025-10-08T20:22:32.218662,0.009,760.0,659.5,0.9151846072489178,True,False,False,False,0,1,0,3,2,7,472,438,"[false, false, false]",110,2,0,Starfield Stage - 1
9686,2025-10-08T20:22:32.228465,0.009,762.5,659.5,0.9816797244508172,True,False,False,False,0,1,0,3,2,7,452,452,"[false, false, false]",110,2,0,Starfield Stage - 1
9692,2025-10-08T20:22:32.234958,0.008,765.0,659.5,1.0980217607355098,True,False,False,False,0,1,0,3,2,7,416,481,"[false, false, false]",110,2,0,Starfield Stage - 1
9701,2025-10-08T20:22:32.243592,0.008,767.5,659.5,1.100909434038445,True,False,False,False,0,1,0,3,2,7,416,481,"[false, false, false]",110,2,0,Starfield Stage - 1
9710,2025-10-08T20:22:32.252781,0.009,770.0,659.5,1.1777105583552638,True,False,False,False,0,1,0,3,2,7,395,504,"[false, false, false]",110,2,0,Starfield Stage - 1
9719,2025-10-08T20:22:32.261556,0.009,772.5,659.5,1.2050247707604305,True,False,False,False,0,1,0,3,2,7,390,513,"[false, false, false]",110,2,0,Starfield Stage - 1
9727,2025-10-08T20:22:32.269954,0.009,775.0,659.5,1.2248290541821003,True,False,False,False,0,1,0,3,2,7,388,520,"[false, false, false]",110,2,0,Starfield Stage - 1
9736,2025-10-08T20:22:32.279125,0.008,777.5,659.5,1.2383017499087958,True,False,False,False,0,1,0,3,2,7,388,525,"[false, false, false]",110,2,0,Starfield Stage - 1
9744,2025-10-08T20:22:32.287076,0.009,780.0,659.5,1.2509651558377721,True,False,False,False,1,1,0,3,2,7,389,530,"[true, false, false]",110,2,0,Starfield Stage - 1
9753,2025-10-08T20:22:32.295714,0.008,782.5,659.5,1.2605837219157139,True,False,False,False,1,1,0,3,2,7,391,534,"[true, false, false]",110,2,0,Starfield Stage - 1
9762,2025-10-08T20:22:32.304652,0.009,785.0,659.5,1.2695141378956833,True,False,False,False,1,1,0,3,2,7,394,538,"[true, false, false]",110,2,0,Starfield Stage - 1
9770,2025-10-08T20:22:32.313225,0.009,787.5,659.5,1.2792223677012797,True,False,False,False,1,1,0,3,2,7,396,542,"[true, false, false]",110,2,0,Starfield Stage - 1
9779,2025-10-08T20:22:32.321747,0.008,790.0,659.5,1.2835683336099486,True,False,False,False,1,1,0,3,2,7,399,544,"[true, false, false]",110,2,0,Starfield Stage - 1
9787,2025-10-08T20:22:32.330149,0.008,792.5,659.5,1.289302864562763,True,False,False,False,1,1,0,3,2,7,400,546,"[true, false, false]",110,2,0,Starfield Stage - 1
9795,2025-10-08T20:22:32.337597,0.008,795.0,659.5,1.2926642842816785,True,False,False,False,1,1,0,3,2,7,401,547,"[true, false, false]",110,2,0,Starfield Stage - 1
9804,2025-10-08T20:22:32.346458,0.009,797.5,659.5,1.2943296935654989,True,False,False,False,1,1,0,3,2,7,401,547,"[true, false, false]",110,2,0,Starfield Stage - 1
9813,2025-10-08T20:22:32.355463,0.009,800.0,659.5,1.298298989941331,True,False,False,False,1,1,0,3,2,7,401,548,"[true, false, false]",110,2,0,Starfield Stage - 1
9822,2025-10-08T20:22:32.364420,0.009,802.5,659.5,1.2999137066574282,True,False,False,False,1,1,0,3,2,7,401,548,"[true, false, false]",110,2,0,Starfield Stage - 1
9830,2025-10-08T20:22:32.372790,0.008,805.0,659.5,1.3015098619285392,True,False,False,False,1,1,0,3,2,7,401,548,"[false, false, false]",110,2,0,Starfield Stage - 1
9838,2025-10-08T20:22:32.380406,0.008,807.5,659.5,1.303087765981465,True,False,False,False,1,1,0,3,2,7,401,548,"[false, false, false]",110,2,0,Starfield Stage - 1
9847,2025-10-08T20:22:32.389633,0.009,810.0,659.5,1.3046477223524053,True,False,False,False,1,1,0,3,2,7,401,548,"[false, false, false]",110,2,0,Starfield Stage - 1
9855,2025-10-08T20:22:32.397478,0.008,812.5,659.5,1.307845276588636,True,False,False,False,1,1,0,3,2,7,402,549,"[false, false, false]",110,2,0,Starfield Stage - 1
9863,2025-10-08T20:22:32.405367,0.008,815.0,659.5,1.3132934110611363,True,False,False,False,1,1,0,3,2,7,403,551,"[false, false, false]",110,2,0,Starfield Stage - 1
9871,2025-10-08T20:22:32.413490,0.008,817.5,659.5,1.3204061528359454,True,False,False,False,1,1,0,3,2,7,405,554,"[false, false, false]",110,2,0,Starfield Stage - 1
9880,2025-10-08T20:22:32.422645,0.009,820.0,659.5,1.3320943287440368,True,False,False,False,1,1,0,3,2,7,407,559,"[false, false, false]",110,2,0,Starfield Stage - 1
9889,2025-10-08T20:22:32.432105,0.01,822.5,659.5,1.343820862706111,True,False,False,False,1,1,0,3,2,7,409,564,"[false, false, false]",110,2,0,Starfield Stage - 1
9899,2025-10-08T20:22:32.441511,0.009,825.0,659.5,1.3601979205300065,True,False,False,False,1,1,0,3,2,7,411,571,"[false, false, false]",110,2,0,Starfield Stage - 1
9908,2025-10-08T20:22:32.450533,0.008,827.5,659.5,1.3771061691620692,True,False,False,False,1,1,0,3,2,7,412,578,"[false, false, false]",110,2,0,Starfield Stage - 1
9915,2025-10-08T20:22:32.457878,0.008,830.0,659.5,1.3916815351837948,True,False,False,False,1,1,0,3,2,7,413,584,"[false, false, false]",110,2,0,Starfield Stage - 1
9924,2025-10-08T20:22:32.466559,0.009,832.5,659.5,1.4035121449580985,True,False,False,False,1,1,0,3,2,7,415,589,"[false, false, false]",110,2,0,Starfield Stage - 1
9933,2025-10-08T20:22:32.475371,0.009,835.0,659.5,1.4180573283855247,True,False,False,False,1,1,0,3,2,7,416,595,"[false, false, false]",110,2,0,Starfield Stage - 1
9942,2025-10-08T20:22:32.484453,0.009,837.5,659.5,1.4279006040806588,True,False,False,False,2,1,0,3,2,7,417,599,"[true, false, false]",110,2,0,Starfield Stage - 1
9950,2025-10-08T20:22:32.493195,0.009,840.0,659.5,1.4519733765565783,True,False,False,False,2,1,0,3,2,7,417,609,"[true, false, false]",110,2,0,Starfield Stage - 1
9959,2025-10-08T20:22:32.501876,0.008,842.5,659.5,1.4619450892096626,True,False,False,False,2,1,0,3,2,7,417,613,"[true, false, false]",110,2,0,Starfield Stage - 1
9967,2025-10-08T20:22:32.510011,0.008,845.0,659.5,1.4718217169916015,True,False,False,False,2,1,0,3,2,7,417,617,"[true, false, false]",110,2,0,Starfield Stage - 1
9976,2025-10-08T20:22:32.518437,0.009,847.5,659.5,1.4792987434550198,True,False,False,False,2,1,0,3,2,7,417,620,"[true, false, false]",110,2,0,Starfield Stage - 1
9984,2025-10-08T20:22:32.526900,0.008,850.0,659.5,1.484406802137055,True,False,False,False,2,1,0,3,2,7,417,622,"[true, false, false]",110,2,0,Starfield Stage - 1
9992,2025-10-08T20:22:32.535153,0.009,852.5,657.0,1.4906012943272569,True,False,True,False,2,1,0,3,2,7,417,622,"[true, false, false]",110,2,0,Starfield Stage - 1
10037,2025-10-08T20:22:32.580263,0.008,855.0,654.5,1.4990021256158224,True,False,True,False,1,1,0,3,2,7,417,623,"[true, false, false]",120,2,0,Starfield Stage - 1
10041,2025-10-08T20:22:32.584192,0.041,857.5,652.0,1.5050569129235132,True,False,True,False,1,1,0,3,2,7,417,623,"[true, false, false]",120,2,0,Starfield Stage - 1
10050,2025-10-08T20:22:32.593193,0.009,860.0,649.5,1.5110481127410464,True,False,True,False,1,1,0,3,2,7,417,623,"[false, false, false]",120,2,0,Starfield Stage - 1
10059,2025-10-08T20:22:32.601570,0.008,862.5,647.0,1.5169762981527135,True,False,True,False,1,1,0,3,2,7,417,623,"[false, false, false]",120,2,0,Starfield Stage - 1
10067,2025-10-08T20:22:32.609547,0.008,865.0,644.5,1.5228420479689162,True,False,True,False,1,1,0,3,2,7,417,623,"[false, false, false]",120,2,0,Starfield Stage - 1
10075,2025-10-08T20:22:32.618320,0.009,867.5,642.0,1.528645946059594,True,False,True,False,1,1,0,3,2,7,417,623,"[false, false, false]",120,2,0,Starfield Stage - 1
10084,2025-10-08T20:22:32.627076,0.009,870.0,639.5,1.536517723754756,True,False,True,False,1,1,0,3,2,7,418,624,"[false, false, false]",120,2,0,Starfield Stage - 1
10093,2025-10-08T20:22:32.635982,0.008,872.5,637.0,1.542201262907342,True,False,True,False,1,1,0,3,2,7,418,624,"[false, false, false]",120,2,0,Starfield Stage - 1
10101,2025-10-08T20:22:32.643420,0.008,875.0,634.5,1.5499660067586796,True,False,True,False,1,1,0,3,2,7,419,625,"[false, false, false]",120,2,0,Starfield Stage - 1
10110,2025-10-08T20:22:32.652646,0.009,877.5,632.0,1.5555303372481168,True,False,True,False,1,1,0,3,2,7,419,625,"[false, false, false]",120,2,0,Starfield Stage - 1
10119,2025-10-08T20:22:32.661601,0.009,880.0,629.5,1.5610352485278276,True,False,True,False,2,1,0,3,2,7,419,625,"[true, false, false]",120,2,0,Starfield Stage - 1
10127,2025-10-08T20:22:32.669601,0.008,882.5,627.0,1.5664813589688922,True,False,True,False,2,1,0,3,2,7,419,625,"[true, false, false]",120,2,0,Starfield Stage - 1
10135,2025-10-08T20:22:32.677750,0.008,885.0,624.5,1.57186928775654,True,False,True,False,2,1,0,3,2,7,419,625,"[true, false, false]",120,2,0,Starfield Stage - 1
10142,2025-10-08T20:22:32.685204,0.008,887.5,622.0,1.5771996544305062,True,False,True,False,2,1,0,3,2,7,419,625,"[true, false, false]",120,2,0,Starfield Stage - 1
10152,2025-10-08T20:22:32.694446,0.009,890.0,619.5,1.5824730784490175,True,False,True,False,2,1,0,3,2,7,419,625,"[true, false, false]",120,2,0,Starfield Stage - 1
10160,2025-10-08T20:22:32.703101,0.009,892.5,617.0,1.587690178775663,True,False,True,False,2,1,0,3,2,7,419,625,"[true, false, false]",120,2,0,Starfield Stage - 1
10170,2025-10-08T20:22:32.712642,0.009,895.0,614.5,1.5928515734884114,True,False,True,False,2,1,0,3,2,7,419,625,"[true, false, false]",120,2,0,Starfield Stage - 1
10178,2025-10-08T20:22:32.720462,0.008,897.5,612.0,1.5979578794100382,True,False,True,False,2,1,0,3,2,7,419,625,"[true, false, false]",120,2,0,Starfield Stage - 1
10187,2025-10-08T20:22:32.729728,0.009,900.0,609.5,1.6030097117592221,True,False,True,False,2,1,0,3,2,7,419,625,"[true, false, false]",120,2,0,Starfield Stage - 1
10195,2025-10-08T20:22:32.738166,0.009,902.5,607.0,1.6080076838215918,True,False,True,False,2,1,0,3,2,7,419,625,"[true, false, false]",120,2,0,Starfield Stage - 1
10206,2025-10-08T20:22:32.748512,0.009,905.0,604.5,1.6129524066399983,True,False,True,False,2,1,0,3,2,7,419,625,"[true, false, false]",120,2,0,Starfield Stage - 1
10249,2025-10-08T20:22:32.792218,0.008,907.5,602.0,1.6178444887233054,True,False,True,False,1,0,0,3,2,7,419,625,"[false, false, false]",120,2,0,Starfield Stage - 1
10254,2025-10-08T20:22:32.797066,0.041,910.0,599.5,1.6226845357729995,True,False,True,False,1,0,0,3,2,7,419,625,"[false, false, false]",120,2,0,Starfield Stage - 1
10262,2025-10-08T20:22:32.805159,0.009,912.5,597.0,1.6277032818135098,True,False,True,False,1,0,0,3,2,7,421,625,"[false, false, false]",120,2,0,Starfield Stage - 1
10271,2025-10-08T20:22:32.813730,0.008,915.0,594.5,1.6327089679002003,True,False,True,False,1,0,0,3,2,7,423,625,"[false, false, false]",120,2,0,Starfield Stage - 1
10279,2025-10-08T20:22:32.821664,0.008,917.5,592.0,1.6377013950792323,True,False,True,False,1,0,0,3,2,7,425,625,"[false, false, false]",120,2,0,Starfield Stage - 1
10287,2025-10-08T20:22:32.830237,0.009,920.0,589.5,1.640521172946108,True,False,True,False,1,1,0,3,2,7,426,624,"[false, false, false]",120,2,0,Starfield Stage - 1
10296,2025-10-08T20:22:32.839045,0.008,922.5,587.0,1.6434689294015112,True,False,True,False,1,1,0,3,2,7,428,623,"[false, false, false]",120,2,0,Starfield Stage - 1
10304,2025-10-08T20:22:32.847109,0.008,925.0,584.5,1.6481067209743883,True,False,True,False,1,1,0,3,2,7,428,623,"[false, false, false]",120,2,0,Starfield Stage - 1
10312,2025-10-08T20:22:32.854820,0.008,927.5,582.0,1.6526948087017421,True,False,True,False,2,1,0,3,2,7,428,623,"[true, false, false]",120,2,0,Starfield Stage - 1
10320,2025-10-08T20:22:32.863009,0.009,930.0,579.5,1.6572337972602402,True,False,True,False,2,1,0,3,2,7,428,623,"[true, false, false]",120,2,0,Starfield Stage - 1
10329,2025-10-08T20:22:32.871744,0.008,932.5,577.0,1.6617242865475261,True,False,True,False,2,1,0,3,2,7,428,623,"[true, false, false]",120,2,0,Starfield Stage - 1
10337,2025-10-08T20:22:32.879708,0.008,935.0,574.5,1.6661668715346059,True,False,True,False,2,1,0,3,2,7,428,623,"[true, false, false]",120,2,0,Starfield Stage - 1
10344,2025-10-08T20:22:32.887224,0.008,937.5,572.0,1.6705621421306809,True,False,True,False,2,1,0,3,2,7,428,623,"[true, false, false]",120,2,0,Starfield Stage - 1
10354,2025-10-08T20:22:32.896369,0.009,940.0,569.5,1.6749106830598361,True,False,True,False,2,1,0,3,2,7,428,623,"[true, false, false]",120,2,0,Starfield Stage - 1
10363,2025-10-08T20:22:32.905397,0.009,942.5,567.0,1.6792130737490212,True,False,True,False,2,1,0,3,2,7,428,623,"[true, false, false]",120,2,0,Starfield Stage - 1
10372,2025-10-08T20:22:32.914697,0.009,945.0,567.0,1.6786928839266395,True,False,False,False,2,1,0,3,2,7,428,623,"[true, false, false]",120,2,0,Starfield Stage - 1
10380,2025-10-08T20:22:32.922902,0.008,947.5,567.0,1.6781776429590491,True,False,False,False,2,1,0,3,2,7,428,623,"[true, false, false]",120,2,0,Starfield Stage - 1
10389,2025-10-08T20:22:32.931621,0.009,950.0,567.0,1.6776672808284885,True,False,False,False,2,1,0,3,3,7,428,623,"[true, false, false]",120,2,0,Starfield Stage - 1
10398,2025-10-08T20:22:32.940401,0.009,952.5,567.0,1.677161728826781,True,False,False,False,2,1,0,3,3,7,428,623,"[true, false, false]",120,2,0,Starfield Stage - 1
10407,2025-10-08T20:22:32.949641,0.009,955.0,567.0,1.6766609195249789,True,False,False,False,2,1,0,3,3,7,428,623,"[true, false, false]",120,2,0,Starfield Stage - 1
10415,2025-10-08T20:22:32.957654,0.008,957.5,567.0,1.6761647867438423,True,False,False,False,2,1,0,3,3,7,428,623,"[true, false, false]",120,2,0,Starfield Stage - 1
10423,2025-10-08T20:22:32.966129,0.009,960.0,567.0,1.6756732655251305,True,False,False,False,2,1,0,3,3,7,428,623,"[true, false, false]",120,2,0,Starfield Stage - 1
10432,2025-10-08T20:22:32.974377,0.008,962.5,567.0,1.6751862921036782,True,False,False,False,2,1,0,3,3,7,428,623,"[false, false, false]",120,2,0,Starfield Stage - 1
10440,2025-10-08T20:22:32.982482,0.008,965.0,567.0,1.6747038038802302,True,False,False,False,2,1,0,3,3,7,428,623,"[false, false, false]",120,2,0,Starfield Stage - 1
10449,2025-10-08T20:22:32.991879,0.009,967.5,567.0,1.6742257393950133,True,False,False,False,2,1,0,3,3,7,428,623,"[false, false, false]",120,2,0,Starfield Stage - 1
10456,2025-10-08T20:22:32.999116,0.008,967.5,567.0,1.6742257393950133,False,False,False,False,2,1,0,3,3,7,428,623,"[false, false, false]",120,2,0,Starfield Stage - 1
10465,2025-10-08T20:22:33.007429,0.008,967.5,567.0,1.6742257393950133,False,False,False,False,2,1,0,3,3,7,428,623,"[false, false, false]",120,2,0,Starfield Stage - 1
10474,2025-10-08T20:22:33.016638,0.009,967.5,567.0,1.6742257393950133,False,False,False,False,2,1,0,3,3,7,428,623,"[false, false, false]",120,2,0,Starfield Stage - 1
10482,2025-10-08T20:22:33.025009,0.009,967.5,567.0,1.6742257393950133,False,False,False,False,2,1,0,3,3,7,428,623,"[false, false, false]",120,2,0,Starfield Stage - 1
10492,2025-10-08T20:22:33.034705,0.009,967.5,567.0,1.6742257393950133,False,False,False,False,2,1,0,3,3,7,428,623,"[false, false, false]",120,2,0,Starfield Stage - 1
10500,2025-10-08T20:22:33.042397,0.008,967.5,567.0,1.6742257393950133,False,False,False,False,2,1,0,3,3,7,428,623,"[false, false, false]",120,2,0,Starfield Stage - 1
