frame,timestamp,dt,ship_centerx,ship_centery,ship_angle,moving_right,moving_left,moving_up,moving_down,bullets_count,aliens_count,cargoes_count,alien_bullets_count,hearts_count,shields_count,mouse_x,mouse_y,mouse_buttons,score,ships_left,current_region_index,region_name
6542,2025-10-10T11:20:16.250083,0.008,600.0,672.0,-0.012657551834051962,False,False,False,False,0,0,0,0,0,0,603,435,"[false, false, false]",0,2,0,Starfield Stage - 1
6549,2025-10-10T11:20:16.257301,0.008,600.0,672.0,-0.012657551834051962,False,False,False,False,0,0,0,0,0,0,603,435,"[false, false, false]",0,2,0,Starfield Stage - 1
6557,2025-10-10T11:20:16.265138,0.008,600.0,672.0,-0.012657551834051962,False,False,False,False,0,0,0,0,0,0,603,435,"[false, false, false]",0,2,0,Starfield Stage - 1
6565,2025-10-10T11:20:16.273364,0.008,600.0,672.0,-0.012657551834051962,False,False,False,False,0,0,0,0,0,0,603,435,"[false, false, false]",0,2,0,Starfield Stage - 1
6573,2025-10-10T11:20:16.281481,0.008,600.0,672.0,-0.012657551834051962,False,False,False,False,0,0,0,0,0,0,603,435,"[false, false, false]",0,2,0,Starfield Stage - 1
6581,2025-10-10T11:20:16.289522,0.009,600.0,672.0,-0.012657551834051962,False,False,False,False,0,0,0,0,0,0,603,435,"[false, false, false]",0,2,0,Starfield Stage - 1
6591,2025-10-10T11:20:16.299076,0.009,600.0,672.0,-0.012657551834051962,False,False,False,False,0,0,0,0,0,0,603,435,"[false, false, false]",0,2,0,Starfield Stage - 1
6600,2025-10-10T11:20:16.308333,0.009,600.0,672.0,-0.012657551834051962,False,False,False,False,0,0,0,0,0,0,603,435,"[false, false, false]",0,2,0,Starfield Stage - 1
6608,2025-10-10T11:20:16.316445,0.008,600.0,672.0,-0.012657551834051962,False,False,False,False,0,0,0,0,0,0,603,435,"[false, false, false]",0,2,0,Starfield Stage - 1
6616,2025-10-10T11:20:16.324403,0.008,600.0,672.0,-0.012657551834051962,False,False,False,False,0,0,0,0,0,0,603,435,"[false, false, false]",0,2,0,Starfield Stage - 1
6624,2025-10-10T11:20:16.332489,0.009,600.0,672.0,-0.012657551834051962,False,False,False,False,0,0,0,0,0,0,603,435,"[false, false, false]",0,2,0,Starfield Stage - 1
6633,2025-10-10T11:20:16.341664,0.009,600.0,672.0,-0.012657551834051962,False,False,False,False,0,0,0,0,0,0,603,435,"[false, false, false]",0,2,0,Starfield Stage - 1
6642,2025-10-10T11:20:16.350375,0.008,600.0,672.0,-0.012657551834051962,False,False,False,False,0,0,0,0,0,0,603,435,"[false, false, false]",0,2,0,Starfield Stage - 1
6650,2025-10-10T11:20:16.358766,0.009,600.0,672.0,-0.012657551834051962,False,False,False,False,0,0,0,0,0,0,603,435,"[false, false, false]",0,2,0,Starfield Stage - 1
6660,2025-10-10T11:20:16.368227,0.009,600.0,672.0,-0.012657551834051962,False,False,False,False,0,0,0,0,0,0,603,435,"[false, false, false]",0,2,0,Starfield Stage - 1
6668,2025-10-10T11:20:16.376261,0.008,600.0,672.0,-0.012657551834051962,False,False,False,False,0,0,0,0,0,0,603,435,"[false, false, false]",0,2,0,Starfield Stage - 1
6676,2025-10-10T11:20:16.384506,0.008,600.0,672.0,-0.012657551834051962,False,False,False,False,0,0,0,0,0,0,603,435,"[false, false, false]",0,2,0,Starfield Stage - 1
6684,2025-10-10T11:20:16.392849,0.009,600.0,672.0,-0.012657551834051962,False,False,False,False,0,0,0,0,0,0,603,435,"[false, false, false]",0,2,0,Starfield Stage - 1
6694,2025-10-10T11:20:16.402621,0.009,600.0,672.0,-0.012657551834051962,False,False,False,False,0,0,0,0,0,0,603,435,"[false, false, false]",0,2,0,Starfield Stage - 1
6703,2025-10-10T11:20:16.411105,0.009,600.0,672.0,-0.012657551834051962,False,False,False,False,0,0,0,0,0,0,603,435,"[false, false, false]",0,2,0,Starfield Stage - 1
6712,2025-10-10T11:20:16.420249,0.009,600.0,672.0,-0.012657551834051962,False,False,False,False,0,0,0,0,0,0,603,435,"[false, false, false]",0,2,0,Starfield Stage - 1
6720,2025-10-10T11:20:16.428415,0.008,600.0,672.0,-0.012657551834051962,False,False,False,False,0,0,0,0,0,0,603,435,"[false, false, false]",0,2,0,Starfield Stage - 1
6728,2025-10-10T11:20:16.436493,0.009,600.0,672.0,-0.012657551834051962,False,False,False,False,0,0,0,0,0,0,603,435,"[false, false, false]",0,2,0,Starfield Stage - 1
6738,2025-10-10T11:20:16.446180,0.009,600.0,672.0,-0.012657551834051962,False,False,False,False,0,0,0,0,0,0,603,435,"[false, false, false]",0,2,0,Starfield Stage - 1
6746,2025-10-10T11:20:16.454003,0.008,600.0,672.0,-0.012657551834051962,False,False,False,False,0,0,0,0,0,0,603,435,"[false, false, false]",0,2,0,Starfield Stage - 1
6755,2025-10-10T11:20:16.463534,0.009,600.0,672.0,-0.012657551834051962,False,False,False,False,0,0,0,0,0,0,603,435,"[false, false, false]",0,2,0,Starfield Stage - 1
6762,2025-10-10T11:20:16.470841,0.008,600.0,672.0,-0.012657551834051962,False,False,False,False,0,0,0,0,0,0,603,435,"[false, false, false]",0,2,0,Starfield Stage - 1
6771,2025-10-10T11:20:16.479301,0.008,600.0,672.0,-0.012657551834051962,False,False,False,False,0,0,0,0,0,0,603,435,"[false, false, false]",0,2,0,Starfield Stage - 1
6779,2025-10-10T11:20:16.487426,0.008,600.0,672.0,-0.012657551834051962,False,False,False,False,0,0,0,0,0,0,603,435,"[false, false, false]",0,2,0,Starfield Stage - 1
6787,2025-10-10T11:20:16.495387,0.008,600.0,672.0,-0.012657551834051962,False,False,False,False,0,0,0,0,0,0,603,435,"[false, false, false]",0,2,0,Starfield Stage - 1
6795,2025-10-10T11:20:16.503650,0.009,600.0,672.0,-0.012657551834051962,False,False,False,False,0,0,0,0,0,0,603,435,"[false, false, false]",0,2,0,Starfield Stage - 1
6805,2025-10-10T11:20:16.513330,0.009,600.0,672.0,-0.012657551834051962,False,False,False,False,0,0,0,0,0,0,603,435,"[false, false, false]",0,2,0,Starfield Stage - 1
6813,2025-10-10T11:20:16.521402,0.008,600.0,672.0,-0.012657551834051962,False,False,False,False,0,0,0,0,0,0,603,435,"[false, false, false]",0,2,0,Starfield Stage - 1
6821,2025-10-10T11:20:16.529781,0.009,600.0,672.0,-0.012657551834051962,False,False,False,False,0,0,0,0,0,0,603,435,"[false, false, false]",0,2,0,Starfield Stage - 1
6831,2025-10-10T11:20:16.539337,0.009,600.0,672.0,-0.012657551834051962,False,False,False,False,0,0,0,0,0,0,603,435,"[false, false, false]",0,2,0,Starfield Stage - 1
6839,2025-10-10T11:20:16.547781,0.009,600.0,672.0,-0.012657551834051962,False,False,False,False,0,0,0,0,0,0,603,435,"[false, false, false]",0,2,0,Starfield Stage - 1
6848,2025-10-10T11:20:16.556310,0.008,600.0,672.0,-0.012657551834051962,False,False,False,False,0,0,0,0,0,0,603,435,"[false, false, false]",0,2,0,Starfield Stage - 1
6856,2025-10-10T11:20:16.564377,0.008,600.0,672.0,-0.012657551834051962,False,False,False,False,0,0,0,0,0,0,603,435,"[false, false, false]",0,2,0,Starfield Stage - 1
6865,2025-10-10T11:20:16.573198,0.009,600.0,672.0,-0.012657551834051962,False,False,False,False,0,0,0,0,0,0,603,435,"[false, false, false]",0,2,0,Starfield Stage - 1
6873,2025-10-10T11:20:16.581353,0.008,600.0,672.0,-0.012657551834051962,False,False,False,False,0,0,0,0,0,0,603,435,"[false, false, false]",0,2,0,Starfield Stage - 1
6881,2025-10-10T11:20:16.589596,0.009,600.0,672.0,-0.012657551834051962,False,False,False,False,0,0,0,0,0,0,603,435,"[false, false, false]",0,2,0,Starfield Stage - 1
6891,2025-10-10T11:20:16.599229,0.009,600.0,672.0,-0.012657551834051962,False,False,False,False,0,0,0,0,1,0,603,435,"[false, false, false]",0,2,0,Starfield Stage - 1
6899,2025-10-10T11:20:16.607289,0.008,600.0,672.0,-0.012657551834051962,False,False,False,False,0,0,0,0,1,0,603,435,"[false, false, false]",0,2,0,Starfield Stage - 1
6907,2025-10-10T11:20:16.615306,0.008,600.0,672.0,-0.012657551834051962,False,False,False,False,0,0,0,0,1,0,603,435,"[false, false, false]",0,2,0,Starfield Stage - 1
6915,2025-10-10T11:20:16.623726,0.009,600.0,672.0,-0.012657551834051962,False,False,False,False,0,0,0,0,1,0,603,435,"[false, false, false]",0,2,0,Starfield Stage - 1
6924,2025-10-10T11:20:16.632467,0.008,600.0,672.0,-0.012657551834051962,False,False,False,False,0,0,0,0,1,0,603,435,"[false, false, false]",0,2,0,Starfield Stage - 1
6932,2025-10-10T11:20:16.640634,0.009,600.0,672.0,-0.012657551834051962,False,False,False,False,0,0,0,0,1,0,603,435,"[false, false, false]",0,2,0,Starfield Stage - 1
6941,2025-10-10T11:20:16.649820,0.009,600.0,672.0,-0.012657551834051962,False,False,False,False,0,0,0,0,1,0,603,435,"[false, false, false]",0,2,0,Starfield Stage - 1
6950,2025-10-10T11:20:16.658550,0.008,600.0,672.0,-0.012657551834051962,False,False,False,False,0,0,0,0,1,0,603,435,"[false, false, false]",0,2,0,Starfield Stage - 1
6959,2025-10-10T11:20:16.667170,0.009,600.0,672.0,-0.012657551834051962,False,False,False,False,0,0,0,0,1,0,603,435,"[false, false, false]",0,2,0,Starfield Stage - 1
6968,2025-10-10T11:20:16.676072,0.009,600.0,672.0,-0.012657551834051962,False,False,False,False,0,0,0,0,1,0,603,435,"[false, false, false]",0,2,0,Starfield Stage - 1
6976,2025-10-10T11:20:16.684257,0.008,600.0,672.0,-0.012657551834051962,False,False,False,False,0,0,0,0,1,0,603,435,"[false, false, false]",0,2,0,Starfield Stage - 1
6984,2025-10-10T11:20:16.692657,0.009,600.0,672.0,-0.012657551834051962,False,False,False,False,0,0,0,0,1,0,603,435,"[false, false, false]",0,2,0,Starfield Stage - 1
6994,2025-10-10T11:20:16.702187,0.009,600.0,672.0,-0.012657551834051962,False,False,False,False,0,0,0,0,1,0,603,435,"[false, false, false]",0,2,0,Starfield Stage - 1
7002,2025-10-10T11:20:16.710462,0.008,600.0,672.0,-0.012657551834051962,False,False,False,False,0,0,0,0,1,0,603,435,"[false, false, false]",0,2,0,Starfield Stage - 1
7011,2025-10-10T11:20:16.719415,0.009,600.0,672.0,-0.012657551834051962,False,False,False,False,0,0,0,0,1,0,603,435,"[false, false, false]",0,2,0,Starfield Stage - 1
7019,2025-10-10T11:20:16.727542,0.009,600.0,672.0,-0.012657551834051962,False,False,False,False,0,0,0,0,1,0,603,435,"[false, false, false]",0,2,0,Starfield Stage - 1
7028,2025-10-10T11:20:16.736214,0.008,600.0,672.0,-0.012657551834051962,False,False,False,False,0,0,0,0,1,0,603,435,"[false, false, false]",0,2,0,Starfield Stage - 1
7036,2025-10-10T11:20:16.744204,0.008,600.0,672.0,-0.012657551834051962,False,False,False,False,0,0,0,0,1,0,603,435,"[false, false, false]",0,2,0,Starfield Stage - 1
7044,2025-10-10T11:20:16.752732,0.009,600.0,672.0,-0.012657551834051962,False,False,False,False,0,0,0,0,1,0,603,435,"[false, false, false]",0,2,0,Starfield Stage - 1
7054,2025-10-10T11:20:16.762506,0.009,600.0,672.0,-0.012657551834051962,False,False,False,False,0,0,0,0,1,0,603,435,"[false, false, false]",0,2,0,Starfield Stage - 1
7062,2025-10-10T11:20:16.770693,0.008,600.0,672.0,-0.012657551834051962,False,False,False,False,0,0,0,0,1,0,603,435,"[false, false, false]",0,2,0,Starfield Stage - 1
7071,2025-10-10T11:20:16.779553,0.009,600.0,672.0,-0.012657551834051962,False,False,False,False,0,0,0,0,1,0,603,435,"[false, false, false]",0,2,0,Starfield Stage - 1
7079,2025-10-10T11:20:16.787388,0.008,600.0,672.0,-0.012657551834051962,False,False,False,False,0,0,0,0,1,0,603,435,"[false, false, false]",0,2,0,Starfield Stage - 1
7087,2025-10-10T11:20:16.795552,0.008,600.0,672.0,-0.012657551834051962,False,False,False,False,0,0,0,0,1,0,603,435,"[false, false, false]",0,2,0,Starfield Stage - 1
7096,2025-10-10T11:20:16.804357,0.009,600.0,672.0,-0.012657551834051962,False,False,False,False,0,0,0,0,1,0,603,435,"[false, false, false]",0,2,0,Starfield Stage - 1
7104,2025-10-10T11:20:16.812710,0.009,600.0,672.0,-0.012657551834051962,False,False,False,False,0,0,0,0,1,0,603,435,"[false, false, false]",0,2,0,Starfield Stage - 1
7113,2025-10-10T11:20:16.821178,0.008,600.0,672.0,-0.012657551834051962,False,False,False,False,0,0,0,0,1,0,603,435,"[false, false, false]",0,2,0,Starfield Stage - 1
7121,2025-10-10T11:20:16.829237,0.008,600.0,672.0,-0.012657551834051962,False,False,False,False,0,0,0,0,1,0,603,435,"[false, false, false]",0,2,0,Starfield Stage - 1
7129,2025-10-10T11:20:16.837386,0.008,600.0,672.0,-0.012657551834051962,False,False,False,False,0,0,0,0,1,0,603,435,"[false, false, false]",0,2,0,Starfield Stage - 1
7137,2025-10-10T11:20:16.845435,0.008,600.0,672.0,-0.012657551834051962,False,False,False,False,0,0,0,0,1,0,603,435,"[false, false, false]",0,2,0,Starfield Stage - 1
7146,2025-10-10T11:20:16.854045,0.009,600.0,672.0,-0.012657551834051962,False,False,False,False,0,0,0,0,1,0,603,435,"[false, false, false]",0,2,0,Starfield Stage - 1
7154,2025-10-10T11:20:16.862544,0.009,600.0,672.0,-0.012657551834051962,False,False,False,False,0,0,0,0,1,0,603,435,"[false, false, false]",0,2,0,Starfield Stage - 1
7163,2025-10-10T11:20:16.871701,0.009,600.0,672.0,-0.012657551834051962,False,False,False,False,0,0,0,0,1,0,603,435,"[false, false, false]",0,2,0,Starfield Stage - 1
7173,2025-10-10T11:20:16.881288,0.009,600.0,672.0,-0.012657551834051962,False,False,False,False,0,0,0,0,1,0,603,435,"[false, false, false]",0,2,0,Starfield Stage - 1
7181,2025-10-10T11:20:16.889450,0.008,600.0,672.0,-0.012657551834051962,False,False,False,False,0,0,0,0,1,0,603,435,"[false, false, false]",0,2,0,Starfield Stage - 1
7189,2025-10-10T11:20:16.897547,0.009,600.0,672.0,-0.012657551834051962,False,False,False,False,0,0,0,0,1,0,603,435,"[false, false, false]",0,2,0,Starfield Stage - 1
7198,2025-10-10T11:20:16.906562,0.009,600.0,672.0,-0.012657551834051962,False,False,False,False,0,0,0,0,1,0,603,435,"[false, false, false]",0,2,0,Starfield Stage - 1
7208,2025-10-10T11:20:16.916356,0.009,600.0,672.0,-0.012657551834051962,False,False,False,False,0,0,0,0,1,0,603,435,"[false, false, false]",0,2,0,Starfield Stage - 1
7216,2025-10-10T11:20:16.924381,0.008,600.0,672.0,-0.012657551834051962,False,False,False,False,0,0,0,0,1,0,603,435,"[false, false, false]",0,2,0,Starfield Stage - 1
7224,2025-10-10T11:20:16.932450,0.009,600.0,672.0,-0.012657551834051962,False,False,False,False,0,0,0,0,1,0,603,435,"[false, false, false]",0,2,0,Starfield Stage - 1
7233,2025-10-10T11:20:16.941823,0.009,600.0,672.0,-0.012657551834051962,False,False,False,False,0,0,0,0,1,0,603,435,"[false, false, false]",0,2,0,Starfield Stage - 1
7242,2025-10-10T11:20:16.950884,0.009,600.0,672.0,-0.012657551834051962,False,False,False,False,0,0,0,0,1,0,603,435,"[false, false, false]",0,2,0,Starfield Stage - 1
7252,2025-10-10T11:20:16.960190,0.009,600.0,672.0,-0.012657551834051962,False,False,False,False,0,0,0,0,1,0,603,435,"[false, false, false]",0,2,0,Starfield Stage - 1
7260,2025-10-10T11:20:16.968648,0.009,600.0,672.0,-0.012657551834051962,False,False,False,False,0,0,0,0,1,0,603,435,"[false, false, false]",0,2,0,Starfield Stage - 1
7270,2025-10-10T11:20:16.978206,0.009,600.0,672.0,-0.012657551834051962,False,False,False,False,0,0,0,0,1,0,603,435,"[false, false, false]",0,2,0,Starfield Stage - 1
7278,2025-10-10T11:20:16.986709,0.009,600.0,672.0,-0.012657551834051962,False,False,False,False,0,0,0,0,1,0,603,435,"[false, false, false]",0,2,0,Starfield Stage - 1
7287,2025-10-10T11:20:16.995321,0.008,600.0,672.0,-0.012657551834051962,False,False,False,False,0,0,0,0,1,0,603,435,"[false, false, false]",0,2,0,Starfield Stage - 1
7295,2025-10-10T11:20:17.003366,0.008,600.0,672.0,-0.012657551834051962,False,False,False,False,0,0,0,0,1,0,603,435,"[false, false, false]",0,2,0,Starfield Stage - 1
7303,2025-10-10T11:20:17.011680,0.009,600.0,672.0,-0.012657551834051962,False,False,False,False,0,0,0,0,1,0,603,435,"[false, false, false]",0,2,0,Starfield Stage - 1
7313,2025-10-10T11:20:17.021045,0.009,600.0,672.0,-0.012657551834051962,False,False,False,False,0,0,0,0,1,0,603,435,"[false, false, false]",0,2,0,Starfield Stage - 1
7321,2025-10-10T11:20:17.029482,0.008,600.0,672.0,-0.012657551834051962,False,False,False,False,0,0,0,0,1,0,603,435,"[false, false, false]",0,2,0,Starfield Stage - 1
7329,2025-10-10T11:20:17.037688,0.009,600.0,672.0,-0.012657551834051962,False,False,False,False,0,0,0,0,1,0,603,435,"[false, false, false]",0,2,0,Starfield Stage - 1
7339,2025-10-10T11:20:17.047215,0.009,600.0,672.0,-0.012657551834051962,False,False,False,False,0,0,0,0,1,0,603,435,"[false, false, false]",0,2,0,Starfield Stage - 1
7347,2025-10-10T11:20:17.055558,0.009,600.0,672.0,-0.012657551834051962,False,False,False,False,0,0,0,0,1,0,603,435,"[false, false, false]",0,2,0,Starfield Stage - 1
7357,2025-10-10T11:20:17.065127,0.009,600.0,672.0,-0.012657551834051962,False,False,False,False,0,0,0,0,1,0,603,435,"[false, false, false]",0,2,0,Starfield Stage - 1
7365,2025-10-10T11:20:17.073272,0.008,600.0,672.0,-0.012657551834051962,False,False,False,False,0,0,0,0,1,0,603,435,"[false, false, false]",0,2,0,Starfield Stage - 1
7373,2025-10-10T11:20:17.081175,0.008,600.0,672.0,-0.012657551834051962,False,False,False,False,0,0,0,0,1,0,603,435,"[false, false, false]",0,2,0,Starfield Stage - 1
7381,2025-10-10T11:20:17.089179,0.008,600.0,672.0,-0.012657551834051962,False,False,False,False,0,0,0,0,1,0,603,435,"[false, false, false]",0,2,0,Starfield Stage - 1
7389,2025-10-10T11:20:17.097254,0.008,600.0,672.0,-0.012657551834051962,False,False,False,False,0,0,0,0,1,0,603,435,"[false, false, false]",0,2,0,Starfield Stage - 1
7397,2025-10-10T11:20:17.105378,0.008,600.0,672.0,-0.012657551834051962,False,False,False,False,0,0,0,0,1,0,603,435,"[false, false, false]",0,2,0,Starfield Stage - 1
7406,2025-10-10T11:20:17.114567,0.009,600.0,672.0,-0.012657551834051962,False,False,False,False,0,1,0,0,1,0,603,435,"[false, false, false]",0,2,0,Starfield Stage - 1
7414,2025-10-10T11:20:17.122430,0.008,600.0,672.0,-0.012657551834051962,False,False,False,False,0,1,0,0,1,0,603,435,"[false, false, false]",0,2,0,Starfield Stage - 1
7422,2025-10-10T11:20:17.130618,0.009,600.0,672.0,-0.012657551834051962,False,False,False,False,0,1,0,0,1,0,603,435,"[false, false, false]",0,2,0,Starfield Stage - 1
7430,2025-10-10T11:20:17.138905,0.008,600.0,672.0,-0.012657551834051962,False,False,False,False,0,1,0,0,1,0,603,435,"[false, false, false]",0,2,0,Starfield Stage - 1
7439,2025-10-10T11:20:17.147258,0.008,600.0,672.0,-0.012657551834051962,False,False,False,False,0,1,0,0,1,0,603,435,"[false, false, false]",0,2,0,Starfield Stage - 1
7447,2025-10-10T11:20:17.155389,0.008,600.0,672.0,-0.012657551834051962,False,False,False,False,0,1,0,0,1,0,603,435,"[false, false, false]",0,2,0,Starfield Stage - 1
7455,2025-10-10T11:20:17.163373,0.008,600.0,672.0,-0.012657551834051962,False,False,False,False,0,1,0,0,1,0,603,435,"[false, false, false]",0,2,0,Starfield Stage - 1
7463,2025-10-10T11:20:17.171474,0.008,600.0,672.0,-0.012657551834051962,False,False,False,False,0,1,0,0,1,0,603,435,"[false, false, false]",0,2,0,Starfield Stage - 1
7471,2025-10-10T11:20:17.179488,0.008,600.0,672.0,-0.012657551834051962,False,False,False,False,0,1,0,0,1,0,603,435,"[false, false, false]",0,2,0,Starfield Stage - 1
7479,2025-10-10T11:20:17.187717,0.009,600.0,672.0,-0.012657551834051962,False,False,False,False,0,1,0,0,1,0,603,435,"[false, false, false]",0,2,0,Starfield Stage - 1
7488,2025-10-10T11:20:17.196666,0.009,600.0,672.0,-0.012657551834051962,False,False,False,False,0,1,0,0,1,0,603,435,"[false, false, false]",0,2,0,Starfield Stage - 1
7498,2025-10-10T11:20:17.206235,0.009,600.0,672.0,-0.012657551834051962,False,False,False,False,0,1,0,0,1,0,603,435,"[false, false, false]",0,2,0,Starfield Stage - 1
7506,2025-10-10T11:20:17.214506,0.008,600.0,672.0,-0.012657551834051962,False,False,False,False,0,1,0,0,1,0,603,435,"[false, false, false]",0,2,0,Starfield Stage - 1
7515,2025-10-10T11:20:17.223028,0.009,600.0,672.0,-0.012657551834051962,False,False,False,False,0,1,0,0,1,0,603,435,"[false, false, false]",0,2,0,Starfield Stage - 1
7523,2025-10-10T11:20:17.231352,0.008,600.0,672.0,-0.012657551834051962,False,False,False,False,0,1,0,0,1,0,603,435,"[false, false, false]",0,2,0,Starfield Stage - 1
7532,2025-10-10T11:20:17.240123,0.009,600.0,672.0,-0.012657551834051962,False,False,False,False,0,1,0,0,1,0,603,435,"[false, false, false]",0,2,0,Starfield Stage - 1
7540,2025-10-10T11:20:17.248252,0.008,600.0,672.0,-0.012657551834051962,False,False,False,False,0,1,0,0,1,0,603,435,"[false, false, false]",0,2,0,Starfield Stage - 1
7548,2025-10-10T11:20:17.256957,0.008,600.0,672.0,-0.012657551834051962,False,False,False,False,0,1,0,0,1,0,603,435,"[false, false, false]",0,2,0,Starfield Stage - 1
7557,2025-10-10T11:20:17.265374,0.009,600.0,672.0,-0.012657551834051962,False,False,False,False,0,1,0,0,1,0,603,435,"[false, false, false]",0,2,0,Starfield Stage - 1
7565,2025-10-10T11:20:17.273554,0.009,600.0,672.0,-0.012657551834051962,False,False,False,False,0,1,0,0,1,0,603,435,"[false, false, false]",0,2,0,Starfield Stage - 1
7575,2025-10-10T11:20:17.283210,0.009,600.0,672.0,-0.012657551834051962,False,False,False,False,0,1,0,0,1,0,603,435,"[false, false, false]",0,2,0,Starfield Stage - 1
7584,2025-10-10T11:20:17.291989,0.009,600.0,672.0,-0.012657551834051962,False,False,False,False,0,1,0,0,1,0,603,435,"[false, false, false]",0,2,0,Starfield Stage - 1
7592,2025-10-10T11:20:17.300378,0.008,600.0,672.0,-0.012657551834051962,False,False,False,False,0,1,0,0,1,0,603,435,"[false, false, false]",0,2,0,Starfield Stage - 1
7601,2025-10-10T11:20:17.309878,0.009,600.0,672.0,-0.012657551834051962,False,False,False,False,0,1,0,0,1,0,603,435,"[false, false, false]",0,2,0,Starfield Stage - 1
7609,2025-10-10T11:20:17.317602,0.008,600.0,672.0,-0.012657551834051962,False,False,False,False,0,1,0,0,1,0,603,435,"[false, false, false]",0,2,0,Starfield Stage - 1
7617,2025-10-10T11:20:17.325580,0.008,600.0,672.0,-0.012657551834051962,False,False,False,False,0,1,0,0,1,0,603,435,"[false, false, false]",0,2,0,Starfield Stage - 1
7626,2025-10-10T11:20:17.334128,0.009,600.0,672.0,-0.012657551834051962,False,False,False,False,0,1,0,0,1,0,603,435,"[false, false, false]",0,2,0,Starfield Stage - 1
7634,2025-10-10T11:20:17.342415,0.008,600.0,672.0,-0.012657551834051962,False,False,False,False,0,1,0,0,1,0,603,435,"[false, false, false]",0,2,0,Starfield Stage - 1
7642,2025-10-10T11:20:17.350407,0.008,600.0,672.0,-0.012657551834051962,False,False,False,False,0,1,0,0,1,0,603,435,"[false, false, false]",0,2,0,Starfield Stage - 1
7650,2025-10-10T11:20:17.358732,0.009,600.0,672.0,-0.012657551834051962,False,False,False,False,0,1,0,0,1,0,603,435,"[false, false, false]",0,2,0,Starfield Stage - 1
7659,2025-10-10T11:20:17.367594,0.008,600.0,672.0,-0.012657551834051962,False,False,False,False,0,1,0,0,1,0,603,435,"[false, false, false]",0,2,0,Starfield Stage - 1
7668,2025-10-10T11:20:17.376378,0.009,600.0,672.0,-0.012657551834051962,False,False,False,False,0,1,0,0,1,0,603,435,"[false, false, false]",0,2,0,Starfield Stage - 1
7676,2025-10-10T11:20:17.384453,0.008,600.0,672.0,-0.012657551834051962,False,False,False,False,0,1,0,0,1,0,603,435,"[false, false, false]",0,2,0,Starfield Stage - 1
7684,2025-10-10T11:20:17.392775,0.009,600.0,672.0,-0.012657551834051962,False,False,False,False,0,1,0,0,1,0,603,435,"[false, false, false]",0,2,0,Starfield Stage - 1
7693,2025-10-10T11:20:17.401421,0.008,600.0,672.0,-0.012657551834051962,False,False,False,False,0,1,0,0,1,0,603,435,"[false, false, false]",0,2,0,Starfield Stage - 1
7701,2025-10-10T11:20:17.409413,0.008,600.0,672.0,-0.012657551834051962,False,False,False,False,0,1,0,0,1,0,603,435,"[false, false, false]",0,2,0,Starfield Stage - 1
7710,2025-10-10T11:20:17.418910,0.009,600.0,672.0,-0.012657551834051962,False,False,False,False,0,1,0,0,1,0,603,435,"[false, false, false]",0,2,0,Starfield Stage - 1
7718,2025-10-10T11:20:17.426417,0.008,600.0,672.0,-0.012657551834051962,False,False,False,False,0,1,0,0,1,0,603,435,"[false, false, false]",0,2,0,Starfield Stage - 1
7727,2025-10-10T11:20:17.435055,0.009,600.0,672.0,-0.012657551834051962,False,False,False,False,0,1,0,0,1,0,603,435,"[false, false, false]",0,2,0,Starfield Stage - 1
7735,2025-10-10T11:20:17.443615,0.009,600.0,672.0,-0.012657551834051962,False,False,False,False,0,1,0,0,1,0,603,435,"[false, false, false]",0,2,0,Starfield Stage - 1
7745,2025-10-10T11:20:17.453072,0.009,600.0,672.0,-0.012657551834051962,False,False,False,False,0,1,0,0,1,0,603,435,"[false, false, false]",0,2,0,Starfield Stage - 1
7753,2025-10-10T11:20:17.461096,0.008,600.0,672.0,-0.012657551834051962,False,False,False,False,0,1,0,0,1,0,603,435,"[false, false, false]",0,2,0,Starfield Stage - 1
7761,2025-10-10T11:20:17.469369,0.008,600.0,672.0,-0.012657551834051962,False,False,False,False,0,1,0,0,1,0,603,435,"[false, false, false]",0,2,0,Starfield Stage - 1
7769,2025-10-10T11:20:17.477381,0.008,600.0,672.0,-0.012657551834051962,False,False,False,False,0,1,0,0,1,0,603,435,"[false, false, false]",0,2,0,Starfield Stage - 1
7778,2025-10-10T11:20:17.486127,0.008,600.0,672.0,-0.012657551834051962,False,False,False,False,0,1,0,0,1,0,603,435,"[false, false, false]",0,2,0,Starfield Stage - 1
7785,2025-10-10T11:20:17.493250,0.008,597.5,672.0,-0.023202586376431706,False,True,False,False,0,1,0,0,1,0,603,435,"[false, false, false]",0,2,0,Starfield Stage - 1
7793,2025-10-10T11:20:17.501506,0.009,595.0,672.0,-0.03374246255742194,False,True,False,False,0,1,0,0,1,0,603,435,"[false, false, false]",0,2,0,Starfield Stage - 1
7802,2025-10-10T11:20:17.510683,0.009,592.5,672.0,-0.044274844669506,False,True,False,False,0,1,0,0,1,0,603,435,"[false, false, false]",0,2,0,Starfield Stage - 1
7812,2025-10-10T11:20:17.520190,0.009,590.0,672.0,-0.054797406973115484,False,True,False,False,0,1,0,0,1,0,603,435,"[false, false, false]",0,2,0,Starfield Stage - 1
7820,2025-10-10T11:20:17.528468,0.008,587.5,672.0,-0.06530783675793739,False,True,False,False,0,1,0,0,1,0,603,435,"[false, false, false]",0,2,0,Starfield Stage - 1
7828,2025-10-10T11:20:17.536402,0.008,585.0,672.0,-0.07580383736113926,False,True,False,False,0,1,0,0,1,0,603,435,"[false, false, false]",0,2,0,Starfield Stage - 1
7836,2025-10-10T11:20:17.544498,0.008,582.5,672.0,-0.08628313113277285,False,True,False,False,0,1,0,0,1,0,603,435,"[false, false, false]",0,2,0,Starfield Stage - 1
7844,2025-10-10T11:20:17.552816,0.009,580.0,672.0,-0.09593887285328682,False,True,False,False,0,1,0,0,1,0,603,433,"[false, false, false]",0,2,0,Starfield Stage - 1
7854,2025-10-10T11:20:17.562081,0.009,577.5,672.0,-0.0912096397566865,False,True,False,False,0,1,0,0,1,0,600,426,"[false, false, false]",0,2,0,Starfield Stage - 1
7862,2025-10-10T11:20:17.570466,0.008,575.0,672.0,-0.07766448252335757,False,True,False,False,0,1,0,0,1,0,595,415,"[false, false, false]",0,2,0,Starfield Stage - 1
7870,2025-10-10T11:20:17.578888,0.008,572.5,672.0,-0.05345456327855617,False,True,False,False,0,1,0,0,1,0,587,401,"[false, false, false]",0,2,0,Starfield Stage - 1
7878,2025-10-10T11:20:17.586802,0.009,570.0,672.0,-0.03134861184820102,False,True,False,False,0,1,0,0,1,0,579,385,"[false, false, false]",0,2,0,Starfield Stage - 1
7887,2025-10-10T11:20:17.595245,0.008,567.5,669.5,-0.004991639074039877,False,True,True,False,0,1,0,0,1,0,569,369,"[false, false, false]",0,2,0,Starfield Stage - 1
7895,2025-10-10T11:20:17.603261,0.008,565.0,667.0,0.01592222122391966,False,True,True,False,0,1,0,0,1,0,560,353,"[false, false, false]",0,2,0,Starfield Stage - 1
7903,2025-10-10T11:20:17.611284,0.008,562.5,664.5,0.03510008209149726,False,True,True,False,0,1,0,0,1,0,551,337,"[false, false, false]",0,2,0,Starfield Stage - 1
7911,2025-10-10T11:20:17.619393,0.008,560.0,662.0,0.058583912798213844,False,True,True,False,0,1,0,0,1,0,540,321,"[false, false, false]",0,2,0,Starfield Stage - 1
7919,2025-10-10T11:20:17.627652,0.008,557.5,659.5,0.07763713007614094,False,True,True,False,0,1,0,0,1,0,530,306,"[false, false, false]",0,2,0,Starfield Stage - 1
7927,2025-10-10T11:20:17.635137,0.008,555.0,657.0,0.09804527729383924,False,True,True,False,0,1,0,0,1,0,519,291,"[false, false, false]",0,2,0,Starfield Stage - 1
7936,2025-10-10T11:20:17.644094,0.009,552.5,654.5,0.11764807728288867,False,True,True,False,0,1,0,0,1,0,508,278,"[false, false, false]",0,2,0,Starfield Stage - 1
7944,2025-10-10T11:20:17.652603,0.009,550.0,652.0,0.15283908171367083,False,True,True,False,0,1,0,0,1,0,489,256,"[false, false, false]",0,2,0,Starfield Stage - 1
7954,2025-10-10T11:20:17.662308,0.009,547.5,649.5,0.16413878076744826,False,True,True,False,0,1,0,0,1,0,481,248,"[false, false, false]",0,2,0,Starfield Stage - 1
7963,2025-10-10T11:20:17.671144,0.008,545.0,647.0,0.17593962545252784,False,True,True,False,0,1,0,0,1,0,473,242,"[false, false, false]",0,2,0,Starfield Stage - 1
7970,2025-10-10T11:20:17.678591,0.008,545.0,644.5,0.18630849351585704,True,True,True,False,0,1,0,0,1,0,468,236,"[false, false, false]",0,2,0,Starfield Stage - 1
7978,2025-10-10T11:20:17.686486,0.009,545.0,642.0,0.19646185330515867,True,True,True,False,0,1,0,0,1,0,463,230,"[false, false, false]",0,2,0,Starfield Stage - 1
7987,2025-10-10T11:20:17.695620,0.009,545.0,639.5,0.20273813387291717,True,True,True,False,0,1,0,0,1,0,460,226,"[false, false, false]",0,2,0,Starfield Stage - 1
7997,2025-10-10T11:20:17.705468,0.009,547.5,637.0,0.21421037669178877,True,False,True,False,0,1,0,0,1,0,457,221,"[false, false, false]",0,2,0,Starfield Stage - 1
8006,2025-10-10T11:20:17.714293,0.009,550.0,634.5,0.2214569249639478,True,False,True,False,0,1,0,0,1,0,456,217,"[false, false, false]",0,2,0,Starfield Stage - 1
8014,2025-10-10T11:20:17.722854,0.009,552.5,632.0,0.22862827366346933,True,False,True,False,0,1,0,0,1,0,455,213,"[false, false, false]",0,2,0,Starfield Stage - 1
8023,2025-10-10T11:20:17.731251,0.008,555.0,629.5,0.2351860270861702,True,False,True,False,0,1,0,0,1,0,454,208,"[false, false, false]",0,2,0,Starfield Stage - 1
8031,2025-10-10T11:20:17.739427,0.008,557.5,627.0,0.24109949167325814,True,False,True,False,0,1,0,0,1,0,453,202,"[false, false, false]",0,2,0,Starfield Stage - 1
8039,2025-10-10T11:20:17.747604,0.008,560.0,624.5,0.24689962673547058,True,False,True,False,0,1,0,0,1,0,452,196,"[false, false, false]",0,2,0,Starfield Stage - 1
8048,2025-10-10T11:20:17.756235,0.009,562.5,622.0,0.2547583024358948,True,False,True,False,0,1,0,0,1,0,450,190,"[false, false, false]",0,2,0,Starfield Stage - 1
8056,2025-10-10T11:20:17.764471,0.008,565.0,619.5,0.2708890936098259,True,False,True,False,0,1,0,0,1,0,441,173,"[false, false, false]",0,2,0,Starfield Stage - 1
8065,2025-10-10T11:20:17.773028,0.009,567.5,617.0,0.2865891724416139,True,False,True,False,0,1,0,0,1,0,434,164,"[false, false, false]",0,2,0,Starfield Stage - 1
8073,2025-10-10T11:20:17.781764,0.009,570.0,614.5,0.3056705489246618,True,False,True,False,0,1,0,0,1,0,425,155,"[false, false, false]",0,2,0,Starfield Stage - 1
8082,2025-10-10T11:20:17.790778,0.009,572.5,612.0,0.3252795740743352,True,False,True,False,0,1,0,0,1,0,415,145,"[false, false, false]",0,2,0,Starfield Stage - 1
8091,2025-10-10T11:20:17.799502,0.008,575.0,609.5,0.34536820940159274,True,False,True,False,0,1,0,0,1,0,405,137,"[false, false, false]",0,2,0,Starfield Stage - 1
8099,2025-10-10T11:20:17.807433,0.008,577.5,607.0,0.3665428306067276,True,False,True,False,0,1,0,0,1,0,394,129,"[false, false, false]",0,2,0,Starfield Stage - 1
8107,2025-10-10T11:20:17.815414,0.008,580.0,604.5,0.3858548730894307,True,False,True,False,0,1,0,0,1,0,384,122,"[false, false, false]",0,2,0,Starfield Stage - 1
8116,2025-10-10T11:20:17.823975,0.009,582.5,604.5,0.40167556778540436,True,False,False,False,0,1,0,0,1,0,375,116,"[false, false, false]",0,2,0,Starfield Stage - 1
8124,2025-10-10T11:20:17.832532,0.008,585.0,604.5,0.41841270670801717,True,False,False,False,0,1,0,0,1,0,366,112,"[false, false, false]",0,2,0,Starfield Stage - 1
8132,2025-10-10T11:20:17.840800,0.009,587.5,604.5,0.43132158342215177,True,False,False,False,0,1,0,0,2,1,359,108,"[false, false, false]",0,2,0,Starfield Stage - 1
8141,2025-10-10T11:20:17.849939,0.009,590.0,604.5,0.442158622100434,True,False,False,False,0,1,0,0,2,1,354,106,"[false, false, false]",0,2,0,Starfield Stage - 1
8150,2025-10-10T11:20:17.858623,0.008,592.5,604.5,0.4503473050515458,True,False,False,False,0,1,0,0,2,1,351,105,"[false, false, false]",0,2,0,Starfield Stage - 1
8158,2025-10-10T11:20:17.866810,0.009,595.0,604.5,0.45683135530457414,True,False,False,False,0,1,0,0,2,1,349,104,"[false, false, false]",0,2,0,Starfield Stage - 1
8167,2025-10-10T11:20:17.875467,0.008,597.5,604.5,0.46244808938419174,True,False,False,False,0,1,0,0,2,1,348,104,"[false, false, false]",0,2,0,Starfield Stage - 1
8175,2025-10-10T11:20:17.883258,0.008,600.0,604.5,0.46803354578959827,True,False,False,False,0,1,0,0,2,1,347,104,"[false, false, false]",0,2,0,Starfield Stage - 1
8183,2025-10-10T11:20:17.891725,0.009,602.5,604.5,0.47200396045224163,True,False,False,False,0,1,0,0,2,1,347,104,"[false, false, false]",0,2,0,Starfield Stage - 1
8193,2025-10-10T11:20:17.901488,0.009,605.0,604.5,0.4759583452692042,True,False,False,False,1,1,0,0,2,1,347,104,"[true, false, false]",0,2,0,Starfield Stage - 1
8202,2025-10-10T11:20:17.910435,0.009,607.5,604.5,0.4838588873926859,True,False,False,False,1,1,0,0,2,1,345,105,"[true, false, false]",0,2,0,Starfield Stage - 1
8210,2025-10-10T11:20:17.918484,0.008,610.0,604.5,0.49256189399541,True,False,False,False,1,1,0,0,2,1,343,107,"[true, false, false]",0,2,0,Starfield Stage - 1
8218,2025-10-10T11:20:17.926634,0.009,612.5,604.5,0.49970015348841523,True,False,False,False,1,1,0,0,2,1,342,109,"[true, false, false]",0,2,0,Starfield Stage - 1
8227,2025-10-10T11:20:17.935512,0.009,615.0,604.5,0.5107974122540411,True,False,False,False,1,1,0,0,2,1,339,112,"[true, false, false]",0,2,0,Starfield Stage - 1
8236,2025-10-10T11:20:17.944526,0.009,617.5,604.5,0.5194753865428219,True,False,False,False,1,1,0,0,2,1,337,114,"[true, false, false]",0,2,0,Starfield Stage - 1
8246,2025-10-10T11:20:17.954286,0.009,620.0,604.5,0.528138085946956,True,False,False,False,1,1,0,0,2,1,335,116,"[true, false, false]",0,2,0,Starfield Stage - 1
8254,2025-10-10T11:20:17.962414,0.008,622.5,604.5,0.5343644728479314,True,False,False,False,1,1,0,0,2,1,334,117,"[false, false, false]",0,2,0,Starfield Stage - 1
8262,2025-10-10T11:20:17.970867,0.009,625.0,604.5,0.5405706261572982,True,False,False,False,1,1,0,0,2,1,333,118,"[false, false, false]",0,2,0,Starfield Stage - 1
8272,2025-10-10T11:20:17.980415,0.009,627.5,604.5,0.545251839581504,True,False,False,False,1,1,0,0,2,1,333,119,"[false, false, false]",0,2,0,Starfield Stage - 1
8280,2025-10-10T11:20:17.988583,0.009,630.0,604.5,0.5490075066996749,True,False,False,False,1,1,0,0,2,1,333,119,"[false, false, false]",0,2,0,Starfield Stage - 1
8290,2025-10-10T11:20:17.998134,0.009,632.5,604.5,0.5527459955897799,True,False,False,False,1,1,0,0,2,1,333,119,"[false, false, false]",0,2,0,Starfield Stage - 1
8298,2025-10-10T11:20:18.006699,0.008,635.0,607.0,0.5541663927736744,True,False,False,True,1,1,0,0,2,1,333,119,"[false, false, false]",0,2,0,Starfield Stage - 1
8306,2025-10-10T11:20:18.014684,0.008,637.5,609.5,0.5555698561453539,True,False,False,True,1,1,0,0,2,1,333,119,"[false, false, false]",0,2,0,Starfield Stage - 1
8314,2025-10-10T11:20:18.022240,0.008,640.0,612.0,0.5569566813035444,True,False,False,True,1,1,0,0,2,1,333,119,"[false, false, false]",0,2,0,Starfield Stage - 1
8322,2025-10-10T11:20:18.030543,0.009,642.5,614.5,0.55832715713564,True,False,False,True,1,1,0,0,2,1,333,119,"[false, false, false]",0,2,0,Starfield Stage - 1
8331,2025-10-10T11:20:18.039638,0.009,645.0,617.0,0.5596815660032787,True,False,False,True,1,1,0,0,2,1,333,119,"[false, false, false]",0,2,0,Starfield Stage - 1
8340,2025-10-10T11:20:18.048444,0.008,647.5,619.5,0.5610201839219303,True,False,False,True,1,1,0,0,2,1,333,119,"[false, false, false]",0,2,0,Starfield Stage - 1
8348,2025-10-10T11:20:18.056425,0.008,650.0,622.0,0.5623432807347142,True,False,False,True,1,1,0,0,2,1,333,119,"[false, false, false]",0,2,0,Starfield Stage - 1
8356,2025-10-10T11:20:18.064739,0.008,652.5,624.5,0.5636511202806577,True,False,False,True,1,1,0,0,2,1,333,119,"[false, false, false]",0,2,0,Starfield Stage - 1
8364,2025-10-10T11:20:18.072131,0.008,655.0,627.0,0.5649439605575964,True,False,False,True,2,1,0,0,2,1,333,119,"[true, false, false]",0,2,0,Starfield Stage - 1
8372,2025-10-10T11:20:18.080453,0.008,657.5,629.5,0.5662220538799098,True,False,False,True,2,1,0,0,2,1,333,119,"[true, false, false]",0,2,0,Starfield Stage - 1
8380,2025-10-10T11:20:18.088937,0.009,660.0,632.0,0.5664759247224389,True,False,False,True,2,1,0,0,2,1,335,121,"[true, false, false]",0,2,0,Starfield Stage - 1
8389,2025-10-10T11:20:18.097612,0.009,662.5,634.5,0.5639412384335005,True,False,False,True,2,1,0,0,2,1,339,123,"[true, false, false]",0,2,0,Starfield Stage - 1
8399,2025-10-10T11:20:18.107099,0.009,665.0,637.0,0.5603598769048431,True,False,False,True,2,1,0,0,2,1,345,127,"[true, false, false]",0,2,0,Starfield Stage - 1
8407,2025-10-10T11:20:18.115466,0.008,667.5,639.5,0.5533572487444047,True,False,False,True,2,1,0,0,2,1,354,132,"[true, false, false]",0,2,0,Starfield Stage - 1
8415,2025-10-10T11:20:18.123443,0.008,670.0,642.0,0.5433264688263294,True,False,False,True,2,1,0,0,2,1,365,137,"[true, false, false]",0,2,0,Starfield Stage - 1
8423,2025-10-10T11:20:18.131872,0.009,672.5,644.5,0.5354195419366259,True,False,False,True,2,1,0,0,2,1,375,143,"[false, false, false]",0,2,0,Starfield Stage - 1
8432,2025-10-10T11:20:18.140582,0.008,675.0,647.0,0.5273250106451098,True,False,False,True,2,1,0,0,2,1,385,149,"[false, false, false]",0,2,0,Starfield Stage - 1
8441,2025-10-10T11:20:18.149842,0.009,677.5,647.0,0.5137449322017106,True,False,False,False,2,2,0,0,2,1,401,157,"[false, false, false]",0,2,0,Starfield Stage - 1
8449,2025-10-10T11:20:18.157310,0.008,680.0,647.0,0.5109259039354804,True,False,False,False,2,2,0,0,2,1,407,160,"[false, false, false]",0,2,0,Starfield Stage - 1
8457,2025-10-10T11:20:18.165441,0.008,682.5,647.0,0.51346562288507,True,False,False,False,2,2,0,0,2,1,409,162,"[false, false, false]",0,2,0,Starfield Stage - 1
8466,2025-10-10T11:20:18.174465,0.009,685.0,647.0,0.5160190304032676,True,False,False,False,2,2,0,0,1,1,411,164,"[false, false, false]",0,2,0,Starfield Stage - 1
8474,2025-10-10T11:20:18.182779,0.009,687.5,647.0,0.5192578211272022,True,False,False,False,2,2,0,0,0,1,412,165,"[false, false, false]",0,2,0,Starfield Stage - 1
8484,2025-10-10T11:20:18.192136,0.009,690.0,647.0,0.521600370809281,True,False,False,False,2,2,0,0,0,1,413,165,"[false, false, false]",0,2,0,Starfield Stage - 1
8492,2025-10-10T11:20:18.200458,0.008,692.5,647.0,0.5248367468600823,True,False,False,False,2,2,0,0,0,1,414,166,"[false, false, false]",0,2,0,Starfield Stage - 1
8500,2025-10-10T11:20:18.208809,0.009,695.0,647.0,0.5280744484263596,True,False,False,False,2,2,0,0,0,1,415,167,"[false, false, false]",0,2,0,Starfield Stage - 1
8510,2025-10-10T11:20:18.218396,0.009,697.5,647.0,0.5304028835172759,True,False,False,False,2,2,0,0,0,1,416,167,"[false, false, false]",0,2,0,Starfield Stage - 1
8518,2025-10-10T11:20:18.226691,0.009,700.0,647.0,0.5351839460141766,True,False,False,False,2,2,0,0,0,1,416,168,"[false, false, false]",0,2,0,Starfield Stage - 1
8527,2025-10-10T11:20:18.235593,0.009,702.5,647.0,0.5390368002760502,True,False,False,False,3,2,0,0,0,1,416,168,"[true, false, false]",0,2,0,Starfield Stage - 1
8537,2025-10-10T11:20:18.245349,0.009,705.0,647.0,0.5428719784928185,True,False,False,False,3,2,0,0,0,1,416,168,"[true, false, false]",0,2,0,Starfield Stage - 1
8545,2025-10-10T11:20:18.253555,0.008,705.0,647.0,0.5428719784928185,True,True,False,False,3,2,0,1,0,1,416,168,"[true, false, false]",0,2,0,Starfield Stage - 1
8553,2025-10-10T11:20:18.261692,0.009,705.0,647.0,0.5428719784928185,True,True,False,False,3,2,0,1,0,1,416,168,"[true, false, false]",0,2,0,Starfield Stage - 1
8563,2025-10-10T11:20:18.271202,0.009,705.0,647.0,0.5428719784928185,True,True,False,False,3,2,0,1,0,1,416,168,"[true, false, false]",0,2,0,Starfield Stage - 1
8571,2025-10-10T11:20:18.279435,0.008,705.0,647.0,0.5428719784928185,True,True,False,False,3,2,0,1,0,1,416,168,"[true, false, false]",0,2,0,Starfield Stage - 1
8579,2025-10-10T11:20:18.287652,0.008,705.0,647.0,0.5428719784928185,True,True,False,False,3,2,0,1,0,1,416,168,"[true, false, false]",0,2,0,Starfield Stage - 1
8624,2025-10-10T11:20:18.332760,0.008,705.0,647.0,0.5428719784928185,True,True,False,False,2,2,0,1,0,1,416,168,"[true, false, false]",20,2,0,Starfield Stage - 1
8627,2025-10-10T11:20:18.335468,0.04,705.0,647.0,0.5428719784928185,True,True,False,False,2,2,0,1,0,1,416,168,"[true, false, false]",20,2,0,Starfield Stage - 1
8635,2025-10-10T11:20:18.343559,0.008,702.5,644.5,0.5373013313931114,False,True,True,False,2,2,0,1,0,1,421,172,"[false, false, false]",20,2,0,Starfield Stage - 1
8644,2025-10-10T11:20:18.352203,0.009,700.0,642.0,0.5337803313015228,False,True,True,False,2,2,0,1,0,1,424,175,"[false, false, false]",20,2,0,Starfield Stage - 1
8652,2025-10-10T11:20:18.360694,0.009,697.5,639.5,0.5301601616099649,False,True,True,False,2,2,0,1,0,1,427,178,"[false, false, false]",20,2,0,Starfield Stage - 1
8661,2025-10-10T11:20:18.369193,0.008,695.0,637.0,0.5280744484263596,False,True,True,False,2,2,0,1,0,1,429,181,"[false, false, false]",20,2,0,Starfield Stage - 1
8669,2025-10-10T11:20:18.377324,0.008,692.5,634.5,0.5242706075846014,False,True,True,False,2,2,0,1,0,1,432,184,"[false, false, false]",20,2,0,Starfield Stage - 1
8677,2025-10-10T11:20:18.385450,0.008,690.0,632.0,0.5217922471129934,False,True,True,False,2,2,0,1,0,1,433,185,"[false, false, false]",20,2,0,Starfield Stage - 1
8685,2025-10-10T11:20:18.393778,0.009,687.5,629.5,0.5192675176695031,False,True,True,False,2,2,0,1,0,1,434,186,"[false, false, false]",20,2,0,Starfield Stage - 1
8695,2025-10-10T11:20:18.403429,0.009,685.0,627.0,0.5184115404315374,False,True,True,False,2,2,0,1,0,1,434,187,"[false, false, false]",20,2,0,Starfield Stage - 1
8703,2025-10-10T11:20:18.411889,0.009,682.5,624.5,0.5165576817184694,False,True,True,False,2,2,0,1,0,1,434,187,"[false, false, false]",20,2,0,Starfield Stage - 1
8713,2025-10-10T11:20:18.421615,0.009,680.0,622.0,0.5146785341412341,False,True,True,False,2,2,0,1,0,1,434,187,"[false, false, false]",20,2,0,Starfield Stage - 1
8721,2025-10-10T11:20:18.429629,0.009,677.5,619.5,0.5127735902375172,False,True,True,False,3,2,0,1,0,1,434,187,"[true, false, false]",20,2,0,Starfield Stage - 1
8731,2025-10-10T11:20:18.439266,0.009,675.0,617.0,0.5108423292653407,False,True,True,False,3,2,0,1,0,1,434,187,"[true, false, false]",20,2,0,Starfield Stage - 1
8739,2025-10-10T11:20:18.447505,0.008,672.5,614.5,0.5088842167799742,False,True,True,False,3,2,0,1,0,1,434,187,"[true, false, false]",20,2,0,Starfield Stage - 1
8747,2025-10-10T11:20:18.455594,0.009,670.0,612.0,0.5068987041951954,False,True,True,False,3,2,0,1,0,1,434,187,"[true, false, false]",20,2,0,Starfield Stage - 1
8757,2025-10-10T11:20:18.465520,0.009,667.5,609.5,0.5048852283282537,False,True,True,False,3,2,0,1,0,1,434,187,"[true, false, false]",20,2,0,Starfield Stage - 1
8766,2025-10-10T11:20:18.473986,0.009,665.0,607.0,0.5028432109278608,False,True,True,False,3,2,0,1,0,1,434,187,"[true, false, false]",20,2,0,Starfield Stage - 1
8774,2025-10-10T11:20:18.482864,0.008,662.5,604.5,0.5007720581845058,False,True,True,False,3,2,0,1,0,1,434,187,"[true, false, false]",20,2,0,Starfield Stage - 1
8782,2025-10-10T11:20:18.490817,0.009,660.0,602.0,0.4986711602223545,False,True,True,False,3,2,0,1,0,1,434,187,"[true, false, false]",20,2,0,Starfield Stage - 1
8791,2025-10-10T11:20:18.499898,0.009,657.5,599.5,0.4965398905719694,False,True,True,False,3,2,0,1,0,1,434,187,"[true, false, false]",20,2,0,Starfield Stage - 1
8800,2025-10-10T11:20:18.508235,0.008,655.0,597.0,0.49437760562304167,False,True,True,False,3,2,0,1,0,1,434,187,"[false, false, false]",20,2,0,Starfield Stage - 1
8845,2025-10-10T11:20:18.553773,0.008,652.5,594.5,0.4921836440563015,False,True,True,False,2,2,0,1,0,1,434,187,"[false, false, false]",40,2,0,Starfield Stage - 1
8848,2025-10-10T11:20:18.556740,0.04,650.0,592.0,0.4899573262537283,False,True,True,False,2,2,0,1,0,1,434,187,"[false, false, false]",40,2,0,Starfield Stage - 1
8856,2025-10-10T11:20:18.564580,0.009,652.5,592.0,0.5001385568128937,True,False,False,False,2,2,0,1,0,1,435,194,"[false, false, false]",40,2,0,Starfield Stage - 1
8866,2025-10-10T11:20:18.574314,0.009,655.0,592.0,0.5051667617855311,True,False,False,False,2,2,0,1,0,1,436,196,"[false, false, false]",40,2,0,Starfield Stage - 1
8875,2025-10-10T11:20:18.583007,0.009,657.5,592.0,0.5132347176110972,True,False,False,False,2,2,0,1,0,1,436,199,"[false, false, false]",40,2,0,Starfield Stage - 1
8884,2025-10-10T11:20:18.592317,0.009,660.0,592.0,0.5213523985872531,True,False,False,False,2,2,0,1,0,1,436,202,"[false, false, false]",40,2,0,Starfield Stage - 1
8892,2025-10-10T11:20:18.600448,0.008,662.5,592.0,0.5303149824062525,True,False,False,False,2,2,0,1,0,1,435,204,"[false, false, false]",40,2,0,Starfield Stage - 1
8900,2025-10-10T11:20:18.608494,0.008,665.0,592.0,0.5453831861180031,True,False,False,False,2,2,0,1,0,1,432,208,"[false, false, false]",40,2,0,Starfield Stage - 1
8908,2025-10-10T11:20:18.616598,0.009,667.5,592.0,0.5654477145940958,True,False,False,False,2,2,0,1,0,1,427,213,"[false, false, false]",40,2,0,Starfield Stage - 1
8917,2025-10-10T11:20:18.625654,0.009,670.0,592.0,0.588621032658585,True,False,False,False,2,2,0,1,0,1,421,219,"[false, false, false]",40,2,0,Starfield Stage - 1
8927,2025-10-10T11:20:18.635803,0.01,672.5,592.0,0.6167516378308024,True,False,False,False,2,2,0,1,0,1,413,226,"[false, false, false]",40,2,0,Starfield Stage - 1
8937,2025-10-10T11:20:18.645651,0.01,675.0,592.0,0.6524294429731211,True,False,False,False,2,2,0,1,0,1,403,236,"[false, false, false]",40,2,0,Starfield Stage - 1
8947,2025-10-10T11:20:18.655406,0.009,677.5,592.0,0.7308205893477671,True,False,False,False,2,2,0,1,0,1,379,259,"[false, false, false]",40,2,0,Starfield Stage - 1
8956,2025-10-10T11:20:18.664512,0.009,680.0,592.0,0.7806588623879818,True,False,False,False,2,2,0,1,0,1,365,274,"[false, false, false]",40,2,0,Starfield Stage - 1
8964,2025-10-10T11:20:18.672610,0.008,682.5,592.0,0.8380638150313274,True,False,False,False,2,2,0,1,0,1,348,291,"[false, false, false]",40,2,0,Starfield Stage - 1
8972,2025-10-10T11:20:18.680508,0.008,685.0,592.0,0.9056936403254024,True,False,False,False,2,2,0,1,0,1,328,312,"[false, false, false]",40,2,0,Starfield Stage - 1
8980,2025-10-10T11:20:18.688644,0.009,687.5,592.0,0.9719278665655449,True,False,False,False,2,2,0,1,0,1,308,333,"[false, false, false]",40,2,0,Starfield Stage - 1
8989,2025-10-10T11:20:18.697665,0.009,690.0,592.0,1.0410264422618551,True,False,False,False,2,2,0,1,0,1,287,356,"[false, false, false]",40,2,0,Starfield Stage - 1
8998,2025-10-10T11:20:18.706736,0.009,692.5,592.0,1.1066787930166515,True,False,False,False,2,2,0,1,0,1,267,379,"[false, false, false]",40,2,0,Starfield Stage - 1
9007,2025-10-10T11:20:18.715505,0.008,695.0,592.0,1.1669850371179626,True,False,False,False,2,2,0,1,0,1,248,401,"[false, false, false]",40,2,0,Starfield Stage - 1
9015,2025-10-10T11:20:18.723473,0.008,697.5,592.0,1.2194460150284032,True,False,False,False,2,2,0,1,0,1,231,421,"[false, false, false]",40,2,0,Starfield Stage - 1
9023,2025-10-10T11:20:18.731449,0.008,700.0,592.0,1.2640259251656243,True,False,False,False,2,2,0,1,0,1,217,439,"[false, false, false]",40,2,0,Starfield Stage - 1
9031,2025-10-10T11:20:18.739646,0.009,702.5,592.0,1.3020797632149517,True,False,False,False,2,2,0,1,0,1,205,455,"[false, false, false]",40,2,0,Starfield Stage - 1
9080,2025-10-10T11:20:18.788172,0.009,705.0,592.0,1.3359930756517016,True,False,False,False,1,2,0,1,0,1,195,470,"[false, false, false]",60,2,0,Starfield Stage - 1
9082,2025-10-10T11:20:18.790509,0.041,707.5,592.0,1.3856197466135873,True,False,False,False,1,2,0,2,0,1,179,493,"[false, false, false]",60,2,0,Starfield Stage - 1
9090,2025-10-10T11:20:18.798820,0.009,710.0,592.0,1.4395479568928615,True,False,False,False,2,2,0,2,0,1,157,519,"[true, false, false]",60,2,0,Starfield Stage - 1
9099,2025-10-10T11:20:18.807431,0.008,712.5,592.0,1.4441239671622028,True,False,False,False,2,2,0,2,0,1,155,521,"[true, false, false]",60,2,0,Starfield Stage - 1
9107,2025-10-10T11:20:18.815498,0.008,715.0,592.0,1.4449059090195524,True,False,False,False,2,2,0,2,0,1,154,521,"[true, false, false]",60,2,0,Starfield Stage - 1
9116,2025-10-10T11:20:18.824067,0.009,717.5,592.0,1.4474225792075184,True,False,False,False,2,2,0,2,0,1,153,522,"[true, false, false]",60,2,0,Starfield Stage - 1
9124,2025-10-10T11:20:18.832504,0.009,720.0,592.0,1.4479610879170017,True,False,False,False,2,2,0,2,0,1,153,522,"[true, false, false]",60,2,0,Starfield Stage - 1
9133,2025-10-10T11:20:18.841727,0.009,722.5,592.0,1.4484949393915,True,False,False,False,2,2,0,2,0,1,153,522,"[true, false, false]",60,2,0,Starfield Stage - 1
9142,2025-10-10T11:20:18.850921,0.009,725.0,592.0,1.4490241934868995,True,False,False,False,2,2,0,2,0,1,153,522,"[false, false, false]",60,2,0,Starfield Stage - 1
9151,2025-10-10T11:20:18.859149,0.008,727.5,592.0,1.4495489090428861,True,False,False,False,2,2,0,2,0,1,153,522,"[false, false, false]",60,2,0,Starfield Stage - 1
9159,2025-10-10T11:20:18.867616,0.008,730.0,592.0,1.4502759960257312,True,False,False,False,2,2,0,2,0,1,152,522,"[false, false, false]",60,2,0,Starfield Stage - 1
9167,2025-10-10T11:20:18.875496,0.008,732.5,592.0,1.450790053243492,True,False,False,False,2,2,0,2,0,1,152,522,"[false, false, false]",60,2,0,Starfield Stage - 1
9213,2025-10-10T11:20:18.921656,0.009,735.0,592.0,1.4515024446650013,True,False,False,False,1,2,0,2,0,1,151,522,"[false, false, false]",80,2,0,Starfield Stage - 1
9216,2025-10-10T11:20:18.924088,0.04,737.5,592.0,1.4520061635069628,True,False,False,False,1,2,0,2,1,1,151,522,"[false, false, false]",80,2,0,Starfield Stage - 1
9224,2025-10-10T11:20:18.932437,0.008,737.5,592.0,1.458382613020467,True,True,False,False,1,2,0,2,1,1,144,525,"[false, false, false]",80,2,0,Starfield Stage - 1
9232,2025-10-10T11:20:18.940596,0.009,737.5,592.0,1.4633765376552232,True,True,False,False,1,2,0,2,1,1,144,528,"[false, false, false]",80,2,0,Starfield Stage - 1
9242,2025-10-10T11:20:18.950166,0.009,737.5,592.0,1.4667088269603568,True,True,False,False,1,2,0,2,1,1,144,530,"[false, false, false]",80,2,0,Starfield Stage - 1
9250,2025-10-10T11:20:18.958428,0.008,737.5,592.0,1.473543128543331,True,True,False,False,1,2,0,2,1,1,143,534,"[false, false, false]",80,2,0,Starfield Stage - 1
9258,2025-10-10T11:20:18.966906,0.009,737.5,592.0,1.4803635574644232,True,True,False,False,2,2,0,2,1,1,142,538,"[true, false, false]",80,2,0,Starfield Stage - 1
9267,2025-10-10T11:20:18.975650,0.009,737.5,592.0,1.4886974850779018,True,True,False,False,2,2,0,2,1,1,142,543,"[true, false, false]",80,2,0,Starfield Stage - 1
9276,2025-10-10T11:20:18.984536,0.008,737.5,592.0,1.4971660549899903,True,True,False,False,2,2,0,2,1,1,141,548,"[true, false, false]",80,2,0,Starfield Stage - 1
9285,2025-10-10T11:20:18.992966,0.009,737.5,592.0,1.5038387332751988,True,True,False,False,2,2,0,2,1,1,141,552,"[true, false, false]",80,2,0,Starfield Stage - 1
9293,2025-10-10T11:20:19.001532,0.008,737.5,592.0,1.5088471963385595,True,True,False,False,2,2,0,2,1,1,141,555,"[true, false, false]",80,2,0,Starfield Stage - 1
9301,2025-10-10T11:20:19.009784,0.009,737.5,592.0,1.513953860916138,True,True,False,False,2,2,0,2,1,1,140,558,"[true, false, false]",80,2,0,Starfield Stage - 1
9310,2025-10-10T11:20:19.018608,0.008,737.5,592.0,1.5172909588004748,True,True,False,False,2,2,0,2,1,1,140,560,"[true, false, false]",80,2,0,Starfield Stage - 1
9319,2025-10-10T11:20:19.027761,0.009,737.5,592.0,1.5190464156160435,True,True,False,False,2,2,0,2,1,1,139,561,"[true, false, false]",80,2,0,Starfield Stage - 1
9328,2025-10-10T11:20:19.035986,0.009,737.5,592.0,1.5223797250008677,True,True,False,False,2,2,0,2,1,1,139,563,"[false, false, false]",80,2,0,Starfield Stage - 1
9335,2025-10-10T11:20:19.043890,0.008,737.5,592.0,1.5223797250008677,True,True,False,False,2,2,0,2,1,1,139,563,"[false, false, false]",80,2,0,Starfield Stage - 1
9344,2025-10-10T11:20:19.052747,0.009,737.5,592.0,1.5223797250008677,True,True,False,False,2,2,0,2,1,1,139,563,"[false, false, false]",80,2,0,Starfield Stage - 1
9353,2025-10-10T11:20:19.061702,0.009,737.5,592.0,1.5223797250008677,True,True,False,False,2,2,0,2,1,1,139,563,"[false, false, false]",80,2,0,Starfield Stage - 1
9362,2025-10-10T11:20:19.070931,0.009,737.5,592.0,1.5240467882039843,True,True,False,False,2,2,0,2,1,1,139,564,"[false, false, false]",80,2,0,Starfield Stage - 1
9371,2025-10-10T11:20:19.079718,0.008,737.5,592.0,1.5274540129657896,True,True,False,False,2,2,0,2,1,1,138,566,"[false, false, false]",80,2,0,Starfield Stage - 1
9380,2025-10-10T11:20:19.088501,0.009,740.0,592.0,1.5309503184554905,True,False,False,False,2,2,0,2,1,1,138,568,"[false, false, false]",80,2,0,Starfield Stage - 1
9388,2025-10-10T11:20:19.096390,0.008,742.5,592.0,1.534478693930546,True,False,False,False,2,2,0,2,1,1,137,570,"[false, false, false]",80,2,0,Starfield Stage - 1
9396,2025-10-10T11:20:19.104579,0.008,745.0,592.0,1.5362705782001396,True,False,False,False,2,2,0,2,1,1,137,571,"[false, false, false]",80,2,0,Starfield Stage - 1
9405,2025-10-10T11:20:19.113353,0.009,747.5,592.0,1.5380480060653896,True,False,False,False,2,2,0,2,1,1,137,572,"[false, false, false]",80,2,0,Starfield Stage - 1
9414,2025-10-10T11:20:19.122094,0.009,750.0,592.0,1.539861572930086,True,False,False,False,2,2,0,2,1,1,136,573,"[false, false, false]",80,2,0,Starfield Stage - 1
9422,2025-10-10T11:20:19.130210,0.008,752.5,592.0,1.5399869384689495,True,False,False,False,2,2,0,3,2,1,136,573,"[false, false, false]",80,2,0,Starfield Stage - 1
9431,2025-10-10T11:20:19.139662,0.009,755.0,592.0,1.5417722214336533,True,False,False,False,2,2,0,3,2,1,135,574,"[false, false, false]",80,2,0,Starfield Stage - 1
9438,2025-10-10T11:20:19.146878,0.008,757.5,592.0,1.5450991733621073,True,False,False,False,3,2,0,3,2,1,135,576,"[true, false, false]",80,2,0,Starfield Stage - 1
9447,2025-10-10T11:20:19.155594,0.008,760.0,592.0,1.5452019170022355,True,False,False,False,3,2,0,3,2,1,135,576,"[true, false, false]",80,2,0,Starfield Stage - 1
9455,2025-10-10T11:20:19.163616,0.009,762.5,592.0,1.5484892705918178,True,False,False,False,3,2,0,3,2,1,135,578,"[true, false, false]",80,2,0,Starfield Stage - 1
9465,2025-10-10T11:20:19.173367,0.009,765.0,592.0,1.5501643341946802,True,False,False,False,3,2,0,3,2,1,135,579,"[true, false, false]",80,2,0,Starfield Stage - 1
9473,2025-10-10T11:20:19.181609,0.009,767.5,592.0,1.551826270647317,True,False,False,False,3,2,0,3,2,1,135,580,"[true, false, false]",80,2,0,Starfield Stage - 1
9483,2025-10-10T11:20:19.191030,0.009,770.0,592.0,1.5519009380970235,True,False,False,False,3,2,0,3,2,1,135,580,"[true, false, false]",80,2,0,Starfield Stage - 1
9491,2025-10-10T11:20:19.199798,0.008,772.5,592.0,1.5519750201279208,True,False,False,False,3,2,0,3,2,1,135,580,"[true, false, false]",80,2,0,Starfield Stage - 1
9499,2025-10-10T11:20:19.207812,0.009,775.0,592.0,1.5520485235971522,True,False,False,False,3,2,0,3,2,1,135,580,"[false, false, false]",80,2,0,Starfield Stage - 1
9508,2025-10-10T11:20:19.216950,0.009,777.5,592.0,1.5521214552551972,True,False,False,False,3,2,0,3,2,1,135,580,"[false, false, false]",80,2,0,Starfield Stage - 1
9517,2025-10-10T11:20:19.225507,0.008,780.0,592.0,1.5521938217479372,True,False,False,False,3,2,0,3,2,1,135,580,"[false, false, false]",80,2,0,Starfield Stage - 1
9526,2025-10-10T11:20:19.234507,0.009,782.5,592.0,1.5522656296186745,True,False,False,False,3,3,0,3,2,1,135,580,"[false, false, false]",80,2,0,Starfield Stage - 1
9535,2025-10-10T11:20:19.243135,0.009,785.0,592.0,1.5523368853101023,True,False,False,False,3,3,0,3,2,1,135,580,"[false, false, false]",80,2,0,Starfield Stage - 1
9544,2025-10-10T11:20:19.252049,0.009,787.5,592.0,1.5524075951662313,True,False,False,False,3,3,0,3,2,1,135,580,"[false, false, false]",80,2,0,Starfield Stage - 1
9552,2025-10-10T11:20:19.260622,0.009,790.0,592.0,1.5524777654342719,True,False,False,False,3,3,0,3,2,1,135,580,"[false, false, false]",80,2,0,Starfield Stage - 1
9560,2025-10-10T11:20:19.268922,0.008,792.5,592.0,1.5525474022664727,True,False,False,False,3,3,0,3,2,1,135,580,"[false, false, false]",80,2,0,Starfield Stage - 1
9569,2025-10-10T11:20:19.277411,0.008,795.0,592.0,1.5526165117219184,True,False,False,False,3,3,0,3,2,1,135,580,"[false, false, false]",80,2,0,Starfield Stage - 1
9577,2025-10-10T11:20:19.285388,0.008,797.5,592.0,1.552685099768286,True,False,False,False,3,3,0,3,2,1,135,580,"[false, false, false]",80,2,0,Starfield Stage - 1
9586,2025-10-10T11:20:19.294282,0.009,800.0,592.0,1.5527531722835624,True,False,False,False,3,3,0,3,2,1,135,580,"[false, false, false]",80,2,0,Starfield Stage - 1
9594,2025-10-10T11:20:19.302412,0.008,802.5,592.0,1.5528207350577223,True,False,False,False,3,3,0,3,2,1,135,580,"[false, false, false]",80,2,0,Starfield Stage - 1
9602,2025-10-10T11:20:19.310777,0.009,805.0,592.0,1.5528877937943693,True,False,False,False,3,3,0,3,2,1,135,580,"[false, false, false]",80,2,0,Starfield Stage - 1
9612,2025-10-10T11:20:19.320237,0.009,807.5,592.0,1.5529543541123405,True,False,False,False,4,3,0,3,2,1,135,580,"[true, false, false]",80,2,0,Starfield Stage - 1
9620,2025-10-10T11:20:19.328708,0.009,810.0,592.0,1.5530204215472754,True,False,False,False,4,3,0,3,2,1,135,580,"[true, false, false]",80,2,0,Starfield Stage - 1
9630,2025-10-10T11:20:19.338344,0.009,812.5,592.0,1.5530860015531491,True,False,False,False,4,3,0,4,2,1,135,580,"[true, false, false]",80,2,0,Starfield Stage - 1
9638,2025-10-10T11:20:19.346549,0.008,815.0,592.0,1.5531510995037736,True,False,False,False,4,3,0,4,2,1,135,580,"[true, false, false]",80,2,0,Starfield Stage - 1
9646,2025-10-10T11:20:19.354501,0.008,817.5,592.0,1.5532157206942645,True,False,False,False,4,3,0,4,2,1,135,580,"[true, false, false]",80,2,0,Starfield Stage - 1
9655,2025-10-10T11:20:19.363269,0.009,820.0,592.0,1.5532798703424762,True,False,False,False,4,3,0,4,2,1,135,580,"[true, false, false]",80,2,0,Starfield Stage - 1
9663,2025-10-10T11:20:19.371775,0.009,822.5,592.0,1.5533435535904054,True,False,False,False,4,3,0,4,2,1,135,580,"[true, false, false]",80,2,0,Starfield Stage - 1
9673,2025-10-10T11:20:19.381348,0.009,825.0,592.0,1.553406775505566,True,False,False,False,4,3,0,4,2,1,135,580,"[true, false, false]",80,2,0,Starfield Stage - 1
9681,2025-10-10T11:20:19.389899,0.009,827.5,592.0,1.5534695410823305,True,False,False,False,4,3,0,4,2,1,135,580,"[false, false, false]",80,2,0,Starfield Stage - 1
9690,2025-10-10T11:20:19.398460,0.008,830.0,592.0,1.5535318552432469,True,False,False,False,4,3,0,4,2,1,135,580,"[false, false, false]",80,2,0,Starfield Stage - 1
9698,2025-10-10T11:20:19.406945,0.009,832.5,592.0,1.5535937228403232,True,False,False,False,4,3,0,4,2,1,135,580,"[false, false, false]",80,2,0,Starfield Stage - 1
9707,2025-10-10T11:20:19.415537,0.008,835.0,592.0,1.553655148656288,True,False,False,False,4,3,0,4,2,1,135,580,"[false, false, false]",80,2,0,Starfield Stage - 1
9715,2025-10-10T11:20:19.423611,0.008,837.5,592.0,1.553716137405821,True,False,False,False,4,3,0,4,2,1,135,580,"[false, false, false]",80,2,0,Starfield Stage - 1
9723,2025-10-10T11:20:19.431765,0.009,840.0,592.0,1.55377669373676,True,False,False,False,4,3,0,4,2,1,135,580,"[false, false, false]",80,2,0,Starfield Stage - 1
9732,2025-10-10T11:20:19.440812,0.009,842.5,594.5,1.5503044959067405,True,False,False,True,4,3,0,3,2,1,135,580,"[false, false, false]",80,2,0,Starfield Stage - 1
9742,2025-10-10T11:20:19.450501,0.009,845.0,597.0,1.5468572388752007,True,False,False,True,4,3,0,3,2,1,135,580,"[false, false, false]",80,2,0,Starfield Stage - 1
9750,2025-10-10T11:20:19.458731,0.009,847.5,599.5,1.5434347359333513,True,False,False,True,4,3,0,3,2,1,135,580,"[false, false, false]",80,2,0,Starfield Stage - 1
9759,2025-10-10T11:20:19.467776,0.009,850.0,602.0,1.5400368007244274,True,False,False,True,4,3,0,3,2,1,135,580,"[false, false, false]",80,2,0,Starfield Stage - 1
9768,2025-10-10T11:20:19.476930,0.009,852.5,604.5,1.536663247288118,True,False,False,True,4,3,0,3,2,1,135,580,"[false, false, false]",80,2,0,Starfield Stage - 1
9777,2025-10-10T11:20:19.485614,0.008,855.0,607.0,1.533313890103235,True,False,False,True,4,3,0,3,2,1,135,580,"[false, false, false]",80,2,0,Starfield Stage - 1
9785,2025-10-10T11:20:19.493344,0.008,857.5,609.5,1.5299885441286594,True,False,False,True,5,3,0,3,2,1,135,580,"[true, false, false]",80,2,0,Starfield Stage - 1
9793,2025-10-10T11:20:19.501838,0.008,860.0,612.0,1.5266870248426125,True,False,False,True,5,3,0,3,2,1,135,580,"[true, false, false]",80,2,0,Starfield Stage - 1
9801,2025-10-10T11:20:19.509612,0.009,862.5,614.5,1.5234091482802965,True,False,False,True,5,3,0,3,2,1,135,580,"[true, false, false]",80,2,0,Starfield Stage - 1
9810,2025-10-10T11:20:19.518100,0.008,865.0,617.0,1.5201547310699393,True,False,False,True,5,3,0,3,2,1,135,580,"[true, false, false]",80,2,0,Starfield Stage - 1
9818,2025-10-10T11:20:19.526589,0.009,867.5,619.5,1.5169235904672942,True,False,False,True,5,3,0,3,2,1,135,580,"[true, false, false]",80,2,0,Starfield Stage - 1
9827,2025-10-10T11:20:19.535342,0.008,870.0,622.0,1.513715544388632,True,False,False,True,5,3,0,3,2,1,135,580,"[true, false, false]",80,2,0,Starfield Stage - 1
9836,2025-10-10T11:20:19.544382,0.009,872.5,624.5,1.5105304114422646,True,False,False,True,5,3,0,3,2,1,135,580,"[true, false, false]",80,2,0,Starfield Stage - 1
9844,2025-10-10T11:20:19.552608,0.009,875.0,627.0,1.5073680109586438,True,False,False,True,5,3,0,3,2,1,135,580,"[true, false, false]",80,2,0,Starfield Stage - 1
9853,2025-10-10T11:20:19.561927,0.009,877.5,629.5,1.5042281630190728,True,False,False,True,5,3,0,3,2,1,135,580,"[true, false, false]",80,2,0,Starfield Stage - 1
9862,2025-10-10T11:20:19.570527,0.008,880.0,632.0,1.5011106884830698,True,False,False,True,5,3,0,3,2,1,135,580,"[true, false, false]",80,2,0,Starfield Stage - 1
9871,2025-10-10T11:20:19.579082,0.009,882.5,634.5,1.4980154090144224,True,False,False,True,5,3,0,3,2,1,135,580,"[false, false, false]",80,2,0,Starfield Stage - 1
9879,2025-10-10T11:20:19.587877,0.009,885.0,637.0,1.4949421471059707,True,False,False,True,5,3,0,3,2,1,135,580,"[false, false, false]",80,2,0,Starfield Stage - 1
9889,2025-10-10T11:20:19.597539,0.01,887.5,639.5,1.4918907261031535,True,False,False,True,4,3,0,3,2,1,135,580,"[false, false, false]",80,2,0,Starfield Stage - 1
9898,2025-10-10T11:20:19.606460,0.008,890.0,642.0,1.49149279536411,True,False,False,True,4,3,0,3,2,1,135,582,"[false, false, false]",80,2,0,Starfield Stage - 1
9906,2025-10-10T11:20:19.614615,0.009,892.5,644.5,1.4937215887748376,True,False,False,True,4,3,0,3,2,1,135,586,"[false, false, false]",80,2,0,Starfield Stage - 1
9916,2025-10-10T11:20:19.624099,0.009,895.0,647.0,1.4971484805871098,True,False,False,True,4,3,0,3,2,1,136,591,"[false, false, false]",80,2,0,Starfield Stage - 1
9924,2025-10-10T11:20:19.632639,0.009,897.5,649.5,1.503092197062398,True,False,False,True,4,3,0,3,2,1,138,598,"[false, false, false]",80,2,0,Starfield Stage - 1
9933,2025-10-10T11:20:19.641801,0.009,900.0,652.0,1.5090328783828395,True,False,False,True,4,3,0,3,2,1,140,605,"[false, false, false]",80,2,0,Starfield Stage - 1
9943,2025-10-10T11:20:19.651459,0.009,902.5,654.5,1.5136593740803161,True,False,False,True,4,3,0,3,2,1,142,611,"[false, false, false]",80,2,0,Starfield Stage - 1
9951,2025-10-10T11:20:19.659542,0.008,905.0,657.0,1.522022374817282,True,False,False,True,4,3,0,3,2,1,147,620,"[false, false, false]",80,2,0,Starfield Stage - 1
9998,2025-10-10T11:20:19.706023,0.009,907.5,659.5,1.525283224324967,True,False,False,True,3,3,0,3,2,1,150,625,"[false, false, false]",110,2,0,Starfield Stage - 1
10002,2025-10-10T11:20:19.710528,0.041,910.0,662.0,1.5272881805876042,True,False,False,True,3,3,0,3,2,1,152,629,"[false, false, false]",110,2,0,Starfield Stage - 1
10009,2025-10-10T11:20:19.717541,0.008,912.5,662.0,1.545451521523214,True,False,False,False,4,3,0,3,2,1,163,643,"[true, false, false]",110,2,0,Starfield Stage - 1
10017,2025-10-10T11:20:19.725443,0.008,915.0,662.0,1.5481637073098922,True,False,False,False,4,3,0,3,2,1,164,645,"[true, false, false]",110,2,0,Starfield Stage - 1
10026,2025-10-10T11:20:19.734139,0.009,917.5,662.0,1.5482387734341756,True,False,False,False,4,3,0,3,2,1,164,645,"[true, false, false]",110,2,0,Starfield Stage - 1
10034,2025-10-10T11:20:19.742509,0.008,917.5,662.0,1.5495652771758848,True,True,False,False,4,3,0,3,2,1,164,646,"[true, false, false]",110,2,0,Starfield Stage - 1
10042,2025-10-10T11:20:19.750696,0.008,917.5,662.0,1.5495652771758848,True,True,False,False,4,3,0,3,2,1,164,646,"[true, false, false]",110,2,0,Starfield Stage - 1
10050,2025-10-10T11:20:19.758847,0.009,917.5,662.0,1.549537071651047,True,True,False,False,4,3,0,3,3,1,165,646,"[true, false, false]",110,2,0,Starfield Stage - 1
10059,2025-10-10T11:20:19.767402,0.008,917.5,662.0,1.5508388970515732,True,True,False,False,4,3,0,3,3,1,166,647,"[false, false, false]",110,2,0,Starfield Stage - 1
10067,2025-10-10T11:20:19.775380,0.008,917.5,662.0,1.552119379368028,True,True,False,False,4,3,0,3,3,1,168,648,"[false, false, false]",110,2,0,Starfield Stage - 1
10076,2025-10-10T11:20:19.784037,0.009,915.0,662.0,1.5546252298080332,False,True,False,False,3,3,0,3,3,1,173,650,"[false, false, false]",110,2,0,Starfield Stage - 1
10084,2025-10-10T11:20:19.792245,0.008,912.5,662.0,1.5571639061868265,False,True,False,False,3,3,0,3,3,1,179,652,"[false, false, false]",110,2,0,Starfield Stage - 1
10092,2025-10-10T11:20:19.800748,0.009,910.0,662.0,1.5611013397005042,False,True,False,False,3,3,0,3,3,1,188,655,"[false, false, false]",110,2,0,Starfield Stage - 1
10102,2025-10-10T11:20:19.810344,0.009,907.5,662.0,1.565142676785618,False,True,False,False,3,3,0,3,3,1,200,658,"[false, false, false]",110,2,0,Starfield Stage - 1
10110,2025-10-10T11:20:19.818569,0.008,905.0,662.0,1.5693491498022876,False,True,False,False,3,3,0,3,3,1,214,661,"[false, false, false]",110,2,0,Starfield Stage - 1
10118,2025-10-10T11:20:19.826565,0.009,902.5,662.0,1.575257263746592,False,True,False,False,3,3,0,3,3,1,230,665,"[false, false, false]",110,2,0,Starfield Stage - 1
10127,2025-10-10T11:20:19.835652,0.009,900.0,662.0,1.583103397705568,False,True,False,False,3,3,0,3,3,1,250,670,"[false, false, false]",110,2,0,Starfield Stage - 1
10137,2025-10-10T11:20:19.845465,0.009,897.5,662.0,1.6037604739372615,False,True,False,False,3,3,0,3,3,1,291,682,"[false, false, false]",110,2,0,Starfield Stage - 1
10146,2025-10-10T11:20:19.854060,0.009,895.0,659.5,1.6229749485770832,False,True,True,False,3,3,0,3,3,1,311,690,"[false, false, false]",110,2,0,Starfield Stage - 1
10154,2025-10-10T11:20:19.862366,0.008,892.5,657.0,1.6458564771825894,False,True,True,False,3,3,0,3,3,1,334,699,"[false, false, false]",110,2,0,Starfield Stage - 1
10162,2025-10-10T11:20:19.870760,0.008,890.0,654.5,1.6713989474463598,False,True,True,False,3,3,0,3,3,1,360,708,"[false, false, false]",110,2,0,Starfield Stage - 1
10170,2025-10-10T11:20:19.878730,0.009,887.5,652.0,1.702689487997018,False,True,True,False,3,3,0,3,3,1,390,718,"[false, false, false]",110,2,0,Starfield Stage - 1
10216,2025-10-10T11:20:19.924128,0.009,885.0,649.5,1.7369978201040939,False,True,True,False,3,2,0,3,3,1,423,727,"[true, false, false]",130,2,0,Starfield Stage - 1
10218,2025-10-10T11:20:19.926885,0.039,882.5,647.0,1.7769893136385573,False,True,True,False,3,2,0,3,3,1,457,736,"[true, false, false]",130,2,0,Starfield Stage - 1
10227,2025-10-10T11:20:19.935610,0.008,880.0,644.5,1.9789049151946885,False,True,True,False,3,2,0,3,3,1,599,766,"[true, false, false]",130,2,0,Starfield Stage - 1
10236,2025-10-10T11:20:19.943997,0.009,877.5,642.0,2.013581429853705,False,True,True,False,3,2,0,3,3,1,616,766,"[false, false, false]",130,2,0,Starfield Stage - 1
10244,2025-10-10T11:20:19.952147,0.008,875.0,639.5,2.045761156725866,False,True,True,False,3,2,0,3,3,1,629,766,"[false, false, false]",130,2,0,Starfield Stage - 1
10252,2025-10-10T11:20:19.960733,0.009,872.5,637.0,2.0740522151506346,False,True,True,False,3,2,0,3,3,1,640,765,"[false, false, false]",130,2,0,Starfield Stage - 1
10261,2025-10-10T11:20:19.969077,0.008,870.0,634.5,2.1008378936619017,False,True,True,False,3,2,0,3,3,1,649,764,"[false, false, false]",130,2,0,Starfield Stage - 1
10269,2025-10-10T11:20:19.977576,0.009,867.5,632.0,2.1227175854454954,False,True,True,False,3,2,0,3,3,1,658,761,"[false, false, false]",130,2,0,Starfield Stage - 1
10278,2025-10-10T11:20:19.986891,0.009,865.0,629.5,2.1441629731522904,False,True,True,False,3,2,0,3,3,1,666,758,"[false, false, false]",130,2,0,Starfield Stage - 1
10287,2025-10-10T11:20:19.995398,0.008,862.5,627.0,2.1673197222963174,False,True,True,False,3,2,0,3,3,1,674,755,"[false, false, false]",130,2,0,Starfield Stage - 1
10295,2025-10-10T11:20:20.003399,0.008,860.0,624.5,2.1973419244899244,False,True,True,False,3,2,0,3,3,1,688,749,"[false, false, false]",130,2,0,Starfield Stage - 1
10303,2025-10-10T11:20:20.011884,0.008,857.5,622.0,2.2235294376327914,False,True,True,False,3,2,0,3,3,1,694,747,"[false, false, false]",130,2,0,Starfield Stage - 1
10311,2025-10-10T11:20:20.019569,0.009,855.0,619.5,2.2521468150700503,False,True,True,False,3,2,0,3,3,1,699,746,"[false, false, false]",130,2,0,Starfield Stage - 1
10320,2025-10-10T11:20:20.028662,0.009,852.5,617.0,2.2788714829684436,False,True,True,False,3,2,0,3,3,1,703,745,"[false, false, false]",130,2,0,Starfield Stage - 1
10330,2025-10-10T11:20:20.038466,0.009,850.0,614.5,2.3066936765744592,False,True,True,False,3,2,0,3,3,1,707,744,"[false, false, false]",130,2,0,Starfield Stage - 1
10339,2025-10-10T11:20:20.046964,0.009,847.5,612.0,2.335789159505807,False,True,True,False,3,2,0,3,3,1,710,744,"[false, false, false]",130,2,0,Starfield Stage - 1
10347,2025-10-10T11:20:20.055324,0.008,845.0,609.5,2.373206081497701,False,True,True,False,3,2,0,3,3,1,715,744,"[false, false, false]",130,2,0,Starfield Stage - 1
10355,2025-10-10T11:20:20.063845,0.009,842.5,607.0,2.415625380312272,False,True,True,False,4,2,0,3,3,1,720,745,"[true, false, false]",130,2,0,Starfield Stage - 1
10364,2025-10-10T11:20:20.072406,0.008,840.0,604.5,2.4660024546702,False,True,True,False,4,2,0,4,4,1,725,748,"[true, false, false]",130,2,0,Starfield Stage - 1
10372,2025-10-10T11:20:20.080675,0.009,837.5,602.0,2.5241867618382208,False,True,True,False,4,2,0,4,4,1,731,752,"[true, false, false]",130,2,0,Starfield Stage - 1
10382,2025-10-10T11:20:20.090007,0.009,835.0,599.5,2.589583500720114,False,True,True,False,4,2,0,4,4,1,738,757,"[true, false, false]",130,2,0,Starfield Stage - 1
10390,2025-10-10T11:20:20.098575,0.009,832.5,597.0,2.649279064024707,False,True,True,False,4,2,0,4,4,1,744,762,"[true, false, false]",130,2,0,Starfield Stage - 1
10399,2025-10-10T11:20:20.107864,0.009,830.0,594.5,2.69808450140269,False,True,True,False,4,2,0,4,4,1,749,765,"[true, false, false]",130,2,0,Starfield Stage - 1
10408,2025-10-10T11:20:20.116382,0.008,827.5,592.0,2.7528340366224318,False,True,True,False,4,2,0,4,4,1,755,769,"[true, false, false]",130,2,0,Starfield Stage - 1
10416,2025-10-10T11:20:20.124316,0.008,825.0,589.5,2.7794683373554454,False,True,True,False,4,2,0,4,4,1,757,769,"[false, false, false]",130,2,0,Starfield Stage - 1
10424,2025-10-10T11:20:20.132778,0.009,822.5,587.0,2.802728855576017,False,True,True,False,4,2,0,4,4,1,758,770,"[false, false, false]",130,2,0,Starfield Stage - 1
10434,2025-10-10T11:20:20.142372,0.009,820.0,584.5,2.8287631926103907,False,True,True,False,4,2,0,4,4,1,760,770,"[false, false, false]",130,2,0,Starfield Stage - 1
10442,2025-10-10T11:20:20.150301,0.008,817.5,582.0,2.8629398872547247,False,True,True,False,4,2,0,4,4,1,764,769,"[false, false, false]",130,2,0,Starfield Stage - 1
10450,2025-10-10T11:20:20.158486,0.008,815.0,579.5,2.90604767286893,False,True,True,False,4,2,0,4,4,1,770,767,"[false, false, false]",130,2,0,Starfield Stage - 1
10458,2025-10-10T11:20:20.166038,0.008,812.5,577.0,2.9549603890008367,False,True,True,False,4,2,0,4,4,1,777,765,"[false, false, false]",130,2,0,Starfield Stage - 1
10467,2025-10-10T11:20:20.175703,0.01,810.0,574.5,3.010424007187732,False,True,True,False,4,2,0,5,4,1,785,764,"[false, false, false]",130,2,0,Starfield Stage - 1
10476,2025-10-10T11:20:20.184731,0.009,807.5,572.0,3.0606182655473515,False,True,True,False,4,2,0,5,4,1,792,763,"[false, false, false]",130,2,0,Starfield Stage - 1
10486,2025-10-10T11:20:20.194349,0.009,805.0,569.5,3.1153519589761873,False,True,True,False,4,2,0,5,4,1,800,760,"[false, false, false]",130,2,0,Starfield Stage - 1
10494,2025-10-10T11:20:20.202631,0.009,802.5,567.0,-3.123076251521784,False,True,True,False,4,2,0,5,4,1,806,756,"[false, false, false]",130,2,0,Starfield Stage - 1
10503,2025-10-10T11:20:20.211612,0.009,800.0,564.5,-3.072000126147675,False,True,True,False,4,2,0,5,4,1,813,751,"[false, false, false]",130,2,0,Starfield Stage - 1
10512,2025-10-10T11:20:20.220681,0.009,797.5,562.0,-2.981054363057451,False,True,True,False,4,2,0,5,4,1,826,738,"[false, false, false]",130,2,0,Starfield Stage - 1
10522,2025-10-10T11:20:20.230262,0.009,800.0,559.5,-2.957124985056864,True,False,True,False,4,2,0,5,4,1,832,731,"[false, false, false]",130,2,0,Starfield Stage - 1
10530,2025-10-10T11:20:20.238483,0.008,802.5,557.0,-2.9390513415594874,True,False,True,False,4,2,0,5,4,1,837,725,"[false, false, false]",130,2,0,Starfield Stage - 1
10538,2025-10-10T11:20:20.246568,0.008,805.0,554.5,-2.9274065467229797,True,False,True,False,4,2,0,5,4,1,841,720,"[false, false, false]",130,2,0,Starfield Stage - 1
10547,2025-10-10T11:20:20.255556,0.01,807.5,552.0,-2.9226009188310003,True,False,True,False,5,2,0,5,4,1,844,716,"[true, false, false]",130,2,0,Starfield Stage - 1
10556,2025-10-10T11:20:20.264663,0.008,810.0,552.0,-2.909809705438376,True,False,False,False,5,2,0,5,4,1,848,713,"[true, false, false]",130,2,0,Starfield Stage - 1
10563,2025-10-10T11:20:20.271856,0.008,812.5,552.0,-2.9113730663129496,True,False,False,False,5,2,0,5,4,1,850,712,"[true, false, false]",130,2,0,Starfield Stage - 1
10574,2025-10-10T11:20:20.282036,0.009,815.0,552.0,-2.9115605604515604,True,False,False,False,5,3,0,5,4,1,852,710,"[true, false, false]",130,2,0,Starfield Stage - 1
10581,2025-10-10T11:20:20.289741,0.009,817.5,552.0,-2.9192175252241412,True,False,False,False,5,3,0,5,4,1,853,709,"[true, false, false]",130,2,0,Starfield Stage - 1
10590,2025-10-10T11:20:20.298355,0.008,820.0,552.0,-2.9331274352098053,True,False,False,False,5,3,0,5,4,1,853,708,"[true, false, false]",130,2,0,Starfield Stage - 1
10598,2025-10-10T11:20:20.306935,0.009,822.5,552.0,-2.939830309269506,True,False,False,False,5,3,0,5,4,1,854,706,"[true, false, false]",130,2,0,Starfield Stage - 1
10607,2025-10-10T11:20:20.315298,0.008,825.0,552.0,-2.954272319564052,True,False,False,False,4,3,0,5,4,1,854,705,"[false, false, false]",130,2,0,Starfield Stage - 1
10615,2025-10-10T11:20:20.323209,0.008,827.5,552.0,-2.9513537705128097,True,False,False,False,4,3,0,5,4,1,856,700,"[false, false, false]",130,2,0,Starfield Stage - 1
10623,2025-10-10T11:20:20.331267,0.008,830.0,552.0,-2.9508371023945283,True,False,False,False,4,3,0,5,4,1,858,697,"[false, false, false]",130,2,0,Starfield Stage - 1
10631,2025-10-10T11:20:20.339456,0.008,832.5,552.0,-2.9502987129334395,True,False,False,False,4,3,0,5,4,1,860,694,"[false, false, false]",130,2,0,Starfield Stage - 1
10675,2025-10-10T11:20:20.383365,0.008,835.0,552.0,-2.9510745643961442,True,False,False,False,3,3,0,5,4,1,862,692,"[false, false, false]",160,2,0,Starfield Stage - 1
10677,2025-10-10T11:20:20.385409,0.038,837.5,552.0,-2.946273215324492,True,False,False,False,3,3,0,5,5,1,865,691,"[false, false, false]",160,2,0,Starfield Stage - 1
10685,2025-10-10T11:20:20.393295,0.008,840.0,552.0,-2.9190627230404553,True,False,False,False,3,3,0,5,5,1,871,689,"[false, false, false]",160,2,0,Starfield Stage - 1
10693,2025-10-10T11:20:20.401285,0.008,842.5,552.0,-2.936488767088169,True,False,False,False,3,3,0,5,5,1,871,689,"[false, false, false]",160,2,0,Starfield Stage - 1
10701,2025-10-10T11:20:20.409544,0.008,845.0,552.0,-2.954042063984424,True,False,False,False,3,3,0,5,5,1,871,689,"[false, false, false]",160,2,0,Starfield Stage - 1
10709,2025-10-10T11:20:20.417598,0.009,847.5,552.0,-2.971713083025367,True,False,False,False,4,3,0,5,5,1,871,689,"[true, false, false]",160,2,0,Starfield Stage - 1
10718,2025-10-10T11:20:20.426635,0.009,850.0,552.0,-2.989491871491675,True,False,False,False,4,3,0,5,5,1,871,689,"[true, false, false]",160,2,0,Starfield Stage - 1
10728,2025-10-10T11:20:20.436346,0.009,852.5,552.0,-3.008329208741344,True,False,False,False,4,3,0,5,5,1,871,690,"[true, false, false]",160,2,0,Starfield Stage - 1
10736,2025-10-10T11:20:20.444275,0.008,855.0,552.0,-3.03707974833456,True,False,False,False,4,3,0,5,5,1,870,695,"[true, false, false]",160,2,0,Starfield Stage - 1
10744,2025-10-10T11:20:20.452899,0.009,857.5,552.0,-3.061900675053053,True,False,False,False,4,3,0,5,5,1,869,696,"[true, false, false]",160,2,0,Starfield Stage - 1
10788,2025-10-10T11:20:20.496822,0.009,860.0,552.0,-3.079603212395273,True,False,False,False,3,2,0,5,5,1,869,697,"[true, false, false]",180,2,0,Starfield Stage - 1
10791,2025-10-10T11:20:20.499119,0.037,862.5,552.0,-3.103679794680491,True,False,False,False,3,2,0,5,5,1,868,697,"[true, false, false]",180,2,0,Starfield Stage - 1
10799,2025-10-10T11:20:20.507369,0.008,865.0,552.0,3.120905949809949,True,False,False,False,3,2,0,5,5,1,862,697,"[false, false, false]",180,2,0,Starfield Stage - 1
10807,2025-10-10T11:20:20.515326,0.008,867.5,552.0,3.0899145691073633,True,False,False,False,2,2,0,5,5,1,860,697,"[false, false, false]",180,2,0,Starfield Stage - 1
10815,2025-10-10T11:20:20.523699,0.009,870.0,554.5,3.0575803417822986,True,False,False,True,2,2,0,5,5,1,858,697,"[false, false, false]",180,2,0,Starfield Stage - 1
10825,2025-10-10T11:20:20.533226,0.009,872.5,557.0,3.0234405037254524,True,False,False,True,2,2,0,5,5,1,856,696,"[false, false, false]",180,2,0,Starfield Stage - 1
10833,2025-10-10T11:20:20.541249,0.008,875.0,559.5,2.9817946979998773,True,False,False,True,2,2,0,5,5,1,853,696,"[false, false, false]",180,2,0,Starfield Stage - 1
10841,2025-10-10T11:20:20.549765,0.008,877.5,562.0,2.944920159412888,True,False,False,True,2,2,0,5,5,1,851,695,"[false, false, false]",180,2,0,Starfield Stage - 1
10849,2025-10-10T11:20:20.557561,0.008,880.0,564.5,2.8975297411226975,True,False,False,True,2,2,0,5,5,1,848,693,"[false, false, false]",180,2,0,Starfield Stage - 1
10857,2025-10-10T11:20:20.565488,0.009,882.5,567.0,2.8479177481470597,True,False,False,True,2,2,0,5,5,1,845,691,"[false, false, false]",180,2,0,Starfield Stage - 1
10866,2025-10-10T11:20:20.574469,0.008,885.0,569.5,2.7832884011958465,True,False,False,True,2,2,0,5,5,1,841,687,"[false, false, false]",180,2,0,Starfield Stage - 1
10875,2025-10-10T11:20:20.583093,0.009,887.5,572.0,2.7112044944308766,True,False,False,True,2,2,0,5,5,1,837,682,"[false, false, false]",180,2,0,Starfield Stage - 1
10883,2025-10-10T11:20:20.591683,0.009,890.0,574.5,2.6266592579712933,True,False,False,True,2,2,0,5,5,1,832,677,"[false, false, false]",180,2,0,Starfield Stage - 1
10892,2025-10-10T11:20:20.600731,0.009,892.5,577.0,2.5357772074298386,True,False,False,True,3,2,0,5,5,1,826,673,"[true, false, false]",180,2,0,Starfield Stage - 1
10902,2025-10-10T11:20:20.610161,0.009,895.0,579.5,2.444113156189049,True,False,False,True,3,2,0,5,5,1,820,669,"[true, false, false]",180,2,0,Starfield Stage - 1
10910,2025-10-10T11:20:20.618344,0.008,897.5,582.0,2.3355484566581266,True,False,False,True,3,2,0,5,5,1,811,665,"[true, false, false]",180,2,0,Starfield Stage - 1
10918,2025-10-10T11:20:20.626358,0.008,900.0,584.5,2.2286849319771065,True,False,False,True,3,2,0,5,5,1,801,661,"[true, false, false]",180,2,0,Starfield Stage - 1
10926,2025-10-10T11:20:20.634381,0.008,902.5,587.0,2.1040591502925836,True,False,False,True,3,2,0,5,5,1,789,654,"[true, false, false]",180,2,0,Starfield Stage - 1
10934,2025-10-10T11:20:20.642436,0.008,905.0,589.5,1.9779890754251024,True,False,False,True,3,2,0,5,5,1,774,646,"[true, false, false]",180,2,0,Starfield Stage - 1
10943,2025-10-10T11:20:20.651082,0.009,907.5,592.0,1.8508619883791009,True,False,False,True,3,2,0,5,5,1,758,635,"[true, false, false]",180,2,0,Starfield Stage - 1
10951,2025-10-10T11:20:20.659086,0.008,910.0,592.0,1.672593767980937,True,False,False,False,3,2,0,5,5,1,724,611,"[false, false, false]",180,2,0,Starfield Stage - 1
10959,2025-10-10T11:20:20.667417,0.008,912.5,592.0,1.6712527942491227,True,False,False,False,3,2,0,5,5,1,724,611,"[false, false, false]",180,2,0,Starfield Stage - 1
10967,2025-10-10T11:20:20.675297,0.008,915.0,592.0,1.5443707615350784,True,False,False,False,3,2,0,5,5,1,688,586,"[false, false, false]",180,2,0,Starfield Stage - 1
10975,2025-10-10T11:20:20.683276,0.008,917.5,592.0,1.5016602540804336,True,False,False,False,3,2,0,5,5,1,672,575,"[false, false, false]",180,2,0,Starfield Stage - 1
10983,2025-10-10T11:20:20.691260,0.008,920.0,592.0,1.4647319752049555,True,False,False,False,3,2,0,5,5,1,657,564,"[false, false, false]",180,2,0,Starfield Stage - 1
10991,2025-10-10T11:20:20.699414,0.008,922.5,592.0,1.4387152166674495,True,False,False,False,3,2,0,5,5,1,644,555,"[false, false, false]",180,2,0,Starfield Stage - 1
10999,2025-10-10T11:20:20.707646,0.009,925.0,592.0,1.4106671275812674,True,False,False,False,3,2,0,5,5,1,634,545,"[false, false, false]",180,2,0,Starfield Stage - 1
11008,2025-10-10T11:20:20.716643,0.008,927.5,592.0,1.3871510995126264,True,False,False,False,3,2,0,5,5,1,626,536,"[false, false, false]",180,2,0,Starfield Stage - 1
11016,2025-10-10T11:20:20.724343,0.008,930.0,592.0,1.3610251611578146,True,False,False,False,3,2,0,5,5,1,620,526,"[false, false, false]",180,2,0,Starfield Stage - 1
11025,2025-10-10T11:20:20.733211,0.009,932.5,592.0,1.3321466930842343,True,False,False,False,3,2,0,5,5,1,616,515,"[false, false, false]",180,2,0,Starfield Stage - 1
11033,2025-10-10T11:20:20.741537,0.008,935.0,592.0,1.3061265548045191,True,False,False,False,3,2,0,5,5,1,614,505,"[false, false, false]",180,2,0,Starfield Stage - 1
11041,2025-10-10T11:20:20.749653,0.008,937.5,592.0,1.279481336059698,True,False,False,False,3,2,0,5,5,1,614,495,"[false, false, false]",180,2,0,Starfield Stage - 1
11049,2025-10-10T11:20:20.757616,0.008,940.0,592.0,1.2564944242104976,True,False,False,False,2,2,0,5,5,1,617,487,"[false, false, false]",180,2,0,Starfield Stage - 1
11057,2025-10-10T11:20:20.765611,0.009,942.5,592.0,1.2328059009105836,True,False,False,False,2,2,0,5,5,1,621,479,"[false, false, false]",180,2,0,Starfield Stage - 1
11066,2025-10-10T11:20:20.774732,0.009,945.0,592.0,1.2137444585443307,True,False,False,False,2,2,0,5,5,1,626,473,"[false, false, false]",180,2,0,Starfield Stage - 1
11076,2025-10-10T11:20:20.784210,0.009,947.5,592.0,1.2001337662490597,True,False,False,False,3,2,0,5,5,1,631,469,"[true, false, false]",180,2,0,Starfield Stage - 1
11084,2025-10-10T11:20:20.792901,0.009,950.0,592.0,1.1902899496825317,True,False,False,False,3,2,0,5,5,1,635,466,"[true, false, false]",180,2,0,Starfield Stage - 1
11093,2025-10-10T11:20:20.801403,0.008,952.5,592.0,1.187004990242035,True,False,False,False,3,2,0,5,5,1,638,465,"[true, false, false]",180,2,0,Starfield Stage - 1
11101,2025-10-10T11:20:20.809754,0.009,955.0,592.0,1.1897461759460246,True,False,False,False,3,2,0,5,5,1,638,465,"[true, false, false]",180,2,0,Starfield Stage - 1
11109,2025-10-10T11:20:20.817913,0.008,957.5,592.0,1.1924503567993845,True,False,False,False,3,2,0,5,5,1,638,465,"[true, false, false]",180,2,0,Starfield Stage - 1
11118,2025-10-10T11:20:20.826511,0.008,960.0,592.0,1.1951182383428198,True,False,False,False,3,2,0,5,5,1,638,465,"[true, false, false]",180,2,0,Starfield Stage - 1
11126,2025-10-10T11:20:20.834546,0.008,962.5,592.0,1.1977505093695016,True,False,False,False,2,2,0,5,5,1,638,465,"[true, false, false]",180,2,0,Starfield Stage - 1
11134,2025-10-10T11:20:20.842812,0.009,965.0,592.0,1.2003478423813374,True,False,False,False,2,2,0,5,5,1,638,465,"[true, false, false]",180,2,0,Starfield Stage - 1
11143,2025-10-10T11:20:20.851854,0.009,967.5,592.0,1.2018897457555662,True,False,False,False,2,2,0,5,5,1,639,465,"[false, false, false]",180,2,0,Starfield Stage - 1
11152,2025-10-10T11:20:20.860489,0.008,970.0,592.0,1.1993130593626178,True,False,False,False,2,2,0,5,5,1,644,465,"[false, false, false]",180,2,0,Starfield Stage - 1
11160,2025-10-10T11:20:20.868937,0.009,972.5,592.0,1.2004256388574095,True,False,False,False,2,2,0,5,5,1,648,466,"[false, false, false]",180,2,0,Starfield Stage - 1
11169,2025-10-10T11:20:20.877427,0.008,975.0,592.0,1.2038319170573855,True,False,False,False,2,2,0,5,5,1,655,469,"[false, false, false]",180,2,0,Starfield Stage - 1
11177,2025-10-10T11:20:20.885271,0.008,977.5,592.0,1.2073446921004582,True,False,False,False,2,2,0,5,5,1,662,472,"[false, false, false]",180,2,0,Starfield Stage - 1
11186,2025-10-10T11:20:20.893966,0.009,980.0,592.0,1.2116710466101102,True,False,False,False,2,2,0,5,5,1,671,476,"[false, false, false]",180,2,0,Starfield Stage - 1
11194,2025-10-10T11:20:20.902355,0.008,982.5,592.0,1.2140329530984335,True,False,False,False,2,2,0,5,5,1,682,480,"[false, false, false]",180,2,0,Starfield Stage - 1
11202,2025-10-10T11:20:20.910757,0.009,985.0,592.0,1.2195528007769536,True,False,False,False,1,2,0,5,5,1,693,485,"[false, false, false]",180,2,0,Starfield Stage - 1
11211,2025-10-10T11:20:20.919273,0.008,987.5,592.0,1.2274360635169188,True,False,False,False,1,2,0,5,5,1,705,491,"[false, false, false]",180,2,0,Starfield Stage - 1
11219,2025-10-10T11:20:20.927553,0.009,990.0,592.0,1.2359174238447146,True,False,False,False,1,2,0,5,5,1,717,497,"[false, false, false]",180,2,0,Starfield Stage - 1
11228,2025-10-10T11:20:20.936550,0.009,992.5,592.0,1.2473518158028223,True,False,False,False,1,2,0,5,5,1,727,503,"[false, false, false]",180,2,0,Starfield Stage - 1
11237,2025-10-10T11:20:20.945380,0.008,995.0,592.0,1.2536861103212753,True,False,False,False,1,2,0,5,5,1,736,507,"[false, false, false]",180,2,0,Starfield Stage - 1
11245,2025-10-10T11:20:20.953944,0.009,997.5,592.0,1.2637939655528492,True,False,False,False,1,2,0,5,5,1,742,511,"[false, false, false]",180,2,0,Starfield Stage - 1
11254,2025-10-10T11:20:20.962466,0.008,1000.0,592.0,1.276452495949878,True,False,False,False,2,2,0,5,5,1,746,515,"[true, false, false]",180,2,0,Starfield Stage - 1
11298,2025-10-10T11:20:21.006231,0.009,1002.5,592.0,1.295093390075798,True,False,False,False,1,2,0,5,5,1,748,520,"[true, false, false]",200,2,0,Starfield Stage - 1
11301,2025-10-10T11:20:21.009254,0.038,1005.0,592.0,1.3111666973866392,True,False,False,False,0,0,0,0,0,0,749,524,"[true, false, false]",200,2,1,Starfield Stage - 2
11309,2025-10-10T11:20:21.017212,0.008,1007.5,594.5,1.340030370054088,True,False,False,True,0,0,0,0,0,0,750,534,"[true, false, false]",200,2,1,Starfield Stage - 2
11317,2025-10-10T11:20:21.025382,0.008,1010.0,597.0,1.3367065254892703,True,False,False,True,0,0,0,0,0,0,750,535,"[true, false, false]",200,2,1,Starfield Stage - 2
11324,2025-10-10T11:20:21.032816,0.008,1012.5,599.5,1.3298553267868196,True,False,False,True,0,0,0,0,0,0,750,535,"[false, false, false]",200,2,1,Starfield Stage - 2
11333,2025-10-10T11:20:21.041234,0.008,1015.0,602.0,1.323155735616448,True,False,False,True,0,0,0,0,0,0,750,535,"[false, false, false]",200,2,1,Starfield Stage - 2
11342,2025-10-10T11:20:21.050892,0.01,1017.5,604.5,1.3166033566594935,True,False,False,True,0,0,0,0,0,0,750,535,"[false, false, false]",200,2,1,Starfield Stage - 2
11351,2025-10-10T11:20:21.059572,0.008,1020.0,607.0,1.3118203276655795,True,False,False,True,0,0,0,0,0,0,752,536,"[false, false, false]",200,2,1,Starfield Stage - 2
11359,2025-10-10T11:20:21.067799,0.009,1020.0,609.5,1.305653803262541,True,True,False,True,0,0,0,0,0,0,753,537,"[false, false, false]",200,2,1,Starfield Stage - 2
11369,2025-10-10T11:20:21.077284,0.009,1020.0,612.0,1.2984876095941396,True,True,False,True,0,0,0,0,0,0,755,538,"[false, false, false]",200,2,1,Starfield Stage - 2
11377,2025-10-10T11:20:21.085395,0.008,1020.0,614.5,1.2877324109580712,True,True,False,True,0,0,0,0,0,0,757,538,"[false, false, false]",200,2,1,Starfield Stage - 2
11384,2025-10-10T11:20:21.092848,0.008,1020.0,617.0,1.2814418417636264,True,True,False,True,0,0,0,0,0,0,758,539,"[false, false, false]",200,2,1,Starfield Stage - 2
11393,2025-10-10T11:20:21.101331,0.008,1020.0,619.5,1.2716244478002063,True,True,False,True,0,0,0,0,0,0,759,539,"[false, false, false]",200,2,1,Starfield Stage - 2
11401,2025-10-10T11:20:21.109584,0.009,1020.0,622.0,1.262901698545383,True,True,False,True,0,0,0,0,0,0,759,539,"[false, false, false]",200,2,1,Starfield Stage - 2
11410,2025-10-10T11:20:21.118852,0.009,1020.0,624.5,1.254227073182493,True,True,False,True,0,0,0,0,0,0,759,539,"[false, false, false]",200,2,1,Starfield Stage - 2
11420,2025-10-10T11:20:21.128394,0.009,1020.0,627.0,1.2456014691413477,True,True,False,True,0,0,0,0,0,0,759,539,"[false, false, false]",200,2,1,Starfield Stage - 2
11428,2025-10-10T11:20:21.136573,0.008,1020.0,629.5,1.2370257445660995,True,True,False,True,0,0,0,0,0,0,759,539,"[false, false, false]",200,2,1,Starfield Stage - 2
11436,2025-10-10T11:20:21.144539,0.008,1020.0,632.0,1.2285007183648542,True,True,False,True,1,0,0,0,0,0,759,539,"[true, false, false]",200,2,1,Starfield Stage - 2
11444,2025-10-10T11:20:21.152029,0.008,1017.5,632.0,1.2254462397372459,False,True,False,False,0,0,0,0,0,0,759,539,"[true, false, false]",200,2,1,Starfield Stage - 2
11452,2025-10-10T11:20:21.160553,0.009,1015.0,632.0,1.2223389994867746,False,True,False,False,0,0,0,0,0,0,759,539,"[true, false, false]",200,2,1,Starfield Stage - 2
11461,2025-10-10T11:20:21.169482,0.009,1012.5,632.0,1.2191776802200784,False,True,False,False,0,0,0,0,0,0,759,539,"[true, false, false]",200,2,1,Starfield Stage - 2
11470,2025-10-10T11:20:21.178532,0.009,1010.0,632.0,1.2159609226113355,False,True,False,False,0,0,0,0,0,0,759,539,"[true, false, false]",200,2,1,Starfield Stage - 2
11479,2025-10-10T11:20:21.187695,0.009,1007.5,632.0,1.212687323829617,False,True,False,False,0,0,0,0,0,0,759,539,"[true, false, false]",200,2,1,Starfield Stage - 2
11488,2025-10-10T11:20:21.196202,0.008,1005.0,632.0,1.209355435901344,False,True,False,False,0,0,0,0,0,0,759,539,"[true, false, false]",200,2,1,Starfield Stage - 2
11496,2025-10-10T11:20:21.204367,0.008,1002.5,632.0,1.2059637640051681,False,True,False,False,0,0,0,0,0,0,759,539,"[true, false, false]",200,2,1,Starfield Stage - 2
11504,2025-10-10T11:20:21.212697,0.009,1000.0,632.0,1.2025107646964994,False,True,False,False,0,0,0,0,0,0,759,539,"[false, false, false]",200,2,1,Starfield Stage - 2
11513,2025-10-10T11:20:21.221521,0.008,997.5,632.0,1.198994844058828,False,True,False,False,0,0,0,0,0,0,759,539,"[false, false, false]",200,2,1,Starfield Stage - 2
11521,2025-10-10T11:20:21.229582,0.009,995.0,632.0,1.1968544068111506,False,True,False,False,0,0,0,0,0,0,758,539,"[false, false, false]",200,2,1,Starfield Stage - 2
11529,2025-10-10T11:20:21.237689,0.008,992.5,632.0,1.1858863084232016,False,True,False,False,0,0,0,0,0,0,758,537,"[false, false, false]",200,2,1,Starfield Stage - 2
11538,2025-10-10T11:20:21.246201,0.008,990.0,632.0,1.1747815919211713,False,True,False,False,0,0,0,0,0,0,758,535,"[false, false, false]",200,2,1,Starfield Stage - 2
11547,2025-10-10T11:20:21.255248,0.009,987.5,632.0,1.1598726178623893,False,True,False,False,0,0,0,0,0,0,758,532,"[false, false, false]",200,2,1,Starfield Stage - 2
11555,2025-10-10T11:20:21.263179,0.008,985.0,632.0,1.1428478304734144,False,True,False,False,0,0,0,0,0,0,757,528,"[false, false, false]",200,2,1,Starfield Stage - 2
11563,2025-10-10T11:20:21.271216,0.008,982.5,632.0,1.1186934979359713,False,True,False,False,0,0,0,0,0,0,756,522,"[false, false, false]",200,2,1,Starfield Stage - 2
11571,2025-10-10T11:20:21.279501,0.008,980.0,632.0,1.0861360491092746,False,True,False,False,0,0,0,0,0,0,754,513,"[false, false, false]",200,2,1,Starfield Stage - 2
11579,2025-10-10T11:20:21.287592,0.009,977.5,632.0,1.0464357540032048,False,True,False,False,0,0,0,0,0,0,751,501,"[false, false, false]",200,2,1,Starfield Stage - 2
11588,2025-10-10T11:20:21.296694,0.009,975.0,632.0,0.9981299440890585,False,True,False,False,0,0,0,0,0,0,747,485,"[false, false, false]",200,2,1,Starfield Stage - 2
11598,2025-10-10T11:20:21.306024,0.009,972.5,632.0,0.9409689800411333,False,True,False,False,0,0,0,0,0,0,742,464,"[false, false, false]",200,2,1,Starfield Stage - 2
11606,2025-10-10T11:20:21.314153,0.008,970.0,632.0,0.8219410282735686,False,True,False,False,0,0,0,0,0,0,729,408,"[false, false, false]",200,2,1,Starfield Stage - 2
11614,2025-10-10T11:20:21.322496,0.009,967.5,632.0,0.7665698633485432,False,True,False,False,0,0,0,0,0,0,720,375,"[false, false, false]",200,2,1,Starfield Stage - 2
11623,2025-10-10T11:20:21.331593,0.009,965.0,632.0,0.7232074035685752,False,True,False,False,0,0,0,0,0,0,709,342,"[false, false, false]",200,2,1,Starfield Stage - 2
11632,2025-10-10T11:20:21.340165,0.008,962.5,632.0,0.6910499572831746,False,True,False,False,0,0,0,0,0,0,697,311,"[false, false, false]",200,2,1,Starfield Stage - 2
11641,2025-10-10T11:20:21.349455,0.009,960.0,632.0,0.6691249956484685,False,True,False,False,0,0,0,0,0,0,684,283,"[false, false, false]",200,2,1,Starfield Stage - 2
11649,2025-10-10T11:20:21.357126,0.008,957.5,632.0,0.6583462535999757,False,True,False,False,0,0,0,0,0,0,669,259,"[false, false, false]",200,2,1,Starfield Stage - 2
11657,2025-10-10T11:20:21.365212,0.008,955.0,632.0,0.6491621886328169,False,True,False,False,0,0,0,0,0,0,656,238,"[false, false, false]",200,2,1,Starfield Stage - 2
11665,2025-10-10T11:20:21.373481,0.008,952.5,632.0,0.6454447409424863,False,True,False,False,0,0,0,0,0,0,643,221,"[false, false, false]",200,2,1,Starfield Stage - 2
11673,2025-10-10T11:20:21.381278,0.008,950.0,632.0,0.642370740020765,False,True,False,False,0,0,0,0,0,0,632,207,"[false, false, false]",200,2,1,Starfield Stage - 2
11681,2025-10-10T11:20:21.389460,0.009,947.5,632.0,0.6416509721438897,False,True,False,False,0,0,0,0,0,0,624,199,"[false, false, false]",200,2,1,Starfield Stage - 2
11690,2025-10-10T11:20:21.398538,0.009,945.0,632.0,0.6413057226386718,False,True,False,False,0,0,0,0,0,0,618,194,"[false, false, false]",200,2,1,Starfield Stage - 2
11699,2025-10-10T11:20:21.407749,0.009,942.5,632.0,0.6398548168400262,False,True,False,False,0,0,0,0,0,0,615,192,"[false, false, false]",200,2,1,Starfield Stage - 2
11708,2025-10-10T11:20:21.416365,0.008,940.0,632.0,0.6376574937904386,False,True,False,False,0,0,0,0,0,0,614,192,"[false, false, false]",200,2,1,Starfield Stage - 2
11716,2025-10-10T11:20:21.424134,0.008,937.5,632.0,0.6339793310095823,False,True,False,False,0,0,0,0,0,0,614,192,"[false, false, false]",200,2,1,Starfield Stage - 2
11724,2025-10-10T11:20:21.432819,0.009,935.0,632.0,0.6317628365049088,False,True,False,False,0,0,0,0,0,0,613,192,"[false, false, false]",200,2,1,Starfield Stage - 2
11733,2025-10-10T11:20:21.441657,0.009,932.5,632.0,0.6302202073407884,False,True,False,False,0,0,0,0,0,0,613,194,"[false, false, false]",200,2,1,Starfield Stage - 2
11742,2025-10-10T11:20:21.450675,0.009,930.0,632.0,0.6319473925771006,False,True,False,False,0,0,0,0,0,0,613,199,"[false, false, false]",200,2,1,Starfield Stage - 2
11752,2025-10-10T11:20:21.460261,0.009,927.5,632.0,0.643882861017534,False,True,False,False,0,0,0,0,0,0,613,213,"[false, false, false]",200,2,1,Starfield Stage - 2
11760,2025-10-10T11:20:21.468317,0.008,925.0,632.0,0.6477696121665123,False,True,False,False,0,0,0,0,0,0,614,221,"[false, false, false]",200,2,1,Starfield Stage - 2
11768,2025-10-10T11:20:21.476623,0.008,922.5,632.0,0.6502163939841142,False,True,False,False,0,0,0,0,0,0,616,229,"[false, false, false]",200,2,1,Starfield Stage - 2
11776,2025-10-10T11:20:21.484260,0.008,920.0,632.0,0.651533064582866,False,True,False,False,0,0,0,0,0,0,618,236,"[false, false, false]",200,2,1,Starfield Stage - 2
11784,2025-10-10T11:20:21.492131,0.008,917.5,632.0,0.652894338748274,False,True,False,False,0,0,0,0,0,0,620,243,"[false, false, false]",200,2,1,Starfield Stage - 2
11792,2025-10-10T11:20:21.500496,0.008,917.5,632.0,0.6571450832552053,False,False,False,False,0,0,0,0,0,0,622,249,"[false, false, false]",200,2,1,Starfield Stage - 2
11800,2025-10-10T11:20:21.508564,0.009,917.5,632.0,0.661502094931364,False,False,False,False,0,0,0,0,0,0,624,255,"[false, false, false]",200,2,1,Starfield Stage - 2
11809,2025-10-10T11:20:21.517841,0.009,917.5,632.0,0.6676336238824064,False,False,False,False,0,0,0,0,0,0,625,261,"[false, false, false]",200,2,1,Starfield Stage - 2
11819,2025-10-10T11:20:21.527093,0.009,917.5,632.0,0.6712421227787397,False,False,False,False,0,0,0,0,0,0,626,265,"[false, false, false]",200,2,1,Starfield Stage - 2
11828,2025-10-10T11:20:21.536377,0.009,917.5,632.0,0.6732273207760503,False,False,False,False,0,0,0,0,0,0,628,269,"[false, false, false]",200,2,1,Starfield Stage - 2
11836,2025-10-10T11:20:21.544131,0.008,917.5,632.0,0.6769450756497607,False,False,False,False,0,0,0,0,0,0,629,273,"[false, false, false]",200,2,1,Starfield Stage - 2
11844,2025-10-10T11:20:21.552941,0.009,917.5,632.0,0.679020272486177,False,False,False,False,0,0,0,0,0,0,631,277,"[false, false, false]",200,2,1,Starfield Stage - 2
11854,2025-10-10T11:20:21.562127,0.008,917.5,632.0,0.6825316433265584,False,False,False,False,0,0,0,0,0,0,633,282,"[false, false, false]",200,2,1,Starfield Stage - 2
11861,2025-10-10T11:20:21.569767,0.009,917.5,632.0,0.6891835898679471,False,False,False,False,0,0,0,0,0,0,639,294,"[false, false, false]",200,2,1,Starfield Stage - 2
11870,2025-10-10T11:20:21.578284,0.008,917.5,632.0,0.6891835898679471,False,False,False,False,0,0,0,0,0,0,639,294,"[false, false, false]",200,2,1,Starfield Stage - 2
11878,2025-10-10T11:20:21.586439,0.008,917.5,632.0,0.7014835364582569,False,False,False,False,0,0,0,0,0,0,648,313,"[false, false, false]",200,2,1,Starfield Stage - 2
11886,2025-10-10T11:20:21.594388,0.008,917.5,632.0,0.7095613506689205,False,False,False,False,0,0,0,0,0,0,653,324,"[false, false, false]",200,2,1,Starfield Stage - 2
11894,2025-10-10T11:20:21.601998,0.008,917.5,632.0,0.7200206169897359,False,False,False,False,0,0,0,0,0,0,657,335,"[false, false, false]",200,2,1,Starfield Stage - 2
11902,2025-10-10T11:20:21.610564,0.008,917.5,632.0,0.733008245193086,False,False,False,False,0,0,0,0,0,0,660,346,"[false, false, false]",200,2,1,Starfield Stage - 2
11910,2025-10-10T11:20:21.618469,0.009,917.5,632.0,0.7450444950407963,False,False,False,False,0,0,0,0,0,0,662,355,"[false, false, false]",200,2,1,Starfield Stage - 2
11919,2025-10-10T11:20:21.627676,0.009,917.5,632.0,0.7576009147807214,False,False,False,False,0,0,0,0,0,0,664,364,"[false, false, false]",200,2,1,Starfield Stage - 2
11929,2025-10-10T11:20:21.637233,0.009,917.5,632.0,0.7726911249866707,False,False,False,False,0,0,0,0,0,0,665,373,"[false, false, false]",200,2,1,Starfield Stage - 2
11937,2025-10-10T11:20:21.645224,0.008,917.5,632.0,0.7883773005620327,False,False,False,False,0,0,0,0,0,0,665,381,"[false, false, false]",200,2,1,Starfield Stage - 2
11945,2025-10-10T11:20:21.653368,0.008,917.5,632.0,0.8025163300187966,False,False,False,False,0,0,0,0,0,0,665,388,"[false, false, false]",200,2,1,Starfield Stage - 2
11953,2025-10-10T11:20:21.661623,0.009,917.5,632.0,0.814951228432853,False,False,False,False,0,0,0,0,0,0,665,394,"[false, false, false]",200,2,1,Starfield Stage - 2
11962,2025-10-10T11:20:21.670759,0.009,917.5,632.0,0.8255413647908673,False,False,False,False,0,0,0,0,0,0,665,399,"[false, false, false]",200,2,1,Starfield Stage - 2
11971,2025-10-10T11:20:21.679900,0.009,917.5,632.0,0.8319965304097692,False,False,False,False,0,0,0,0,0,0,665,402,"[false, false, false]",200,2,1,Starfield Stage - 2
11981,2025-10-10T11:20:21.689362,0.009,917.5,632.0,0.8385285104178469,False,False,False,False,0,0,0,0,0,0,665,405,"[false, false, false]",200,2,1,Starfield Stage - 2
11989,2025-10-10T11:20:21.697523,0.009,917.5,632.0,0.8429262396459566,False,False,False,False,0,0,0,0,0,0,665,407,"[false, false, false]",200,2,1,Starfield Stage - 2
11998,2025-10-10T11:20:21.706383,0.008,917.5,632.0,0.8495880440244173,False,False,False,False,0,0,0,0,0,0,665,410,"[false, false, false]",200,2,1,Starfield Stage - 2
12006,2025-10-10T11:20:21.714407,0.008,917.5,632.0,0.8563288100530116,False,False,False,False,0,0,0,0,0,0,665,413,"[false, false, false]",200,2,1,Starfield Stage - 2
12014,2025-10-10T11:20:21.722241,0.008,917.5,632.0,0.8628201439629377,False,False,False,False,0,0,0,0,0,0,664,415,"[false, false, false]",200,2,1,Starfield Stage - 2
12022,2025-10-10T11:20:21.730597,0.008,917.5,632.0,0.8673910873372969,False,False,False,False,0,0,0,0,0,0,664,417,"[false, false, false]",200,2,1,Starfield Stage - 2
12030,2025-10-10T11:20:21.738526,0.009,917.5,632.0,0.8785754736303082,False,False,False,False,0,0,0,0,0,0,663,421,"[false, false, false]",200,2,1,Starfield Stage - 2
12039,2025-10-10T11:20:21.747570,0.009,917.5,632.0,0.8903316216551188,False,False,False,False,0,0,0,0,0,0,663,426,"[false, false, false]",200,2,1,Starfield Stage - 2
12049,2025-10-10T11:20:21.757341,0.009,917.5,632.0,0.9096171590330395,False,False,False,False,0,0,0,0,0,0,663,434,"[false, false, false]",200,2,1,Starfield Stage - 2
12057,2025-10-10T11:20:21.765269,0.008,917.5,632.0,0.9345643693567329,False,False,False,False,0,0,0,0,0,0,663,444,"[false, false, false]",200,2,1,Starfield Stage - 2
12065,2025-10-10T11:20:21.773583,0.008,917.5,632.0,0.9647369951962541,False,False,False,False,0,0,0,0,0,0,665,457,"[false, false, false]",200,2,1,Starfield Stage - 2
12073,2025-10-10T11:20:21.781774,0.009,917.5,632.0,1.0005737866979414,False,False,False,False,0,0,0,0,0,0,668,472,"[false, false, false]",200,2,1,Starfield Stage - 2
12082,2025-10-10T11:20:21.790469,0.008,917.5,632.0,1.0433552707337963,False,False,False,False,0,0,0,0,0,0,672,489,"[false, false, false]",200,2,1,Starfield Stage - 2
12090,2025-10-10T11:20:21.798495,0.009,917.5,632.0,1.0964407250993602,False,False,False,False,0,0,0,0,0,0,676,508,"[false, false, false]",200,2,1,Starfield Stage - 2
12099,2025-10-10T11:20:21.807093,0.008,917.5,632.0,1.152964384874556,False,False,False,False,0,0,0,0,0,0,681,527,"[false, false, false]",200,2,1,Starfield Stage - 2
12108,2025-10-10T11:20:21.816165,0.009,917.5,632.0,1.2160906747839564,False,False,False,False,0,0,0,0,0,0,688,547,"[false, false, false]",200,2,1,Starfield Stage - 2
12117,2025-10-10T11:20:21.825338,0.009,917.5,632.0,1.2936896287508526,False,False,False,False,0,0,0,0,0,0,696,569,"[false, false, false]",200,2,1,Starfield Stage - 2
12125,2025-10-10T11:20:21.833953,0.009,917.5,632.0,1.3801972187078186,False,False,False,False,0,0,0,0,0,0,705,591,"[false, false, false]",200,2,1,Starfield Stage - 2
12134,2025-10-10T11:20:21.842410,0.008,917.5,632.0,1.5977439798841608,False,False,False,False,0,0,0,0,0,0,732,637,"[false, false, false]",200,2,1,Starfield Stage - 2
12142,2025-10-10T11:20:21.850360,0.008,915.0,632.0,1.74374972378313,False,True,False,False,0,0,0,0,0,0,749,661,"[false, false, false]",200,2,1,Starfield Stage - 2
12150,2025-10-10T11:20:21.858527,0.008,912.5,632.0,1.9284289095446963,False,True,False,False,0,0,0,0,0,0,768,686,"[false, false, false]",200,2,1,Starfield Stage - 2
12158,2025-10-10T11:20:21.866483,0.009,910.0,632.0,2.15497485720486,False,True,False,False,0,0,0,0,0,0,789,712,"[false, false, false]",200,2,1,Starfield Stage - 2
12167,2025-10-10T11:20:21.875419,0.008,907.5,632.0,2.408777551803287,False,True,False,False,0,0,0,0,0,0,813,737,"[false, false, false]",200,2,1,Starfield Stage - 2
12175,2025-10-10T11:20:21.883721,0.008,905.0,632.0,2.681050624667006,False,True,False,False,0,0,0,0,0,0,841,761,"[false, false, false]",200,2,1,Starfield Stage - 2
12183,2025-10-10T11:20:21.891870,0.009,902.5,632.0,2.9448256291694,False,True,False,False,0,0,0,0,0,0,872,785,"[false, false, false]",200,2,1,Starfield Stage - 2
12192,2025-10-10T11:20:21.900267,0.008,900.0,632.0,-3.105679956975229,False,True,False,False,0,0,0,0,0,0,906,799,"[false, false, false]",200,2,1,Starfield Stage - 2
12200,2025-10-10T11:20:21.908595,0.009,897.5,632.0,-2.886775938233027,False,True,False,False,0,0,0,0,0,0,941,799,"[false, false, false]",200,2,1,Starfield Stage - 2
12209,2025-10-10T11:20:21.917818,0.009,895.0,632.0,-2.699733363626238,False,True,False,False,0,0,0,0,0,0,974,799,"[false, false, false]",200,2,1,Starfield Stage - 2
12218,2025-10-10T11:20:21.926609,0.008,892.5,632.0,-2.544661715862389,False,True,False,False,0,0,0,0,0,0,1006,799,"[false, false, false]",200,2,1,Starfield Stage - 2
12226,2025-10-10T11:20:21.934338,0.008,890.0,632.0,-2.4198028317446125,False,True,False,False,0,0,0,0,0,0,1037,799,"[false, false, false]",200,2,1,Starfield Stage - 2
12233,2025-10-10T11:20:21.941765,0.008,887.5,632.0,-2.3229216801185224,False,True,False,False,0,0,0,0,0,0,1066,799,"[false, false, false]",200,2,1,Starfield Stage - 2
12242,2025-10-10T11:20:21.950329,0.008,885.0,632.0,-2.2426269163507713,False,True,False,False,0,0,0,0,0,0,1095,799,"[false, false, false]",200,2,1,Starfield Stage - 2
12251,2025-10-10T11:20:21.959281,0.009,882.5,632.0,-2.177745028790362,False,True,False,False,0,0,0,0,0,0,1123,799,"[false, false, false]",200,2,1,Starfield Stage - 2
12259,2025-10-10T11:20:21.967430,0.008,880.0,632.0,-2.114441622328102,False,True,False,False,0,0,0,0,0,0,1153,797,"[false, false, false]",200,2,1,Starfield Stage - 2
12267,2025-10-10T11:20:21.975456,0.008,877.5,632.0,-2.054597253701243,False,True,False,False,0,0,0,0,0,0,1182,792,"[false, false, false]",200,2,1,Starfield Stage - 2
12275,2025-10-10T11:20:21.983527,0.008,875.0,632.0,-2.0043778107466586,False,True,False,False,0,0,0,0,0,0,1199,782,"[false, false, false]",200,2,1,Starfield Stage - 2
12283,2025-10-10T11:20:21.991029,0.008,872.5,632.0,-1.9654787035633774,False,True,False,False,0,0,0,0,0,0,1199,768,"[false, false, false]",200,2,1,Starfield Stage - 2
12292,2025-10-10T11:20:22.000552,0.009,870.0,632.0,-1.9097709256768984,False,True,False,False,0,0,0,0,0,0,1199,748,"[false, false, false]",200,2,1,Starfield Stage - 2
12300,2025-10-10T11:20:22.008398,0.008,867.5,632.0,-1.8358993913882447,False,True,False,False,0,0,0,0,0,0,1199,722,"[false, false, false]",200,2,1,Starfield Stage - 2
12308,2025-10-10T11:20:22.016722,0.009,865.0,632.0,-1.745639319994473,False,True,False,False,0,0,0,0,0,0,1199,691,"[false, false, false]",200,2,1,Starfield Stage - 2
12318,2025-10-10T11:20:22.026202,0.009,862.5,632.0,-1.6449542906164896,False,True,False,False,0,0,0,0,0,0,1199,657,"[false, false, false]",200,2,1,Starfield Stage - 2
12326,2025-10-10T11:20:22.034183,0.008,860.0,632.0,-1.4214736661011993,False,True,False,False,0,0,0,0,0,0,1199,581,"[false, false, false]",200,2,1,Starfield Stage - 2
12334,2025-10-10T11:20:22.042613,0.009,857.5,632.0,-1.3103762006064597,False,True,False,False,0,0,0,0,0,0,1199,541,"[false, false, false]",200,2,1,Starfield Stage - 2
12343,2025-10-10T11:20:22.051271,0.008,855.0,632.0,-1.2000482429075048,False,True,False,False,0,0,0,0,0,0,1192,501,"[false, false, false]",200,2,1,Starfield Stage - 2
12351,2025-10-10T11:20:22.059214,0.008,852.5,632.0,-1.0980026313653206,False,True,False,False,0,0,0,0,0,0,1179,465,"[false, false, false]",200,2,1,Starfield Stage - 2
12360,2025-10-10T11:20:22.068540,0.009,850.0,632.0,-0.9939706050516239,False,True,False,False,0,0,0,0,0,0,1162,429,"[false, false, false]",200,2,1,Starfield Stage - 2
12368,2025-10-10T11:20:22.076752,0.009,847.5,634.5,-0.886744666663116,False,True,False,True,0,0,0,0,0,0,1140,396,"[false, false, false]",200,2,1,Starfield Stage - 2
12377,2025-10-10T11:20:22.085143,0.008,845.0,637.0,-0.779852933729491,False,True,False,True,0,0,0,0,0,0,1114,365,"[false, false, false]",200,2,1,Starfield Stage - 2
12385,2025-10-10T11:20:22.093232,0.008,842.5,639.5,-0.6793752028214943,False,True,False,True,0,0,0,0,0,0,1086,338,"[false, false, false]",200,2,1,Starfield Stage - 2
12393,2025-10-10T11:20:22.101220,0.008,840.0,642.0,-0.5809555038571247,False,True,False,True,0,0,0,0,0,0,1056,313,"[false, false, false]",200,2,1,Starfield Stage - 2
12402,2025-10-10T11:20:22.110408,0.009,837.5,644.5,-0.5032253695596907,False,True,False,True,0,0,0,0,0,0,1031,293,"[false, false, false]",200,2,1,Starfield Stage - 2
12410,2025-10-10T11:20:22.118374,0.008,835.0,647.0,-0.4262201611738441,False,True,False,True,0,0,0,0,0,0,1003,277,"[false, false, false]",200,2,1,Starfield Stage - 2
12418,2025-10-10T11:20:22.126462,0.009,832.5,649.5,-0.3572021559430193,False,True,False,True,0,0,0,0,0,0,976,265,"[false, false, false]",200,2,1,Starfield Stage - 2
12427,2025-10-10T11:20:22.135234,0.008,830.0,652.0,-0.29331855634822124,False,True,False,True,0,0,0,0,0,0,949,258,"[false, false, false]",200,2,1,Starfield Stage - 2
12435,2025-10-10T11:20:22.143506,0.008,827.5,654.5,-0.2240686036547579,False,True,False,True,0,0,0,0,0,0,919,253,"[false, false, false]",200,2,1,Starfield Stage - 2
12444,2025-10-10T11:20:22.152737,0.01,827.5,657.0,-0.1534862260983344,True,True,False,True,0,0,0,0,0,0,890,253,"[false, false, false]",200,2,1,Starfield Stage - 2
12454,2025-10-10T11:20:22.162100,0.009,827.5,659.5,-0.08571721794742533,True,True,False,True,0,0,0,0,0,0,862,258,"[false, false, false]",200,2,1,Starfield Stage - 2
12462,2025-10-10T11:20:22.170300,0.008,827.5,662.0,0.04851832340459836,True,True,False,True,0,0,0,0,0,0,809,281,"[false, false, false]",200,2,1,Starfield Stage - 2
12470,2025-10-10T11:20:22.178613,0.009,827.5,664.5,0.10887944526899955,True,True,False,True,0,0,0,0,0,0,787,294,"[false, false, false]",200,2,1,Starfield Stage - 2
12479,2025-10-10T11:20:22.187488,0.008,827.5,667.0,0.17651440757703257,True,True,False,True,0,0,0,0,0,0,764,311,"[false, false, false]",200,2,1,Starfield Stage - 2
12487,2025-10-10T11:20:22.195248,0.008,827.5,667.0,0.24912658264949658,True,True,False,False,0,0,0,0,0,0,741,327,"[false, false, false]",200,2,1,Starfield Stage - 2
12494,2025-10-10T11:20:22.202635,0.008,830.0,667.0,0.3422318613784299,True,False,False,False,0,0,0,0,0,0,716,347,"[false, false, false]",200,2,1,Starfield Stage - 2
12503,2025-10-10T11:20:22.211493,0.008,832.5,667.0,0.46769343992627377,True,False,False,False,0,0,0,0,0,0,683,371,"[false, false, false]",200,2,1,Starfield Stage - 2
12511,2025-10-10T11:20:22.219467,0.008,835.0,667.0,0.5972772111340682,True,False,False,False,0,0,0,0,0,0,650,395,"[false, false, false]",200,2,1,Starfield Stage - 2
12519,2025-10-10T11:20:22.227820,0.009,837.5,667.0,0.739539196343082,True,False,False,False,0,0,0,0,0,0,614,422,"[false, false, false]",200,2,1,Starfield Stage - 2
12528,2025-10-10T11:20:22.236295,0.008,840.0,667.0,0.8726758763469098,True,False,False,False,0,0,0,0,0,0,579,448,"[false, false, false]",200,2,1,Starfield Stage - 2
12536,2025-10-10T11:20:22.244397,0.008,842.5,667.0,0.9968388394335969,True,False,False,False,0,0,0,0,0,0,544,474,"[false, false, false]",200,2,1,Starfield Stage - 2
12544,2025-10-10T11:20:22.252501,0.008,845.0,667.0,1.105948238178705,True,False,False,False,0,0,0,0,0,0,512,500,"[false, false, false]",200,2,1,Starfield Stage - 2
12552,2025-10-10T11:20:22.260692,0.009,847.5,667.0,1.2002351581339818,True,False,False,False,0,0,0,0,0,0,482,525,"[false, false, false]",200,2,1,Starfield Stage - 2
12561,2025-10-10T11:20:22.269249,0.008,850.0,667.0,1.2821360759472693,True,False,False,False,0,0,0,0,0,0,456,550,"[false, false, false]",200,2,1,Starfield Stage - 2
12569,2025-10-10T11:20:22.277155,0.008,852.5,667.0,1.3521273809209546,True,False,False,False,0,0,0,0,0,0,434,574,"[false, false, false]",200,2,1,Starfield Stage - 2
12578,2025-10-10T11:20:22.286398,0.009,855.0,667.0,1.410453527352607,True,False,False,False,0,0,0,0,0,0,416,596,"[false, false, false]",200,2,1,Starfield Stage - 2
12586,2025-10-10T11:20:22.294392,0.008,857.5,667.0,1.4609862553638853,True,False,False,False,0,0,0,0,0,0,404,617,"[false, false, false]",200,2,1,Starfield Stage - 2
12593,2025-10-10T11:20:22.301812,0.008,860.0,667.0,1.5037971904843417,True,False,False,False,0,0,0,0,0,0,398,636,"[false, false, false]",200,2,1,Starfield Stage - 2
12602,2025-10-10T11:20:22.310415,0.008,862.5,667.0,1.5407946134654757,True,False,False,False,0,0,0,0,0,0,396,653,"[false, false, false]",200,2,1,Starfield Stage - 2
12610,2025-10-10T11:20:22.318586,0.008,865.0,667.0,1.5772202212991062,True,False,False,False,0,0,0,0,0,0,398,670,"[false, false, false]",200,2,1,Starfield Stage - 2
12618,2025-10-10T11:20:22.326623,0.009,867.5,667.0,1.6096956136206697,True,False,False,False,0,0,0,0,0,0,405,685,"[false, false, false]",200,2,1,Starfield Stage - 2
12627,2025-10-10T11:20:22.335541,0.009,867.5,667.0,1.6395004525577153,True,True,False,False,0,0,0,0,0,0,417,698,"[false, false, false]",200,2,1,Starfield Stage - 2
12637,2025-10-10T11:20:22.345215,0.009,867.5,667.0,1.6669398631167038,True,True,False,False,0,0,0,0,0,0,432,709,"[false, false, false]",200,2,1,Starfield Stage - 2
12645,2025-10-10T11:20:22.353952,0.009,867.5,667.0,1.6950035672056174,True,True,False,False,0,0,0,0,0,0,451,719,"[false, false, false]",200,2,1,Starfield Stage - 2
12654,2025-10-10T11:20:22.362739,0.008,867.5,667.0,1.7436779477245563,True,True,False,False,0,0,0,0,0,0,501,731,"[false, false, false]",200,2,1,Starfield Stage - 2
12662,2025-10-10T11:20:22.370376,0.008,867.5,667.0,1.7679052715766728,True,True,False,False,0,0,0,0,0,0,532,734,"[false, false, false]",200,2,1,Starfield Stage - 2
12670,2025-10-10T11:20:22.378639,0.008,867.5,667.0,1.7901698700509165,True,True,False,False,0,0,0,0,0,0,567,734,"[false, false, false]",200,2,1,Starfield Stage - 2
12678,2025-10-10T11:20:22.386720,0.009,865.0,667.0,1.8094056493030977,False,True,False,False,0,0,0,0,0,0,606,730,"[false, false, false]",200,2,1,Starfield Stage - 2
12687,2025-10-10T11:20:22.395779,0.008,862.5,667.0,1.8296321960164625,False,True,False,False,0,0,0,0,0,0,651,723,"[false, false, false]",200,2,1,Starfield Stage - 2
12696,2025-10-10T11:20:22.404017,0.009,860.0,664.5,1.859383688688974,False,True,True,False,0,0,0,0,0,0,700,712,"[false, false, false]",200,2,1,Starfield Stage - 2
12704,2025-10-10T11:20:22.412589,0.009,857.5,662.0,1.9025608525973299,False,True,True,False,0,0,0,0,0,0,753,698,"[false, false, false]",200,2,1,Starfield Stage - 2
12713,2025-10-10T11:20:22.421826,0.009,855.0,659.5,1.9998257368399415,False,True,True,False,0,0,0,0,0,0,808,681,"[false, false, false]",200,2,1,Starfield Stage - 2
12723,2025-10-10T11:20:22.431128,0.009,852.5,657.0,-2.2058230621852104,False,True,True,False,0,0,0,0,0,0,862,664,"[false, false, false]",200,2,1,Starfield Stage - 2
12731,2025-10-10T11:20:22.439655,0.009,850.0,654.5,-1.4162997098605155,False,True,True,False,0,0,0,0,0,0,911,645,"[false, false, false]",200,2,1,Starfield Stage - 2
12740,2025-10-10T11:20:22.448701,0.009,847.5,652.0,-1.3096203761772698,False,True,True,False,0,0,0,0,0,0,956,623,"[false, false, false]",200,2,1,Starfield Stage - 2
12749,2025-10-10T11:20:22.457454,0.008,845.0,649.5,-1.264120007393214,False,True,True,False,0,0,0,0,0,0,995,602,"[false, false, false]",200,2,1,Starfield Stage - 2
12757,2025-10-10T11:20:22.465483,0.008,842.5,647.0,-1.2198972140592907,False,True,True,False,0,0,0,0,0,0,1031,578,"[false, false, false]",200,2,1,Starfield Stage - 2
12765,2025-10-10T11:20:22.473182,0.008,840.0,644.5,-1.1814303972066533,False,True,True,False,0,0,0,0,0,0,1063,553,"[false, false, false]",200,2,1,Starfield Stage - 2
12774,2025-10-10T11:20:22.482675,0.009,837.5,642.0,-1.1500027241023343,False,True,True,False,0,0,0,0,0,0,1090,529,"[false, false, false]",200,2,1,Starfield Stage - 2
12782,2025-10-10T11:20:22.490251,0.008,835.0,639.5,-1.081971798941249,False,True,True,False,0,0,0,0,0,0,1133,481,"[false, false, false]",200,2,1,Starfield Stage - 2
12791,2025-10-10T11:20:22.499310,0.009,832.5,637.0,-1.0571286716915347,False,True,True,False,0,0,0,0,0,0,1148,459,"[false, false, false]",200,2,1,Starfield Stage - 2
12799,2025-10-10T11:20:22.506977,0.008,830.0,634.5,-1.0301533628408812,False,True,True,False,0,0,0,0,0,0,1159,437,"[false, false, false]",200,2,1,Starfield Stage - 2
12808,2025-10-10T11:20:22.516248,0.009,827.5,632.0,-1.0078145693881275,False,True,True,False,0,0,0,0,0,0,1165,419,"[false, false, false]",200,2,1,Starfield Stage - 2
12816,2025-10-10T11:20:22.524385,0.008,825.0,629.5,-0.9810988096161046,False,True,True,False,0,0,0,0,0,0,1165,402,"[false, false, false]",200,2,1,Starfield Stage - 2
12823,2025-10-10T11:20:22.531927,0.008,822.5,627.0,-0.9560173992281366,False,True,True,False,0,0,0,0,0,0,1161,388,"[false, false, false]",200,2,1,Starfield Stage - 2
12832,2025-10-10T11:20:22.540427,0.008,820.0,624.5,-0.9248826774470117,False,True,True,False,0,0,0,0,0,0,1151,375,"[false, false, false]",200,2,1,Starfield Stage - 2
12840,2025-10-10T11:20:22.548558,0.009,817.5,622.0,-0.8815387348382708,False,True,True,False,0,0,0,0,0,0,1133,362,"[false, false, false]",200,2,1,Starfield Stage - 2
12849,2025-10-10T11:20:22.556986,0.008,815.0,619.5,-0.8286955786274953,False,True,True,False,0,0,0,0,0,0,1110,349,"[false, false, false]",200,2,1,Starfield Stage - 2
12858,2025-10-10T11:20:22.566420,0.009,812.5,617.0,-0.7717750280301164,False,True,True,False,0,0,0,0,0,0,1084,338,"[false, false, false]",200,2,1,Starfield Stage - 2
12866,2025-10-10T11:20:22.574271,0.008,815.0,614.5,-0.6990293586812387,True,False,True,False,0,0,0,0,0,0,1055,329,"[false, false, false]",200,2,1,Starfield Stage - 2
12874,2025-10-10T11:20:22.582288,0.008,817.5,612.0,-0.6187800992852366,True,False,True,False,0,0,0,0,0,0,1024,322,"[false, false, false]",200,2,1,Starfield Stage - 2
12883,2025-10-10T11:20:22.591760,0.009,820.0,609.5,-0.531574646266268,True,False,True,False,0,0,0,0,0,0,992,317,"[false, false, false]",200,2,1,Starfield Stage - 2
12891,2025-10-10T11:20:22.599671,0.008,822.5,609.5,-0.42713730700062746,True,False,False,False,0,0,0,0,0,0,957,314,"[false, false, false]",200,2,1,Starfield Stage - 2
12899,2025-10-10T11:20:22.607726,0.009,825.0,609.5,-0.3222615405555407,True,False,False,False,0,0,0,0,0,0,923,316,"[false, false, false]",200,2,1,Starfield Stage - 2
12908,2025-10-10T11:20:22.616439,0.009,827.5,609.5,-0.21145085912814224,True,False,False,False,0,0,0,0,0,0,889,323,"[false, false, false]",200,2,1,Starfield Stage - 2
12917,2025-10-10T11:20:22.625576,0.009,830.0,609.5,-0.10450039728140066,True,False,False,False,0,0,0,0,0,0,859,333,"[false, false, false]",200,2,1,Starfield Stage - 2
12926,2025-10-10T11:20:22.634176,0.008,832.5,609.5,0.0094873813695592,True,False,False,False,0,0,0,0,0,0,830,346,"[false, false, false]",200,2,1,Starfield Stage - 2
12935,2025-10-10T11:20:22.643442,0.009,835.0,609.5,0.2504896293795502,True,False,False,False,0,0,0,0,0,0,775,375,"[false, false, false]",200,2,1,Starfield Stage - 2
12942,2025-10-10T11:20:22.650679,0.008,837.5,609.5,0.39106523381453473,True,False,False,False,0,0,0,0,0,0,747,390,"[false, false, false]",200,2,1,Starfield Stage - 2
12951,2025-10-10T11:20:22.659289,0.008,840.0,609.5,0.5264168248692409,True,False,False,False,0,0,0,0,0,0,720,403,"[false, false, false]",200,2,1,Starfield Stage - 2
12959,2025-10-10T11:20:22.667532,0.009,842.5,609.5,0.6471551729197198,True,False,False,False,0,0,0,0,0,0,694,413,"[false, false, false]",200,2,1,Starfield Stage - 2
12968,2025-10-10T11:20:22.676750,0.009,845.0,609.5,0.7567566118059248,True,False,False,False,0,0,0,0,0,0,667,421,"[false, false, false]",200,2,1,Starfield Stage - 2
12977,2025-10-10T11:20:22.685122,0.008,847.5,609.5,0.844304294243709,True,False,False,False,0,0,0,0,0,0,641,426,"[false, false, false]",200,2,1,Starfield Stage - 2
12986,2025-10-10T11:20:22.694319,0.009,850.0,609.5,0.9164445078900141,True,False,False,False,0,0,0,0,0,0,616,430,"[false, false, false]",200,2,1,Starfield Stage - 2
12995,2025-10-10T11:20:22.703325,0.009,852.5,609.5,0.9682637022738775,True,False,False,False,0,0,0,0,0,0,593,431,"[false, false, false]",200,2,1,Starfield Stage - 2
13003,2025-10-10T11:20:22.711700,0.008,855.0,609.5,1.0096689713320859,True,False,False,False,0,0,0,0,0,0,571,431,"[false, false, false]",200,2,1,Starfield Stage - 2
13011,2025-10-10T11:20:22.719570,0.009,855.0,609.5,1.0335375259431991,True,True,False,False,0,0,0,0,0,0,552,429,"[false, false, false]",200,2,1,Starfield Stage - 2
13020,2025-10-10T11:20:22.728150,0.008,855.0,609.5,1.05148248359993,True,True,False,False,0,0,0,0,0,0,534,426,"[false, false, false]",200,2,1,Starfield Stage - 2
13028,2025-10-10T11:20:22.736243,0.008,855.0,609.5,1.061804602400214,True,True,False,False,0,0,0,0,0,0,519,422,"[false, false, false]",200,2,1,Starfield Stage - 2
13036,2025-10-10T11:20:22.744248,0.008,855.0,609.5,1.0689435959261178,True,True,False,False,0,0,0,0,0,0,506,418,"[false, false, false]",200,2,1,Starfield Stage - 2
13045,2025-10-10T11:20:22.752996,0.009,855.0,609.5,1.0754480234399075,True,True,False,False,0,0,0,0,0,0,495,415,"[false, false, false]",200,2,1,Starfield Stage - 2
13053,2025-10-10T11:20:22.761534,0.009,855.0,609.5,1.0782333726351612,True,True,False,False,0,0,0,0,0,0,487,412,"[false, false, false]",200,2,1,Starfield Stage - 2
13062,2025-10-10T11:20:22.770222,0.008,855.0,609.5,1.081877637475538,True,True,False,False,0,0,0,0,0,0,480,410,"[false, false, false]",200,2,1,Starfield Stage - 2
13070,2025-10-10T11:20:22.778891,0.009,852.5,609.5,1.0836543470820963,False,True,False,False,0,0,0,0,0,0,474,409,"[false, false, false]",200,2,1,Starfield Stage - 2
13079,2025-10-10T11:20:22.787370,0.008,850.0,609.5,1.082009960193336,False,True,False,False,0,0,0,0,0,0,473,409,"[false, false, false]",200,2,1,Starfield Stage - 2
13087,2025-10-10T11:20:22.795486,0.008,847.5,609.5,1.079246534948304,False,True,False,False,0,0,0,0,0,0,473,409,"[false, false, false]",200,2,1,Starfield Stage - 2
13094,2025-10-10T11:20:22.802836,0.008,845.0,609.5,1.0743735733900148,False,True,False,False,0,0,0,0,0,0,473,408,"[false, false, false]",200,2,1,Starfield Stage - 2
13103,2025-10-10T11:20:22.811414,0.008,842.5,609.5,1.0715444188055794,False,True,False,False,0,0,0,0,0,0,473,408,"[false, false, false]",200,2,1,Starfield Stage - 2
13110,2025-10-10T11:20:22.818668,0.008,840.0,609.5,1.0665943500452844,False,True,False,False,0,0,0,0,0,0,473,407,"[false, false, false]",200,2,1,Starfield Stage - 2
13119,2025-10-10T11:20:22.827242,0.008,837.5,609.5,1.0636978224025597,False,True,False,False,0,0,0,0,0,0,473,407,"[false, false, false]",200,2,1,Starfield Stage - 2
13128,2025-10-10T11:20:22.836126,0.009,835.0,609.5,1.0607707730402902,False,True,False,False,0,0,0,0,0,0,473,407,"[false, false, false]",200,2,1,Starfield Stage - 2
13136,2025-10-10T11:20:22.844278,0.008,832.5,609.5,1.0578127679336842,False,True,False,False,0,0,0,0,0,0,473,407,"[false, false, false]",200,2,1,Starfield Stage - 2
13144,2025-10-10T11:20:22.852886,0.009,830.0,609.5,1.0514989723801378,False,True,False,False,0,0,0,0,0,0,474,406,"[false, false, false]",200,2,1,Starfield Stage - 2
13153,2025-10-10T11:20:22.861590,0.008,827.5,609.5,1.0451064009179012,False,True,False,False,0,0,0,0,0,0,475,405,"[false, false, false]",200,2,1,Starfield Stage - 2
13161,2025-10-10T11:20:22.869676,0.009,825.0,609.5,1.0352507018963495,False,True,False,False,0,0,0,0,0,0,477,403,"[false, false, false]",200,2,1,Starfield Stage - 2
13170,2025-10-10T11:20:22.878005,0.008,822.5,609.5,1.0218336768326188,False,True,False,False,0,0,0,0,0,0,480,400,"[false, false, false]",200,2,1,Starfield Stage - 2
13178,2025-10-10T11:20:22.886370,0.008,820.0,609.5,1.0055170840889702,False,True,False,False,0,0,0,0,0,0,485,397,"[false, false, false]",200,2,1,Starfield Stage - 2
13186,2025-10-10T11:20:22.894405,0.008,817.5,609.5,0.9845573898490219,False,True,False,False,0,0,0,0,0,0,490,392,"[false, false, false]",200,2,1,Starfield Stage - 2
13194,2025-10-10T11:20:22.902284,0.008,815.0,609.5,0.9653329177603174,False,True,False,False,0,0,0,0,0,0,495,388,"[false, false, false]",200,2,1,Starfield Stage - 2
13202,2025-10-10T11:20:22.910460,0.008,812.5,609.5,0.9436192407931292,False,True,False,False,0,0,0,0,0,0,500,383,"[false, false, false]",200,2,1,Starfield Stage - 2
13210,2025-10-10T11:20:22.918851,0.009,810.0,609.5,0.9252069934201683,False,True,False,False,0,0,0,0,0,0,504,379,"[false, false, false]",200,2,1,Starfield Stage - 2
13220,2025-10-10T11:20:22.928205,0.009,807.5,609.5,0.9065251313422792,False,True,False,False,0,0,0,0,0,0,508,375,"[false, false, false]",200,2,1,Starfield Stage - 2
13228,2025-10-10T11:20:22.936404,0.008,805.0,609.5,0.8892485590068206,False,True,False,False,0,0,0,0,0,0,511,371,"[false, false, false]",200,2,1,Starfield Stage - 2
13236,2025-10-10T11:20:22.944634,0.008,802.5,609.5,0.8721365020734334,False,True,False,False,0,0,0,0,0,0,515,368,"[false, false, false]",200,2,1,Starfield Stage - 2
13245,2025-10-10T11:20:22.953258,0.009,800.0,612.0,0.853218517853637,False,True,False,True,0,0,0,0,0,0,517,365,"[false, false, false]",200,2,1,Starfield Stage - 2
13253,2025-10-10T11:20:22.961789,0.009,797.5,614.5,0.832533037210949,False,True,False,True,0,0,0,0,0,0,520,362,"[false, false, false]",200,2,1,Starfield Stage - 2
13263,2025-10-10T11:20:22.971210,0.009,795.0,617.0,0.8137459550765823,False,True,False,True,0,0,0,0,0,0,523,360,"[false, false, false]",200,2,1,Starfield Stage - 2
13272,2025-10-10T11:20:22.980401,0.009,792.5,619.5,0.7872921005268683,False,True,False,True,0,0,0,0,0,0,528,356,"[false, false, false]",200,2,1,Starfield Stage - 2
13279,2025-10-10T11:20:22.987936,0.008,790.0,622.0,0.7701902104717112,False,True,False,True,0,0,0,0,0,0,531,355,"[false, false, false]",200,2,1,Starfield Stage - 2
13288,2025-10-10T11:20:22.996386,0.008,787.5,624.5,0.7511258740466489,False,True,False,True,0,0,0,0,0,0,534,353,"[false, false, false]",200,2,1,Starfield Stage - 2
13296,2025-10-10T11:20:23.004670,0.008,785.0,627.0,0.7356308626473816,False,True,False,True,0,0,0,0,0,0,537,353,"[false, false, false]",200,2,1,Starfield Stage - 2
13305,2025-10-10T11:20:23.013014,0.009,782.5,629.5,0.7181918376150835,False,True,False,True,0,0,0,0,0,0,540,352,"[false, false, false]",200,2,1,Starfield Stage - 2
13313,2025-10-10T11:20:23.021597,0.009,780.0,632.0,0.6943881361549896,False,True,False,True,0,0,0,0,0,0,546,351,"[false, false, false]",200,2,1,Starfield Stage - 2
13322,2025-10-10T11:20:23.030686,0.009,777.5,634.5,0.6702238724940682,False,True,False,True,0,0,0,0,0,0,552,350,"[false, false, false]",200,2,1,Starfield Stage - 2
13331,2025-10-10T11:20:23.039239,0.008,775.0,637.0,0.6435011087932844,False,True,False,True,0,0,0,0,0,0,559,349,"[false, false, false]",200,2,1,Starfield Stage - 2
13339,2025-10-10T11:20:23.047755,0.008,772.5,639.5,0.6117612797906081,False,True,False,True,0,0,0,0,0,0,568,348,"[false, false, false]",200,2,1,Starfield Stage - 2
13347,2025-10-10T11:20:23.055559,0.008,770.0,642.0,0.5761360719648687,False,True,False,True,0,0,0,0,0,0,579,348,"[false, false, false]",200,2,1,Starfield Stage - 2
13355,2025-10-10T11:20:23.063461,0.008,770.0,644.5,0.5391827954843029,True,True,False,True,0,0,0,0,0,0,592,347,"[false, false, false]",200,2,1,Starfield Stage - 2
13363,2025-10-10T11:20:23.071124,0.008,770.0,647.0,0.5002804282248522,True,True,False,True,0,0,0,0,0,0,606,347,"[false, false, false]",200,2,1,Starfield Stage - 2
13371,2025-10-10T11:20:23.079356,0.008,770.0,649.5,0.4603363628246022,True,True,False,True,0,0,0,0,0,0,620,347,"[false, false, false]",200,2,1,Starfield Stage - 2
13379,2025-10-10T11:20:23.087580,0.008,770.0,652.0,0.41395736370482883,True,True,False,True,0,0,0,0,0,0,636,347,"[false, false, false]",200,2,1,Starfield Stage - 2
13387,2025-10-10T11:20:23.095544,0.008,770.0,652.0,0.37089128881266237,True,True,False,False,0,0,0,0,0,0,651,346,"[false, false, false]",200,2,1,Starfield Stage - 2
13394,2025-10-10T11:20:23.102848,0.008,770.0,652.0,0.3246888417291227,True,True,False,False,0,0,0,0,0,0,667,346,"[false, false, false]",200,2,1,Starfield Stage - 2
13403,2025-10-10T11:20:23.111526,0.008,770.0,652.0,0.2761472731769912,True,True,False,False,0,0,0,0,0,0,683,345,"[false, false, false]",200,2,1,Starfield Stage - 2
13411,2025-10-10T11:20:23.119569,0.009,770.0,652.0,0.22727458541095438,True,True,False,False,0,0,0,0,0,0,699,345,"[false, false, false]",200,2,1,Starfield Stage - 2
13420,2025-10-10T11:20:23.128132,0.008,770.0,652.0,0.18042672988159783,True,True,False,False,0,0,0,0,0,0,714,345,"[false, false, false]",200,2,1,Starfield Stage - 2
13428,2025-10-10T11:20:23.136275,0.008,770.0,652.0,0.12595307548757212,True,True,False,False,0,0,0,0,0,0,731,344,"[false, false, false]",200,2,1,Starfield Stage - 2
13436,2025-10-10T11:20:23.144617,0.008,770.0,652.0,0.07084895954460976,True,True,False,False,0,0,0,0,0,0,748,342,"[false, false, false]",200,2,1,Starfield Stage - 2
13444,2025-10-10T11:20:23.152441,0.009,770.0,652.0,0.01607578544839053,True,True,False,False,0,0,0,0,0,0,765,341,"[false, false, false]",200,2,1,Starfield Stage - 2
13453,2025-10-10T11:20:23.161694,0.008,770.0,652.0,-0.03535503653737976,True,True,False,False,0,0,0,0,0,0,781,341,"[false, false, false]",200,2,1,Starfield Stage - 2
13462,2025-10-10T11:20:23.170034,0.009,770.0,652.0,-0.08421592250102944,True,True,False,False,0,0,0,0,0,0,796,344,"[false, false, false]",200,2,1,Starfield Stage - 2
13470,2025-10-10T11:20:23.178474,0.009,770.0,652.0,-0.16460988436331542,True,True,False,False,0,0,0,0,0,0,820,351,"[false, false, false]",200,2,1,Starfield Stage - 2
13479,2025-10-10T11:20:23.187692,0.009,770.0,652.0,-0.19222764720107577,True,True,False,False,0,0,0,0,0,0,828,354,"[false, false, false]",200,2,1,Starfield Stage - 2
13488,2025-10-10T11:20:23.196240,0.008,770.0,652.0,-0.20257015790677968,True,True,False,False,0,0,0,0,0,0,831,355,"[false, false, false]",200,2,1,Starfield Stage - 2
13497,2025-10-10T11:20:23.205709,0.009,770.0,652.0,-0.20902294280626463,True,True,False,False,0,0,0,0,0,0,833,355,"[false, false, false]",200,2,1,Starfield Stage - 2
13505,2025-10-10T11:20:23.213709,0.009,770.0,652.0,-0.20970861220610798,True,True,False,False,0,0,0,0,0,0,833,356,"[false, false, false]",200,2,1,Starfield Stage - 2
13514,2025-10-10T11:20:23.222093,0.008,770.0,652.0,-0.20970861220610798,True,True,False,False,0,0,0,0,0,0,833,356,"[false, false, false]",200,2,1,Starfield Stage - 2
13523,2025-10-10T11:20:23.231692,0.01,770.0,652.0,-0.20970861220610798,True,True,False,False,0,0,0,0,0,0,833,356,"[false, false, false]",200,2,1,Starfield Stage - 2
13532,2025-10-10T11:20:23.240669,0.009,767.5,652.0,-0.21777449172965105,False,True,False,False,0,0,0,0,0,0,833,356,"[false, false, false]",200,2,1,Starfield Stage - 2
13542,2025-10-10T11:20:23.250210,0.009,765.0,652.0,-0.22581168154335537,False,True,False,False,0,0,0,0,0,0,833,356,"[false, false, false]",200,2,1,Starfield Stage - 2
13550,2025-10-10T11:20:23.258098,0.008,762.5,652.0,-0.23381930174871177,False,True,False,False,0,0,0,0,0,0,833,356,"[false, false, false]",200,2,1,Starfield Stage - 2
13558,2025-10-10T11:20:23.266386,0.008,760.0,652.0,-0.24179649407484263,False,True,False,False,0,0,0,0,0,0,833,356,"[false, false, false]",200,2,1,Starfield Stage - 2
13566,2025-10-10T11:20:23.273988,0.008,757.5,652.0,-0.24974242224804669,False,True,False,False,0,0,0,0,0,0,833,356,"[false, false, false]",200,2,1,Starfield Stage - 2
13574,2025-10-10T11:20:23.282700,0.009,755.0,652.0,-0.2576562723249746,False,True,False,False,0,0,0,0,0,0,833,356,"[false, false, false]",200,2,1,Starfield Stage - 2
13583,2025-10-10T11:20:23.291397,0.008,752.5,649.5,-0.26769297034388684,False,True,True,False,0,0,0,0,0,0,833,356,"[false, false, false]",200,2,1,Starfield Stage - 2
13591,2025-10-10T11:20:23.299605,0.009,750.0,647.0,-0.27784573257237555,False,True,True,False,0,0,0,0,0,0,833,356,"[false, false, false]",200,2,1,Starfield Stage - 2
13600,2025-10-10T11:20:23.308562,0.009,747.5,644.5,-0.2881144545445091,False,True,True,False,0,0,0,0,0,0,833,356,"[false, false, false]",200,2,1,Starfield Stage - 2
13609,2025-10-10T11:20:23.317339,0.008,745.0,642.0,-0.2984989315861793,False,True,True,False,0,0,0,0,0,0,833,356,"[false, false, false]",200,2,1,Starfield Stage - 2
13617,2025-10-10T11:20:23.325476,0.008,742.5,639.5,-0.3089988545352696,False,True,True,False,0,0,0,0,0,0,833,356,"[false, false, false]",200,2,1,Starfield Stage - 2
13625,2025-10-10T11:20:23.333882,0.009,740.0,637.0,-0.3196138055118111,False,True,True,False,0,0,0,0,0,0,833,356,"[false, false, false]",200,2,1,Starfield Stage - 2
13636,2025-10-10T11:20:23.344182,0.009,737.5,634.5,-0.33034325375977636,False,True,True,False,0,0,0,0,0,0,833,356,"[false, false, false]",200,2,1,Starfield Stage - 2
13644,2025-10-10T11:20:23.352435,0.009,735.0,632.0,-0.34118655158346467,False,True,True,False,0,0,0,0,0,0,833,356,"[false, false, false]",200,2,1,Starfield Stage - 2
13652,2025-10-10T11:20:23.360706,0.009,732.5,629.5,-0.3521429304026687,False,True,True,False,0,0,0,0,0,0,833,356,"[false, false, false]",200,2,1,Starfield Stage - 2
13661,2025-10-10T11:20:23.369121,0.008,730.0,627.0,-0.3632114969519552,False,True,True,False,0,0,0,0,0,0,833,356,"[false, false, false]",200,2,1,Starfield Stage - 2
13670,2025-10-10T11:20:23.378451,0.009,727.5,624.5,-0.3743912296504308,False,True,True,False,0,0,0,0,0,0,833,356,"[false, false, false]",200,2,1,Starfield Stage - 2
13678,2025-10-10T11:20:23.386406,0.008,725.0,622.0,-0.3856809751692638,False,True,True,False,0,0,0,0,0,0,833,356,"[false, false, false]",200,2,1,Starfield Stage - 2
13686,2025-10-10T11:20:23.394534,0.009,722.5,619.5,-0.3970794452249823,False,True,True,False,0,0,0,0,0,0,833,356,"[false, false, false]",200,2,1,Starfield Stage - 2
13696,2025-10-10T11:20:23.404160,0.009,720.0,617.0,-0.40858521362713585,False,True,True,False,0,0,0,0,0,0,833,356,"[false, false, false]",200,2,1,Starfield Stage - 2
13705,2025-10-10T11:20:23.413376,0.009,720.0,614.5,-0.41210599671131937,False,False,True,False,0,0,0,0,0,0,833,356,"[false, false, false]",200,2,1,Starfield Stage - 2
13713,2025-10-10T11:20:23.421859,0.008,720.0,612.0,-0.4156844221237294,False,False,True,False,0,0,0,0,0,0,833,356,"[false, false, false]",200,2,1,Starfield Stage - 2
13721,2025-10-10T11:20:23.429927,0.009,720.0,609.5,-0.4193218231938286,False,False,True,False,0,0,0,0,0,0,833,356,"[false, false, false]",200,2,1,Starfield Stage - 2
13730,2025-10-10T11:20:23.438320,0.008,720.0,607.0,-0.4245158823890489,False,False,True,False,0,0,0,0,0,0,833,357,"[false, false, false]",200,2,1,Starfield Stage - 2
13738,2025-10-10T11:20:23.446369,0.008,720.0,604.5,-0.41634073790968584,False,False,True,False,0,0,0,0,0,0,829,358,"[false, false, false]",200,2,1,Starfield Stage - 2
13746,2025-10-10T11:20:23.454504,0.008,720.0,602.0,-0.40091170779890295,False,False,True,False,0,0,0,0,0,0,823,359,"[false, false, false]",200,2,1,Starfield Stage - 2
13754,2025-10-10T11:20:23.462817,0.009,720.0,599.5,-0.3776235022160019,False,False,True,False,0,0,0,0,0,0,815,360,"[false, false, false]",200,2,1,Starfield Stage - 2
13763,2025-10-10T11:20:23.471424,0.008,722.5,597.0,-0.34006815163514353,True,False,True,False,0,0,0,0,0,0,806,361,"[false, false, false]",200,2,1,Starfield Stage - 2
13771,2025-10-10T11:20:23.479870,0.009,725.0,594.5,-0.28849471783282676,True,False,True,False,0,0,0,0,0,0,794,362,"[false, false, false]",200,2,1,Starfield Stage - 2
13779,2025-10-10T11:20:23.487602,0.008,727.5,592.0,-0.22950800477250086,True,False,True,False,0,0,0,0,0,0,781,363,"[false, false, false]",200,2,1,Starfield Stage - 2
13788,2025-10-10T11:20:23.496289,0.008,730.0,589.5,-0.16192519287758503,True,False,True,False,0,0,0,0,0,0,767,363,"[false, false, false]",200,2,1,Starfield Stage - 2
13796,2025-10-10T11:20:23.504261,0.008,732.5,587.0,-0.08722208476828222,True,False,True,False,0,0,0,0,0,0,752,364,"[false, false, false]",200,2,1,Starfield Stage - 2
13805,2025-10-10T11:20:23.513386,0.009,735.0,584.5,-0.013604602777775282,True,False,True,False,0,0,0,0,0,0,738,364,"[false, false, false]",200,2,1,Starfield Stage - 2
13813,2025-10-10T11:20:23.521467,0.008,737.5,582.0,0.13511640295471092,True,False,True,False,0,0,0,0,0,0,708,365,"[false, false, false]",200,2,1,Starfield Stage - 2
13821,2025-10-10T11:20:23.529426,0.009,740.0,579.5,0.21668432927836043,True,False,True,False,0,0,0,0,0,0,693,366,"[false, false, false]",200,2,1,Starfield Stage - 2
13830,2025-10-10T11:20:23.538531,0.009,742.5,577.0,0.2923261704813983,True,False,True,False,0,0,0,0,0,0,679,366,"[false, false, false]",200,2,1,Starfield Stage - 2
13839,2025-10-10T11:20:23.547369,0.008,745.0,574.5,0.3705440666043942,True,False,True,False,0,0,0,0,0,0,664,366,"[false, false, false]",200,2,1,Starfield Stage - 2
13848,2025-10-10T11:20:23.556494,0.009,747.5,572.0,0.4420611686198633,True,False,True,False,0,0,0,0,0,0,650,366,"[false, false, false]",200,2,1,Starfield Stage - 2
13857,2025-10-10T11:20:23.565893,0.009,750.0,569.5,0.5068898667988694,True,False,True,False,0,0,0,0,0,0,637,366,"[false, false, false]",200,2,1,Starfield Stage - 2
13865,2025-10-10T11:20:23.573521,0.008,752.5,567.0,0.5688189106720546,True,False,True,False,0,0,0,0,0,0,624,366,"[false, false, false]",200,2,1,Starfield Stage - 2
13874,2025-10-10T11:20:23.582390,0.009,755.0,564.5,0.6242884281446797,True,False,True,False,0,0,0,0,0,0,612,366,"[false, false, false]",200,2,1,Starfield Stage - 2
13882,2025-10-10T11:20:23.590254,0.008,752.5,562.0,0.6548320685978205,False,True,True,False,0,0,0,0,0,0,602,366,"[false, false, false]",200,2,1,Starfield Stage - 2
13890,2025-10-10T11:20:23.598586,0.009,750.0,559.5,0.6816352234637263,False,True,True,False,0,0,0,0,0,0,593,366,"[false, false, false]",200,2,1,Starfield Stage - 2
13900,2025-10-10T11:20:23.608105,0.009,747.5,557.0,0.7019047775148778,False,True,True,False,0,0,0,0,0,0,586,366,"[false, false, false]",200,2,1,Starfield Stage - 2
13908,2025-10-10T11:20:23.616241,0.008,745.0,554.5,0.7129788017692543,False,True,True,False,0,0,0,0,0,0,582,366,"[false, false, false]",200,2,1,Starfield Stage - 2
13917,2025-10-10T11:20:23.625381,0.009,742.5,552.0,0.7180682401041428,False,True,True,False,0,0,0,0,0,0,580,366,"[false, false, false]",200,2,1,Starfield Stage - 2
13925,2025-10-10T11:20:23.633370,0.008,740.0,549.5,0.720178746395303,False,True,True,False,0,0,0,0,0,0,579,366,"[false, false, false]",200,2,1,Starfield Stage - 2
13932,2025-10-10T11:20:23.640923,0.008,737.5,547.0,0.7192210064443177,False,True,True,False,0,0,0,0,0,0,579,366,"[false, false, false]",200,2,1,Starfield Stage - 2
13941,2025-10-10T11:20:23.649382,0.008,735.0,544.5,0.7182347615966856,False,True,True,False,0,0,0,0,0,0,579,366,"[false, false, false]",200,2,1,Starfield Stage - 2
13949,2025-10-10T11:20:23.657504,0.008,732.5,542.0,0.713982532036052,False,True,True,False,0,0,0,0,0,0,580,366,"[false, false, false]",200,2,1,Starfield Stage - 2
13957,2025-10-10T11:20:23.665504,0.008,730.0,539.5,0.702902509211445,False,True,True,False,0,0,0,0,0,0,583,366,"[false, false, false]",200,2,1,Starfield Stage - 2
13965,2025-10-10T11:20:23.673452,0.008,727.5,537.0,0.6906744379003509,False,True,True,False,0,0,0,0,0,0,587,367,"[false, false, false]",200,2,1,Starfield Stage - 2
13973,2025-10-10T11:20:23.681095,0.008,725.0,534.5,0.6769476322791006,False,True,True,False,0,0,0,0,0,0,592,369,"[false, false, false]",200,2,1,Starfield Stage - 2
13980,2025-10-10T11:20:23.688683,0.008,722.5,532.0,0.6689982794713475,False,True,True,False,0,0,0,0,0,0,596,372,"[false, false, false]",200,2,1,Starfield Stage - 2
13990,2025-10-10T11:20:23.698196,0.009,720.0,529.5,0.6669499039181989,False,True,True,False,0,0,0,0,0,0,596,372,"[false, false, false]",200,2,1,Starfield Stage - 2
13998,2025-10-10T11:20:23.706317,0.008,717.5,527.0,0.627416705106979,False,True,True,False,0,0,0,0,0,0,608,376,"[false, false, false]",200,2,1,Starfield Stage - 2
14007,2025-10-10T11:20:23.715228,0.009,715.0,524.5,0.6035898056010709,False,True,True,False,0,0,0,0,0,0,614,378,"[false, false, false]",200,2,1,Starfield Stage - 2
14015,2025-10-10T11:20:23.723820,0.009,712.5,522.0,0.5706202484701508,False,True,True,False,0,0,0,0,0,0,622,381,"[false, false, false]",200,2,1,Starfield Stage - 2
14024,2025-10-10T11:20:23.732633,0.009,710.0,519.5,0.5278449853739391,False,True,True,False,0,0,0,0,0,0,631,384,"[false, false, false]",200,2,1,Starfield Stage - 2
14034,2025-10-10T11:20:23.741988,0.009,707.5,517.0,0.46973581383829016,False,True,True,False,0,0,0,0,0,0,641,386,"[false, false, false]",200,2,1,Starfield Stage - 2
14042,2025-10-10T11:20:23.750281,0.008,710.0,517.0,0.42544963737004227,True,False,False,False,0,0,0,0,0,0,652,389,"[false, false, false]",200,2,1,Starfield Stage - 2
14050,2025-10-10T11:20:23.758044,0.008,712.5,517.0,0.37705335216230823,True,False,False,False,0,0,0,0,0,0,663,392,"[false, false, false]",200,2,1,Starfield Stage - 2
14058,2025-10-10T11:20:23.766833,0.009,715.0,517.0,0.32420755190946837,True,False,False,False,0,0,0,0,0,0,674,395,"[false, false, false]",200,2,1,Starfield Stage - 2
14067,2025-10-10T11:20:23.775530,0.009,717.5,517.0,0.2666075414928646,True,False,False,False,0,0,0,0,0,0,685,398,"[false, false, false]",200,2,1,Starfield Stage - 2
14076,2025-10-10T11:20:23.784390,0.008,720.0,517.0,0.20401797959254858,True,False,False,False,0,0,0,0,0,0,696,401,"[false, false, false]",200,2,1,Starfield Stage - 2
14085,2025-10-10T11:20:23.793074,0.009,722.5,517.0,0.12874815683868931,True,False,False,False,0,0,0,0,0,0,708,405,"[false, false, false]",200,2,1,Starfield Stage - 2
14093,2025-10-10T11:20:23.801272,0.008,725.0,517.0,-0.047583103276983396,True,False,False,False,0,0,0,0,0,0,730,412,"[false, false, false]",200,2,1,Starfield Stage - 2
14101,2025-10-10T11:20:23.809423,0.008,727.5,517.0,-0.1111899861741019,True,False,False,False,0,0,0,0,0,0,739,414,"[false, false, false]",200,2,1,Starfield Stage - 2
14109,2025-10-10T11:20:23.817951,0.009,730.0,517.0,-0.1683901571475299,True,False,False,False,0,0,0,0,0,0,747,417,"[false, false, false]",200,2,1,Starfield Stage - 2
14119,2025-10-10T11:20:23.827463,0.01,732.5,517.0,-0.22347660114063303,True,False,False,False,0,0,0,0,0,0,755,418,"[false, false, false]",200,2,1,Starfield Stage - 2
14128,2025-10-10T11:20:23.836604,0.009,735.0,517.0,-0.26188526468051904,True,False,False,False,0,0,0,0,0,0,761,420,"[false, false, false]",200,2,1,Starfield Stage - 2
14138,2025-10-10T11:20:23.846258,0.009,737.5,517.0,-0.2914567944778671,True,False,False,False,0,0,0,0,0,0,766,422,"[false, false, false]",200,2,1,Starfield Stage - 2
14146,2025-10-10T11:20:23.854419,0.008,740.0,517.0,-0.2992463156024765,True,False,False,False,0,0,0,0,0,0,769,423,"[false, false, false]",200,2,1,Starfield Stage - 2
14153,2025-10-10T11:20:23.861763,0.008,742.5,517.0,-0.29438218837554203,True,False,False,False,0,0,0,0,0,0,771,423,"[false, false, false]",200,2,1,Starfield Stage - 2
14162,2025-10-10T11:20:23.870495,0.008,745.0,517.0,-0.272609819980622,True,False,False,False,0,0,0,0,0,0,771,424,"[false, false, false]",200,2,1,Starfield Stage - 2
14170,2025-10-10T11:20:23.878534,0.009,747.5,514.5,-0.25405753170267353,True,False,True,False,0,0,0,0,0,0,771,424,"[false, false, false]",200,2,1,Starfield Stage - 2
14179,2025-10-10T11:20:23.887546,0.009,747.5,512.0,-0.26095599852185325,False,False,True,False,0,0,0,0,0,0,771,424,"[false, false, false]",200,2,1,Starfield Stage - 2
14188,2025-10-10T11:20:23.896040,0.008,747.5,509.5,-0.26823028593732706,False,False,True,False,0,0,0,0,0,0,771,424,"[false, false, false]",200,2,1,Starfield Stage - 2
14196,2025-10-10T11:20:23.904333,0.008,747.5,507.0,-0.2759111285155254,False,False,True,False,0,0,0,0,0,0,771,424,"[false, false, false]",200,2,1,Starfield Stage - 2
14205,2025-10-10T11:20:23.913127,0.009,745.0,504.5,-0.31607953768681135,False,True,True,False,0,0,0,0,0,0,771,425,"[false, false, false]",200,2,1,Starfield Stage - 2
14214,2025-10-10T11:20:23.922395,0.009,742.5,502.0,-0.3676265273137781,False,True,True,False,0,0,0,0,0,0,771,428,"[false, false, false]",200,2,1,Starfield Stage - 2
14222,2025-10-10T11:20:23.930594,0.009,740.0,499.5,-0.4249764214295939,False,True,True,False,0,0,0,0,0,0,771,431,"[false, false, false]",200,2,1,Starfield Stage - 2
14231,2025-10-10T11:20:23.939266,0.008,737.5,497.0,-0.4758794148374365,False,True,True,False,0,0,0,0,0,0,771,432,"[false, false, false]",200,2,1,Starfield Stage - 2
14240,2025-10-10T11:20:23.947995,0.009,735.0,494.5,-0.5295895987820763,False,True,True,False,0,0,0,0,0,0,771,433,"[false, false, false]",200,2,1,Starfield Stage - 2
14249,2025-10-10T11:20:23.956978,0.009,732.5,492.0,-0.5940509168899395,False,True,True,False,0,0,0,0,0,0,771,435,"[false, false, false]",200,2,1,Starfield Stage - 2
14257,2025-10-10T11:20:23.965809,0.008,730.0,489.5,-0.6630181498246495,False,True,True,False,0,0,0,0,0,0,771,437,"[false, false, false]",200,2,1,Starfield Stage - 2
14265,2025-10-10T11:20:23.973588,0.009,727.5,487.0,-0.7233310945055217,False,True,True,False,0,0,0,0,0,0,769,440,"[false, false, false]",200,2,1,Starfield Stage - 2
14274,2025-10-10T11:20:23.981997,0.008,725.0,484.5,-0.8031477784539459,False,True,True,False,0,0,0,0,0,0,768,443,"[false, false, false]",200,2,1,Starfield Stage - 2
14282,2025-10-10T11:20:23.990565,0.008,722.5,482.0,-0.8659687068612467,False,True,True,False,0,0,0,0,0,0,766,445,"[false, false, false]",200,2,1,Starfield Stage - 2
14291,2025-10-10T11:20:23.999157,0.009,720.0,482.0,-0.9017533286043231,False,True,False,False,0,0,0,0,0,0,763,448,"[false, false, false]",200,2,1,Starfield Stage - 2
14299,2025-10-10T11:20:24.007713,0.009,717.5,482.0,-0.9365542126637353,False,True,False,False,0,0,0,0,0,0,761,450,"[false, false, false]",200,2,1,Starfield Stage - 2
14308,2025-10-10T11:20:24.016209,0.008,715.0,482.0,-0.9774461806381783,False,True,False,False,0,0,0,0,0,0,758,453,"[false, false, false]",200,2,1,Starfield Stage - 2
14316,2025-10-10T11:20:24.024423,0.008,712.5,482.0,-1.0048287237471312,False,True,False,False,0,0,0,0,0,0,755,455,"[false, false, false]",200,2,1,Starfield Stage - 2
14324,2025-10-10T11:20:24.032779,0.009,710.0,482.0,-1.033885584054851,False,True,False,False,0,0,0,0,0,0,752,457,"[false, false, false]",200,2,1,Starfield Stage - 2
14334,2025-10-10T11:20:24.042386,0.009,707.5,482.0,-1.0647213634985555,False,True,False,False,0,0,0,0,0,0,749,459,"[false, false, false]",200,2,1,Starfield Stage - 2
14342,2025-10-10T11:20:24.050361,0.008,705.0,482.0,-1.0768549578753155,False,True,False,False,0,0,0,0,0,0,744,461,"[false, false, false]",200,2,1,Starfield Stage - 2
14350,2025-10-10T11:20:24.058149,0.008,702.5,482.0,-1.1020982556850178,False,True,False,False,0,0,0,0,0,0,742,462,"[false, false, false]",200,2,1,Starfield Stage - 2
14359,2025-10-10T11:20:24.067468,0.009,700.0,482.0,-1.1169523252733864,False,True,False,False,0,0,0,0,0,0,741,462,"[false, false, false]",200,2,1,Starfield Stage - 2
14367,2025-10-10T11:20:24.075532,0.009,697.5,482.0,-1.121710795186829,False,True,False,False,0,0,0,0,0,0,739,462,"[false, false, false]",200,2,1,Starfield Stage - 2
14376,2025-10-10T11:20:24.084119,0.008,695.0,482.0,-1.1354430516425942,False,True,False,False,0,0,0,0,0,0,738,462,"[false, false, false]",200,2,1,Starfield Stage - 2
14384,2025-10-10T11:20:24.092851,0.009,692.5,482.0,-1.1298720786357315,False,True,False,False,0,0,0,0,0,0,737,461,"[false, false, false]",200,2,1,Starfield Stage - 2
14394,2025-10-10T11:20:24.102061,0.009,690.0,482.0,-1.142532173918242,False,True,False,False,0,0,0,0,0,0,736,461,"[false, false, false]",200,2,1,Starfield Stage - 2
14402,2025-10-10T11:20:24.110473,0.008,687.5,482.0,-1.1370543292008537,False,True,False,False,0,0,0,0,0,0,735,460,"[false, false, false]",200,2,1,Starfield Stage - 2
14410,2025-10-10T11:20:24.118409,0.009,685.0,482.0,-1.148791296892679,False,True,False,False,0,0,0,0,0,0,734,460,"[false, false, false]",200,2,1,Starfield Stage - 2
14419,2025-10-10T11:20:24.127625,0.009,682.5,482.0,-1.1670768729152985,False,True,False,False,0,0,0,0,0,0,734,460,"[false, false, false]",200,2,1,Starfield Stage - 2
14428,2025-10-10T11:20:24.136624,0.009,680.0,482.0,-1.1839206090638685,False,True,False,False,0,0,0,0,0,0,734,460,"[false, false, false]",200,2,1,Starfield Stage - 2
14437,2025-10-10T11:20:24.145298,0.008,677.5,482.0,-1.1934003595584717,False,True,False,False,0,0,0,0,0,0,733,460,"[false, false, false]",200,2,1,Starfield Stage - 2
14445,2025-10-10T11:20:24.153657,0.009,675.0,482.0,-1.150916369589345,False,True,False,False,0,0,0,0,0,0,731,457,"[false, false, false]",200,2,1,Starfield Stage - 2
14454,2025-10-10T11:20:24.162496,0.008,672.5,482.0,-1.0965857303910371,False,True,False,False,0,0,0,0,0,0,729,453,"[false, false, false]",200,2,1,Starfield Stage - 2
14462,2025-10-10T11:20:24.170462,0.008,670.0,482.0,-1.032960800101468,False,True,False,False,0,0,0,0,0,0,727,448,"[false, false, false]",200,2,1,Starfield Stage - 2
14470,2025-10-10T11:20:24.178371,0.008,667.5,482.0,-0.9582587701845933,False,True,False,False,0,0,0,0,0,0,723,443,"[false, false, false]",200,2,1,Starfield Stage - 2
14478,2025-10-10T11:20:24.186679,0.009,665.0,482.0,-0.8870870151605253,False,True,False,False,0,0,0,0,0,0,719,438,"[false, false, false]",200,2,1,Starfield Stage - 2
14488,2025-10-10T11:20:24.196628,0.009,662.5,482.0,-0.8198672643969563,False,True,False,False,0,0,0,0,0,0,715,433,"[false, false, false]",200,2,1,Starfield Stage - 2
14497,2025-10-10T11:20:24.205670,0.009,660.0,482.0,-0.7661697642977411,False,True,False,False,0,0,0,0,0,0,711,429,"[false, false, false]",200,2,1,Starfield Stage - 2
14505,2025-10-10T11:20:24.213231,0.008,657.5,484.5,-0.721847491971991,False,True,False,True,0,0,0,0,0,0,709,426,"[false, false, false]",200,2,1,Starfield Stage - 2
14513,2025-10-10T11:20:24.221816,0.009,655.0,487.0,-0.6916566218531999,False,True,False,True,0,0,0,0,0,0,708,423,"[false, false, false]",200,2,1,Starfield Stage - 2
14522,2025-10-10T11:20:24.230958,0.008,652.5,489.5,-0.6720647666320444,False,True,False,True,0,0,0,0,0,0,707,421,"[false, false, false]",200,2,1,Starfield Stage - 2
14529,2025-10-10T11:20:24.237911,0.008,650.0,492.0,-0.6629371059801069,False,True,False,True,0,0,0,0,0,0,707,419,"[false, false, false]",200,2,1,Starfield Stage - 2
14538,2025-10-10T11:20:24.246548,0.008,647.5,494.5,-0.6786624907483126,False,True,False,True,0,0,0,0,0,0,710,417,"[false, false, false]",200,2,1,Starfield Stage - 2
14547,2025-10-10T11:20:24.255389,0.009,645.0,497.0,-0.6935520371327109,False,True,False,True,0,0,0,0,0,0,714,414,"[false, false, false]",200,2,1,Starfield Stage - 2
14555,2025-10-10T11:20:24.263725,0.009,642.5,499.5,-0.7184253051880318,False,True,False,True,0,0,0,0,0,0,719,412,"[false, false, false]",200,2,1,Starfield Stage - 2
14564,2025-10-10T11:20:24.272265,0.008,640.0,502.0,-0.7409829481505374,False,True,False,True,0,0,0,0,0,0,726,408,"[false, false, false]",200,2,1,Starfield Stage - 2
14573,2025-10-10T11:20:24.281015,0.009,637.5,504.5,-0.7648882192580018,False,True,False,True,0,0,0,0,0,0,733,405,"[false, false, false]",200,2,1,Starfield Stage - 2
14581,2025-10-10T11:20:24.289378,0.008,635.0,507.0,-0.8078159319087834,False,True,False,True,0,0,0,0,0,0,749,398,"[false, false, false]",200,2,1,Starfield Stage - 2
14589,2025-10-10T11:20:24.297290,0.008,632.5,509.5,-0.831583783056326,False,True,False,True,0,0,0,0,0,0,757,396,"[false, false, false]",200,2,1,Starfield Stage - 2
14597,2025-10-10T11:20:24.305433,0.008,630.0,512.0,-0.844153986113171,False,True,False,True,0,0,0,0,0,0,765,392,"[false, false, false]",200,2,1,Starfield Stage - 2
14606,2025-10-10T11:20:24.314225,0.009,627.5,512.0,-0.869001716103621,False,True,False,False,0,0,0,0,0,0,773,389,"[false, false, false]",200,2,1,Starfield Stage - 2
14614,2025-10-10T11:20:24.322732,0.009,625.0,512.0,-0.8921338360465839,False,True,False,False,0,0,0,0,0,0,780,387,"[false, false, false]",200,2,1,Starfield Stage - 2
14623,2025-10-10T11:20:24.331233,0.008,625.0,512.0,-0.8990925810030647,True,True,False,False,0,0,0,0,0,0,786,384,"[false, false, false]",200,2,1,Starfield Stage - 2
14631,2025-10-10T11:20:24.339212,0.008,625.0,512.0,-0.8997618168203524,True,True,False,False,0,0,0,0,0,0,790,381,"[false, false, false]",200,2,1,Starfield Stage - 2
14639,2025-10-10T11:20:24.347838,0.008,625.0,512.0,-0.901157381118259,True,True,False,False,0,0,0,0,0,0,793,379,"[false, false, false]",200,2,1,Starfield Stage - 2
14648,2025-10-10T11:20:24.356423,0.009,627.5,512.0,-0.8931324846014003,True,False,False,False,0,0,0,0,0,0,794,378,"[false, false, false]",200,2,1,Starfield Stage - 2
14656,2025-10-10T11:20:24.364423,0.009,630.0,512.0,-0.8784618921218663,True,False,False,False,0,0,0,0,0,0,794,376,"[false, false, false]",200,2,1,Starfield Stage - 2
14666,2025-10-10T11:20:24.373971,0.009,632.5,512.0,-0.870903457075653,True,False,False,False,0,0,0,0,0,0,794,376,"[false, false, false]",200,2,1,Starfield Stage - 2
14675,2025-10-10T11:20:24.383572,0.01,635.0,512.0,-0.8564647223815691,True,False,False,False,0,0,0,0,0,0,793,375,"[false, false, false]",200,2,1,Starfield Stage - 2
14684,2025-10-10T11:20:24.392923,0.009,637.5,512.0,-0.8385213761982058,True,False,False,False,0,0,0,0,0,0,791,374,"[false, false, false]",200,2,1,Starfield Stage - 2
14693,2025-10-10T11:20:24.401269,0.008,640.0,512.0,-0.7959984730532556,True,False,False,False,0,0,0,0,0,0,783,372,"[false, false, false]",200,2,1,Starfield Stage - 2
14701,2025-10-10T11:20:24.409304,0.008,642.5,512.0,-0.7655092853726814,True,False,False,False,0,0,0,0,0,0,778,371,"[false, false, false]",200,2,1,Starfield Stage - 2
14709,2025-10-10T11:20:24.417328,0.008,645.0,512.0,-0.7335927066064472,True,False,False,False,0,0,0,0,0,0,773,370,"[false, false, false]",200,2,1,Starfield Stage - 2
14717,2025-10-10T11:20:24.425289,0.008,647.5,512.0,-0.7036758175188268,True,False,False,False,0,0,0,0,0,0,768,370,"[false, false, false]",200,2,1,Starfield Stage - 2
14725,2025-10-10T11:20:24.433360,0.008,650.0,512.0,-0.6721591923659238,True,False,False,False,0,0,0,0,0,0,763,370,"[false, false, false]",200,2,1,Starfield Stage - 2
14733,2025-10-10T11:20:24.441587,0.009,652.5,512.0,-0.6332098769243347,True,False,False,False,0,0,0,0,0,0,756,371,"[false, false, false]",200,2,1,Starfield Stage - 2
14742,2025-10-10T11:20:24.450862,0.009,655.0,512.0,-0.5995342175755154,True,False,False,False,0,0,0,0,0,0,750,373,"[false, false, false]",200,2,1,Starfield Stage - 2
14751,2025-10-10T11:20:24.459873,0.009,657.5,512.0,-0.5579429321099642,True,False,False,False,0,0,0,0,0,0,743,375,"[false, false, false]",200,2,1,Starfield Stage - 2
14761,2025-10-10T11:20:24.469339,0.009,660.0,512.0,-0.507098504392337,True,False,False,False,0,0,0,0,0,0,735,377,"[false, false, false]",200,2,1,Starfield Stage - 2
14769,2025-10-10T11:20:24.477507,0.009,662.5,512.0,-0.451725670139298,True,False,False,False,0,0,0,0,0,0,728,377,"[false, false, false]",200,2,1,Starfield Stage - 2
14779,2025-10-10T11:20:24.487415,0.009,665.0,512.0,-0.39321217364348315,True,False,False,False,0,0,0,0,0,0,721,377,"[false, false, false]",200,2,1,Starfield Stage - 2
14787,2025-10-10T11:20:24.495482,0.008,665.0,512.0,-0.34161549064780716,True,True,False,False,0,0,0,0,0,0,713,377,"[false, false, false]",200,2,1,Starfield Stage - 2
14795,2025-10-10T11:20:24.503651,0.009,665.0,512.0,-0.2948512145705389,True,True,False,False,0,0,0,0,0,0,706,377,"[false, false, false]",200,2,1,Starfield Stage - 2
14804,2025-10-10T11:20:24.512459,0.008,665.0,512.0,-0.2587708919636976,True,True,False,False,0,0,0,0,0,0,701,376,"[false, false, false]",200,2,1,Starfield Stage - 2
14812,2025-10-10T11:20:24.520693,0.009,662.5,512.0,-0.23981963753029034,False,True,False,False,0,0,0,0,0,0,696,375,"[false, false, false]",200,2,1,Starfield Stage - 2
14821,2025-10-10T11:20:24.529735,0.009,660.0,512.0,-0.24156570709532596,False,True,False,False,0,0,0,0,0,0,694,374,"[false, false, false]",200,2,1,Starfield Stage - 2
14830,2025-10-10T11:20:24.538359,0.008,657.5,512.0,-0.23649710230475213,False,True,False,False,0,0,0,0,0,0,691,373,"[false, false, false]",200,2,1,Starfield Stage - 2
14838,2025-10-10T11:20:24.546305,0.008,655.0,512.0,-0.25168997175818675,False,True,False,False,0,0,0,0,0,0,691,372,"[false, false, false]",200,2,1,Starfield Stage - 2
14847,2025-10-10T11:20:24.555612,0.009,652.5,512.0,-0.26836621090590684,False,True,False,False,0,1,0,0,0,0,691,372,"[false, false, false]",200,2,1,Starfield Stage - 2
14856,2025-10-10T11:20:24.564177,0.009,650.0,512.0,-0.28297689337281756,False,True,False,False,0,1,0,0,0,0,691,371,"[false, false, false]",200,2,1,Starfield Stage - 2
14864,2025-10-10T11:20:24.572532,0.009,647.5,512.0,-0.31008618417622313,False,True,False,False,0,1,0,0,0,0,693,370,"[false, false, false]",200,2,1,Starfield Stage - 2
14874,2025-10-10T11:20:24.582591,0.009,645.0,512.0,-0.34653886443394183,False,True,False,False,0,1,0,0,0,0,697,368,"[false, false, false]",200,2,1,Starfield Stage - 2
14882,2025-10-10T11:20:24.590137,0.008,642.5,509.5,-0.3989896625768249,False,True,True,False,0,1,0,0,0,0,703,366,"[false, false, false]",200,2,1,Starfield Stage - 2
14890,2025-10-10T11:20:24.598630,0.009,640.0,507.0,-0.4692655274257615,False,True,True,False,0,1,0,0,0,0,712,365,"[false, false, false]",200,2,1,Starfield Stage - 2
14899,2025-10-10T11:20:24.607834,0.009,637.5,504.5,-0.5414655249936776,False,True,True,False,0,1,0,0,0,0,722,364,"[false, false, false]",200,2,1,Starfield Stage - 2
14909,2025-10-10T11:20:24.617255,0.009,635.0,502.0,-0.6140978205892793,False,True,True,False,0,1,0,0,0,0,733,363,"[false, false, false]",200,2,1,Starfield Stage - 2
14917,2025-10-10T11:20:24.625202,0.008,632.5,499.5,-0.7476802109305841,False,True,True,False,0,1,0,0,0,0,760,362,"[false, false, false]",200,2,1,Starfield Stage - 2
14925,2025-10-10T11:20:24.633852,0.009,630.0,497.0,-0.8176450458327023,False,True,True,False,0,1,0,0,0,0,774,362,"[false, false, false]",200,2,1,Starfield Stage - 2
14934,2025-10-10T11:20:24.642256,0.008,627.5,494.5,-0.8806719827907488,False,True,True,False,0,1,0,0,0,0,788,362,"[false, false, false]",200,2,1,Starfield Stage - 2
14942,2025-10-10T11:20:24.650453,0.008,625.0,492.0,-0.9399987088286491,False,True,True,False,0,1,0,0,0,0,803,362,"[false, false, false]",200,2,1,Starfield Stage - 2
14950,2025-10-10T11:20:24.658683,0.008,622.5,489.5,-0.992894389832651,False,True,True,False,0,1,0,0,0,0,818,362,"[false, false, false]",200,2,1,Starfield Stage - 2
14958,2025-10-10T11:20:24.666574,0.009,620.0,487.0,-1.0380421816144665,False,True,True,False,0,1,0,0,0,0,832,362,"[false, false, false]",200,2,1,Starfield Stage - 2
14967,2025-10-10T11:20:24.675699,0.009,617.5,484.5,-1.0768549578753155,False,True,True,False,0,1,0,0,0,0,845,362,"[false, false, false]",200,2,1,Starfield Stage - 2
14977,2025-10-10T11:20:24.685726,0.01,615.0,482.0,-1.1088098458343192,False,True,True,False,0,1,0,0,0,0,856,362,"[false, false, false]",200,2,1,Starfield Stage - 2
14987,2025-10-10T11:20:24.695350,0.009,612.5,479.5,-1.1352537652545465,False,True,True,False,0,1,0,0,0,0,865,362,"[false, false, false]",200,2,1,Starfield Stage - 2
14995,2025-10-10T11:20:24.703377,0.008,610.0,477.0,-1.1631648213372696,False,True,True,False,0,1,0,0,0,0,874,363,"[false, false, false]",200,2,1,Starfield Stage - 2
15003,2025-10-10T11:20:24.711557,0.009,607.5,474.5,-1.1855536415559895,False,True,True,False,0,1,0,0,0,0,880,364,"[false, false, false]",200,2,1,Starfield Stage - 2
15012,2025-10-10T11:20:24.720884,0.009,605.0,472.0,-1.2045835690863467,False,True,True,False,0,1,0,0,0,0,884,365,"[false, false, false]",200,2,1,Starfield Stage - 2
15022,2025-10-10T11:20:24.730497,0.009,602.5,469.5,-1.2230099902158669,False,True,True,False,0,1,0,0,0,0,888,366,"[false, false, false]",200,2,1,Starfield Stage - 2
15030,2025-10-10T11:20:24.738561,0.008,602.5,467.0,-1.2318689090743655,False,False,True,False,0,1,0,0,0,0,889,366,"[false, false, false]",200,2,1,Starfield Stage - 2
15038,2025-10-10T11:20:24.746581,0.008,602.5,464.5,-1.2396514767405618,False,False,True,False,0,1,0,0,0,0,889,366,"[false, false, false]",200,2,1,Starfield Stage - 2
15047,2025-10-10T11:20:24.755948,0.01,602.5,462.0,-1.2474759149751529,False,False,True,False,0,1,0,0,0,0,889,366,"[false, false, false]",200,2,1,Starfield Stage - 2
15055,2025-10-10T11:20:24.763787,0.008,602.5,459.5,-1.2553415968735733,False,False,True,False,0,1,0,0,0,0,889,366,"[false, false, false]",200,2,1,Starfield Stage - 2
15065,2025-10-10T11:20:24.773561,0.009,602.5,457.0,-1.2612209251380444,False,False,True,False,0,1,0,0,0,0,887,366,"[false, false, false]",200,2,1,Starfield Stage - 2
15073,2025-10-10T11:20:24.781561,0.008,602.5,454.5,-1.2661930733732056,False,False,True,False,0,1,0,0,0,0,884,366,"[false, false, false]",200,2,1,Starfield Stage - 2
15082,2025-10-10T11:20:24.790083,0.009,605.0,452.0,-1.2687368812617679,True,False,True,False,0,1,0,0,0,0,881,366,"[false, false, false]",200,2,1,Starfield Stage - 2
15090,2025-10-10T11:20:24.798660,0.009,607.5,449.5,-1.2692904752608454,True,False,True,False,0,1,0,0,0,0,876,366,"[false, false, false]",200,2,1,Starfield Stage - 2
15099,2025-10-10T11:20:24.807741,0.009,610.0,447.0,-1.2698760924344714,True,False,True,False,0,1,0,0,0,0,871,366,"[false, false, false]",200,2,1,Starfield Stage - 2
15109,2025-10-10T11:20:24.817365,0.009,612.5,444.5,-1.2680233277560733,True,False,True,False,0,1,0,0,0,0,867,365,"[false, false, false]",200,2,1,Starfield Stage - 2
15117,2025-10-10T11:20:24.825442,0.008,615.0,442.0,-1.240393330723695,True,False,True,False,0,1,0,0,0,0,857,359,"[false, false, false]",200,2,1,Starfield Stage - 2
15125,2025-10-10T11:20:24.833391,0.008,617.5,439.5,-1.2197920336753194,True,False,True,False,0,1,0,0,0,0,851,354,"[false, false, false]",200,2,1,Starfield Stage - 2
15133,2025-10-10T11:20:24.841587,0.008,620.0,437.0,-1.1833509708457897,True,False,True,False,0,1,0,0,0,0,843,346,"[false, false, false]",200,2,1,Starfield Stage - 2
15142,2025-10-10T11:20:24.850219,0.009,622.5,434.5,-1.1331293961057374,True,False,True,False,0,1,0,0,0,0,833,336,"[false, false, false]",200,2,1,Starfield Stage - 2
15150,2025-10-10T11:20:24.858573,0.008,625.0,432.0,-1.0693181696213516,True,False,True,False,0,1,0,0,0,0,822,324,"[false, false, false]",200,2,1,Starfield Stage - 2
15158,2025-10-10T11:20:24.866557,0.009,627.5,429.5,-0.9898584740459655,True,False,True,False,0,1,0,0,0,0,808,311,"[false, false, false]",200,2,1,Starfield Stage - 2
15167,2025-10-10T11:20:24.875668,0.009,630.0,427.0,-0.8870870151605253,True,False,True,False,0,1,0,0,0,0,792,295,"[false, false, false]",200,2,1,Starfield Stage - 2
15177,2025-10-10T11:20:24.885503,0.009,632.5,424.5,-0.7749818734664786,True,False,True,False,0,1,0,0,0,0,775,279,"[false, false, false]",200,2,1,Starfield Stage - 2
15185,2025-10-10T11:20:24.893795,0.008,635.0,422.0,-0.6544787117220681,True,False,True,False,0,1,0,0,0,0,757,263,"[false, false, false]",200,2,1,Starfield Stage - 2
15194,2025-10-10T11:20:24.902587,0.009,637.5,419.5,-0.5293278049768628,True,False,True,False,0,1,0,0,0,0,739,246,"[false, false, false]",200,2,1,Starfield Stage - 2
15203,2025-10-10T11:20:24.911595,0.008,637.5,417.0,-0.4219593719714668,True,True,True,False,0,1,0,0,0,0,721,231,"[false, false, false]",200,2,1,Starfield Stage - 2
15210,2025-10-10T11:20:24.918034,0.008,635.0,414.5,-0.33003973906886774,False,True,True,False,0,1,0,0,0,0,703,216,"[false, false, false]",200,2,1,Starfield Stage - 2
15218,2025-10-10T11:20:24.926509,0.008,632.5,412.0,-0.24945540994083346,False,True,True,False,0,1,0,0,0,0,686,202,"[false, false, false]",200,2,1,Starfield Stage - 2
15226,2025-10-10T11:20:24.934448,0.008,630.0,412.0,-0.17162806838088,False,True,False,False,0,1,0,0,0,0,669,187,"[false, false, false]",200,2,1,Starfield Stage - 2
15234,2025-10-10T11:20:24.942624,0.009,627.5,412.0,-0.10629244301132114,False,True,False,False,0,1,0,0,0,0,653,173,"[false, false, false]",200,2,1,Starfield Stage - 2
15243,2025-10-10T11:20:24.951937,0.009,625.0,412.0,-0.047583103276983396,False,True,False,False,0,1,0,0,0,0,637,160,"[false, false, false]",200,2,1,Starfield Stage - 2
15252,2025-10-10T11:20:24.960370,0.008,622.5,412.0,0.005681757040847447,False,True,False,False,0,1,0,0,0,0,621,148,"[false, false, false]",200,2,1,Starfield Stage - 2
15261,2025-10-10T11:20:24.969008,0.009,620.0,412.0,0.05086517820826409,False,True,False,False,0,1,0,0,0,0,606,137,"[false, false, false]",200,2,1,Starfield Stage - 2
15269,2025-10-10T11:20:24.977388,0.008,617.5,412.0,0.12393491475630664,False,True,False,False,0,1,0,0,0,0,581,119,"[false, false, false]",200,2,1,Starfield Stage - 2
15277,2025-10-10T11:20:24.985594,0.008,615.0,412.0,0.14236369012792366,False,True,False,False,0,1,0,0,0,0,572,112,"[false, false, false]",200,2,1,Starfield Stage - 2
15285,2025-10-10T11:20:24.993920,0.009,612.5,412.0,0.1512939817633698,False,True,False,False,0,1,0,0,0,0,566,107,"[false, false, false]",200,2,1,Starfield Stage - 2
15294,2025-10-10T11:20:25.002370,0.008,612.5,412.0,0.15935164090391687,True,True,False,False,0,1,0,0,0,0,563,104,"[false, false, false]",200,2,1,Starfield Stage - 2
15302,2025-10-10T11:20:25.010462,0.009,612.5,412.0,0.16148473149673134,True,True,False,False,0,1,0,0,0,0,562,102,"[false, false, false]",200,2,1,Starfield Stage - 2
15311,2025-10-10T11:20:25.019854,0.009,612.5,412.0,0.16148473149673134,True,True,False,False,0,1,0,0,0,0,562,102,"[false, false, false]",200,2,1,Starfield Stage - 2
15320,2025-10-10T11:20:25.028151,0.008,612.5,412.0,0.16148473149673134,True,True,False,False,0,1,0,0,0,0,562,102,"[false, false, false]",200,2,1,Starfield Stage - 2
15328,2025-10-10T11:20:25.036431,0.008,612.5,412.0,0.16148473149673134,True,True,False,False,0,1,0,0,0,0,562,102,"[false, false, false]",200,2,1,Starfield Stage - 2
15336,2025-10-10T11:20:25.044521,0.008,612.5,412.0,0.1583407176572681,True,True,False,False,0,1,0,0,0,0,563,102,"[false, false, false]",200,2,1,Starfield Stage - 2
15345,2025-10-10T11:20:25.053561,0.009,615.0,412.0,0.16619470213772036,True,False,False,False,0,1,0,0,0,0,563,102,"[false, false, false]",200,2,1,Starfield Stage - 2
15353,2025-10-10T11:20:25.061566,0.009,617.5,412.0,0.17402804707745603,True,False,False,False,1,1,0,0,0,0,563,102,"[true, false, false]",200,2,1,Starfield Stage - 2
15362,2025-10-10T11:20:25.070208,0.008,620.0,412.0,0.1787177819389311,True,False,False,False,1,1,0,0,0,0,564,102,"[true, false, false]",200,2,1,Starfield Stage - 2
15370,2025-10-10T11:20:25.078424,0.008,622.5,412.0,0.18710593236281892,True,False,False,False,1,1,0,0,0,0,564,103,"[true, false, false]",200,2,1,Starfield Stage - 2
15378,2025-10-10T11:20:25.086526,0.008,625.0,412.0,0.19239560151592244,True,False,False,False,1,1,0,0,0,0,565,104,"[true, false, false]",200,2,1,Starfield Stage - 2
15386,2025-10-10T11:20:25.094437,0.008,627.5,412.0,0.200838425745897,True,False,False,False,1,1,0,0,0,0,565,105,"[true, false, false]",200,2,1,Starfield Stage - 2
15394,2025-10-10T11:20:25.102426,0.008,630.0,412.0,0.20864508527654316,True,False,False,False,1,1,0,0,0,0,565,105,"[true, false, false]",200,2,1,Starfield Stage - 2
15402,2025-10-10T11:20:25.110617,0.009,632.5,412.0,0.2171113147349052,True,False,False,False,1,1,0,0,0,0,565,106,"[true, false, false]",200,2,1,Starfield Stage - 2
15412,2025-10-10T11:20:25.120263,0.009,635.0,412.0,0.2248886307020433,True,False,False,False,1,1,0,0,0,0,565,106,"[true, false, false]",200,2,1,Starfield Stage - 2
15420,2025-10-10T11:20:25.128314,0.008,637.5,412.0,0.22954183461514535,True,False,False,False,1,1,0,0,0,0,566,106,"[false, false, false]",200,2,1,Starfield Stage - 2
15428,2025-10-10T11:20:25.136386,0.008,640.0,412.0,0.22799188017695682,True,False,False,False,1,1,0,0,0,0,569,106,"[false, false, false]",200,2,1,Starfield Stage - 2
15436,2025-10-10T11:20:25.144664,0.008,642.5,412.0,0.22715800043877868,True,False,False,False,1,1,0,0,0,0,572,107,"[false, false, false]",200,2,1,Starfield Stage - 2
15443,2025-10-10T11:20:25.151732,0.008,645.0,412.0,0.22076464661305278,True,False,False,False,1,1,0,0,0,0,577,109,"[false, false, false]",200,2,1,Starfield Stage - 2
15453,2025-10-10T11:20:25.161276,0.009,647.5,412.0,0.2117761600200033,True,False,False,False,1,1,0,0,0,0,583,112,"[false, false, false]",200,2,1,Starfield Stage - 2
15461,2025-10-10T11:20:25.169536,0.009,650.0,412.0,0.18884875941726928,True,False,False,False,1,1,0,0,0,0,594,119,"[false, false, false]",200,2,1,Starfield Stage - 2
15470,2025-10-10T11:20:25.178689,0.009,652.5,412.0,0.18304886323245373,True,False,False,False,1,1,0,1,0,0,599,123,"[false, false, false]",200,2,1,Starfield Stage - 2
15480,2025-10-10T11:20:25.188177,0.009,655.0,412.0,0.17367119834157382,True,False,False,False,1,1,0,1,0,0,605,127,"[false, false, false]",200,2,1,Starfield Stage - 2
15488,2025-10-10T11:20:25.196650,0.009,657.5,412.0,0.16687330922011379,True,False,False,False,1,1,0,1,0,0,610,130,"[false, false, false]",200,2,1,Starfield Stage - 2
15498,2025-10-10T11:20:25.206011,0.009,660.0,414.5,0.1590723633092414,True,False,False,True,1,1,0,1,0,0,615,134,"[false, false, false]",200,2,1,Starfield Stage - 2
15507,2025-10-10T11:20:25.215450,0.009,662.5,417.0,0.1535851569990786,True,False,False,True,1,1,0,1,0,0,619,136,"[false, false, false]",200,2,1,Starfield Stage - 2
15515,2025-10-10T11:20:25.223697,0.009,665.0,419.5,0.15211349455505402,True,False,False,True,2,1,0,1,0,0,622,139,"[true, false, false]",200,2,1,Starfield Stage - 2
15524,2025-10-10T11:20:25.232216,0.008,667.5,422.0,0.15705870655279452,True,False,False,True,2,1,0,1,0,0,623,141,"[true, false, false]",200,2,1,Starfield Stage - 2
15532,2025-10-10T11:20:25.240425,0.008,670.0,424.5,0.15851671005704898,True,False,False,True,2,1,0,1,0,0,625,143,"[true, false, false]",200,2,1,Starfield Stage - 2
15540,2025-10-10T11:20:25.248530,0.009,672.5,427.0,0.15941315097611364,True,False,False,True,2,1,0,1,0,0,627,144,"[true, false, false]",200,2,1,Starfield Stage - 2
15549,2025-10-10T11:20:25.257619,0.009,675.0,429.5,0.16429055405546658,True,False,False,True,2,1,0,1,0,0,628,146,"[true, false, false]",200,2,1,Starfield Stage - 2
15558,2025-10-10T11:20:25.266686,0.009,677.5,432.0,0.1685606630368561,True,False,False,True,2,1,0,1,0,0,629,147,"[true, false, false]",200,2,1,Starfield Stage - 2
15568,2025-10-10T11:20:25.276561,0.009,680.0,434.5,0.1755649673455965,True,False,False,True,2,1,0,1,0,0,629,147,"[true, false, false]",200,2,1,Starfield Stage - 2
15577,2025-10-10T11:20:25.285820,0.009,680.0,437.0,0.17408199644053146,True,True,False,True,2,1,0,1,0,0,629,147,"[true, false, false]",200,2,1,Starfield Stage - 2
15585,2025-10-10T11:20:25.293389,0.008,680.0,439.5,0.17262362124769967,True,True,False,True,2,1,0,1,0,0,629,147,"[false, false, false]",200,2,1,Starfield Stage - 2
15594,2025-10-10T11:20:25.301971,0.009,680.0,442.0,0.17118924095600277,True,True,False,True,2,1,0,1,0,0,629,147,"[false, false, false]",200,2,1,Starfield Stage - 2
15602,2025-10-10T11:20:25.310618,0.008,680.0,444.5,0.16977827396833844,True,True,False,True,2,1,0,1,0,0,629,147,"[false, false, false]",200,2,1,Starfield Stage - 2
15610,2025-10-10T11:20:25.318804,0.009,677.5,447.0,0.15754632591559417,False,True,False,True,2,1,0,1,0,0,630,148,"[false, false, false]",200,2,1,Starfield Stage - 2
15619,2025-10-10T11:20:25.327777,0.009,675.0,447.0,0.1461085411694797,False,True,False,False,2,1,0,1,0,0,631,148,"[false, false, false]",200,2,1,Starfield Stage - 2
15628,2025-10-10T11:20:25.336826,0.009,672.5,447.0,0.1317821325803932,False,True,False,False,2,1,0,1,0,0,633,149,"[false, false, false]",200,2,1,Starfield Stage - 2
15637,2025-10-10T11:20:25.345397,0.008,670.0,447.0,0.11730409521880399,False,True,False,False,2,1,0,1,0,0,635,150,"[false, false, false]",200,2,1,Starfield Stage - 2
15645,2025-10-10T11:20:25.353702,0.009,667.5,447.0,0.0963112704442958,False,True,False,False,2,1,0,1,0,0,639,152,"[false, false, false]",200,2,1,Starfield Stage - 2
15655,2025-10-10T11:20:25.363233,0.009,665.0,447.0,0.08482994404619563,False,True,False,False,2,1,0,1,0,0,640,153,"[false, false, false]",200,2,1,Starfield Stage - 2
15663,2025-10-10T11:20:25.371267,0.008,662.5,447.0,0.07299930607138963,False,True,False,False,2,1,0,1,0,0,641,153,"[false, false, false]",200,2,1,Starfield Stage - 2
15671,2025-10-10T11:20:25.379525,0.008,660.0,447.0,0.06453610515938445,False,True,False,False,2,1,0,1,0,0,641,153,"[false, false, false]",200,2,1,Starfield Stage - 2
15679,2025-10-10T11:20:25.387838,0.009,657.5,447.0,0.05606363657860307,False,True,False,False,2,1,0,1,0,0,641,153,"[false, false, false]",200,2,1,Starfield Stage - 2
15688,2025-10-10T11:20:25.396552,0.008,655.0,447.0,0.047583103276983396,False,True,False,False,3,1,0,1,0,0,641,153,"[true, false, false]",200,2,1,Starfield Stage - 2
15696,2025-10-10T11:20:25.404247,0.008,652.5,447.0,0.03909571513242121,False,True,False,False,3,1,0,1,0,0,641,153,"[true, false, false]",200,2,1,Starfield Stage - 2
15705,2025-10-10T11:20:25.413304,0.009,650.0,447.0,0.030602687928718824,False,True,False,False,3,1,0,1,0,0,641,153,"[true, false, false]",200,2,1,Starfield Stage - 2
15713,2025-10-10T11:20:25.421468,0.008,647.5,447.0,0.022105242318856032,False,True,False,False,3,1,0,1,0,0,641,153,"[true, false, false]",200,2,1,Starfield Stage - 2
15761,2025-10-10T11:20:25.469819,0.008,645.0,447.0,0.013604602777775282,False,True,False,False,2,1,0,1,0,0,641,153,"[true, false, false]",210,2,1,Starfield Stage - 2
15765,2025-10-10T11:20:25.473525,0.044,642.5,447.0,0.005101996546915073,False,True,False,False,2,1,0,1,0,0,641,153,"[true, false, false]",210,2,1,Starfield Stage - 2
15773,2025-10-10T11:20:25.481305,0.008,640.0,447.0,-0.00340134742724122,False,True,False,False,2,1,0,1,0,0,641,153,"[false, false, false]",210,2,1,Starfield Stage - 2
15781,2025-10-10T11:20:25.489388,0.008,637.5,447.0,-0.01190419955830983,False,True,False,False,2,1,0,2,0,0,641,153,"[false, false, false]",210,2,1,Starfield Stage - 2
15789,2025-10-10T11:20:25.497427,0.009,635.0,447.0,-0.020405330686538086,False,True,False,False,1,1,0,2,0,0,641,153,"[false, false, false]",210,2,1,Starfield Stage - 2
15798,2025-10-10T11:20:25.506295,0.008,632.5,447.0,-0.028903513144411117,False,True,False,False,1,1,0,2,0,0,641,153,"[false, false, false]",210,2,1,Starfield Stage - 2
15806,2025-10-10T11:20:25.514192,0.008,630.0,447.0,-0.03739752181902561,False,True,False,False,1,1,0,2,0,0,641,153,"[false, false, false]",210,2,1,Starfield Stage - 2
15815,2025-10-10T11:20:25.523212,0.009,627.5,447.0,-0.04927979713240926,False,True,False,False,1,1,0,2,0,0,642,153,"[false, false, false]",210,2,1,Starfield Stage - 2
15823,2025-10-10T11:20:25.531239,0.008,625.0,447.0,-0.057758814072992985,False,True,False,False,1,1,0,2,0,0,642,153,"[false, false, false]",210,2,1,Starfield Stage - 2
15831,2025-10-10T11:20:25.539288,0.008,622.5,444.5,-0.07021030564976366,False,True,True,False,1,1,0,2,0,0,643,153,"[false, false, false]",210,2,1,Starfield Stage - 2
15840,2025-10-10T11:20:25.548379,0.009,620.0,442.0,-0.07941738774362737,False,True,True,False,1,1,0,2,0,0,643,153,"[false, false, false]",210,2,1,Starfield Stage - 2
15849,2025-10-10T11:20:25.557295,0.009,617.5,439.5,-0.08877131531953932,False,True,True,False,1,1,0,2,0,0,643,153,"[false, false, false]",210,2,1,Starfield Stage - 2
15857,2025-10-10T11:20:25.565498,0.008,615.0,437.0,-0.09827395325600917,False,True,True,False,1,1,0,2,0,0,643,153,"[false, false, false]",210,2,1,Starfield Stage - 2
15865,2025-10-10T11:20:25.573922,0.009,612.5,434.5,-0.11143694811139425,False,True,True,False,2,1,0,2,0,0,644,153,"[true, false, false]",210,2,1,Starfield Stage - 2
15875,2025-10-10T11:20:25.583483,0.009,610.0,432.0,-0.121697782023096,False,True,True,False,2,1,0,2,0,0,644,154,"[true, false, false]",210,2,1,Starfield Stage - 2
15883,2025-10-10T11:20:25.591960,0.009,607.5,429.5,-0.13171928899815236,False,True,True,False,2,2,0,2,0,0,644,154,"[true, false, false]",210,2,1,Starfield Stage - 2
15891,2025-10-10T11:20:25.599816,0.008,605.0,427.0,-0.1454849428476849,False,True,True,False,2,2,0,2,0,0,645,154,"[true, false, false]",210,2,1,Starfield Stage - 2
15900,2025-10-10T11:20:25.608144,0.008,602.5,424.5,-0.1558424315233121,False,True,True,False,2,2,0,2,0,0,645,154,"[true, false, false]",210,2,1,Starfield Stage - 2
15908,2025-10-10T11:20:25.616390,0.008,600.0,422.0,-0.16635859817933407,False,True,True,False,2,2,0,2,0,0,645,154,"[true, false, false]",210,2,1,Starfield Stage - 2
15956,2025-10-10T11:20:25.664509,0.008,597.5,419.5,-0.17703473756798369,False,True,True,False,1,1,0,2,0,0,645,154,"[true, false, false]",220,2,1,Starfield Stage - 2
15958,2025-10-10T11:20:25.666812,0.043,595.0,417.0,-0.18787203825626791,False,True,True,False,1,1,0,2,0,0,645,154,"[true, false, false]",220,2,1,Starfield Stage - 2
15967,2025-10-10T11:20:25.675422,0.008,592.5,417.0,-0.1970299291531941,False,True,False,False,1,1,0,2,0,0,645,154,"[false, false, false]",220,2,1,Starfield Stage - 2
15975,2025-10-10T11:20:25.683942,0.009,590.0,417.0,-0.20979463265418524,False,True,False,False,1,1,0,2,0,0,646,154,"[false, false, false]",220,2,1,Starfield Stage - 2
15984,2025-10-10T11:20:25.692421,0.008,587.5,417.0,-0.21967904654050646,False,True,False,False,1,1,0,2,0,0,646,155,"[false, false, false]",220,2,1,Starfield Stage - 2
15992,2025-10-10T11:20:25.700872,0.009,585.0,417.0,-0.23408980130562634,False,True,False,False,1,1,0,2,0,0,647,157,"[false, false, false]",220,2,1,Starfield Stage - 2
16001,2025-10-10T11:20:25.709365,0.008,582.5,417.0,-0.24955110496918462,False,True,False,False,1,1,0,2,0,0,648,160,"[false, false, false]",220,2,1,Starfield Stage - 2
16009,2025-10-10T11:20:25.717445,0.008,580.0,417.0,-0.2642600199133301,False,True,False,False,1,1,0,2,0,0,649,162,"[false, false, false]",220,2,1,Starfield Stage - 2
16017,2025-10-10T11:20:25.725481,0.008,577.5,417.0,-0.2780396486105547,False,True,False,False,1,1,0,2,0,0,650,163,"[false, false, false]",220,2,1,Starfield Stage - 2
16025,2025-10-10T11:20:25.733930,0.009,575.0,417.0,-0.28819001843993597,False,True,False,False,1,1,0,1,0,0,650,164,"[false, false, false]",220,2,1,Starfield Stage - 2
16034,2025-10-10T11:20:25.742532,0.009,572.5,417.0,-0.29724858491906353,False,True,False,False,1,1,0,1,0,0,650,164,"[false, false, false]",220,2,1,Starfield Stage - 2
16044,2025-10-10T11:20:25.752060,0.009,570.0,417.0,-0.30625715774958445,False,True,False,False,1,1,0,1,0,0,650,164,"[false, false, false]",220,2,1,Starfield Stage - 2
16052,2025-10-10T11:20:25.760621,0.009,567.5,417.0,-0.31521469975071104,False,True,False,False,2,1,0,1,0,0,650,164,"[true, false, false]",220,2,1,Starfield Stage - 2
16061,2025-10-10T11:20:25.769908,0.009,565.0,417.0,-0.3241202182076148,False,True,False,False,2,1,0,1,0,0,650,164,"[true, false, false]",220,2,1,Starfield Stage - 2
16070,2025-10-10T11:20:25.778408,0.008,562.5,417.0,-0.3329727649022035,False,True,False,False,2,1,0,1,0,0,650,164,"[true, false, false]",220,2,1,Starfield Stage - 2
16078,2025-10-10T11:20:25.786948,0.009,560.0,417.0,-0.34177143606564636,False,True,False,False,2,1,0,1,0,0,650,164,"[true, false, false]",220,2,1,Starfield Stage - 2
16087,2025-10-10T11:20:25.795444,0.008,557.5,419.5,-0.35081213750545537,False,True,False,True,2,1,0,1,0,0,651,164,"[true, false, false]",220,2,1,Starfield Stage - 2
16095,2025-10-10T11:20:25.803695,0.009,555.0,422.0,-0.3596199269666127,False,True,False,True,2,1,0,1,0,0,652,164,"[true, false, false]",220,2,1,Starfield Stage - 2
16104,2025-10-10T11:20:25.812900,0.009,552.5,424.5,-0.3682023754971776,False,True,False,True,2,1,0,1,0,0,653,164,"[false, false, false]",220,2,1,Starfield Stage - 2
16113,2025-10-10T11:20:25.821611,0.009,550.0,427.0,-0.38116427175428913,False,True,False,True,2,1,0,1,0,0,655,165,"[false, false, false]",220,2,1,Starfield Stage - 2
16122,2025-10-10T11:20:25.830665,0.009,547.5,429.5,-0.3906070436976868,False,True,False,True,2,1,0,1,0,0,656,166,"[false, false, false]",220,2,1,Starfield Stage - 2
16132,2025-10-10T11:20:25.840063,0.009,545.0,432.0,-0.40259505169236537,False,True,False,True,2,1,0,1,0,0,657,169,"[false, false, false]",220,2,1,Starfield Stage - 2
16140,2025-10-10T11:20:25.848645,0.009,542.5,434.5,-0.45003756069734707,False,True,False,True,2,1,0,1,0,0,664,183,"[false, false, false]",220,2,1,Starfield Stage - 2
16149,2025-10-10T11:20:25.857757,0.009,540.0,437.0,-0.49443204601464763,False,True,False,True,2,1,0,1,0,0,671,194,"[false, false, false]",220,2,1,Starfield Stage - 2
16159,2025-10-10T11:20:25.867480,0.009,537.5,439.5,-0.5568425340159895,False,True,False,True,2,1,0,1,0,0,681,209,"[false, false, false]",220,2,1,Starfield Stage - 2
16167,2025-10-10T11:20:25.875509,0.008,537.5,442.0,-0.6344686107472617,True,True,False,True,2,1,0,1,0,0,695,228,"[false, false, false]",220,2,1,Starfield Stage - 2
16175,2025-10-10T11:20:25.883638,0.009,537.5,444.5,-0.7290064024714891,True,True,False,True,2,1,0,1,0,0,713,248,"[false, false, false]",220,2,1,Starfield Stage - 2
16185,2025-10-10T11:20:25.893101,0.009,537.5,447.0,-0.8400832398497103,True,True,False,True,2,1,0,1,0,0,735,270,"[false, false, false]",220,2,1,Starfield Stage - 2
16193,2025-10-10T11:20:25.901734,0.009,537.5,449.5,-0.9539409728781011,True,True,False,True,2,1,0,1,0,0,761,291,"[false, false, false]",220,2,1,Starfield Stage - 2
16202,2025-10-10T11:20:25.910897,0.009,540.0,452.0,-1.0482108451987113,True,False,False,True,2,1,0,1,0,0,790,308,"[false, false, false]",220,2,1,Starfield Stage - 2
16211,2025-10-10T11:20:25.919325,0.008,542.5,454.5,-1.1267256217936077,True,False,False,True,2,1,0,1,0,0,821,322,"[false, false, false]",220,2,1,Starfield Stage - 2
16219,2025-10-10T11:20:25.927561,0.009,545.0,457.0,-1.1757739397542073,True,False,False,True,2,1,0,1,0,0,852,329,"[false, false, false]",220,2,1,Starfield Stage - 2
16228,2025-10-10T11:20:25.936692,0.009,547.5,459.5,-1.2086104803402395,True,False,False,True,2,1,0,1,0,0,884,332,"[false, false, false]",220,2,1,Starfield Stage - 2
16238,2025-10-10T11:20:25.946391,0.009,550.0,462.0,-1.2374632787895983,True,False,False,True,2,1,0,1,0,0,937,328,"[false, false, false]",220,2,1,Starfield Stage - 2
16246,2025-10-10T11:20:25.954535,0.008,552.5,464.5,-1.2314393746969852,True,False,False,True,2,1,0,1,0,0,959,321,"[false, false, false]",220,2,1,Starfield Stage - 2
16255,2025-10-10T11:20:25.963383,0.009,555.0,464.5,-1.2190723883762498,True,False,False,False,2,1,0,1,0,0,976,310,"[false, false, false]",220,2,1,Starfield Stage - 2
16263,2025-10-10T11:20:25.971342,0.008,557.5,464.5,-1.2013005157255785,True,False,False,False,2,1,0,1,0,0,990,297,"[false, false, false]",220,2,1,Starfield Stage - 2
16272,2025-10-10T11:20:25.980315,0.008,560.0,464.5,-1.1815045451054058,True,False,False,False,2,1,0,1,0,0,1000,284,"[false, false, false]",220,2,1,Starfield Stage - 2
16279,2025-10-10T11:20:25.987784,0.009,560.0,464.5,-1.1611996417673152,True,True,False,False,2,1,0,1,0,0,1008,270,"[false, false, false]",220,2,1,Starfield Stage - 2
16289,2025-10-10T11:20:25.997238,0.009,560.0,464.5,-1.1402758689890922,True,True,False,False,2,1,0,1,0,0,1014,256,"[false, false, false]",220,2,1,Starfield Stage - 2
16297,2025-10-10T11:20:26.005232,0.008,560.0,464.5,-1.1177070583857858,True,True,False,False,2,1,0,1,0,0,1017,242,"[false, false, false]",220,2,1,Starfield Stage - 2
16305,2025-10-10T11:20:26.013164,0.008,557.5,464.5,-1.0998244196430205,False,True,False,False,2,1,0,1,1,0,1020,229,"[false, false, false]",220,2,1,Starfield Stage - 2
16313,2025-10-10T11:20:26.021258,0.008,555.0,464.5,-1.080116858682474,False,True,False,False,2,1,0,1,1,0,1022,215,"[false, false, false]",220,2,1,Starfield Stage - 2
16321,2025-10-10T11:20:26.029514,0.008,552.5,464.5,-1.0635173821302488,False,True,False,False,2,1,0,1,1,0,1023,203,"[false, false, false]",220,2,1,Starfield Stage - 2
16329,2025-10-10T11:20:26.037927,0.009,550.0,464.5,-1.0506284145388611,False,True,False,False,1,1,0,1,1,0,1024,193,"[false, false, false]",220,2,1,Starfield Stage - 2
16338,2025-10-10T11:20:26.046274,0.008,547.5,464.5,-1.0381118207735527,False,True,False,False,1,1,0,1,1,0,1025,183,"[false, false, false]",220,2,1,Starfield Stage - 2
16346,2025-10-10T11:20:26.054397,0.008,545.0,464.5,-1.0314453652719628,False,True,False,False,1,1,0,1,1,0,1027,176,"[false, false, false]",220,2,1,Starfield Stage - 2
16354,2025-10-10T11:20:26.062844,0.009,542.5,464.5,-1.0264564606015845,False,True,False,False,1,1,0,1,1,0,1029,170,"[false, false, false]",220,2,1,Starfield Stage - 2
16364,2025-10-10T11:20:26.072157,0.009,540.0,464.5,-1.0239752465607639,False,True,False,False,1,1,0,1,1,0,1032,165,"[false, false, false]",220,2,1,Starfield Stage - 2
16372,2025-10-10T11:20:26.080904,0.009,537.5,464.5,-1.0193082427348974,False,True,False,False,1,1,0,1,1,0,1039,156,"[false, false, false]",220,2,1,Starfield Stage - 2
16381,2025-10-10T11:20:26.089712,0.009,535.0,464.5,-1.0207354502159602,False,True,False,False,1,1,0,1,1,0,1043,153,"[false, false, false]",220,2,1,Starfield Stage - 2
16391,2025-10-10T11:20:26.099251,0.009,532.5,464.5,-1.0226802852280859,False,True,False,False,1,1,0,1,1,0,1046,151,"[false, false, false]",220,2,1,Starfield Stage - 2
16400,2025-10-10T11:20:26.107975,0.009,530.0,464.5,-1.0254424241648414,False,True,False,False,1,1,0,1,1,0,1050,149,"[false, false, false]",220,2,1,Starfield Stage - 2
16408,2025-10-10T11:20:26.116896,0.008,527.5,464.5,-1.029539305782113,False,True,False,False,1,1,0,1,1,0,1054,148,"[false, false, false]",220,2,1,Starfield Stage - 2
16416,2025-10-10T11:20:26.124947,0.008,525.0,464.5,-1.0335558068313284,False,True,False,False,1,1,0,1,1,0,1058,147,"[false, false, false]",220,2,1,Starfield Stage - 2
16425,2025-10-10T11:20:26.133228,0.009,522.5,464.5,-1.0366815675470749,False,True,False,False,1,1,0,1,1,0,1061,146,"[false, false, false]",220,2,1,Starfield Stage - 2
16434,2025-10-10T11:20:26.142399,0.009,520.0,464.5,-1.0403206480628213,False,True,False,False,1,1,0,1,1,0,1063,146,"[false, false, false]",220,2,1,Starfield Stage - 2
16442,2025-10-10T11:20:26.150319,0.008,517.5,462.0,-1.0451714576093756,False,True,True,False,1,1,0,1,1,0,1064,145,"[false, false, false]",220,2,1,Starfield Stage - 2
16450,2025-10-10T11:20:26.158682,0.009,515.0,459.5,-1.051356555548201,False,True,True,False,1,1,0,1,1,0,1065,145,"[false, false, false]",220,2,1,Starfield Stage - 2
16460,2025-10-10T11:20:26.168103,0.009,512.5,457.0,-1.055361495440646,False,True,True,False,1,1,0,1,1,0,1065,144,"[false, false, false]",220,2,1,Starfield Stage - 2
16468,2025-10-10T11:20:26.176371,0.008,510.0,454.5,-1.0607195952401274,False,True,True,False,1,1,0,1,1,0,1065,144,"[false, false, false]",220,2,1,Starfield Stage - 2
16476,2025-10-10T11:20:26.184403,0.008,507.5,452.0,-1.0660615236810027,False,True,True,False,1,1,0,1,1,0,1065,144,"[false, false, false]",220,2,1,Starfield Stage - 2
16484,2025-10-10T11:20:26.192575,0.009,505.0,449.5,-1.0713870503794547,False,True,True,False,0,1,0,1,1,0,1065,144,"[false, false, false]",220,2,1,Starfield Stage - 2
16493,2025-10-10T11:20:26.201320,0.008,502.5,447.0,-1.0766959500852737,False,True,True,False,0,1,0,1,1,0,1065,144,"[false, false, false]",220,2,1,Starfield Stage - 2
16501,2025-10-10T11:20:26.209469,0.008,500.0,444.5,-1.0819880027012143,False,True,True,False,0,1,0,1,1,0,1065,144,"[false, false, false]",220,2,1,Starfield Stage - 2
16509,2025-10-10T11:20:26.217642,0.009,497.5,442.0,-1.0872629932989115,False,True,True,False,0,1,0,1,1,0,1065,144,"[false, false, false]",220,2,1,Starfield Stage - 2
16518,2025-10-10T11:20:26.226685,0.009,495.0,439.5,-1.0918562012892958,False,True,True,False,0,1,0,1,1,0,1066,143,"[false, false, false]",220,2,1,Starfield Stage - 2
16528,2025-10-10T11:20:26.236375,0.009,492.5,437.0,-1.0977934813729653,False,True,True,False,0,1,0,1,1,0,1067,143,"[false, false, false]",220,2,1,Starfield Stage - 2
16538,2025-10-10T11:20:26.246402,0.009,490.0,434.5,-1.1030122367330704,False,True,True,False,0,1,0,1,1,0,1069,142,"[false, false, false]",220,2,1,Starfield Stage - 2
16545,2025-10-10T11:20:26.253434,0.008,487.5,432.0,-1.1102330123319122,False,True,True,False,0,1,0,1,1,0,1072,142,"[false, false, false]",220,2,1,Starfield Stage - 2
16554,2025-10-10T11:20:26.262499,0.009,485.0,429.5,-1.1180363447280335,False,True,True,False,0,1,0,1,1,0,1076,142,"[false, false, false]",220,2,1,Starfield Stage - 2
16563,2025-10-10T11:20:26.271002,0.009,487.5,427.0,-1.1231120356046993,True,False,True,False,0,1,0,1,1,0,1081,142,"[false, false, false]",220,2,1,Starfield Stage - 2
16571,2025-10-10T11:20:26.279389,0.008,490.0,424.5,-1.1301876768763772,True,False,True,False,0,1,0,1,1,0,1087,143,"[false, false, false]",220,2,1,Starfield Stage - 2
16579,2025-10-10T11:20:26.287649,0.009,492.5,422.0,-1.136492519367786,True,False,True,False,0,1,0,1,1,0,1094,143,"[false, false, false]",220,2,1,Starfield Stage - 2
16588,2025-10-10T11:20:26.296873,0.009,495.0,419.5,-1.1447275275077116,True,False,True,False,0,1,0,1,1,0,1102,144,"[false, false, false]",220,2,1,Starfield Stage - 2
16597,2025-10-10T11:20:26.305133,0.008,497.5,417.0,-1.1564791078473826,True,False,True,False,0,1,0,1,1,0,1116,145,"[false, false, false]",220,2,1,Starfield Stage - 2
16605,2025-10-10T11:20:26.313100,0.008,500.0,414.5,-1.1613463333049587,True,False,True,False,0,1,0,1,1,0,1121,145,"[false, false, false]",220,2,1,Starfield Stage - 2
16613,2025-10-10T11:20:26.321193,0.008,502.5,412.0,-1.1656137583138797,True,False,True,False,0,1,0,1,1,0,1125,145,"[false, false, false]",220,2,1,Starfield Stage - 2
16621,2025-10-10T11:20:26.329417,0.008,505.0,409.5,-1.1687214344676575,True,False,True,False,0,1,0,1,1,0,1127,145,"[false, false, false]",220,2,1,Starfield Stage - 2
16629,2025-10-10T11:20:26.337367,0.008,507.5,407.0,-1.1718423661780941,True,False,True,False,0,1,0,1,1,0,1129,145,"[false, false, false]",220,2,1,Starfield Stage - 2
16637,2025-10-10T11:20:26.345321,0.008,510.0,404.5,-1.1738276848935605,True,False,True,False,0,1,0,1,1,0,1129,145,"[false, false, false]",220,2,1,Starfield Stage - 2
16646,2025-10-10T11:20:26.354082,0.009,512.5,402.0,-1.1758324557436346,True,False,True,False,0,1,0,1,1,0,1129,145,"[false, false, false]",220,2,1,Starfield Stage - 2
16654,2025-10-10T11:20:26.362384,0.008,515.0,399.5,-1.1778569496693216,True,False,True,False,0,1,0,1,1,0,1129,145,"[false, false, false]",220,2,1,Starfield Stage - 2
16662,2025-10-10T11:20:26.370839,0.009,517.5,397.0,-1.1799014423222323,True,False,True,False,0,1,0,1,1,0,1129,145,"[false, false, false]",220,2,1,Starfield Stage - 2
16671,2025-10-10T11:20:26.379410,0.008,520.0,394.5,-1.1819662141581098,True,False,True,False,0,1,0,1,1,0,1129,145,"[false, false, false]",220,2,1,Starfield Stage - 2
16679,2025-10-10T11:20:26.387411,0.008,522.5,392.0,-1.1840515505322835,True,False,True,False,0,1,0,1,1,0,1129,145,"[false, false, false]",220,2,1,Starfield Stage - 2
16687,2025-10-10T11:20:26.395455,0.008,525.0,389.5,-1.1861577417970792,True,False,True,False,0,1,0,1,1,0,1129,145,"[false, false, false]",220,2,1,Starfield Stage - 2
16696,2025-10-10T11:20:26.404001,0.009,527.5,387.0,-1.1882850834012229,True,False,True,False,0,1,0,1,1,0,1129,145,"[false, false, false]",220,2,1,Starfield Stage - 2
16705,2025-10-10T11:20:26.413325,0.009,530.0,384.5,-1.1904338759912674,True,False,True,False,0,1,0,1,1,0,1129,145,"[false, false, false]",220,2,1,Starfield Stage - 2
16713,2025-10-10T11:20:26.421804,0.008,530.0,382.0,-1.1925947568949484,False,False,True,False,0,1,0,1,1,0,1129,144,"[false, false, false]",220,2,1,Starfield Stage - 2
16721,2025-10-10T11:20:26.429285,0.008,530.0,379.5,-1.1918740497399862,False,False,True,False,0,1,0,1,1,0,1129,141,"[false, false, false]",220,2,1,Starfield Stage - 2
16729,2025-10-10T11:20:26.437292,0.008,527.5,377.0,-1.1905770997105332,False,True,True,False,0,1,0,1,1,0,1128,137,"[false, false, false]",220,2,1,Starfield Stage - 2
16737,2025-10-10T11:20:26.445296,0.008,525.0,374.5,-1.1852713511509896,False,True,True,False,0,1,0,1,1,0,1125,131,"[false, false, false]",220,2,1,Starfield Stage - 2
16745,2025-10-10T11:20:26.453558,0.009,522.5,372.0,-1.1802313724107083,False,True,True,False,0,1,0,1,1,0,1120,126,"[false, false, false]",220,2,1,Starfield Stage - 2
16755,2025-10-10T11:20:26.463167,0.009,520.0,369.5,-1.1751701342203533,False,True,True,False,0,1,0,1,1,0,1115,121,"[false, false, false]",220,2,1,Starfield Stage - 2
16763,2025-10-10T11:20:26.471130,0.008,517.5,367.0,-1.1694806977383851,False,True,True,False,0,1,0,1,1,0,1109,116,"[false, false, false]",220,2,1,Starfield Stage - 2
16771,2025-10-10T11:20:26.479548,0.008,515.0,364.5,-1.166623152438266,False,True,True,False,0,1,0,1,1,0,1103,113,"[false, false, false]",220,2,1,Starfield Stage - 2
16779,2025-10-10T11:20:26.487596,0.009,512.5,362.0,-1.1622966806872257,False,True,True,False,0,1,0,1,1,0,1097,109,"[false, false, false]",220,2,1,Starfield Stage - 2
16788,2025-10-10T11:20:26.496295,0.008,510.0,359.5,-1.1600094800366052,False,True,True,False,0,1,0,1,1,0,1092,106,"[false, false, false]",220,2,1,Starfield Stage - 2
16797,2025-10-10T11:20:26.505202,0.009,507.5,357.0,-1.1543437598781152,False,True,True,False,0,1,0,1,1,0,1084,102,"[false, false, false]",220,2,1,Starfield Stage - 2
16805,2025-10-10T11:20:26.513323,0.008,505.0,354.5,-1.1534613889604606,False,True,True,False,0,1,0,1,1,0,1079,100,"[false, false, false]",220,2,1,Starfield Stage - 2
16813,2025-10-10T11:20:26.521649,0.008,502.5,352.0,-1.1533854681173366,False,True,True,False,0,1,0,1,1,0,1073,99,"[false, false, false]",220,2,1,Starfield Stage - 2
16821,2025-10-10T11:20:26.529912,0.009,502.5,349.5,-1.151008855749188,True,True,True,False,1,1,0,1,1,0,1066,98,"[true, false, false]",220,2,1,Starfield Stage - 2
16830,2025-10-10T11:20:26.538247,0.008,502.5,347.0,-1.1472302568543076,True,True,True,False,1,1,0,1,1,0,1057,97,"[true, false, false]",220,2,1,Starfield Stage - 2
16838,2025-10-10T11:20:26.546491,0.008,502.5,344.5,-1.1441688336680205,True,True,True,False,1,1,0,1,1,0,1047,97,"[true, false, false]",220,2,1,Starfield Stage - 2
16846,2025-10-10T11:20:26.554288,0.008,505.0,344.5,-1.1353532076120734,True,False,False,False,1,1,0,1,1,0,1037,97,"[true, false, false]",220,2,1,Starfield Stage - 2
16854,2025-10-10T11:20:26.562448,0.008,507.5,344.5,-1.1254417334722084,True,False,False,False,1,1,0,1,1,0,1026,97,"[true, false, false]",220,2,1,Starfield Stage - 2
16862,2025-10-10T11:20:26.570878,0.009,510.0,344.5,-1.1166609160264773,True,False,False,False,1,1,0,1,1,0,1017,97,"[false, false, false]",220,2,1,Starfield Stage - 2
16871,2025-10-10T11:20:26.579367,0.008,512.5,344.5,-1.1083579070475613,True,False,False,False,1,1,0,1,1,0,1009,97,"[false, false, false]",220,2,1,Starfield Stage - 2
16879,2025-10-10T11:20:26.587556,0.009,515.0,344.5,-1.1038820899687087,True,False,False,False,1,1,0,1,1,0,1004,98,"[false, false, false]",220,2,1,Starfield Stage - 2
16888,2025-10-10T11:20:26.596227,0.008,517.5,344.5,-1.1001269414198092,True,False,False,False,1,1,0,1,1,0,1000,99,"[false, false, false]",220,2,1,Starfield Stage - 2
16896,2025-10-10T11:20:26.604313,0.008,520.0,344.5,-1.098798181208942,True,False,False,False,1,1,0,1,1,0,997,101,"[false, false, false]",220,2,1,Starfield Stage - 2
16905,2025-10-10T11:20:26.613076,0.009,522.5,344.5,-1.0982993912778327,True,False,False,False,1,1,0,1,1,0,995,103,"[false, false, false]",220,2,1,Starfield Stage - 2
16913,2025-10-10T11:20:26.621644,0.009,525.0,344.5,-1.0960994437147218,True,False,False,False,1,1,0,1,1,0,993,104,"[false, false, false]",220,2,1,Starfield Stage - 2
16923,2025-10-10T11:20:26.631129,0.009,527.5,344.5,-1.0947402832132955,True,False,False,False,1,2,0,1,1,0,992,105,"[false, false, false]",220,2,1,Starfield Stage - 2
16930,2025-10-10T11:20:26.638959,0.008,530.0,344.5,-1.093362430569038,True,False,False,False,1,2,0,1,1,0,991,106,"[false, false, false]",220,2,1,Starfield Stage - 2
16939,2025-10-10T11:20:26.647625,0.009,532.5,344.5,-1.0919655028518729,True,False,False,False,1,2,0,1,1,0,990,107,"[false, false, false]",220,2,1,Starfield Stage - 2
16949,2025-10-10T11:20:26.657309,0.009,535.0,344.5,-1.0897212884342868,True,False,False,False,1,2,0,1,1,0,990,107,"[false, false, false]",220,2,1,Starfield Stage - 2
16958,2025-10-10T11:20:26.666246,0.009,537.5,344.5,-1.089191822004715,True,False,False,False,2,2,0,1,1,0,990,108,"[true, false, false]",220,2,1,Starfield Stage - 2
16966,2025-10-10T11:20:26.674425,0.008,540.0,344.5,-1.0869139084524797,True,False,False,False,2,2,0,1,1,0,990,108,"[true, false, false]",220,2,1,Starfield Stage - 2
16974,2025-10-10T11:20:26.682820,0.009,542.5,344.5,-1.0846160759608072,True,False,False,False,2,2,0,1,1,0,990,108,"[true, false, false]",220,2,1,Starfield Stage - 2
16983,2025-10-10T11:20:26.691235,0.008,545.0,344.5,-1.0822980867007863,True,False,False,False,2,2,0,1,1,0,990,108,"[true, false, false]",220,2,1,Starfield Stage - 2
16991,2025-10-10T11:20:26.699818,0.009,547.5,344.5,-1.0799596995191771,True,False,False,False,2,2,0,1,1,0,990,108,"[true, false, false]",220,2,1,Starfield Stage - 2
17000,2025-10-10T11:20:26.708406,0.008,550.0,344.5,-1.0776006698921967,True,False,False,False,2,2,0,1,1,0,990,108,"[true, false, false]",220,2,1,Starfield Stage - 2
17008,2025-10-10T11:20:26.716461,0.008,552.5,344.5,-1.0752207498789303,True,False,False,False,2,2,0,1,1,0,990,108,"[true, false, false]",220,2,1,Starfield Stage - 2
17016,2025-10-10T11:20:26.724645,0.008,555.0,344.5,-1.0728196880743848,True,False,False,False,2,2,0,1,1,0,990,108,"[true, false, false]",220,2,1,Starfield Stage - 2
17025,2025-10-10T11:20:26.733088,0.009,557.5,344.5,-1.0703972295621997,True,False,False,False,2,2,0,2,1,0,990,108,"[false, false, false]",220,2,1,Starfield Stage - 2
17033,2025-10-10T11:20:26.741405,0.008,560.0,344.5,-1.067953115867036,True,False,False,False,2,2,0,2,1,0,990,108,"[false, false, false]",220,2,1,Starfield Stage - 2
17041,2025-10-10T11:20:26.749615,0.008,562.5,344.5,-1.0654870849066584,True,False,False,False,2,2,0,2,1,0,990,108,"[false, false, false]",220,2,1,Starfield Stage - 2
17048,2025-10-10T11:20:26.756895,0.008,565.0,344.5,-1.062998870943739,True,False,False,False,2,2,0,2,1,0,990,108,"[false, false, false]",220,2,1,Starfield Stage - 2
17057,2025-10-10T11:20:26.765719,0.009,567.5,347.0,-1.0559941228773315,True,False,False,True,2,2,0,2,1,0,990,108,"[false, false, false]",220,2,1,Starfield Stage - 2
17066,2025-10-10T11:20:26.774574,0.008,570.0,349.5,-1.0489620469804861,True,False,False,True,2,2,0,2,1,0,990,108,"[false, false, false]",220,2,1,Starfield Stage - 2
17073,2025-10-10T11:20:26.781908,0.008,572.5,352.0,-1.0419031825109626,True,False,False,True,2,2,0,2,1,0,990,108,"[false, false, false]",220,2,1,Starfield Stage - 2
17082,2025-10-10T11:20:26.790440,0.008,575.0,354.5,-1.0348180835196497,True,False,False,True,2,2,0,2,1,0,990,108,"[false, false, false]",220,2,1,Starfield Stage - 2
17090,2025-10-10T11:20:26.798941,0.009,575.0,357.0,-1.0303768265243125,True,True,False,True,2,2,0,2,1,0,990,108,"[false, false, false]",220,2,1,Starfield Stage - 2
17099,2025-10-10T11:20:26.807432,0.008,575.0,359.5,-1.0259591136130395,True,True,False,True,2,2,0,2,1,0,990,108,"[false, false, false]",220,2,1,Starfield Stage - 2
17108,2025-10-10T11:20:26.816399,0.009,572.5,362.0,-1.0242354754141814,False,True,False,True,2,2,0,2,1,0,990,108,"[false, false, false]",220,2,1,Starfield Stage - 2
17116,2025-10-10T11:20:26.824578,0.008,570.0,364.5,-1.0225358999178882,False,True,False,True,2,2,0,2,1,0,990,108,"[false, false, false]",220,2,1,Starfield Stage - 2
17125,2025-10-10T11:20:26.833212,0.009,567.5,367.0,-1.0208598963453819,False,True,False,True,2,2,0,2,1,0,990,108,"[false, false, false]",220,2,1,Starfield Stage - 2
17133,2025-10-10T11:20:26.841765,0.008,565.0,369.5,-1.0192069869077154,False,True,False,True,2,2,0,2,2,0,990,108,"[false, false, false]",220,2,1,Starfield Stage - 2
17140,2025-10-10T11:20:26.848891,0.008,562.5,372.0,-1.0175767063880485,False,True,False,True,3,2,0,2,2,0,990,108,"[true, false, false]",220,2,1,Starfield Stage - 2
17149,2025-10-10T11:20:26.857266,0.008,560.0,372.0,-1.0201800351418353,False,True,False,False,3,2,0,2,2,0,990,108,"[true, false, false]",220,2,1,Starfield Stage - 2
17157,2025-10-10T11:20:26.865189,0.008,557.5,372.0,-1.0227614719647828,False,True,False,False,3,2,0,2,2,0,990,108,"[true, false, false]",220,2,1,Starfield Stage - 2
17166,2025-10-10T11:20:26.873963,0.009,555.0,372.0,-1.0253212578671134,False,True,False,False,3,2,0,2,2,0,990,108,"[true, false, false]",220,2,1,Starfield Stage - 2
17174,2025-10-10T11:20:26.882355,0.008,552.5,372.0,-1.0278596309682428,False,True,False,False,3,2,0,2,2,0,990,108,"[true, false, false]",220,2,1,Starfield Stage - 2
17182,2025-10-10T11:20:26.890463,0.009,550.0,372.0,-1.0303768265243125,False,True,False,False,3,2,0,2,2,0,990,108,"[true, false, false]",220,2,1,Starfield Stage - 2
17192,2025-10-10T11:20:26.899975,0.009,547.5,372.0,-1.032873076955941,False,True,False,False,3,2,0,2,2,0,990,108,"[true, false, false]",220,2,1,Starfield Stage - 2
17200,2025-10-10T11:20:26.908568,0.009,545.0,372.0,-1.0353486118761681,False,True,False,False,3,2,0,2,2,0,990,108,"[false, false, false]",220,2,1,Starfield Stage - 2
17209,2025-10-10T11:20:26.917605,0.009,542.5,372.0,-1.03780365811856,False,True,False,False,3,2,0,2,2,0,990,108,"[false, false, false]",220,2,1,Starfield Stage - 2
17219,2025-10-10T11:20:26.927102,0.009,540.0,372.0,-1.0402384397654492,False,True,False,False,3,2,0,2,2,0,990,108,"[false, false, false]",220,2,1,Starfield Stage - 2
17227,2025-10-10T11:20:26.935102,0.008,537.5,372.0,-1.0426531781762844,False,True,False,False,3,2,0,2,2,0,990,108,"[false, false, false]",220,2,1,Starfield Stage - 2
17235,2025-10-10T11:20:26.943886,0.009,535.0,372.0,-1.0450480920160639,False,True,False,False,3,2,0,2,2,0,990,108,"[false, false, false]",220,2,1,Starfield Stage - 2
17244,2025-10-10T11:20:26.952536,0.008,532.5,372.0,-1.0474233972838278,False,True,False,False,3,2,0,2,2,0,990,108,"[false, false, false]",220,2,1,Starfield Stage - 2
17252,2025-10-10T11:20:26.960583,0.009,530.0,372.0,-1.0497793073411938,False,True,False,False,3,2,0,2,2,0,990,108,"[false, false, false]",220,2,1,Starfield Stage - 2
17262,2025-10-10T11:20:26.970255,0.009,527.5,372.0,-1.0528177543412696,False,True,False,False,3,2,0,2,2,0,989,109,"[false, false, false]",220,2,1,Starfield Stage - 2
17270,2025-10-10T11:20:26.978337,0.008,525.0,372.0,-1.0574844520691282,False,True,False,False,3,2,0,2,2,0,988,111,"[false, false, false]",220,2,1,Starfield Stage - 2
17278,2025-10-10T11:20:26.986344,0.008,522.5,372.0,-1.0605046939429505,False,True,False,False,3,2,0,2,2,0,987,112,"[false, false, false]",220,2,1,Starfield Stage - 2
17286,2025-10-10T11:20:26.994317,0.008,520.0,372.0,-1.0635156398576633,False,True,False,False,3,2,0,2,2,0,986,113,"[false, false, false]",220,2,1,Starfield Stage - 2
17332,2025-10-10T11:20:27.039963,0.009,517.5,372.0,-1.0657843656867751,False,True,False,False,2,2,0,2,2,0,986,113,"[false, false, false]",240,2,1,Starfield Stage - 2
17334,2025-10-10T11:20:27.042077,0.039,515.0,372.0,-1.0680346221020822,False,True,False,False,2,2,0,2,2,0,986,113,"[false, false, false]",240,2,1,Starfield Stage - 2
17342,2025-10-10T11:20:27.050036,0.008,512.5,372.0,-1.0693759948157244,False,True,False,False,3,2,0,2,2,0,985,113,"[true, false, false]",240,2,1,Starfield Stage - 2
17350,2025-10-10T11:20:27.058768,0.009,510.0,372.0,-1.0707108345635898,False,True,False,False,3,2,0,2,2,0,984,113,"[true, false, false]",240,2,1,Starfield Stage - 2
17359,2025-10-10T11:20:27.067609,0.009,507.5,372.0,-1.072921166115678,False,True,False,False,3,2,0,2,2,0,984,113,"[true, false, false]",240,2,1,Starfield Stage - 2
17368,2025-10-10T11:20:27.076649,0.009,505.0,372.0,-1.0742387934191346,False,True,False,False,3,2,0,2,2,0,983,113,"[true, false, false]",240,2,1,Starfield Stage - 2
17378,2025-10-10T11:20:27.086521,0.009,502.5,372.0,-1.076420687786603,False,True,False,False,3,2,0,2,2,0,983,113,"[true, false, false]",240,2,1,Starfield Stage - 2
17386,2025-10-10T11:20:27.094261,0.008,500.0,372.0,-1.0777214015253103,False,True,False,False,3,2,0,2,2,0,982,113,"[true, false, false]",240,2,1,Starfield Stage - 2
17394,2025-10-10T11:20:27.102536,0.009,497.5,372.0,-1.0798753518218425,False,True,False,False,3,2,0,2,2,0,982,113,"[false, false, false]",240,2,1,Starfield Stage - 2
17403,2025-10-10T11:20:27.111576,0.008,495.0,372.0,-1.081159444879698,False,True,False,False,3,2,0,2,2,0,981,113,"[false, false, false]",240,2,1,Starfield Stage - 2
17412,2025-10-10T11:20:27.120197,0.009,492.5,372.0,-1.0831890469546759,False,True,False,False,3,2,0,2,2,0,979,114,"[false, false, false]",240,2,1,Starfield Stage - 2
17420,2025-10-10T11:20:27.128584,0.009,490.0,372.0,-1.0858927209574307,False,True,False,False,3,2,0,2,2,0,974,117,"[false, false, false]",240,2,1,Starfield Stage - 2
17466,2025-10-10T11:20:27.174524,0.008,487.5,372.0,-1.0903332397233985,False,True,False,False,2,1,0,2,2,0,971,120,"[false, false, false]",250,2,1,Starfield Stage - 2
17468,2025-10-10T11:20:27.176842,0.039,485.0,372.0,-1.0940131843259975,False,True,False,False,2,1,0,2,2,0,969,122,"[false, false, false]",250,2,1,Starfield Stage - 2
17475,2025-10-10T11:20:27.183778,0.008,482.5,374.5,-1.0935637157768223,False,True,False,True,2,1,0,2,2,0,965,125,"[false, false, false]",250,2,1,Starfield Stage - 2
17484,2025-10-10T11:20:27.192550,0.009,480.0,377.0,-1.0916016890341251,False,True,False,True,2,1,0,2,2,0,965,125,"[false, false, false]",250,2,1,Starfield Stage - 2
17494,2025-10-10T11:20:27.202005,0.009,477.5,379.5,-1.0896637166356746,False,True,False,True,2,1,0,2,2,0,965,125,"[false, false, false]",250,2,1,Starfield Stage - 2
17502,2025-10-10T11:20:27.210376,0.008,475.0,382.0,-1.0877493732121173,False,True,False,True,3,1,0,2,2,0,965,125,"[true, false, false]",250,2,1,Starfield Stage - 2
17510,2025-10-10T11:20:27.218563,0.008,472.5,384.5,-1.0858582430110166,False,True,False,True,3,1,0,2,2,0,965,125,"[true, false, false]",250,2,1,Starfield Stage - 2
17518,2025-10-10T11:20:27.226563,0.009,472.5,387.0,-1.0818934631650619,False,False,False,True,3,1,0,2,2,0,965,125,"[true, false, false]",250,2,1,Starfield Stage - 2
17527,2025-10-10T11:20:27.235577,0.009,472.5,389.5,-1.077945337864801,False,False,False,True,3,1,0,2,2,0,965,125,"[true, false, false]",250,2,1,Starfield Stage - 2
17537,2025-10-10T11:20:27.245480,0.009,472.5,392.0,-1.0740138846997518,False,False,False,True,3,1,0,2,2,0,965,125,"[true, false, false]",250,2,1,Starfield Stage - 2
17546,2025-10-10T11:20:27.254367,0.009,475.0,394.5,-1.067953115867036,True,False,False,True,3,1,0,2,2,0,965,125,"[true, false, false]",250,2,1,Starfield Stage - 2
17555,2025-10-10T11:20:27.262962,0.009,477.5,397.0,-1.0618709431822395,True,False,False,True,3,1,0,2,1,0,965,125,"[true, false, false]",250,2,1,Starfield Stage - 2
17563,2025-10-10T11:20:27.271454,0.008,480.0,399.5,-1.0557677054154495,True,False,False,True,3,1,0,2,1,0,965,125,"[true, false, false]",250,2,1,Starfield Stage - 2
17571,2025-10-10T11:20:27.279703,0.009,482.5,402.0,-1.049643749963975,True,False,False,True,3,1,0,2,1,0,965,125,"[false, false, false]",250,2,1,Starfield Stage - 2
17580,2025-10-10T11:20:27.288621,0.008,485.0,404.5,-1.0434994328026481,True,False,False,True,3,1,0,2,1,0,965,125,"[false, false, false]",250,2,1,Starfield Stage - 2
17588,2025-10-10T11:20:27.296618,0.008,487.5,404.5,-1.043439847046163,True,False,False,False,3,1,0,2,1,0,964,127,"[false, false, false]",250,2,1,Starfield Stage - 2
17596,2025-10-10T11:20:27.304504,0.008,490.0,404.5,-1.0424584605280707,True,False,False,False,3,1,0,2,1,0,962,129,"[false, false, false]",250,2,1,Starfield Stage - 2
17605,2025-10-10T11:20:27.313378,0.009,492.5,404.5,-1.043458403176769,True,False,False,False,3,1,0,2,1,0,957,134,"[false, false, false]",250,2,1,Starfield Stage - 2
17614,2025-10-10T11:20:27.322018,0.009,495.0,404.5,-1.0406655374462936,True,False,False,False,3,1,0,2,1,0,948,139,"[false, false, false]",250,2,1,Starfield Stage - 2
17622,2025-10-10T11:20:27.330012,0.008,497.5,404.5,-1.037433161018885,True,False,False,False,3,1,0,2,1,0,937,145,"[false, false, false]",250,2,1,Starfield Stage - 2
17630,2025-10-10T11:20:27.338899,0.009,500.0,404.5,-1.0308984748859684,True,False,False,False,3,1,0,2,1,0,923,151,"[false, false, false]",250,2,1,Starfield Stage - 2
17640,2025-10-10T11:20:27.348591,0.009,502.5,404.5,-1.0245944551201802,True,False,False,False,3,1,0,2,1,0,908,158,"[false, false, false]",250,2,1,Starfield Stage - 2
17649,2025-10-10T11:20:27.356965,0.009,505.0,404.5,-1.0196447964677726,True,False,False,False,3,1,0,2,1,0,893,166,"[false, false, false]",250,2,1,Starfield Stage - 2
17657,2025-10-10T11:20:27.365709,0.009,507.5,404.5,-1.010841831795535,True,False,False,False,3,1,0,2,1,0,872,176,"[false, false, false]",250,2,1,Starfield Stage - 2
17666,2025-10-10T11:20:27.374628,0.009,510.0,404.5,-1.0012713968983815,True,False,False,False,3,1,0,2,1,0,845,190,"[false, false, false]",250,2,1,Starfield Stage - 2
17676,2025-10-10T11:20:27.384241,0.009,512.5,404.5,-0.9847354683797723,True,False,False,False,3,1,0,2,1,0,810,207,"[false, false, false]",250,2,1,Starfield Stage - 2
17684,2025-10-10T11:20:27.392597,0.009,515.0,404.5,-0.9123415904722633,True,False,False,False,3,1,0,2,1,0,716,249,"[false, false, false]",250,2,1,Starfield Stage - 2
17693,2025-10-10T11:20:27.401505,0.008,517.5,404.5,-0.814271003953348,True,False,False,False,3,1,0,2,1,0,660,270,"[false, false, false]",250,2,1,Starfield Stage - 2
17701,2025-10-10T11:20:27.409738,0.008,520.0,404.5,-0.613970790759124,True,False,False,False,3,1,0,2,1,0,600,291,"[false, false, false]",250,2,1,Starfield Stage - 2
17709,2025-10-10T11:20:27.417938,0.009,522.5,404.5,-0.15549138326859555,True,False,False,False,3,1,0,2,1,0,537,312,"[false, false, false]",250,2,1,Starfield Stage - 2
17718,2025-10-10T11:20:27.426338,0.008,525.0,404.5,0.6262614375987547,True,False,False,False,3,1,0,2,1,0,474,334,"[false, false, false]",250,2,1,Starfield Stage - 2
17726,2025-10-10T11:20:27.434825,0.008,527.5,404.5,1.1659045405098132,True,False,False,False,3,1,0,2,1,0,412,355,"[false, false, false]",250,2,1,Starfield Stage - 2
17734,2025-10-10T11:20:27.442022,0.008,530.0,404.5,1.4056476493802699,True,False,False,False,3,1,0,2,1,0,353,375,"[false, false, false]",250,2,1,Starfield Stage - 2
17743,2025-10-10T11:20:27.451486,0.009,532.5,404.5,1.5256657017401476,True,False,False,False,3,1,0,2,1,0,300,394,"[false, false, false]",250,2,1,Starfield Stage - 2
17751,2025-10-10T11:20:27.459828,0.009,535.0,404.5,1.5939238749957974,True,False,False,False,3,1,0,2,1,0,254,411,"[false, false, false]",250,2,1,Starfield Stage - 2
17760,2025-10-10T11:20:27.468199,0.008,537.5,404.5,1.6437614317902811,True,False,False,False,3,1,0,2,1,0,216,428,"[false, false, false]",250,2,1,Starfield Stage - 2
17768,2025-10-10T11:20:27.476781,0.009,540.0,404.5,1.681608131365304,True,False,False,False,3,1,0,2,1,0,185,444,"[false, false, false]",250,2,1,Starfield Stage - 2
17777,2025-10-10T11:20:27.485291,0.008,542.5,404.5,1.711963188027558,True,False,False,False,4,1,0,2,2,0,159,459,"[true, false, false]",250,2,1,Starfield Stage - 2
17785,2025-10-10T11:20:27.493279,0.008,545.0,404.5,1.7403353172510179,True,False,False,False,4,1,0,2,2,0,139,474,"[true, false, false]",250,2,1,Starfield Stage - 2
17793,2025-10-10T11:20:27.501303,0.008,547.5,404.5,1.7627497635005829,True,False,False,False,4,1,0,2,2,0,123,487,"[true, false, false]",250,2,1,Starfield Stage - 2
17801,2025-10-10T11:20:27.509416,0.008,550.0,404.5,1.778464749302327,True,False,False,False,4,1,0,2,2,0,111,497,"[true, false, false]",250,2,1,Starfield Stage - 2
17809,2025-10-10T11:20:27.517929,0.009,552.5,404.5,1.7891111232325763,True,False,False,False,4,1,0,2,2,0,104,504,"[true, false, false]",250,2,1,Starfield Stage - 2
17818,2025-10-10T11:20:27.526936,0.008,555.0,402.0,1.7980777226639904,True,False,True,False,4,1,0,2,2,0,101,507,"[true, false, false]",250,2,1,Starfield Stage - 2
17826,2025-10-10T11:20:27.534588,0.009,557.5,399.5,1.8052274006370561,True,False,True,False,4,1,0,2,2,0,99,509,"[true, false, false]",250,2,1,Starfield Stage - 2
17836,2025-10-10T11:20:27.544072,0.009,560.0,397.0,1.809128871009584,True,False,True,False,4,1,0,2,2,0,99,509,"[true, false, false]",250,2,1,Starfield Stage - 2
17844,2025-10-10T11:20:27.552496,0.009,562.5,394.5,1.8129809916041533,True,False,True,False,4,1,0,2,2,0,99,509,"[false, false, false]",250,2,1,Starfield Stage - 2
17854,2025-10-10T11:20:27.562045,0.009,565.0,392.0,1.8152689170904703,True,False,True,False,4,1,0,2,2,0,100,508,"[false, false, false]",250,2,1,Starfield Stage - 2
17862,2025-10-10T11:20:27.570617,0.009,567.5,389.5,1.814508205699458,True,False,True,False,4,1,0,2,2,0,103,505,"[false, false, false]",250,2,1,Starfield Stage - 2
17871,2025-10-10T11:20:27.579866,0.009,570.0,387.0,1.8122144759748113,True,False,True,False,4,1,0,2,2,0,107,501,"[false, false, false]",250,2,1,Starfield Stage - 2
17881,2025-10-10T11:20:27.589556,0.009,572.5,384.5,1.8104028236443452,True,False,True,False,4,1,0,2,2,0,112,497,"[false, false, false]",250,2,1,Starfield Stage - 2
17889,2025-10-10T11:20:27.597802,0.009,575.0,382.0,1.8101282326913166,True,False,True,False,4,1,0,2,2,0,116,494,"[false, false, false]",250,2,1,Starfield Stage - 2
17899,2025-10-10T11:20:27.607404,0.009,577.5,379.5,1.8129318856670618,True,False,True,False,4,1,0,2,2,0,122,492,"[false, false, false]",250,2,1,Starfield Stage - 2
17907,2025-10-10T11:20:27.615394,0.008,580.0,377.0,1.8173326210607976,True,False,True,False,4,1,0,2,2,0,127,491,"[false, false, false]",250,2,1,Starfield Stage - 2
17915,2025-10-10T11:20:27.623918,0.009,582.5,374.5,1.8223074290105121,True,False,True,False,3,1,0,2,2,0,133,490,"[false, false, false]",250,2,1,Starfield Stage - 2
17924,2025-10-10T11:20:27.632361,0.008,585.0,372.0,1.828008422166047,True,False,True,False,3,1,0,2,2,0,144,488,"[false, false, false]",250,2,1,Starfield Stage - 2
17933,2025-10-10T11:20:27.641356,0.009,587.5,369.5,1.8341582105826817,True,False,True,False,3,1,0,2,2,0,148,488,"[false, false, false]",250,2,1,Starfield Stage - 2
17941,2025-10-10T11:20:27.649783,0.009,590.0,367.0,1.8403295840119818,True,False,True,False,3,1,0,2,2,0,152,488,"[false, false, false]",250,2,1,Starfield Stage - 2
17950,2025-10-10T11:20:27.658594,0.009,592.5,364.5,1.850759374557733,True,False,True,False,4,1,0,2,2,0,156,490,"[true, false, false]",250,2,1,Starfield Stage - 2
17960,2025-10-10T11:20:27.668277,0.009,595.0,362.0,1.8611982693433378,True,False,True,False,4,1,0,2,2,0,160,492,"[true, false, false]",250,2,1,Starfield Stage - 2
17968,2025-10-10T11:20:27.676539,0.008,597.5,359.5,1.8737468679877942,True,False,True,False,4,1,0,2,2,0,164,495,"[true, false, false]",250,2,1,Starfield Stage - 2
17976,2025-10-10T11:20:27.684245,0.008,600.0,357.0,1.8869681385089436,True,False,True,False,4,1,0,2,2,0,169,498,"[true, false, false]",250,2,1,Starfield Stage - 2
17985,2025-10-10T11:20:27.693286,0.009,602.5,354.5,1.8995154095061868,True,False,True,False,4,2,0,2,2,0,173,501,"[true, false, false]",250,2,1,Starfield Stage - 2
17993,2025-10-10T11:20:27.701518,0.008,605.0,352.0,1.9113077096887559,True,False,True,False,4,2,0,2,2,0,176,504,"[true, false, false]",250,2,1,Starfield Stage - 2
18001,2025-10-10T11:20:27.709890,0.009,607.5,349.5,1.920971955356343,True,False,True,False,4,2,0,2,2,0,179,506,"[true, false, false]",250,2,1,Starfield Stage - 2
18010,2025-10-10T11:20:27.718553,0.008,610.0,347.0,1.9290571831917176,True,False,True,False,4,2,0,2,2,0,180,508,"[true, false, false]",250,2,1,Starfield Stage - 2
18018,2025-10-10T11:20:27.726616,0.009,612.5,344.5,1.9350161891057103,True,False,True,False,4,2,0,2,2,0,181,509,"[false, false, false]",250,2,1,Starfield Stage - 2
18028,2025-10-10T11:20:27.736224,0.009,615.0,342.0,1.9381245530775368,True,False,True,False,4,2,0,2,2,0,181,509,"[false, false, false]",250,2,1,Starfield Stage - 2
18036,2025-10-10T11:20:27.744243,0.008,617.5,339.5,1.9419646085648536,True,False,True,False,4,2,0,2,2,0,182,509,"[false, false, false]",250,2,1,Starfield Stage - 2
18044,2025-10-10T11:20:27.752652,0.009,620.0,337.0,1.9477468121384471,True,False,True,False,4,2,0,2,2,0,183,510,"[false, false, false]",250,2,1,Starfield Stage - 2
18053,2025-10-10T11:20:27.761711,0.009,622.5,334.5,1.953463376247105,True,False,True,False,4,2,0,2,2,0,184,511,"[false, false, false]",250,2,1,Starfield Stage - 2
18063,2025-10-10T11:20:27.771280,0.009,625.0,332.0,1.9599130586302038,True,False,True,False,4,2,0,2,2,0,186,512,"[false, false, false]",250,2,1,Starfield Stage - 2
18071,2025-10-10T11:20:27.779387,0.008,627.5,329.5,1.9635708323048904,True,False,True,False,4,2,0,2,2,0,187,512,"[false, false, false]",250,2,1,Starfield Stage - 2
18079,2025-10-10T11:20:27.787567,0.009,630.0,327.0,1.9691164661723513,True,False,True,False,4,2,0,2,2,0,188,513,"[false, false, false]",250,2,1,Starfield Stage - 2
18088,2025-10-10T11:20:27.796646,0.009,632.5,324.5,1.9735041143684335,True,False,True,False,4,2,0,2,2,0,190,513,"[false, false, false]",250,2,1,Starfield Stage - 2
18098,2025-10-10T11:20:27.806307,0.009,635.0,322.0,1.9770464387862876,True,False,True,False,4,2,0,2,2,0,191,513,"[false, false, false]",250,2,1,Starfield Stage - 2
18106,2025-10-10T11:20:27.814773,0.008,637.5,319.5,1.9775871883878644,True,False,True,False,4,2,0,2,2,0,193,511,"[false, false, false]",250,2,1,Starfield Stage - 2
18114,2025-10-10T11:20:27.821973,0.008,640.0,317.0,1.9762304123760595,True,False,True,False,4,2,0,2,2,0,195,508,"[false, false, false]",250,2,1,Starfield Stage - 2
18161,2025-10-10T11:20:27.869022,0.008,642.5,314.5,1.9748751051290268,True,False,True,False,3,2,0,2,2,0,197,505,"[false, false, false]",270,2,1,Starfield Stage - 2
18164,2025-10-10T11:20:27.872005,0.042,645.0,312.0,1.9754174770920003,True,False,True,False,3,2,0,2,2,0,199,503,"[false, false, false]",270,2,1,Starfield Stage - 2
18172,2025-10-10T11:20:27.880527,0.008,647.5,309.5,1.9759583833436696,True,False,True,False,4,2,0,2,2,0,201,501,"[true, false, false]",270,2,1,Starfield Stage - 2
18181,2025-10-10T11:20:27.889710,0.009,650.0,307.0,1.9786411246304851,True,False,True,False,4,2,0,2,2,0,201,501,"[true, false, false]",270,2,1,Starfield Stage - 2
18189,2025-10-10T11:20:27.897815,0.009,652.5,304.5,1.9812880545424147,True,False,True,False,3,2,0,3,2,0,201,501,"[true, false, false]",270,2,1,Starfield Stage - 2
18198,2025-10-10T11:20:27.906757,0.009,655.0,304.5,1.9792713757796425,True,False,False,False,3,2,0,3,2,0,201,501,"[false, false, false]",270,2,1,Starfield Stage - 2
18208,2025-10-10T11:20:27.916313,0.009,657.5,304.5,1.9772733165077896,True,False,False,False,3,2,0,3,2,0,201,501,"[false, false, false]",270,2,1,Starfield Stage - 2
18217,2025-10-10T11:20:27.925214,0.009,660.0,304.5,1.9752936357828876,True,False,False,False,3,2,0,3,2,0,201,501,"[false, false, false]",270,2,1,Starfield Stage - 2
18225,2025-10-10T11:20:27.933686,0.009,662.5,304.5,1.9733320964968515,True,False,False,False,3,2,0,3,2,0,201,501,"[false, false, false]",270,2,1,Starfield Stage - 2
18235,2025-10-10T11:20:27.943477,0.009,665.0,304.5,1.9713884653088962,True,False,False,False,3,2,0,3,2,0,201,501,"[false, false, false]",270,2,1,Starfield Stage - 2
18243,2025-10-10T11:20:27.951508,0.008,667.5,304.5,1.9694625125781937,True,False,False,False,3,2,0,3,2,0,201,501,"[false, false, false]",270,2,1,Starfield Stage - 2
18251,2025-10-10T11:20:27.959608,0.009,670.0,304.5,1.9675540122977508,True,False,False,False,3,2,0,3,2,0,201,501,"[false, false, false]",270,2,1,Starfield Stage - 2
18261,2025-10-10T11:20:27.969390,0.009,672.5,304.5,1.9656627420294905,True,False,False,False,3,2,0,3,2,0,201,501,"[false, false, false]",270,2,1,Starfield Stage - 2
18269,2025-10-10T11:20:27.977346,0.008,675.0,304.5,1.9637884828405219,True,False,False,False,3,2,0,3,2,0,201,501,"[false, false, false]",270,2,1,Starfield Stage - 2
18277,2025-10-10T11:20:27.985488,0.008,677.5,304.5,1.9583384889457518,True,False,False,False,3,2,0,3,2,0,201,499,"[false, false, false]",270,2,1,Starfield Stage - 2
18285,2025-10-10T11:20:27.993486,0.008,677.5,304.5,1.955465575787864,True,True,False,False,3,2,0,3,2,0,202,497,"[false, false, false]",270,2,1,Starfield Stage - 2
18293,2025-10-10T11:20:28.001672,0.009,677.5,304.5,1.947117105056363,True,True,False,False,3,2,0,3,2,0,203,492,"[false, false, false]",270,2,1,Starfield Stage - 2
18302,2025-10-10T11:20:28.010572,0.009,677.5,304.5,1.9386775741906404,True,True,False,False,3,2,0,3,2,0,204,487,"[false, false, false]",270,2,1,Starfield Stage - 2
18311,2025-10-10T11:20:28.019655,0.009,677.5,304.5,1.9327010552893868,True,True,False,False,3,2,0,3,2,0,206,483,"[false, false, false]",270,2,1,Starfield Stage - 2
18321,2025-10-10T11:20:28.029459,0.009,677.5,304.5,1.9278189508329004,True,True,False,False,3,2,0,3,2,0,207,480,"[false, false, false]",270,2,1,Starfield Stage - 2
18329,2025-10-10T11:20:28.037261,0.008,677.5,304.5,1.926646103397619,True,True,False,False,4,2,0,3,2,0,208,479,"[true, false, false]",270,2,1,Starfield Stage - 2
18337,2025-10-10T11:20:28.045378,0.008,677.5,304.5,1.926646103397619,True,True,False,False,4,2,0,3,1,0,208,479,"[true, false, false]",270,2,1,Starfield Stage - 2
18345,2025-10-10T11:20:28.053866,0.009,677.5,304.5,1.926646103397619,True,True,False,False,4,2,0,3,1,0,208,479,"[true, false, false]",270,2,1,Starfield Stage - 2
18391,2025-10-10T11:20:28.099941,0.008,677.5,304.5,1.926646103397619,True,True,False,False,3,2,0,3,1,0,208,479,"[true, false, false]",290,2,1,Starfield Stage - 2
18395,2025-10-10T11:20:28.103903,0.042,677.5,304.5,1.926646103397619,True,True,False,False,3,2,0,3,1,1,208,479,"[true, false, false]",290,2,1,Starfield Stage - 2
18403,2025-10-10T11:20:28.111923,0.008,677.5,304.5,1.9096989473971886,True,True,False,False,2,2,0,3,1,1,208,470,"[false, false, false]",290,2,1,Starfield Stage - 2
18412,2025-10-10T11:20:28.120334,0.008,677.5,307.0,1.8960646153223244,True,True,False,True,2,2,0,3,1,1,209,465,"[false, false, false]",290,2,1,Starfield Stage - 2
18420,2025-10-10T11:20:28.128822,0.009,677.5,309.5,1.878981821819221,True,True,False,True,2,2,0,3,1,1,211,458,"[false, false, false]",290,2,1,Starfield Stage - 2
18430,2025-10-10T11:20:28.138206,0.009,677.5,312.0,1.856789237637245,True,True,False,True,2,2,0,3,1,1,215,448,"[false, false, false]",290,2,1,Starfield Stage - 2
18438,2025-10-10T11:20:28.146520,0.009,677.5,314.5,1.8309214566980625,True,True,False,True,2,2,0,3,1,1,221,436,"[false, false, false]",290,2,1,Starfield Stage - 2
18447,2025-10-10T11:20:28.155592,0.009,677.5,317.0,1.7991450553273298,True,True,False,True,2,2,0,3,1,1,230,421,"[false, false, false]",290,2,1,Starfield Stage - 2
18456,2025-10-10T11:20:28.164673,0.009,675.0,319.5,1.7537836618600253,False,True,False,True,2,2,0,3,1,1,240,400,"[false, false, false]",290,2,1,Starfield Stage - 2
18466,2025-10-10T11:20:28.174144,0.009,672.5,322.0,1.6982161103447866,False,True,False,True,2,2,0,3,1,1,251,376,"[false, false, false]",290,2,1,Starfield Stage - 2
18474,2025-10-10T11:20:28.182863,0.009,670.0,324.5,1.6310680654792895,False,True,False,True,2,2,0,3,1,1,264,349,"[false, false, false]",290,2,1,Starfield Stage - 2
18483,2025-10-10T11:20:28.191278,0.008,667.5,327.0,1.5553535390650868,False,True,False,True,2,2,0,3,1,1,279,321,"[false, false, false]",290,2,1,Starfield Stage - 2
18492,2025-10-10T11:20:28.199974,0.008,665.0,329.5,1.385275381385306,False,True,False,True,2,2,0,3,1,1,316,264,"[false, false, false]",290,2,1,Starfield Stage - 2
18499,2025-10-10T11:20:28.207618,0.008,662.5,332.0,1.2851633301113194,False,True,False,True,2,2,0,3,1,1,339,237,"[false, false, false]",290,2,1,Starfield Stage - 2
18507,2025-10-10T11:20:28.215495,0.008,660.0,334.5,1.1795967156561973,False,True,False,True,2,2,0,3,1,1,363,212,"[false, false, false]",290,2,1,Starfield Stage - 2
18516,2025-10-10T11:20:28.224000,0.009,657.5,337.0,1.0714496051147666,False,True,False,True,2,2,0,3,1,1,388,190,"[false, false, false]",290,2,1,Starfield Stage - 2
18524,2025-10-10T11:20:28.232429,0.008,655.0,339.5,0.9531134689372099,False,True,False,True,2,2,0,3,1,1,415,169,"[false, false, false]",290,2,1,Starfield Stage - 2
18532,2025-10-10T11:20:28.240769,0.009,652.5,342.0,0.8339278999261607,False,True,False,True,2,2,0,3,1,1,442,151,"[false, false, false]",290,2,1,Starfield Stage - 2
18541,2025-10-10T11:20:28.249381,0.008,650.0,344.5,0.71527069261836,False,True,False,True,2,2,0,3,1,1,468,135,"[false, false, false]",290,2,1,Starfield Stage - 2
18549,2025-10-10T11:20:28.257891,0.009,647.5,347.0,0.6038014927965127,False,True,False,True,2,2,0,3,1,1,493,123,"[false, false, false]",290,2,1,Starfield Stage - 2
18558,2025-10-10T11:20:28.266428,0.008,645.0,349.5,0.5011300456924676,False,True,False,True,2,2,0,3,1,1,516,114,"[false, false, false]",290,2,1,Starfield Stage - 2
18566,2025-10-10T11:20:28.274401,0.008,642.5,352.0,0.4184144436453797,False,True,False,True,3,2,0,3,1,1,534,108,"[true, false, false]",290,2,1,Starfield Stage - 2
18574,2025-10-10T11:20:28.282786,0.009,640.0,354.5,0.3532689652177912,False,True,False,True,3,2,0,3,1,1,548,105,"[true, false, false]",290,2,1,Starfield Stage - 2
18584,2025-10-10T11:20:28.292426,0.009,637.5,357.0,0.3080527810237764,False,True,False,True,3,2,0,3,1,1,557,104,"[true, false, false]",290,2,1,Starfield Stage - 2
18592,2025-10-10T11:20:28.300902,0.009,635.0,359.5,0.28191441217403074,False,True,False,True,3,2,0,3,1,1,561,104,"[true, false, false]",290,2,1,Starfield Stage - 2
18601,2025-10-10T11:20:28.309347,0.008,632.5,362.0,0.26313372674569957,False,True,False,True,3,2,0,3,1,1,563,104,"[true, false, false]",290,2,1,Starfield Stage - 2
18609,2025-10-10T11:20:28.317924,0.009,630.0,364.5,0.2517414094413881,False,True,False,True,3,2,0,3,1,1,563,104,"[true, false, false]",290,2,1,Starfield Stage - 2
18619,2025-10-10T11:20:28.327254,0.009,627.5,367.0,0.24050041272345093,False,True,False,True,3,2,0,3,1,1,563,104,"[true, false, false]",290,2,1,Starfield Stage - 2
18627,2025-10-10T11:20:28.335440,0.008,625.0,369.5,0.2294105259647025,False,True,False,True,3,2,0,3,1,1,563,104,"[true, false, false]",290,2,1,Starfield Stage - 2
18635,2025-10-10T11:20:28.343579,0.008,622.5,372.0,0.21847139550116612,False,True,False,True,3,2,0,3,1,1,563,104,"[false, false, false]",290,2,1,Starfield Stage - 2
18643,2025-10-10T11:20:28.351897,0.009,620.0,374.5,0.20768253290719707,False,True,False,True,3,2,0,3,1,1,563,104,"[false, false, false]",290,2,1,Starfield Stage - 2
18652,2025-10-10T11:20:28.360269,0.008,617.5,377.0,0.19774904163084583,False,True,False,True,3,2,0,3,1,1,563,105,"[false, false, false]",290,2,1,Starfield Stage - 2
18660,2025-10-10T11:20:28.368531,0.008,615.0,379.5,0.1885587449850978,False,True,False,True,3,2,0,3,1,1,563,107,"[false, false, false]",290,2,1,Starfield Stage - 2
18668,2025-10-10T11:20:28.376702,0.009,612.5,382.0,0.1800152597393042,False,True,False,True,3,2,0,3,1,1,563,110,"[false, false, false]",290,2,1,Starfield Stage - 2
18677,2025-10-10T11:20:28.385704,0.009,610.0,384.5,0.17079665540761715,False,True,False,True,3,2,0,3,1,1,563,112,"[false, false, false]",290,2,1,Starfield Stage - 2
18687,2025-10-10T11:20:28.395919,0.01,607.5,387.0,0.1621662824396642,False,True,False,True,3,2,0,3,1,1,563,115,"[false, false, false]",290,2,1,Starfield Stage - 2
18696,2025-10-10T11:20:28.404954,0.009,605.0,389.5,0.1529250763546349,False,True,False,True,3,2,0,3,1,1,563,117,"[false, false, false]",290,2,1,Starfield Stage - 2
18705,2025-10-10T11:20:28.413487,0.008,602.5,392.0,0.14727747924080856,False,True,False,True,3,2,0,3,1,1,562,119,"[false, false, false]",290,2,1,Starfield Stage - 2
18713,2025-10-10T11:20:28.421869,0.009,605.0,394.5,0.16008618343915668,True,False,False,True,3,2,0,3,1,1,561,122,"[false, false, false]",290,2,1,Starfield Stage - 2
18722,2025-10-10T11:20:28.430209,0.008,607.5,397.0,0.17226810622165664,True,False,False,True,3,2,0,3,1,1,560,124,"[false, false, false]",290,2,1,Starfield Stage - 2
18730,2025-10-10T11:20:28.438383,0.008,610.0,399.5,0.18721690120572662,True,False,False,True,3,2,0,3,1,1,558,125,"[false, false, false]",290,2,1,Starfield Stage - 2
18738,2025-10-10T11:20:28.446732,0.008,612.5,402.0,0.1984404915489813,True,False,False,True,3,2,0,3,1,1,557,126,"[false, false, false]",290,2,1,Starfield Stage - 2
18746,2025-10-10T11:20:28.454572,0.008,615.0,404.5,0.20604287111367398,True,False,False,True,3,2,0,3,1,1,557,127,"[false, false, false]",290,2,1,Starfield Stage - 2
18755,2025-10-10T11:20:28.463156,0.009,617.5,407.0,0.21696051929007065,True,False,False,True,3,2,0,3,1,1,556,128,"[false, false, false]",290,2,1,Starfield Stage - 2
18800,2025-10-10T11:20:28.508785,0.009,620.0,409.5,0.2292886869659242,True,False,False,True,3,2,0,3,1,1,555,131,"[true, false, false]",310,2,1,Starfield Stage - 2
18838,2025-10-10T11:20:28.546454,0.039,622.5,412.0,0.23993032570280703,True,False,False,True,2,2,0,3,1,1,554,132,"[true, false, false]",330,2,1,Starfield Stage - 2
18841,2025-10-10T11:20:28.549002,0.037,625.0,414.5,0.2512599875507748,True,False,False,True,2,2,0,3,1,1,553,134,"[true, false, false]",330,2,1,Starfield Stage - 2
18848,2025-10-10T11:20:28.556442,0.008,622.5,417.0,0.24081722231344987,False,True,False,True,2,2,0,3,1,1,553,134,"[false, false, false]",330,2,1,Starfield Stage - 2
18857,2025-10-10T11:20:28.565237,0.009,620.0,419.5,0.23050490137399365,False,True,False,True,2,2,0,3,1,1,553,134,"[false, false, false]",330,2,1,Starfield Stage - 2
18865,2025-10-10T11:20:28.573331,0.008,617.5,422.0,0.22032274811481167,False,True,False,True,2,2,0,3,1,1,553,134,"[false, false, false]",330,2,1,Starfield Stage - 2
18873,2025-10-10T11:20:28.581836,0.008,615.0,424.5,0.21027038490158922,False,True,False,True,2,2,0,3,1,1,553,134,"[false, false, false]",330,2,1,Starfield Stage - 2
18881,2025-10-10T11:20:28.589645,0.009,612.5,427.0,0.2003473387482044,False,True,False,True,2,2,0,3,1,1,553,134,"[false, false, false]",330,2,1,Starfield Stage - 2
18890,2025-10-10T11:20:28.598810,0.009,610.0,429.5,0.1905530468948165,False,True,False,True,2,2,0,3,1,1,553,134,"[false, false, false]",330,2,1,Starfield Stage - 2
18899,2025-10-10T11:20:28.607467,0.008,607.5,432.0,0.18088686228264328,False,True,False,True,2,2,0,3,1,1,553,134,"[false, false, false]",330,2,1,Starfield Stage - 2
18908,2025-10-10T11:20:28.616403,0.009,605.0,434.5,0.1713480589109542,False,True,False,True,2,2,0,3,1,1,553,134,"[false, false, false]",330,2,1,Starfield Stage - 2
18916,2025-10-10T11:20:28.624420,0.008,602.5,437.0,0.16193583706373016,False,True,False,True,2,2,0,3,1,1,553,134,"[false, false, false]",330,2,1,Starfield Stage - 2
18924,2025-10-10T11:20:28.632861,0.009,600.0,439.5,0.15264932839526515,False,True,False,True,2,2,0,3,1,1,553,134,"[false, false, false]",330,2,1,Starfield Stage - 2
18933,2025-10-10T11:20:28.641379,0.008,597.5,442.0,0.14348760086570564,False,True,False,True,2,2,0,3,1,1,553,134,"[false, false, false]",330,2,1,Starfield Stage - 2
18942,2025-10-10T11:20:28.650043,0.009,597.5,444.5,0.14234791120120754,True,True,False,True,2,2,0,4,1,1,553,134,"[false, false, false]",330,2,1,Starfield Stage - 2
18950,2025-10-10T11:20:28.658663,0.009,600.0,447.0,0.1490461731979779,True,False,False,True,2,2,0,4,1,1,553,134,"[false, false, false]",330,2,1,Starfield Stage - 2
18959,2025-10-10T11:20:28.667774,0.009,602.5,449.5,0.155625155821014,True,False,False,True,3,2,0,4,1,1,553,134,"[true, false, false]",330,2,1,Starfield Stage - 2
18969,2025-10-10T11:20:28.677193,0.009,605.0,452.0,0.1620874624871194,True,False,False,True,3,2,0,4,1,1,553,134,"[true, false, false]",330,2,1,Starfield Stage - 2
18977,2025-10-10T11:20:28.685143,0.008,607.5,454.5,0.16843564408516626,True,False,False,True,3,2,0,4,1,1,553,134,"[true, false, false]",330,2,1,Starfield Stage - 2
18985,2025-10-10T11:20:28.693803,0.009,610.0,457.0,0.1746721990082397,True,False,False,True,3,2,0,4,1,1,553,134,"[true, false, false]",330,2,1,Starfield Stage - 2
18995,2025-10-10T11:20:28.703349,0.009,612.5,459.5,0.18079957330397145,True,False,False,True,3,2,0,4,1,1,553,134,"[true, false, false]",330,2,1,Starfield Stage - 2
19003,2025-10-10T11:20:28.711483,0.008,615.0,462.0,0.18682016093059584,True,False,False,True,3,2,0,4,1,1,553,134,"[true, false, false]",330,2,1,Starfield Stage - 2
19011,2025-10-10T11:20:28.719554,0.008,617.5,464.5,0.19273630410722184,True,False,False,True,2,2,0,4,1,1,553,134,"[false, false, false]",330,2,1,Starfield Stage - 2
19019,2025-10-10T11:20:28.727846,0.009,620.0,467.0,0.1985502937477212,True,False,False,True,2,2,0,4,1,1,553,134,"[false, false, false]",330,2,1,Starfield Stage - 2
19064,2025-10-10T11:20:28.772183,0.008,622.5,469.5,0.20426436996848213,True,False,False,True,1,1,0,4,1,1,553,134,"[false, false, false]",340,2,1,Starfield Stage - 2
19067,2025-10-10T11:20:28.775153,0.038,625.0,472.0,0.20988072266107496,True,False,False,True,1,2,0,4,1,1,553,134,"[false, false, false]",340,2,1,Starfield Stage - 2
19074,2025-10-10T11:20:28.782665,0.009,627.5,472.0,0.24350753509656772,True,False,False,False,1,2,0,4,1,1,548,152,"[false, false, false]",340,2,1,Starfield Stage - 2
19082,2025-10-10T11:20:28.790958,0.008,630.0,472.0,0.25085231070431846,True,False,False,False,1,2,0,4,1,1,548,152,"[false, false, false]",340,2,1,Starfield Stage - 2
19091,2025-10-10T11:20:28.799315,0.008,632.5,472.0,0.27259388829568837,True,False,False,False,1,2,0,4,1,1,545,159,"[false, false, false]",340,2,1,Starfield Stage - 2
19099,2025-10-10T11:20:28.807475,0.008,635.0,472.0,0.2816937910711373,True,False,False,False,1,2,0,4,1,1,545,161,"[false, false, false]",340,2,1,Starfield Stage - 2
19107,2025-10-10T11:20:28.815487,0.008,637.5,472.0,0.29204667790745714,True,False,False,False,1,2,0,4,1,1,544,161,"[false, false, false]",340,2,1,Starfield Stage - 2
19115,2025-10-10T11:20:28.823826,0.009,640.0,472.0,0.30031134464472525,True,False,False,False,1,2,0,4,1,1,544,162,"[false, false, false]",340,2,1,Starfield Stage - 2
19124,2025-10-10T11:20:28.832116,0.008,642.5,472.0,0.30765328707072964,True,False,False,False,1,2,0,4,1,1,544,162,"[false, false, false]",340,2,1,Starfield Stage - 2
19132,2025-10-10T11:20:28.840690,0.009,645.0,472.0,0.3149611339875242,True,False,False,False,1,2,0,4,1,1,544,162,"[false, false, false]",340,2,1,Starfield Stage - 2
19142,2025-10-10T11:20:28.850330,0.009,647.5,472.0,0.32223434729552053,True,False,False,False,1,2,0,4,1,1,544,162,"[false, false, false]",340,2,1,Starfield Stage - 2
19150,2025-10-10T11:20:28.858881,0.009,650.0,472.0,0.32947240863790356,True,False,False,False,1,2,0,4,1,1,544,162,"[false, false, false]",340,2,1,Starfield Stage - 2
19160,2025-10-10T11:20:28.868395,0.009,652.5,472.0,0.33768353725196326,True,False,False,False,1,2,0,4,1,1,544,163,"[false, false, false]",340,2,1,Starfield Stage - 2
19168,2025-10-10T11:20:28.876718,0.009,655.0,472.0,0.3469390244766085,True,False,False,False,1,2,0,4,1,1,544,165,"[false, false, false]",340,2,1,Starfield Stage - 2
19177,2025-10-10T11:20:28.885649,0.009,657.5,472.0,0.35949622791579045,True,False,False,False,2,2,0,4,1,1,544,170,"[true, false, false]",340,2,1,Starfield Stage - 2
19187,2025-10-10T11:20:28.895608,0.01,660.0,472.0,0.3746482133126414,True,False,False,False,2,2,0,4,1,1,544,177,"[true, false, false]",340,2,1,Starfield Stage - 2
19197,2025-10-10T11:20:28.905201,0.009,662.5,472.0,0.4116499131766638,True,False,False,False,2,2,0,4,1,1,542,196,"[true, false, false]",340,2,1,Starfield Stage - 2
19205,2025-10-10T11:20:28.913139,0.008,665.0,472.0,0.43929930144941143,True,False,False,False,2,2,0,4,1,1,540,206,"[true, false, false]",340,2,1,Starfield Stage - 2
19213,2025-10-10T11:20:28.921620,0.008,667.5,472.0,0.4651967944384638,True,False,False,False,2,2,0,4,1,1,538,214,"[true, false, false]",340,2,1,Starfield Stage - 2
19221,2025-10-10T11:20:28.929941,0.009,670.0,472.0,0.4968108015033709,True,False,False,False,2,2,0,4,1,1,535,223,"[false, false, false]",340,2,1,Starfield Stage - 2
19230,2025-10-10T11:20:28.938556,0.008,672.5,472.0,0.5260165735177897,True,False,False,False,2,2,0,4,1,1,532,230,"[false, false, false]",340,2,1,Starfield Stage - 2
19238,2025-10-10T11:20:28.946802,0.009,675.0,472.0,0.5559173294369677,True,False,False,False,2,2,0,4,1,1,529,237,"[false, false, false]",340,2,1,Starfield Stage - 2
19247,2025-10-10T11:20:28.955438,0.008,677.5,472.0,0.5844672647412403,True,False,False,False,2,2,0,4,1,1,526,243,"[false, false, false]",340,2,1,Starfield Stage - 2
19256,2025-10-10T11:20:28.964130,0.009,680.0,472.0,0.6092329825184986,True,False,False,False,2,2,0,4,1,1,523,247,"[false, false, false]",340,2,1,Starfield Stage - 2
19264,2025-10-10T11:20:28.972726,0.009,682.5,472.0,0.6310793874713293,True,False,False,False,2,2,0,4,1,1,521,251,"[false, false, false]",340,2,1,Starfield Stage - 2
19274,2025-10-10T11:20:28.982258,0.009,685.0,472.0,0.6485956789818258,True,False,False,False,2,2,0,5,1,1,519,253,"[false, false, false]",340,2,1,Starfield Stage - 2
19282,2025-10-10T11:20:28.990342,0.008,687.5,472.0,0.6653555522766468,True,False,False,False,2,2,0,5,1,1,518,256,"[false, false, false]",340,2,1,Starfield Stage - 2
19291,2025-10-10T11:20:28.999498,0.009,690.0,472.0,0.6849620513485974,True,False,False,False,2,2,0,5,1,1,516,259,"[false, false, false]",340,2,1,Starfield Stage - 2
19299,2025-10-10T11:20:29.007174,0.008,692.5,472.0,0.7222564038929334,True,False,False,False,2,2,0,5,1,1,511,266,"[false, false, false]",340,2,1,Starfield Stage - 2
19307,2025-10-10T11:20:29.015268,0.008,695.0,472.0,0.7493313360812688,True,False,False,False,2,2,0,5,1,1,508,271,"[false, false, false]",340,2,1,Starfield Stage - 2
19315,2025-10-10T11:20:29.023524,0.008,697.5,472.0,0.7866918237365784,True,False,False,False,2,2,0,5,1,1,504,279,"[false, false, false]",340,2,1,Starfield Stage - 2
19323,2025-10-10T11:20:29.031402,0.008,700.0,472.0,0.8377064242458651,True,False,False,False,2,2,0,5,1,1,499,291,"[false, false, false]",340,2,1,Starfield Stage - 2
19331,2025-10-10T11:20:29.039821,0.009,702.5,472.0,0.8990008841531085,True,False,False,False,2,2,0,5,1,1,495,307,"[false, false, false]",340,2,1,Starfield Stage - 2
19340,2025-10-10T11:20:29.048834,0.009,705.0,472.0,0.9764108312078003,True,False,False,False,2,2,0,5,1,1,489,326,"[false, false, false]",340,2,1,Starfield Stage - 2
19349,2025-10-10T11:20:29.057607,0.008,707.5,472.0,1.0627528217388622,True,False,False,False,2,2,0,5,1,1,483,347,"[false, false, false]",340,2,1,Starfield Stage - 2
19358,2025-10-10T11:20:29.066361,0.009,710.0,472.0,1.1581607613832126,True,False,False,False,2,2,0,5,1,1,477,370,"[false, false, false]",340,2,1,Starfield Stage - 2
19366,2025-10-10T11:20:29.074440,0.008,712.5,472.0,1.2570752477645766,True,False,False,False,2,2,0,5,1,1,469,393,"[false, false, false]",340,2,1,Starfield Stage - 2
19374,2025-10-10T11:20:29.082825,0.009,715.0,472.0,1.3537954360878113,True,False,False,False,2,2,0,5,1,1,461,416,"[false, false, false]",340,2,1,Starfield Stage - 2
19383,2025-10-10T11:20:29.091207,0.008,717.5,472.0,1.442952974304706,True,False,False,False,2,2,0,5,1,1,453,438,"[false, false, false]",340,2,1,Starfield Stage - 2
19391,2025-10-10T11:20:29.099542,0.009,720.0,472.0,1.5199311485866325,True,False,False,False,3,2,0,5,1,1,445,458,"[true, false, false]",340,2,1,Starfield Stage - 2
19400,2025-10-10T11:20:29.108660,0.009,722.5,472.0,1.59530980427001,True,False,False,False,3,2,0,5,1,1,437,479,"[true, false, false]",340,2,1,Starfield Stage - 2
19409,2025-10-10T11:20:29.117875,0.009,725.0,472.0,1.6553400823078948,True,False,False,False,3,2,0,5,1,1,430,497,"[true, false, false]",340,2,1,Starfield Stage - 2
19419,2025-10-10T11:20:29.126985,0.009,727.5,472.0,1.7110838173716885,True,False,False,False,3,2,0,5,1,1,423,515,"[true, false, false]",340,2,1,Starfield Stage - 2
19427,2025-10-10T11:20:29.135344,0.008,730.0,472.0,1.7934572674312617,True,False,False,False,2,2,0,5,1,1,412,544,"[true, false, false]",340,2,1,Starfield Stage - 2
19435,2025-10-10T11:20:29.143773,0.008,732.5,472.0,1.8190453271000535,True,False,False,False,2,2,0,5,1,1,409,554,"[true, false, false]",340,2,1,Starfield Stage - 2
19442,2025-10-10T11:20:29.150902,0.008,735.0,472.0,1.8365307776483595,True,False,False,False,2,2,0,5,1,1,408,561,"[true, false, false]",340,2,1,Starfield Stage - 2
19451,2025-10-10T11:20:29.159650,0.008,737.5,472.0,1.8346071627560048,True,False,False,False,2,2,0,5,1,1,408,561,"[true, false, false]",340,2,1,Starfield Stage - 2
19459,2025-10-10T11:20:29.167863,0.009,740.0,472.0,1.8506770121506564,True,False,False,False,2,2,0,5,1,1,406,568,"[false, false, false]",340,2,1,Starfield Stage - 2
19468,2025-10-10T11:20:29.176410,0.008,742.5,472.0,1.851449384083212,True,False,False,False,2,2,0,5,1,1,406,569,"[false, false, false]",340,2,1,Starfield Stage - 2
19476,2025-10-10T11:20:29.184671,0.009,745.0,472.0,1.8487074854310535,True,False,False,False,2,2,0,5,1,2,405,569,"[false, false, false]",340,2,1,Starfield Stage - 2
19485,2025-10-10T11:20:29.193873,0.009,747.5,472.0,1.846780728505328,True,False,False,False,2,2,0,5,1,2,405,569,"[false, false, false]",340,2,1,Starfield Stage - 2
19494,2025-10-10T11:20:29.202253,0.008,750.0,472.0,1.8448798360025558,True,False,False,False,2,2,0,5,1,2,405,569,"[false, false, false]",340,2,1,Starfield Stage - 2
19502,2025-10-10T11:20:29.210615,0.008,752.5,472.0,1.8430043040611732,True,False,False,False,2,2,0,5,1,2,405,569,"[false, false, false]",340,2,1,Starfield Stage - 2
19510,2025-10-10T11:20:29.218759,0.009,755.0,472.0,1.841153641461011,True,False,False,False,2,2,0,5,1,2,405,569,"[false, false, false]",340,2,1,Starfield Stage - 2
19520,2025-10-10T11:20:29.228588,0.009,757.5,472.0,1.8393273692414747,True,False,False,False,2,2,0,5,1,2,405,569,"[false, false, false]",340,2,1,Starfield Stage - 2
19528,2025-10-10T11:20:29.236701,0.009,760.0,474.5,1.8309603527979166,True,False,False,True,2,2,0,5,1,2,405,569,"[false, false, false]",340,2,1,Starfield Stage - 2
19538,2025-10-10T11:20:29.246599,0.009,762.5,477.0,1.8174197252807767,True,False,False,True,2,2,0,5,1,2,405,567,"[false, false, false]",340,2,1,Starfield Stage - 2
19548,2025-10-10T11:20:29.256170,0.009,765.0,479.5,1.7999399559527343,True,False,False,True,2,2,0,5,1,2,407,563,"[false, false, false]",340,2,1,Starfield Stage - 2
19557,2025-10-10T11:20:29.265377,0.009,767.5,482.0,1.7673826070804217,True,False,False,True,2,2,0,5,1,2,411,553,"[false, false, false]",340,2,1,Starfield Stage - 2
19564,2025-10-10T11:20:29.272767,0.008,770.0,484.5,1.7495403595869745,True,False,False,True,2,2,0,5,1,2,413,549,"[false, false, false]",340,2,1,Starfield Stage - 2
19572,2025-10-10T11:20:29.280549,0.008,772.5,487.0,1.734356983765835,True,False,False,True,3,2,0,5,1,2,415,546,"[true, false, false]",340,2,1,Starfield Stage - 2
19580,2025-10-10T11:20:29.288890,0.009,775.0,489.5,1.7241781791277877,True,False,False,True,3,2,0,5,2,2,416,545,"[true, false, false]",340,2,1,Starfield Stage - 2
19590,2025-10-10T11:20:29.297977,0.009,777.5,492.0,1.716768654782507,True,False,False,True,3,2,0,5,2,2,417,545,"[true, false, false]",340,2,1,Starfield Stage - 2
19598,2025-10-10T11:20:29.306819,0.009,780.0,494.5,1.7094045559575484,True,False,False,True,3,2,0,5,2,2,418,545,"[true, false, false]",340,2,1,Starfield Stage - 2
19607,2025-10-10T11:20:29.315388,0.008,782.5,497.0,1.699032503338365,True,False,False,True,3,2,0,5,2,2,418,544,"[true, false, false]",340,2,1,Starfield Stage - 2
19616,2025-10-10T11:20:29.324230,0.009,785.0,497.0,1.6985126532200217,True,False,False,False,3,2,0,5,2,2,419,544,"[true, false, false]",340,2,1,Starfield Stage - 2
19625,2025-10-10T11:20:29.333055,0.009,787.5,497.0,1.694984320675208,True,False,False,False,3,2,0,5,2,2,419,543,"[true, false, false]",340,2,1,Starfield Stage - 2
19633,2025-10-10T11:20:29.341424,0.008,790.0,497.0,1.691500491229289,True,False,False,False,3,2,0,5,2,2,419,542,"[false, false, false]",340,2,1,Starfield Stage - 2
19641,2025-10-10T11:20:29.349428,0.008,792.5,497.0,1.6883723246569364,True,False,False,False,3,2,0,5,2,2,420,541,"[false, false, false]",340,2,1,Starfield Stage - 2
19689,2025-10-10T11:20:29.397706,0.009,795.0,497.0,1.6826272563500162,True,False,False,False,2,2,0,5,2,2,421,539,"[false, false, false]",360,2,1,Starfield Stage - 2
19692,2025-10-10T11:20:29.400736,0.043,797.5,497.0,1.6721877446106026,True,False,False,False,2,2,0,5,2,2,424,535,"[false, false, false]",360,2,1,Starfield Stage - 2
19701,2025-10-10T11:20:29.409805,0.008,800.0,497.0,1.5678893582391513,True,False,False,False,1,2,0,5,2,2,456,496,"[false, false, false]",360,2,1,Starfield Stage - 2
19710,2025-10-10T11:20:29.417975,0.009,802.5,497.0,1.5413497597888757,True,False,False,False,1,2,0,5,2,2,463,487,"[false, false, false]",360,2,1,Starfield Stage - 2
19718,2025-10-10T11:20:29.426648,0.008,802.5,497.0,1.5107183364935095,True,True,False,False,1,2,0,5,2,2,470,477,"[false, false, false]",360,2,1,Starfield Stage - 2
19726,2025-10-10T11:20:29.434750,0.009,802.5,497.0,1.4788900754701064,True,True,False,False,1,2,0,5,2,2,477,467,"[false, false, false]",360,2,1,Starfield Stage - 2
19736,2025-10-10T11:20:29.444228,0.009,802.5,497.0,1.4524165888134746,True,True,False,False,1,2,0,5,2,2,483,459,"[false, false, false]",360,2,1,Starfield Stage - 2
19744,2025-10-10T11:20:29.452563,0.008,802.5,497.0,1.4251054943641306,True,True,False,False,1,2,0,5,2,2,489,451,"[false, false, false]",360,2,1,Starfield Stage - 2
19752,2025-10-10T11:20:29.460930,0.009,802.5,497.0,1.4043380639581526,True,True,False,False,1,2,0,5,2,2,493,445,"[false, false, false]",360,2,1,Starfield Stage - 2
19761,2025-10-10T11:20:29.469453,0.008,802.5,497.0,1.3900816244020653,True,True,False,False,2,2,0,5,2,2,496,441,"[true, false, false]",360,2,1,Starfield Stage - 2
19769,2025-10-10T11:20:29.477689,0.008,802.5,497.0,1.3831765513911756,True,True,False,False,2,2,0,5,2,2,497,439,"[true, false, false]",360,2,1,Starfield Stage - 2
19777,2025-10-10T11:20:29.485430,0.008,802.5,497.0,1.3831765513911756,True,True,False,False,2,2,0,5,2,2,497,439,"[true, false, false]",360,2,1,Starfield Stage - 2
19786,2025-10-10T11:20:29.494116,0.009,802.5,497.0,1.3831765513911756,True,True,False,False,2,2,0,5,2,2,497,439,"[true, false, false]",360,2,1,Starfield Stage - 2
19795,2025-10-10T11:20:29.502971,0.009,802.5,497.0,1.3831765513911756,True,True,False,False,2,2,0,5,2,2,497,439,"[true, false, false]",360,2,1,Starfield Stage - 2
19803,2025-10-10T11:20:29.511924,0.009,800.0,497.0,1.381665041604667,False,True,False,False,2,2,0,5,2,2,497,439,"[true, false, false]",360,2,1,Starfield Stage - 2
19812,2025-10-10T11:20:29.520505,0.008,797.5,494.5,1.388162210723809,False,True,True,False,2,2,0,5,2,2,497,439,"[true, false, false]",360,2,1,Starfield Stage - 2
19820,2025-10-10T11:20:29.528823,0.009,795.0,492.0,1.394784415669515,False,True,True,False,2,2,0,5,2,2,497,439,"[false, false, false]",360,2,1,Starfield Stage - 2
19828,2025-10-10T11:20:29.536740,0.008,792.5,489.5,1.4015347030083847,False,True,True,False,2,2,0,5,2,2,497,439,"[false, false, false]",360,2,1,Starfield Stage - 2
19838,2025-10-10T11:20:29.546484,0.009,790.0,487.0,1.4084161915869606,False,True,True,False,2,2,0,5,2,2,497,439,"[false, false, false]",360,2,1,Starfield Stage - 2
19846,2025-10-10T11:20:29.554546,0.008,787.5,484.5,1.4154320729433634,False,True,True,False,2,2,0,5,2,2,497,439,"[false, false, false]",360,2,1,Starfield Stage - 2
19854,2025-10-10T11:20:29.562959,0.009,785.0,482.0,1.4225856115482551,False,True,True,False,2,2,0,5,2,2,497,439,"[false, false, false]",360,2,1,Starfield Stage - 2
19862,2025-10-10T11:20:29.570924,0.008,782.5,479.5,1.4298801448531124,False,True,True,False,2,2,0,5,2,2,497,439,"[false, false, false]",360,2,1,Starfield Stage - 2
19871,2025-10-10T11:20:29.579464,0.008,780.0,477.0,1.4373190831218257,False,True,True,False,2,2,0,5,2,2,497,439,"[false, false, false]",360,2,1,Starfield Stage - 2
19879,2025-10-10T11:20:29.587537,0.009,777.5,474.5,1.4449059090195524,False,True,True,False,2,2,0,5,2,2,497,439,"[false, false, false]",360,2,1,Starfield Stage - 2
19888,2025-10-10T11:20:29.596670,0.009,775.0,472.0,1.4526441769305556,False,True,True,False,2,2,0,5,2,2,497,439,"[false, false, false]",360,2,1,Starfield Stage - 2
19897,2025-10-10T11:20:29.605742,0.009,772.5,469.5,1.4605375119744235,False,True,True,False,2,2,0,5,2,2,497,439,"[false, false, false]",360,2,1,Starfield Stage - 2
19907,2025-10-10T11:20:29.615624,0.009,772.5,467.0,1.4695107155979616,False,False,True,False,2,2,0,5,2,2,497,439,"[false, false, false]",360,2,1,Starfield Stage - 2
19915,2025-10-10T11:20:29.623549,0.008,772.5,464.5,1.4785003153996177,False,False,True,False,2,2,0,5,2,2,497,439,"[false, false, false]",360,2,1,Starfield Stage - 2
19923,2025-10-10T11:20:29.631911,0.009,772.5,462.0,1.4875048996537548,False,False,True,False,2,2,0,5,2,2,497,439,"[false, false, false]",360,2,1,Starfield Stage - 2
19932,2025-10-10T11:20:29.640739,0.009,772.5,459.5,1.4965230422077633,False,False,True,False,2,2,0,5,2,2,497,439,"[false, false, false]",360,2,1,Starfield Stage - 2
19942,2025-10-10T11:20:29.650199,0.009,772.5,457.0,1.505553303792635,False,False,True,False,3,2,0,5,2,2,497,439,"[true, false, false]",360,2,1,Starfield Stage - 2
19951,2025-10-10T11:20:29.659572,0.009,772.5,454.5,1.5145942333649487,False,False,True,False,3,2,0,5,2,2,497,439,"[true, false, false]",360,2,1,Starfield Stage - 2
19960,2025-10-10T11:20:29.668360,0.009,775.0,452.0,1.5240677780868577,True,False,True,False,3,2,0,5,2,2,497,439,"[true, false, false]",360,2,1,Starfield Stage - 2
19969,2025-10-10T11:20:29.677213,0.009,777.5,449.5,1.5333806413213458,True,False,True,False,3,2,0,5,2,2,497,439,"[true, false, false]",360,2,1,Starfield Stage - 2
19977,2025-10-10T11:20:29.685344,0.008,780.0,447.0,1.5425353018531822,True,False,True,False,3,2,0,5,2,2,497,439,"[true, false, false]",360,2,1,Starfield Stage - 2
19985,2025-10-10T11:20:29.693577,0.008,782.5,444.5,1.551534261062202,True,False,True,False,3,2,0,5,2,2,497,439,"[true, false, false]",360,2,1,Starfield Stage - 2
19993,2025-10-10T11:20:29.701717,0.008,785.0,444.5,1.5517014256752395,True,False,False,False,3,2,0,5,2,2,497,439,"[true, false, false]",360,2,1,Starfield Stage - 2
20001,2025-10-10T11:20:29.709480,0.008,787.5,444.5,1.5518657141404122,True,False,False,False,3,2,0,5,2,2,497,439,"[false, false, false]",360,2,1,Starfield Stage - 2
20009,2025-10-10T11:20:29.717627,0.009,790.0,444.5,1.5519629373853,True,False,False,False,3,2,0,5,2,2,498,439,"[false, false, false]",360,2,1,Starfield Stage - 2
20019,2025-10-10T11:20:29.727125,0.009,792.5,444.5,1.551995123620699,True,False,False,False,3,2,0,5,2,2,500,439,"[false, false, false]",360,2,1,Starfield Stage - 2
20027,2025-10-10T11:20:29.735623,0.009,795.0,444.5,1.5654960230727626,True,False,False,False,3,2,0,5,2,2,512,443,"[false, false, false]",360,2,1,Starfield Stage - 2
20036,2025-10-10T11:20:29.744926,0.009,797.5,444.5,1.579903543122013,True,False,False,False,3,2,0,5,2,1,523,447,"[false, false, false]",360,2,1,Starfield Stage - 2
20081,2025-10-10T11:20:29.789735,0.008,800.0,444.5,1.6069023018644644,True,False,False,False,2,2,0,5,2,1,537,454,"[false, false, false]",380,2,1,Starfield Stage - 2
20083,2025-10-10T11:20:29.791800,0.039,802.5,444.5,1.6413859166137703,True,False,False,False,2,2,0,5,2,1,555,462,"[false, false, false]",380,2,1,Starfield Stage - 2
20092,2025-10-10T11:20:29.800387,0.008,805.0,444.5,2.3649406228593226,True,False,False,False,2,2,0,5,2,1,720,531,"[false, false, false]",380,2,1,Starfield Stage - 2
20100,2025-10-10T11:20:29.808569,0.008,805.0,444.5,2.7888328398883795,True,True,False,False,2,2,0,5,2,1,768,545,"[false, false, false]",380,2,1,Starfield Stage - 2
20110,2025-10-10T11:20:29.818388,0.009,805.0,444.5,-3.0371703636120477,True,True,False,False,2,3,0,5,2,1,817,559,"[false, false, false]",380,2,1,Starfield Stage - 2
20117,2025-10-10T11:20:29.825585,0.009,805.0,444.5,-2.6983824502025437,True,True,False,False,2,3,0,5,2,1,866,573,"[false, false, false]",380,2,1,Starfield Stage - 2
20127,2025-10-10T11:20:29.835151,0.009,805.0,444.5,-2.4896647779727314,True,True,False,False,2,3,0,5,2,1,913,586,"[false, false, false]",380,2,1,Starfield Stage - 2
20135,2025-10-10T11:20:29.843583,0.008,805.0,444.5,-2.3513322918795567,True,True,False,False,2,3,0,5,2,1,960,598,"[false, false, false]",380,2,1,Starfield Stage - 2
20143,2025-10-10T11:20:29.851637,0.008,802.5,444.5,-2.2470410272834673,False,True,False,False,2,3,0,5,2,1,1005,607,"[false, false, false]",380,2,1,Starfield Stage - 2
20151,2025-10-10T11:20:29.859037,0.008,800.0,444.5,-2.1749712725756,False,True,False,False,2,3,0,5,2,1,1047,615,"[false, false, false]",380,2,1,Starfield Stage - 2
20160,2025-10-10T11:20:29.868341,0.009,797.5,444.5,-2.118853153111876,False,True,False,False,2,3,0,5,2,1,1085,620,"[false, false, false]",380,2,1,Starfield Stage - 2
20168,2025-10-10T11:20:29.876771,0.009,795.0,444.5,-2.078026254500973,False,True,False,False,3,3,0,5,2,1,1118,624,"[true, false, false]",380,2,1,Starfield Stage - 2
20178,2025-10-10T11:20:29.886725,0.009,792.5,444.5,-2.0496027970245927,False,True,False,False,3,3,0,5,2,1,1146,628,"[true, false, false]",380,2,1,Starfield Stage - 2
20187,2025-10-10T11:20:29.895354,0.009,790.0,444.5,-2.0302133951963657,False,True,False,False,3,3,0,5,2,1,1169,632,"[true, false, false]",380,2,1,Starfield Stage - 2
20237,2025-10-10T11:20:29.945485,0.008,787.5,444.5,-2.0143190144995358,False,True,False,False,2,3,0,5,2,1,1199,640,"[true, false, false]",410,2,1,Starfield Stage - 2
20240,2025-10-10T11:20:29.948325,0.045,785.0,444.5,-2.0178843195724023,False,True,False,False,0,0,0,0,0,0,1199,643,"[true, false, false]",410,2,2,Starfield Stage - 3
20249,2025-10-10T11:20:29.957042,0.008,782.5,447.0,-2.014562947407197,False,True,False,True,0,0,0,0,0,0,1199,645,"[false, false, false]",410,2,2,Starfield Stage - 3
20256,2025-10-10T11:20:29.964729,0.009,780.0,449.5,-2.001462207732155,False,True,False,True,0,0,0,0,0,0,1199,642,"[false, false, false]",410,2,2,Starfield Stage - 3
20265,2025-10-10T11:20:29.973265,0.008,777.5,452.0,-1.9852633528042902,False,True,False,True,0,0,0,0,0,0,1198,637,"[false, false, false]",410,2,2,Starfield Stage - 3
20273,2025-10-10T11:20:29.981753,0.009,775.0,454.5,-1.9666013878455404,False,True,False,True,0,0,0,0,0,0,1195,630,"[false, false, false]",410,2,2,Starfield Stage - 3
20283,2025-10-10T11:20:29.991019,0.009,772.5,457.0,-1.9488401601470515,False,True,False,True,0,0,0,0,0,0,1193,624,"[false, false, false]",410,2,2,Starfield Stage - 3
20291,2025-10-10T11:20:29.999485,0.009,770.0,459.5,-1.921191325894179,False,True,False,True,0,0,0,0,0,0,1190,613,"[false, false, false]",410,2,2,Starfield Stage - 3
20299,2025-10-10T11:20:30.007918,0.008,767.5,462.0,-1.9071003442068817,False,True,False,True,0,0,0,0,0,0,1188,609,"[false, false, false]",410,2,2,Starfield Stage - 3
20308,2025-10-10T11:20:30.016528,0.009,765.0,464.5,-1.8900566693343235,False,True,False,True,0,0,0,0,0,0,1187,604,"[false, false, false]",410,2,2,Starfield Stage - 3
20316,2025-10-10T11:20:30.024476,0.008,762.5,467.0,-1.8757687342250322,False,True,False,True,0,0,0,0,0,0,1185,600,"[false, false, false]",410,2,2,Starfield Stage - 3
20325,2025-10-10T11:20:30.033460,0.009,760.0,469.5,-1.8576814757518763,False,True,False,True,0,0,0,0,0,0,1182,594,"[false, false, false]",410,2,2,Starfield Stage - 3
20334,2025-10-10T11:20:30.042575,0.009,757.5,472.0,-1.838749905681969,False,True,False,True,0,0,0,0,0,0,1180,588,"[false, false, false]",410,2,2,Starfield Stage - 3
20343,2025-10-10T11:20:30.051659,0.009,755.0,474.5,-1.823027303496642,False,True,False,True,0,0,0,0,0,0,1176,583,"[false, false, false]",410,2,2,Starfield Stage - 3
20352,2025-10-10T11:20:30.060812,0.009,752.5,477.0,-1.807062450402424,False,True,False,True,0,0,0,0,0,0,1172,578,"[false, false, false]",410,2,2,Starfield Stage - 3
20362,2025-10-10T11:20:30.070360,0.009,750.0,479.5,-1.791881955829746,False,True,False,True,0,0,0,0,0,0,1166,573,"[false, false, false]",410,2,2,Starfield Stage - 3
20370,2025-10-10T11:20:30.078301,0.008,747.5,479.5,-1.7821379838267928,False,True,False,False,0,0,0,0,0,0,1160,568,"[false, false, false]",410,2,2,Starfield Stage - 3
20379,2025-10-10T11:20:30.087549,0.01,745.0,479.5,-1.7755048018097939,False,True,False,False,1,0,0,0,0,0,1152,564,"[true, false, false]",410,2,2,Starfield Stage - 3
20388,2025-10-10T11:20:30.096656,0.009,742.5,479.5,-1.7641978988956746,False,True,False,False,0,0,0,0,0,0,1128,555,"[true, false, false]",410,2,2,Starfield Stage - 3
20397,2025-10-10T11:20:30.105556,0.008,740.0,479.5,-1.7571127213268243,False,True,False,False,0,0,0,0,0,0,1114,550,"[true, false, false]",410,2,2,Starfield Stage - 3
20406,2025-10-10T11:20:30.114312,0.009,737.5,479.5,-1.7500411839358119,False,True,False,False,0,0,0,0,0,0,1099,545,"[true, false, false]",410,2,2,Starfield Stage - 3
20414,2025-10-10T11:20:30.122557,0.009,735.0,479.5,-1.7391864839424265,False,True,False,False,0,0,0,0,0,0,1085,539,"[true, false, false]",410,2,2,Starfield Stage - 3
20423,2025-10-10T11:20:30.131902,0.009,732.5,479.5,-1.7304307949352493,False,True,False,False,0,0,0,0,0,0,1071,534,"[true, false, false]",410,2,2,Starfield Stage - 3
20433,2025-10-10T11:20:30.141138,0.009,730.0,479.5,-1.721485777598088,False,True,False,False,0,0,0,0,0,0,1056,529,"[false, false, false]",410,2,2,Starfield Stage - 3
20441,2025-10-10T11:20:30.149615,0.009,727.5,479.5,-1.7046971058078457,False,True,False,False,0,0,0,0,0,0,1043,522,"[false, false, false]",410,2,2,Starfield Stage - 3
20450,2025-10-10T11:20:30.158657,0.009,725.0,479.5,-1.6891333398294994,False,True,False,False,0,0,0,0,0,0,1032,516,"[false, false, false]",410,2,2,Starfield Stage - 3
20459,2025-10-10T11:20:30.167254,0.008,722.5,479.5,-1.6663031920940226,False,True,False,False,0,0,0,0,0,0,1020,508,"[false, false, false]",410,2,2,Starfield Stage - 3
20467,2025-10-10T11:20:30.175269,0.008,720.0,479.5,-1.6631256615264955,False,True,False,False,0,0,0,0,0,0,1017,507,"[false, false, false]",410,2,2,Starfield Stage - 3
20474,2025-10-10T11:20:30.182822,0.008,717.5,479.5,-1.6626643076392578,False,True,False,False,0,0,0,0,0,0,1016,507,"[false, false, false]",410,2,2,Starfield Stage - 3
20483,2025-10-10T11:20:30.191372,0.008,715.0,479.5,-1.6619055175448594,False,True,False,False,0,0,0,0,0,0,1016,507,"[false, false, false]",410,2,2,Starfield Stage - 3
20491,2025-10-10T11:20:30.199045,0.008,712.5,479.5,-1.6611591254719995,False,True,False,False,0,0,0,0,0,0,1016,507,"[false, false, false]",410,2,2,Starfield Stage - 3
20499,2025-10-10T11:20:30.207633,0.009,710.0,477.0,-1.6685232341536154,False,True,True,False,0,0,0,0,0,0,1016,507,"[false, false, false]",410,2,2,Starfield Stage - 3
20508,2025-10-10T11:20:30.216113,0.008,707.5,474.5,-1.675757632351894,False,True,True,False,0,0,0,0,0,0,1016,507,"[false, false, false]",410,2,2,Starfield Stage - 3
20517,2025-10-10T11:20:30.225611,0.01,705.0,472.0,-1.6796886362820727,False,True,True,False,0,0,0,0,0,0,1016,506,"[false, false, false]",410,2,2,Starfield Stage - 3
20526,2025-10-10T11:20:30.234736,0.009,702.5,469.5,-1.686701925250957,False,True,True,False,0,0,0,0,0,0,1016,506,"[false, false, false]",410,2,2,Starfield Stage - 3
20535,2025-10-10T11:20:30.243421,0.008,700.0,467.0,-1.6904748160723415,False,True,True,False,1,0,0,0,0,0,1016,505,"[true, false, false]",410,2,2,Starfield Stage - 3
20542,2025-10-10T11:20:30.250743,0.008,697.5,464.5,-1.6972761008367594,False,True,True,False,0,0,0,0,0,0,1016,505,"[true, false, false]",410,2,2,Starfield Stage - 3
20551,2025-10-10T11:20:30.259724,0.009,695.0,462.0,-1.706601202635828,False,True,True,False,0,0,0,0,0,0,1017,506,"[true, false, false]",410,2,2,Starfield Stage - 3
20560,2025-10-10T11:20:30.268561,0.008,692.5,459.5,-1.715265171699868,False,True,True,False,0,0,0,0,0,0,1019,507,"[true, false, false]",410,2,2,Starfield Stage - 3
20568,2025-10-10T11:20:30.276363,0.008,690.0,457.0,-1.7236726699422211,False,True,True,False,0,0,0,0,0,0,1021,508,"[true, false, false]",410,2,2,Starfield Stage - 3
20577,2025-10-10T11:20:30.285214,0.009,687.5,454.5,-1.7323068926837741,False,True,True,False,0,0,0,0,0,0,1022,509,"[true, false, false]",410,2,2,Starfield Stage - 3
20584,2025-10-10T11:20:30.292690,0.008,685.0,452.0,-1.736898747363354,False,True,True,False,0,0,0,0,0,0,1025,509,"[true, false, false]",410,2,2,Starfield Stage - 3
20593,2025-10-10T11:20:30.301334,0.008,682.5,449.5,-1.7423113412118325,False,True,True,False,0,0,0,0,0,0,1026,509,"[true, false, false]",410,2,2,Starfield Stage - 3
20601,2025-10-10T11:20:30.309370,0.008,680.0,447.0,-1.7476049235388496,False,True,True,False,0,0,0,0,0,0,1027,509,"[true, false, false]",410,2,2,Starfield Stage - 3
20609,2025-10-10T11:20:30.317511,0.008,677.5,447.0,-1.7491386830455313,False,True,False,False,0,0,0,0,0,0,1027,510,"[false, false, false]",410,2,2,Starfield Stage - 3
20617,2025-10-10T11:20:30.325255,0.008,675.0,447.0,-1.7478984578421999,False,True,False,False,0,0,0,0,0,0,1027,510,"[false, false, false]",410,2,2,Starfield Stage - 3
20625,2025-10-10T11:20:30.333487,0.008,672.5,447.0,-1.749408362296555,False,True,False,False,0,0,0,0,0,0,1027,511,"[false, false, false]",410,2,2,Starfield Stage - 3
20632,2025-10-10T11:20:30.340810,0.008,672.5,447.0,-1.749408362296555,True,True,False,False,0,0,0,0,0,0,1027,511,"[false, false, false]",410,2,2,Starfield Stage - 3
20641,2025-10-10T11:20:30.349313,0.008,672.5,447.0,-1.749408362296555,True,True,False,False,0,0,0,0,0,0,1027,511,"[false, false, false]",410,2,2,Starfield Stage - 3
20649,2025-10-10T11:20:30.357239,0.008,672.5,447.0,-1.749408362296555,True,True,False,False,0,0,0,0,0,0,1027,511,"[false, false, false]",410,2,2,Starfield Stage - 3
20657,2025-10-10T11:20:30.365425,0.008,675.0,447.0,-1.750649826587375,True,False,False,False,0,0,0,0,0,0,1027,511,"[false, false, false]",410,2,2,Starfield Stage - 3
20666,2025-10-10T11:20:30.373978,0.009,677.5,447.0,-1.7519084791637514,True,False,False,False,0,0,0,0,0,0,1027,511,"[false, false, false]",410,2,2,Starfield Stage - 3
20674,2025-10-10T11:20:30.382518,0.009,680.0,447.0,-1.7531846754040532,True,False,False,False,0,0,0,0,0,0,1027,511,"[false, false, false]",410,2,2,Starfield Stage - 3
20683,2025-10-10T11:20:30.391804,0.009,682.5,447.0,-1.751671407128429,True,False,False,False,0,0,0,0,0,0,1027,510,"[false, false, false]",410,2,2,Starfield Stage - 3
20693,2025-10-10T11:20:30.401173,0.009,685.0,447.0,-1.741629452692661,True,False,False,False,0,0,0,0,0,0,1027,506,"[false, false, false]",410,2,2,Starfield Stage - 3
20701,2025-10-10T11:20:30.409723,0.009,687.5,447.0,-1.728532418791489,True,False,False,False,0,0,0,0,0,0,1027,501,"[false, false, false]",410,2,2,Starfield Stage - 3
20710,2025-10-10T11:20:30.418951,0.009,690.0,447.0,-1.7122779264998227,True,False,False,False,0,0,0,0,0,0,1027,495,"[false, false, false]",410,2,2,Starfield Stage - 3
20720,2025-10-10T11:20:30.428490,0.009,692.5,447.0,-1.6927589814080795,True,False,False,False,0,0,0,0,0,0,1027,488,"[false, false, false]",410,2,2,Starfield Stage - 3
20728,2025-10-10T11:20:30.436851,0.009,695.0,447.0,-1.6707659121689395,True,False,False,False,0,0,0,0,0,0,1024,480,"[false, false, false]",410,2,2,Starfield Stage - 3
20738,2025-10-10T11:20:30.446506,0.009,697.5,447.0,-1.6514916315321482,True,False,False,False,0,0,0,0,0,0,1019,473,"[false, false, false]",410,2,2,Starfield Stage - 3
20746,2025-10-10T11:20:30.454538,0.009,700.0,447.0,-1.6068462756193398,True,False,False,False,0,0,0,0,0,0,1005,458,"[false, false, false]",410,2,2,Starfield Stage - 3
20755,2025-10-10T11:20:30.463457,0.008,702.5,447.0,-1.5843778346177688,True,False,False,False,0,0,0,0,0,0,997,451,"[false, false, false]",410,2,2,Starfield Stage - 3
20763,2025-10-10T11:20:30.471560,0.009,705.0,447.0,-1.5601584302193552,True,False,False,False,0,0,0,0,0,0,987,444,"[false, false, false]",410,2,2,Starfield Stage - 3
20772,2025-10-10T11:20:30.480130,0.008,707.5,447.0,-1.5338445776399412,True,False,False,False,0,0,0,0,0,0,978,437,"[false, false, false]",410,2,2,Starfield Stage - 3
20780,2025-10-10T11:20:30.488765,0.009,707.5,447.0,-1.501808093867712,True,True,False,False,0,0,0,0,0,0,968,429,"[false, false, false]",410,2,2,Starfield Stage - 3
20790,2025-10-10T11:20:30.498535,0.009,707.5,447.0,-1.4665478576582578,True,True,False,False,0,0,0,0,0,0,956,421,"[false, false, false]",410,2,2,Starfield Stage - 3
20798,2025-10-10T11:20:30.506279,0.008,707.5,447.0,-1.4321565896607384,True,True,False,False,0,0,0,0,0,0,944,414,"[false, false, false]",410,2,2,Starfield Stage - 3
20806,2025-10-10T11:20:30.514366,0.008,707.5,447.0,-1.398793499862562,True,True,False,False,0,0,0,0,0,0,932,408,"[false, false, false]",410,2,2,Starfield Stage - 3
20814,2025-10-10T11:20:30.522541,0.008,707.5,447.0,-1.3556511518885181,True,True,False,False,0,0,0,0,0,0,918,401,"[false, false, false]",410,2,2,Starfield Stage - 3
20821,2025-10-10T11:20:30.529870,0.008,705.0,447.0,-1.3152048545851163,False,True,False,False,0,0,0,0,0,0,904,395,"[false, false, false]",410,2,2,Starfield Stage - 3
20830,2025-10-10T11:20:30.538819,0.009,702.5,447.0,-1.2610933822524404,False,True,False,False,0,0,0,0,0,0,890,387,"[false, false, false]",410,2,2,Starfield Stage - 3
20839,2025-10-10T11:20:30.547288,0.008,700.0,447.0,-1.200180823965314,False,True,False,False,0,0,0,0,0,0,875,379,"[false, false, false]",410,2,2,Starfield Stage - 3
20847,2025-10-10T11:20:30.555613,0.008,697.5,447.0,-1.1356769560883606,False,True,False,False,0,0,0,0,0,0,861,371,"[false, false, false]",410,2,2,Starfield Stage - 3
20855,2025-10-10T11:20:30.563251,0.008,695.0,449.5,-1.0555815718512542,False,True,False,True,0,0,0,0,0,0,846,364,"[false, false, false]",410,2,2,Starfield Stage - 3
20863,2025-10-10T11:20:30.571715,0.009,692.5,452.0,-0.9695822706495235,False,True,False,True,0,0,0,0,0,0,831,357,"[false, false, false]",410,2,2,Starfield Stage - 3
20873,2025-10-10T11:20:30.581160,0.009,690.0,454.5,-0.8993729079454694,False,True,False,True,0,0,0,0,0,0,819,352,"[false, false, false]",410,2,2,Starfield Stage - 3
20881,2025-10-10T11:20:30.589547,0.009,687.5,457.0,-0.817784244050066,False,True,False,True,0,0,0,0,0,0,807,345,"[false, false, false]",410,2,2,Starfield Stage - 3
20890,2025-10-10T11:20:30.598616,0.009,685.0,459.5,-0.7488552985213279,False,True,False,True,0,0,0,0,0,0,797,339,"[false, false, false]",410,2,2,Starfield Stage - 3
20900,2025-10-10T11:20:30.608217,0.009,682.5,462.0,-0.625485040239229,False,True,False,True,0,0,0,0,0,0,780,327,"[false, false, false]",410,2,2,Starfield Stage - 3
20908,2025-10-10T11:20:30.616492,0.008,680.0,464.5,-0.5896432911648186,False,True,False,True,0,0,0,0,0,0,774,324,"[false, false, false]",410,2,2,Starfield Stage - 3
20916,2025-10-10T11:20:30.624476,0.008,677.5,467.0,-0.5518447358469526,False,True,False,True,0,0,0,0,0,0,768,320,"[false, false, false]",410,2,2,Starfield Stage - 3
20924,2025-10-10T11:20:30.632559,0.009,675.0,469.5,-0.531146950023787,False,True,False,True,0,0,0,0,0,0,764,318,"[false, false, false]",410,2,2,Starfield Stage - 3
20934,2025-10-10T11:20:30.642136,0.009,672.5,472.0,-0.5111712486398742,False,True,False,True,0,0,0,0,0,0,760,316,"[false, false, false]",410,2,2,Starfield Stage - 3
20941,2025-10-10T11:20:30.649885,0.008,670.0,474.5,-0.4918956213550116,False,True,False,True,0,0,0,0,0,0,756,314,"[false, false, false]",410,2,2,Starfield Stage - 3
20950,2025-10-10T11:20:30.658572,0.008,667.5,477.0,-0.4901155541005091,False,True,False,True,0,0,0,0,0,0,755,313,"[false, false, false]",410,2,2,Starfield Stage - 3
20958,2025-10-10T11:20:30.666395,0.008,665.0,479.5,-0.4884066994921858,False,True,False,True,0,0,0,0,0,0,754,312,"[false, false, false]",410,2,2,Starfield Stage - 3
20966,2025-10-10T11:20:30.674326,0.008,665.0,482.0,-0.47527499195719,True,True,False,True,0,0,0,0,0,0,753,311,"[false, false, false]",410,2,2,Starfield Stage - 3
20974,2025-10-10T11:20:30.682702,0.009,665.0,484.5,-0.4693946721640097,True,True,False,True,0,0,0,0,0,0,753,311,"[false, false, false]",410,2,2,Starfield Stage - 3
20984,2025-10-10T11:20:30.692100,0.009,665.0,487.0,-0.4636476090008061,True,True,False,True,0,0,0,0,0,0,753,311,"[false, false, false]",410,2,2,Starfield Stage - 3
20993,2025-10-10T11:20:30.701003,0.009,665.0,489.5,-0.45802969057585075,True,True,False,True,0,0,0,0,0,0,753,311,"[false, false, false]",410,2,2,Starfield Stage - 3
21001,2025-10-10T11:20:30.709899,0.009,667.5,489.5,-0.43997672097723883,True,False,False,False,0,0,0,0,0,0,752,310,"[false, false, false]",410,2,2,Starfield Stage - 3
21010,2025-10-10T11:20:30.718246,0.008,670.0,489.5,-0.4171957879002707,True,False,False,False,0,0,0,0,0,0,750,309,"[false, false, false]",410,2,2,Starfield Stage - 3
21017,2025-10-10T11:20:30.725816,0.008,672.5,489.5,-0.39616717544612756,True,False,False,False,0,0,0,0,0,0,748,309,"[false, false, false]",410,2,2,Starfield Stage - 3
21027,2025-10-10T11:20:30.735417,0.009,675.0,489.5,-0.38432133237684074,True,False,False,False,0,0,0,0,0,0,748,309,"[false, false, false]",410,2,2,Starfield Stage - 3
21035,2025-10-10T11:20:30.743397,0.008,677.5,489.5,-0.3512019380219261,True,False,False,False,0,0,0,0,0,0,744,308,"[false, false, false]",410,2,2,Starfield Stage - 3
21044,2025-10-10T11:20:30.751966,0.009,680.0,489.5,-0.3225722468986475,True,False,False,False,0,0,0,0,0,0,741,307,"[false, false, false]",410,2,2,Starfield Stage - 3
21052,2025-10-10T11:20:30.760644,0.009,682.5,489.5,-0.2937051044542102,True,False,False,False,0,0,0,0,0,0,738,306,"[false, false, false]",410,2,2,Starfield Stage - 3
21061,2025-10-10T11:20:30.769925,0.009,685.0,489.5,-0.2595900755755118,True,False,False,False,0,0,0,0,0,0,734,305,"[false, false, false]",410,2,2,Starfield Stage - 3
21070,2025-10-10T11:20:30.778272,0.008,687.5,489.5,-0.22009547842981672,True,False,False,False,0,0,0,0,0,0,729,304,"[false, false, false]",410,2,2,Starfield Stage - 3
21078,2025-10-10T11:20:30.786435,0.008,690.0,489.5,-0.16992709456401037,True,False,False,False,0,0,0,0,0,0,722,303,"[false, false, false]",410,2,2,Starfield Stage - 3
21086,2025-10-10T11:20:30.794423,0.008,692.5,489.5,-0.11416803179320363,True,False,False,False,0,0,0,0,0,0,714,302,"[false, false, false]",410,2,2,Starfield Stage - 3
21094,2025-10-10T11:20:30.802084,0.008,695.0,489.5,-0.05328285155969236,True,False,False,False,0,0,0,0,0,0,705,302,"[false, false, false]",410,2,2,Starfield Stage - 3
21101,2025-10-10T11:20:30.809708,0.008,697.5,489.5,0.007999829339886634,True,False,False,False,0,0,0,0,0,0,696,302,"[false, false, false]",410,2,2,Starfield Stage - 3
21110,2025-10-10T11:20:30.818883,0.009,700.0,489.5,0.0692225549934879,True,False,False,False,0,0,0,0,0,0,687,302,"[false, false, false]",410,2,2,Starfield Stage - 3
21119,2025-10-10T11:20:30.827459,0.008,702.5,489.5,0.1260133678191758,True,False,False,False,0,0,0,0,0,0,679,304,"[false, false, false]",410,2,2,Starfield Stage - 3
21127,2025-10-10T11:20:30.835275,0.008,702.5,489.5,0.16559292438673473,True,True,False,False,0,0,0,0,0,0,672,307,"[false, false, false]",410,2,2,Starfield Stage - 3
21135,2025-10-10T11:20:30.843298,0.008,702.5,489.5,0.19631797406007875,True,True,False,False,0,0,0,0,0,0,667,311,"[false, false, false]",410,2,2,Starfield Stage - 3
21143,2025-10-10T11:20:30.851470,0.008,702.5,489.5,0.2226095135343275,True,True,False,False,0,0,0,0,0,0,663,315,"[false, false, false]",410,2,2,Starfield Stage - 3
21151,2025-10-10T11:20:30.859446,0.008,702.5,489.5,0.251215588492064,True,True,False,False,0,0,0,0,0,0,659,320,"[false, false, false]",410,2,2,Starfield Stage - 3
21159,2025-10-10T11:20:30.867243,0.008,702.5,489.5,0.26984915593846925,True,True,False,False,0,0,0,0,0,0,657,325,"[false, false, false]",410,2,2,Starfield Stage - 3
21168,2025-10-10T11:20:30.876699,0.009,702.5,489.5,0.29694648217911906,True,True,False,False,0,0,0,0,0,0,654,331,"[false, false, false]",410,2,2,Starfield Stage - 3
21176,2025-10-10T11:20:30.884165,0.008,700.0,489.5,0.2971249915301736,False,True,False,False,0,0,0,0,0,0,653,336,"[false, false, false]",410,2,2,Starfield Stage - 3
21183,2025-10-10T11:20:30.891890,0.008,697.5,489.5,0.29489750658050495,False,True,False,False,0,0,0,0,0,0,653,343,"[false, false, false]",410,2,2,Starfield Stage - 3
21192,2025-10-10T11:20:30.900274,0.008,695.0,489.5,0.2839307585652253,False,True,False,False,0,0,0,0,0,0,654,349,"[false, false, false]",410,2,2,Starfield Stage - 3
21200,2025-10-10T11:20:30.908377,0.008,692.5,489.5,0.261776375711402,False,True,False,False,0,0,0,0,0,0,657,357,"[false, false, false]",410,2,2,Starfield Stage - 3
21208,2025-10-10T11:20:30.915964,0.008,690.0,489.5,0.2247111684146427,False,True,False,False,0,0,0,0,0,0,662,367,"[false, false, false]",410,2,2,Starfield Stage - 3
21217,2025-10-10T11:20:30.925539,0.009,687.5,489.5,0.15568064278845556,False,True,False,False,0,0,0,0,0,0,670,378,"[false, false, false]",410,2,2,Starfield Stage - 3
21225,2025-10-10T11:20:30.933482,0.008,685.0,489.5,0.04058683624758654,False,True,False,False,0,0,0,0,0,0,681,391,"[false, false, false]",410,2,2,Starfield Stage - 3
21233,2025-10-10T11:20:30.941827,0.009,682.5,489.5,-0.14517036533567423,False,True,False,False,0,0,0,0,0,0,695,404,"[false, false, false]",410,2,2,Starfield Stage - 3
21243,2025-10-10T11:20:30.951158,0.009,680.0,489.5,-0.397271273344632,False,True,False,False,0,0,0,0,0,0,710,418,"[false, false, false]",410,2,2,Starfield Stage - 3
21250,2025-10-10T11:20:30.958543,0.008,677.5,489.5,-1.0281346778152187,False,True,False,False,0,0,0,0,0,0,743,450,"[false, false, false]",410,2,2,Starfield Stage - 3
21260,2025-10-10T11:20:30.968028,0.009,675.0,489.5,-1.3090828243936916,False,True,False,False,0,0,0,0,0,0,759,467,"[false, false, false]",410,2,2,Starfield Stage - 3
21268,2025-10-10T11:20:30.976416,0.008,672.5,489.5,-1.5171892000017428,False,True,False,False,0,0,0,0,0,0,775,484,"[false, false, false]",410,2,2,Starfield Stage - 3
21276,2025-10-10T11:20:30.984446,0.008,670.0,489.5,-1.675454542868951,False,True,False,False,0,0,0,0,0,0,789,502,"[false, false, false]",410,2,2,Starfield Stage - 3
21284,2025-10-10T11:20:30.992446,0.008,667.5,489.5,-1.7882752692638835,False,True,False,False,0,0,0,0,0,0,801,519,"[false, false, false]",410,2,2,Starfield Stage - 3
21292,2025-10-10T11:20:31.000745,0.009,665.0,489.5,-1.8768413663603996,False,True,False,False,0,0,0,0,0,0,809,535,"[false, false, false]",410,2,2,Starfield Stage - 3
21301,2025-10-10T11:20:31.009283,0.008,662.5,489.5,-1.956413391949548,False,True,False,False,0,0,0,0,0,0,814,551,"[false, false, false]",410,2,2,Starfield Stage - 3
21309,2025-10-10T11:20:31.017592,0.008,660.0,489.5,-2.0267220815544413,False,True,False,False,0,0,0,0,0,0,816,566,"[false, false, false]",410,2,2,Starfield Stage - 3
21317,2025-10-10T11:20:31.025527,0.008,657.5,487.0,-2.1014167940051194,False,True,True,False,0,0,0,0,0,0,816,580,"[false, false, false]",410,2,2,Starfield Stage - 3
21325,2025-10-10T11:20:31.033619,0.009,655.0,484.5,-2.182811781120583,False,True,True,False,0,0,0,0,0,0,811,594,"[false, false, false]",410,2,2,Starfield Stage - 3
21335,2025-10-10T11:20:31.043177,0.009,652.5,482.0,-2.2711010157022256,False,True,True,False,0,0,0,0,0,0,802,608,"[false, false, false]",410,2,2,Starfield Stage - 3
21343,2025-10-10T11:20:31.051415,0.008,650.0,479.5,-2.3685395420365696,False,True,True,False,0,0,0,0,0,0,790,623,"[false, false, false]",410,2,2,Starfield Stage - 3
21351,2025-10-10T11:20:31.059833,0.009,647.5,477.0,-2.464949126142897,False,True,True,False,0,0,0,0,0,0,776,637,"[false, false, false]",410,2,2,Starfield Stage - 3
21360,2025-10-10T11:20:31.068958,0.009,645.0,474.5,-2.557545204105166,False,True,True,False,0,0,0,0,0,0,761,650,"[false, false, false]",410,2,2,Starfield Stage - 3
21370,2025-10-10T11:20:31.078359,0.009,642.5,472.0,-2.6613318275813462,False,True,True,False,0,0,0,0,0,0,742,663,"[false, false, false]",410,2,2,Starfield Stage - 3
21378,2025-10-10T11:20:31.086497,0.009,640.0,469.5,-2.8982677927037988,False,True,True,False,0,0,0,0,0,0,693,683,"[false, false, false]",410,2,2,Starfield Stage - 3
21387,2025-10-10T11:20:31.095500,0.009,637.5,467.0,-3.0321660495647946,False,True,True,False,0,0,0,0,0,0,662,690,"[false, false, false]",410,2,2,Starfield Stage - 3
21397,2025-10-10T11:20:31.105220,0.009,635.0,464.5,3.1199040809862764,False,True,True,False,0,0,0,0,0,0,630,695,"[false, false, false]",410,2,2,Starfield Stage - 3
21405,2025-10-10T11:20:31.113227,0.008,632.5,462.0,2.9840117711552985,False,True,True,False,0,0,0,0,0,0,595,698,"[false, false, false]",410,2,2,Starfield Stage - 3
21413,2025-10-10T11:20:31.121820,0.009,630.0,459.5,2.859973504702548,False,True,True,False,0,0,0,0,0,0,561,698,"[false, false, false]",410,2,2,Starfield Stage - 3
21422,2025-10-10T11:20:31.130403,0.008,627.5,457.0,2.739987833975249,False,True,True,False,0,0,0,0,0,0,526,696,"[false, false, false]",410,2,2,Starfield Stage - 3
21431,2025-10-10T11:20:31.139453,0.009,627.5,454.5,2.6213088834063196,False,False,True,False,0,0,0,0,0,0,492,691,"[false, false, false]",410,2,2,Starfield Stage - 3
21439,2025-10-10T11:20:31.147343,0.008,627.5,452.0,2.513437392727584,False,False,True,False,0,0,0,0,0,0,459,684,"[false, false, false]",410,2,2,Starfield Stage - 3
21447,2025-10-10T11:20:31.155475,0.008,627.5,449.5,2.421981770166248,False,False,True,False,0,0,0,0,0,0,429,676,"[false, false, false]",410,2,2,Starfield Stage - 3
21456,2025-10-10T11:20:31.164017,0.009,630.0,447.0,2.3361526306392784,True,False,True,False,0,0,0,0,0,0,401,667,"[false, false, false]",410,2,2,Starfield Stage - 3
21464,2025-10-10T11:20:31.172584,0.009,632.5,444.5,2.2556760397328115,True,False,True,False,0,0,0,0,0,0,376,654,"[false, false, false]",410,2,2,Starfield Stage - 3
21473,2025-10-10T11:20:31.181792,0.009,635.0,444.5,2.16976518447031,True,False,False,False,0,0,0,0,0,0,353,637,"[false, false, false]",410,2,2,Starfield Stage - 3
21482,2025-10-10T11:20:31.190178,0.008,637.5,444.5,2.073203916367526,True,False,False,False,0,0,0,0,0,0,329,614,"[false, false, false]",410,2,2,Starfield Stage - 3
21490,2025-10-10T11:20:31.198744,0.009,640.0,444.5,1.8789690910204488,True,False,False,False,0,0,0,0,0,0,296,554,"[false, false, false]",410,2,2,Starfield Stage - 3
21499,2025-10-10T11:20:31.207286,0.008,642.5,444.5,1.7789268473165756,True,False,False,False,0,0,0,0,0,0,285,520,"[false, false, false]",410,2,2,Starfield Stage - 3
21507,2025-10-10T11:20:31.215276,0.008,645.0,444.5,1.6785959831794977,True,False,False,False,0,0,0,0,0,0,280,484,"[false, false, false]",410,2,2,Starfield Stage - 3
21515,2025-10-10T11:20:31.223607,0.009,647.5,444.5,1.5857611959753117,True,False,False,False,0,0,0,0,0,0,280,450,"[false, false, false]",410,2,2,Starfield Stage - 3
21525,2025-10-10T11:20:31.233189,0.009,650.0,444.5,1.495595937636371,True,False,False,False,0,0,0,0,0,0,285,417,"[false, false, false]",410,2,2,Starfield Stage - 3
21533,2025-10-10T11:20:31.241584,0.009,652.5,444.5,1.4113229573462371,True,False,False,False,0,0,0,0,0,0,295,387,"[false, false, false]",410,2,2,Starfield Stage - 3
21543,2025-10-10T11:20:31.251019,0.009,655.0,444.5,1.3299258226861912,True,False,False,False,0,0,0,0,0,0,311,360,"[false, false, false]",410,2,2,Starfield Stage - 3
21552,2025-10-10T11:20:31.260206,0.009,657.5,444.5,1.2536328961876517,True,False,False,False,0,0,0,0,0,0,330,337,"[false, false, false]",410,2,2,Starfield Stage - 3
21559,2025-10-10T11:20:31.267853,0.008,660.0,442.0,1.1891745011769455,True,False,True,False,0,0,0,0,0,0,351,318,"[false, false, false]",410,2,2,Starfield Stage - 3
21568,2025-10-10T11:20:31.276516,0.008,662.5,439.5,1.1204999975043324,True,False,True,False,0,0,0,0,0,0,376,301,"[false, false, false]",410,2,2,Starfield Stage - 3
21576,2025-10-10T11:20:31.284594,0.008,665.0,437.0,1.0569693113198895,True,False,True,False,0,0,0,0,0,0,401,288,"[false, false, false]",410,2,2,Starfield Stage - 3
21583,2025-10-10T11:20:31.291928,0.008,667.5,434.5,0.9958050371433289,True,False,True,False,0,0,0,0,0,0,426,278,"[false, false, false]",410,2,2,Starfield Stage - 3
21593,2025-10-10T11:20:31.301324,0.009,670.0,432.0,0.9309582052818469,True,False,True,False,0,0,0,0,0,0,451,269,"[false, false, false]",410,2,2,Starfield Stage - 3
21601,2025-10-10T11:20:31.308965,0.008,672.5,429.5,0.8623807140279189,True,False,True,False,0,0,0,0,0,0,477,262,"[false, false, false]",410,2,2,Starfield Stage - 3
21609,2025-10-10T11:20:31.317604,0.009,675.0,427.0,0.7853981633974483,True,False,True,False,0,0,0,0,0,0,504,256,"[false, false, false]",410,2,2,Starfield Stage - 3
21618,2025-10-10T11:20:31.326683,0.009,675.0,424.5,0.692750771715464,False,False,True,False,0,0,0,0,0,0,531,251,"[false, false, false]",410,2,2,Starfield Stage - 3
21627,2025-10-10T11:20:31.335601,0.009,672.5,422.0,0.48412256302497453,False,True,True,False,0,0,0,0,0,0,581,248,"[false, false, false]",410,2,2,Starfield Stage - 3
21636,2025-10-10T11:20:31.344557,0.008,670.0,419.5,0.3773959672364249,False,True,True,False,0,0,0,0,0,0,604,253,"[false, false, false]",410,2,2,Starfield Stage - 3
21644,2025-10-10T11:20:31.352550,0.009,667.5,417.0,0.24799297200798595,False,True,True,False,0,0,0,0,0,0,628,261,"[false, false, false]",410,2,2,Starfield Stage - 3
21654,2025-10-10T11:20:31.362098,0.009,665.0,414.5,0.11339052166894352,False,True,True,False,0,0,0,0,0,0,649,274,"[false, false, false]",410,2,2,Starfield Stage - 3
21662,2025-10-10T11:20:31.370062,0.008,662.5,412.0,-0.03686853182173346,False,True,True,False,0,0,0,0,0,0,667,290,"[false, false, false]",410,2,2,Starfield Stage - 3
21670,2025-10-10T11:20:31.378514,0.008,660.0,409.5,-0.21974363648653017,False,True,True,False,0,0,0,0,0,0,682,311,"[false, false, false]",410,2,2,Starfield Stage - 3
21678,2025-10-10T11:20:31.386642,0.008,657.5,407.0,-0.4636476090008061,False,True,True,False,0,0,0,0,0,0,694,334,"[false, false, false]",410,2,2,Starfield Stage - 3
21686,2025-10-10T11:20:31.394404,0.008,655.0,404.5,-0.790745706006599,False,True,True,False,0,0,0,0,0,0,702,358,"[false, false, false]",410,2,2,Starfield Stage - 3
21694,2025-10-10T11:20:31.402395,0.008,652.5,402.0,-1.24639325872525,False,True,True,False,0,0,0,0,0,0,709,383,"[false, false, false]",410,2,2,Starfield Stage - 3
21702,2025-10-10T11:20:31.410715,0.009,650.0,399.5,-1.7028360884095353,False,True,True,False,0,0,0,0,0,0,714,408,"[false, false, false]",410,2,2,Starfield Stage - 3
21711,2025-10-10T11:20:31.419754,0.009,647.5,397.0,-2.037317491104779,False,True,True,False,0,0,0,0,0,0,717,432,"[false, false, false]",410,2,2,Starfield Stage - 3
21721,2025-10-10T11:20:31.429222,0.009,645.0,394.5,-2.25615778471817,False,True,True,False,0,0,0,0,0,0,719,455,"[false, false, false]",410,2,2,Starfield Stage - 3
21729,2025-10-10T11:20:31.437852,0.009,642.5,392.0,-2.408777551803287,False,True,True,False,0,0,0,0,0,0,719,477,"[false, false, false]",410,2,2,Starfield Stage - 3
21739,2025-10-10T11:20:31.447520,0.009,640.0,389.5,-2.651635327336065,False,True,True,False,0,0,0,0,0,0,708,517,"[false, false, false]",410,2,2,Starfield Stage - 3
21747,2025-10-10T11:20:31.455511,0.008,637.5,387.0,-2.769736579741212,False,True,True,False,0,0,0,0,0,0,696,537,"[false, false, false]",410,2,2,Starfield Stage - 3
21755,2025-10-10T11:20:31.463235,0.008,635.0,384.5,-2.884986607506545,False,True,True,False,0,0,0,0,0,0,680,556,"[false, false, false]",410,2,2,Starfield Stage - 3
21763,2025-10-10T11:20:31.470967,0.008,632.5,382.0,-2.9949837817349723,False,True,True,False,0,0,0,0,0,0,661,575,"[false, false, false]",410,2,2,Starfield Stage - 3
21771,2025-10-10T11:20:31.479618,0.009,630.0,379.5,-3.0992650090278135,False,True,True,False,0,0,0,0,0,0,639,592,"[false, false, false]",410,2,2,Starfield Stage - 3
21781,2025-10-10T11:20:31.488963,0.009,627.5,379.5,3.0779424856171946,False,True,False,False,0,0,0,0,0,0,613,607,"[false, false, false]",410,2,2,Starfield Stage - 3
21790,2025-10-10T11:20:31.498066,0.009,627.5,379.5,2.961922876007263,True,True,False,False,0,0,0,0,0,0,584,619,"[false, false, false]",410,2,2,Starfield Stage - 3
21798,2025-10-10T11:20:31.506680,0.009,627.5,379.5,2.8492094187618218,True,True,False,False,0,0,0,0,0,0,553,627,"[false, false, false]",410,2,2,Starfield Stage - 3
21807,2025-10-10T11:20:31.515793,0.009,630.0,379.5,2.737418055802353,True,False,False,False,0,0,0,0,0,0,522,632,"[false, false, false]",410,2,2,Starfield Stage - 3
21816,2025-10-10T11:20:31.524256,0.008,632.5,379.5,2.634160593506024,True,False,False,False,0,0,0,0,0,0,491,634,"[false, false, false]",410,2,2,Starfield Stage - 3
21824,2025-10-10T11:20:31.532891,0.009,635.0,379.5,2.5392219324341787,True,False,False,False,0,0,0,0,0,0,460,634,"[false, false, false]",410,2,2,Starfield Stage - 3
21833,2025-10-10T11:20:31.541926,0.009,637.5,379.5,2.454560211824714,True,False,False,False,0,0,0,0,0,0,432,630,"[false, false, false]",410,2,2,Starfield Stage - 3
21842,2025-10-10T11:20:31.550291,0.008,640.0,379.5,2.2961241366850316,True,False,False,False,0,0,0,0,0,0,380,610,"[false, false, false]",410,2,2,Starfield Stage - 3
21850,2025-10-10T11:20:31.558401,0.008,642.5,379.5,2.212894911963624,True,False,False,False,0,0,0,0,0,0,357,593,"[false, false, false]",410,2,2,Starfield Stage - 3
21858,2025-10-10T11:20:31.566389,0.008,645.0,379.5,2.1279398271820837,True,False,False,False,0,0,0,0,0,0,336,572,"[false, false, false]",410,2,2,Starfield Stage - 3
21866,2025-10-10T11:20:31.574374,0.008,647.5,379.5,2.039875385100411,True,False,False,False,0,0,0,0,0,0,317,547,"[false, false, false]",410,2,2,Starfield Stage - 3
21874,2025-10-10T11:20:31.582922,0.009,650.0,379.5,1.9495674552770863,True,False,False,False,0,0,0,0,0,0,302,518,"[false, false, false]",410,2,2,Starfield Stage - 3
21883,2025-10-10T11:20:31.591633,0.009,652.5,379.5,1.865685165761076,True,False,False,False,0,0,0,0,0,0,292,489,"[false, false, false]",410,2,2,Starfield Stage - 3
21892,2025-10-10T11:20:31.600779,0.009,655.0,379.5,1.7824433187227207,True,False,False,False,0,0,0,0,0,0,285,459,"[false, false, false]",410,2,2,Starfield Stage - 3
21902,2025-10-10T11:20:31.610418,0.009,657.5,379.5,1.702558593272823,True,False,False,False,0,0,0,0,0,0,284,429,"[false, false, false]",410,2,2,Starfield Stage - 3
21910,2025-10-10T11:20:31.618882,0.009,660.0,379.5,1.631369036681148,True,False,False,False,0,0,0,0,0,0,289,402,"[false, false, false]",410,2,2,Starfield Stage - 3
21920,2025-10-10T11:20:31.628414,0.009,662.5,379.5,1.5638808077182635,True,False,False,False,0,0,0,0,0,0,301,377,"[false, false, false]",410,2,2,Starfield Stage - 3
21928,2025-10-10T11:20:31.636350,0.008,665.0,379.5,1.497229907026663,True,False,False,False,0,0,0,0,0,0,319,354,"[false, false, false]",410,2,2,Starfield Stage - 3
21936,2025-10-10T11:20:31.644470,0.009,667.5,379.5,1.4319113112746835,True,False,False,False,0,0,0,0,0,0,342,334,"[false, false, false]",410,2,2,Starfield Stage - 3
21945,2025-10-10T11:20:31.653375,0.008,670.0,379.5,1.3615309362408732,True,False,False,False,0,0,0,0,0,0,371,316,"[false, false, false]",410,2,2,Starfield Stage - 3
21953,2025-10-10T11:20:31.661823,0.009,672.5,379.5,1.2863587630389246,True,False,False,False,0,0,0,0,0,0,404,301,"[false, false, false]",410,2,2,Starfield Stage - 3
21962,2025-10-10T11:20:31.670505,0.008,675.0,379.5,1.206028035244834,True,False,False,False,0,0,0,0,0,0,438,289,"[false, false, false]",410,2,2,Starfield Stage - 3
21970,2025-10-10T11:20:31.678907,0.009,677.5,379.5,1.015672004146461,True,False,False,False,0,0,0,0,0,0,509,275,"[false, false, false]",410,2,2,Starfield Stage - 3
21980,2025-10-10T11:20:31.688714,0.009,680.0,379.5,0.9028672683090742,True,False,False,False,0,0,0,0,0,0,545,273,"[false, false, false]",410,2,2,Starfield Stage - 3
21988,2025-10-10T11:20:31.696569,0.009,680.0,379.5,0.7442591596415281,True,True,False,False,0,0,0,0,0,0,581,272,"[false, false, false]",410,2,2,Starfield Stage - 3
21997,2025-10-10T11:20:31.705574,0.009,680.0,379.5,0.5564460025648927,True,True,False,False,0,0,0,0,0,0,615,275,"[false, false, false]",410,2,2,Starfield Stage - 3
22007,2025-10-10T11:20:31.715421,0.009,680.0,379.5,0.3141171148791491,True,True,False,False,0,0,0,0,0,0,648,281,"[false, false, false]",410,2,2,Starfield Stage - 3
22015,2025-10-10T11:20:31.723414,0.008,680.0,382.0,0.010988568682733619,True,True,False,True,0,0,0,0,0,0,679,291,"[false, false, false]",410,2,2,Starfield Stage - 3
22023,2025-10-10T11:20:31.731860,0.009,677.5,384.5,-0.34421868298246766,False,True,False,True,0,0,0,0,0,0,706,305,"[false, false, false]",410,2,2,Starfield Stage - 3
22033,2025-10-10T11:20:31.741403,0.009,675.0,387.0,-0.711154711745867,False,True,False,True,0,0,0,0,0,0,731,322,"[false, false, false]",410,2,2,Starfield Stage - 3
22042,2025-10-10T11:20:31.750264,0.009,672.5,389.5,-1.0138948026893106,False,True,False,True,0,0,0,0,0,0,752,340,"[false, false, false]",410,2,2,Starfield Stage - 3
22050,2025-10-10T11:20:31.758574,0.008,670.0,392.0,-1.5182132651839548,False,True,False,True,0,0,0,0,0,0,784,386,"[false, false, false]",410,2,2,Starfield Stage - 3
22058,2025-10-10T11:20:31.766377,0.008,667.5,394.5,-1.7004988639508087,False,True,False,True,0,0,0,0,0,0,794,411,"[false, false, false]",410,2,2,Starfield Stage - 3
22066,2025-10-10T11:20:31.774380,0.008,665.0,397.0,-1.8682690914760027,False,True,False,True,0,0,0,0,0,0,802,439,"[false, false, false]",410,2,2,Starfield Stage - 3
22075,2025-10-10T11:20:31.783223,0.009,662.5,399.5,-2.002106407965483,False,True,False,True,0,0,0,0,0,0,807,466,"[false, false, false]",410,2,2,Starfield Stage - 3
22083,2025-10-10T11:20:31.791634,0.009,660.0,402.0,-2.1062994458312025,False,True,False,True,0,0,0,0,0,0,810,491,"[false, false, false]",410,2,2,Starfield Stage - 3
22093,2025-10-10T11:20:31.801111,0.009,657.5,404.5,-2.189182460897023,False,True,False,True,0,0,0,0,0,0,810,513,"[false, false, false]",410,2,2,Starfield Stage - 3
22101,2025-10-10T11:20:31.809627,0.009,655.0,407.0,-2.262268775281648,False,True,False,True,0,0,0,0,0,0,806,532,"[false, false, false]",410,2,2,Starfield Stage - 3
22110,2025-10-10T11:20:31.818710,0.009,652.5,409.5,-2.3352916117467357,False,True,False,True,0,0,0,0,0,0,799,550,"[false, false, false]",410,2,2,Starfield Stage - 3
22119,2025-10-10T11:20:31.827783,0.009,650.0,412.0,-2.397267268782799,False,True,False,True,0,0,0,0,0,0,790,564,"[false, false, false]",410,2,2,Starfield Stage - 3
22129,2025-10-10T11:20:31.837529,0.009,647.5,414.5,-2.4612484827450913,False,True,False,True,0,0,0,0,0,0,779,577,"[false, false, false]",410,2,2,Starfield Stage - 3
22137,2025-10-10T11:20:31.845341,0.008,645.0,417.0,-2.51695723081818,False,True,False,True,0,0,0,0,0,0,769,589,"[false, false, false]",410,2,2,Starfield Stage - 3
22145,2025-10-10T11:20:31.853374,0.008,642.5,419.5,-2.5633490115323556,False,True,False,True,0,0,0,0,0,0,759,598,"[false, false, false]",410,2,2,Starfield Stage - 3
22155,2025-10-10T11:20:31.863201,0.009,640.0,422.0,-2.6108191563868863,False,True,False,True,0,0,0,0,0,0,748,606,"[false, false, false]",410,2,2,Starfield Stage - 3
22161,2025-10-10T11:20:31.869687,0.008,637.5,422.0,-2.715941531955041,False,True,False,False,0,0,0,0,0,0,725,615,"[false, false, false]",410,2,2,Starfield Stage - 3
22171,2025-10-10T11:20:31.879827,0.009,635.0,422.0,-2.705249181711904,False,True,False,False,0,0,0,0,0,0,725,615,"[false, false, false]",410,2,2,Starfield Stage - 3
22179,2025-10-10T11:20:31.887571,0.009,637.5,422.0,-2.848274097241572,True,False,False,False,0,0,0,0,0,0,697,619,"[false, false, false]",410,2,2,Starfield Stage - 3
22189,2025-10-10T11:20:31.896977,0.009,640.0,422.0,-2.9266891552234253,True,False,False,False,0,0,0,0,0,0,683,619,"[false, false, false]",410,2,2,Starfield Stage - 3
22198,2025-10-10T11:20:31.906302,0.009,642.5,422.0,-3.0021964869478657,True,False,False,False,0,0,0,0,0,0,670,618,"[false, false, false]",410,2,2,Starfield Stage - 3
22206,2025-10-10T11:20:31.914389,0.008,645.0,422.0,-3.0794964242278082,True,False,False,False,0,0,0,0,0,0,657,615,"[false, false, false]",410,2,2,Starfield Stage - 3
22214,2025-10-10T11:20:31.922832,0.009,647.5,422.0,3.1284355181170374,True,False,False,False,0,0,0,0,0,0,645,612,"[false, false, false]",410,2,2,Starfield Stage - 3
22224,2025-10-10T11:20:31.932275,0.009,650.0,422.0,3.0504480354527037,True,False,False,False,0,0,0,0,0,0,633,608,"[false, false, false]",410,2,2,Starfield Stage - 3
22232,2025-10-10T11:20:31.939977,0.008,652.5,422.0,2.9692852617766388,True,False,False,False,0,0,0,0,0,0,621,603,"[false, false, false]",410,2,2,Starfield Stage - 3
22240,2025-10-10T11:20:31.948500,0.009,655.0,422.0,2.895269905250817,True,False,False,False,0,0,0,0,0,0,611,597,"[false, false, false]",410,2,2,Starfield Stage - 3
22250,2025-10-10T11:20:31.958028,0.009,657.5,422.0,2.829636977393573,True,False,False,False,0,0,0,0,0,0,603,591,"[false, false, false]",410,2,2,Starfield Stage - 3
22258,2025-10-10T11:20:31.966518,0.009,660.0,422.0,2.729182211992406,True,False,False,False,0,0,0,0,0,0,590,582,"[false, false, false]",410,2,2,Starfield Stage - 3
22267,2025-10-10T11:20:31.975706,0.009,662.5,422.0,2.6856668988302483,True,False,False,False,0,0,0,0,0,0,586,578,"[false, false, false]",410,2,2,Starfield Stage - 3
22277,2025-10-10T11:20:31.985686,0.01,665.0,422.0,2.6445384542574697,True,False,False,False,0,0,0,0,0,0,582,575,"[false, false, false]",410,2,2,Starfield Stage - 3
22286,2025-10-10T11:20:31.994704,0.009,667.5,422.0,2.6185067316478436,True,False,False,False,0,0,0,0,0,0,581,572,"[false, false, false]",410,2,2,Starfield Stage - 3
22296,2025-10-10T11:20:32.004102,0.009,670.0,422.0,2.5922181688182424,True,False,False,False,0,0,0,0,0,0,580,569,"[false, false, false]",410,2,2,Starfield Stage - 3
22304,2025-10-10T11:20:32.012618,0.009,672.5,422.0,2.565705773821712,True,False,False,False,0,0,0,0,0,0,579,566,"[false, false, false]",410,2,2,Starfield Stage - 3
22313,2025-10-10T11:20:32.021746,0.009,675.0,422.0,2.5438342619967114,True,False,False,False,0,0,0,0,0,0,579,563,"[false, false, false]",410,2,2,Starfield Stage - 3
22322,2025-10-10T11:20:32.030955,0.009,675.0,422.0,2.531854343200433,True,True,False,False,0,0,0,0,0,0,580,558,"[false, false, false]",410,2,2,Starfield Stage - 3
22331,2025-10-10T11:20:32.039705,0.009,672.5,422.0,2.520208952592395,False,True,False,False,0,0,0,0,0,0,583,547,"[false, false, false]",410,2,2,Starfield Stage - 3
22340,2025-10-10T11:20:32.048790,0.009,670.0,422.0,2.5269297016676275,False,True,False,False,0,0,0,0,0,0,586,541,"[false, false, false]",410,2,2,Starfield Stage - 3
22349,2025-10-10T11:20:32.057660,0.008,667.5,422.0,2.5344391658155296,False,True,False,False,0,0,0,0,0,0,589,535,"[false, false, false]",410,2,2,Starfield Stage - 3
22357,2025-10-10T11:20:32.065650,0.009,665.0,424.5,2.531830699184738,False,True,False,True,0,0,0,0,0,0,592,529,"[false, false, false]",410,2,2,Starfield Stage - 3
22366,2025-10-10T11:20:32.074519,0.008,662.5,427.0,2.5308666892005847,False,True,False,True,0,0,0,0,0,0,596,522,"[false, false, false]",410,2,2,Starfield Stage - 3
22374,2025-10-10T11:20:32.082754,0.009,660.0,429.5,2.5296902191551265,False,True,False,True,0,0,0,0,0,0,600,515,"[false, false, false]",410,2,2,Starfield Stage - 3
22383,2025-10-10T11:20:32.091903,0.009,657.5,432.0,2.5370750351560583,False,True,False,True,0,0,0,0,0,0,605,508,"[false, false, false]",410,2,2,Starfield Stage - 3
22393,2025-10-10T11:20:32.101371,0.009,655.0,434.5,2.5535900500422257,False,True,False,True,0,0,0,0,0,0,610,502,"[false, false, false]",410,2,2,Starfield Stage - 3
22401,2025-10-10T11:20:32.109489,0.008,652.5,437.0,2.5845718689003956,False,True,False,True,0,0,0,0,0,0,617,494,"[false, false, false]",410,2,2,Starfield Stage - 3
22409,2025-10-10T11:20:32.117621,0.009,650.0,439.5,2.6482927214007144,False,True,False,True,0,0,0,0,0,0,625,486,"[false, false, false]",410,2,2,Starfield Stage - 3
22419,2025-10-10T11:20:32.127089,0.009,647.5,442.0,2.7892839289156517,False,True,False,True,0,0,0,0,0,0,635,476,"[false, false, false]",410,2,2,Starfield Stage - 3
22427,2025-10-10T11:20:32.135909,0.009,645.0,444.5,-2.214297435588181,False,True,False,True,0,0,0,0,0,0,659,455,"[false, false, false]",410,2,2,Starfield Stage - 3
22436,2025-10-10T11:20:32.144633,0.009,642.5,447.0,-1.5053163018714317,False,True,False,True,0,0,0,0,0,0,673,445,"[false, false, false]",410,2,2,Starfield Stage - 3
22446,2025-10-10T11:20:32.154164,0.009,640.0,449.5,-1.2584498838783982,False,True,False,True,0,0,0,0,0,0,688,434,"[false, false, false]",410,2,2,Starfield Stage - 3
22454,2025-10-10T11:20:32.162002,0.008,637.5,452.0,-1.192924989697078,False,True,False,True,0,0,0,0,0,0,703,426,"[false, false, false]",410,2,2,Starfield Stage - 3
22462,2025-10-10T11:20:32.170762,0.009,635.0,454.5,-1.1666318131088615,False,True,False,True,0,0,0,0,0,0,718,419,"[false, false, false]",410,2,2,Starfield Stage - 3
22471,2025-10-10T11:20:32.179682,0.009,632.5,457.0,-1.1498057525426508,False,True,False,True,0,0,0,0,0,0,733,412,"[false, false, false]",410,2,2,Starfield Stage - 3
22480,2025-10-10T11:20:32.188688,0.008,630.0,459.5,-1.1592753668397366,False,True,False,True,0,0,0,0,0,0,748,408,"[false, false, false]",410,2,2,Starfield Stage - 3
22489,2025-10-10T11:20:32.197308,0.009,632.5,459.5,-1.168682311143134,True,False,False,False,0,0,0,0,0,0,763,404,"[false, false, false]",410,2,2,Starfield Stage - 3
22497,2025-10-10T11:20:32.205384,0.008,635.0,459.5,-1.1740067086316475,True,False,False,False,0,0,0,0,0,0,777,400,"[false, false, false]",410,2,2,Starfield Stage - 3
22505,2025-10-10T11:20:32.213438,0.008,637.5,459.5,-1.1919649899919897,True,False,False,False,0,0,0,0,0,0,792,398,"[false, false, false]",410,2,2,Starfield Stage - 3
22514,2025-10-10T11:20:32.222018,0.009,640.0,459.5,-1.1949725377262421,True,False,False,False,0,0,0,0,0,0,806,394,"[false, false, false]",410,2,2,Starfield Stage - 3
22523,2025-10-10T11:20:32.231352,0.009,642.5,459.5,-1.1980065464015932,True,False,False,False,0,0,0,0,0,0,833,385,"[false, false, false]",410,2,2,Starfield Stage - 3
22531,2025-10-10T11:20:32.239626,0.009,645.0,459.5,-1.1863972357810224,True,False,False,False,0,0,0,0,0,0,844,379,"[false, false, false]",410,2,2,Starfield Stage - 3
22541,2025-10-10T11:20:32.249243,0.009,647.5,459.5,-1.172382659546409,True,False,False,False,0,0,0,0,0,0,853,373,"[false, false, false]",410,2,2,Starfield Stage - 3
22550,2025-10-10T11:20:32.258065,0.009,650.0,459.5,-1.1519094531430007,True,False,False,False,0,0,0,0,0,0,860,366,"[false, false, false]",410,2,2,Starfield Stage - 3
22558,2025-10-10T11:20:32.266647,0.009,652.5,459.5,-1.1308409662645151,True,False,False,False,0,0,0,0,0,0,866,359,"[false, false, false]",410,2,2,Starfield Stage - 3
22567,2025-10-10T11:20:32.275632,0.009,655.0,459.5,-1.114618233402255,True,False,False,False,0,0,0,0,0,0,870,354,"[false, false, false]",410,2,2,Starfield Stage - 3
22577,2025-10-10T11:20:32.285417,0.009,657.5,459.5,-1.0896711967665769,True,False,False,False,0,0,0,0,0,0,873,347,"[false, false, false]",410,2,2,Starfield Stage - 3
22585,2025-10-10T11:20:32.293378,0.008,660.0,459.5,-1.0544223828663966,True,False,False,False,0,0,0,0,0,0,874,338,"[false, false, false]",410,2,2,Starfield Stage - 3
22593,2025-10-10T11:20:32.301449,0.008,662.5,459.5,-1.0275737504740807,True,False,False,False,0,0,0,0,0,0,872,333,"[false, false, false]",410,2,2,Starfield Stage - 3
22601,2025-10-10T11:20:32.309938,0.009,665.0,459.5,-1.0073883053472308,True,False,False,False,0,0,0,0,0,0,870,330,"[false, false, false]",410,2,2,Starfield Stage - 3
22611,2025-10-10T11:20:32.319312,0.009,667.5,459.5,-0.9741682902354362,True,False,False,False,0,0,0,0,0,0,867,324,"[false, false, false]",410,2,2,Starfield Stage - 3
22619,2025-10-10T11:20:32.327637,0.009,670.0,459.5,-0.9439951267440627,True,False,False,False,0,0,0,0,0,0,864,319,"[false, false, false]",410,2,2,Starfield Stage - 3
22628,2025-10-10T11:20:32.336589,0.009,672.5,459.5,-0.9082700296286343,True,False,False,False,0,0,0,0,0,0,859,314,"[false, false, false]",410,2,2,Starfield Stage - 3
22637,2025-10-10T11:20:32.345773,0.009,675.0,459.5,-0.8651682006654196,True,False,False,False,0,0,0,0,0,0,854,307,"[false, false, false]",410,2,2,Starfield Stage - 3
22646,2025-10-10T11:20:32.354760,0.009,677.5,459.5,-0.8159696753690754,True,False,False,False,0,0,0,0,0,0,846,301,"[false, false, false]",410,2,2,Starfield Stage - 3
22655,2025-10-10T11:20:32.363312,0.008,680.0,459.5,-0.7620742444621836,True,False,False,False,0,0,0,0,0,0,837,295,"[false, false, false]",410,2,2,Starfield Stage - 3
22663,2025-10-10T11:20:32.371489,0.008,680.0,459.5,-0.7177848495005051,True,True,False,False,0,0,0,0,0,0,828,290,"[false, false, false]",410,2,2,Starfield Stage - 3
22671,2025-10-10T11:20:32.379951,0.009,680.0,459.5,-0.6733496387734543,True,True,False,False,0,0,0,0,0,0,820,284,"[false, false, false]",410,2,2,Starfield Stage - 3
22680,2025-10-10T11:20:32.388622,0.009,680.0,459.5,-0.628796286415433,True,True,False,False,0,0,0,0,0,0,812,278,"[false, false, false]",410,2,2,Starfield Stage - 3
22689,2025-10-10T11:20:32.397848,0.009,680.0,462.0,-0.5782229642385369,True,True,False,True,0,0,0,0,0,0,804,272,"[false, false, false]",410,2,2,Starfield Stage - 3
22699,2025-10-10T11:20:32.407166,0.009,677.5,464.5,-0.4953982443457242,False,True,False,True,0,0,0,0,0,0,788,260,"[false, false, false]",410,2,2,Starfield Stage - 3
22707,2025-10-10T11:20:32.415673,0.009,675.0,467.0,-0.4674140695328358,False,True,False,True,0,0,0,0,0,0,782,255,"[false, false, false]",410,2,2,Starfield Stage - 3
22717,2025-10-10T11:20:32.425304,0.009,672.5,469.5,-0.44610554894340365,False,True,False,True,0,0,0,0,0,0,777,251,"[false, false, false]",410,2,2,Starfield Stage - 3
22725,2025-10-10T11:20:32.433233,0.008,670.0,472.0,-0.42930307202656315,False,True,False,True,0,0,0,0,0,0,773,247,"[false, false, false]",410,2,2,Starfield Stage - 3
22732,2025-10-10T11:20:32.440822,0.008,667.5,474.5,-0.42004214215985325,False,True,False,True,0,0,0,0,0,0,770,245,"[false, false, false]",410,2,2,Starfield Stage - 3
22742,2025-10-10T11:20:32.450338,0.009,665.0,477.0,-0.41465007951005645,False,True,False,True,0,0,0,0,0,0,768,243,"[false, false, false]",410,2,2,Starfield Stage - 3
22750,2025-10-10T11:20:32.458286,0.008,662.5,479.5,-0.4109738197544755,False,True,False,True,0,0,0,0,0,0,766,242,"[false, false, false]",410,2,2,Starfield Stage - 3
22757,2025-10-10T11:20:32.465956,0.008,660.0,482.0,-0.407393031694262,False,True,False,True,0,0,0,0,0,0,764,241,"[false, false, false]",410,2,2,Starfield Stage - 3
22765,2025-10-10T11:20:32.473957,0.008,657.5,484.5,-0.40390413228523503,False,True,False,True,0,0,0,0,0,0,762,240,"[false, false, false]",410,2,2,Starfield Stage - 3
22775,2025-10-10T11:20:32.483277,0.009,655.0,487.0,-0.4005037110855154,False,True,False,True,0,0,0,0,0,0,760,239,"[false, false, false]",410,2,2,Starfield Stage - 3
22783,2025-10-10T11:20:32.491921,0.009,652.5,489.5,-0.39718852026817975,False,True,False,True,0,0,0,0,0,0,758,238,"[false, false, false]",410,2,2,Starfield Stage - 3
22793,2025-10-10T11:20:32.501103,0.009,650.0,492.0,-0.3939554652981789,False,True,False,True,0,0,0,0,0,0,756,237,"[false, false, false]",410,2,2,Starfield Stage - 3
22800,2025-10-10T11:20:32.508741,0.008,647.5,494.5,-0.37618028097223233,False,True,False,True,0,0,0,0,0,0,750,235,"[false, false, false]",410,2,2,Starfield Stage - 3
22809,2025-10-10T11:20:32.517312,0.008,645.0,497.0,-0.38116427175428913,False,True,False,True,0,0,0,0,0,0,750,235,"[false, false, false]",410,2,2,Starfield Stage - 3
22817,2025-10-10T11:20:32.525579,0.009,642.5,499.5,-0.36061985657456397,False,True,False,True,0,0,0,0,0,0,743,233,"[false, false, false]",410,2,2,Starfield Stage - 3
22827,2025-10-10T11:20:32.535815,0.009,640.0,502.0,-0.3514447940035517,False,True,False,True,0,0,0,0,0,0,739,232,"[false, false, false]",410,2,2,Starfield Stage - 3
22835,2025-10-10T11:20:32.543691,0.009,642.5,502.0,-0.3333715032988643,True,False,False,False,0,0,0,0,0,0,736,232,"[false, false, false]",410,2,2,Starfield Stage - 3
22845,2025-10-10T11:20:32.553348,0.009,645.0,502.0,-0.3117174462492664,True,False,False,False,0,0,0,0,0,0,732,232,"[false, false, false]",410,2,2,Starfield Stage - 3
22853,2025-10-10T11:20:32.561215,0.008,647.5,502.0,-0.29315487401402224,True,False,False,False,0,0,0,0,0,0,729,232,"[false, false, false]",410,2,2,Starfield Stage - 3
22861,2025-10-10T11:20:32.569749,0.009,650.0,502.0,-0.2743819513308693,True,False,False,False,0,0,0,0,0,0,726,232,"[false, false, false]",410,2,2,Starfield Stage - 3
22870,2025-10-10T11:20:32.578732,0.009,652.5,502.0,-0.2554085326341502,True,False,False,False,0,0,0,0,0,0,723,232,"[false, false, false]",410,2,2,Starfield Stage - 3
22880,2025-10-10T11:20:32.588156,0.009,655.0,502.0,-0.23624526071843754,True,False,False,False,0,0,0,0,0,0,720,232,"[false, false, false]",410,2,2,Starfield Stage - 3
22888,2025-10-10T11:20:32.596423,0.008,657.5,502.0,-0.21690354951259924,True,False,False,False,0,0,0,0,0,0,717,232,"[false, false, false]",410,2,2,Starfield Stage - 3
22896,2025-10-10T11:20:32.604751,0.009,660.0,502.0,-0.20095426368809702,True,False,False,False,0,0,0,0,0,0,715,232,"[false, false, false]",410,2,2,Starfield Stage - 3
22904,2025-10-10T11:20:32.612952,0.008,662.5,502.0,-0.18847678099697926,True,False,False,False,0,0,0,0,0,0,714,232,"[false, false, false]",410,2,2,Starfield Stage - 3
22913,2025-10-10T11:20:32.621262,0.008,665.0,502.0,-0.17234711336505482,True,False,False,False,0,0,0,0,0,0,712,232,"[false, false, false]",410,2,2,Starfield Stage - 3
22921,2025-10-10T11:20:32.629297,0.008,667.5,502.0,-0.16334633632026463,True,False,False,False,0,0,0,0,0,0,712,232,"[false, false, false]",410,2,2,Starfield Stage - 3
22929,2025-10-10T11:20:32.637387,0.008,670.0,502.0,-0.15431877592611903,True,False,False,False,0,0,0,0,0,0,712,232,"[false, false, false]",410,2,2,Starfield Stage - 3
22937,2025-10-10T11:20:32.645457,0.009,672.5,502.0,-0.14526579024128503,True,False,False,False,0,0,0,0,0,0,712,232,"[false, false, false]",410,2,2,Starfield Stage - 3
22946,2025-10-10T11:20:32.654494,0.009,675.0,502.0,-0.13618876164991234,True,False,False,False,0,0,0,0,0,0,712,232,"[false, false, false]",410,2,2,Starfield Stage - 3
22955,2025-10-10T11:20:32.663284,0.008,677.5,502.0,-0.1270890957312563,True,False,False,False,0,0,0,0,0,0,712,232,"[false, false, false]",410,2,2,Starfield Stage - 3
22963,2025-10-10T11:20:32.671534,0.008,680.0,502.0,-0.11796822007504415,True,False,False,False,0,0,0,0,0,0,712,232,"[false, false, false]",410,2,2,Starfield Stage - 3
22971,2025-10-10T11:20:32.679764,0.009,682.5,502.0,-0.10882758304474933,True,False,False,False,0,0,0,0,0,0,712,232,"[false, false, false]",410,2,2,Starfield Stage - 3
22980,2025-10-10T11:20:32.688594,0.009,682.5,502.0,-0.10882758304474933,True,True,False,False,0,0,0,0,0,0,712,232,"[false, false, false]",410,2,2,Starfield Stage - 3
22989,2025-10-10T11:20:32.697344,0.008,682.5,502.0,-0.10882758304474933,True,True,False,False,0,0,0,0,0,0,712,232,"[false, false, false]",410,2,2,Starfield Stage - 3
22998,2025-10-10T11:20:32.706097,0.009,680.0,502.0,-0.11796822007504415,False,True,False,False,0,0,0,0,0,0,712,232,"[false, false, false]",410,2,2,Starfield Stage - 3
23007,2025-10-10T11:20:32.715331,0.009,677.5,502.0,-0.1270890957312563,False,True,False,False,0,0,0,0,0,0,712,232,"[false, false, false]",410,2,2,Starfield Stage - 3
23015,2025-10-10T11:20:32.723184,0.008,675.0,502.0,-0.13618876164991234,False,True,False,False,0,0,0,0,0,0,712,232,"[false, false, false]",410,2,2,Starfield Stage - 3
23023,2025-10-10T11:20:32.731420,0.008,672.5,502.0,-0.14526579024128503,False,True,False,False,0,0,0,0,0,0,712,232,"[false, false, false]",410,2,2,Starfield Stage - 3
23031,2025-10-10T11:20:32.739871,0.009,670.0,504.5,-0.1529250763546349,False,True,False,True,0,0,0,0,0,0,712,232,"[false, false, false]",410,2,2,Starfield Stage - 3
23040,2025-10-10T11:20:32.748485,0.009,667.5,507.0,-0.160427555807895,False,True,False,True,0,0,0,0,0,0,712,232,"[false, false, false]",410,2,2,Starfield Stage - 3
23049,2025-10-10T11:20:32.757718,0.009,665.0,509.5,-0.1677771760340706,False,True,False,True,0,0,0,0,0,0,712,232,"[false, false, false]",410,2,2,Starfield Stage - 3
23058,2025-10-10T11:20:32.766767,0.009,662.5,512.0,-0.17497779133854563,False,True,False,True,0,0,0,0,0,0,712,232,"[false, false, false]",410,2,2,Starfield Stage - 3
23067,2025-10-10T11:20:32.775490,0.008,660.0,514.5,-0.18203316316301774,False,True,False,True,0,0,0,0,0,0,712,232,"[false, false, false]",410,2,2,Starfield Stage - 3
23075,2025-10-10T11:20:32.783656,0.009,657.5,517.0,-0.18894696060229968,False,True,False,True,0,0,0,0,0,0,712,232,"[false, false, false]",410,2,2,Starfield Stage - 3
23084,2025-10-10T11:20:32.792855,0.009,655.0,519.5,-0.19572276114254053,False,True,False,True,0,0,0,0,0,0,712,232,"[false, false, false]",410,2,2,Starfield Stage - 3
23094,2025-10-10T11:20:32.802196,0.009,652.5,522.0,-0.20236405159226098,False,True,False,True,0,0,0,0,0,0,712,232,"[false, false, false]",410,2,2,Starfield Stage - 3
23102,2025-10-10T11:20:32.810465,0.009,650.0,524.5,-0.20887422918023557,False,True,False,True,0,0,0,0,0,0,712,232,"[false, false, false]",410,2,2,Starfield Stage - 3
23111,2025-10-10T11:20:32.819587,0.009,647.5,527.0,-0.2152566027967025,False,True,False,True,0,0,0,0,0,0,712,232,"[false, false, false]",410,2,2,Starfield Stage - 3
23120,2025-10-10T11:20:32.828876,0.009,645.0,527.0,-0.22333008099516138,False,True,False,False,0,0,0,0,0,0,712,232,"[false, false, false]",410,2,2,Starfield Stage - 3
23130,2025-10-10T11:20:32.838363,0.009,642.5,527.0,-0.23137406034908886,False,True,False,False,0,0,0,0,0,0,712,232,"[false, false, false]",410,2,2,Starfield Stage - 3
23139,2025-10-10T11:20:32.846998,0.009,640.0,527.0,-0.23938766707125028,False,True,False,False,0,0,0,0,0,0,712,232,"[false, false, false]",410,2,2,Starfield Stage - 3
23147,2025-10-10T11:20:32.855452,0.009,637.5,527.0,-0.2473700495607173,False,True,False,False,0,0,0,0,0,0,712,232,"[false, false, false]",410,2,2,Starfield Stage - 3
23157,2025-10-10T11:20:32.865388,0.009,635.0,527.0,-0.25532037875296315,False,True,False,False,0,0,0,0,0,0,712,232,"[false, false, false]",410,2,2,Starfield Stage - 3
23165,2025-10-10T11:20:32.873237,0.008,632.5,527.0,-0.2632378484329521,False,True,False,False,0,0,0,0,0,0,712,232,"[false, false, false]",410,2,2,Starfield Stage - 3
23172,2025-10-10T11:20:32.880922,0.008,630.0,527.0,-0.2711216755114646,False,True,False,False,0,0,0,0,0,0,712,232,"[false, false, false]",410,2,2,Starfield Stage - 3
23182,2025-10-10T11:20:32.890480,0.009,627.5,527.0,-0.27897110026499644,False,True,False,False,0,0,0,0,0,0,712,232,"[false, false, false]",410,2,2,Starfield Stage - 3
23190,2025-10-10T11:20:32.898419,0.008,630.0,527.0,-0.2711216755114646,True,False,False,False,0,0,0,0,0,0,712,232,"[false, false, false]",410,2,2,Starfield Stage - 3
23198,2025-10-10T11:20:32.906516,0.009,632.5,527.0,-0.2632378484329521,True,False,False,False,0,0,0,0,0,0,712,232,"[false, false, false]",410,2,2,Starfield Stage - 3
23207,2025-10-10T11:20:32.915711,0.009,635.0,527.0,-0.25532037875296315,True,False,False,False,0,0,0,0,0,0,712,232,"[false, false, false]",410,2,2,Starfield Stage - 3
23216,2025-10-10T11:20:32.924334,0.008,637.5,527.0,-0.2473700495607173,True,False,False,False,0,0,0,0,0,0,712,232,"[false, false, false]",410,2,2,Starfield Stage - 3
23224,2025-10-10T11:20:32.932815,0.009,640.0,527.0,-0.23938766707125028,True,False,False,False,0,0,0,0,0,0,712,232,"[false, false, false]",410,2,2,Starfield Stage - 3
23234,2025-10-10T11:20:32.942267,0.009,642.5,527.0,-0.23137406034908886,True,False,False,False,0,0,0,0,0,0,712,232,"[false, false, false]",410,2,2,Starfield Stage - 3
23241,2025-10-10T11:20:32.949890,0.008,645.0,527.0,-0.22333008099516138,True,False,False,False,0,0,0,0,0,0,712,232,"[false, false, false]",410,2,2,Starfield Stage - 3
23251,2025-10-10T11:20:32.959298,0.009,647.5,527.0,-0.2152566027967025,True,False,False,False,0,0,0,0,0,0,712,232,"[false, false, false]",410,2,2,Starfield Stage - 3
23259,2025-10-10T11:20:32.967536,0.008,650.0,527.0,-0.20715452134001072,True,False,False,False,0,0,0,0,0,0,712,232,"[false, false, false]",410,2,2,Starfield Stage - 3
23267,2025-10-10T11:20:32.975568,0.009,650.0,527.0,-0.20715452134001072,True,True,False,False,0,0,0,0,0,0,712,232,"[false, false, false]",410,2,2,Starfield Stage - 3
23276,2025-10-10T11:20:32.984554,0.009,650.0,527.0,-0.20715452134001072,True,True,False,False,0,0,0,0,0,0,712,232,"[false, false, false]",410,2,2,Starfield Stage - 3
23286,2025-10-10T11:20:32.993991,0.009,650.0,527.0,-0.20715452134001072,True,True,False,False,0,0,0,0,0,0,712,232,"[false, false, false]",410,2,2,Starfield Stage - 3
23294,2025-10-10T11:20:33.002925,0.009,647.5,527.0,-0.2152566027967025,False,True,False,False,0,0,0,0,0,0,712,232,"[false, false, false]",410,2,2,Starfield Stage - 3
23304,2025-10-10T11:20:33.012394,0.009,645.0,527.0,-0.22333008099516138,False,True,False,False,0,0,0,0,0,0,712,232,"[false, false, false]",410,2,2,Starfield Stage - 3
23312,2025-10-10T11:20:33.020904,0.009,642.5,527.0,-0.23137406034908886,False,True,False,False,0,0,0,0,0,0,712,232,"[false, false, false]",410,2,2,Starfield Stage - 3
23322,2025-10-10T11:20:33.030392,0.009,640.0,527.0,-0.23938766707125028,False,True,False,False,0,0,0,0,0,0,712,232,"[false, false, false]",410,2,2,Starfield Stage - 3
23331,2025-10-10T11:20:33.038969,0.009,637.5,527.0,-0.2473700495607173,False,True,False,False,0,0,0,0,0,0,712,232,"[false, false, false]",410,2,2,Starfield Stage - 3
23340,2025-10-10T11:20:33.048433,0.009,635.0,527.0,-0.25532037875296315,False,True,False,False,0,0,0,0,0,0,712,232,"[false, false, false]",410,2,2,Starfield Stage - 3
23348,2025-10-10T11:20:33.056532,0.009,632.5,527.0,-0.2632378484329521,False,True,False,False,0,0,0,0,0,0,712,232,"[false, false, false]",410,2,2,Starfield Stage - 3
23357,2025-10-10T11:20:33.065589,0.009,630.0,527.0,-0.2711216755114646,False,True,False,False,0,0,0,0,0,0,712,232,"[false, false, false]",410,2,2,Starfield Stage - 3
23366,2025-10-10T11:20:33.074589,0.009,627.5,527.0,-0.27897110026499644,False,True,False,False,0,0,0,0,0,0,712,232,"[false, false, false]",410,2,2,Starfield Stage - 3
23375,2025-10-10T11:20:33.083836,0.009,625.0,527.0,-0.28678538653966074,False,True,False,False,0,0,0,0,0,0,712,232,"[false, false, false]",410,2,2,Starfield Stage - 3
23385,2025-10-10T11:20:33.093012,0.009,622.5,527.0,-0.2914567944778671,False,True,False,False,0,0,0,0,0,0,711,232,"[false, false, false]",410,2,2,Starfield Stage - 3
23394,2025-10-10T11:20:33.102572,0.009,620.0,527.0,-0.28829024394699204,False,True,False,False,0,0,0,0,0,0,706,237,"[false, false, false]",410,2,2,Starfield Stage - 3
23402,2025-10-10T11:20:33.110407,0.008,617.5,524.5,-0.2896759966193413,False,True,True,False,0,0,0,0,0,0,702,241,"[false, false, false]",410,2,2,Starfield Stage - 3
23410,2025-10-10T11:20:33.118689,0.009,615.0,522.0,-0.29112555898153464,False,True,True,False,0,0,0,0,0,0,698,245,"[false, false, false]",410,2,2,Starfield Stage - 3
23420,2025-10-10T11:20:33.128191,0.009,612.5,519.5,-0.289250790929244,False,True,True,False,0,0,0,0,0,0,693,249,"[false, false, false]",410,2,2,Starfield Stage - 3
23428,2025-10-10T11:20:33.136790,0.009,610.0,517.0,-0.2872814533971342,False,True,True,False,0,0,0,0,0,0,688,253,"[false, false, false]",410,2,2,Starfield Stage - 3
23437,2025-10-10T11:20:33.145798,0.009,607.5,514.5,-0.28416544227703827,False,True,True,False,0,0,0,0,0,0,683,256,"[false, false, false]",410,2,2,Starfield Stage - 3
23447,2025-10-10T11:20:33.155255,0.009,605.0,512.0,-0.27462706271546977,False,True,True,False,0,0,0,0,0,0,676,260,"[false, false, false]",410,2,2,Starfield Stage - 3
23455,2025-10-10T11:20:33.163553,0.009,602.5,509.5,-0.258715364172095,False,True,True,False,0,0,0,0,0,0,668,262,"[false, false, false]",410,2,2,Starfield Stage - 3
23464,2025-10-10T11:20:33.172171,0.008,600.0,507.0,-0.24303314028967873,False,True,True,False,0,0,0,0,0,0,660,265,"[false, false, false]",410,2,2,Starfield Stage - 3
23472,2025-10-10T11:20:33.180601,0.009,597.5,504.5,-0.22247120891929278,False,True,True,False,0,0,0,0,0,0,651,268,"[false, false, false]",410,2,2,Starfield Stage - 3
23481,2025-10-10T11:20:33.189842,0.009,595.0,502.0,-0.20072333458743719,False,True,True,False,0,0,0,0,0,0,642,271,"[false, false, false]",410,2,2,Starfield Stage - 3
23491,2025-10-10T11:20:33.199362,0.009,592.5,499.5,-0.1262733259836871,False,True,True,False,0,0,0,0,0,0,621,275,"[false, false, false]",410,2,2,Starfield Stage - 3
23499,2025-10-10T11:20:33.207533,0.009,590.0,497.0,-0.08576196718386161,False,True,True,False,0,0,0,0,0,0,609,276,"[false, false, false]",410,2,2,Starfield Stage - 3
23508,2025-10-10T11:20:33.216913,0.009,587.5,494.5,-0.05714595021327564,False,True,True,False,0,0,0,0,0,0,600,276,"[false, false, false]",410,2,2,Starfield Stage - 3
23518,2025-10-10T11:20:33.226275,0.009,587.5,492.0,-0.016277631967534716,True,True,True,False,0,0,0,0,0,0,591,277,"[false, false, false]",410,2,2,Starfield Stage - 3
23526,2025-10-10T11:20:33.234372,0.008,590.0,489.5,0.03292926916685184,True,False,True,False,0,0,0,0,0,0,583,277,"[false, false, false]",410,2,2,Starfield Stage - 3
23534,2025-10-10T11:20:33.242265,0.008,592.5,489.5,0.0778564895429691,True,False,False,False,0,0,0,0,0,0,576,278,"[false, false, false]",410,2,2,Starfield Stage - 3
23542,2025-10-10T11:20:33.250871,0.009,595.0,489.5,0.11352403635893848,True,False,False,False,0,0,0,0,0,0,571,279,"[false, false, false]",410,2,2,Starfield Stage - 3
23552,2025-10-10T11:20:33.260389,0.009,597.5,489.5,0.14456905893316813,True,False,False,False,0,0,0,0,0,0,567,280,"[false, false, false]",410,2,2,Starfield Stage - 3
23560,2025-10-10T11:20:33.268655,0.009,600.0,489.5,0.17097611727645234,True,False,False,False,0,0,0,0,0,0,564,281,"[false, false, false]",410,2,2,Starfield Stage - 3
23569,2025-10-10T11:20:33.277733,0.009,602.5,489.5,0.18722955148044776,True,False,False,False,0,0,0,0,0,0,563,281,"[false, false, false]",410,2,2,Starfield Stage - 3
23579,2025-10-10T11:20:33.287377,0.009,605.0,489.5,0.19877868483234504,True,False,False,False,0,0,0,0,0,0,563,281,"[false, false, false]",410,2,2,Starfield Stage - 3
23587,2025-10-10T11:20:33.295524,0.008,607.5,489.5,0.21027433258686395,True,False,False,False,0,0,0,0,0,0,563,281,"[false, false, false]",410,2,2,Starfield Stage - 3
23595,2025-10-10T11:20:33.303769,0.009,610.0,489.5,0.2217138489224674,True,False,False,False,0,0,0,0,0,0,563,281,"[false, false, false]",410,2,2,Starfield Stage - 3
23605,2025-10-10T11:20:33.313307,0.009,612.5,489.5,0.23309467252920474,True,False,False,False,0,0,0,0,0,0,563,281,"[false, false, false]",410,2,2,Starfield Stage - 3
23613,2025-10-10T11:20:33.321497,0.009,615.0,489.5,0.24441432910099375,True,False,False,False,0,0,0,0,0,0,563,281,"[false, false, false]",410,2,2,Starfield Stage - 3
23623,2025-10-10T11:20:33.331384,0.009,617.5,489.5,0.25684921915853764,True,False,False,False,0,0,0,0,0,0,563,282,"[false, false, false]",410,2,2,Starfield Stage - 3
23631,2025-10-10T11:20:33.339702,0.008,620.0,489.5,0.25910201777941017,True,False,False,False,0,0,0,0,0,0,565,282,"[false, false, false]",410,2,2,Starfield Stage - 3
23639,2025-10-10T11:20:33.347781,0.009,622.5,489.5,0.259238962808819,True,False,False,False,0,0,0,0,0,0,568,284,"[false, false, false]",410,2,2,Starfield Stage - 3
23649,2025-10-10T11:20:33.357373,0.009,625.0,489.5,0.2535892425113538,True,False,False,False,0,0,0,0,0,0,572,285,"[false, false, false]",410,2,2,Starfield Stage - 3
23658,2025-10-10T11:20:33.366501,0.009,627.5,489.5,0.21468490320808906,True,False,False,False,0,0,0,0,0,0,584,290,"[false, false, false]",410,2,2,Starfield Stage - 3
23666,2025-10-10T11:20:33.374567,0.009,627.5,489.5,0.18857225941174743,True,True,False,False,0,0,0,0,0,0,590,293,"[false, false, false]",410,2,2,Starfield Stage - 3
23676,2025-10-10T11:20:33.384173,0.009,627.5,489.5,0.16055963995839512,True,True,False,False,0,0,0,0,0,0,596,295,"[false, false, false]",410,2,2,Starfield Stage - 3
23684,2025-10-10T11:20:33.392821,0.009,625.0,489.5,0.11953188082081624,False,True,False,False,0,0,0,0,0,0,602,298,"[false, false, false]",410,2,2,Starfield Stage - 3
23693,2025-10-10T11:20:33.401691,0.009,622.5,489.5,0.08247912648971767,False,True,False,False,0,0,0,0,0,0,607,302,"[false, false, false]",410,2,2,Starfield Stage - 3
23702,2025-10-10T11:20:33.410939,0.009,620.0,489.5,0.037922190401221245,False,True,False,False,0,0,0,0,0,0,613,305,"[false, false, false]",410,2,2,Starfield Stage - 3
23712,2025-10-10T11:20:33.420490,0.009,617.5,489.5,-0.013926676161481957,False,True,False,False,0,0,0,0,0,0,620,310,"[false, false, false]",410,2,2,Starfield Stage - 3
23720,2025-10-10T11:20:33.428552,0.009,615.0,489.5,-0.07393903765794034,False,True,False,False,0,0,0,0,0,0,628,314,"[false, false, false]",410,2,2,Starfield Stage - 3
23729,2025-10-10T11:20:33.437298,0.008,612.5,489.5,-0.13696693842681784,False,True,False,False,0,0,0,0,0,0,636,319,"[false, false, false]",410,2,2,Starfield Stage - 3
23737,2025-10-10T11:20:33.445518,0.009,610.0,489.5,-0.26756957144523136,False,True,False,False,0,0,0,0,0,0,654,329,"[false, false, false]",410,2,2,Starfield Stage - 3
23747,2025-10-10T11:20:33.454999,0.009,607.5,489.5,-0.34851280581014554,False,True,False,False,0,0,0,0,0,0,664,334,"[false, false, false]",410,2,2,Starfield Stage - 3
23756,2025-10-10T11:20:33.464170,0.009,605.0,492.0,-0.41516810437600815,False,True,False,True,0,0,0,0,0,0,672,340,"[false, false, false]",410,2,2,Starfield Stage - 3
23764,2025-10-10T11:20:33.472621,0.009,602.5,494.5,-0.47825480373081775,False,True,False,True,0,0,0,0,0,0,680,345,"[false, false, false]",410,2,2,Starfield Stage - 3
23773,2025-10-10T11:20:33.481923,0.009,600.0,497.0,-0.5343954767544137,False,True,False,True,0,0,0,0,0,0,687,350,"[false, false, false]",410,2,2,Starfield Stage - 3
23782,2025-10-10T11:20:33.490766,0.008,597.5,499.5,-0.5808314117376112,False,True,False,True,0,0,0,0,0,0,693,354,"[false, false, false]",410,2,2,Starfield Stage - 3
23790,2025-10-10T11:20:33.498604,0.009,595.0,502.0,-0.6209060847065856,False,True,False,True,0,0,0,0,0,0,698,358,"[false, false, false]",410,2,2,Starfield Stage - 3
23799,2025-10-10T11:20:33.507522,0.009,592.5,504.5,-0.6440545121678914,False,True,False,True,0,0,0,0,0,0,701,360,"[false, false, false]",410,2,2,Starfield Stage - 3
23808,2025-10-10T11:20:33.516691,0.009,590.0,507.0,-0.6696389456766376,False,True,False,True,0,0,0,0,0,0,704,363,"[false, false, false]",410,2,2,Starfield Stage - 3
23818,2025-10-10T11:20:33.526435,0.009,587.5,509.5,-0.6834797959165744,False,True,False,True,0,0,0,0,0,0,706,364,"[false, false, false]",410,2,2,Starfield Stage - 3
23827,2025-10-10T11:20:33.535831,0.009,585.0,512.0,-0.7001037512007233,False,True,False,True,0,0,0,0,0,0,708,366,"[false, false, false]",410,2,2,Starfield Stage - 3
23835,2025-10-10T11:20:33.543636,0.009,585.0,514.5,-0.6990571862200597,True,True,False,True,0,0,0,0,0,0,709,367,"[false, false, false]",410,2,2,Starfield Stage - 3
23844,2025-10-10T11:20:33.552281,0.008,585.0,517.0,-0.6947382761967031,True,True,False,True,0,0,0,0,0,0,710,367,"[false, false, false]",410,2,2,Starfield Stage - 3
23852,2025-10-10T11:20:33.560410,0.008,585.0,517.0,-0.7019559986261262,True,True,False,False,0,0,0,0,0,1,711,368,"[false, false, false]",410,2,2,Starfield Stage - 3
23860,2025-10-10T11:20:33.568757,0.009,585.0,517.0,-0.7058561961104266,True,True,False,False,0,0,0,0,0,1,712,368,"[false, false, false]",410,2,2,Starfield Stage - 3
23868,2025-10-10T11:20:33.576616,0.008,587.5,517.0,-0.6999961968525813,True,False,False,False,0,0,0,0,0,1,713,368,"[false, false, false]",410,2,2,Starfield Stage - 3
23878,2025-10-10T11:20:33.586234,0.009,590.0,517.0,-0.6940777743112481,True,False,False,False,0,0,0,0,0,1,714,368,"[false, false, false]",410,2,2,Starfield Stage - 3
23886,2025-10-10T11:20:33.594255,0.008,592.5,517.0,-0.6914060659374934,True,False,False,False,0,0,0,0,0,1,715,369,"[false, false, false]",410,2,2,Starfield Stage - 3
23894,2025-10-10T11:20:33.602810,0.009,595.0,517.0,-0.6853614579232735,True,False,False,False,0,0,0,0,0,1,716,369,"[false, false, false]",410,2,2,Starfield Stage - 3
23903,2025-10-10T11:20:33.611343,0.008,597.5,517.0,-0.6792565108751307,True,False,False,False,0,0,0,0,0,1,717,369,"[false, false, false]",410,2,2,Starfield Stage - 3
23912,2025-10-10T11:20:33.619975,0.009,600.0,517.0,-0.6772080424812943,True,False,False,False,0,0,0,0,0,1,719,369,"[false, false, false]",410,2,2,Starfield Stage - 3
23920,2025-10-10T11:20:33.628628,0.008,602.5,517.0,-0.6743260044880303,True,False,False,False,0,0,0,0,0,1,720,370,"[false, false, false]",410,2,2,Starfield Stage - 3
23929,2025-10-10T11:20:33.637011,0.009,605.0,517.0,-0.6830949667569678,True,False,False,False,0,0,0,0,0,1,723,372,"[false, false, false]",410,2,2,Starfield Stage - 3
23937,2025-10-10T11:20:33.645315,0.008,607.5,517.0,-0.7300055567005255,True,False,False,False,0,0,0,0,0,1,731,379,"[false, false, false]",410,2,2,Starfield Stage - 3
23945,2025-10-10T11:20:33.653455,0.008,610.0,517.0,-0.7546386373269791,True,False,False,False,0,0,0,0,0,1,736,383,"[false, false, false]",410,2,2,Starfield Stage - 3
23954,2025-10-10T11:20:33.662427,0.009,612.5,517.0,-0.7873323969620774,True,False,False,False,0,0,0,0,0,1,742,388,"[false, false, false]",410,2,2,Starfield Stage - 3
23963,2025-10-10T11:20:33.671290,0.009,615.0,517.0,-0.820403313662149,True,False,False,False,0,0,0,0,0,1,748,393,"[false, false, false]",410,2,2,Starfield Stage - 3
23971,2025-10-10T11:20:33.679654,0.009,617.5,517.0,-0.8573982447779,True,False,False,False,0,0,0,0,0,1,755,398,"[false, false, false]",410,2,2,Starfield Stage - 3
23981,2025-10-10T11:20:33.689375,0.009,620.0,517.0,-0.897763324840595,True,False,False,False,0,0,0,0,0,1,763,403,"[false, false, false]",410,2,2,Starfield Stage - 3
23989,2025-10-10T11:20:33.697432,0.008,620.0,517.0,-0.9380474917927135,True,True,False,False,0,0,0,0,0,1,770,407,"[false, false, false]",410,2,2,Starfield Stage - 3
23997,2025-10-10T11:20:33.705673,0.008,620.0,517.0,-0.981325295521573,True,True,False,False,0,0,0,0,0,1,777,412,"[false, false, false]",410,2,2,Starfield Stage - 3
24005,2025-10-10T11:20:33.713903,0.009,617.5,517.0,-1.0272726236348184,False,True,False,False,0,0,0,0,0,1,783,417,"[false, false, false]",410,2,2,Starfield Stage - 3
24015,2025-10-10T11:20:33.723122,0.009,615.0,517.0,-1.0710470286469818,False,True,False,False,0,0,0,0,0,1,789,422,"[false, false, false]",410,2,2,Starfield Stage - 3
24023,2025-10-10T11:20:33.731682,0.009,612.5,517.0,-1.112643167997307,False,True,False,False,0,0,0,0,0,1,795,427,"[false, false, false]",410,2,2,Starfield Stage - 3
24033,2025-10-10T11:20:33.741264,0.009,610.0,517.0,-1.1433801902983987,False,True,False,False,0,0,0,0,0,1,801,430,"[false, false, false]",410,2,2,Starfield Stage - 3
24041,2025-10-10T11:20:33.749301,0.008,607.5,517.0,-1.1971538487512956,False,True,False,False,0,0,0,0,0,1,809,438,"[false, false, false]",410,2,2,Starfield Stage - 3
24049,2025-10-10T11:20:33.757346,0.008,605.0,517.0,-1.2231894670389947,False,True,False,False,0,0,0,0,0,1,812,442,"[false, false, false]",410,2,2,Starfield Stage - 3
24057,2025-10-10T11:20:33.765339,0.008,602.5,517.0,-1.245487068560038,False,True,False,False,0,0,0,0,0,1,813,446,"[false, false, false]",410,2,2,Starfield Stage - 3
24065,2025-10-10T11:20:33.773521,0.008,600.0,517.0,-1.2644723185398548,False,True,False,False,0,0,0,0,0,1,815,449,"[false, false, false]",410,2,2,Starfield Stage - 3
24074,2025-10-10T11:20:33.782127,0.009,597.5,517.0,-1.2816504525730592,False,True,False,False,0,0,0,0,0,1,816,452,"[false, false, false]",410,2,2,Starfield Stage - 3
24082,2025-10-10T11:20:33.790489,0.008,595.0,517.0,-1.2942823801774226,False,True,False,False,0,0,0,0,0,1,817,454,"[false, false, false]",410,2,2,Starfield Stage - 3
24091,2025-10-10T11:20:33.799308,0.009,592.5,517.0,-1.3013433847912301,False,True,False,False,0,0,0,0,0,1,817,455,"[false, false, false]",410,2,2,Starfield Stage - 3
24099,2025-10-10T11:20:33.807691,0.009,590.0,514.5,-1.3133637149495787,False,True,True,False,0,0,0,0,0,1,816,455,"[false, false, false]",410,2,2,Starfield Stage - 3
24108,2025-10-10T11:20:33.816845,0.009,587.5,512.0,-1.3253006006324162,False,True,True,False,0,0,0,0,0,1,815,455,"[false, false, false]",410,2,2,Starfield Stage - 3
24118,2025-10-10T11:20:33.826442,0.009,585.0,509.5,-1.3361639059667267,False,True,True,False,0,0,0,0,0,1,813,455,"[false, false, false]",410,2,2,Starfield Stage - 3
24126,2025-10-10T11:20:33.834236,0.008,582.5,507.0,-1.3409364282083158,False,True,True,False,0,0,0,0,0,1,809,454,"[false, false, false]",410,2,2,Starfield Stage - 3
24134,2025-10-10T11:20:33.842673,0.009,580.0,504.5,-1.3425437566185627,False,True,True,False,0,0,0,0,0,1,806,452,"[false, false, false]",410,2,2,Starfield Stage - 3
24143,2025-10-10T11:20:33.851688,0.009,577.5,502.0,-1.3379606781967581,False,True,True,False,0,0,0,0,0,1,801,449,"[false, false, false]",410,2,2,Starfield Stage - 3
24152,2025-10-10T11:20:33.860767,0.009,575.0,499.5,-1.3225970628867942,False,True,True,False,0,0,0,0,0,1,794,444,"[false, false, false]",410,2,2,Starfield Stage - 3
24161,2025-10-10T11:20:33.869579,0.008,572.5,497.0,-1.3011786201880349,False,True,True,False,0,0,0,0,0,1,786,438,"[false, false, false]",410,2,2,Starfield Stage - 3
24169,2025-10-10T11:20:33.877726,0.008,570.0,494.5,-1.2238794620009579,False,True,True,False,0,0,0,0,0,1,765,424,"[false, false, false]",410,2,2,Starfield Stage - 3
24178,2025-10-10T11:20:33.886534,0.009,567.5,492.0,-1.1800529876094346,False,True,True,False,0,0,0,0,0,1,752,416,"[false, false, false]",410,2,2,Starfield Stage - 3
24186,2025-10-10T11:20:33.894760,0.009,565.0,489.5,-1.1352772874712758,False,True,True,False,0,0,0,0,0,1,738,409,"[false, false, false]",410,2,2,Starfield Stage - 3
24196,2025-10-10T11:20:33.904223,0.009,562.5,487.0,-1.083462375405158,False,True,True,False,0,0,0,0,0,1,721,403,"[false, false, false]",410,2,2,Starfield Stage - 3
24204,2025-10-10T11:20:33.912406,0.008,560.0,484.5,-1.0166092109948344,False,True,True,False,0,0,0,0,0,1,703,396,"[false, false, false]",410,2,2,Starfield Stage - 3
24213,2025-10-10T11:20:33.921118,0.009,557.5,482.0,-0.9434228518452484,False,True,True,False,0,0,0,0,0,1,683,391,"[false, false, false]",410,2,2,Starfield Stage - 3
24221,2025-10-10T11:20:33.929394,0.008,557.5,479.5,-0.8503068530908817,False,False,True,False,0,0,0,0,0,1,664,386,"[false, false, false]",410,2,2,Starfield Stage - 3
24229,2025-10-10T11:20:33.937596,0.009,557.5,477.0,-0.7339530813806279,False,False,True,False,0,0,0,0,0,1,645,380,"[false, false, false]",410,2,2,Starfield Stage - 3
24239,2025-10-10T11:20:33.947019,0.009,557.5,474.5,-0.6260465224935314,False,False,True,False,0,0,0,0,0,1,628,377,"[false, false, false]",410,2,2,Starfield Stage - 3
24247,2025-10-10T11:20:33.955507,0.009,557.5,472.0,-0.5075315922821066,False,False,True,False,0,0,0,0,0,1,612,374,"[false, false, false]",410,2,2,Starfield Stage - 3
24257,2025-10-10T11:20:33.965533,0.01,557.5,469.5,-0.4148540967930541,False,False,True,False,0,0,0,0,0,1,600,373,"[false, false, false]",410,2,2,Starfield Stage - 3
24266,2025-10-10T11:20:33.974605,0.009,557.5,467.0,-0.29438218837554203,False,False,True,False,0,0,0,0,0,1,586,373,"[false, false, false]",410,2,2,Starfield Stage - 3
24276,2025-10-10T11:20:33.984051,0.009,557.5,464.5,-0.2717921586746994,False,False,True,False,0,0,0,0,0,1,583,373,"[false, false, false]",410,2,2,Starfield Stage - 3
24284,2025-10-10T11:20:33.992403,0.008,557.5,462.0,-0.26862734159588475,False,False,True,False,0,0,0,0,0,1,582,373,"[false, false, false]",410,2,2,Starfield Stage - 3
24292,2025-10-10T11:20:34.000015,0.008,557.5,459.5,-0.26527357588197886,False,False,True,False,0,0,0,0,0,1,581,373,"[false, false, false]",410,2,2,Starfield Stage - 3
24300,2025-10-10T11:20:34.008501,0.008,557.5,457.0,-0.2727879037968565,False,False,True,False,0,0,0,0,0,1,581,373,"[false, false, false]",410,2,2,Starfield Stage - 3
24308,2025-10-10T11:20:34.016627,0.009,557.5,454.5,-0.29201954061992613,False,False,True,False,0,0,0,0,0,1,582,373,"[false, false, false]",410,2,2,Starfield Stage - 3
24317,2025-10-10T11:20:34.025718,0.008,557.5,452.0,-0.32750864814766534,False,False,True,False,0,0,0,0,0,1,584,374,"[false, false, false]",410,2,2,Starfield Stage - 3
24325,2025-10-10T11:20:34.033940,0.009,557.5,449.5,-0.37703014546021685,False,False,True,False,0,0,0,0,0,1,587,375,"[false, false, false]",410,2,2,Starfield Stage - 3
24334,2025-10-10T11:20:34.042415,0.008,560.0,447.0,-0.42343940615971926,True,False,True,False,0,0,0,0,0,1,592,376,"[false, false, false]",410,2,2,Starfield Stage - 3
24342,2025-10-10T11:20:34.050605,0.009,562.5,444.5,-0.47813934806630615,True,False,True,False,0,0,0,0,0,1,598,376,"[false, false, false]",410,2,2,Starfield Stage - 3
24352,2025-10-10T11:20:34.060241,0.009,565.0,442.0,-0.5404195002705842,True,False,True,False,0,0,0,0,0,1,604,377,"[false, false, false]",410,2,2,Starfield Stage - 3
24360,2025-10-10T11:20:34.068243,0.008,567.5,439.5,-0.5971766580926775,True,False,True,False,0,0,0,0,0,1,610,377,"[false, false, false]",410,2,2,Starfield Stage - 3
24368,2025-10-10T11:20:34.076856,0.008,570.0,437.0,-0.6540827244143602,True,False,True,False,0,0,0,0,0,2,616,377,"[false, false, false]",410,2,2,Starfield Stage - 3
24376,2025-10-10T11:20:34.084499,0.008,572.5,434.5,-0.7006956525277905,True,False,True,False,0,0,0,0,0,2,621,377,"[false, false, false]",410,2,2,Starfield Stage - 3
24385,2025-10-10T11:20:34.093886,0.009,575.0,432.0,-0.7200706937740967,True,False,True,False,0,0,0,0,0,2,625,375,"[false, false, false]",410,2,2,Starfield Stage - 3
24393,2025-10-10T11:20:34.101865,0.009,577.5,429.5,-0.7323506336359772,True,False,True,False,0,0,0,0,0,2,631,370,"[false, false, false]",410,2,2,Starfield Stage - 3
24402,2025-10-10T11:20:34.110860,0.009,580.0,427.0,-0.7153375807589929,True,False,True,False,0,0,0,0,0,2,633,366,"[false, false, false]",410,2,2,Starfield Stage - 3
24411,2025-10-10T11:20:34.119297,0.008,582.5,424.5,-0.6971325254126397,True,False,True,False,0,0,0,0,0,2,634,363,"[false, false, false]",410,2,2,Starfield Stage - 3
24419,2025-10-10T11:20:34.127801,0.009,582.5,422.0,-0.6852971719794837,True,True,True,False,0,0,0,0,0,2,634,359,"[false, false, false]",410,2,2,Starfield Stage - 3
24429,2025-10-10T11:20:34.137104,0.009,580.0,419.5,-0.6894592905441614,False,True,True,False,0,0,0,0,0,2,634,354,"[false, false, false]",410,2,2,Starfield Stage - 3
24437,2025-10-10T11:20:34.145271,0.008,577.5,417.0,-0.6845271066761364,False,True,True,False,0,0,0,0,0,2,633,349,"[false, false, false]",410,2,2,Starfield Stage - 3
24446,2025-10-10T11:20:34.154081,0.009,575.0,414.5,-0.6712717453867054,False,True,True,False,0,0,0,0,0,2,631,344,"[false, false, false]",410,2,2,Starfield Stage - 3
24455,2025-10-10T11:20:34.163033,0.009,572.5,412.0,-0.6520938081564186,False,True,True,False,0,0,0,0,0,2,629,338,"[false, false, false]",410,2,2,Starfield Stage - 3
24463,2025-10-10T11:20:34.171389,0.008,570.0,409.5,-0.6171913915403622,False,True,True,False,0,0,0,0,0,2,625,332,"[false, false, false]",410,2,2,Starfield Stage - 3
24472,2025-10-10T11:20:34.180168,0.009,567.5,407.0,-0.5780879142708696,False,True,True,False,0,1,0,0,0,2,621,325,"[false, false, false]",410,2,2,Starfield Stage - 3
24480,2025-10-10T11:20:34.188248,0.008,565.0,404.5,-0.5378355266934286,False,True,True,False,0,1,0,0,0,2,616,319,"[false, false, false]",410,2,2,Starfield Stage - 3
24488,2025-10-10T11:20:34.196332,0.008,562.5,402.0,-0.4856220932974687,False,True,True,False,0,1,0,0,0,2,610,312,"[false, false, false]",410,2,2,Starfield Stage - 3
24497,2025-10-10T11:20:34.205375,0.009,560.0,399.5,-0.44856254645622984,False,True,True,False,0,1,0,0,0,2,605,306,"[false, false, false]",410,2,2,Starfield Stage - 3
24504,2025-10-10T11:20:34.212782,0.008,557.5,397.0,-0.36418480253390834,False,True,True,False,0,1,0,0,0,2,596,296,"[false, false, false]",410,2,2,Starfield Stage - 3
24513,2025-10-10T11:20:34.221426,0.008,555.0,394.5,-0.39443062944861434,False,True,True,False,0,1,0,0,0,2,596,296,"[false, false, false]",410,2,2,Starfield Stage - 3
24521,2025-10-10T11:20:34.229461,0.008,552.5,392.0,-0.3483922157232353,False,True,True,False,0,1,0,0,0,2,591,286,"[false, false, false]",410,2,2,Starfield Stage - 3
24529,2025-10-10T11:20:34.237701,0.009,550.0,389.5,-0.36129336925811606,False,True,True,False,0,1,0,0,0,2,591,281,"[false, false, false]",410,2,2,Starfield Stage - 3
24539,2025-10-10T11:20:34.247244,0.009,547.5,387.0,-0.365663717176949,False,True,True,False,0,1,0,0,0,2,590,276,"[false, false, false]",410,2,2,Starfield Stage - 3
24547,2025-10-10T11:20:34.255905,0.008,545.0,384.5,-0.374468714628756,False,True,True,False,0,1,0,0,0,2,590,270,"[false, false, false]",410,2,2,Starfield Stage - 3
24556,2025-10-10T11:20:34.264539,0.009,542.5,384.5,-0.39270964783215173,False,True,False,False,0,1,0,0,0,2,592,265,"[false, false, false]",410,2,2,Starfield Stage - 3
24564,2025-10-10T11:20:34.272719,0.009,540.0,384.5,-0.4092458951990335,False,True,False,False,0,1,0,0,0,2,594,260,"[false, false, false]",410,2,2,Starfield Stage - 3
24574,2025-10-10T11:20:34.282777,0.009,537.5,384.5,-0.4336408205683183,False,True,False,False,0,1,0,0,0,3,597,256,"[false, false, false]",410,2,2,Starfield Stage - 3
24581,2025-10-10T11:20:34.289745,0.008,535.0,384.5,-0.4560719963496107,False,True,False,False,0,1,0,0,0,3,600,252,"[false, false, false]",410,2,2,Starfield Stage - 3
24590,2025-10-10T11:20:34.298336,0.008,532.5,384.5,-0.4825132950224769,False,True,False,False,0,1,0,0,0,3,604,248,"[false, false, false]",410,2,2,Starfield Stage - 3
24598,2025-10-10T11:20:34.306459,0.008,530.0,384.5,-0.515277661590096,False,True,False,False,0,1,0,0,0,3,609,245,"[false, false, false]",410,2,2,Starfield Stage - 3
24607,2025-10-10T11:20:34.315492,0.009,527.5,384.5,-0.5424665803179823,False,True,False,False,0,1,0,0,0,3,614,241,"[false, false, false]",410,2,2,Starfield Stage - 3
24615,2025-10-10T11:20:34.323056,0.008,525.0,384.5,-0.5800851126183635,False,True,False,False,0,1,0,0,0,3,621,238,"[false, false, false]",410,2,2,Starfield Stage - 3
24623,2025-10-10T11:20:34.331472,0.008,522.5,384.5,-0.617696843154477,False,True,False,False,0,1,0,0,0,3,628,236,"[false, false, false]",410,2,2,Starfield Stage - 3
24632,2025-10-10T11:20:34.340181,0.009,520.0,384.5,-0.6608131251464403,False,True,False,False,0,1,0,0,0,3,637,234,"[false, false, false]",410,2,2,Starfield Stage - 3
24640,2025-10-10T11:20:34.348527,0.008,517.5,384.5,-0.711067276229783,False,True,False,False,0,1,0,0,0,3,648,233,"[false, false, false]",410,2,2,Starfield Stage - 3
24648,2025-10-10T11:20:34.356546,0.009,515.0,384.5,-0.7636260598313769,False,True,False,False,0,1,0,0,0,3,661,232,"[false, false, false]",410,2,2,Starfield Stage - 3
24658,2025-10-10T11:20:34.366072,0.009,512.5,384.5,-0.8201942398621429,False,True,False,False,0,1,0,0,0,3,676,232,"[false, false, false]",410,2,2,Starfield Stage - 3
24666,2025-10-10T11:20:34.374847,0.009,510.0,384.5,-0.9193430993441112,False,True,False,False,0,1,0,0,0,3,710,232,"[false, false, false]",410,2,2,Starfield Stage - 3
24675,2025-10-10T11:20:34.383515,0.009,507.5,384.5,-0.9657234725439245,False,True,False,False,0,1,0,0,0,3,728,232,"[false, false, false]",410,2,2,Starfield Stage - 3
24684,2025-10-10T11:20:34.392867,0.009,505.0,384.5,-1.0055390739516399,False,True,False,False,0,1,0,0,0,3,747,231,"[false, false, false]",410,2,2,Starfield Stage - 3
24693,2025-10-10T11:20:34.401307,0.008,502.5,384.5,-1.0404831640692174,False,True,False,False,0,1,0,0,0,3,766,230,"[false, false, false]",410,2,2,Starfield Stage - 3
24701,2025-10-10T11:20:34.409665,0.008,500.0,384.5,-1.0698474373951972,False,True,False,False,0,1,0,0,0,3,784,229,"[false, false, false]",410,2,2,Starfield Stage - 3
24709,2025-10-10T11:20:34.417869,0.009,497.5,387.0,-1.0842768898761148,False,True,False,True,0,1,0,0,0,3,800,227,"[false, false, false]",410,2,2,Starfield Stage - 3
24718,2025-10-10T11:20:34.426414,0.008,495.0,389.5,-1.0958921576110419,False,True,False,True,0,1,0,0,0,3,813,226,"[false, false, false]",410,2,2,Starfield Stage - 3
24726,2025-10-10T11:20:34.434506,0.008,492.5,392.0,-1.1041547147642097,False,True,False,True,0,1,0,0,0,3,826,224,"[false, false, false]",410,2,2,Starfield Stage - 3
24735,2025-10-10T11:20:34.443108,0.009,490.0,394.5,-1.1094568498752788,False,True,False,True,0,1,0,0,0,3,837,222,"[false, false, false]",410,2,2,Starfield Stage - 3
24743,2025-10-10T11:20:34.451367,0.008,487.5,397.0,-1.1132870335550344,False,True,False,True,0,1,0,0,0,3,847,220,"[false, false, false]",410,2,2,Starfield Stage - 3
24751,2025-10-10T11:20:34.459590,0.008,485.0,399.5,-1.1158111973784892,False,True,False,True,0,1,0,0,0,3,856,218,"[false, false, false]",410,2,2,Starfield Stage - 3
24760,2025-10-10T11:20:34.468083,0.009,482.5,402.0,-1.1161241895448932,False,True,False,True,0,1,0,0,0,3,863,216,"[false, false, false]",410,2,2,Starfield Stage - 3
24768,2025-10-10T11:20:34.476605,0.008,480.0,404.5,-1.1184942856286597,False,True,False,True,0,1,0,0,0,3,870,215,"[false, false, false]",410,2,2,Starfield Stage - 3
24777,2025-10-10T11:20:34.485930,0.009,477.5,407.0,-1.1208256764801163,False,True,False,True,0,1,0,0,0,3,875,215,"[false, false, false]",410,2,2,Starfield Stage - 3
24785,2025-10-10T11:20:34.493505,0.008,475.0,409.5,-1.1249951124362454,False,True,False,True,0,1,0,0,0,3,882,215,"[false, false, false]",410,2,2,Starfield Stage - 3
24793,2025-10-10T11:20:34.501670,0.008,475.0,412.0,-1.1209681736292088,True,True,False,True,0,1,0,0,0,3,883,215,"[false, false, false]",410,2,2,Starfield Stage - 3
24801,2025-10-10T11:20:34.509733,0.009,475.0,414.5,-1.1160111150097607,True,True,False,True,0,1,0,0,0,3,883,215,"[false, false, false]",410,2,2,Starfield Stage - 3
24810,2025-10-10T11:20:34.518716,0.008,475.0,417.0,-1.1110779706571632,True,True,False,True,0,1,0,0,0,3,883,215,"[false, false, false]",410,2,2,Starfield Stage - 3
24817,2025-10-10T11:20:34.525838,0.008,477.5,419.5,-1.1037021534008045,True,False,False,True,0,1,0,0,0,3,883,215,"[false, false, false]",410,2,2,Starfield Stage - 3
24827,2025-10-10T11:20:34.535818,0.009,480.0,422.0,-1.09432890732119,True,False,False,True,0,1,0,0,0,3,883,214,"[false, false, false]",410,2,2,Starfield Stage - 3
24835,2025-10-10T11:20:34.543786,0.008,482.5,422.0,-1.0877674470981615,True,False,False,False,0,1,0,0,0,3,881,213,"[false, false, false]",410,2,2,Starfield Stage - 3
24844,2025-10-10T11:20:34.552064,0.009,485.0,422.0,-1.0800469214988948,True,False,False,False,0,1,0,0,0,3,878,212,"[false, false, false]",410,2,2,Starfield Stage - 3
24852,2025-10-10T11:20:34.560491,0.008,487.5,422.0,-1.0669054211795308,True,False,False,False,0,1,0,0,0,3,872,210,"[false, false, false]",410,2,2,Starfield Stage - 3
24861,2025-10-10T11:20:34.569240,0.009,490.0,422.0,-1.049361887023153,True,False,False,False,0,1,0,0,0,3,866,206,"[false, false, false]",410,2,2,Starfield Stage - 3
24869,2025-10-10T11:20:34.577768,0.009,492.5,422.0,-1.028969792276957,True,False,False,False,0,1,0,0,0,3,858,202,"[false, false, false]",410,2,2,Starfield Stage - 3
24878,2025-10-10T11:20:34.586759,0.009,495.0,422.0,-1.0046156555685373,True,False,False,False,0,1,0,0,0,3,849,197,"[false, false, false]",410,2,2,Starfield Stage - 3
24888,2025-10-10T11:20:34.596268,0.009,497.5,422.0,-0.9733377403194997,True,False,False,False,0,1,0,0,0,3,837,191,"[false, false, false]",410,2,2,Starfield Stage - 3
24897,2025-10-10T11:20:34.605239,0.009,500.0,422.0,-0.9077201813006556,True,False,False,False,0,1,0,0,0,3,806,183,"[false, false, false]",410,2,2,Starfield Stage - 3
24905,2025-10-10T11:20:34.613343,0.008,502.5,422.0,-0.863909435432296,True,False,False,False,0,1,0,0,0,3,787,179,"[false, false, false]",410,2,2,Starfield Stage - 3
24913,2025-10-10T11:20:34.621936,0.009,505.0,422.0,-0.8149753344026918,True,False,False,False,0,1,0,0,0,3,766,176,"[false, false, false]",410,2,2,Starfield Stage - 3
24922,2025-10-10T11:20:34.630556,0.008,507.5,422.0,-0.7657928325402437,True,False,False,False,0,1,0,0,0,3,745,175,"[false, false, false]",410,2,2,Starfield Stage - 3
24931,2025-10-10T11:20:34.639659,0.009,510.0,422.0,-0.7182541286803878,True,False,False,False,0,1,0,0,0,3,725,176,"[false, false, false]",410,2,2,Starfield Stage - 3
24940,2025-10-10T11:20:34.648033,0.009,512.5,422.0,-0.6739814486986996,True,False,False,False,0,1,0,0,0,3,705,181,"[false, false, false]",410,2,2,Starfield Stage - 3
24948,2025-10-10T11:20:34.656668,0.008,515.0,424.5,-0.6328412649862069,True,False,False,True,0,1,0,0,0,3,687,190,"[false, false, false]",410,2,2,Starfield Stage - 3
24956,2025-10-10T11:20:34.664481,0.008,517.5,427.0,-0.6058943546969057,True,False,False,True,0,1,0,0,0,3,672,204,"[false, false, false]",410,2,2,Starfield Stage - 3
24964,2025-10-10T11:20:34.672704,0.009,515.0,429.5,-0.6044214892363893,False,True,False,True,0,1,0,0,0,3,659,221,"[false, false, false]",410,2,2,Starfield Stage - 3
24973,2025-10-10T11:20:34.681855,0.009,512.5,432.0,-0.6204970720139101,False,True,False,True,0,1,0,0,0,3,649,241,"[false, false, false]",410,2,2,Starfield Stage - 3
24982,2025-10-10T11:20:34.690428,0.008,510.0,434.5,-0.6523053298653456,False,True,False,True,0,1,0,0,0,3,641,263,"[false, false, false]",410,2,2,Starfield Stage - 3
24990,2025-10-10T11:20:34.698294,0.008,507.5,437.0,-0.7006109656155085,False,True,False,True,0,1,0,0,0,3,634,287,"[false, false, false]",410,2,2,Starfield Stage - 3
24998,2025-10-10T11:20:34.706523,0.008,505.0,439.5,-0.7714825606973085,False,True,False,True,0,1,0,0,0,3,629,312,"[false, false, false]",410,2,2,Starfield Stage - 3
25006,2025-10-10T11:20:34.714462,0.008,502.5,442.0,-0.870161892510066,False,True,False,True,0,1,0,0,0,3,627,337,"[false, false, false]",410,2,2,Starfield Stage - 3
25015,2025-10-10T11:20:34.723099,0.009,500.0,444.5,-0.9930164154574267,False,True,False,True,0,1,0,0,0,3,625,363,"[false, false, false]",410,2,2,Starfield Stage - 3
25023,2025-10-10T11:20:34.731562,0.008,497.5,447.0,-1.146810447717218,False,True,False,True,0,1,0,0,0,3,626,389,"[false, false, false]",410,2,2,Starfield Stage - 3
25032,2025-10-10T11:20:34.740551,0.009,495.0,449.5,-1.3188063850427074,False,True,False,True,0,1,0,0,0,3,629,415,"[false, false, false]",410,2,2,Starfield Stage - 3
25040,2025-10-10T11:20:34.748235,0.008,492.5,452.0,-1.6714649789527256,False,True,False,True,0,1,0,0,0,3,641,467,"[false, false, false]",410,2,2,Starfield Stage - 3
25048,2025-10-10T11:20:34.756443,0.008,490.0,454.5,-1.8067049438633682,False,True,False,True,0,1,0,0,0,3,646,492,"[false, false, false]",410,2,2,Starfield Stage - 3
25057,2025-10-10T11:20:34.765856,0.009,487.5,457.0,-1.917109729035154,False,True,False,True,0,1,0,0,0,3,651,516,"[false, false, false]",410,2,2,Starfield Stage - 3
25065,2025-10-10T11:20:34.773740,0.009,485.0,459.5,-2.0056403794043636,False,True,False,True,0,1,0,0,0,3,654,538,"[false, false, false]",410,2,2,Starfield Stage - 3
25074,2025-10-10T11:20:34.782380,0.008,482.5,462.0,-2.071756926436373,False,True,False,True,0,1,0,0,0,3,656,557,"[false, false, false]",410,2,2,Starfield Stage - 3
25082,2025-10-10T11:20:34.790564,0.008,485.0,462.0,-2.150657997574701,True,False,False,False,0,1,0,0,0,3,656,574,"[false, false, false]",410,2,2,Starfield Stage - 3
25091,2025-10-10T11:20:34.799296,0.009,487.5,462.0,-2.2253228756792276,True,False,False,False,0,1,0,0,1,3,653,589,"[false, false, false]",410,2,2,Starfield Stage - 3
25099,2025-10-10T11:20:34.807816,0.009,490.0,462.0,-2.30255471886553,True,False,False,False,0,1,0,0,1,3,647,603,"[false, false, false]",410,2,2,Starfield Stage - 3
25109,2025-10-10T11:20:34.817146,0.009,492.5,462.0,-2.3813148330886973,True,False,False,False,0,1,0,0,1,3,638,615,"[false, false, false]",410,2,2,Starfield Stage - 3
25117,2025-10-10T11:20:34.825345,0.008,495.0,462.0,-2.4631671296616897,True,False,False,False,0,1,0,0,1,3,628,627,"[false, false, false]",410,2,2,Starfield Stage - 3
25125,2025-10-10T11:20:34.833307,0.008,497.5,462.0,-2.5463723276128025,True,False,False,False,0,1,0,0,1,3,616,637,"[false, false, false]",410,2,2,Starfield Stage - 3
25133,2025-10-10T11:20:34.841280,0.008,500.0,462.0,-2.6335767182621903,True,False,False,False,0,1,0,0,1,3,603,647,"[false, false, false]",410,2,2,Starfield Stage - 3
25141,2025-10-10T11:20:34.849799,0.009,502.5,462.0,-2.7240822696293843,True,False,False,False,0,1,0,0,1,3,589,657,"[false, false, false]",410,2,2,Starfield Stage - 3
25150,2025-10-10T11:20:34.858565,0.009,505.0,462.0,-2.8183864961454947,True,False,False,False,0,1,0,0,1,3,574,668,"[false, false, false]",410,2,2,Starfield Stage - 3
25159,2025-10-10T11:20:34.867674,0.009,507.5,462.0,-2.9183143274539973,True,False,False,False,0,1,0,0,1,3,557,680,"[false, false, false]",410,2,2,Starfield Stage - 3
25169,2025-10-10T11:20:34.877251,0.009,510.0,462.0,-3.011890116433881,True,False,False,False,0,1,0,0,1,3,540,692,"[false, false, false]",410,2,2,Starfield Stage - 3
25177,2025-10-10T11:20:34.885273,0.008,512.5,462.0,3.116306215590866,True,False,False,False,0,1,0,0,1,3,506,719,"[false, false, false]",410,2,2,Starfield Stage - 3
25185,2025-10-10T11:20:34.893487,0.008,515.0,462.0,3.0532622130907376,True,False,False,False,1,1,0,0,1,3,491,733,"[true, false, false]",410,2,2,Starfield Stage - 3
25193,2025-10-10T11:20:34.901721,0.009,517.5,462.0,3.0077816761152025,True,False,False,False,1,1,0,0,1,3,479,748,"[true, false, false]",410,2,2,Starfield Stage - 3
25202,2025-10-10T11:20:34.910947,0.009,517.5,462.0,2.9780660347688,True,True,False,False,1,1,0,0,1,3,468,762,"[true, false, false]",410,2,2,Starfield Stage - 3
25211,2025-10-10T11:20:34.919476,0.008,515.0,462.0,2.967649583143559,False,True,False,False,1,1,0,0,1,3,460,775,"[true, false, false]",410,2,2,Starfield Stage - 3
25219,2025-10-10T11:20:34.927858,0.009,512.5,462.0,2.9654196170044584,False,True,False,False,1,1,0,0,1,3,455,785,"[true, false, false]",410,2,2,Starfield Stage - 3
25229,2025-10-10T11:20:34.937392,0.009,510.0,462.0,2.965197506596572,False,True,False,False,1,1,0,0,1,3,451,793,"[true, false, false]",410,2,2,Starfield Stage - 3
25237,2025-10-10T11:20:34.945454,0.008,507.5,462.0,2.9716072545208543,False,True,False,False,1,1,0,0,1,3,450,797,"[true, false, false]",410,2,2,Starfield Stage - 3
25245,2025-10-10T11:20:34.953666,0.009,505.0,462.0,2.976443976175166,False,True,False,False,1,1,0,0,1,3,449,798,"[true, false, false]",410,2,2,Starfield Stage - 3
25255,2025-10-10T11:20:34.963360,0.009,502.5,462.0,2.984152809256113,False,True,False,False,1,1,0,0,1,3,449,799,"[false, false, false]",410,2,2,Starfield Stage - 3
25263,2025-10-10T11:20:34.971477,0.009,500.0,462.0,2.99139703430096,False,True,False,False,1,1,0,0,1,3,449,799,"[false, false, false]",410,2,2,Starfield Stage - 3
25273,2025-10-10T11:20:34.981317,0.009,497.5,462.0,2.9986571777597097,False,True,False,False,1,1,0,0,1,3,449,799,"[false, false, false]",410,2,2,Starfield Stage - 3
25281,2025-10-10T11:20:34.989957,0.009,495.0,459.5,3.009812949408065,False,True,True,False,1,1,0,0,1,3,450,799,"[false, false, false]",410,2,2,Starfield Stage - 3
25290,2025-10-10T11:20:34.998192,0.008,492.5,457.0,3.025596541223849,False,True,True,False,1,1,0,0,1,3,453,796,"[false, false, false]",410,2,2,Starfield Stage - 3
25299,2025-10-10T11:20:35.007646,0.01,490.0,454.5,3.044124701771251,False,True,True,False,1,1,0,0,1,3,457,792,"[false, false, false]",410,2,2,Starfield Stage - 3
25308,2025-10-10T11:20:35.016705,0.009,487.5,452.0,3.0739250399821083,False,True,True,False,1,1,0,0,1,3,465,784,"[false, false, false]",410,2,2,Starfield Stage - 3
25318,2025-10-10T11:20:35.026234,0.009,485.0,449.5,3.104855743598974,False,True,True,False,1,1,0,0,1,3,473,776,"[false, false, false]",410,2,2,Starfield Stage - 3
25326,2025-10-10T11:20:35.034445,0.008,482.5,447.0,-3.140030154861357,False,True,True,False,1,1,0,0,1,3,483,767,"[false, false, false]",410,2,2,Starfield Stage - 3
25334,2025-10-10T11:20:35.042676,0.009,480.0,444.5,-3.096822589346031,False,True,True,False,1,1,0,0,1,3,494,757,"[false, false, false]",410,2,2,Starfield Stage - 3
25343,2025-10-10T11:20:35.051780,0.009,477.5,442.0,-3.0490240915669236,False,True,True,False,1,1,0,0,1,3,506,749,"[false, false, false]",410,2,2,Starfield Stage - 3
25352,2025-10-10T11:20:35.060189,0.008,475.0,439.5,-2.9994626616499867,False,True,True,False,1,1,0,0,1,3,518,740,"[false, false, false]",410,2,2,Starfield Stage - 3
25395,2025-10-10T11:20:35.103493,0.009,472.5,437.0,-2.9055896776117613,False,True,True,False,0,1,0,0,1,3,542,726,"[false, false, false]",420,2,2,Starfield Stage - 3
25397,2025-10-10T11:20:35.105471,0.036,470.0,434.5,-2.8683890820417624,False,True,True,False,1,1,0,0,1,3,550,720,"[true, false, false]",420,2,2,Starfield Stage - 3
25406,2025-10-10T11:20:35.114131,0.009,472.5,432.0,-2.8374967655222467,True,False,True,False,1,1,0,0,1,3,561,714,"[true, false, false]",420,2,2,Starfield Stage - 3
25414,2025-10-10T11:20:35.122209,0.008,475.0,429.5,-2.8480411151567964,True,False,True,False,1,1,0,0,1,3,561,714,"[true, false, false]",420,2,2,Starfield Stage - 3
25422,2025-10-10T11:20:35.130798,0.009,477.5,427.0,-2.8584676643886646,True,False,True,False,1,1,0,0,1,3,561,714,"[true, false, false]",420,2,2,Starfield Stage - 3
25431,2025-10-10T11:20:35.139100,0.008,480.0,424.5,-2.868776147310249,True,False,True,False,1,1,0,0,1,3,561,714,"[true, false, false]",420,2,2,Starfield Stage - 3
25439,2025-10-10T11:20:35.147585,0.009,482.5,422.0,-2.878966404358572,True,False,True,False,1,1,0,0,1,3,561,714,"[false, false, false]",420,2,2,Starfield Stage - 3
25449,2025-10-10T11:20:35.157149,0.009,485.0,419.5,-2.8890383778117337,True,False,True,False,1,1,0,0,1,3,561,714,"[false, false, false]",420,2,2,Starfield Stage - 3
25457,2025-10-10T11:20:35.165740,0.009,487.5,417.0,-2.898204446378343,True,False,True,False,1,1,0,0,1,3,561,713,"[false, false, false]",420,2,2,Starfield Stage - 3
25466,2025-10-10T11:20:35.174252,0.008,490.0,414.5,-2.907319370536544,True,False,True,False,1,1,0,0,1,3,561,712,"[false, false, false]",420,2,2,Starfield Stage - 3
25474,2025-10-10T11:20:35.182345,0.008,492.5,412.0,-2.9149167613941342,True,False,True,False,1,1,0,0,1,3,561,709,"[false, false, false]",420,2,2,Starfield Stage - 3
25482,2025-10-10T11:20:35.190631,0.009,495.0,409.5,-2.9225666286380085,True,False,True,False,1,1,0,0,1,3,561,706,"[false, false, false]",420,2,2,Starfield Stage - 3
25491,2025-10-10T11:20:35.199337,0.008,497.5,407.0,-2.92957350186059,True,False,True,False,1,1,0,0,1,3,561,702,"[false, false, false]",420,2,2,Starfield Stage - 3
25499,2025-10-10T11:20:35.207594,0.009,500.0,404.5,-2.9373501189008113,True,False,True,False,1,1,0,0,1,3,561,699,"[false, false, false]",420,2,2,Starfield Stage - 3
25509,2025-10-10T11:20:35.217272,0.009,502.5,402.0,-2.944525285392061,True,False,True,False,1,2,0,0,1,4,561,695,"[false, false, false]",420,2,2,Starfield Stage - 3
25517,2025-10-10T11:20:35.225190,0.008,505.0,399.5,-2.951795229646365,True,False,True,False,1,2,0,0,1,4,561,691,"[false, false, false]",420,2,2,Starfield Stage - 3
25525,2025-10-10T11:20:35.233230,0.008,507.5,397.0,-2.959161058204951,True,False,True,False,1,2,0,0,1,4,561,687,"[false, false, false]",420,2,2,Starfield Stage - 3
25534,2025-10-10T11:20:35.242556,0.009,510.0,394.5,-2.9678042803359044,True,False,True,False,1,2,0,0,1,4,561,685,"[false, false, false]",420,2,2,Starfield Stage - 3
25542,2025-10-10T11:20:35.250948,0.009,512.5,394.5,-2.97503908808568,True,False,False,False,1,2,0,0,1,4,561,683,"[false, false, false]",420,2,2,Starfield Stage - 3
25551,2025-10-10T11:20:35.259164,0.008,512.5,394.5,-2.9744704800058983,True,True,False,False,2,2,0,0,1,4,561,682,"[true, false, false]",420,2,2,Starfield Stage - 3
25559,2025-10-10T11:20:35.267801,0.009,512.5,394.5,-2.9744704800058983,True,True,False,False,2,2,0,0,1,4,561,682,"[true, false, false]",420,2,2,Starfield Stage - 3
25605,2025-10-10T11:20:35.313860,0.008,512.5,394.5,-2.9744704800058983,True,True,False,False,1,2,0,0,1,4,561,682,"[true, false, false]",440,2,2,Starfield Stage - 3
25607,2025-10-10T11:20:35.315785,0.04,510.0,394.5,-2.9660276862441965,False,True,False,False,1,2,0,0,1,4,561,682,"[true, false, false]",440,2,2,Starfield Stage - 3
25616,2025-10-10T11:20:35.324007,0.008,507.5,394.5,-2.9576101055394055,False,True,False,False,1,2,0,0,1,4,561,682,"[true, false, false]",440,2,2,Starfield Stage - 3
25624,2025-10-10T11:20:35.332633,0.008,505.0,394.5,-2.9492188124916674,False,True,False,False,1,2,0,0,1,4,561,682,"[false, false, false]",440,2,2,Starfield Stage - 3
25631,2025-10-10T11:20:35.339958,0.008,502.5,394.5,-2.940854860195498,False,True,False,False,1,2,0,0,1,4,561,682,"[false, false, false]",440,2,2,Starfield Stage - 3
25640,2025-10-10T11:20:35.348506,0.009,500.0,394.5,-2.9325192795969257,False,True,False,False,1,2,0,0,1,4,561,682,"[false, false, false]",440,2,2,Starfield Stage - 3
25650,2025-10-10T11:20:35.358148,0.009,497.5,394.5,-2.9242130788930263,False,True,False,False,1,2,0,0,1,4,561,682,"[false, false, false]",440,2,2,Starfield Stage - 3
25658,2025-10-10T11:20:35.366602,0.009,495.0,394.5,-2.9159372429743082,False,True,False,False,1,2,0,0,1,4,561,682,"[false, false, false]",440,2,2,Starfield Stage - 3
25667,2025-10-10T11:20:35.375724,0.009,492.5,394.5,-2.907692732910263,False,True,False,False,1,2,0,0,1,4,561,682,"[false, false, false]",440,2,2,Starfield Stage - 3
25676,2025-10-10T11:20:35.384340,0.008,490.0,394.5,-2.8994804854782736,False,True,False,False,1,2,0,0,1,4,561,682,"[false, false, false]",440,2,2,Starfield Stage - 3
25684,2025-10-10T11:20:35.392385,0.008,487.5,394.5,-2.8913014127359107,False,True,False,False,1,2,0,0,1,4,561,682,"[false, false, false]",440,2,2,Starfield Stage - 3
25692,2025-10-10T11:20:35.400752,0.009,485.0,394.5,-2.8831564016365507,False,True,False,False,1,2,0,0,1,4,561,682,"[false, false, false]",440,2,2,Starfield Stage - 3
25701,2025-10-10T11:20:35.409287,0.008,482.5,394.5,-2.874159618864506,False,True,False,False,1,2,0,0,1,4,561,681,"[false, false, false]",440,2,2,Starfield Stage - 3
25709,2025-10-10T11:20:35.417323,0.008,480.0,394.5,-2.8660611536040976,False,True,False,False,1,2,0,0,1,4,561,681,"[false, false, false]",440,2,2,Starfield Stage - 3
25717,2025-10-10T11:20:35.425331,0.008,477.5,394.5,-2.860288612591162,False,True,False,False,1,2,0,0,2,4,560,680,"[false, false, false]",440,2,2,Starfield Stage - 3
25725,2025-10-10T11:20:35.433549,0.008,475.0,394.5,-2.8522258882230247,False,True,False,False,1,2,0,0,2,4,560,680,"[false, false, false]",440,2,2,Starfield Stage - 3
25733,2025-10-10T11:20:35.441639,0.009,472.5,394.5,-2.847406695876613,False,True,False,False,2,2,0,0,2,4,559,680,"[true, false, false]",440,2,2,Starfield Stage - 3
25743,2025-10-10T11:20:35.451268,0.009,470.0,394.5,-2.84482361030646,False,True,False,False,2,2,0,0,2,4,557,679,"[true, false, false]",440,2,2,Starfield Stage - 3
25751,2025-10-10T11:20:35.459677,0.009,467.5,394.5,-2.8432172245347878,False,True,False,False,2,2,0,0,2,4,555,679,"[true, false, false]",440,2,2,Starfield Stage - 3
25797,2025-10-10T11:20:35.505760,0.009,465.0,394.5,-2.837402827111961,False,True,False,False,1,2,0,0,2,3,554,678,"[true, false, false]",460,2,2,Starfield Stage - 3
25802,2025-10-10T11:20:35.510004,0.041,462.5,394.5,-2.835798191739902,False,True,False,False,1,2,0,0,2,3,552,678,"[true, false, false]",460,2,2,Starfield Stage - 3
25810,2025-10-10T11:20:35.518740,0.009,460.0,394.5,-2.828927899409125,False,True,False,False,1,2,0,0,2,3,551,676,"[false, false, false]",460,2,2,Starfield Stage - 3
25819,2025-10-10T11:20:35.527259,0.008,457.5,394.5,-2.820908196870278,False,True,False,False,1,2,0,0,3,3,551,676,"[false, false, false]",460,2,2,Starfield Stage - 3
25827,2025-10-10T11:20:35.535294,0.008,455.0,394.5,-2.8129309917903953,False,True,False,False,1,2,0,0,3,3,551,676,"[false, false, false]",460,2,2,Starfield Stage - 3
25835,2025-10-10T11:20:35.543835,0.009,452.5,394.5,-2.8049969543864597,False,True,False,False,1,2,0,0,3,3,551,676,"[false, false, false]",460,2,2,Starfield Stage - 3
25844,2025-10-10T11:20:35.552383,0.008,450.0,397.0,-2.7942613265234653,False,True,False,True,1,2,0,0,3,3,551,676,"[false, false, false]",460,2,2,Starfield Stage - 3
25852,2025-10-10T11:20:35.560797,0.009,447.5,399.5,-2.783416631415632,False,True,False,True,1,2,0,0,3,3,551,676,"[false, false, false]",460,2,2,Starfield Stage - 3
25861,2025-10-10T11:20:35.569950,0.009,445.0,402.0,-2.772463788049287,False,True,False,True,1,2,0,0,3,3,551,676,"[false, false, false]",460,2,2,Starfield Stage - 3
25870,2025-10-10T11:20:35.578616,0.009,442.5,404.5,-2.761403837597271,False,True,False,True,1,2,0,0,3,3,551,676,"[false, false, false]",460,2,2,Starfield Stage - 3
25879,2025-10-10T11:20:35.587773,0.009,440.0,407.0,-2.7502379464800195,False,True,False,True,1,2,0,0,3,3,551,676,"[false, false, false]",460,2,2,Starfield Stage - 3
25889,2025-10-10T11:20:35.597480,0.009,437.5,409.5,-2.738967409207691,False,True,False,True,1,2,0,0,3,3,551,676,"[false, false, false]",460,2,2,Starfield Stage - 3
25897,2025-10-10T11:20:35.605403,0.008,435.0,412.0,-2.7275936509775933,False,True,False,True,1,2,0,0,3,3,551,676,"[false, false, false]",460,2,2,Starfield Stage - 3
25905,2025-10-10T11:20:35.613467,0.009,432.5,414.5,-2.7161182300008937,False,True,False,True,1,2,0,0,3,3,551,676,"[false, false, false]",460,2,2,Starfield Stage - 3
25914,2025-10-10T11:20:35.622780,0.009,430.0,417.0,-2.704542839532611,False,True,False,True,1,2,0,0,3,3,551,676,"[false, false, false]",460,2,2,Starfield Stage - 3
25923,2025-10-10T11:20:35.631463,0.008,427.5,419.5,-2.692869309579072,False,True,False,True,2,2,0,0,3,3,551,676,"[true, false, false]",460,2,2,Starfield Stage - 3
25968,2025-10-10T11:20:35.676885,0.008,425.0,422.0,-2.681099608257464,False,True,False,True,1,1,0,0,3,3,551,676,"[true, false, false]",470,2,2,Starfield Stage - 3
25973,2025-10-10T11:20:35.681116,0.042,422.5,424.5,-2.669235842782805,False,True,False,True,1,1,0,0,3,3,551,676,"[true, false, false]",470,2,2,Starfield Stage - 3
25982,2025-10-10T11:20:35.690724,0.009,420.0,424.5,-2.6613850443290157,False,True,False,False,1,1,0,0,3,3,551,676,"[true, false, false]",470,2,2,Starfield Stage - 3
25990,2025-10-10T11:20:35.698403,0.008,417.5,424.5,-2.6535979319848773,False,True,False,False,1,1,0,0,3,3,551,676,"[false, false, false]",470,2,2,Starfield Stage - 3
25998,2025-10-10T11:20:35.706457,0.008,415.0,424.5,-2.64587466685449,False,True,False,False,1,1,0,0,3,3,551,676,"[false, false, false]",470,2,2,Starfield Stage - 3
26006,2025-10-10T11:20:35.714552,0.009,412.5,424.5,-2.6382153769463246,False,True,False,False,1,1,0,0,3,3,551,676,"[false, false, false]",470,2,2,Starfield Stage - 3
26015,2025-10-10T11:20:35.723074,0.008,410.0,424.5,-2.6306201581346245,False,True,False,False,1,1,0,0,3,3,551,676,"[false, false, false]",470,2,2,Starfield Stage - 3
26024,2025-10-10T11:20:35.732069,0.009,407.5,424.5,-2.6230890751297657,False,True,False,False,1,1,0,0,3,3,551,676,"[false, false, false]",470,2,2,Starfield Stage - 3
26032,2025-10-10T11:20:35.740559,0.009,405.0,424.5,-2.606746577568811,False,True,False,False,1,1,0,0,3,3,554,676,"[false, false, false]",470,2,2,Starfield Stage - 3
26042,2025-10-10T11:20:35.750614,0.01,402.5,424.5,-2.5896062892110105,False,True,False,False,1,1,0,0,3,3,558,677,"[false, false, false]",470,2,2,Starfield Stage - 3
26051,2025-10-10T11:20:35.759435,0.008,400.0,424.5,-2.5719450329826206,False,True,False,False,1,1,0,0,3,3,563,679,"[false, false, false]",470,2,2,Starfield Stage - 3
26059,2025-10-10T11:20:35.767677,0.009,397.5,424.5,-2.557649567661033,False,True,False,False,1,1,0,0,3,3,567,681,"[false, false, false]",470,2,2,Starfield Stage - 3
26068,2025-10-10T11:20:35.776320,0.008,395.0,424.5,-2.5429944200844843,False,True,False,False,1,1,0,0,3,3,572,684,"[false, false, false]",470,2,2,Starfield Stage - 3
26076,2025-10-10T11:20:35.784443,0.008,392.5,424.5,-2.5279100195799695,False,True,False,False,1,1,0,0,3,3,576,685,"[false, false, false]",470,2,2,Starfield Stage - 3
26084,2025-10-10T11:20:35.792667,0.009,390.0,424.5,-2.51575864630722,False,True,False,False,1,1,0,0,3,3,579,686,"[false, false, false]",470,2,2,Starfield Stage - 3
26093,2025-10-10T11:20:35.801375,0.008,387.5,424.5,-2.5020804773064,False,True,False,False,1,1,0,0,3,3,582,686,"[false, false, false]",470,2,2,Starfield Stage - 3
26101,2025-10-10T11:20:35.809704,0.008,385.0,424.5,-2.488675055205056,False,True,False,False,1,1,0,0,3,3,585,686,"[false, false, false]",470,2,2,Starfield Stage - 3
26109,2025-10-10T11:20:35.817481,0.008,382.5,424.5,-2.47790748296031,False,True,False,False,2,1,0,0,3,3,587,686,"[true, false, false]",470,2,2,Starfield Stage - 3
26117,2025-10-10T11:20:35.825481,0.008,380.0,424.5,-2.469656097564337,False,True,False,False,2,1,0,0,3,3,588,686,"[true, false, false]",470,2,2,Starfield Stage - 3
26125,2025-10-10T11:20:35.832981,0.008,377.5,424.5,-2.4615116181755385,False,True,False,False,2,1,0,0,3,3,589,686,"[true, false, false]",470,2,2,Starfield Stage - 3
26133,2025-10-10T11:20:35.841588,0.009,375.0,424.5,-2.453473040199514,False,True,False,False,2,1,0,0,3,3,590,686,"[true, false, false]",470,2,2,Starfield Stage - 3
26142,2025-10-10T11:20:35.850744,0.009,372.5,424.5,-2.4455393302458326,False,True,False,False,2,1,0,0,3,3,591,686,"[true, false, false]",470,2,2,Starfield Stage - 3
26151,2025-10-10T11:20:35.859171,0.008,370.0,424.5,-2.437709428898435,False,True,False,False,2,1,0,0,3,3,592,686,"[true, false, false]",470,2,2,Starfield Stage - 3
26160,2025-10-10T11:20:35.868435,0.009,367.5,424.5,-2.428086835741473,False,True,False,False,2,1,0,0,3,3,593,685,"[true, false, false]",470,2,2,Starfield Stage - 3
26169,2025-10-10T11:20:35.877225,0.009,365.0,424.5,-2.4207201731482675,False,True,False,False,2,1,0,0,3,3,593,684,"[false, false, false]",470,2,2,Starfield Stage - 3
26178,2025-10-10T11:20:35.886428,0.009,362.5,424.5,-2.4153092074972764,False,True,False,False,2,1,0,0,3,3,593,684,"[false, false, false]",470,2,2,Starfield Stage - 3
26187,2025-10-10T11:20:35.895089,0.009,360.0,424.5,-2.409949759280028,False,True,False,False,2,1,0,0,3,3,593,684,"[false, false, false]",470,2,2,Starfield Stage - 3
26195,2025-10-10T11:20:35.903785,0.009,357.5,424.5,-2.4046413997618243,False,True,False,False,2,1,0,0,3,3,593,684,"[false, false, false]",470,2,2,Starfield Stage - 3
26205,2025-10-10T11:20:35.913795,0.01,355.0,424.5,-2.39938369682502,False,True,False,False,2,1,0,0,3,3,593,684,"[false, false, false]",470,2,2,Starfield Stage - 3
26214,2025-10-10T11:20:35.922364,0.008,352.5,424.5,-2.392107186806909,False,True,False,False,2,1,0,0,3,3,594,684,"[false, false, false]",470,2,2,Starfield Stage - 3
26222,2025-10-10T11:20:35.930588,0.009,350.0,424.5,-2.386969279476941,False,True,False,False,2,1,0,0,3,3,594,684,"[false, false, false]",470,2,2,Starfield Stage - 3
26231,2025-10-10T11:20:35.939674,0.009,347.5,424.5,-2.3798587109714178,False,True,False,False,2,1,0,1,3,4,595,684,"[false, false, false]",470,2,2,Starfield Stage - 3
26240,2025-10-10T11:20:35.948549,0.009,345.0,424.5,-2.3708561961126713,False,True,False,False,2,1,0,1,3,4,597,684,"[false, false, false]",470,2,2,Starfield Stage - 3
26249,2025-10-10T11:20:35.957693,0.009,342.5,424.5,-2.360048035664628,False,True,False,False,2,1,0,1,3,4,601,685,"[false, false, false]",470,2,2,Starfield Stage - 3
26258,2025-10-10T11:20:35.966676,0.009,340.0,424.5,-2.3495215673122125,False,True,False,False,2,1,0,1,3,4,604,685,"[false, false, false]",470,2,2,Starfield Stage - 3
26268,2025-10-10T11:20:35.976306,0.009,337.5,424.5,-2.341129716561903,False,True,False,False,2,1,0,1,3,4,607,686,"[false, false, false]",470,2,2,Starfield Stage - 3
26276,2025-10-10T11:20:35.984344,0.008,335.0,424.5,-2.327418777010318,False,True,False,False,2,1,0,1,3,4,612,686,"[false, false, false]",470,2,2,Starfield Stage - 3
26284,2025-10-10T11:20:35.992315,0.008,332.5,424.5,-2.3123469268327255,False,True,False,False,2,1,0,1,3,4,618,686,"[false, false, false]",470,2,2,Starfield Stage - 3
26292,2025-10-10T11:20:36.000734,0.009,330.0,424.5,-2.294167946917652,False,True,False,False,2,1,0,1,3,4,625,685,"[false, false, false]",470,2,2,Starfield Stage - 3
26301,2025-10-10T11:20:36.009600,0.008,327.5,424.5,-2.276575920967444,False,True,False,False,2,1,0,1,3,4,632,684,"[false, false, false]",470,2,2,Starfield Stage - 3
26309,2025-10-10T11:20:36.017380,0.008,325.0,424.5,-2.259887604193789,False,True,False,False,3,1,0,1,3,4,640,684,"[true, false, false]",470,2,2,Starfield Stage - 3
26318,2025-10-10T11:20:36.026556,0.009,322.5,424.5,-2.2442286139419894,False,True,False,False,3,1,0,1,3,4,649,685,"[true, false, false]",470,2,2,Starfield Stage - 3
26326,2025-10-10T11:20:36.034603,0.009,320.0,424.5,-2.231122209161364,False,True,False,False,3,1,0,1,3,4,658,687,"[true, false, false]",470,2,2,Starfield Stage - 3
26335,2025-10-10T11:20:36.043178,0.008,317.5,424.5,-2.217702643765875,False,True,False,False,3,1,0,1,4,4,669,690,"[true, false, false]",470,2,2,Starfield Stage - 3
26343,2025-10-10T11:20:36.051769,0.009,315.0,424.5,-2.20372281324307,False,True,False,False,3,1,0,1,4,4,681,693,"[false, false, false]",470,2,2,Starfield Stage - 3
26352,2025-10-10T11:20:36.060304,0.008,312.5,424.5,-2.1893079793732544,False,True,False,False,3,1,0,1,4,4,694,696,"[false, false, false]",470,2,2,Starfield Stage - 3
26360,2025-10-10T11:20:36.068613,0.009,310.0,424.5,-2.1697473979705615,False,True,False,False,3,1,0,1,4,4,718,703,"[false, false, false]",470,2,2,Starfield Stage - 3
26370,2025-10-10T11:20:36.078266,0.009,307.5,424.5,-2.1623576341806805,False,True,False,False,2,1,0,1,4,4,728,707,"[false, false, false]",470,2,2,Starfield Stage - 3
26378,2025-10-10T11:20:36.086411,0.008,305.0,424.5,-2.159066596288963,False,True,False,False,2,1,0,1,4,4,736,712,"[false, false, false]",470,2,2,Starfield Stage - 3
26386,2025-10-10T11:20:36.094505,0.008,302.5,424.5,-2.1585369444956943,False,True,False,False,2,1,0,1,4,4,743,718,"[false, false, false]",470,2,2,Starfield Stage - 3
26394,2025-10-10T11:20:36.102836,0.009,300.0,424.5,-2.1636983238375813,False,True,False,False,2,1,0,1,4,4,746,725,"[false, false, false]",470,2,2,Starfield Stage - 3
26403,2025-10-10T11:20:36.111857,0.009,297.5,424.5,-2.1748321707463143,False,True,False,False,2,1,0,1,4,4,746,734,"[false, false, false]",470,2,2,Starfield Stage - 3
26412,2025-10-10T11:20:36.120230,0.008,295.0,424.5,-2.191784443011652,False,True,False,False,2,1,0,1,4,4,743,745,"[false, false, false]",470,2,2,Starfield Stage - 3
26421,2025-10-10T11:20:36.129472,0.009,292.5,424.5,-2.2144773887984033,False,True,False,False,2,1,0,1,4,4,737,758,"[false, false, false]",470,2,2,Starfield Stage - 3
26429,2025-10-10T11:20:36.137917,0.009,290.0,424.5,-2.244000528121425,False,True,False,False,2,1,0,1,4,4,727,773,"[false, false, false]",470,2,2,Starfield Stage - 3
26438,2025-10-10T11:20:36.146693,0.009,287.5,424.5,-2.2781691042555865,False,True,False,False,2,1,0,1,4,4,715,790,"[false, false, false]",470,2,2,Starfield Stage - 3
26448,2025-10-10T11:20:36.156281,0.009,285.0,424.5,-2.3049411266209408,False,True,False,False,2,1,0,1,4,4,700,799,"[false, false, false]",470,2,2,Starfield Stage - 3
26456,2025-10-10T11:20:36.163963,0.008,282.5,424.5,-2.3404270716147324,False,True,False,False,2,1,0,1,4,4,669,799,"[false, false, false]",470,2,2,Starfield Stage - 3
26500,2025-10-10T11:20:36.208948,0.009,280.0,424.5,-2.3372052863847412,False,True,False,False,1,1,0,1,4,4,669,799,"[false, false, false]",480,2,2,Starfield Stage - 3
26506,2025-10-10T11:20:36.214606,0.041,277.5,424.5,-2.3738556971573215,False,True,False,False,2,1,0,1,4,4,639,799,"[true, false, false]",480,2,2,Starfield Stage - 3
26514,2025-10-10T11:20:36.222580,0.008,275.0,427.0,-2.4421138282324475,False,True,False,True,2,1,0,1,4,4,588,799,"[false, false, false]",480,2,2,Starfield Stage - 3
26521,2025-10-10T11:20:36.229918,0.008,275.0,429.5,-2.4485918789859857,False,False,False,True,2,1,0,1,4,4,581,798,"[false, false, false]",480,2,2,Starfield Stage - 3
26530,2025-10-10T11:20:36.238525,0.008,275.0,432.0,-2.449298032588757,False,False,False,True,2,1,0,1,4,4,576,795,"[false, false, false]",480,2,2,Starfield Stage - 3
26538,2025-10-10T11:20:36.246703,0.009,275.0,434.5,-2.4439562348033363,False,False,False,True,2,1,0,1,4,4,573,790,"[false, false, false]",480,2,2,Starfield Stage - 3
26547,2025-10-10T11:20:36.255883,0.008,275.0,437.0,-2.4353444982631998,False,False,False,True,2,2,0,1,5,4,571,784,"[false, false, false]",480,2,2,Starfield Stage - 3
26555,2025-10-10T11:20:36.263479,0.008,275.0,439.5,-2.421816679896758,False,False,False,True,2,2,0,1,5,4,570,776,"[false, false, false]",480,2,2,Starfield Stage - 3
26562,2025-10-10T11:20:36.270863,0.008,277.5,442.0,-2.4053880215249763,True,False,False,True,2,2,0,1,5,4,572,767,"[false, false, false]",480,2,2,Starfield Stage - 3
26571,2025-10-10T11:20:36.279442,0.008,280.0,444.5,-2.3833930575591395,True,False,False,True,2,2,0,1,5,4,575,756,"[false, false, false]",480,2,2,Starfield Stage - 3
26579,2025-10-10T11:20:36.287663,0.008,282.5,447.0,-2.3503171439295265,True,False,False,True,2,2,0,1,5,4,582,743,"[false, false, false]",480,2,2,Starfield Stage - 3
26587,2025-10-10T11:20:36.295247,0.008,285.0,449.5,-2.309340485943654,True,False,False,True,2,2,0,1,5,4,592,729,"[false, false, false]",480,2,2,Starfield Stage - 3
26594,2025-10-10T11:20:36.302829,0.008,287.5,452.0,-2.2656904633394648,True,False,False,True,2,2,0,1,5,4,603,715,"[false, false, false]",480,2,2,Starfield Stage - 3
26603,2025-10-10T11:20:36.311934,0.009,290.0,454.5,-2.2216412448128375,True,False,False,True,2,2,0,1,5,4,615,702,"[false, false, false]",480,2,2,Starfield Stage - 3
26613,2025-10-10T11:20:36.321002,0.009,292.5,457.0,-2.175798312726184,True,False,False,True,2,2,0,1,5,4,628,689,"[false, false, false]",480,2,2,Starfield Stage - 3
26621,2025-10-10T11:20:36.329558,0.008,295.0,459.5,-2.138747233401421,True,False,False,True,2,2,0,1,5,4,639,679,"[false, false, false]",480,2,2,Starfield Stage - 3
26629,2025-10-10T11:20:36.337576,0.008,297.5,462.0,-2.1042641800423234,True,False,False,True,2,2,0,1,5,4,648,669,"[false, false, false]",480,2,2,Starfield Stage - 3
26637,2025-10-10T11:20:36.345601,0.008,300.0,464.5,-2.0784925597472497,True,False,False,True,2,2,0,1,5,4,655,662,"[false, false, false]",480,2,2,Starfield Stage - 3
26646,2025-10-10T11:20:36.354292,0.009,302.5,467.0,-2.0571170409616357,True,False,False,True,2,2,0,1,5,4,660,656,"[false, false, false]",480,2,2,Starfield Stage - 3
26654,2025-10-10T11:20:36.362440,0.008,305.0,469.5,-2.0455855360323483,True,False,False,True,3,2,0,1,5,4,662,653,"[true, false, false]",480,2,2,Starfield Stage - 3
26662,2025-10-10T11:20:36.370701,0.008,307.5,472.0,-2.038363288627096,True,False,False,True,3,2,0,1,5,4,664,652,"[true, false, false]",480,2,2,Starfield Stage - 3
26669,2025-10-10T11:20:36.377821,0.008,307.5,474.5,-2.0293963062027824,True,True,False,True,3,2,0,1,5,4,665,651,"[true, false, false]",480,2,2,Starfield Stage - 3
26679,2025-10-10T11:20:36.387392,0.009,307.5,477.0,-2.0226599694893235,True,True,False,True,3,2,0,1,5,4,666,651,"[true, false, false]",480,2,2,Starfield Stage - 3
26689,2025-10-10T11:20:36.397222,0.009,307.5,479.5,-2.0159171394736375,True,True,False,True,3,2,0,1,5,4,667,651,"[true, false, false]",480,2,2,Starfield Stage - 3
26696,2025-10-10T11:20:36.404485,0.008,307.5,482.0,-2.006891854547944,True,True,False,True,3,2,0,1,5,4,668,650,"[true, false, false]",480,2,2,Starfield Stage - 3
26739,2025-10-10T11:20:36.447083,0.008,305.0,482.0,-2.00425177091874,False,True,False,False,2,1,0,1,5,4,668,650,"[true, false, false]",490,2,2,Starfield Stage - 3
26743,2025-10-10T11:20:36.451845,0.04,302.5,482.0,-1.9993803615504047,False,True,False,False,2,1,0,1,5,4,668,649,"[true, false, false]",490,2,2,Starfield Stage - 3
26752,2025-10-10T11:20:36.460499,0.009,300.0,482.0,-1.9967905077835173,False,True,False,False,2,1,0,1,5,4,657,644,"[false, false, false]",490,2,2,Starfield Stage - 3
26761,2025-10-10T11:20:36.469800,0.009,297.5,482.0,-1.9939409844000506,False,True,False,False,2,1,0,1,5,4,655,643,"[false, false, false]",490,2,2,Starfield Stage - 3
26770,2025-10-10T11:20:36.478527,0.009,295.0,482.0,-1.9923754824977156,False,True,False,False,2,1,0,1,5,4,654,643,"[false, false, false]",490,2,2,Starfield Stage - 3
26779,2025-10-10T11:20:36.487644,0.009,292.5,482.0,-1.990820834447548,False,True,False,False,2,1,0,1,5,4,653,643,"[false, false, false]",490,2,2,Starfield Stage - 3
26788,2025-10-10T11:20:36.496184,0.008,290.0,482.0,-1.9892769351998836,False,True,False,False,2,1,0,1,5,4,652,643,"[false, false, false]",490,2,2,Starfield Stage - 3
26796,2025-10-10T11:20:36.504083,0.008,287.5,482.0,-1.9867273746254772,False,True,False,False,2,1,0,1,5,4,652,643,"[false, false, false]",490,2,2,Starfield Stage - 3
26803,2025-10-10T11:20:36.511610,0.008,285.0,482.0,-1.9842069109363618,False,True,False,False,2,1,0,1,5,4,652,643,"[false, false, false]",490,2,2,Starfield Stage - 3
26812,2025-10-10T11:20:36.520170,0.008,282.5,482.0,-1.9817150803382944,False,True,False,False,2,1,0,1,5,4,652,643,"[false, false, false]",490,2,2,Starfield Stage - 3
26821,2025-10-10T11:20:36.529327,0.009,280.0,482.0,-1.979251428092455,False,True,False,False,2,1,0,1,5,4,652,643,"[false, false, false]",490,2,2,Starfield Stage - 3
26829,2025-10-10T11:20:36.537687,0.009,277.5,482.0,-1.9768155083182288,False,True,False,False,3,1,0,1,5,4,652,643,"[true, false, false]",490,2,2,Starfield Stage - 3
26838,2025-10-10T11:20:36.546340,0.008,275.0,482.0,-1.9744068838002655,False,True,False,False,3,1,0,1,5,4,652,643,"[true, false, false]",490,2,2,Starfield Stage - 3
26846,2025-10-10T11:20:36.554359,0.008,272.5,482.0,-1.9729746321100787,False,True,False,False,3,1,0,1,5,4,651,643,"[true, false, false]",490,2,2,Starfield Stage - 3
26854,2025-10-10T11:20:36.562421,0.008,270.0,482.0,-1.9706087916823931,False,True,False,False,3,1,0,1,5,4,651,643,"[true, false, false]",490,2,2,Starfield Stage - 3
26863,2025-10-10T11:20:36.571180,0.009,267.5,482.0,-1.9692018885859799,False,True,False,False,3,1,0,1,5,4,650,643,"[true, false, false]",490,2,2,Starfield Stage - 3
26871,2025-10-10T11:20:36.579451,0.008,265.0,482.0,-1.966877768359204,False,True,False,False,3,1,0,1,5,4,650,643,"[true, false, false]",490,2,2,Starfield Stage - 3
26879,2025-10-10T11:20:36.587614,0.009,262.5,482.0,-1.9645791975237514,False,True,False,False,3,1,0,1,5,4,650,643,"[true, false, false]",490,2,2,Starfield Stage - 3
26888,2025-10-10T11:20:36.596819,0.009,260.0,482.0,-1.9623057809734217,False,True,False,False,3,1,0,1,5,4,650,643,"[true, false, false]",490,2,2,Starfield Stage - 3
26897,2025-10-10T11:20:36.605404,0.008,257.5,484.5,-1.9545928872530454,False,True,False,True,3,1,0,1,5,4,650,643,"[true, false, false]",490,2,2,Starfield Stage - 3
26905,2025-10-10T11:20:36.613782,0.009,255.0,487.0,-1.9469301913273032,False,True,False,True,3,1,0,1,5,4,650,643,"[false, false, false]",490,2,2,Starfield Stage - 3
26914,2025-10-10T11:20:36.622160,0.008,252.5,489.5,-1.9393180957697889,False,True,False,True,3,1,0,1,5,4,650,643,"[false, false, false]",490,2,2,Starfield Stage - 3
26922,2025-10-10T11:20:36.630501,0.008,250.0,492.0,-1.9317569744020855,False,True,False,True,3,1,0,1,5,4,650,643,"[false, false, false]",490,2,2,Starfield Stage - 3
26930,2025-10-10T11:20:36.638571,0.009,247.5,494.5,-1.9242471727451298,False,True,False,True,3,1,0,1,5,4,650,643,"[false, false, false]",490,2,2,Starfield Stage - 3
26938,2025-10-10T11:20:36.646799,0.008,245.0,497.0,-1.9167890084939767,False,True,False,True,3,1,0,1,5,4,650,643,"[false, false, false]",490,2,2,Starfield Stage - 3
26947,2025-10-10T11:20:36.655397,0.008,242.5,499.5,-1.9093827720140741,False,True,False,True,3,1,0,1,5,4,650,643,"[false, false, false]",490,2,2,Starfield Stage - 3
26955,2025-10-10T11:20:36.663425,0.008,240.0,502.0,-1.9020287268571918,False,True,False,True,3,1,0,1,5,4,650,643,"[false, false, false]",490,2,2,Starfield Stage - 3
26963,2025-10-10T11:20:36.671498,0.009,237.5,504.5,-1.8947271102951722,False,True,False,True,3,1,0,1,5,4,650,643,"[false, false, false]",490,2,2,Starfield Stage - 3
26972,2025-10-10T11:20:36.680722,0.009,235.0,507.0,-1.8874781338697197,False,True,False,True,3,1,0,1,5,4,650,643,"[false, false, false]",490,2,2,Starfield Stage - 3
26981,2025-10-10T11:20:36.689274,0.008,232.5,509.5,-1.880281983956478,False,True,False,True,3,1,0,1,5,4,650,643,"[false, false, false]",490,2,2,Starfield Stage - 3
26989,2025-10-10T11:20:36.697359,0.008,230.0,512.0,-1.8731388223416952,False,True,False,True,3,1,0,1,5,4,650,643,"[false, false, false]",490,2,2,Starfield Stage - 3
26997,2025-10-10T11:20:36.705285,0.008,227.5,514.5,-1.8660487868098286,False,True,False,True,3,1,0,1,5,4,650,643,"[false, false, false]",490,2,2,Starfield Stage - 3
27005,2025-10-10T11:20:36.713830,0.009,225.0,517.0,-1.8590119917404906,False,True,False,True,3,1,0,1,5,4,650,643,"[false, false, false]",490,2,2,Starfield Stage - 3
27014,2025-10-10T11:20:36.722387,0.008,222.5,519.5,-1.852653588733721,False,True,False,True,4,1,0,1,5,4,649,643,"[true, false, false]",490,2,2,Starfield Stage - 3
27023,2025-10-10T11:20:36.731528,0.009,220.0,522.0,-1.845706168275569,False,True,False,True,4,1,0,1,5,4,649,643,"[true, false, false]",490,2,2,Starfield Stage - 3
27031,2025-10-10T11:20:36.739505,0.008,222.5,524.5,-1.8424097225111857,True,False,False,True,4,1,0,1,5,4,648,643,"[true, false, false]",490,2,2,Starfield Stage - 3
27039,2025-10-10T11:20:36.747519,0.008,225.0,527.0,-1.8384480950876938,True,False,False,True,4,1,0,1,5,4,648,643,"[true, false, false]",490,2,2,Starfield Stage - 3
27047,2025-10-10T11:20:36.755409,0.008,227.5,529.5,-1.8344305808785044,True,False,False,True,4,1,0,1,5,4,648,643,"[true, false, false]",490,2,2,Starfield Stage - 3
27056,2025-10-10T11:20:36.764084,0.009,230.0,532.0,-1.8303561213626658,True,False,False,True,4,1,0,1,5,4,648,643,"[true, false, false]",490,2,2,Starfield Stage - 3
27065,2025-10-10T11:20:36.773481,0.009,232.5,534.5,-1.8239692117149633,True,False,False,True,3,1,0,1,5,4,648,642,"[true, false, false]",490,2,2,Starfield Stage - 3
27074,2025-10-10T11:20:36.782105,0.009,235.0,537.0,-1.8203385634890052,True,False,False,True,3,1,0,1,5,4,647,642,"[true, false, false]",490,2,2,Starfield Stage - 3
27083,2025-10-10T11:20:36.791552,0.01,237.5,537.0,-1.8195063158884195,True,False,False,False,3,1,0,1,5,4,647,641,"[false, false, false]",490,2,2,Starfield Stage - 3
27092,2025-10-10T11:20:36.800091,0.008,240.0,537.0,-1.8209712480029154,True,False,False,False,3,1,0,1,5,4,647,641,"[false, false, false]",490,2,2,Starfield Stage - 3
27100,2025-10-10T11:20:36.808207,0.008,242.5,537.0,-1.8230507637453164,True,False,False,False,3,1,0,1,5,4,646,641,"[false, false, false]",490,2,2,Starfield Stage - 3
27109,2025-10-10T11:20:36.817262,0.009,245.0,537.0,-1.8245569655555647,True,False,False,False,3,1,0,1,5,4,646,641,"[false, false, false]",490,2,2,Starfield Stage - 3
27117,2025-10-10T11:20:36.825464,0.008,247.5,537.0,-1.8266954530734576,True,False,False,False,3,1,0,1,4,4,645,641,"[false, false, false]",490,2,2,Starfield Stage - 3
27125,2025-10-10T11:20:36.833096,0.008,250.0,537.0,-1.8264952462953978,True,False,False,False,3,1,0,1,4,4,644,640,"[false, false, false]",490,2,2,Starfield Stage - 3
27133,2025-10-10T11:20:36.841521,0.009,252.5,537.0,-1.8293202180579011,True,False,False,False,3,1,0,1,4,4,642,640,"[false, false, false]",490,2,2,Starfield Stage - 3
27141,2025-10-10T11:20:36.849794,0.008,255.0,537.0,-1.8249210763505308,True,False,False,False,3,1,0,1,4,4,640,637,"[false, false, false]",490,2,2,Starfield Stage - 3
27150,2025-10-10T11:20:36.858275,0.008,257.5,537.0,-1.8136037774526907,True,False,False,False,3,1,0,1,4,4,637,631,"[false, false, false]",490,2,2,Starfield Stage - 3
27158,2025-10-10T11:20:36.866269,0.008,260.0,537.0,-1.7948522350193754,True,False,False,False,3,1,0,1,4,4,633,622,"[false, false, false]",490,2,2,Starfield Stage - 3
27167,2025-10-10T11:20:36.875359,0.009,262.5,537.0,-1.7636909903768052,True,False,False,False,3,1,0,1,4,4,626,608,"[false, false, false]",490,2,2,Starfield Stage - 3
27175,2025-10-10T11:20:36.883467,0.008,265.0,537.0,-1.664363950976492,True,False,False,False,3,1,0,1,4,4,606,569,"[false, false, false]",490,2,2,Starfield Stage - 3
27183,2025-10-10T11:20:36.891036,0.008,267.5,537.0,-1.5922983887811277,True,False,False,False,3,1,0,1,4,4,593,544,"[false, false, false]",490,2,2,Starfield Stage - 3
27191,2025-10-10T11:20:36.899496,0.009,270.0,537.0,-1.5093849716263403,True,False,False,False,3,1,0,1,4,4,579,518,"[false, false, false]",490,2,2,Starfield Stage - 3
27200,2025-10-10T11:20:36.908667,0.009,272.5,537.0,-1.4132190133926228,True,False,False,False,3,1,0,1,4,4,562,491,"[false, false, false]",490,2,2,Starfield Stage - 3
27209,2025-10-10T11:20:36.917363,0.008,275.0,537.0,-1.306739319587373,True,False,False,False,3,1,0,1,4,4,545,464,"[false, false, false]",490,2,2,Starfield Stage - 3
27218,2025-10-10T11:20:36.926379,0.009,275.0,537.0,-1.1978086049948355,True,True,False,False,3,1,0,1,4,4,528,438,"[false, false, false]",490,2,2,Starfield Stage - 3
27226,2025-10-10T11:20:36.934705,0.009,275.0,537.0,-1.0768549578753155,True,True,False,False,3,1,0,1,4,4,509,411,"[false, false, false]",490,2,2,Starfield Stage - 3
27235,2025-10-10T11:20:36.943956,0.009,275.0,537.0,-0.9606920595590385,True,True,False,False,3,1,0,1,4,4,491,386,"[false, false, false]",490,2,2,Starfield Stage - 3
27244,2025-10-10T11:20:36.952491,0.008,275.0,537.0,-0.8385395722423837,True,True,False,False,3,1,0,1,4,4,473,359,"[false, false, false]",490,2,2,Starfield Stage - 3
27253,2025-10-10T11:20:36.961114,0.009,275.0,537.0,-0.722979353401491,True,True,False,False,3,1,0,1,4,4,455,333,"[false, false, false]",490,2,2,Starfield Stage - 3
27261,2025-10-10T11:20:36.969717,0.009,275.0,537.0,-0.6156908768642145,True,True,False,False,3,1,0,1,4,4,437,308,"[false, false, false]",490,2,2,Starfield Stage - 3
27271,2025-10-10T11:20:36.979503,0.009,275.0,537.0,-0.5170319524915414,True,True,False,False,3,1,0,2,4,4,420,282,"[false, false, false]",490,2,2,Starfield Stage - 3
27279,2025-10-10T11:20:36.987313,0.008,275.0,537.0,-0.35913470374557277,True,True,False,False,3,1,0,2,4,4,388,236,"[false, false, false]",490,2,2,Starfield Stage - 3
27288,2025-10-10T11:20:36.996464,0.009,272.5,537.0,-0.3090811243851783,False,True,False,False,3,1,0,2,4,4,375,216,"[false, false, false]",490,2,2,Starfield Stage - 3
27297,2025-10-10T11:20:37.005084,0.009,270.0,537.0,-0.2704903683250876,False,True,False,False,3,1,0,2,4,4,364,198,"[false, false, false]",490,2,2,Starfield Stage - 3
27306,2025-10-10T11:20:37.014155,0.009,267.5,537.0,-0.24497866312686414,False,True,False,False,3,1,0,2,4,4,356,183,"[false, false, false]",490,2,2,Starfield Stage - 3
27315,2025-10-10T11:20:37.023231,0.009,265.0,537.0,-0.2287988453872256,False,True,False,False,3,1,0,2,4,4,350,172,"[false, false, false]",490,2,2,Starfield Stage - 3
27323,2025-10-10T11:20:37.031544,0.008,262.5,537.0,-0.2202296710539222,False,True,False,False,3,1,0,2,4,4,346,164,"[false, false, false]",490,2,2,Starfield Stage - 3
27331,2025-10-10T11:20:37.039826,0.008,260.0,537.0,-0.2161465296989863,False,True,False,False,3,1,0,2,4,4,343,159,"[false, false, false]",490,2,2,Starfield Stage - 3
27339,2025-10-10T11:20:37.047663,0.009,257.5,534.5,-0.22021107278829713,False,True,True,False,3,1,0,2,4,4,342,157,"[false, false, false]",490,2,2,Starfield Stage - 3
27348,2025-10-10T11:20:37.056686,0.009,255.0,532.0,-0.22485559360139126,False,True,True,False,3,1,0,2,4,4,341,156,"[false, false, false]",490,2,2,Starfield Stage - 3
27357,2025-10-10T11:20:37.065196,0.008,252.5,529.5,-0.23265701185360932,False,True,True,False,3,1,0,2,4,4,341,156,"[false, false, false]",490,2,2,Starfield Stage - 3
27365,2025-10-10T11:20:37.073857,0.009,250.0,527.0,-0.2405342479459046,False,True,True,False,3,1,0,2,4,4,341,156,"[false, false, false]",490,2,2,Starfield Stage - 3
27375,2025-10-10T11:20:37.083260,0.009,247.5,524.5,-0.24848742065740273,False,True,True,False,3,1,0,2,4,4,341,156,"[false, false, false]",490,2,2,Starfield Stage - 3
27383,2025-10-10T11:20:37.091577,0.008,245.0,522.0,-0.25651661264432357,False,True,True,False,3,1,0,2,4,4,341,156,"[false, false, false]",490,2,2,Starfield Stage - 3
27391,2025-10-10T11:20:37.099537,0.009,242.5,519.5,-0.2646218689461758,False,True,True,False,3,1,0,2,4,4,341,156,"[false, false, false]",490,2,2,Starfield Stage - 3
27400,2025-10-10T11:20:37.107977,0.008,240.0,517.0,-0.2728031954858224,False,True,True,False,2,1,0,2,4,4,341,156,"[false, false, false]",490,2,2,Starfield Stage - 3
27408,2025-10-10T11:20:37.116515,0.009,237.5,514.5,-0.2810605575670801,False,True,True,False,2,1,0,2,4,4,341,156,"[false, false, false]",490,2,2,Starfield Stage - 3
27417,2025-10-10T11:20:37.125592,0.009,235.0,512.0,-0.289393878373775,False,True,True,False,2,1,0,2,4,4,341,156,"[false, false, false]",490,2,2,Starfield Stage - 3
27426,2025-10-10T11:20:37.134116,0.008,232.5,509.5,-0.2978030374744346,False,True,True,False,2,1,0,2,4,4,341,156,"[false, false, false]",490,2,2,Starfield Stage - 3
27434,2025-10-10T11:20:37.142873,0.009,230.0,507.0,-0.30628786933705676,False,True,True,False,2,1,0,2,4,4,341,156,"[false, false, false]",490,2,2,Starfield Stage - 3
27444,2025-10-10T11:20:37.152260,0.009,227.5,504.5,-0.31484816185864756,False,True,True,False,2,1,0,2,4,4,341,156,"[false, false, false]",490,2,2,Starfield Stage - 3
27452,2025-10-10T11:20:37.160452,0.008,225.0,502.0,-0.3234836549144712,False,True,True,False,2,1,0,2,4,4,341,156,"[false, false, false]",490,2,2,Starfield Stage - 3
27460,2025-10-10T11:20:37.168649,0.009,225.0,499.5,-0.32567552333855626,False,False,True,False,2,1,0,2,4,4,341,156,"[false, false, false]",490,2,2,Starfield Stage - 3
27469,2025-10-10T11:20:37.177260,0.008,225.0,497.0,-0.327896218902053,False,False,True,False,2,1,0,2,4,4,341,156,"[false, false, false]",490,2,2,Starfield Stage - 3
27478,2025-10-10T11:20:37.186389,0.009,225.0,494.5,-0.33014629172378995,False,False,True,False,2,1,0,2,4,4,341,156,"[false, false, false]",490,2,2,Starfield Stage - 3
27486,2025-10-10T11:20:37.194595,0.008,225.0,492.0,-0.3324263053840973,False,False,True,False,2,1,0,2,4,4,341,156,"[false, false, false]",490,2,2,Starfield Stage - 3
27494,2025-10-10T11:20:37.202152,0.008,225.0,489.5,-0.3347368373168147,False,False,True,False,2,1,0,2,4,4,341,156,"[false, false, false]",490,2,2,Starfield Stage - 3
27503,2025-10-10T11:20:37.211072,0.009,225.0,487.0,-0.3370784792141032,False,False,True,False,2,1,0,2,4,4,341,156,"[false, false, false]",490,2,2,Starfield Stage - 3
27511,2025-10-10T11:20:37.219449,0.008,225.0,484.5,-0.33945183744449914,False,False,True,False,2,1,0,2,4,4,341,156,"[false, false, false]",490,2,2,Starfield Stage - 3
27519,2025-10-10T11:20:37.227655,0.008,227.5,482.0,-0.3350342439223692,True,False,True,False,2,1,0,2,4,4,341,156,"[false, false, false]",490,2,2,Starfield Stage - 3
27527,2025-10-10T11:20:37.235264,0.008,230.0,479.5,-0.33053442464187355,True,False,True,False,2,1,0,2,4,4,341,156,"[false, false, false]",490,2,2,Starfield Stage - 3
27536,2025-10-10T11:20:37.244476,0.009,232.5,477.0,-0.3259502497245074,True,False,True,False,2,1,0,2,4,4,341,156,"[false, false, false]",490,2,2,Starfield Stage - 3
27544,2025-10-10T11:20:37.252084,0.008,235.0,474.5,-0.3212795228723638,True,False,True,False,2,1,0,2,4,4,341,156,"[false, false, false]",490,2,2,Starfield Stage - 3
27552,2025-10-10T11:20:37.260508,0.008,237.5,472.0,-0.31651997917848357,True,False,True,False,2,1,0,2,4,4,341,156,"[false, false, false]",490,2,2,Starfield Stage - 3
27562,2025-10-10T11:20:37.270076,0.01,240.0,469.5,-0.31166928287915213,True,False,True,False,2,1,0,2,4,4,341,156,"[false, false, false]",490,2,2,Starfield Stage - 3
27570,2025-10-10T11:20:37.278529,0.009,242.5,467.0,-0.306725025049064,True,False,True,False,2,1,0,2,4,4,341,156,"[false, false, false]",490,2,2,Starfield Stage - 3
27580,2025-10-10T11:20:37.288542,0.009,245.0,464.5,-0.3016847212406962,True,False,True,False,2,2,0,2,4,4,341,156,"[false, false, false]",490,2,2,Starfield Stage - 3
27589,2025-10-10T11:20:37.297452,0.009,247.5,462.0,-0.29654580906970046,True,False,True,False,2,2,0,2,4,4,341,156,"[false, false, false]",490,2,2,Starfield Stage - 3
27599,2025-10-10T11:20:37.307150,0.01,250.0,459.5,-0.29130564574866746,True,False,True,False,2,2,0,2,4,4,341,156,"[false, false, false]",490,2,2,Starfield Stage - 3
27609,2025-10-10T11:20:37.317934,0.011,252.5,457.0,-0.2859615055722239,True,False,True,False,2,2,0,2,4,4,341,156,"[false, false, false]",490,2,2,Starfield Stage - 3
27617,2025-10-10T11:20:37.325870,0.008,255.0,454.5,-0.2805105773571185,True,False,True,False,2,2,0,2,4,4,341,156,"[false, false, false]",490,2,2,Starfield Stage - 3
27626,2025-10-10T11:20:37.334796,0.009,257.5,452.0,-0.27494996184173426,True,False,True,False,2,2,0,2,4,4,341,156,"[false, false, false]",490,2,2,Starfield Stage - 3
27637,2025-10-10T11:20:37.345694,0.011,260.0,449.5,-0.2692766690503467,True,False,True,False,2,2,0,2,4,4,341,156,"[false, false, false]",490,2,2,Starfield Stage - 3
27647,2025-10-10T11:20:37.355796,0.01,262.5,447.0,-0.2634876156284381,True,False,True,False,1,2,0,2,4,4,341,156,"[false, false, false]",490,2,2,Starfield Stage - 3
27657,2025-10-10T11:20:37.365650,0.01,265.0,444.5,-0.2575796221564944,True,False,True,False,1,2,0,2,4,4,341,156,"[false, false, false]",490,2,2,Starfield Stage - 3
27667,2025-10-10T11:20:37.375497,0.009,267.5,442.0,-0.25154941045095525,True,False,True,False,1,2,0,2,4,4,341,156,"[false, false, false]",490,2,2,Starfield Stage - 3
27675,2025-10-10T11:20:37.383808,0.009,270.0,439.5,-0.2453936008623865,True,False,True,False,1,2,0,2,4,4,341,156,"[false, false, false]",490,2,2,Starfield Stage - 3
27683,2025-10-10T11:20:37.391775,0.008,272.5,437.0,-0.23910870958249975,True,False,True,False,1,2,0,2,4,4,341,156,"[false, false, false]",490,2,2,Starfield Stage - 3
27691,2025-10-10T11:20:37.399848,0.008,275.0,434.5,-0.23269114597337953,True,False,True,False,1,2,0,2,4,4,341,156,"[false, false, false]",490,2,2,Starfield Stage - 3
27701,2025-10-10T11:20:37.409370,0.009,277.5,432.0,-0.22613720993420985,True,False,True,False,1,2,0,2,4,4,341,156,"[false, false, false]",490,2,2,Starfield Stage - 3
27709,2025-10-10T11:20:37.417419,0.008,280.0,429.5,-0.21944308932293283,True,False,True,False,1,2,0,2,4,4,341,156,"[false, false, false]",490,2,2,Starfield Stage - 3
27718,2025-10-10T11:20:37.426618,0.01,282.5,427.0,-0.21260485745264662,True,False,True,False,1,2,0,2,4,4,341,156,"[false, false, false]",490,2,2,Starfield Stage - 3
27727,2025-10-10T11:20:37.435586,0.009,285.0,424.5,-0.2056184706851745,True,False,True,False,1,2,0,2,4,4,341,156,"[false, false, false]",490,2,2,Starfield Stage - 3
27735,2025-10-10T11:20:37.443808,0.008,287.5,422.0,-0.19847976614713286,True,False,True,False,1,2,0,2,4,4,341,156,"[false, false, false]",490,2,2,Starfield Stage - 3
27745,2025-10-10T11:20:37.453229,0.009,290.0,419.5,-0.19118445959701444,True,False,True,False,1,2,0,2,4,4,341,156,"[false, false, false]",490,2,2,Starfield Stage - 3
27753,2025-10-10T11:20:37.461752,0.009,292.5,417.0,-0.18372814347530567,True,False,True,False,1,2,0,2,4,4,341,156,"[false, false, false]",490,2,2,Starfield Stage - 3
27762,2025-10-10T11:20:37.470365,0.008,295.0,414.5,-0.17610628517349639,True,False,True,False,1,2,0,2,4,4,341,156,"[false, false, false]",490,2,2,Starfield Stage - 3
27770,2025-10-10T11:20:37.478665,0.008,297.5,412.0,-0.1683142255620345,True,False,True,False,1,2,0,2,4,4,341,156,"[false, false, false]",490,2,2,Starfield Stage - 3
27778,2025-10-10T11:20:37.486083,0.008,300.0,409.5,-0.16034717782185118,True,False,True,False,1,2,0,2,4,4,341,156,"[false, false, false]",490,2,2,Starfield Stage - 3
27787,2025-10-10T11:20:37.495448,0.009,302.5,407.0,-0.15220022662905144,True,False,True,False,1,2,0,2,4,4,341,156,"[false, false, false]",490,2,2,Starfield Stage - 3
27795,2025-10-10T11:20:37.503959,0.009,305.0,404.5,-0.1438683277477449,True,False,True,False,1,2,0,2,4,4,341,156,"[false, false, false]",490,2,2,Starfield Stage - 3
27805,2025-10-10T11:20:37.513228,0.008,307.5,402.0,-0.13534630809179904,True,False,True,False,1,2,0,2,4,4,341,156,"[false, false, false]",490,2,2,Starfield Stage - 3
27812,2025-10-10T11:20:37.520521,0.008,310.0,399.5,-0.1266288663225361,True,False,True,False,1,2,0,2,4,4,341,156,"[false, false, false]",490,2,2,Starfield Stage - 3
27820,2025-10-10T11:20:37.528662,0.008,312.5,397.0,-0.11771057405607173,True,False,True,False,1,2,0,2,4,4,341,156,"[false, false, false]",490,2,2,Starfield Stage - 3
27828,2025-10-10T11:20:37.536928,0.009,315.0,394.5,-0.10858587776109802,True,False,True,False,1,2,0,2,4,4,341,156,"[false, false, false]",490,2,2,Starfield Stage - 3
27837,2025-10-10T11:20:37.545818,0.009,317.5,392.0,-0.09924910143543489,True,False,True,False,1,2,0,2,4,4,341,156,"[false, false, false]",490,2,2,Starfield Stage - 3
27846,2025-10-10T11:20:37.554615,0.008,320.0,389.5,-0.08969445015758,True,False,True,False,1,2,0,2,4,4,341,156,"[false, false, false]",490,2,2,Starfield Stage - 3
27854,2025-10-10T11:20:37.562696,0.009,320.0,387.0,-0.09065988720074511,True,True,True,False,1,2,0,2,4,4,341,156,"[false, false, false]",490,2,2,Starfield Stage - 3
27863,2025-10-10T11:20:37.571154,0.008,320.0,384.5,-0.09164627472854138,True,True,True,False,1,2,0,2,4,4,341,156,"[false, false, false]",490,2,2,Starfield Stage - 3
27872,2025-10-10T11:20:37.580202,0.008,320.0,382.0,-0.09265430019257849,True,True,True,False,1,2,0,2,4,4,341,156,"[false, false, false]",490,2,2,Starfield Stage - 3
27879,2025-10-10T11:20:37.587471,0.008,317.5,379.5,-0.10476048362420393,False,True,True,False,1,2,0,2,4,4,341,156,"[false, false, false]",490,2,2,Starfield Stage - 3
27888,2025-10-10T11:20:37.596399,0.009,315.0,377.0,-0.11710874456686428,False,True,True,False,1,2,0,2,4,4,341,156,"[false, false, false]",490,2,2,Starfield Stage - 3
27896,2025-10-10T11:20:37.604360,0.008,312.5,374.5,-0.1297025371559121,False,True,True,False,1,2,0,2,4,4,341,156,"[false, false, false]",490,2,2,Starfield Stage - 3
27903,2025-10-10T11:20:37.611792,0.008,310.0,372.0,-0.1425451426534147,False,True,True,False,1,2,0,2,4,4,341,156,"[false, false, false]",490,2,2,Starfield Stage - 3
27912,2025-10-10T11:20:37.620252,0.008,307.5,369.5,-0.15563964489986978,False,True,True,False,1,2,0,2,4,4,341,156,"[false, false, false]",490,2,2,Starfield Stage - 3
27921,2025-10-10T11:20:37.629505,0.009,305.0,367.0,-0.1689889043125312,False,True,True,False,1,2,0,2,4,4,341,156,"[false, false, false]",490,2,2,Starfield Stage - 3
27929,2025-10-10T11:20:37.637500,0.008,302.5,367.0,-0.1804790209786174,False,True,False,False,1,2,0,2,4,4,341,156,"[false, false, false]",490,2,2,Starfield Stage - 3
27937,2025-10-10T11:20:37.645371,0.008,300.0,367.0,-0.1919211619832601,False,True,False,False,1,2,0,2,4,4,341,156,"[false, false, false]",490,2,2,Starfield Stage - 3
27945,2025-10-10T11:20:37.653798,0.009,297.5,367.0,-0.20331265055590808,False,True,False,False,1,2,0,2,4,4,341,156,"[false, false, false]",490,2,2,Starfield Stage - 3
27954,2025-10-10T11:20:37.662457,0.008,295.0,367.0,-0.21465088613152974,False,True,False,False,1,2,0,2,4,4,341,156,"[false, false, false]",490,2,2,Starfield Stage - 3
27962,2025-10-10T11:20:37.670436,0.008,292.5,367.0,-0.2259333471448477,False,True,False,False,1,2,0,2,4,4,341,156,"[false, false, false]",490,2,2,Starfield Stage - 3
27970,2025-10-10T11:20:37.678449,0.008,290.0,367.0,-0.23715759354982557,False,True,False,False,1,2,0,2,4,4,341,156,"[false, false, false]",490,2,2,Starfield Stage - 3
27979,2025-10-10T11:20:37.687060,0.009,287.5,367.0,-0.24832126906221483,False,True,False,False,1,2,0,2,4,4,341,156,"[false, false, false]",490,2,2,Starfield Stage - 3
27987,2025-10-10T11:20:37.695379,0.008,285.0,367.0,-0.25942210312457376,False,True,False,False,1,2,0,2,4,4,341,156,"[false, false, false]",490,2,2,Starfield Stage - 3
27996,2025-10-10T11:20:37.704436,0.009,282.5,367.0,-0.27045791259471524,False,True,False,False,1,2,0,2,4,4,341,156,"[false, false, false]",490,2,2,Starfield Stage - 3
28004,2025-10-10T11:20:37.712568,0.009,280.0,367.0,-0.2814266031600143,False,True,False,False,1,2,0,2,4,4,341,156,"[false, false, false]",490,2,2,Starfield Stage - 3
28013,2025-10-10T11:20:37.721933,0.009,277.5,367.0,-0.2923261704813983,False,True,False,False,1,2,0,2,4,4,341,156,"[false, false, false]",490,2,2,Starfield Stage - 3
28022,2025-10-10T11:20:37.730466,0.008,275.0,367.0,-0.30315470107214626,False,True,False,False,1,2,0,2,4,4,341,156,"[false, false, false]",490,2,2,Starfield Stage - 3
28030,2025-10-10T11:20:37.738488,0.008,272.5,367.0,-0.31391037291782836,False,True,False,False,1,2,0,2,4,4,341,156,"[false, false, false]",490,2,2,Starfield Stage - 3
28038,2025-10-10T11:20:37.746462,0.009,270.0,367.0,-0.3245914558448189,False,True,False,False,0,2,0,2,4,4,341,156,"[false, false, false]",490,2,2,Starfield Stage - 3
28047,2025-10-10T11:20:37.755526,0.009,267.5,367.0,-0.3351963116458111,False,True,False,False,0,2,0,2,4,4,341,156,"[false, false, false]",490,2,2,Starfield Stage - 3
28057,2025-10-10T11:20:37.765261,0.009,265.0,367.0,-0.3457233939716455,False,True,False,False,0,2,0,2,4,4,341,156,"[false, false, false]",490,2,2,Starfield Stage - 3
28065,2025-10-10T11:20:37.773653,0.009,262.5,367.0,-0.3561712479995378,False,True,False,False,0,2,0,2,4,4,341,156,"[false, false, false]",490,2,2,Starfield Stage - 3
28075,2025-10-10T11:20:37.783296,0.009,260.0,367.0,-0.36653850988845144,False,True,False,False,0,2,0,2,4,4,341,156,"[false, false, false]",490,2,2,Starfield Stage - 3
28083,2025-10-10T11:20:37.791800,0.009,257.5,367.0,-0.37682390603291177,False,True,False,False,0,2,0,2,4,4,341,156,"[false, false, false]",490,2,2,Starfield Stage - 3
28092,2025-10-10T11:20:37.800384,0.008,255.0,369.5,-0.38292670316482114,False,True,False,True,0,2,0,2,4,4,341,156,"[false, false, false]",490,2,2,Starfield Stage - 3
28099,2025-10-10T11:20:37.807761,0.008,252.5,372.0,-0.38885940479185105,False,True,False,True,0,2,0,3,4,4,341,156,"[false, false, false]",490,2,2,Starfield Stage - 3
28109,2025-10-10T11:20:37.817210,0.009,250.0,374.5,-0.3946286237635902,False,True,False,True,0,2,0,3,4,4,341,156,"[false, false, false]",490,2,2,Starfield Stage - 3
28117,2025-10-10T11:20:37.825206,0.008,247.5,377.0,-0.40024065703397416,False,True,False,True,0,2,0,3,4,4,341,156,"[false, false, false]",490,2,2,Starfield Stage - 3
28125,2025-10-10T11:20:37.833912,0.009,245.0,379.5,-0.40570150270731264,False,True,False,True,0,2,0,3,4,4,341,156,"[false, false, false]",490,2,2,Starfield Stage - 3
28134,2025-10-10T11:20:37.842419,0.008,242.5,382.0,-0.41101687613090254,False,True,False,True,0,2,0,3,4,4,341,156,"[false, false, false]",490,2,2,Starfield Stage - 3
28143,2025-10-10T11:20:37.851427,0.009,240.0,384.5,-0.41619222508112563,False,True,False,True,0,2,0,3,4,4,341,156,"[false, false, false]",490,2,2,Starfield Stage - 3
28151,2025-10-10T11:20:37.859329,0.008,237.5,387.0,-0.42123274408929395,False,True,False,True,0,2,0,3,4,4,341,156,"[false, false, false]",490,2,2,Starfield Stage - 3
28160,2025-10-10T11:20:37.868442,0.009,235.0,389.5,-0.42614338795249457,False,True,False,True,0,2,0,3,4,4,341,156,"[false, false, false]",490,2,2,Starfield Stage - 3
28168,2025-10-10T11:20:37.876694,0.008,235.0,392.0,-0.42214895621095333,True,True,False,True,0,2,0,3,4,4,341,156,"[false, false, false]",490,2,2,Starfield Stage - 3
28176,2025-10-10T11:20:37.884692,0.009,235.0,394.5,-0.4182243295792291,True,True,False,True,0,2,0,3,4,4,341,156,"[false, false, false]",490,2,2,Starfield Stage - 3
28185,2025-10-10T11:20:37.893147,0.008,237.5,397.0,-0.4056427248172715,True,False,False,True,0,2,0,3,4,4,341,156,"[false, false, false]",490,2,2,Starfield Stage - 3
28193,2025-10-10T11:20:37.901458,0.008,240.0,399.5,-0.39318621883081784,True,False,False,True,0,2,0,3,4,4,341,156,"[false, false, false]",490,2,2,Starfield Stage - 3
28201,2025-10-10T11:20:37.909734,0.009,242.5,402.0,-0.3808567625219923,True,False,False,True,0,2,0,5,4,4,341,156,"[false, false, false]",490,2,2,Starfield Stage - 3
28210,2025-10-10T11:20:37.918398,0.008,245.0,404.5,-0.3686561127487918,True,False,False,True,0,2,0,5,4,4,341,156,"[false, false, false]",490,2,2,Starfield Stage - 3
28218,2025-10-10T11:20:37.926204,0.008,247.5,407.0,-0.356585836517386,True,False,False,True,0,2,0,5,4,4,341,156,"[false, false, false]",490,2,2,Starfield Stage - 3
28227,2025-10-10T11:20:37.935339,0.009,250.0,409.5,-0.3446473156180262,True,False,False,True,0,2,0,5,4,4,341,156,"[false, false, false]",490,2,2,Starfield Stage - 3
28235,2025-10-10T11:20:37.943699,0.009,252.5,412.0,-0.3328417516533763,True,False,False,True,0,2,0,5,4,4,341,156,"[false, false, false]",490,2,2,Starfield Stage - 3
28244,2025-10-10T11:20:37.952326,0.008,255.0,414.5,-0.3211701714089936,True,False,False,True,0,2,0,5,4,4,341,156,"[false, false, false]",490,2,2,Starfield Stage - 3
28252,2025-10-10T11:20:37.960347,0.008,257.5,417.0,-0.3096334325169877,True,False,False,True,0,2,0,5,4,4,341,156,"[false, false, false]",490,2,2,Starfield Stage - 3
28260,2025-10-10T11:20:37.968324,0.008,260.0,419.5,-0.2982322293655392,True,False,False,True,0,2,0,5,4,4,341,156,"[false, false, false]",490,2,2,Starfield Stage - 3
28268,2025-10-10T11:20:37.976569,0.009,262.5,422.0,-0.28696709920889557,True,False,False,True,0,2,0,5,4,4,341,156,"[false, false, false]",490,2,2,Starfield Stage - 3
28278,2025-10-10T11:20:37.986088,0.009,265.0,424.5,-0.27583842843464484,True,False,False,True,0,2,0,4,4,4,341,156,"[false, false, false]",490,2,2,Starfield Stage - 3
28287,2025-10-10T11:20:37.995268,0.009,267.5,427.0,-0.26484645894743514,True,False,False,True,0,2,0,4,4,4,341,156,"[false, false, false]",490,2,2,Starfield Stage - 3
28295,2025-10-10T11:20:38.003432,0.008,270.0,429.5,-0.2539912946308275,True,False,False,True,0,2,0,4,4,4,341,156,"[false, false, false]",490,2,2,Starfield Stage - 3
28303,2025-10-10T11:20:38.011880,0.009,272.5,432.0,-0.24327290785158434,True,False,False,True,0,2,0,5,4,4,341,156,"[false, false, false]",490,2,2,Starfield Stage - 3
28312,2025-10-10T11:20:38.020253,0.008,275.0,434.5,-0.23269114597337953,True,False,False,True,0,2,0,5,4,4,341,156,"[false, false, false]",490,2,2,Starfield Stage - 3
28320,2025-10-10T11:20:38.028365,0.008,277.5,437.0,-0.22224573784962073,True,False,False,True,0,2,0,5,4,4,341,156,"[false, false, false]",490,2,2,Starfield Stage - 3
28329,2025-10-10T11:20:38.037515,0.009,280.0,437.0,-0.21376517529819158,True,False,False,False,0,2,0,5,4,4,341,156,"[false, false, false]",490,2,2,Starfield Stage - 3
28338,2025-10-10T11:20:38.046418,0.009,282.5,437.0,-0.20525327308186322,True,False,False,False,0,2,0,5,4,4,341,156,"[false, false, false]",490,2,2,Starfield Stage - 3
28347,2025-10-10T11:20:38.055627,0.009,285.0,437.0,-0.1967110972599855,True,False,False,False,0,2,0,5,4,4,341,156,"[false, false, false]",490,2,2,Starfield Stage - 3
28355,2025-10-10T11:20:38.063093,0.008,287.5,437.0,-0.1881397391561386,True,False,False,False,0,2,0,5,4,4,341,156,"[false, false, false]",490,2,2,Starfield Stage - 3
28363,2025-10-10T11:20:38.071676,0.009,290.0,437.0,-0.17954031471032825,True,False,False,False,0,2,0,5,4,4,341,156,"[false, false, false]",490,2,2,Starfield Stage - 3
28372,2025-10-10T11:20:38.080318,0.008,292.5,437.0,-0.17091396378226295,True,False,False,False,0,2,0,5,4,4,341,156,"[false, false, false]",490,2,2,Starfield Stage - 3
28380,2025-10-10T11:20:38.088414,0.008,295.0,437.0,-0.16226184940633256,True,False,False,False,0,2,0,5,4,4,341,156,"[false, false, false]",490,2,2,Starfield Stage - 3
28388,2025-10-10T11:20:38.096318,0.008,297.5,437.0,-0.1535851569990786,True,False,False,False,0,2,0,5,4,4,341,156,"[false, false, false]",490,2,2,Starfield Stage - 3
28396,2025-10-10T11:20:38.104357,0.008,300.0,437.0,-0.14488509352011822,True,False,False,False,0,2,0,5,4,4,341,156,"[false, false, false]",490,2,2,Starfield Stage - 3
28405,2025-10-10T11:20:38.113073,0.009,302.5,437.0,-0.13616288658765624,True,False,False,False,0,2,0,6,5,4,341,156,"[false, false, false]",490,2,2,Starfield Stage - 3
28414,2025-10-10T11:20:38.122026,0.009,305.0,437.0,-0.12741978354989006,True,False,False,False,0,2,0,6,5,4,341,156,"[false, false, false]",490,2,2,Starfield Stage - 3
28422,2025-10-10T11:20:38.130708,0.008,307.5,437.0,-0.11865705051378228,True,False,False,False,0,2,0,6,5,4,341,156,"[false, false, false]",490,2,2,Starfield Stage - 3
28430,2025-10-10T11:20:38.138666,0.009,310.0,437.0,-0.10987597133284131,True,False,False,False,0,2,0,5,5,4,341,156,"[false, false, false]",490,2,2,Starfield Stage - 3
28439,2025-10-10T11:20:38.147249,0.008,312.5,437.0,-0.1010778465557134,True,False,False,False,0,2,0,5,5,4,341,156,"[false, false, false]",490,2,2,Starfield Stage - 3
28447,2025-10-10T11:20:38.155354,0.008,315.0,437.0,-0.09226399233754667,True,False,False,False,0,2,0,5,5,4,341,156,"[false, false, false]",490,2,2,Starfield Stage - 3
28456,2025-10-10T11:20:38.164242,0.009,317.5,437.0,-0.08343573931623934,True,False,False,False,0,2,0,5,5,4,341,156,"[false, false, false]",490,2,2,Starfield Stage - 3
28464,2025-10-10T11:20:38.172261,0.008,320.0,437.0,-0.07459443145582975,True,False,False,False,0,2,0,5,5,4,341,156,"[false, false, false]",490,2,2,Starfield Stage - 3
28472,2025-10-10T11:20:38.180734,0.009,322.5,437.0,-0.06574142485942212,True,False,False,False,0,1,0,5,5,4,341,156,"[false, false, false]",490,2,2,Starfield Stage - 3
28481,2025-10-10T11:20:38.189716,0.008,325.0,437.0,-0.056878086554170794,True,False,False,False,0,1,0,5,5,4,341,156,"[false, false, false]",490,2,2,Starfield Stage - 3
28489,2025-10-10T11:20:38.197530,0.008,327.5,434.5,-0.04843605428132621,True,False,True,False,0,1,0,5,5,4,341,156,"[false, false, false]",490,2,2,Starfield Stage - 3
28498,2025-10-10T11:20:38.206557,0.01,330.0,432.0,-0.039833990264221755,True,False,True,False,0,1,0,5,5,4,341,156,"[false, false, false]",490,2,2,Starfield Stage - 3
28507,2025-10-10T11:20:38.215454,0.008,332.5,429.5,-0.03106861032823742,True,False,True,False,0,1,0,5,6,4,341,156,"[false, false, false]",490,2,2,Starfield Stage - 3
28515,2025-10-10T11:20:38.223201,0.008,335.0,427.0,-0.022136604831861192,True,False,True,False,0,1,0,5,6,4,341,156,"[false, false, false]",490,2,2,Starfield Stage - 3
28523,2025-10-10T11:20:38.231336,0.008,337.5,424.5,-0.013034643496592854,True,False,True,False,0,1,0,5,6,4,341,156,"[false, false, false]",490,2,2,Starfield Stage - 3
28532,2025-10-10T11:20:38.240388,0.009,340.0,422.0,-0.003759380785767909,True,False,True,False,0,1,0,5,6,4,341,156,"[false, false, false]",490,2,2,Starfield Stage - 3
28540,2025-10-10T11:20:38.248654,0.008,342.5,419.5,0.0056925381308152246,True,False,True,False,0,1,0,5,6,4,341,156,"[false, false, false]",490,2,2,Starfield Stage - 3
28548,2025-10-10T11:20:38.256668,0.009,345.0,417.0,0.015324470788854778,True,False,True,False,0,1,0,5,6,4,341,156,"[false, false, false]",490,2,2,Starfield Stage - 3
28558,2025-10-10T11:20:38.266278,0.009,347.5,414.5,0.025139770180026902,True,False,True,False,0,1,0,5,6,4,341,156,"[false, false, false]",490,2,2,Starfield Stage - 3
28567,2025-10-10T11:20:38.275442,0.009,350.0,412.0,0.03514177680279678,True,False,True,False,0,1,0,5,6,4,341,156,"[false, false, false]",490,2,2,Starfield Stage - 3
28575,2025-10-10T11:20:38.283280,0.008,352.5,409.5,0.04533380997563161,True,False,True,False,0,1,0,5,6,4,341,156,"[false, false, false]",490,2,2,Starfield Stage - 3
28584,2025-10-10T11:20:38.292003,0.009,355.0,407.0,0.05571915837541029,True,False,True,False,0,1,0,5,6,4,341,156,"[false, false, false]",490,2,2,Starfield Stage - 3
28592,2025-10-10T11:20:38.300853,0.008,357.5,404.5,0.06630106976508121,True,False,True,False,0,1,0,5,6,4,341,156,"[false, false, false]",490,2,2,Starfield Stage - 3
28600,2025-10-10T11:20:38.308630,0.009,360.0,402.0,0.07708273987648959,True,False,True,False,0,1,0,5,6,4,341,156,"[false, false, false]",490,2,2,Starfield Stage - 3
28609,2025-10-10T11:20:38.317792,0.008,362.5,399.5,0.08806730041686421,True,False,True,False,0,2,0,6,6,4,341,156,"[false, false, false]",490,2,2,Starfield Stage - 3
28618,2025-10-10T11:20:38.326457,0.009,365.0,397.0,0.09925780617081072,True,False,True,False,0,2,0,6,6,4,341,156,"[false, false, false]",490,2,2,Starfield Stage - 3
28626,2025-10-10T11:20:38.334491,0.008,367.5,394.5,0.11065722117389565,True,False,True,False,0,2,0,6,6,4,341,156,"[false, false, false]",490,2,2,Starfield Stage - 3
28635,2025-10-10T11:20:38.343233,0.009,370.0,392.0,0.12226840393911868,True,False,True,False,0,2,0,6,6,4,341,156,"[false, false, false]",490,2,2,Starfield Stage - 3
28643,2025-10-10T11:20:38.351537,0.008,372.5,389.5,0.13409409172385162,True,False,True,False,0,2,0,6,6,4,341,156,"[false, false, false]",490,2,2,Starfield Stage - 3
28651,2025-10-10T11:20:38.359820,0.009,375.0,387.0,0.14613688383226528,True,False,True,False,0,2,0,6,6,4,341,156,"[false, false, false]",490,2,2,Starfield Stage - 3
28660,2025-10-10T11:20:38.368744,0.009,377.5,384.5,0.15839922395695322,True,False,True,False,0,2,0,6,6,4,341,156,"[false, false, false]",490,2,2,Starfield Stage - 3
28669,2025-10-10T11:20:38.377292,0.008,380.0,382.0,0.17088338157347244,True,False,True,False,0,2,0,6,6,4,341,156,"[false, false, false]",490,2,2,Starfield Stage - 3
28678,2025-10-10T11:20:38.386475,0.009,382.5,379.5,0.18359143241291814,True,False,True,False,0,2,0,6,6,4,341,156,"[false, false, false]",490,2,2,Starfield Stage - 3
28686,2025-10-10T11:20:38.394602,0.009,385.0,377.0,0.1965252380504784,True,False,True,False,0,2,0,6,6,4,341,156,"[false, false, false]",490,2,2,Starfield Stage - 3
28696,2025-10-10T11:20:38.404450,0.009,387.5,374.5,0.20968642466219878,True,False,True,False,0,2,0,6,6,4,341,156,"[false, false, false]",490,2,2,Starfield Stage - 3
28704,2025-10-10T11:20:38.412745,0.009,390.0,372.0,0.22307636101791833,True,False,True,False,0,2,0,6,6,4,341,156,"[false, false, false]",490,2,2,Starfield Stage - 3
28713,2025-10-10T11:20:38.421414,0.008,392.5,369.5,0.23669613579548018,True,False,True,False,0,2,0,6,6,5,341,156,"[false, false, false]",490,2,2,Starfield Stage - 3
28722,2025-10-10T11:20:38.430299,0.009,395.0,367.0,0.250546534319786,True,False,True,False,0,2,0,6,6,5,341,156,"[false, false, false]",490,2,2,Starfield Stage - 3
28729,2025-10-10T11:20:38.437637,0.008,397.5,364.5,0.2646280148499308,True,False,True,False,0,2,0,6,6,5,341,156,"[false, false, false]",490,2,2,Starfield Stage - 3
28738,2025-10-10T11:20:38.446263,0.008,400.0,362.0,0.27894068455833493,True,False,True,False,0,2,0,6,6,5,341,156,"[false, false, false]",490,2,2,Starfield Stage - 3
28747,2025-10-10T11:20:38.455280,0.009,402.5,359.5,0.29348427536724764,True,False,True,False,0,2,0,6,6,5,341,156,"[false, false, false]",490,2,2,Starfield Stage - 3
28756,2025-10-10T11:20:38.464057,0.009,405.0,357.0,0.30825811982992535,True,False,True,False,0,2,0,6,6,5,341,156,"[false, false, false]",490,2,2,Starfield Stage - 3
28764,2025-10-10T11:20:38.472598,0.009,407.5,354.5,0.323261127265811,True,False,True,False,0,2,0,6,6,5,341,156,"[false, false, false]",490,2,2,Starfield Stage - 3
28774,2025-10-10T11:20:38.482432,0.009,410.0,352.0,0.3384917603807311,True,False,True,False,0,2,0,6,6,5,341,156,"[false, false, false]",490,2,2,Starfield Stage - 3
28782,2025-10-10T11:20:38.490945,0.009,412.5,349.5,0.3539480126239593,True,False,True,False,0,2,0,6,6,5,341,156,"[false, false, false]",490,2,2,Starfield Stage - 3
28791,2025-10-10T11:20:38.499561,0.008,415.0,347.0,0.3696273865534144,True,False,True,False,0,2,0,6,6,5,341,156,"[false, false, false]",490,2,2,Starfield Stage - 3
28798,2025-10-10T11:20:38.506732,0.008,417.5,344.5,0.3855268734976244,True,False,True,False,0,2,0,6,6,5,341,156,"[false, false, false]",490,2,2,Starfield Stage - 3
28808,2025-10-10T11:20:38.516314,0.009,420.0,342.0,0.4016429348177272,True,False,True,False,0,2,0,6,6,5,341,156,"[false, false, false]",490,2,2,Starfield Stage - 3
28816,2025-10-10T11:20:38.524675,0.008,422.5,339.5,0.41797148508398513,True,False,True,False,0,2,0,6,6,5,341,156,"[false, false, false]",490,2,2,Starfield Stage - 3
28824,2025-10-10T11:20:38.532536,0.009,425.0,337.0,0.4345078774883332,True,False,True,False,0,2,0,6,6,5,341,156,"[false, false, false]",490,2,2,Starfield Stage - 3
28833,2025-10-10T11:20:38.541142,0.008,427.5,334.5,0.45124689181666305,True,False,True,False,0,2,0,6,6,5,341,156,"[false, false, false]",490,2,2,Starfield Stage - 3
28842,2025-10-10T11:20:38.550027,0.009,430.0,332.0,0.4681827253011719,True,False,True,False,0,2,0,6,6,5,341,156,"[false, false, false]",490,2,2,Starfield Stage - 3
28850,2025-10-10T11:20:38.558588,0.008,432.5,329.5,0.4853089866635776,True,False,True,False,0,2,0,6,6,5,341,156,"[false, false, false]",490,2,2,Starfield Stage - 3
28858,2025-10-10T11:20:38.566435,0.008,435.0,327.0,0.5026186936438022,True,False,True,False,0,2,0,6,6,5,341,156,"[false, false, false]",490,2,2,Starfield Stage - 3
28865,2025-10-10T11:20:38.573614,0.008,437.5,324.5,0.5201042742854656,True,False,True,False,0,2,0,6,6,5,341,156,"[false, false, false]",490,2,2,Starfield Stage - 3
28874,2025-10-10T11:20:38.582332,0.008,440.0,322.0,0.5377575722189997,True,False,True,False,0,2,0,6,6,5,341,156,"[false, false, false]",490,2,2,Starfield Stage - 3
28883,2025-10-10T11:20:38.591526,0.009,442.5,319.5,0.5555698561453539,True,False,True,False,0,2,0,6,6,5,341,156,"[false, false, false]",490,2,2,Starfield Stage - 3
28892,2025-10-10T11:20:38.600604,0.009,445.0,317.0,0.5735318336783152,True,False,True,False,0,2,0,6,6,5,341,156,"[false, false, false]",490,2,2,Starfield Stage - 3
28900,2025-10-10T11:20:38.608418,0.008,447.5,314.5,0.591633669651837,True,False,True,False,0,2,0,6,6,5,341,156,"[false, false, false]",490,2,2,Starfield Stage - 3
28908,2025-10-10T11:20:38.616445,0.008,450.0,312.0,0.6098650089411514,True,False,True,False,0,2,0,6,6,5,341,156,"[false, false, false]",490,2,2,Starfield Stage - 3
28917,2025-10-10T11:20:38.625509,0.009,452.5,309.5,0.6282150037837511,True,False,True,False,0,2,0,7,6,5,341,156,"[false, false, false]",490,2,2,Starfield Stage - 3
28925,2025-10-10T11:20:38.633913,0.009,455.0,307.0,0.6466723455197653,True,False,True,False,0,2,0,7,6,5,341,156,"[false, false, false]",490,2,2,Starfield Stage - 3
28934,2025-10-10T11:20:38.642417,0.008,457.5,304.5,0.6652253006022022,True,False,True,False,0,2,0,7,6,5,341,156,"[false, false, false]",490,2,2,Starfield Stage - 3
28941,2025-10-10T11:20:38.649814,0.008,460.0,302.0,0.6838617506575807,True,False,True,False,0,1,0,7,6,5,341,156,"[false, false, false]",490,2,2,Starfield Stage - 3
28950,2025-10-10T11:20:38.658342,0.008,462.5,299.5,0.7025692363083477,True,False,True,False,0,1,0,7,6,5,341,156,"[false, false, false]",490,2,2,Starfield Stage - 3
28958,2025-10-10T11:20:38.666191,0.008,465.0,297.0,0.7213350044019755,True,False,True,False,0,1,0,7,6,5,341,156,"[false, false, false]",490,2,2,Starfield Stage - 3
28967,2025-10-10T11:20:38.675372,0.009,467.5,294.5,0.7401460582295915,True,False,True,False,0,1,0,7,6,5,341,156,"[false, false, false]",490,2,2,Starfield Stage - 3
28975,2025-10-10T11:20:38.683419,0.008,470.0,292.0,0.7589892102611563,True,False,True,False,0,1,0,7,6,5,341,156,"[false, false, false]",490,2,2,Starfield Stage - 3
28983,2025-10-10T11:20:38.691770,0.009,472.5,289.5,0.7778511368762548,True,False,True,False,0,1,0,7,6,5,341,156,"[false, false, false]",490,2,2,Starfield Stage - 3
28992,2025-10-10T11:20:38.700472,0.008,475.0,287.0,0.7967184345309074,True,False,True,False,0,1,0,7,6,5,341,156,"[false, false, false]",490,2,2,Starfield Stage - 3
29000,2025-10-10T11:20:38.708371,0.008,477.5,284.5,0.8155776767726785,True,False,True,False,0,1,0,7,6,5,341,156,"[false, false, false]",490,2,2,Starfield Stage - 3
29008,2025-10-10T11:20:38.716695,0.009,480.0,282.0,0.834415471499605,True,False,True,False,0,1,0,7,6,5,341,156,"[false, false, false]",490,2,2,Starfield Stage - 3
29018,2025-10-10T11:20:38.726377,0.009,482.5,279.5,0.853218517853637,True,False,True,False,0,1,0,7,6,5,341,156,"[false, false, false]",490,2,2,Starfield Stage - 3
29027,2025-10-10T11:20:38.735285,0.009,485.0,279.5,0.861884177030646,True,False,False,False,0,1,0,7,6,5,341,156,"[false, false, false]",490,2,2,Starfield Stage - 3
29035,2025-10-10T11:20:38.743677,0.009,487.5,279.5,0.8703781918650046,True,False,False,False,0,1,0,7,6,5,341,156,"[false, false, false]",490,2,2,Starfield Stage - 3
29044,2025-10-10T11:20:38.752273,0.008,490.0,279.5,0.8787044221908401,True,False,False,False,0,1,0,7,6,5,341,156,"[false, false, false]",490,2,2,Starfield Stage - 3
29053,2025-10-10T11:20:38.760971,0.009,492.5,279.5,0.8868666699565997,True,False,False,False,0,1,0,7,6,5,341,156,"[false, false, false]",490,2,2,Starfield Stage - 3
29061,2025-10-10T11:20:38.769683,0.009,495.0,279.5,0.894868676267656,True,False,False,False,0,1,0,7,6,5,341,156,"[false, false, false]",490,2,2,Starfield Stage - 3
29071,2025-10-10T11:20:38.779016,0.008,497.5,279.5,0.9027141189020846,True,False,False,False,0,1,0,7,6,5,341,156,"[false, false, false]",490,2,2,Starfield Stage - 3
29078,2025-10-10T11:20:38.786474,0.008,500.0,279.5,0.9104066102580848,True,False,False,False,0,1,0,7,6,5,341,156,"[false, false, false]",490,2,2,Starfield Stage - 3
29086,2025-10-10T11:20:38.794622,0.008,502.5,279.5,0.9179496956941223,True,False,False,False,0,1,0,7,6,5,341,156,"[false, false, false]",490,2,2,Starfield Stage - 3
29095,2025-10-10T11:20:38.803151,0.009,505.0,279.5,0.9253468522254343,True,False,False,False,0,1,0,7,6,5,341,156,"[false, false, false]",490,2,2,Starfield Stage - 3
29103,2025-10-10T11:20:38.811685,0.009,507.5,279.5,0.9326014875430108,True,False,False,False,0,1,0,7,6,5,341,156,"[false, false, false]",490,2,2,Starfield Stage - 3
29112,2025-10-10T11:20:38.820130,0.008,510.0,279.5,0.9397169393235674,True,False,False,False,0,1,0,7,6,5,341,156,"[false, false, false]",490,2,2,Starfield Stage - 3
29120,2025-10-10T11:20:38.828189,0.008,512.5,279.5,0.9466964748013181,True,False,False,False,0,1,0,7,6,5,341,156,"[false, false, false]",490,2,2,Starfield Stage - 3
29128,2025-10-10T11:20:38.836377,0.008,515.0,279.5,0.9535432905745485,True,False,False,False,0,1,0,7,6,5,341,156,"[false, false, false]",490,2,2,Starfield Stage - 3
29138,2025-10-10T11:20:38.846020,0.009,517.5,279.5,0.960260512622069,True,False,False,False,0,1,0,7,6,5,341,156,"[false, false, false]",490,2,2,Starfield Stage - 3
29146,2025-10-10T11:20:38.853971,0.009,520.0,282.0,0.9661285995333884,True,False,False,True,0,1,0,7,6,5,342,159,"[false, false, false]",490,2,2,Starfield Stage - 3
29154,2025-10-10T11:20:38.862420,0.008,522.5,284.5,1.001882911798307,True,False,False,True,0,1,0,7,6,5,345,171,"[false, false, false]",490,2,2,Starfield Stage - 3
29162,2025-10-10T11:20:38.870197,0.008,525.0,287.0,1.0714496051147666,True,False,False,True,0,1,0,7,6,5,349,191,"[false, false, false]",490,2,2,Starfield Stage - 3
29170,2025-10-10T11:20:38.878375,0.008,527.5,289.5,1.1877936992509033,True,False,False,True,0,1,0,7,6,5,355,220,"[false, false, false]",490,2,2,Starfield Stage - 3
29179,2025-10-10T11:20:38.887504,0.009,530.0,292.0,1.3552621668907672,True,False,False,True,0,1,0,7,6,5,361,255,"[false, false, false]",490,2,2,Starfield Stage - 3
29187,2025-10-10T11:20:38.895424,0.008,532.5,294.5,1.5436126922304902,True,False,False,True,0,1,0,7,6,5,367,290,"[false, false, false]",490,2,2,Starfield Stage - 3
29195,2025-10-10T11:20:38.903699,0.009,535.0,297.0,1.7539071440573808,True,False,False,True,0,1,0,7,6,5,373,327,"[false, false, false]",490,2,2,Starfield Stage - 3
29204,2025-10-10T11:20:38.912163,0.008,537.5,299.5,1.9604569985353657,True,False,False,True,0,1,0,7,6,5,378,365,"[false, false, false]",490,2,2,Starfield Stage - 3
29212,2025-10-10T11:20:38.920245,0.008,540.0,302.0,2.140836790494607,True,False,False,True,0,1,0,7,6,5,384,402,"[false, false, false]",490,2,2,Starfield Stage - 3
29220,2025-10-10T11:20:38.928514,0.008,542.5,304.5,2.2939911045790957,True,False,False,True,0,1,0,7,6,5,389,440,"[false, false, false]",490,2,2,Starfield Stage - 3
29228,2025-10-10T11:20:38.936867,0.009,545.0,307.0,2.4116929954380617,True,False,False,True,0,1,0,7,6,5,392,478,"[false, false, false]",490,2,2,Starfield Stage - 3
29237,2025-10-10T11:20:38.945704,0.009,547.5,309.5,2.508633910950055,True,False,False,True,0,1,0,7,6,5,396,516,"[false, false, false]",490,2,2,Starfield Stage - 3
29247,2025-10-10T11:20:38.955650,0.01,550.0,312.0,2.580767822632671,True,False,False,True,0,1,0,7,6,5,398,554,"[false, false, false]",490,2,2,Starfield Stage - 3
29256,2025-10-10T11:20:38.964632,0.009,552.5,314.5,2.6902580969452146,True,False,False,True,0,1,0,7,6,5,402,625,"[false, false, false]",490,2,2,Starfield Stage - 3
29265,2025-10-10T11:20:38.973601,0.009,555.0,317.0,2.721448414136948,True,False,False,True,0,1,0,7,6,5,404,655,"[false, false, false]",490,2,2,Starfield Stage - 3
29274,2025-10-10T11:20:38.982249,0.008,557.5,319.5,2.7443622763608255,True,False,False,True,0,1,0,7,6,5,405,683,"[false, false, false]",490,2,2,Starfield Stage - 3
29283,2025-10-10T11:20:38.991515,0.009,560.0,322.0,2.7575180489808577,True,False,False,True,0,1,0,7,6,5,404,708,"[false, false, false]",490,2,2,Starfield Stage - 3
29291,2025-10-10T11:20:38.999206,0.008,562.5,324.5,2.7655476872848452,True,False,False,True,0,1,0,7,6,5,402,731,"[false, false, false]",490,2,2,Starfield Stage - 3
29299,2025-10-10T11:20:39.007333,0.008,565.0,327.0,2.7655778755084097,True,False,False,True,0,1,0,7,6,5,398,750,"[false, false, false]",490,2,2,Starfield Stage - 3
29307,2025-10-10T11:20:39.015604,0.009,567.5,329.5,2.7680017955540612,True,False,False,True,0,1,0,7,6,5,396,767,"[false, false, false]",490,2,2,Starfield Stage - 3
29317,2025-10-10T11:20:39.025238,0.009,570.0,332.0,2.7660881585801267,True,False,False,True,0,1,0,7,6,5,393,781,"[false, false, false]",490,2,2,Starfield Stage - 3
29326,2025-10-10T11:20:39.034087,0.009,572.5,334.5,2.7643077927158872,True,False,False,True,0,1,0,7,6,5,392,790,"[false, false, false]",490,2,2,Starfield Stage - 3
29335,2025-10-10T11:20:39.043273,0.009,575.0,337.0,2.7569879387675797,True,False,False,True,0,1,0,7,6,5,388,799,"[false, false, false]",490,2,2,Starfield Stage - 3
29342,2025-10-10T11:20:39.050588,0.008,577.5,339.5,2.7467242720498084,True,False,False,True,0,1,0,6,6,5,386,799,"[false, false, false]",490,2,2,Starfield Stage - 3
29352,2025-10-10T11:20:39.060336,0.009,580.0,342.0,2.738286489654499,True,False,False,True,0,1,0,6,6,5,385,799,"[false, false, false]",490,2,2,Starfield Stage - 3
29360,2025-10-10T11:20:39.068960,0.009,582.5,344.5,2.7298172058457535,True,False,False,True,1,1,0,6,6,5,384,799,"[true, false, false]",490,2,2,Starfield Stage - 3
29369,2025-10-10T11:20:39.077266,0.008,585.0,347.0,2.723163069497847,True,False,False,True,1,1,0,6,6,5,384,799,"[true, false, false]",490,2,2,Starfield Stage - 3
29378,2025-10-10T11:20:39.086575,0.009,587.5,349.5,2.716474719866421,True,False,False,True,1,1,0,6,6,5,384,799,"[true, false, false]",490,2,2,Starfield Stage - 3
29386,2025-10-10T11:20:39.094664,0.009,585.0,352.0,2.719017823179441,False,True,False,True,1,1,0,6,6,5,384,799,"[true, false, false]",490,2,2,Starfield Stage - 3
29395,2025-10-10T11:20:39.103636,0.009,582.5,354.5,2.7215954611271123,False,True,False,True,1,1,0,6,6,5,384,799,"[true, false, false]",490,2,2,Starfield Stage - 3
29404,2025-10-10T11:20:39.112122,0.008,580.0,357.0,2.724208307013344,False,True,False,True,1,1,0,6,6,5,384,799,"[true, false, false]",490,2,2,Starfield Stage - 3
29411,2025-10-10T11:20:39.119535,0.008,577.5,359.5,2.726857050738182,False,True,False,True,1,1,0,6,6,5,384,799,"[true, false, false]",490,2,2,Starfield Stage - 3
29420,2025-10-10T11:20:39.128150,0.008,575.0,362.0,2.7295423992742243,False,True,False,True,1,1,0,6,6,5,384,799,"[true, false, false]",490,2,2,Starfield Stage - 3
29428,2025-10-10T11:20:39.136423,0.008,572.5,364.5,2.732265077157788,False,True,False,True,1,1,0,6,6,5,384,799,"[true, false, false]",490,2,2,Starfield Stage - 3
29436,2025-10-10T11:20:39.144311,0.008,570.0,367.0,2.7350258269952517,False,True,False,True,1,1,0,6,6,5,384,799,"[false, false, false]",490,2,2,Starfield Stage - 3
29444,2025-10-10T11:20:39.152860,0.009,567.5,369.5,2.7378254099850223,False,True,False,True,1,1,0,6,6,5,384,799,"[false, false, false]",490,2,2,Starfield Stage - 3
29453,2025-10-10T11:20:39.161365,0.008,565.0,372.0,2.7406646064555757,False,True,False,True,1,1,0,6,6,5,384,799,"[false, false, false]",490,2,2,Starfield Stage - 3
29461,2025-10-10T11:20:39.169088,0.008,562.5,374.5,2.743544216420026,False,True,False,True,1,1,0,6,6,5,384,799,"[false, false, false]",490,2,2,Starfield Stage - 3
29469,2025-10-10T11:20:39.177648,0.009,560.0,377.0,2.7464650601476825,False,True,False,True,1,1,0,6,6,5,384,799,"[false, false, false]",490,2,2,Starfield Stage - 3
29478,2025-10-10T11:20:39.186585,0.009,557.5,379.5,2.748584365857989,False,True,False,True,1,1,0,6,6,5,384,798,"[false, false, false]",490,2,2,Starfield Stage - 3
29487,2025-10-10T11:20:39.195305,0.008,555.0,382.0,2.7507432444096973,False,True,False,True,1,1,0,6,6,5,384,797,"[false, false, false]",490,2,2,Starfield Stage - 3
29496,2025-10-10T11:20:39.204193,0.009,552.5,382.0,2.755062252961258,False,True,False,False,1,1,0,6,6,5,384,796,"[false, false, false]",490,2,2,Starfield Stage - 3
29504,2025-10-10T11:20:39.212788,0.009,550.0,382.0,2.7594175254190114,False,True,False,False,1,1,0,6,6,5,384,795,"[false, false, false]",490,2,2,Starfield Stage - 3
29514,2025-10-10T11:20:39.222194,0.009,547.5,382.0,2.7638093531149823,False,True,False,False,1,1,0,6,6,5,384,794,"[false, false, false]",490,2,2,Starfield Stage - 3
29522,2025-10-10T11:20:39.230612,0.009,545.0,382.0,2.769524894731673,False,True,False,False,1,1,0,6,6,5,385,792,"[false, false, false]",490,2,2,Starfield Stage - 3
29531,2025-10-10T11:20:39.239055,0.008,542.5,382.0,2.77827473634113,False,True,False,False,1,1,0,6,6,5,387,791,"[false, false, false]",490,2,2,Starfield Stage - 3
29539,2025-10-10T11:20:39.247201,0.008,540.0,382.0,2.7849725176383613,False,True,False,False,1,1,0,6,6,5,388,790,"[false, false, false]",490,2,2,Starfield Stage - 3
29547,2025-10-10T11:20:39.255431,0.008,537.5,382.0,2.7952959125735344,False,True,False,False,1,1,0,6,6,5,391,788,"[false, false, false]",490,2,2,Starfield Stage - 3
29555,2025-10-10T11:20:39.263919,0.009,535.0,382.0,2.8051372768153,False,True,False,False,1,1,0,6,6,5,393,788,"[false, false, false]",490,2,2,Starfield Stage - 3
29564,2025-10-10T11:20:39.272906,0.009,532.5,382.0,2.8142968695251938,False,True,False,False,2,1,0,6,6,5,395,787,"[true, false, false]",490,2,2,Starfield Stage - 3
29574,2025-10-10T11:20:39.282654,0.009,530.0,382.0,2.8257944098477425,False,True,False,False,2,1,0,6,6,5,398,786,"[true, false, false]",490,2,2,Starfield Stage - 3
29582,2025-10-10T11:20:39.290336,0.008,527.5,382.0,2.8405547675572964,False,True,False,False,2,1,0,6,6,5,403,783,"[true, false, false]",490,2,2,Starfield Stage - 3
29590,2025-10-10T11:20:39.298491,0.008,525.0,382.0,2.8510581553687455,False,True,False,False,2,1,0,6,6,5,406,780,"[true, false, false]",490,2,2,Starfield Stage - 3
29598,2025-10-10T11:20:39.306673,0.009,522.5,382.0,2.8594519981097974,False,True,False,False,2,1,0,6,6,5,408,777,"[false, false, false]",490,2,2,Starfield Stage - 3
29607,2025-10-10T11:20:39.315096,0.008,520.0,382.0,2.8697226860139127,False,True,False,False,2,1,0,6,6,5,411,773,"[false, false, false]",490,2,2,Starfield Stage - 3
29615,2025-10-10T11:20:39.323396,0.008,517.5,382.0,2.879620178882834,False,True,False,False,2,1,0,6,6,5,414,768,"[false, false, false]",490,2,2,Starfield Stage - 3
29623,2025-10-10T11:20:39.331946,0.009,515.0,382.0,2.8891975627833277,False,True,False,False,2,1,0,6,6,5,417,762,"[false, false, false]",490,2,2,Starfield Stage - 3
29632,2025-10-10T11:20:39.340658,0.008,512.5,382.0,2.8985073299487385,False,True,False,False,2,1,0,6,6,5,420,755,"[false, false, false]",490,2,2,Starfield Stage - 3
29641,2025-10-10T11:20:39.349431,0.009,510.0,382.0,2.910806585836197,False,True,True,True,2,2,0,6,6,5,424,748,"[false, false, false]",490,2,2,Starfield Stage - 3
29649,2025-10-10T11:20:39.357160,0.008,507.5,382.0,2.921007436476526,False,True,True,True,2,2,0,6,6,5,427,741,"[false, false, false]",490,2,2,Starfield Stage - 3
29695,2025-10-10T11:20:39.403171,0.009,505.0,382.0,2.9289477312320216,False,True,True,True,1,2,0,6,6,5,429,734,"[false, false, false]",510,2,2,Starfield Stage - 3
29699,2025-10-10T11:20:39.407379,0.041,502.5,384.5,2.9375268202383684,False,True,False,True,1,2,0,6,6,5,431,730,"[false, false, false]",510,2,2,Starfield Stage - 3
29707,2025-10-10T11:20:39.415615,0.008,500.0,387.0,2.956427118769018,False,True,False,True,1,2,0,6,6,5,438,718,"[false, false, false]",510,2,2,Starfield Stage - 3
29716,2025-10-10T11:20:39.424285,0.009,497.5,389.5,2.962408946061521,False,True,False,True,1,2,0,6,6,5,438,718,"[false, false, false]",510,2,2,Starfield Stage - 3
29724,2025-10-10T11:20:39.432736,0.008,495.0,392.0,2.971473838173696,False,True,False,True,2,2,0,6,6,5,439,718,"[true, false, false]",510,2,2,Starfield Stage - 3
29732,2025-10-10T11:20:39.440777,0.009,492.5,392.0,2.9789321521799583,False,True,False,False,2,2,0,6,6,5,439,718,"[true, false, false]",510,2,2,Starfield Stage - 3
29741,2025-10-10T11:20:39.449602,0.008,490.0,392.0,2.986408768409873,False,True,False,False,2,2,0,6,6,5,439,718,"[true, false, false]",510,2,2,Starfield Stage - 3
29749,2025-10-10T11:20:39.457397,0.008,487.5,392.0,2.9939029154407506,False,True,False,False,2,2,0,6,6,5,439,718,"[true, false, false]",510,2,2,Starfield Stage - 3
29757,2025-10-10T11:20:39.465430,0.008,485.0,392.0,3.001413810353183,False,True,False,False,2,2,0,6,6,5,439,718,"[true, false, false]",510,2,2,Starfield Stage - 3
29765,2025-10-10T11:20:39.473697,0.008,482.5,392.0,3.0089406591676786,False,True,False,False,2,2,0,6,6,5,439,718,"[true, false, false]",510,2,2,Starfield Stage - 3
29773,2025-10-10T11:20:39.481732,0.009,480.0,392.0,3.0164826572989845,False,True,False,False,2,2,0,6,6,5,439,718,"[true, false, false]",510,2,2,Starfield Stage - 3
29783,2025-10-10T11:20:39.491202,0.009,477.5,392.0,3.0240389900275493,False,True,False,False,2,2,0,6,6,5,439,718,"[true, false, false]",510,2,2,Starfield Stage - 3
29792,2025-10-10T11:20:39.500238,0.009,475.0,392.0,3.0316088329875095,False,True,False,False,2,2,0,6,6,5,439,718,"[false, false, false]",510,2,2,Starfield Stage - 3
29800,2025-10-10T11:20:39.508325,0.008,472.5,392.0,3.03919135267055,False,True,False,False,2,2,0,6,6,5,439,718,"[false, false, false]",510,2,2,Starfield Stage - 3
29808,2025-10-10T11:20:39.516745,0.009,470.0,392.0,3.046495746144529,False,True,False,False,2,2,0,6,6,5,439,717,"[false, false, false]",510,2,2,Starfield Stage - 3
29854,2025-10-10T11:20:39.562474,0.008,467.5,392.0,3.05385551380767,False,True,False,False,1,1,0,6,6,5,439,716,"[false, false, false]",520,2,2,Starfield Stage - 3
29859,2025-10-10T11:20:39.567577,0.042,465.0,394.5,3.063260326664211,False,True,False,True,1,1,0,6,6,5,440,713,"[false, false, false]",520,2,2,Starfield Stage - 3
29867,2025-10-10T11:20:39.575289,0.008,462.5,397.0,3.093774348435532,False,True,False,True,1,1,0,6,6,5,448,700,"[false, false, false]",520,2,2,Starfield Stage - 3
29874,2025-10-10T11:20:39.582806,0.008,460.0,399.5,3.1048812749706416,False,True,False,True,1,1,0,6,6,5,449,699,"[false, false, false]",520,2,2,Starfield Stage - 3
29884,2025-10-10T11:20:39.592242,0.009,457.5,402.0,3.112980935002284,False,True,False,True,1,1,0,6,6,5,449,699,"[false, false, false]",520,2,2,Starfield Stage - 3
29892,2025-10-10T11:20:39.600724,0.009,455.0,404.5,3.121221957336795,False,True,False,True,1,1,0,6,6,5,449,699,"[false, false, false]",520,2,2,Starfield Stage - 3
29902,2025-10-10T11:20:39.610187,0.009,455.0,407.0,3.121047599556393,True,True,False,True,1,1,0,6,6,5,449,699,"[false, false, false]",520,2,2,Starfield Stage - 3
29910,2025-10-10T11:20:39.618751,0.009,455.0,409.5,3.1208702316973094,True,True,False,True,2,1,0,6,6,5,449,699,"[true, false, false]",520,2,2,Starfield Stage - 3
29919,2025-10-10T11:20:39.627347,0.008,455.0,412.0,3.120689775144184,True,True,False,True,2,1,0,6,6,5,449,699,"[true, false, false]",520,2,2,Starfield Stage - 3
29928,2025-10-10T11:20:39.636482,0.01,455.0,414.5,3.120506148520387,True,True,False,True,2,1,0,6,6,5,449,699,"[true, false, false]",520,2,2,Starfield Stage - 3
29937,2025-10-10T11:20:39.645604,0.009,455.0,417.0,3.120319267565732,True,True,False,True,2,1,0,6,6,5,449,699,"[true, false, false]",520,2,2,Starfield Stage - 3
29946,2025-10-10T11:20:39.653974,0.008,455.0,419.5,3.120129045007631,True,True,False,True,2,1,0,6,6,5,449,699,"[true, false, false]",520,2,2,Starfield Stage - 3
29954,2025-10-10T11:20:39.662335,0.008,455.0,422.0,3.119935390425279,True,True,False,True,2,1,0,6,6,5,449,699,"[true, false, false]",520,2,2,Starfield Stage - 3
29962,2025-10-10T11:20:39.670433,0.008,455.0,424.5,3.119738210106431,True,True,False,True,2,1,0,7,6,5,449,699,"[true, false, false]",520,2,2,Starfield Stage - 3
29971,2025-10-10T11:20:39.678970,0.009,455.0,427.0,3.1195374068962782,True,True,False,True,2,1,0,7,6,5,449,699,"[true, false, false]",520,2,2,Starfield Stage - 3
29978,2025-10-10T11:20:39.686654,0.008,452.5,429.5,3.1286063706696208,False,True,False,True,2,1,0,7,6,5,449,699,"[true, false, false]",520,2,2,Starfield Stage - 3
29988,2025-10-10T11:20:39.696234,0.009,450.0,432.0,3.1378473527499575,False,True,False,True,2,1,0,7,6,5,449,699,"[false, false, false]",520,2,2,Starfield Stage - 3
29996,2025-10-10T11:20:39.704509,0.008,447.5,434.5,-3.1359216368799623,False,True,False,True,2,1,0,7,6,5,449,699,"[false, false, false]",520,2,2,Starfield Stage - 3
30004,2025-10-10T11:20:39.712062,0.008,445.0,437.0,-3.126326664043013,False,True,False,True,2,1,0,7,6,5,449,699,"[false, false, false]",520,2,2,Starfield Stage - 3
30012,2025-10-10T11:20:39.720755,0.009,442.5,439.5,-3.1165497205591737,False,True,False,True,2,1,0,7,6,5,449,699,"[false, false, false]",520,2,2,Starfield Stage - 3
30021,2025-10-10T11:20:39.729334,0.008,440.0,442.0,-3.1065875033250925,False,True,False,True,2,1,0,7,6,5,449,699,"[false, false, false]",520,2,2,Starfield Stage - 3
30029,2025-10-10T11:20:39.737546,0.009,437.5,444.5,-3.096436730012483,False,True,False,True,2,1,0,7,6,5,449,699,"[false, false, false]",520,2,2,Starfield Stage - 3
30039,2025-10-10T11:20:39.746993,0.009,435.0,447.0,-3.0860941483440762,False,True,False,True,2,1,0,7,6,5,449,699,"[false, false, false]",520,2,2,Starfield Stage - 3
30047,2025-10-10T11:20:39.755325,0.008,432.5,449.5,-3.075291583824712,False,True,False,True,2,1,0,7,6,5,449,698,"[false, false, false]",520,2,2,Starfield Stage - 3
30056,2025-10-10T11:20:39.764402,0.009,430.0,452.0,-3.064509913713304,False,True,False,True,2,1,0,7,6,5,449,698,"[false, false, false]",520,2,2,Starfield Stage - 3
30066,2025-10-10T11:20:39.774437,0.008,427.5,454.5,-3.0531640754416762,False,True,False,True,2,1,0,7,6,5,449,697,"[false, false, false]",520,2,2,Starfield Stage - 3
30071,2025-10-10T11:20:39.779692,0.008,425.0,454.5,-3.0429448255704963,False,True,False,False,3,1,0,7,6,5,449,697,"[true, false, false]",520,2,2,Starfield Stage - 3
30080,2025-10-10T11:20:39.788451,0.008,422.5,454.5,-3.0327462045427143,False,True,False,False,3,1,0,7,6,5,449,697,"[true, false, false]",520,2,2,Starfield Stage - 3
30088,2025-10-10T11:20:39.796622,0.009,420.0,454.5,-3.022570264665897,False,True,False,False,3,1,0,7,6,5,449,697,"[true, false, false]",520,2,2,Starfield Stage - 3
30097,2025-10-10T11:20:39.805093,0.008,417.5,454.5,-3.0124190303478886,False,True,False,False,3,1,0,7,6,5,449,697,"[true, false, false]",520,2,2,Starfield Stage - 3
30106,2025-10-10T11:20:39.814240,0.009,415.0,454.5,-3.002294495819934,False,True,False,False,3,1,0,7,6,5,449,697,"[true, false, false]",520,2,2,Starfield Stage - 3
30114,2025-10-10T11:20:39.822779,0.009,412.5,454.5,-2.9956400012906186,False,True,False,False,3,1,0,7,6,5,448,696,"[true, false, false]",520,2,2,Starfield Stage - 3
30123,2025-10-10T11:20:39.831387,0.008,410.0,454.5,-3.000572535329091,False,True,False,False,3,1,0,7,6,5,444,694,"[true, false, false]",520,2,2,Starfield Stage - 3
30131,2025-10-10T11:20:39.839540,0.008,407.5,454.5,-3.0180150623588244,False,True,False,False,3,1,0,7,6,5,437,692,"[true, false, false]",520,2,2,Starfield Stage - 3
30139,2025-10-10T11:20:39.847622,0.009,405.0,454.5,-3.042565575005471,False,True,False,False,3,1,0,7,6,5,428,686,"[false, false, false]",520,2,2,Starfield Stage - 3
30148,2025-10-10T11:20:39.856698,0.009,402.5,454.5,-3.076806489709708,False,True,False,False,3,1,0,7,6,5,417,678,"[false, false, false]",520,2,2,Starfield Stage - 3
30157,2025-10-10T11:20:39.865205,0.008,400.0,454.5,-3.1224103544347335,False,True,False,False,2,1,0,7,6,5,404,663,"[false, false, false]",520,2,2,Starfield Stage - 3
30165,2025-10-10T11:20:39.873485,0.009,397.5,454.5,3.107305304678433,False,True,False,False,2,1,0,7,6,5,391,644,"[false, false, false]",520,2,2,Starfield Stage - 3
30175,2025-10-10T11:20:39.883037,0.009,395.0,454.5,3.0259036063832174,False,True,False,False,2,1,0,7,6,5,376,618,"[false, false, false]",520,2,2,Starfield Stage - 3
30183,2025-10-10T11:20:39.891428,0.008,392.5,454.5,2.7044154388262265,False,True,False,False,2,1,0,7,6,5,346,554,"[false, false, false]",520,2,2,Starfield Stage - 3
30191,2025-10-10T11:20:39.899848,0.009,390.0,454.5,2.4021871375539146,False,True,False,False,2,1,0,7,6,5,333,517,"[false, false, false]",520,2,2,Starfield Stage - 3
30200,2025-10-10T11:20:39.908225,0.008,390.0,457.0,1.8295672187585943,False,False,False,True,2,1,0,7,6,5,322,475,"[false, false, false]",520,2,2,Starfield Stage - 3
30208,2025-10-10T11:20:39.916477,0.008,390.0,459.5,1.1980503260440316,False,False,False,True,2,1,0,7,6,5,312,429,"[false, false, false]",520,2,2,Starfield Stage - 3
30217,2025-10-10T11:20:39.925022,0.008,390.0,462.0,0.8146296007696686,False,False,False,True,2,1,0,7,6,5,302,379,"[false, false, false]",520,2,2,Starfield Stage - 3
30224,2025-10-10T11:20:39.932379,0.008,392.5,464.5,0.6311705534843869,True,False,False,True,2,1,0,7,6,5,292,327,"[false, false, false]",520,2,2,Starfield Stage - 3
30232,2025-10-10T11:20:39.940714,0.009,395.0,467.0,0.5225225786241028,True,False,False,True,2,1,0,7,6,5,285,276,"[false, false, false]",520,2,2,Starfield Stage - 3
30241,2025-10-10T11:20:39.949599,0.009,397.5,469.5,0.45453435674178716,True,False,False,True,2,1,0,7,6,5,279,227,"[false, false, false]",520,2,2,Starfield Stage - 3
30250,2025-10-10T11:20:39.958215,0.008,400.0,472.0,0.4069707853687713,True,False,False,True,2,1,0,7,6,5,275,182,"[false, false, false]",520,2,2,Starfield Stage - 3
30258,2025-10-10T11:20:39.966797,0.009,402.5,474.5,0.36878511137647857,True,False,False,True,2,1,0,7,6,5,274,142,"[false, false, false]",520,2,2,Starfield Stage - 3
30267,2025-10-10T11:20:39.975273,0.008,405.0,477.0,0.3402818735999635,True,False,False,True,2,1,0,8,6,6,274,107,"[false, false, false]",520,2,2,Starfield Stage - 3
30275,2025-10-10T11:20:39.983922,0.009,407.5,479.5,0.31426005778677785,True,False,False,True,2,1,0,8,6,6,277,78,"[false, false, false]",520,2,2,Starfield Stage - 3
30284,2025-10-10T11:20:39.992284,0.008,410.0,482.0,0.294039099906484,True,False,False,True,1,1,0,8,6,6,281,56,"[false, false, false]",520,2,2,Starfield Stage - 3
30291,2025-10-10T11:20:39.999888,0.008,412.5,484.5,0.274265615446427,True,False,False,True,1,1,0,8,6,6,288,42,"[false, false, false]",520,2,2,Starfield Stage - 3
30300,2025-10-10T11:20:40.008259,0.008,415.0,487.0,0.2563476823127999,True,False,False,True,2,1,0,8,6,6,296,33,"[true, false, false]",520,2,2,Starfield Stage - 3
30308,2025-10-10T11:20:40.016466,0.008,417.5,489.5,0.24370087184683636,True,False,False,True,2,1,0,8,6,6,303,29,"[true, false, false]",520,2,2,Starfield Stage - 3
30316,2025-10-10T11:20:40.024516,0.008,420.0,492.0,0.23228898897102182,True,False,False,True,2,1,0,8,6,6,310,27,"[true, false, false]",520,2,2,Starfield Stage - 3
30325,2025-10-10T11:20:40.033017,0.009,422.5,494.5,0.22601759821283154,True,False,False,True,2,1,0,8,6,6,315,27,"[true, false, false]",520,2,2,Starfield Stage - 3
30333,2025-10-10T11:20:40.041348,0.008,425.0,497.0,0.2258663024740417,True,False,False,True,2,1,0,8,6,6,317,27,"[true, false, false]",520,2,2,Starfield Stage - 3
30341,2025-10-10T11:20:40.049479,0.009,427.5,499.5,0.22772606151093275,True,False,False,True,2,1,0,8,6,6,318,27,"[true, false, false]",520,2,2,Starfield Stage - 3
30350,2025-10-10T11:20:40.058734,0.009,430.0,502.0,0.23155998547658704,True,False,False,True,2,1,0,8,6,6,318,27,"[true, false, false]",520,2,2,Starfield Stage - 3
30359,2025-10-10T11:20:40.067253,0.008,432.5,504.5,0.23526539451574263,True,False,False,True,2,1,0,8,6,6,319,31,"[true, false, false]",520,2,2,Starfield Stage - 3
30368,2025-10-10T11:20:40.076354,0.009,435.0,507.0,0.24049662142675166,True,False,False,True,2,1,0,9,6,6,319,34,"[false, false, false]",520,2,2,Starfield Stage - 3
30377,2025-10-10T11:20:40.085366,0.009,437.5,509.5,0.24572548897756147,True,False,False,True,2,1,0,9,6,6,319,37,"[false, false, false]",520,2,2,Starfield Stage - 3
30384,2025-10-10T11:20:40.092853,0.008,440.0,512.0,0.25044308961135187,True,False,False,True,2,1,0,9,6,6,319,39,"[false, false, false]",520,2,2,Starfield Stage - 3
30393,2025-10-10T11:20:40.101264,0.008,442.5,514.5,0.25565618134213963,True,False,False,True,2,1,0,9,6,6,319,42,"[false, false, false]",520,2,2,Starfield Stage - 3
30401,2025-10-10T11:20:40.109522,0.008,445.0,517.0,0.2623122414554989,True,False,False,True,1,1,0,9,6,6,318,44,"[false, false, false]",520,2,2,Starfield Stage - 3
30409,2025-10-10T11:20:40.117535,0.009,447.5,519.5,0.2689306141735021,True,False,False,True,1,1,0,9,6,6,317,46,"[false, false, false]",520,2,2,Starfield Stage - 3
30418,2025-10-10T11:20:40.126509,0.009,450.0,522.0,0.2755110438130484,True,False,False,True,1,1,0,9,6,6,316,48,"[false, false, false]",520,2,2,Starfield Stage - 3
30426,2025-10-10T11:20:40.134669,0.008,452.5,524.5,0.2834306637613415,True,False,False,True,1,1,0,9,6,6,314,49,"[false, false, false]",520,2,2,Starfield Stage - 3
30435,2025-10-10T11:20:40.143043,0.008,455.0,527.0,0.2893397845535058,True,False,False,True,1,1,0,9,6,6,313,50,"[false, false, false]",520,2,2,Starfield Stage - 3
30443,2025-10-10T11:20:40.151640,0.009,457.5,529.5,0.2951913361508932,True,False,False,True,1,1,0,9,6,6,312,51,"[false, false, false]",520,2,2,Starfield Stage - 3
30452,2025-10-10T11:20:40.160879,0.009,460.0,532.0,0.2984989315861793,True,False,False,True,1,1,0,9,6,6,312,51,"[false, false, false]",520,2,2,Starfield Stage - 3
30461,2025-10-10T11:20:40.169636,0.009,462.5,534.5,0.30176570762411037,True,False,False,True,1,1,0,9,6,6,312,51,"[false, false, false]",520,2,2,Starfield Stage - 3
30471,2025-10-10T11:20:40.179100,0.009,465.0,537.0,0.30499234681440474,True,False,False,True,1,1,0,10,6,6,312,51,"[false, false, false]",520,2,2,Starfield Stage - 3
30479,2025-10-10T11:20:40.187451,0.008,462.5,539.5,0.298858514454536,False,True,False,True,1,1,0,10,6,6,312,51,"[false, false, false]",520,2,2,Starfield Stage - 3
30487,2025-10-10T11:20:40.195530,0.008,460.0,542.0,0.2964940653048703,False,True,False,True,1,1,0,10,6,6,310,51,"[false, false, false]",520,2,2,Starfield Stage - 3
30495,2025-10-10T11:20:40.203890,0.009,457.5,544.5,0.29899925317976916,False,True,False,True,2,1,0,10,6,6,306,53,"[true, false, false]",520,2,2,Starfield Stage - 3
30504,2025-10-10T11:20:40.212497,0.008,455.0,547.0,0.3045108832021125,False,True,False,True,2,1,0,10,6,6,301,57,"[true, false, false]",520,2,2,Starfield Stage - 3
30512,2025-10-10T11:20:40.220557,0.008,452.5,549.5,0.313092762066895,False,True,False,True,2,1,0,10,6,6,295,63,"[true, false, false]",520,2,2,Starfield Stage - 3
30520,2025-10-10T11:20:40.228469,0.008,450.0,552.0,0.32361274963700726,False,True,False,True,2,1,0,10,6,6,288,69,"[true, false, false]",520,2,2,Starfield Stage - 3
30528,2025-10-10T11:20:40.236695,0.009,447.5,554.5,0.3323486613267967,False,True,False,True,2,1,0,10,6,6,282,75,"[true, false, false]",520,2,2,Starfield Stage - 3
30537,2025-10-10T11:20:40.245324,0.008,445.0,557.0,0.3418231404641673,False,True,False,True,2,1,0,10,6,6,276,82,"[true, false, false]",520,2,2,Starfield Stage - 3
30546,2025-10-10T11:20:40.254260,0.009,442.5,559.5,0.35141356839856575,False,True,False,True,2,1,0,10,6,6,270,89,"[true, false, false]",520,2,2,Starfield Stage - 3
30555,2025-10-10T11:20:40.262964,0.009,440.0,562.0,0.3644269851535017,False,True,False,True,2,1,0,10,6,6,263,98,"[true, false, false]",520,2,2,Starfield Stage - 3
30563,2025-10-10T11:20:40.271256,0.008,437.5,564.5,0.37504195062787715,False,True,False,True,2,1,0,10,6,6,257,106,"[true, false, false]",520,2,2,Starfield Stage - 3
30571,2025-10-10T11:20:40.279585,0.008,435.0,567.0,0.3865945819498489,False,True,False,True,2,1,0,10,6,6,251,115,"[false, false, false]",520,2,2,Starfield Stage - 3
30579,2025-10-10T11:20:40.287723,0.009,432.5,569.5,0.40108435295645284,False,True,False,True,2,1,0,10,6,6,244,125,"[false, false, false]",520,2,2,Starfield Stage - 3
30588,2025-10-10T11:20:40.296095,0.008,430.0,572.0,0.4131288322784014,False,True,False,True,2,1,0,10,6,6,238,134,"[false, false, false]",520,2,2,Starfield Stage - 3
30596,2025-10-10T11:20:40.304177,0.008,427.5,574.5,0.4254045727022745,False,True,False,True,2,1,0,10,6,6,232,143,"[false, false, false]",520,2,2,Starfield Stage - 3
30604,2025-10-10T11:20:40.312726,0.009,425.0,577.0,0.4398425828157362,False,True,False,True,2,1,0,10,6,6,225,152,"[false, false, false]",520,2,2,Starfield Stage - 3
30613,2025-10-10T11:20:40.321290,0.008,422.5,579.5,0.45259568033843245,False,True,False,True,2,1,0,10,6,6,219,161,"[false, false, false]",520,2,2,Starfield Stage - 3
30621,2025-10-10T11:20:40.329743,0.009,420.0,582.0,0.4646156629094449,False,True,False,True,2,1,0,10,6,6,213,169,"[false, false, false]",520,2,2,Starfield Stage - 3
30630,2025-10-10T11:20:40.338874,0.009,417.5,584.5,0.4709467494445033,False,True,False,True,2,1,0,10,6,6,209,175,"[false, false, false]",520,2,2,Starfield Stage - 3
30639,2025-10-10T11:20:40.347367,0.008,415.0,587.0,0.4764045224362401,False,True,False,True,2,1,0,10,6,6,206,182,"[false, false, false]",520,2,2,Starfield Stage - 3
30647,2025-10-10T11:20:40.355563,0.008,412.5,589.5,0.47101848288292264,False,True,False,True,2,1,0,10,6,6,206,184,"[false, false, false]",520,2,2,Starfield Stage - 3
30655,2025-10-10T11:20:40.363788,0.009,412.5,592.0,0.47052035302197653,True,True,False,True,3,1,0,10,6,6,206,186,"[true, false, false]",520,2,2,Starfield Stage - 3
30664,2025-10-10T11:20:40.372368,0.008,412.5,594.5,0.47002319696434763,True,True,False,True,3,1,0,10,6,6,206,188,"[true, false, false]",520,2,2,Starfield Stage - 3
30672,2025-10-10T11:20:40.380432,0.008,415.0,597.0,0.4734512164801021,True,False,False,True,3,1,0,10,6,6,207,191,"[true, false, false]",520,2,2,Starfield Stage - 3
30680,2025-10-10T11:20:40.388524,0.008,417.5,599.5,0.4749271698508701,True,False,False,True,3,1,0,10,6,6,209,194,"[true, false, false]",520,2,2,Starfield Stage - 3
30689,2025-10-10T11:20:40.396994,0.008,420.0,602.0,0.47835243137865757,True,False,False,True,3,2,0,10,6,6,210,197,"[true, false, false]",520,2,2,Starfield Stage - 3
30696,2025-10-10T11:20:40.404508,0.008,422.5,604.5,0.47882020868252567,True,False,False,True,3,2,0,10,6,6,212,199,"[true, false, false]",520,2,2,Starfield Stage - 3
30704,2025-10-10T11:20:40.412700,0.009,425.0,607.0,0.47828071080214707,True,False,False,True,3,2,0,10,6,6,214,200,"[true, false, false]",520,2,2,Starfield Stage - 3
30713,2025-10-10T11:20:40.421422,0.008,427.5,609.5,0.4796734345732636,True,False,False,True,3,2,0,10,6,6,215,201,"[true, false, false]",520,2,2,Starfield Stage - 3
30721,2025-10-10T11:20:40.429569,0.008,430.0,612.0,0.48296887585656134,True,False,False,True,3,2,0,10,6,6,215,202,"[true, false, false]",520,2,2,Starfield Stage - 3
30729,2025-10-10T11:20:40.437733,0.009,432.5,614.5,0.48522699256733626,True,False,False,True,3,2,0,10,6,6,215,202,"[true, false, false]",520,2,2,Starfield Stage - 3
30738,2025-10-10T11:20:40.446718,0.009,435.0,617.0,0.48745263518587606,True,False,False,True,3,2,0,10,6,6,215,202,"[true, false, false]",520,2,2,Starfield Stage - 3
30747,2025-10-10T11:20:40.455442,0.008,437.5,619.5,0.48964647764701674,True,False,False,True,3,2,0,10,6,6,215,202,"[false, false, false]",520,2,2,Starfield Stage - 3
30755,2025-10-10T11:20:40.463618,0.008,440.0,622.0,0.49180917598869855,True,False,False,True,3,2,0,10,6,6,215,202,"[false, false, false]",520,2,2,Starfield Stage - 3
30763,2025-10-10T11:20:40.471147,0.008,442.5,624.5,0.49210469395743955,True,False,False,True,3,2,0,10,6,6,216,202,"[false, false, false]",520,2,2,Starfield Stage - 3
30772,2025-10-10T11:20:40.480450,0.009,445.0,627.0,0.494221952526135,True,False,False,True,3,2,0,10,6,6,216,202,"[false, false, false]",520,2,2,Starfield Stage - 3
30780,2025-10-10T11:20:40.488664,0.009,447.5,629.5,0.4954781098166054,True,False,False,True,3,2,0,10,6,6,217,203,"[false, false, false]",520,2,2,Starfield Stage - 3
30789,2025-10-10T11:20:40.497677,0.009,450.0,632.0,0.49394136891958124,True,False,False,True,2,2,0,10,6,6,219,203,"[false, false, false]",520,2,2,Starfield Stage - 3
30798,2025-10-10T11:20:40.506936,0.009,452.5,634.5,0.4951872154510871,True,False,False,True,2,2,0,10,6,6,220,204,"[false, false, false]",520,2,2,Starfield Stage - 3
30807,2025-10-10T11:20:40.515220,0.008,455.0,637.0,0.49283639699360077,True,False,False,True,2,2,0,10,6,6,223,205,"[false, false, false]",520,2,2,Starfield Stage - 3
30815,2025-10-10T11:20:40.523417,0.008,457.5,639.5,0.49586523627253204,True,False,False,True,2,2,0,10,6,6,223,206,"[false, false, false]",520,2,2,Starfield Stage - 3
30823,2025-10-10T11:20:40.531182,0.008,460.0,642.0,0.49789931194789877,True,False,False,True,2,2,0,10,6,6,223,206,"[false, false, false]",520,2,2,Starfield Stage - 3
30832,2025-10-10T11:20:40.540304,0.009,462.5,644.5,0.4999057823997786,True,False,False,True,2,2,0,10,6,6,223,206,"[false, false, false]",520,2,2,Starfield Stage - 3
30840,2025-10-10T11:20:40.548849,0.009,465.0,647.0,0.5018851899702996,True,False,False,True,2,2,0,10,6,6,223,206,"[false, false, false]",520,2,2,Starfield Stage - 3
30849,2025-10-10T11:20:40.557777,0.009,467.5,649.5,0.5038380633181917,True,False,False,True,3,2,0,10,6,6,223,206,"[true, false, false]",520,2,2,Starfield Stage - 3
30858,2025-10-10T11:20:40.566378,0.008,470.0,652.0,0.5057649178329399,True,False,False,True,3,2,0,10,6,6,223,206,"[true, false, false]",520,2,2,Starfield Stage - 3
30866,2025-10-10T11:20:40.574319,0.008,470.0,654.5,0.5033993843966541,True,True,False,True,3,2,0,10,6,6,223,206,"[true, false, false]",520,2,2,Starfield Stage - 3
30873,2025-10-10T11:20:40.581849,0.008,470.0,657.0,0.5010539992390949,True,True,False,True,3,2,0,10,6,6,223,206,"[true, false, false]",520,2,2,Starfield Stage - 3
30882,2025-10-10T11:20:40.590553,0.008,470.0,659.5,0.49872853151083024,True,True,False,True,3,2,0,10,6,6,223,206,"[true, false, false]",520,2,2,Starfield Stage - 3
30889,2025-10-10T11:20:40.597717,0.008,467.5,662.0,0.49217423940225197,False,True,False,True,3,2,0,10,6,6,223,206,"[true, false, false]",520,2,2,Starfield Stage - 3
30898,2025-10-10T11:20:40.606313,0.008,465.0,664.5,0.48564578548851806,False,True,False,True,3,2,0,11,6,6,223,206,"[true, false, false]",520,2,2,Starfield Stage - 3
30906,2025-10-10T11:20:40.614160,0.008,462.5,667.0,0.4791435704541056,False,True,False,True,3,2,0,11,6,6,223,206,"[true, false, false]",520,2,2,Starfield Stage - 3
30914,2025-10-10T11:20:40.622403,0.008,460.0,669.5,0.47266798289552003,False,True,False,True,3,2,0,11,6,6,223,206,"[true, false, false]",520,2,2,Starfield Stage - 3
30921,2025-10-10T11:20:40.629865,0.008,457.5,672.0,0.46621939930161344,False,True,False,True,3,2,0,11,6,6,223,206,"[false, false, false]",520,2,2,Starfield Stage - 3
30930,2025-10-10T11:20:40.638402,0.008,455.0,674.5,0.45979818404540035,False,True,False,True,3,2,0,11,6,6,223,206,"[false, false, false]",520,2,2,Starfield Stage - 3
30938,2025-10-10T11:20:40.646646,0.009,452.5,677.0,0.4516874787559292,False,True,False,True,3,2,0,11,6,6,224,206,"[false, false, false]",520,2,2,Starfield Stage - 3
30948,2025-10-10T11:20:40.656279,0.009,450.0,679.5,0.44359910101045463,False,True,False,True,3,2,0,11,6,6,225,206,"[false, false, false]",520,2,2,Starfield Stage - 3
30956,2025-10-10T11:20:40.664322,0.008,447.5,682.0,0.43380572433369674,False,True,False,True,3,2,0,11,6,6,227,206,"[false, false, false]",520,2,2,Starfield Stage - 3
30965,2025-10-10T11:20:40.673446,0.009,445.0,682.0,0.4267860974078618,False,True,False,False,3,2,0,11,6,6,229,207,"[false, false, false]",520,2,2,Starfield Stage - 3
30974,2025-10-10T11:20:40.682048,0.009,442.5,682.0,0.41890778973447795,False,True,False,False,3,2,0,11,6,6,231,207,"[false, false, false]",520,2,2,Starfield Stage - 3
30982,2025-10-10T11:20:40.690498,0.009,440.0,682.0,0.40896715852664933,False,True,False,False,3,2,0,11,6,6,235,209,"[false, false, false]",520,2,2,Starfield Stage - 3
30991,2025-10-10T11:20:40.699842,0.009,437.5,682.0,0.40272093029029743,False,True,False,False,3,2,0,11,6,6,236,209,"[false, false, false]",520,2,2,Starfield Stage - 3
31000,2025-10-10T11:20:40.708337,0.008,435.0,682.0,0.3989959304795219,False,True,False,False,3,2,0,11,6,7,236,210,"[false, false, false]",520,2,2,Starfield Stage - 3
31009,2025-10-10T11:20:40.717333,0.009,432.5,682.0,0.3944902094553268,False,True,False,False,3,2,0,11,6,7,236,210,"[false, false, false]",520,2,2,Starfield Stage - 3
31057,2025-10-10T11:20:40.765950,0.009,430.0,682.0,0.38996752129499845,False,True,False,False,2,2,0,11,6,7,236,210,"[false, false, false]",540,2,2,Starfield Stage - 3
31063,2025-10-10T11:20:40.771221,0.045,427.5,682.0,0.38542795604094593,False,True,False,False,2,2,0,11,6,7,236,210,"[false, false, false]",540,2,2,Starfield Stage - 3
31072,2025-10-10T11:20:40.780497,0.009,425.0,682.0,0.380871607191085,False,True,False,False,3,2,0,11,6,7,236,210,"[true, false, false]",540,2,2,Starfield Stage - 3
31079,2025-10-10T11:20:40.787777,0.008,422.5,682.0,0.3762985717232859,False,True,False,False,2,2,0,11,6,7,236,210,"[true, false, false]",540,2,2,Starfield Stage - 3
31088,2025-10-10T11:20:40.796270,0.008,420.0,682.0,0.37170895011858496,False,True,False,False,2,2,0,11,6,7,236,210,"[true, false, false]",540,2,2,Starfield Stage - 3
31097,2025-10-10T11:20:40.805466,0.009,417.5,682.0,0.36710284638311447,False,True,False,False,2,2,0,11,6,7,236,210,"[true, false, false]",540,2,2,Starfield Stage - 3
31105,2025-10-10T11:20:40.813889,0.009,415.0,682.0,0.3624803680687076,False,True,False,False,2,2,0,11,6,7,236,210,"[false, false, false]",540,2,2,Starfield Stage - 3
31114,2025-10-10T11:20:40.822308,0.008,412.5,682.0,0.3559816013840265,False,True,False,False,2,2,0,11,6,7,237,210,"[false, false, false]",540,2,2,Starfield Stage - 3
31123,2025-10-10T11:20:40.831121,0.009,410.0,682.0,0.349451275587814,False,True,False,False,2,2,0,11,6,7,238,210,"[false, false, false]",540,2,2,Starfield Stage - 3
31131,2025-10-10T11:20:40.839806,0.009,407.5,682.0,0.34288972124158856,False,True,False,False,2,2,0,11,6,7,239,210,"[false, false, false]",540,2,2,Starfield Stage - 3
31140,2025-10-10T11:20:40.848485,0.008,405.0,682.0,0.3350661909483806,False,True,False,False,2,2,0,11,6,7,241,211,"[false, false, false]",540,2,2,Starfield Stage - 3
31148,2025-10-10T11:20:40.856454,0.008,402.5,682.0,0.3271662389453477,False,True,False,False,2,2,0,11,6,7,243,212,"[false, false, false]",540,2,2,Starfield Stage - 3
31156,2025-10-10T11:20:40.864390,0.008,400.0,679.5,0.3182170001987808,False,True,True,False,2,2,0,11,6,7,246,212,"[false, false, false]",540,2,2,Starfield Stage - 3
31164,2025-10-10T11:20:40.872592,0.009,397.5,677.0,0.31169575215765566,False,True,True,False,2,2,0,11,6,7,248,213,"[false, false, false]",540,2,2,Starfield Stage - 3
31173,2025-10-10T11:20:40.881910,0.009,395.0,674.5,0.30702166868409847,False,True,True,False,2,2,0,11,6,7,249,214,"[false, false, false]",540,2,2,Starfield Stage - 3
31182,2025-10-10T11:20:40.890384,0.008,392.5,672.0,0.30164116526645723,False,True,True,False,2,2,0,11,6,7,250,214,"[false, false, false]",540,2,2,Starfield Stage - 3
31191,2025-10-10T11:20:40.899463,0.009,390.0,669.5,0.29880812226968667,False,True,True,False,2,2,0,11,6,7,250,215,"[false, false, false]",540,2,2,Starfield Stage - 3
31199,2025-10-10T11:20:40.907292,0.008,387.5,667.0,0.29530877745350737,False,True,True,False,2,2,0,11,6,7,250,215,"[false, false, false]",540,2,2,Starfield Stage - 3
31208,2025-10-10T11:20:40.916633,0.009,385.0,664.5,0.29176291691728434,False,True,True,False,2,2,0,11,6,7,250,215,"[false, false, false]",540,2,2,Starfield Stage - 3
31216,2025-10-10T11:20:40.924688,0.009,382.5,662.0,0.2881696979450941,False,True,True,False,3,2,0,11,6,7,250,215,"[true, false, false]",540,2,2,Starfield Stage - 3
31226,2025-10-10T11:20:40.934029,0.009,380.0,659.5,0.2845282600524198,False,True,True,False,3,2,0,11,6,7,250,215,"[true, false, false]",540,2,2,Starfield Stage - 3
31234,2025-10-10T11:20:40.942936,0.009,377.5,657.0,0.2808377246212029,False,True,True,False,3,2,0,11,6,7,250,215,"[true, false, false]",540,2,2,Starfield Stage - 3
31244,2025-10-10T11:20:40.952123,0.009,375.0,654.5,0.27709719453130843,False,True,True,False,3,2,0,11,6,7,250,215,"[true, false, false]",540,2,2,Starfield Stage - 3
31252,2025-10-10T11:20:40.960674,0.009,372.5,652.0,0.27330575378877336,False,True,True,False,3,2,0,11,6,7,250,215,"[true, false, false]",540,2,2,Starfield Stage - 3
31262,2025-10-10T11:20:40.970460,0.009,370.0,649.5,0.2694624671512465,False,True,True,False,3,2,0,11,6,7,250,215,"[true, false, false]",540,2,2,Starfield Stage - 3
31270,2025-10-10T11:20:40.978703,0.009,367.5,647.0,0.2685294984265675,False,True,True,False,3,2,0,11,6,7,250,220,"[false, false, false]",540,2,2,Starfield Stage - 3
31315,2025-10-10T11:20:41.023271,0.008,367.5,644.5,0.27530612769181195,False,False,True,False,2,1,0,11,6,7,249,225,"[false, false, false]",550,2,2,Starfield Stage - 3
31319,2025-10-10T11:20:41.027598,0.04,367.5,642.0,0.2858533565432831,False,False,True,False,2,1,0,11,6,7,247,232,"[false, false, false]",550,2,2,Starfield Stage - 3
31327,2025-10-10T11:20:41.035477,0.008,370.0,642.0,0.45073752816842333,True,False,False,False,2,1,0,11,6,7,204,299,"[false, false, false]",550,2,2,Starfield Stage - 3
31335,2025-10-10T11:20:41.043494,0.008,372.5,642.0,0.5119483811656301,True,False,False,False,2,1,0,11,6,7,191,319,"[false, false, false]",550,2,2,Starfield Stage - 3
31344,2025-10-10T11:20:41.052165,0.009,375.0,642.0,0.5826345569503941,True,False,False,False,2,1,0,11,6,7,176,340,"[false, false, false]",550,2,2,Starfield Stage - 3
31352,2025-10-10T11:20:41.060545,0.008,377.5,642.0,0.658698362584047,True,False,False,False,2,1,0,11,6,7,160,361,"[false, false, false]",550,2,2,Starfield Stage - 3
31360,2025-10-10T11:20:41.068756,0.009,380.0,642.0,0.7449344318497877,True,False,False,False,2,1,0,11,6,7,143,385,"[false, false, false]",550,2,2,Starfield Stage - 3
31369,2025-10-10T11:20:41.077694,0.009,382.5,642.0,0.8353057176938413,True,False,False,False,2,1,0,11,6,7,125,409,"[false, false, false]",550,2,2,Starfield Stage - 3
31378,2025-10-10T11:20:41.086295,0.008,385.0,642.0,0.9244133815991008,True,False,False,False,2,1,0,11,6,7,108,433,"[false, false, false]",550,2,2,Starfield Stage - 3
31387,2025-10-10T11:20:41.095258,0.009,387.5,642.0,1.0105313558142708,True,False,False,False,2,1,0,11,6,7,91,456,"[false, false, false]",550,2,2,Starfield Stage - 3
31396,2025-10-10T11:20:41.104348,0.009,390.0,642.0,1.085660243318219,True,False,False,False,2,1,0,11,6,7,77,477,"[false, false, false]",550,2,2,Starfield Stage - 3
31405,2025-10-10T11:20:41.113104,0.009,392.5,642.0,1.1477513908591088,True,False,False,False,2,1,0,11,6,7,66,495,"[false, false, false]",550,2,2,Starfield Stage - 3
31414,2025-10-10T11:20:41.122479,0.009,395.0,642.0,1.1964627107873127,True,False,False,False,3,1,0,11,6,7,59,510,"[true, false, false]",550,2,2,Starfield Stage - 3
31422,2025-10-10T11:20:41.130608,0.009,397.5,642.0,1.2625643557121136,True,False,False,False,3,1,0,11,6,7,52,532,"[true, false, false]",550,2,2,Starfield Stage - 3
31431,2025-10-10T11:20:41.139818,0.009,400.0,642.0,1.2856785916223006,True,False,False,False,3,1,0,11,6,7,52,540,"[true, false, false]",550,2,2,Starfield Stage - 3
31440,2025-10-10T11:20:41.148715,0.008,402.5,642.0,1.298158052859894,True,False,False,False,3,1,0,11,6,7,52,544,"[true, false, false]",550,2,2,Starfield Stage - 3
31448,2025-10-10T11:20:41.156481,0.008,405.0,642.0,1.3052635294978856,True,False,False,False,3,1,0,11,6,7,52,546,"[true, false, false]",550,2,2,Starfield Stage - 3
31456,2025-10-10T11:20:41.164398,0.008,407.5,642.0,1.3096687709820496,True,False,False,False,3,1,0,11,6,7,52,547,"[true, false, false]",550,2,2,Starfield Stage - 3
31464,2025-10-10T11:20:41.172609,0.008,410.0,642.0,1.3114113257504958,True,False,False,False,3,1,0,11,6,7,52,547,"[true, false, false]",550,2,2,Starfield Stage - 3
31473,2025-10-10T11:20:41.181116,0.009,412.5,642.0,1.3131312916104259,True,False,False,False,3,1,0,11,6,7,52,547,"[true, false, false]",550,2,2,Starfield Stage - 3
31481,2025-10-10T11:20:41.189714,0.009,415.0,642.0,1.3148290949852988,True,False,False,False,3,1,0,11,6,7,52,547,"[true, false, false]",550,2,2,Starfield Stage - 3
31489,2025-10-10T11:20:41.197667,0.008,417.5,642.0,1.3165051518908897,True,False,False,False,3,1,0,11,6,7,52,547,"[false, false, false]",550,2,2,Starfield Stage - 3
31498,2025-10-10T11:20:41.206504,0.008,420.0,642.0,1.3181598682425315,True,False,False,False,3,1,0,11,6,7,52,547,"[false, false, false]",550,2,2,Starfield Stage - 3
31506,2025-10-10T11:20:41.214453,0.008,422.5,642.0,1.319793640151862,True,False,False,False,3,1,0,11,6,7,52,547,"[false, false, false]",550,2,2,Starfield Stage - 3
31514,2025-10-10T11:20:41.222595,0.009,425.0,642.0,1.321406854213476,True,False,False,False,3,1,0,11,6,7,52,547,"[false, false, false]",550,2,2,Starfield Stage - 3
31523,2025-10-10T11:20:41.231833,0.009,427.5,642.0,1.3229998877818694,True,False,False,False,3,1,0,11,6,7,52,547,"[false, false, false]",550,2,2,Starfield Stage - 3
31532,2025-10-10T11:20:41.240951,0.009,430.0,642.0,1.324573109239041,True,False,False,False,3,1,0,11,6,7,52,547,"[false, false, false]",550,2,2,Starfield Stage - 3
31541,2025-10-10T11:20:41.249425,0.008,432.5,642.0,1.3261268782531064,True,False,False,False,3,1,0,11,6,7,52,547,"[false, false, false]",550,2,2,Starfield Stage - 3
31549,2025-10-10T11:20:41.257579,0.008,435.0,642.0,1.3276615460282641,True,False,False,False,3,1,0,11,6,7,52,547,"[false, false, false]",550,2,2,Starfield Stage - 3
31557,2025-10-10T11:20:41.265438,0.008,437.5,642.0,1.329177455546437,True,False,False,False,3,1,0,11,6,7,52,547,"[false, false, false]",550,2,2,Starfield Stage - 3
31565,2025-10-10T11:20:41.273496,0.009,440.0,642.0,1.3306749418008996,True,False,False,False,3,1,0,11,6,7,52,547,"[false, false, false]",550,2,2,Starfield Stage - 3
31574,2025-10-10T11:20:41.282736,0.009,442.5,642.0,1.3321543320221927,True,False,False,False,3,1,0,11,6,7,52,547,"[false, false, false]",550,2,2,Starfield Stage - 3
31583,2025-10-10T11:20:41.291324,0.008,445.0,642.0,1.3336159458966108,True,False,False,False,3,1,0,11,6,7,52,547,"[false, false, false]",550,2,2,Starfield Stage - 3
31591,2025-10-10T11:20:41.299475,0.008,447.5,642.0,1.3350600957775365,True,False,False,False,3,1,0,11,6,7,52,547,"[false, false, false]",550,2,2,Starfield Stage - 3
31600,2025-10-10T11:20:41.308644,0.009,450.0,642.0,1.3364870868898848,True,False,False,False,3,1,0,11,6,7,52,547,"[false, false, false]",550,2,2,Starfield Stage - 3
31608,2025-10-10T11:20:41.316513,0.009,452.5,642.0,1.337897217527915,True,False,False,False,4,1,0,11,6,7,52,547,"[true, false, false]",550,2,2,Starfield Stage - 3
31617,2025-10-10T11:20:41.325496,0.009,455.0,642.0,1.339290779246645,True,False,False,False,4,1,0,11,6,7,52,547,"[true, false, false]",550,2,2,Starfield Stage - 3
31625,2025-10-10T11:20:41.333781,0.008,457.5,642.0,1.340668057047112,True,False,False,False,4,1,0,11,6,7,52,547,"[true, false, false]",550,2,2,Starfield Stage - 3
31635,2025-10-10T11:20:41.343036,0.009,460.0,642.0,1.3420293295556904,True,False,False,False,4,1,0,11,6,7,52,547,"[true, false, false]",550,2,2,Starfield Stage - 3
31644,2025-10-10T11:20:41.352121,0.009,462.5,642.0,1.3433748691976948,True,False,False,False,4,1,0,11,6,7,52,547,"[true, false, false]",550,2,2,Starfield Stage - 3
31652,2025-10-10T11:20:41.360806,0.009,465.0,642.0,1.3447049423654642,True,False,False,False,4,1,0,11,6,7,52,547,"[true, false, false]",550,2,2,Starfield Stage - 3
31661,2025-10-10T11:20:41.369856,0.009,467.5,642.0,1.346019809581131,True,False,False,False,4,1,0,11,6,7,52,547,"[true, false, false]",550,2,2,Starfield Stage - 3
31670,2025-10-10T11:20:41.378424,0.008,470.0,642.0,1.3473197256542635,True,False,False,False,4,1,0,11,6,7,52,547,"[true, false, false]",550,2,2,Starfield Stage - 3
31677,2025-10-10T11:20:41.385730,0.008,472.5,642.0,1.3486049398345639,True,False,False,False,4,1,0,11,6,7,52,547,"[false, false, false]",550,2,2,Starfield Stage - 3
31724,2025-10-10T11:20:41.432823,0.009,475.0,642.0,1.349875695959799,True,False,False,False,3,1,0,11,6,7,52,547,"[false, false, false]",560,2,2,Starfield Stage - 3
31730,2025-10-10T11:20:41.438236,0.043,477.5,642.0,1.3511322325991304,True,False,False,False,3,2,0,11,6,7,52,547,"[false, false, false]",560,2,2,Starfield Stage - 3
31738,2025-10-10T11:20:41.446236,0.008,480.0,642.0,1.3585457780199395,True,False,False,False,3,2,0,11,6,7,67,553,"[false, false, false]",560,2,2,Starfield Stage - 3
31747,2025-10-10T11:20:41.455291,0.009,482.5,642.0,1.3606137401327272,True,False,False,False,3,2,0,11,6,7,70,554,"[false, false, false]",560,2,2,Starfield Stage - 3
31756,2025-10-10T11:20:41.464019,0.009,485.0,642.0,1.364526642121661,True,False,False,False,3,2,0,11,6,7,74,556,"[false, false, false]",560,2,2,Starfield Stage - 3
31763,2025-10-10T11:20:41.471825,0.008,487.5,642.0,1.3661324306961558,True,False,False,False,3,2,0,11,6,7,78,557,"[false, false, false]",560,2,2,Starfield Stage - 3
31772,2025-10-10T11:20:41.480927,0.009,490.0,642.0,1.3620590982665717,True,False,False,False,3,2,0,11,6,7,84,556,"[false, false, false]",560,2,2,Starfield Stage - 3
31781,2025-10-10T11:20:41.489449,0.008,492.5,642.0,1.3392818410187386,True,False,False,False,3,2,0,11,6,7,98,549,"[false, false, false]",560,2,2,Starfield Stage - 3
31789,2025-10-10T11:20:41.497594,0.009,495.0,642.0,1.3282200614485993,True,False,False,False,3,2,0,11,6,7,103,545,"[false, false, false]",560,2,2,Starfield Stage - 3
31799,2025-10-10T11:20:41.507203,0.009,497.5,642.0,1.3194848170864195,True,False,False,False,4,2,0,11,6,7,108,542,"[true, false, false]",560,2,2,Starfield Stage - 3
31807,2025-10-10T11:20:41.515812,0.009,500.0,642.0,1.3143585753940514,True,False,False,False,4,2,0,11,6,7,111,540,"[true, false, false]",560,2,2,Starfield Stage - 3
31816,2025-10-10T11:20:41.524908,0.008,502.5,642.0,1.3122724355318922,True,False,False,False,4,2,0,11,6,7,113,539,"[true, false, false]",560,2,2,Starfield Stage - 3
31824,2025-10-10T11:20:41.532573,0.008,505.0,642.0,1.3132208494927728,True,False,False,False,4,2,0,11,6,7,114,539,"[true, false, false]",560,2,2,Starfield Stage - 3
31832,2025-10-10T11:20:41.540786,0.009,507.5,642.0,1.3141624831474172,True,False,False,False,4,2,0,12,6,8,115,539,"[true, false, false]",560,2,2,Starfield Stage - 3
31841,2025-10-10T11:20:41.549707,0.009,510.0,642.0,1.3157169970827105,True,False,False,False,4,2,0,12,6,8,115,539,"[true, false, false]",560,2,2,Starfield Stage - 3
31850,2025-10-10T11:20:41.558330,0.008,512.5,642.0,1.3172531949895514,True,False,False,False,4,2,0,12,6,8,115,539,"[true, false, false]",560,2,2,Starfield Stage - 3
31858,2025-10-10T11:20:41.566412,0.008,515.0,642.0,1.318771391560258,True,False,False,False,4,2,0,12,6,8,115,539,"[true, false, false]",560,2,2,Starfield Stage - 3
31867,2025-10-10T11:20:41.575643,0.009,517.5,642.0,1.3202718944869427,True,False,False,False,4,2,0,12,6,8,115,539,"[false, false, false]",560,2,2,Starfield Stage - 3
31875,2025-10-10T11:20:41.583600,0.008,520.0,644.5,1.3159657656730313,True,False,False,True,3,2,0,12,6,8,115,539,"[false, false, false]",560,2,2,Starfield Stage - 3
31883,2025-10-10T11:20:41.591739,0.009,522.5,647.0,1.3117219344695727,True,False,False,True,3,2,0,12,6,8,115,539,"[false, false, false]",560,2,2,Starfield Stage - 3
31892,2025-10-10T11:20:41.600434,0.008,525.0,649.5,1.3075392082743258,True,False,False,True,3,2,0,12,6,8,115,539,"[false, false, false]",560,2,2,Starfield Stage - 3
31900,2025-10-10T11:20:41.608426,0.008,527.5,652.0,1.3034164200272615,True,False,False,True,3,2,0,12,6,8,115,539,"[false, false, false]",560,2,2,Starfield Stage - 3
31909,2025-10-10T11:20:41.617400,0.009,530.0,654.5,1.2993524277244983,True,False,False,True,3,2,0,12,6,8,115,539,"[false, false, false]",560,2,2,Starfield Stage - 3
31918,2025-10-10T11:20:41.626368,0.009,532.5,657.0,1.2953461139325608,True,False,False,True,3,2,0,12,6,8,115,539,"[false, false, false]",560,2,2,Starfield Stage - 3
31926,2025-10-10T11:20:41.634269,0.008,535.0,659.5,1.2913963853038979,True,False,False,True,3,2,0,12,6,8,115,539,"[false, false, false]",560,2,2,Starfield Stage - 3
31933,2025-10-10T11:20:41.641883,0.008,537.5,662.0,1.2875021720945,True,False,False,True,3,2,0,12,6,8,115,539,"[false, false, false]",560,2,2,Starfield Stage - 3
31942,2025-10-10T11:20:41.650391,0.008,540.0,664.5,1.2836624276843733,True,False,False,True,3,2,0,12,6,8,115,539,"[false, false, false]",560,2,2,Starfield Stage - 3
31950,2025-10-10T11:20:41.658347,0.008,542.5,667.0,1.2798761281015443,True,False,False,True,3,2,0,12,6,8,115,539,"[false, false, false]",560,2,2,Starfield Stage - 3
31958,2025-10-10T11:20:41.666426,0.008,545.0,669.5,1.2761422715501995,True,False,False,True,3,2,0,12,6,8,115,539,"[false, false, false]",560,2,2,Starfield Stage - 3
31967,2025-10-10T11:20:41.675529,0.01,547.5,672.0,1.2724598779434968,True,False,False,True,2,2,0,12,6,8,115,539,"[false, false, false]",560,2,2,Starfield Stage - 3
31976,2025-10-10T11:20:41.684575,0.009,550.0,674.5,1.2688279884415208,True,False,False,True,2,2,0,12,6,8,115,539,"[false, false, false]",560,2,2,Starfield Stage - 3
31985,2025-10-10T11:20:41.693637,0.009,552.5,677.0,1.2652456649948012,True,False,False,True,3,2,0,12,6,8,115,539,"[true, false, false]",560,2,2,Starfield Stage - 3
31995,2025-10-10T11:20:41.703036,0.009,555.0,679.5,1.261711989893756,True,False,False,True,3,2,0,12,6,8,115,539,"[true, false, false]",560,2,2,Starfield Stage - 3
32003,2025-10-10T11:20:41.711616,0.009,555.0,682.0,1.2565644277105583,True,True,False,True,3,2,0,12,6,8,115,539,"[true, false, false]",560,2,2,Starfield Stage - 3
32012,2025-10-10T11:20:41.720591,0.009,555.0,684.5,1.2514340312488768,True,True,False,True,3,2,0,12,6,8,115,539,"[true, false, false]",560,2,2,Starfield Stage - 3
32021,2025-10-10T11:20:41.729290,0.008,555.0,687.0,1.2463209835013227,True,True,False,True,3,2,0,12,6,8,115,539,"[true, false, false]",560,2,2,Starfield Stage - 3
32030,2025-10-10T11:20:41.738196,0.009,555.0,689.5,1.2412254625968693,True,True,False,True,3,2,0,12,6,8,115,539,"[true, false, false]",560,2,2,Starfield Stage - 3
32039,2025-10-10T11:20:41.747469,0.009,555.0,692.0,1.236147641805075,True,True,False,True,3,2,0,13,6,8,115,539,"[true, false, false]",560,2,2,Starfield Stage - 3
32048,2025-10-10T11:20:41.756515,0.01,555.0,694.5,1.2310876895430296,True,True,False,True,3,2,0,13,6,8,115,539,"[false, false, false]",560,2,2,Starfield Stage - 3
32057,2025-10-10T11:20:41.765675,0.009,555.0,697.0,1.2260457693849598,True,True,False,True,3,2,0,13,6,8,115,539,"[false, false, false]",560,2,2,Starfield Stage - 3
32066,2025-10-10T11:20:41.774209,0.008,555.0,699.5,1.221022040074432,True,True,False,True,3,2,0,13,6,8,115,539,"[false, false, false]",560,2,2,Starfield Stage - 3
32074,2025-10-10T11:20:41.782792,0.009,555.0,702.0,1.2160166555390879,True,True,False,True,3,2,0,13,6,8,115,539,"[false, false, false]",560,2,2,Starfield Stage - 3
32083,2025-10-10T11:20:41.791540,0.008,555.0,704.5,1.2110297649078425,True,True,False,True,3,2,0,13,6,8,115,539,"[false, false, false]",560,2,2,Starfield Stage - 3
32092,2025-10-10T11:20:41.800453,0.009,555.0,707.0,1.20530265024707,True,True,False,True,3,2,0,13,6,8,116,539,"[false, false, false]",560,2,2,Starfield Stage - 3
32137,2025-10-10T11:20:41.845114,0.008,555.0,709.5,1.200344815866037,True,True,False,True,2,1,0,13,6,8,116,539,"[false, false, false]",570,2,2,Starfield Stage - 3
32141,2025-10-10T11:20:41.849519,0.041,555.0,712.0,1.1946274619125008,True,True,False,True,2,1,0,13,6,8,117,539,"[false, false, false]",570,2,2,Starfield Stage - 3
32149,2025-10-10T11:20:41.857630,0.009,552.5,714.5,1.1861208255354827,False,True,False,True,2,1,0,13,6,8,119,539,"[false, false, false]",570,2,2,Starfield Stage - 3
32158,2025-10-10T11:20:41.866528,0.008,550.0,717.0,1.1791394759475873,False,True,False,True,2,1,0,13,6,8,119,539,"[false, false, false]",570,2,2,Starfield Stage - 3
32166,2025-10-10T11:20:41.874229,0.008,547.5,719.5,1.172117394770148,False,True,False,True,3,1,0,13,6,8,119,539,"[true, false, false]",570,2,2,Starfield Stage - 3
32174,2025-10-10T11:20:41.882503,0.009,545.0,722.0,1.1650549230421978,False,True,False,True,2,1,0,13,6,8,119,539,"[true, false, false]",570,2,2,Starfield Stage - 3
32184,2025-10-10T11:20:41.892040,0.009,542.5,724.5,1.157952421852312,False,True,False,True,2,1,0,13,6,8,119,539,"[true, false, false]",570,2,2,Starfield Stage - 3
32192,2025-10-10T11:20:41.900560,0.008,540.0,724.5,1.1557721628527253,False,True,False,False,2,1,0,13,6,8,119,539,"[true, false, false]",570,2,2,Starfield Stage - 3
32200,2025-10-10T11:20:41.908140,0.008,537.5,724.5,1.1535701115565018,False,True,False,False,2,1,0,13,6,8,119,539,"[true, false, false]",570,2,2,Starfield Stage - 3
32208,2025-10-10T11:20:41.916500,0.009,535.0,724.5,1.151345961271798,False,True,False,False,2,1,0,13,6,8,119,539,"[true, false, false]",570,2,2,Starfield Stage - 3
32217,2025-10-10T11:20:41.925419,0.008,532.5,724.5,1.1490993999947712,False,True,False,False,2,1,0,13,6,8,119,539,"[true, false, false]",570,2,2,Starfield Stage - 3
32224,2025-10-10T11:20:41.932679,0.008,530.0,724.5,1.1468301103071719,False,True,False,False,2,1,0,13,6,8,119,539,"[true, false, false]",570,2,2,Starfield Stage - 3
32233,2025-10-10T11:20:41.941232,0.008,527.5,724.5,1.1445377692720158,False,True,False,False,2,1,0,13,6,8,119,539,"[false, false, false]",570,2,2,Starfield Stage - 3
32241,2025-10-10T11:20:41.949293,0.008,525.0,724.5,1.1422220483273158,False,True,False,False,2,1,0,13,6,8,119,539,"[false, false, false]",570,2,2,Starfield Stage - 3
32249,2025-10-10T11:20:41.957528,0.009,522.5,724.5,1.138940123148567,False,True,False,False,2,1,0,13,6,8,120,539,"[false, false, false]",570,2,2,Starfield Stage - 3
32258,2025-10-10T11:20:41.966858,0.009,520.0,724.5,1.135610780591038,False,True,False,False,2,1,0,13,6,8,121,539,"[false, false, false]",570,2,2,Starfield Stage - 3
32267,2025-10-10T11:20:41.975385,0.008,517.5,724.5,1.1312589756405196,False,True,False,False,2,1,0,13,6,8,123,539,"[false, false, false]",570,2,2,Starfield Stage - 3
32275,2025-10-10T11:20:41.983766,0.009,515.0,724.5,1.1279249486914593,False,True,False,False,2,1,0,13,6,8,126,540,"[false, false, false]",570,2,2,Starfield Stage - 3
32284,2025-10-10T11:20:41.992268,0.008,512.5,724.5,1.123488855353343,False,True,False,False,2,1,0,13,6,8,130,541,"[false, false, false]",570,2,2,Starfield Stage - 3
32293,2025-10-10T11:20:42.001319,0.009,510.0,724.5,1.1210739022709684,False,True,False,False,2,1,0,13,6,8,134,543,"[false, false, false]",570,2,2,Starfield Stage - 3
32301,2025-10-10T11:20:42.009364,0.008,507.5,724.5,1.1131694441685531,False,True,False,False,2,1,0,13,6,8,141,544,"[false, false, false]",570,2,2,Starfield Stage - 3
32310,2025-10-10T11:20:42.018479,0.009,505.0,724.5,1.1104691261780197,False,True,False,False,2,1,0,13,6,8,143,545,"[false, false, false]",570,2,2,Starfield Stage - 3
32318,2025-10-10T11:20:42.026472,0.008,502.5,724.5,1.104347604671998,False,True,False,False,2,1,0,13,6,8,146,545,"[false, false, false]",570,2,2,Starfield Stage - 3
32326,2025-10-10T11:20:42.034532,0.008,500.0,724.5,1.0946564659060682,False,True,False,False,2,1,0,13,6,8,150,544,"[false, false, false]",570,2,2,Starfield Stage - 3
32335,2025-10-10T11:20:42.043309,0.009,497.5,724.5,1.0846999852165642,False,True,False,False,2,1,0,13,6,8,154,543,"[false, false, false]",570,2,2,Starfield Stage - 3
32343,2025-10-10T11:20:42.051928,0.009,495.0,724.5,1.0744691711144976,False,True,False,False,2,1,0,13,6,8,158,542,"[false, false, false]",570,2,2,Starfield Stage - 3
32352,2025-10-10T11:20:42.060815,0.009,492.5,724.5,1.0652358883519844,False,True,False,False,3,1,0,13,7,8,161,541,"[true, false, false]",570,2,2,Starfield Stage - 3
32362,2025-10-10T11:20:42.070544,0.009,490.0,724.5,1.0571011000880877,False,True,False,False,3,1,0,13,7,8,163,540,"[true, false, false]",570,2,2,Starfield Stage - 3
32371,2025-10-10T11:20:42.078971,0.009,487.5,724.5,1.0524828518230647,False,True,False,False,3,1,0,13,7,8,164,540,"[true, false, false]",570,2,2,Starfield Stage - 3
32380,2025-10-10T11:20:42.088520,0.009,485.0,724.5,1.0454464021321213,False,True,False,False,3,1,0,13,7,8,165,539,"[true, false, false]",570,2,2,Starfield Stage - 3
32388,2025-10-10T11:20:42.096391,0.008,482.5,724.5,1.0420367458536384,False,True,False,False,3,1,0,13,7,8,165,539,"[true, false, false]",570,2,2,Starfield Stage - 3
32396,2025-10-10T11:20:42.104483,0.008,480.0,724.5,1.0362329319860724,False,True,False,False,3,1,0,13,7,8,165,538,"[true, false, false]",570,2,2,Starfield Stage - 3
32404,2025-10-10T11:20:42.112866,0.009,477.5,724.5,1.0256842284021623,False,True,False,False,3,1,0,13,7,8,165,535,"[true, false, false]",570,2,2,Starfield Stage - 3
32413,2025-10-10T11:20:42.121725,0.009,475.0,724.5,1.0151018689306837,False,True,False,False,3,1,0,13,7,8,165,532,"[false, false, false]",570,2,2,Starfield Stage - 3
32423,2025-10-10T11:20:42.131074,0.009,475.0,724.5,0.9876013785140201,True,True,False,False,3,1,0,13,7,8,162,518,"[false, false, false]",570,2,2,Starfield Stage - 3
32431,2025-10-10T11:20:42.139914,0.009,477.5,724.5,0.9723285694023988,True,False,False,False,3,1,0,13,7,8,160,508,"[false, false, false]",570,2,2,Starfield Stage - 3
32440,2025-10-10T11:20:42.148473,0.008,480.0,724.5,0.9586218378109349,True,False,False,False,3,1,0,13,7,8,156,497,"[false, false, false]",570,2,2,Starfield Stage - 3
32448,2025-10-10T11:20:42.156426,0.008,482.5,724.5,0.9456980482359244,True,False,False,False,3,1,0,13,7,8,152,486,"[false, false, false]",570,2,2,Starfield Stage - 3
32456,2025-10-10T11:20:42.164532,0.008,485.0,724.5,0.929673334802689,True,False,False,False,3,1,0,13,7,8,148,473,"[false, false, false]",570,2,2,Starfield Stage - 3
32464,2025-10-10T11:20:42.172595,0.008,487.5,724.5,0.914608470792116,True,False,False,False,3,1,0,13,7,8,144,460,"[false, false, false]",570,2,2,Starfield Stage - 3
32473,2025-10-10T11:20:42.181274,0.009,490.0,724.5,0.895184911253599,True,False,False,False,3,1,0,13,7,8,140,444,"[false, false, false]",570,2,2,Starfield Stage - 3
32481,2025-10-10T11:20:42.189653,0.009,492.5,724.5,0.8753686807914998,True,False,False,False,3,1,0,13,7,8,136,427,"[false, false, false]",570,2,2,Starfield Stage - 3
32490,2025-10-10T11:20:42.198590,0.009,495.0,724.5,0.8521613920298636,True,False,False,False,3,1,0,13,7,8,132,407,"[false, false, false]",570,2,2,Starfield Stage - 3
32499,2025-10-10T11:20:42.207805,0.009,497.5,724.5,0.8303748433846363,True,False,False,False,3,1,0,13,7,8,126,385,"[false, false, false]",570,2,2,Starfield Stage - 3
32508,2025-10-10T11:20:42.216339,0.008,500.0,724.5,0.8089628242318072,True,False,False,False,3,1,0,13,7,8,120,362,"[false, false, false]",570,2,2,Starfield Stage - 3
32517,2025-10-10T11:20:42.225448,0.009,502.5,724.5,0.7892641235190172,True,False,False,False,3,1,0,13,7,8,113,338,"[false, false, false]",570,2,2,Starfield Stage - 3
32525,2025-10-10T11:20:42.233573,0.008,505.0,724.5,0.7512592452246883,True,False,False,False,3,1,0,13,7,8,102,293,"[false, false, false]",570,2,2,Starfield Stage - 3
32534,2025-10-10T11:20:42.242085,0.009,507.5,724.5,0.7400803747714081,True,False,False,False,3,1,0,13,7,8,97,275,"[false, false, false]",570,2,2,Starfield Stage - 3
32542,2025-10-10T11:20:42.250280,0.008,510.0,724.5,0.7326362748928478,True,False,False,False,3,1,0,13,7,8,93,261,"[false, false, false]",570,2,2,Starfield Stage - 3
32550,2025-10-10T11:20:42.258400,0.008,512.5,724.5,0.7273628488428913,True,False,False,False,3,1,0,13,7,8,91,251,"[false, false, false]",570,2,2,Starfield Stage - 3
32558,2025-10-10T11:20:42.266516,0.008,515.0,724.5,0.7272919021363256,True,False,False,False,3,1,0,13,7,8,90,247,"[false, false, false]",570,2,2,Starfield Stage - 3
32566,2025-10-10T11:20:42.274608,0.008,517.5,724.5,0.7281289920330054,True,False,False,False,4,1,0,13,7,8,90,245,"[true, false, false]",570,2,2,Starfield Stage - 3
32574,2025-10-10T11:20:42.282308,0.008,520.0,724.5,0.7310262981549311,True,False,False,False,4,1,0,13,7,8,90,245,"[true, false, false]",570,2,2,Starfield Stage - 3
32582,2025-10-10T11:20:42.290496,0.009,522.5,724.5,0.7339086265304848,True,False,False,False,4,1,0,13,7,8,90,245,"[true, false, false]",570,2,2,Starfield Stage - 3
32591,2025-10-10T11:20:42.299668,0.009,525.0,724.5,0.7367760454805881,True,False,False,False,4,1,0,13,7,8,90,245,"[true, false, false]",570,2,2,Starfield Stage - 3
32600,2025-10-10T11:20:42.308814,0.009,527.5,724.5,0.7396286236018981,True,False,False,False,4,1,0,13,7,8,90,245,"[true, false, false]",570,2,2,Starfield Stage - 3
32609,2025-10-10T11:20:42.317292,0.008,530.0,724.5,0.7424664297489667,True,False,False,False,4,1,0,13,7,8,90,245,"[true, false, false]",570,2,2,Starfield Stage - 3
32617,2025-10-10T11:20:42.325242,0.008,532.5,724.5,0.745289533016779,True,False,False,False,4,1,0,13,7,8,90,245,"[true, false, false]",570,2,2,Starfield Stage - 3
32625,2025-10-10T11:20:42.333611,0.008,535.0,724.5,0.74809800272367,True,False,False,False,4,1,0,13,7,8,90,245,"[true, false, false]",570,2,2,Starfield Stage - 3
32634,2025-10-10T11:20:42.342052,0.009,537.5,724.5,0.7508919083946135,True,False,False,False,3,1,0,13,7,8,90,245,"[true, false, false]",570,2,2,Starfield Stage - 3
32642,2025-10-10T11:20:42.350581,0.009,540.0,724.5,0.7536713197448806,True,False,False,False,3,1,0,13,7,8,90,245,"[true, false, false]",570,2,2,Starfield Stage - 3
32650,2025-10-10T11:20:42.358860,0.008,542.5,724.5,0.756436306664061,True,False,False,False,3,1,0,13,7,8,90,245,"[false, false, false]",570,2,2,Starfield Stage - 3
32659,2025-10-10T11:20:42.367328,0.008,545.0,724.5,0.7591869392004471,True,False,False,False,3,1,0,13,7,8,90,245,"[false, false, false]",570,2,2,Starfield Stage - 3
32668,2025-10-10T11:20:42.376616,0.01,547.5,724.5,0.761923287545771,True,False,False,False,3,1,0,13,7,8,90,245,"[false, false, false]",570,2,2,Starfield Stage - 3
32677,2025-10-10T11:20:42.385759,0.009,550.0,724.5,0.765730311700045,True,False,False,False,3,1,0,13,7,8,89,245,"[false, false, false]",570,2,2,Starfield Stage - 3
32686,2025-10-10T11:20:42.394195,0.008,552.5,724.5,0.7736965698562975,True,False,False,False,3,1,0,13,7,8,88,249,"[false, false, false]",570,2,2,Starfield Stage - 3
32693,2025-10-10T11:20:42.401585,0.008,555.0,724.5,0.7795440525188989,True,False,False,False,3,1,0,13,7,8,88,252,"[false, false, false]",570,2,2,Starfield Stage - 3
32702,2025-10-10T11:20:42.410171,0.008,557.5,724.5,0.7843343340115381,True,False,False,False,3,1,0,13,7,8,88,254,"[false, false, false]",570,2,2,Starfield Stage - 3
32710,2025-10-10T11:20:42.418468,0.008,560.0,724.5,0.7891195709923072,True,False,False,False,3,1,0,13,7,8,88,256,"[false, false, false]",570,2,2,Starfield Stage - 3
32718,2025-10-10T11:20:42.426450,0.008,562.5,724.5,0.793881522979675,True,False,False,False,3,1,0,13,7,8,87,257,"[false, false, false]",570,2,2,Starfield Stage - 3
32726,2025-10-10T11:20:42.434459,0.008,565.0,724.5,0.7975733161372383,True,False,False,False,3,1,0,13,7,8,87,258,"[false, false, false]",570,2,2,Starfield Stage - 3
32734,2025-10-10T11:20:42.442195,0.008,567.5,724.5,0.8012530715246969,True,False,False,False,3,1,0,13,7,8,87,259,"[false, false, false]",570,2,2,Starfield Stage - 3
32742,2025-10-10T11:20:42.450405,0.008,567.5,724.5,0.8012530715246969,True,True,False,False,3,1,0,13,7,8,87,259,"[false, false, false]",570,2,2,Starfield Stage - 3
32749,2025-10-10T11:20:42.457791,0.008,567.5,724.5,0.802327762738201,True,True,False,False,3,1,0,13,7,8,87,260,"[false, false, false]",570,2,2,Starfield Stage - 3
32759,2025-10-10T11:20:42.467366,0.009,567.5,724.5,0.802327762738201,True,True,False,False,3,1,0,13,7,8,87,260,"[false, false, false]",570,2,2,Starfield Stage - 3
32768,2025-10-10T11:20:42.476147,0.008,567.5,724.5,0.802327762738201,True,True,False,False,3,2,0,13,7,8,87,260,"[false, false, false]",570,2,2,Starfield Stage - 3
32776,2025-10-10T11:20:42.484344,0.009,567.5,727.0,0.799645220477955,True,True,False,True,4,2,0,13,7,8,87,260,"[true, false, false]",570,2,2,Starfield Stage - 3
32783,2025-10-10T11:20:42.491893,0.008,567.5,729.5,0.7991103840881685,True,True,False,True,4,2,0,13,7,8,87,262,"[true, false, false]",570,2,2,Starfield Stage - 3
32793,2025-10-10T11:20:42.501940,0.009,565.0,732.0,0.7970625336178674,False,True,False,True,3,2,0,13,7,8,88,266,"[true, false, false]",570,2,2,Starfield Stage - 3
32801,2025-10-10T11:20:42.509851,0.009,562.5,734.5,0.7939358428216413,False,True,False,True,3,2,0,13,7,8,90,270,"[true, false, false]",570,2,2,Starfield Stage - 3
32809,2025-10-10T11:20:42.517904,0.008,560.0,737.0,0.7907802427536842,False,True,False,True,3,2,0,13,7,8,93,275,"[true, false, false]",570,2,2,Starfield Stage - 3
32819,2025-10-10T11:20:42.527399,0.009,557.5,737.0,0.7881140719832141,False,True,False,True,3,2,0,13,7,8,96,278,"[true, false, false]",570,2,2,Starfield Stage - 3
32827,2025-10-10T11:20:42.535594,0.008,555.0,737.0,0.7864910591371855,False,True,False,True,3,2,0,13,7,8,97,280,"[true, false, false]",570,2,2,Starfield Stage - 3
32835,2025-10-10T11:20:42.543781,0.009,552.5,737.0,0.7848484108415069,False,True,False,True,3,2,0,13,7,8,98,282,"[true, false, false]",570,2,2,Starfield Stage - 3
32844,2025-10-10T11:20:42.552443,0.008,550.0,737.0,0.7809831810458582,False,True,False,True,3,2,0,13,7,8,99,282,"[true, false, false]",570,2,2,Starfield Stage - 3
32852,2025-10-10T11:20:42.560448,0.008,547.5,737.0,0.779304056014365,False,True,False,True,3,2,0,13,7,8,99,283,"[false, false, false]",570,2,2,Starfield Stage - 3
32860,2025-10-10T11:20:42.568345,0.008,545.0,737.0,0.7765095086081153,False,True,False,True,3,2,0,13,7,8,99,283,"[false, false, false]",570,2,2,Starfield Stage - 3
32868,2025-10-10T11:20:42.576520,0.008,542.5,737.0,0.7736995327648308,False,True,False,True,3,2,0,13,7,8,99,283,"[false, false, false]",570,2,2,Starfield Stage - 3
32876,2025-10-10T11:20:42.584693,0.009,540.0,737.0,0.7697394880707128,False,True,False,True,3,2,0,13,7,8,100,283,"[false, false, false]",570,2,2,Starfield Stage - 3
32885,2025-10-10T11:20:42.593311,0.008,537.5,737.0,0.7657488116743816,False,True,False,True,3,2,0,13,7,8,101,283,"[false, false, false]",570,2,2,Starfield Stage - 3
32893,2025-10-10T11:20:42.601727,0.009,535.0,737.0,0.7605164216123126,False,True,False,True,3,2,0,13,7,8,104,284,"[false, false, false]",570,2,2,Starfield Stage - 3
32902,2025-10-10T11:20:42.610388,0.008,532.5,737.0,0.7575486288508039,False,True,False,True,3,2,0,13,7,8,105,285,"[false, false, false]",570,2,2,Starfield Stage - 3
32910,2025-10-10T11:20:42.618706,0.008,530.0,737.0,0.7534455717129687,False,True,False,True,3,2,0,13,7,8,106,285,"[false, false, false]",570,2,2,Starfield Stage - 3
32918,2025-10-10T11:20:42.626771,0.009,530.0,737.0,0.7522674335087618,True,True,False,True,3,2,0,13,7,8,107,285,"[false, false, false]",570,2,2,Starfield Stage - 3
32927,2025-10-10T11:20:42.635655,0.008,530.0,737.0,0.7522674335087618,True,True,False,True,3,2,0,13,7,8,107,285,"[false, false, false]",570,2,2,Starfield Stage - 3
32935,2025-10-10T11:20:42.643287,0.008,532.5,737.0,0.7539619820411739,True,False,False,True,3,2,0,13,7,8,109,286,"[false, false, false]",570,2,2,Starfield Stage - 3
32943,2025-10-10T11:20:42.651904,0.009,535.0,737.0,0.7567691033351059,True,False,False,True,2,2,0,13,7,8,111,288,"[false, false, false]",570,2,2,Starfield Stage - 3
32952,2025-10-10T11:20:42.660238,0.008,537.5,737.0,0.7596454149719414,True,False,False,True,2,2,0,13,7,8,112,289,"[false, false, false]",570,2,2,Starfield Stage - 3
32960,2025-10-10T11:20:42.668693,0.009,540.0,737.0,0.7636375666933017,True,False,False,True,2,2,0,13,7,8,113,291,"[false, false, false]",570,2,2,Starfield Stage - 3
32969,2025-10-10T11:20:42.677645,0.009,542.5,737.0,0.7665540207425715,True,False,False,True,3,2,0,13,7,8,113,291,"[true, false, false]",570,2,2,Starfield Stage - 3
32978,2025-10-10T11:20:42.686247,0.008,545.0,737.0,0.7694541842808565,True,False,False,True,3,2,0,13,7,8,113,291,"[true, false, false]",570,2,2,Starfield Stage - 3
32986,2025-10-10T11:20:42.694319,0.008,547.5,737.0,0.7723381450401583,True,False,False,True,3,2,0,13,7,8,113,291,"[true, false, false]",570,2,2,Starfield Stage - 3
32994,2025-10-10T11:20:42.702742,0.009,550.0,737.0,0.7752059908530562,True,False,False,True,3,2,0,13,7,8,113,291,"[true, false, false]",570,2,2,Starfield Stage - 3
33003,2025-10-10T11:20:42.711375,0.008,552.5,737.0,0.7780578096336294,True,False,False,False,3,2,0,13,7,8,113,291,"[true, false, false]",570,2,2,Starfield Stage - 3
33011,2025-10-10T11:20:42.719420,0.008,555.0,737.0,0.7808936893588805,True,False,False,False,3,2,0,13,7,8,113,291,"[true, false, false]",570,2,2,Starfield Stage - 3
33019,2025-10-10T11:20:42.727599,0.009,557.5,737.0,0.7837137180506525,True,False,False,False,3,2,0,13,7,8,113,291,"[true, false, false]",570,2,2,Starfield Stage - 3
33028,2025-10-10T11:20:42.736919,0.009,560.0,737.0,0.7865179837580315,True,False,False,False,3,2,0,13,7,8,113,291,"[true, false, false]",570,2,2,Starfield Stage - 3
33037,2025-10-10T11:20:42.745467,0.008,562.5,737.0,0.7893065745402266,True,False,False,False,3,2,0,13,7,8,113,291,"[true, false, false]",570,2,2,Starfield Stage - 3
33045,2025-10-10T11:20:42.753362,0.008,565.0,737.0,0.7909722416761309,True,False,False,False,3,2,0,13,7,8,114,291,"[false, false, false]",570,2,2,Starfield Stage - 3
33053,2025-10-10T11:20:42.761844,0.009,567.5,737.0,0.792648454646789,True,False,False,False,3,2,0,13,7,8,116,292,"[false, false, false]",570,2,2,Starfield Stage - 3
33062,2025-10-10T11:20:42.769981,0.008,570.0,737.0,0.794326497577285,True,False,False,False,3,2,0,13,7,8,118,293,"[false, false, false]",570,2,2,Starfield Stage - 3
33070,2025-10-10T11:20:42.778576,0.009,572.5,737.0,0.7937919226153421,True,False,False,False,3,2,0,13,7,8,122,294,"[false, false, false]",570,2,2,Starfield Stage - 3
33079,2025-10-10T11:20:42.787709,0.009,575.0,737.0,0.7954988299827702,True,False,False,False,3,2,0,13,7,8,125,296,"[false, false, false]",570,2,2,Starfield Stage - 3
33127,2025-10-10T11:20:42.835102,0.009,577.5,737.0,0.7960779147369343,True,False,False,False,2,2,0,13,7,8,128,297,"[false, false, false]",590,2,2,Starfield Stage - 3
33132,2025-10-10T11:20:42.840138,0.043,580.0,737.0,0.7977709853055368,True,False,False,False,2,2,0,13,7,8,130,298,"[false, false, false]",590,2,2,Starfield Stage - 3
33140,2025-10-10T11:20:42.848443,0.008,580.0,737.0,0.7990027661752236,True,True,False,False,2,2,0,13,7,8,133,302,"[false, false, false]",590,2,2,Starfield Stage - 3
33148,2025-10-10T11:20:42.856353,0.008,580.0,737.0,0.7978833262086426,True,True,False,False,2,2,0,13,7,8,134,302,"[false, false, false]",590,2,2,Starfield Stage - 3
33156,2025-10-10T11:20:42.864521,0.008,580.0,737.0,0.7978833262086426,True,True,False,False,2,2,0,13,7,8,134,302,"[false, false, false]",590,2,2,Starfield Stage - 3
33163,2025-10-10T11:20:42.871933,0.008,580.0,737.0,0.796761310661739,True,True,False,False,3,2,0,13,7,8,135,302,"[true, false, false]",590,2,2,Starfield Stage - 3
33172,2025-10-10T11:20:42.880922,0.009,580.0,737.0,0.796761310661739,True,True,False,False,3,2,0,13,7,8,135,302,"[true, false, false]",590,2,2,Starfield Stage - 3
33181,2025-10-10T11:20:42.889378,0.008,580.0,737.0,0.796761310661739,True,True,False,False,3,2,0,13,7,8,135,302,"[true, false, false]",590,2,2,Starfield Stage - 3
33189,2025-10-10T11:20:42.897745,0.009,580.0,737.0,0.796761310661739,True,True,False,False,3,2,0,13,7,8,135,302,"[true, false, false]",590,2,2,Starfield Stage - 3
33198,2025-10-10T11:20:42.906855,0.009,580.0,737.0,0.796761310661739,True,True,False,False,3,2,0,13,7,8,135,302,"[true, false, false]",590,2,2,Starfield Stage - 3
33208,2025-10-10T11:20:42.916302,0.009,577.5,737.0,0.7939449638300597,False,True,False,False,3,2,0,13,7,8,135,302,"[true, false, false]",590,2,2,Starfield Stage - 3
33216,2025-10-10T11:20:42.924466,0.008,575.0,737.0,0.7911123869166454,False,True,False,False,3,2,0,13,7,8,135,302,"[false, false, false]",590,2,2,Starfield Stage - 3
33225,2025-10-10T11:20:42.933589,0.009,572.5,737.0,0.788263485068821,False,True,False,False,3,2,0,13,7,8,135,302,"[false, false, false]",590,2,2,Starfield Stage - 3
33233,2025-10-10T11:20:42.941188,0.008,570.0,737.0,0.7842474159192051,False,True,False,False,3,2,0,13,7,8,136,302,"[false, false, false]",590,2,2,Starfield Stage - 3
33241,2025-10-10T11:20:42.949530,0.008,567.5,737.0,0.7801868614131707,False,True,False,False,3,2,0,13,7,8,138,303,"[false, false, false]",590,2,2,Starfield Stage - 3
33249,2025-10-10T11:20:42.957657,0.009,565.0,737.0,0.7772303170334174,False,True,False,False,3,2,0,13,7,8,140,305,"[false, false, false]",590,2,2,Starfield Stage - 3
33259,2025-10-10T11:20:42.967257,0.009,562.5,737.0,0.7718456637838911,False,True,False,False,3,2,0,13,7,8,144,307,"[false, false, false]",590,2,2,Starfield Stage - 3
33267,2025-10-10T11:20:42.975832,0.009,560.0,737.0,0.7675216412094512,False,True,False,False,3,2,0,13,7,8,148,310,"[false, false, false]",590,2,2,Starfield Stage - 3
33277,2025-10-10T11:20:42.985603,0.009,557.5,737.0,0.7642787933384911,False,True,False,False,3,2,0,14,7,8,152,314,"[false, false, false]",590,2,2,Starfield Stage - 3
33285,2025-10-10T11:20:42.993405,0.008,555.0,737.0,0.7630138430581581,False,True,False,False,3,2,0,14,7,8,162,326,"[false, false, false]",590,2,2,Starfield Stage - 3
33293,2025-10-10T11:20:43.001044,0.008,552.5,737.0,0.7607974491099464,False,True,False,False,3,2,0,14,7,8,166,331,"[false, false, false]",590,2,2,Starfield Stage - 3
33301,2025-10-10T11:20:43.009481,0.008,550.0,734.5,0.7603873438806786,False,True,True,False,3,2,0,14,7,8,170,335,"[false, false, false]",590,2,2,Starfield Stage - 3
33309,2025-10-10T11:20:43.017557,0.009,547.5,732.0,0.7600295015601181,False,True,True,False,3,2,0,14,7,8,173,338,"[false, false, false]",590,2,2,Starfield Stage - 3
33318,2025-10-10T11:20:43.026610,0.009,545.0,729.5,0.7622999618806574,False,True,True,False,3,2,0,14,7,8,175,342,"[false, false, false]",590,2,2,Starfield Stage - 3
33365,2025-10-10T11:20:43.073079,0.009,542.5,727.0,0.764637583231402,False,True,True,False,2,1,0,14,7,8,177,346,"[false, false, false]",600,2,2,Starfield Stage - 3
33370,2025-10-10T11:20:43.078872,0.043,540.0,724.5,0.7683814262459476,False,True,True,False,1,0,0,0,0,0,179,351,"[true, false, false]",600,2,3,Starfield Stage - 4
33379,2025-10-10T11:20:43.087244,0.008,537.5,722.0,0.8124186125847132,False,True,True,False,0,0,0,0,0,0,186,389,"[true, false, false]",600,2,3,Starfield Stage - 4
33388,2025-10-10T11:20:43.096357,0.009,535.0,719.5,0.8263893576196484,False,True,True,False,0,0,0,0,0,0,186,398,"[true, false, false]",600,2,3,Starfield Stage - 4
33397,2025-10-10T11:20:43.105747,0.009,532.5,717.0,0.8454020910191552,False,True,True,False,0,0,0,0,0,0,184,408,"[true, false, false]",600,2,3,Starfield Stage - 4
33405,2025-10-10T11:20:43.113458,0.009,532.5,714.5,0.8948491125388117,False,False,True,False,0,0,0,0,0,0,179,431,"[false, false, false]",600,2,3,Starfield Stage - 4
33415,2025-10-10T11:20:43.123064,0.009,532.5,712.0,0.9243843440018734,False,False,True,False,0,0,0,0,0,0,176,443,"[false, false, false]",600,2,3,Starfield Stage - 4
33423,2025-10-10T11:20:43.131537,0.009,532.5,709.5,0.9616545564023827,False,False,True,False,0,0,0,0,0,0,172,458,"[false, false, false]",600,2,3,Starfield Stage - 4
33432,2025-10-10T11:20:43.140148,0.008,532.5,707.0,1.0039783545010543,False,False,True,False,0,0,0,0,0,0,168,475,"[false, false, false]",600,2,3,Starfield Stage - 4
33441,2025-10-10T11:20:43.149180,0.009,535.0,704.5,1.0555883485489015,True,False,True,False,0,0,0,0,0,0,165,495,"[false, false, false]",600,2,3,Starfield Stage - 4
33450,2025-10-10T11:20:43.158447,0.009,537.5,702.0,1.1130247185415787,True,False,True,False,0,0,0,0,0,0,162,517,"[false, false, false]",600,2,3,Starfield Stage - 4
33459,2025-10-10T11:20:43.167036,0.009,540.0,699.5,1.174329074946566,True,False,True,False,0,0,0,0,0,0,159,540,"[false, false, false]",600,2,3,Starfield Stage - 4
33467,2025-10-10T11:20:43.175307,0.008,542.5,697.0,1.2354543763453427,True,False,True,False,0,0,0,0,0,0,158,563,"[false, false, false]",600,2,3,Starfield Stage - 4
33476,2025-10-10T11:20:43.184078,0.009,545.0,694.5,1.2964055533876637,True,False,True,False,0,0,0,0,0,0,156,585,"[false, false, false]",600,2,3,Starfield Stage - 4
33484,2025-10-10T11:20:43.192471,0.008,547.5,692.0,1.3526669734761667,True,False,True,False,0,0,0,0,0,0,155,605,"[false, false, false]",600,2,3,Starfield Stage - 4
33493,2025-10-10T11:20:43.201178,0.009,550.0,689.5,1.4023816883449662,True,False,True,False,0,0,0,0,0,0,153,622,"[false, false, false]",600,2,3,Starfield Stage - 4
33501,2025-10-10T11:20:43.209569,0.009,552.5,687.0,1.4687796805958937,True,False,True,False,0,0,0,0,0,0,152,646,"[false, false, false]",600,2,3,Starfield Stage - 4
33510,2025-10-10T11:20:43.218634,0.009,555.0,684.5,1.4977256618620118,True,False,True,False,0,0,0,0,0,0,152,655,"[false, false, false]",600,2,3,Starfield Stage - 4
33519,2025-10-10T11:20:43.227948,0.009,557.5,682.0,1.5238592561995181,True,False,True,False,0,0,0,0,0,0,153,663,"[false, false, false]",600,2,3,Starfield Stage - 4
33529,2025-10-10T11:20:43.237315,0.009,560.0,679.5,1.5449400214356368,True,False,True,False,1,0,0,0,0,0,154,669,"[true, false, false]",600,2,3,Starfield Stage - 4
33537,2025-10-10T11:20:43.245279,0.008,562.5,677.0,1.5634344966028466,True,False,True,False,0,0,0,0,0,0,155,674,"[true, false, false]",600,2,3,Starfield Stage - 4
33545,2025-10-10T11:20:43.253381,0.008,565.0,674.5,1.5793535751290466,True,False,True,False,0,0,0,0,0,0,156,678,"[true, false, false]",600,2,3,Starfield Stage - 4
33554,2025-10-10T11:20:43.262008,0.009,567.5,672.0,1.5902822888747659,True,False,True,False,0,0,0,0,0,0,157,680,"[true, false, false]",600,2,3,Starfield Stage - 4
33562,2025-10-10T11:20:43.270365,0.008,570.0,669.5,1.5987017024988979,True,False,True,False,0,0,0,0,0,0,158,681,"[true, false, false]",600,2,3,Starfield Stage - 4
33571,2025-10-10T11:20:43.279353,0.009,572.5,667.0,1.6069687205678738,True,False,True,False,0,0,0,0,0,0,158,682,"[true, false, false]",600,2,3,Starfield Stage - 4
33579,2025-10-10T11:20:43.287331,0.008,575.0,664.5,1.6127381428303418,True,False,True,False,0,0,0,0,0,0,158,682,"[true, false, false]",600,2,3,Starfield Stage - 4
33588,2025-10-10T11:20:43.296390,0.009,577.5,662.0,1.6184360584199706,True,False,True,False,0,0,0,0,0,0,158,682,"[true, false, false]",600,2,3,Starfield Stage - 4
33597,2025-10-10T11:20:43.305378,0.009,580.0,659.5,1.6240634253615216,True,False,True,False,0,0,0,0,0,0,158,682,"[false, false, false]",600,2,3,Starfield Stage - 4
33605,2025-10-10T11:20:43.313820,0.009,582.5,657.0,1.6296211959787827,True,False,True,False,0,0,0,0,0,0,158,682,"[false, false, false]",600,2,3,Starfield Stage - 4
33614,2025-10-10T11:20:43.322514,0.009,585.0,654.5,1.6351103163864422,True,False,True,False,0,0,0,0,0,0,158,682,"[false, false, false]",600,2,3,Starfield Stage - 4
33623,2025-10-10T11:20:43.331520,0.009,587.5,652.0,1.6405317260210392,True,False,True,False,0,0,0,0,0,0,158,682,"[false, false, false]",600,2,3,Starfield Stage - 4
33632,2025-10-10T11:20:43.340762,0.009,590.0,649.5,1.6458863572091222,True,False,True,False,0,0,0,0,0,0,158,682,"[false, false, false]",600,2,3,Starfield Stage - 4
33641,2025-10-10T11:20:43.349100,0.008,592.5,647.0,1.6511751347708055,True,False,True,False,0,0,0,0,0,0,158,682,"[false, false, false]",600,2,3,Starfield Stage - 4
33649,2025-10-10T11:20:43.357672,0.009,595.0,644.5,1.6563989756569573,True,False,True,False,0,0,0,0,0,0,158,682,"[false, false, false]",600,2,3,Starfield Stage - 4
33659,2025-10-10T11:20:43.366977,0.009,597.5,642.0,1.6615587886183203,True,False,True,False,0,0,0,0,0,0,158,682,"[false, false, false]",600,2,3,Starfield Stage - 4
33667,2025-10-10T11:20:43.375798,0.009,600.0,639.5,1.6666554739049098,True,False,True,False,0,0,0,0,0,0,158,682,"[false, false, false]",600,2,3,Starfield Stage - 4
33677,2025-10-10T11:20:43.385395,0.009,602.5,637.0,1.6716899229941002,True,False,True,False,0,0,0,0,0,0,158,682,"[false, false, false]",600,2,3,Starfield Stage - 4
33686,2025-10-10T11:20:43.394436,0.009,605.0,634.5,1.6766630183458613,True,False,True,False,0,0,0,0,0,0,158,682,"[false, false, false]",600,2,3,Starfield Stage - 4
33693,2025-10-10T11:20:43.401916,0.008,607.5,632.0,1.6815756331836662,True,False,True,False,0,0,0,0,0,0,158,682,"[false, false, false]",600,2,3,Starfield Stage - 4
33702,2025-10-10T11:20:43.410346,0.008,610.0,629.5,1.6864286312996464,True,False,True,False,0,0,0,0,0,0,158,682,"[false, false, false]",600,2,3,Starfield Stage - 4
33710,2025-10-10T11:20:43.418604,0.009,612.5,627.0,1.6912228668826288,True,False,True,False,0,0,0,0,0,0,158,682,"[false, false, false]",600,2,3,Starfield Stage - 4
33719,2025-10-10T11:20:43.427672,0.009,615.0,624.5,1.6959591843677406,True,False,True,False,1,0,0,0,0,0,158,682,"[true, false, false]",600,2,3,Starfield Stage - 4
33728,2025-10-10T11:20:43.436674,0.009,617.5,622.0,1.7006384183063246,True,False,True,False,0,0,0,0,0,0,158,682,"[true, false, false]",600,2,3,Starfield Stage - 4
33738,2025-10-10T11:20:43.446593,0.01,620.0,619.5,1.7052613932549636,True,False,True,False,0,0,0,0,0,0,158,682,"[true, false, false]",600,2,3,Starfield Stage - 4
33747,2025-10-10T11:20:43.455239,0.008,622.5,617.0,1.709828923682458,True,False,True,False,0,0,0,0,0,0,158,682,"[true, false, false]",600,2,3,Starfield Stage - 4
33755,2025-10-10T11:20:43.463242,0.008,625.0,614.5,1.714341813893659,True,False,True,False,0,0,0,0,0,0,158,682,"[true, false, false]",600,2,3,Starfield Stage - 4
33763,2025-10-10T11:20:43.471737,0.009,627.5,612.0,1.718800857969105,True,False,True,False,0,0,0,0,0,0,158,682,"[true, false, false]",600,2,3,Starfield Stage - 4
33773,2025-10-10T11:20:43.481511,0.009,630.0,609.5,1.723206839719459,True,False,True,False,0,0,0,0,0,0,158,682,"[true, false, false]",600,2,3,Starfield Stage - 4
33781,2025-10-10T11:20:43.489535,0.009,632.5,607.0,1.7275605326537935,True,False,True,False,0,0,0,0,0,0,158,682,"[false, false, false]",600,2,3,Starfield Stage - 4
33791,2025-10-10T11:20:43.499264,0.009,635.0,604.5,1.7318626999608098,True,False,True,False,0,0,0,0,0,0,158,682,"[false, false, false]",600,2,3,Starfield Stage - 4
33799,2025-10-10T11:20:43.507754,0.009,637.5,602.0,1.736114094502129,True,False,True,False,0,0,0,0,0,0,158,682,"[false, false, false]",600,2,3,Starfield Stage - 4
33808,2025-10-10T11:20:43.516400,0.008,640.0,599.5,1.7403154588168332,True,False,True,False,0,0,0,0,0,0,158,682,"[false, false, false]",600,2,3,Starfield Stage - 4
33816,2025-10-10T11:20:43.524363,0.008,642.5,599.5,1.7394572827924342,True,False,False,False,0,0,0,0,0,0,158,682,"[false, false, false]",600,2,3,Starfield Stage - 4
33825,2025-10-10T11:20:43.533454,0.01,645.0,599.5,1.738607670574602,True,False,False,False,0,0,0,0,0,0,158,682,"[false, false, false]",600,2,3,Starfield Stage - 4
33834,2025-10-10T11:20:43.542077,0.008,647.5,599.5,1.7377664958198256,True,False,False,False,0,0,0,0,0,0,158,682,"[false, false, false]",600,2,3,Starfield Stage - 4
33842,2025-10-10T11:20:43.550741,0.009,647.5,599.5,1.7377664958198256,False,False,False,False,0,0,0,0,0,0,158,682,"[false, false, false]",600,2,3,Starfield Stage - 4
33851,2025-10-10T11:20:43.559389,0.008,647.5,599.5,1.7377664958198256,False,False,False,False,0,0,0,0,0,0,158,682,"[false, false, false]",600,2,3,Starfield Stage - 4
33860,2025-10-10T11:20:43.568007,0.009,647.5,599.5,1.7377664958198256,False,False,False,False,0,0,0,0,0,0,158,682,"[false, false, false]",600,2,3,Starfield Stage - 4
33868,2025-10-10T11:20:43.576365,0.008,647.5,599.5,1.7377664958198256,False,False,False,False,0,0,0,0,0,0,158,682,"[false, false, false]",600,2,3,Starfield Stage - 4
33876,2025-10-10T11:20:43.584331,0.008,647.5,599.5,1.7377664958198256,False,False,False,False,0,0,0,0,0,0,158,682,"[false, false, false]",600,2,3,Starfield Stage - 4
33884,2025-10-10T11:20:43.592658,0.009,647.5,599.5,1.7377664958198256,False,False,False,False,0,0,0,0,0,0,158,682,"[false, false, false]",600,2,3,Starfield Stage - 4
33893,2025-10-10T11:20:43.601370,0.008,647.5,599.5,1.7377664958198256,False,False,False,False,0,0,0,0,0,0,158,682,"[false, false, false]",600,2,3,Starfield Stage - 4
33901,2025-10-10T11:20:43.609646,0.009,647.5,599.5,1.7377664958198256,False,False,False,False,0,0,0,0,0,0,158,682,"[false, false, false]",600,2,3,Starfield Stage - 4
33910,2025-10-10T11:20:43.618871,0.009,647.5,599.5,1.7377664958198256,False,False,False,False,0,0,0,0,0,0,158,682,"[false, false, false]",600,2,3,Starfield Stage - 4
33919,2025-10-10T11:20:43.627744,0.008,647.5,599.5,1.737432360574308,False,False,False,False,0,0,0,0,0,0,157,682,"[false, false, false]",600,2,3,Starfield Stage - 4
33927,2025-10-10T11:20:43.635420,0.008,647.5,599.5,1.737432360574308,False,False,False,False,0,0,0,0,0,0,157,682,"[false, false, false]",600,2,3,Starfield Stage - 4
33934,2025-10-10T11:20:43.642915,0.008,647.5,599.5,1.7370995476516702,False,False,False,False,0,0,0,0,0,0,156,682,"[false, false, false]",600,2,3,Starfield Stage - 4
33943,2025-10-10T11:20:43.651815,0.008,647.5,599.5,1.7370995476516702,False,False,False,False,0,0,0,0,0,0,156,682,"[false, false, false]",600,2,3,Starfield Stage - 4
33952,2025-10-10T11:20:43.660039,0.009,647.5,599.5,1.7370995476516702,False,False,False,False,0,0,0,0,0,0,156,682,"[false, false, false]",600,2,3,Starfield Stage - 4
33960,2025-10-10T11:20:43.668494,0.008,647.5,599.5,1.7370995476516702,False,False,False,False,0,0,0,0,0,0,156,682,"[false, false, false]",600,2,3,Starfield Stage - 4
33969,2025-10-10T11:20:43.677516,0.01,647.5,599.5,1.7370995476516702,False,False,False,False,0,0,0,0,0,0,156,682,"[false, false, false]",600,2,3,Starfield Stage - 4
33978,2025-10-10T11:20:43.686701,0.009,647.5,599.5,1.7370995476516702,False,False,False,False,0,0,0,0,0,0,156,682,"[false, false, false]",600,2,3,Starfield Stage - 4
33987,2025-10-10T11:20:43.695102,0.008,647.5,599.5,1.7370995476516702,False,False,False,False,0,0,0,0,0,0,156,682,"[false, false, false]",600,2,3,Starfield Stage - 4
33995,2025-10-10T11:20:43.703312,0.008,647.5,599.5,1.7370995476516702,False,False,False,False,0,0,0,0,0,0,156,682,"[false, false, false]",600,2,3,Starfield Stage - 4
34003,2025-10-10T11:20:43.711456,0.008,647.5,599.5,1.7370995476516702,False,False,False,False,0,0,0,0,0,0,156,682,"[false, false, false]",600,2,3,Starfield Stage - 4
34011,2025-10-10T11:20:43.719014,0.008,647.5,599.5,1.7370995476516702,False,False,False,False,0,0,0,0,0,0,156,682,"[false, false, false]",600,2,3,Starfield Stage - 4
