frame,timestamp,dt,ship_centerx,ship_centery,ship_angle,moving_right,moving_left,moving_up,moving_down,bullets_count,aliens_count,cargoes_count,alien_bullets_count,hearts_count,shields_count,mouse_x,mouse_y,mouse_buttons,score,ships_left,current_region_index,region_name
0,2025-10-02T20:30:14.078947,0,600.0,672.0,0.0,False,False,False,False,0,0,0,0,0,0,663,513,"[false, false, false]",0,2,0,Starfield Stage - 1
1,2025-10-02T20:30:14.080613,9,600.0,672.0,0.0,False,False,False,False,0,0,0,0,0,0,499,450,"[false, false, false]",0,2,0,Starfield Stage - 1
2,2025-10-02T20:30:14.090798,9,600.0,672.0,0.0,False,False,False,False,0,0,0,0,0,0,503,445,"[false, false, false]",0,2,0,Starfield Stage - 1
3,2025-10-02T20:30:14.098483,8,600.0,672.0,0.0,False,False,False,False,0,0,0,0,0,0,509,440,"[false, false, false]",0,2,0,Starfield Stage - 1
4,2025-10-02T20:30:14.106315,8,600.0,672.0,0.0,False,False,False,False,0,0,0,0,0,0,514,435,"[false, false, false]",0,2,0,Starfield Stage - 1
5,2025-10-02T20:30:14.115846,9,600.0,672.0,0.0,False,False,False,False,0,0,0,0,0,0,522,430,"[false, false, false]",0,2,0,Starfield Stage - 1
6,2025-10-02T20:30:14.125519,8,600.0,672.0,0.0,False,False,False,False,0,0,0,0,0,0,529,425,"[false, false, false]",0,2,0,Starfield Stage - 1
7,2025-10-02T20:30:14.132647,9,600.0,672.0,0.0,False,False,False,False,0,0,0,0,0,0,535,420,"[false, false, false]",0,2,0,Starfield Stage - 1
8,2025-10-02T20:30:14.141716,9,600.0,672.0,0.0,False,False,False,False,0,0,0,0,0,0,543,416,"[false, false, false]",0,2,0,Starfield Stage - 1
9,2025-10-02T20:30:14.151989,8,600.0,672.0,0.0,False,False,False,False,0,0,0,0,0,0,548,413,"[false, false, false]",0,2,0,Starfield Stage - 1
10,2025-10-02T20:30:14.157099,8,600.0,672.0,0.0,False,False,False,False,0,0,0,0,0,0,553,412,"[false, false, false]",0,2,0,Starfield Stage - 1
11,2025-10-02T20:30:14.164994,8,600.0,672.0,0.0,False,False,False,False,0,0,0,0,0,0,557,411,"[false, false, false]",0,2,0,Starfield Stage - 1
12,2025-10-02T20:30:14.173653,8,600.0,672.0,0.0,False,False,False,False,0,0,0,0,0,0,561,411,"[false, false, false]",0,2,0,Starfield Stage - 1
13,2025-10-02T20:30:14.183545,9,600.0,672.0,0.0,False,False,False,False,0,0,0,0,0,0,566,411,"[false, false, false]",0,2,0,Starfield Stage - 1
14,2025-10-02T20:30:14.191595,9,600.0,672.0,0.0,False,False,False,False,0,0,0,0,0,0,570,414,"[false, false, false]",0,2,0,Starfield Stage - 1
15,2025-10-02T20:30:14.207025,9,600.0,672.0,0.0,False,False,False,False,0,0,0,0,0,0,576,417,"[false, false, false]",0,2,0,Starfield Stage - 1
16,2025-10-02T20:30:14.209221,9,600.0,672.0,0.0,False,False,False,False,0,0,0,0,0,0,588,429,"[false, false, false]",0,2,0,Starfield Stage - 1
17,2025-10-02T20:30:14.218043,9,600.0,672.0,0.0,False,False,False,False,0,0,0,0,0,0,593,436,"[false, false, false]",0,2,0,Starfield Stage - 1
18,2025-10-02T20:30:14.225925,8,600.0,672.0,0.0,False,False,False,False,0,0,0,0,0,0,597,444,"[false, false, false]",0,2,0,Starfield Stage - 1
19,2025-10-02T20:30:14.234885,8,600.0,672.0,0.0,False,False,False,False,0,0,0,0,0,0,600,452,"[false, false, false]",0,2,0,Starfield Stage - 1
20,2025-10-02T20:30:14.242549,8,600.0,672.0,0.0,False,False,False,False,0,0,0,0,0,0,602,458,"[false, false, false]",0,2,0,Starfield Stage - 1
21,2025-10-02T20:30:14.250972,9,600.0,672.0,0.0,False,False,False,False,0,0,0,0,0,0,602,464,"[false, false, false]",0,2,0,Starfield Stage - 1
22,2025-10-02T20:30:14.258959,8,600.0,672.0,0.0,False,False,False,False,0,0,0,0,0,0,601,469,"[false, false, false]",0,2,0,Starfield Stage - 1
23,2025-10-02T20:30:14.267541,8,600.0,672.0,0.0,False,False,False,False,0,0,0,0,0,0,599,474,"[false, false, false]",0,2,0,Starfield Stage - 1
24,2025-10-02T20:30:14.276702,9,600.0,672.0,0.0,False,False,False,False,0,0,0,0,0,0,595,478,"[false, false, false]",0,2,0,Starfield Stage - 1
25,2025-10-02T20:30:14.284577,8,600.0,672.0,0.0,False,False,False,False,0,0,0,0,0,0,590,482,"[false, false, false]",0,2,0,Starfield Stage - 1
26,2025-10-02T20:30:14.292765,9,600.0,672.0,0.0,False,False,False,False,0,0,0,0,0,0,585,485,"[false, false, false]",0,2,0,Starfield Stage - 1
27,2025-10-02T20:30:14.302312,9,600.0,672.0,0.0,False,False,False,False,0,0,0,0,0,0,579,487,"[false, false, false]",0,2,0,Starfield Stage - 1
28,2025-10-02T20:30:14.310931,9,600.0,672.0,0.0,False,False,False,False,0,0,0,0,0,0,574,488,"[false, false, false]",0,2,0,Starfield Stage - 1
29,2025-10-02T20:30:14.318792,8,600.0,672.0,0.0,False,False,False,False,0,0,0,0,0,0,562,489,"[false, false, false]",0,2,0,Starfield Stage - 1
30,2025-10-02T20:30:14.327366,8,600.0,672.0,0.0,False,False,False,False,0,0,0,0,0,0,562,489,"[false, false, false]",0,2,0,Starfield Stage - 1
31,2025-10-02T20:30:14.334814,8,600.0,672.0,0.0,False,False,False,False,0,0,0,0,0,0,557,487,"[false, false, false]",0,2,0,Starfield Stage - 1
32,2025-10-02T20:30:14.343194,8,600.0,672.0,0.0,False,False,False,False,0,0,0,0,0,0,551,484,"[false, false, false]",0,2,0,Starfield Stage - 1
33,2025-10-02T20:30:14.352037,8,600.0,672.0,0.0,False,False,False,False,0,0,0,0,0,0,536,473,"[false, false, false]",0,2,0,Starfield Stage - 1
34,2025-10-02T20:30:14.360054,9,600.0,672.0,0.0,False,False,False,False,0,0,0,0,0,0,528,467,"[false, false, false]",0,2,0,Starfield Stage - 1
35,2025-10-02T20:30:14.369481,9,600.0,672.0,0.0,False,False,False,False,0,0,0,0,0,0,520,460,"[false, false, false]",0,2,0,Starfield Stage - 1
36,2025-10-02T20:30:14.377810,9,600.0,672.0,0.0,False,False,False,False,0,0,0,0,0,0,514,453,"[false, false, false]",0,2,0,Starfield Stage - 1
37,2025-10-02T20:30:14.386558,8,600.0,672.0,0.0,False,False,False,False,0,0,0,0,0,0,508,446,"[false, false, false]",0,2,0,Starfield Stage - 1
38,2025-10-02T20:30:14.395245,9,600.0,672.0,0.0,False,False,False,False,0,0,0,0,0,0,504,440,"[false, false, false]",0,2,0,Starfield Stage - 1
39,2025-10-02T20:30:14.404133,9,600.0,672.0,0.0,False,False,False,False,0,0,0,0,0,0,501,436,"[false, false, false]",0,2,0,Starfield Stage - 1
40,2025-10-02T20:30:14.412907,8,600.0,672.0,0.0,False,False,False,False,0,0,0,0,0,0,500,433,"[false, false, false]",0,2,0,Starfield Stage - 1
41,2025-10-02T20:30:14.420377,8,600.0,672.0,0.0,False,False,False,False,0,0,0,0,0,0,500,430,"[false, false, false]",0,2,0,Starfield Stage - 1
42,2025-10-02T20:30:14.430245,9,600.0,672.0,0.0,False,False,False,False,0,0,0,0,0,0,502,427,"[false, false, false]",0,2,0,Starfield Stage - 1
43,2025-10-02T20:30:14.437387,8,600.0,672.0,0.0,False,False,False,False,0,0,0,0,0,0,506,423,"[false, false, false]",0,2,0,Starfield Stage - 1
44,2025-10-02T20:30:14.445816,9,600.0,672.0,0.0,False,False,False,False,0,0,0,0,0,0,512,420,"[false, false, false]",0,2,0,Starfield Stage - 1
45,2025-10-02T20:30:14.455181,8,600.0,672.0,0.0,False,False,False,False,0,0,0,0,0,0,520,417,"[false, false, false]",0,2,0,Starfield Stage - 1
46,2025-10-02T20:30:14.463685,9,600.0,672.0,0.0,False,False,False,False,0,0,0,0,0,0,529,414,"[false, false, false]",0,2,0,Starfield Stage - 1
47,2025-10-02T20:30:14.471603,8,600.0,672.0,0.0,False,False,False,False,0,0,0,0,0,0,540,413,"[false, false, false]",0,2,0,Starfield Stage - 1
48,2025-10-02T20:30:14.480795,9,600.0,672.0,0.0,False,False,False,False,0,0,0,0,0,0,560,411,"[false, false, false]",0,2,0,Starfield Stage - 1
49,2025-10-02T20:30:14.488535,8,600.0,672.0,0.0,False,False,False,False,0,0,0,0,0,0,570,411,"[false, false, false]",0,2,0,Starfield Stage - 1
50,2025-10-02T20:30:14.498036,9,600.0,672.0,0.0,False,False,False,False,0,0,0,0,0,0,582,415,"[false, false, false]",0,2,0,Starfield Stage - 1
51,2025-10-02T20:30:14.505892,8,600.0,672.0,0.0,False,False,False,False,0,0,0,0,0,0,595,420,"[false, false, false]",0,2,0,Starfield Stage - 1
52,2025-10-02T20:30:14.513515,8,600.0,672.0,0.0,False,False,False,False,0,0,0,0,0,0,608,427,"[false, false, false]",0,2,0,Starfield Stage - 1
53,2025-10-02T20:30:14.522738,9,600.0,672.0,0.0,False,False,False,False,0,0,0,0,0,0,621,436,"[false, false, false]",0,2,0,Starfield Stage - 1
54,2025-10-02T20:30:14.530659,8,600.0,672.0,0.0,False,False,False,False,0,0,0,0,0,0,634,446,"[false, false, false]",0,2,0,Starfield Stage - 1
55,2025-10-02T20:30:14.539041,9,600.0,672.0,0.0,False,False,False,False,0,0,0,0,0,0,644,457,"[false, false, false]",0,2,0,Starfield Stage - 1
56,2025-10-02T20:30:14.547007,8,600.0,672.0,0.0,False,False,False,False,0,0,0,0,0,0,653,466,"[false, false, false]",0,2,0,Starfield Stage - 1
57,2025-10-02T20:30:14.555915,8,600.0,672.0,0.0,False,False,False,False,0,0,0,0,0,0,658,474,"[false, false, false]",0,2,0,Starfield Stage - 1
58,2025-10-02T20:30:14.562991,8,600.0,672.0,0.0,False,False,False,False,0,0,0,0,0,0,660,479,"[false, false, false]",0,2,0,Starfield Stage - 1
59,2025-10-02T20:30:14.572201,9,600.0,672.0,0.0,False,False,False,False,0,0,0,0,0,0,661,483,"[false, false, false]",0,2,0,Starfield Stage - 1
60,2025-10-02T20:30:14.581175,8,600.0,672.0,0.0,False,False,False,False,0,0,0,0,0,0,660,486,"[false, false, false]",0,2,0,Starfield Stage - 1
61,2025-10-02T20:30:14.588656,8,600.0,672.0,0.0,False,False,False,False,0,0,0,0,0,0,658,488,"[false, false, false]",0,2,0,Starfield Stage - 1
62,2025-10-02T20:30:14.597062,9,600.0,672.0,0.0,False,False,False,False,0,0,0,0,0,0,655,490,"[false, false, false]",0,2,0,Starfield Stage - 1
63,2025-10-02T20:30:14.605321,8,600.0,672.0,0.0,False,False,False,False,0,0,0,0,0,0,650,491,"[false, false, false]",0,2,0,Starfield Stage - 1
64,2025-10-02T20:30:14.613638,9,600.0,672.0,0.0,False,False,False,False,0,0,0,0,0,0,643,492,"[false, false, false]",0,2,0,Starfield Stage - 1
65,2025-10-02T20:30:14.622594,9,600.0,672.0,0.0,False,False,False,False,0,0,0,0,0,0,636,492,"[false, false, false]",0,2,0,Starfield Stage - 1
66,2025-10-02T20:30:14.631401,8,600.0,672.0,0.0,False,False,False,False,0,0,0,0,0,0,627,491,"[false, false, false]",0,2,0,Starfield Stage - 1
67,2025-10-02T20:30:14.639942,9,600.0,672.0,0.0,False,False,False,False,0,0,0,0,0,0,607,483,"[false, false, false]",0,2,0,Starfield Stage - 1
68,2025-10-02T20:30:14.647885,8,600.0,672.0,0.0,False,False,False,False,0,0,0,0,0,0,596,476,"[false, false, false]",0,2,0,Starfield Stage - 1
69,2025-10-02T20:30:14.656449,8,600.0,672.0,0.0,False,False,False,False,0,0,0,0,0,0,585,468,"[false, false, false]",0,2,0,Starfield Stage - 1
70,2025-10-02T20:30:14.664245,8,600.0,672.0,0.0,False,False,False,False,0,0,0,0,0,0,574,459,"[false, false, false]",0,2,0,Starfield Stage - 1
71,2025-10-02T20:30:14.672529,8,600.0,672.0,0.0,False,False,False,False,0,0,0,0,0,0,564,450,"[false, false, false]",0,2,0,Starfield Stage - 1
72,2025-10-02T20:30:14.680614,9,600.0,672.0,0.0,False,False,False,False,0,0,0,0,0,0,556,441,"[false, false, false]",0,2,0,Starfield Stage - 1
73,2025-10-02T20:30:14.691082,9,600.0,672.0,0.0,False,False,False,False,0,0,0,0,0,0,550,433,"[false, false, false]",0,2,0,Starfield Stage - 1
74,2025-10-02T20:30:14.698842,8,600.0,672.0,0.0,False,False,False,False,0,0,0,0,0,0,546,425,"[false, false, false]",0,2,0,Starfield Stage - 1
75,2025-10-02T20:30:14.707158,8,600.0,672.0,0.0,False,False,False,False,0,0,0,0,0,0,544,421,"[false, false, false]",0,2,0,Starfield Stage - 1
76,2025-10-02T20:30:14.714636,8,600.0,672.0,0.0,False,False,False,False,0,0,0,0,0,0,544,417,"[false, false, false]",0,2,0,Starfield Stage - 1
77,2025-10-02T20:30:14.723290,9,600.0,672.0,0.0,False,False,False,False,0,0,0,0,0,0,545,413,"[false, false, false]",0,2,0,Starfield Stage - 1
78,2025-10-02T20:30:14.731887,8,600.0,672.0,0.0,False,False,False,False,0,0,0,0,0,0,547,410,"[false, false, false]",0,2,0,Starfield Stage - 1
79,2025-10-02T20:30:14.739163,8,600.0,672.0,0.0,False,False,False,False,0,0,0,0,0,0,551,407,"[false, false, false]",0,2,0,Starfield Stage - 1
80,2025-10-02T20:30:14.747451,8,600.0,672.0,0.0,False,False,False,False,0,0,0,0,0,0,555,403,"[false, false, false]",0,2,0,Starfield Stage - 1
81,2025-10-02T20:30:14.757048,9,600.0,672.0,0.0,False,False,False,False,0,0,0,0,0,0,562,399,"[false, false, false]",0,2,0,Starfield Stage - 1
82,2025-10-02T20:30:14.764497,8,600.0,672.0,0.0,False,False,False,False,0,0,0,0,0,0,569,394,"[false, false, false]",0,2,0,Starfield Stage - 1
83,2025-10-02T20:30:14.772157,8,600.0,672.0,0.0,False,False,False,False,0,0,0,0,0,0,578,390,"[false, false, false]",0,2,0,Starfield Stage - 1
84,2025-10-02T20:30:14.781638,9,600.0,672.0,0.0,False,False,False,False,0,0,0,0,0,0,585,387,"[false, false, false]",0,2,0,Starfield Stage - 1
85,2025-10-02T20:30:14.790007,9,600.0,672.0,0.0,False,False,False,False,0,0,0,0,0,0,592,384,"[false, false, false]",0,2,0,Starfield Stage - 1
86,2025-10-02T20:30:14.798954,9,600.0,672.0,0.0,False,False,False,False,0,0,0,0,0,0,598,382,"[false, false, false]",0,2,0,Starfield Stage - 1
87,2025-10-02T20:30:14.807100,8,600.0,672.0,0.0,False,False,False,False,0,0,0,0,0,0,603,381,"[false, false, false]",0,2,0,Starfield Stage - 1
88,2025-10-02T20:30:14.815846,8,600.0,672.0,0.0,False,False,False,False,0,0,0,0,0,0,606,379,"[false, false, false]",0,2,0,Starfield Stage - 1
89,2025-10-02T20:30:14.823353,8,600.0,672.0,0.0,False,False,False,False,0,0,0,0,0,0,610,379,"[false, false, false]",0,2,0,Starfield Stage - 1
90,2025-10-02T20:30:14.832907,9,600.0,672.0,0.0,False,False,False,False,0,0,0,0,0,0,612,378,"[false, false, false]",0,2,0,Starfield Stage - 1
91,2025-10-02T20:30:14.841090,8,600.0,672.0,0.0,False,False,False,False,0,0,0,0,0,0,614,378,"[false, false, false]",0,2,0,Starfield Stage - 1
92,2025-10-02T20:30:14.848169,8,600.0,672.0,0.0,False,False,False,False,0,0,0,0,0,0,614,378,"[false, false, false]",0,2,0,Starfield Stage - 1
93,2025-10-02T20:30:14.856270,8,600.0,672.0,0.0,False,False,False,False,0,0,0,0,0,0,615,378,"[false, false, false]",0,2,0,Starfield Stage - 1
94,2025-10-02T20:30:14.864979,8,600.0,672.0,0.0,False,False,False,False,0,0,0,0,0,0,615,378,"[false, false, false]",0,2,0,Starfield Stage - 1
95,2025-10-02T20:30:14.872507,8,600.0,672.0,0.0,False,False,False,False,0,0,0,0,0,0,615,378,"[false, false, false]",0,2,0,Starfield Stage - 1
96,2025-10-02T20:30:14.880696,9,600.0,672.0,0.0,False,False,False,False,0,0,0,0,0,0,615,378,"[false, false, false]",0,2,0,Starfield Stage - 1
97,2025-10-02T20:30:14.889900,8,600.0,672.0,0.0,False,False,False,False,0,0,0,0,0,0,615,378,"[false, false, false]",0,2,0,Starfield Stage - 1
98,2025-10-02T20:30:14.897471,8,600.0,672.0,0.0,False,False,False,False,0,0,0,0,0,0,615,378,"[false, false, false]",0,2,0,Starfield Stage - 1
99,2025-10-02T20:30:14.905139,8,600.0,672.0,0.0,False,False,False,False,0,0,0,0,0,0,615,378,"[false, false, false]",0,2,0,Starfield Stage - 1
100,2025-10-02T20:30:14.914114,8,600.0,672.0,0.0,False,False,False,False,0,0,0,0,0,0,615,378,"[false, false, false]",0,2,0,Starfield Stage - 1
101,2025-10-02T20:30:14.921889,9,600.0,672.0,0.0,False,False,False,False,0,0,0,0,0,0,615,378,"[false, false, false]",0,2,0,Starfield Stage - 1
102,2025-10-02T20:30:14.930490,8,600.0,672.0,0.0,False,False,False,False,0,0,0,0,0,0,615,378,"[false, false, false]",0,2,0,Starfield Stage - 1
103,2025-10-02T20:30:14.939058,9,600.0,672.0,0.0,False,False,False,False,0,0,0,0,0,0,615,378,"[false, false, false]",0,2,0,Starfield Stage - 1
104,2025-10-02T20:30:14.947270,8,600.0,672.0,0.0,False,False,False,False,0,0,0,0,0,0,615,378,"[false, false, false]",0,2,0,Starfield Stage - 1
105,2025-10-02T20:30:14.956791,9,600.0,672.0,0.0,False,False,False,False,0,0,0,0,0,0,615,378,"[false, false, false]",0,2,0,Starfield Stage - 1
106,2025-10-02T20:30:14.963991,8,600.0,672.0,0.0,False,False,False,False,0,0,0,0,0,0,615,378,"[false, false, false]",0,2,0,Starfield Stage - 1
107,2025-10-02T20:30:14.972599,8,600.0,672.0,0.0,False,False,False,False,0,0,0,0,0,0,615,378,"[false, false, false]",0,2,0,Starfield Stage - 1
108,2025-10-02T20:30:14.982492,9,600.0,672.0,0.0,False,False,False,False,0,0,0,0,0,0,615,378,"[false, false, false]",0,2,0,Starfield Stage - 1
109,2025-10-02T20:30:14.989970,9,600.0,672.0,0.0,False,False,False,False,0,0,0,0,0,0,615,378,"[false, false, false]",0,2,0,Starfield Stage - 1
110,2025-10-02T20:30:14.998780,8,600.0,672.0,0.0,False,False,False,False,0,0,0,0,0,0,615,378,"[false, false, false]",0,2,0,Starfield Stage - 1
111,2025-10-02T20:30:15.006976,8,600.0,672.0,0.0,False,False,False,False,0,0,0,0,0,0,615,378,"[false, false, false]",0,2,0,Starfield Stage - 1
112,2025-10-02T20:30:15.014239,8,600.0,672.0,0.0,False,False,False,False,0,0,0,0,0,0,615,378,"[false, false, false]",0,2,0,Starfield Stage - 1
113,2025-10-02T20:30:15.023180,8,600.0,672.0,0.0,False,False,False,False,0,0,0,0,0,0,614,378,"[false, false, false]",0,2,0,Starfield Stage - 1
114,2025-10-02T20:30:15.030915,9,600.0,672.0,0.0,False,False,False,False,0,0,0,0,0,0,614,378,"[false, false, false]",0,2,0,Starfield Stage - 1
115,2025-10-02T20:30:15.040091,8,600.0,672.0,0.0,False,False,False,False,0,0,0,0,0,0,613,377,"[false, false, false]",0,2,0,Starfield Stage - 1
116,2025-10-02T20:30:15.048094,9,600.0,672.0,0.0,False,False,False,False,0,0,0,0,0,0,613,376,"[false, false, false]",0,2,0,Starfield Stage - 1
117,2025-10-02T20:30:15.055966,8,600.0,672.0,0.0,False,False,False,False,0,0,0,0,0,0,612,376,"[false, false, false]",0,2,0,Starfield Stage - 1
118,2025-10-02T20:30:15.064902,8,600.0,672.0,0.0,False,False,False,False,0,0,0,0,0,0,612,375,"[false, false, false]",0,2,0,Starfield Stage - 1
119,2025-10-02T20:30:15.072109,8,600.0,672.0,0.0,False,False,False,False,0,0,0,0,0,0,611,375,"[false, false, false]",0,2,0,Starfield Stage - 1
120,2025-10-02T20:30:15.080608,8,600.0,672.0,0.0,False,False,False,False,0,0,0,0,0,0,610,375,"[false, false, false]",0,2,0,Starfield Stage - 1
121,2025-10-02T20:30:15.089780,9,600.0,672.0,0.0,False,False,False,False,0,0,0,0,0,0,610,374,"[false, false, false]",0,2,0,Starfield Stage - 1
122,2025-10-02T20:30:15.097259,8,600.0,672.0,0.0,False,False,False,False,0,0,0,0,0,0,610,374,"[false, false, false]",0,2,0,Starfield Stage - 1
123,2025-10-02T20:30:15.105392,8,600.0,672.0,0.0,False,False,False,False,0,0,0,0,0,0,609,374,"[false, false, false]",0,2,0,Starfield Stage - 1
124,2025-10-02T20:30:15.114226,8,600.0,672.0,0.0,False,False,False,False,0,0,0,0,0,0,609,373,"[false, false, false]",0,2,0,Starfield Stage - 1
125,2025-10-02T20:30:15.122827,9,600.0,672.0,0.0,False,False,False,False,0,0,0,0,0,0,608,373,"[false, false, false]",0,2,0,Starfield Stage - 1
126,2025-10-02T20:30:15.130744,8,600.0,672.0,0.0,False,False,False,False,0,0,0,0,0,0,608,373,"[false, false, false]",0,2,0,Starfield Stage - 1
127,2025-10-02T20:30:15.138910,9,600.0,672.0,0.0,False,False,False,False,0,0,0,0,0,0,607,373,"[false, false, false]",0,2,0,Starfield Stage - 1
128,2025-10-02T20:30:15.147403,8,600.0,672.0,0.0,False,False,False,False,0,0,0,0,0,0,607,373,"[false, false, false]",0,2,0,Starfield Stage - 1
129,2025-10-02T20:30:15.156219,9,600.0,672.0,0.0,False,False,False,False,0,0,0,0,0,0,607,373,"[false, false, false]",0,2,0,Starfield Stage - 1
130,2025-10-02T20:30:15.165349,9,600.0,672.0,0.0,False,False,False,False,0,0,0,0,0,0,607,373,"[false, false, false]",0,2,0,Starfield Stage - 1
131,2025-10-02T20:30:15.174523,9,600.0,672.0,0.0,False,False,False,False,0,0,0,0,0,0,607,373,"[false, false, false]",0,2,0,Starfield Stage - 1
132,2025-10-02T20:30:15.183254,9,600.0,672.0,0.0,False,False,False,False,0,0,0,0,0,0,607,373,"[false, false, false]",0,2,0,Starfield Stage - 1
133,2025-10-02T20:30:15.192334,9,600.0,672.0,0.0,False,False,False,False,0,0,0,0,0,0,607,373,"[false, false, false]",0,2,0,Starfield Stage - 1
134,2025-10-02T20:30:15.201249,9,600.0,672.0,0.0,False,False,False,False,0,0,0,0,0,0,607,373,"[false, false, false]",0,2,0,Starfield Stage - 1
135,2025-10-02T20:30:15.209389,8,600.0,672.0,0.0,False,False,False,False,0,0,0,0,0,0,607,373,"[false, false, false]",0,2,0,Starfield Stage - 1
136,2025-10-02T20:30:15.217968,9,600.0,672.0,0.0,False,False,False,False,0,0,0,0,0,0,607,373,"[false, false, false]",0,2,0,Starfield Stage - 1
137,2025-10-02T20:30:15.226413,8,600.0,672.0,0.0,False,False,False,False,0,0,0,0,0,0,607,373,"[false, false, false]",0,2,0,Starfield Stage - 1
138,2025-10-02T20:30:15.234979,9,600.0,672.0,0.0,False,False,False,False,0,0,0,0,0,0,607,373,"[false, false, false]",0,2,0,Starfield Stage - 1
139,2025-10-02T20:30:15.243747,8,600.0,672.0,0.0,False,False,False,False,0,0,0,0,0,0,607,373,"[false, false, false]",0,2,0,Starfield Stage - 1
140,2025-10-02T20:30:15.251399,8,600.0,672.0,0.0,False,False,False,False,0,0,0,0,0,0,607,373,"[true, false, false]",0,2,0,Starfield Stage - 1
141,2025-10-02T20:30:15.261152,9,600.0,672.0,0.0,False,False,False,False,0,0,0,0,0,0,607,373,"[true, false, false]",0,2,0,Starfield Stage - 1
142,2025-10-02T20:30:15.269329,9,600.0,672.0,0.0,False,False,False,False,0,0,0,0,0,0,607,373,"[true, false, false]",0,2,0,Starfield Stage - 1
143,2025-10-02T20:30:15.277634,8,600.0,672.0,0.0,False,False,False,False,0,0,0,0,0,0,607,373,"[true, false, false]",0,2,0,Starfield Stage - 1
144,2025-10-02T20:30:15.285797,9,600.0,672.0,0.0,False,False,False,False,0,0,0,0,0,0,607,373,"[true, false, false]",0,2,0,Starfield Stage - 1
145,2025-10-02T20:30:15.294065,8,600.0,672.0,0.0,False,False,False,False,0,0,0,0,0,0,607,373,"[true, false, false]",0,2,0,Starfield Stage - 1
146,2025-10-02T20:30:15.302969,9,600.0,672.0,0.0,False,False,False,False,0,0,0,0,0,0,607,373,"[true, false, false]",0,2,0,Starfield Stage - 1
147,2025-10-02T20:30:15.312496,9,600.0,672.0,0.0,False,False,False,False,0,0,0,0,0,0,607,373,"[true, false, false]",0,2,0,Starfield Stage - 1
148,2025-10-02T20:30:15.322790,8,600.0,672.0,0.0,False,False,False,False,0,0,0,0,0,0,607,373,"[false, false, false]",0,2,0,Starfield Stage - 1
149,2025-10-02T20:30:15.330281,8,600.0,672.0,0.0,False,False,False,False,0,0,0,0,0,0,607,373,"[false, false, false]",0,2,0,Starfield Stage - 1
150,2025-10-02T20:30:15.340459,9,600.0,672.0,0.0,False,False,False,False,0,0,0,0,0,0,607,373,"[false, false, false]",0,2,0,Starfield Stage - 1
151,2025-10-02T20:30:15.348389,9,600.0,672.0,0.0,False,False,False,False,0,0,0,0,0,0,607,373,"[false, false, false]",0,2,0,Starfield Stage - 1
152,2025-10-02T20:30:15.357947,9,600.0,672.0,0.0,False,False,False,False,0,0,0,0,0,0,607,373,"[false, false, false]",0,2,0,Starfield Stage - 1
153,2025-10-02T20:30:15.366089,8,600.0,672.0,0.0,False,False,False,False,0,0,0,0,0,0,607,373,"[false, false, false]",0,2,0,Starfield Stage - 1
154,2025-10-02T20:30:15.374557,9,600.0,672.0,0.0,False,False,False,False,0,0,0,0,0,0,607,373,"[false, false, false]",0,2,0,Starfield Stage - 1
155,2025-10-02T20:30:15.383356,9,600.0,672.0,0.0,False,False,False,False,0,0,0,0,0,0,607,373,"[false, false, false]",0,2,0,Starfield Stage - 1
156,2025-10-02T20:30:15.392660,9,600.0,672.0,0.0,False,False,False,False,0,0,0,0,0,0,607,373,"[false, false, false]",0,2,0,Starfield Stage - 1
157,2025-10-02T20:30:15.401957,9,600.0,672.0,0.0,False,False,False,False,0,0,0,0,0,0,607,373,"[false, false, false]",0,2,0,Starfield Stage - 1
158,2025-10-02T20:30:15.409652,8,600.0,672.0,0.0,False,False,False,False,0,0,0,0,0,0,607,373,"[false, false, false]",0,2,0,Starfield Stage - 1
159,2025-10-02T20:30:15.418796,9,600.0,672.0,0.0,False,False,False,False,0,0,0,0,0,0,607,373,"[false, false, false]",0,2,0,Starfield Stage - 1
160,2025-10-02T20:30:15.425890,8,600.0,672.0,0.0,False,False,False,False,0,0,0,0,0,0,607,373,"[false, false, false]",0,2,0,Starfield Stage - 1
161,2025-10-02T20:30:15.434843,8,600.0,672.0,0.0,False,False,False,False,0,0,0,0,0,0,607,373,"[false, false, false]",0,2,0,Starfield Stage - 1
162,2025-10-02T20:30:15.442952,8,600.0,672.0,0.0,False,False,False,False,0,0,0,0,0,0,607,373,"[false, false, false]",0,2,0,Starfield Stage - 1
163,2025-10-02T20:30:15.450883,8,600.0,672.0,0.0,False,False,False,False,0,0,0,0,0,0,607,373,"[false, false, false]",0,2,0,Starfield Stage - 1
164,2025-10-02T20:30:15.458046,8,600.0,672.0,0.0,False,False,False,False,0,0,0,0,0,0,607,373,"[false, false, false]",0,2,0,Starfield Stage - 1
165,2025-10-02T20:30:15.467234,8,600.0,672.0,0.0,False,False,False,False,0,0,0,0,0,0,607,373,"[false, false, false]",0,2,0,Starfield Stage - 1
166,2025-10-02T20:30:15.475187,9,600.0,672.0,0.0,False,False,False,False,0,0,0,0,0,0,607,373,"[false, false, false]",0,2,0,Starfield Stage - 1
167,2025-10-02T20:30:15.484601,9,600.0,672.0,0.0,False,False,False,False,0,0,0,0,0,0,607,373,"[false, false, false]",0,2,0,Starfield Stage - 1
168,2025-10-02T20:30:15.492991,9,600.0,672.0,0.0,False,False,False,False,0,0,0,0,0,0,607,373,"[false, false, false]",0,2,0,Starfield Stage - 1
169,2025-10-02T20:30:15.501657,8,600.0,672.0,0.0,False,False,False,False,0,0,0,0,0,0,607,373,"[false, false, false]",0,2,0,Starfield Stage - 1
170,2025-10-02T20:30:15.511066,9,600.0,672.0,0.0,False,False,False,False,0,0,0,0,0,0,607,373,"[false, false, false]",0,2,0,Starfield Stage - 1
171,2025-10-02T20:30:15.518500,8,600.0,672.0,0.0,False,False,False,False,0,0,0,0,0,0,607,373,"[false, false, false]",0,2,0,Starfield Stage - 1
172,2025-10-02T20:30:15.527723,9,600.0,672.0,0.0,False,False,False,False,0,0,0,0,0,0,607,373,"[false, false, false]",0,2,0,Starfield Stage - 1
173,2025-10-02T20:30:15.536454,8,600.0,672.0,0.0,False,False,False,False,0,0,0,0,0,0,607,373,"[false, false, false]",0,2,0,Starfield Stage - 1
174,2025-10-02T20:30:15.545122,9,600.0,672.0,0.0,False,False,False,False,0,0,0,0,0,0,607,373,"[false, false, false]",0,2,0,Starfield Stage - 1
175,2025-10-02T20:30:15.553403,9,600.0,672.0,0.0,False,False,False,False,0,0,0,0,0,0,607,373,"[false, false, false]",0,2,0,Starfield Stage - 1
176,2025-10-02T20:30:15.561830,9,600.0,672.0,0.0,False,False,False,False,0,0,0,0,0,0,607,373,"[false, false, false]",0,2,0,Starfield Stage - 1
177,2025-10-02T20:30:15.571307,9,600.0,672.0,0.0,False,False,False,False,0,0,0,0,0,0,607,373,"[false, false, false]",0,2,0,Starfield Stage - 1
178,2025-10-02T20:30:15.579995,9,600.0,672.0,0.0,False,False,False,False,0,0,0,0,0,0,607,373,"[false, false, false]",0,2,0,Starfield Stage - 1
179,2025-10-02T20:30:15.588072,8,600.0,672.0,0.0,False,False,False,False,0,0,0,0,0,0,607,373,"[false, false, false]",0,2,0,Starfield Stage - 1
180,2025-10-02T20:30:15.595758,8,600.0,672.0,0.0,False,False,False,False,0,0,0,0,0,0,607,373,"[false, false, false]",0,2,0,Starfield Stage - 1
181,2025-10-02T20:30:15.604482,8,600.0,672.0,0.0,False,False,False,False,0,0,0,0,0,0,607,373,"[false, false, false]",0,2,0,Starfield Stage - 1
182,2025-10-02T20:30:15.613046,9,600.0,672.0,0.0,False,False,False,False,0,0,0,0,0,0,607,373,"[false, false, false]",0,2,0,Starfield Stage - 1
183,2025-10-02T20:30:15.621191,8,600.0,672.0,0.0,False,False,False,False,0,0,0,0,0,0,607,373,"[false, false, false]",0,2,0,Starfield Stage - 1
184,2025-10-02T20:30:15.629788,8,600.0,672.0,0.0,False,False,False,False,0,0,0,0,0,0,607,373,"[false, false, false]",0,2,0,Starfield Stage - 1
185,2025-10-02T20:30:15.638396,8,600.0,672.0,0.0,False,False,False,False,0,0,0,0,0,0,607,373,"[false, false, false]",0,2,0,Starfield Stage - 1
186,2025-10-02T20:30:15.646492,9,600.0,672.0,0.0,False,False,False,False,0,0,0,0,0,0,607,373,"[false, false, false]",0,2,0,Starfield Stage - 1
187,2025-10-02T20:30:15.655587,9,600.0,672.0,0.0,False,False,False,False,0,0,0,0,0,0,607,373,"[false, false, false]",0,2,0,Starfield Stage - 1
188,2025-10-02T20:30:15.664135,9,600.0,672.0,0.0,False,False,False,False,0,0,0,0,0,0,607,373,"[false, false, false]",0,2,0,Starfield Stage - 1
189,2025-10-02T20:30:15.673485,8,600.0,672.0,0.0,False,False,False,False,0,0,0,0,0,0,607,373,"[false, false, false]",0,2,0,Starfield Stage - 1
190,2025-10-02T20:30:15.680844,9,600.0,672.0,0.0,False,False,False,False,0,0,0,0,0,0,607,373,"[false, false, false]",0,2,0,Starfield Stage - 1
191,2025-10-02T20:30:15.689760,8,600.0,672.0,0.0,False,False,False,False,0,0,0,0,0,0,607,373,"[false, false, false]",0,2,0,Starfield Stage - 1
192,2025-10-02T20:30:15.698127,8,600.0,672.0,0.0,False,False,False,False,0,0,0,0,0,0,607,373,"[false, false, false]",0,2,0,Starfield Stage - 1
193,2025-10-02T20:30:15.707278,9,600.0,672.0,0.0,False,False,False,False,0,0,0,0,0,0,607,373,"[false, false, false]",0,2,0,Starfield Stage - 1
194,2025-10-02T20:30:15.715789,9,600.0,672.0,0.0,False,False,False,False,0,0,0,0,0,0,607,373,"[false, false, false]",0,2,0,Starfield Stage - 1
195,2025-10-02T20:30:15.725201,9,600.0,672.0,0.0,False,False,False,False,0,0,0,0,0,0,607,373,"[false, false, false]",0,2,0,Starfield Stage - 1
196,2025-10-02T20:30:15.732539,8,600.0,672.0,0.0,False,False,False,False,0,0,0,0,0,0,607,373,"[false, false, false]",0,2,0,Starfield Stage - 1
197,2025-10-02T20:30:15.741651,9,600.0,672.0,0.0,False,False,False,False,0,0,0,0,0,0,607,373,"[false, false, false]",0,2,0,Starfield Stage - 1
198,2025-10-02T20:30:15.752236,9,600.0,672.0,0.0,False,False,False,False,0,0,0,0,0,0,607,373,"[false, false, false]",0,2,0,Starfield Stage - 1
199,2025-10-02T20:30:15.759183,8,600.0,672.0,0.0,False,False,False,False,0,0,0,0,0,0,607,373,"[false, false, false]",0,2,0,Starfield Stage - 1
200,2025-10-02T20:30:15.766557,8,600.0,672.0,0.0,False,False,False,False,0,0,0,0,0,0,607,373,"[false, false, false]",0,2,0,Starfield Stage - 1
201,2025-10-02T20:30:15.776547,9,600.0,672.0,0.0,False,False,False,False,0,0,0,0,0,0,607,373,"[false, false, false]",0,2,0,Starfield Stage - 1
202,2025-10-02T20:30:15.783913,9,600.0,672.0,0.0,False,False,False,False,0,0,0,0,0,0,607,373,"[false, false, false]",0,2,0,Starfield Stage - 1
203,2025-10-02T20:30:15.792771,8,600.0,672.0,0.0,False,False,False,False,0,0,0,0,0,0,607,373,"[false, false, false]",0,2,0,Starfield Stage - 1
204,2025-10-02T20:30:15.800901,9,600.0,672.0,0.0,False,False,False,False,0,0,0,0,0,0,607,373,"[false, false, false]",0,2,0,Starfield Stage - 1
205,2025-10-02T20:30:15.808941,8,600.0,672.0,0.0,False,False,False,False,0,0,0,0,0,0,607,373,"[false, false, false]",0,2,0,Starfield Stage - 1
206,2025-10-02T20:30:15.817271,8,600.0,672.0,0.0,False,False,False,False,0,0,0,0,0,0,607,373,"[false, false, false]",0,2,0,Starfield Stage - 1
207,2025-10-02T20:30:15.826746,9,600.0,672.0,0.0,False,False,False,False,0,0,0,0,0,0,607,373,"[false, false, false]",0,2,0,Starfield Stage - 1
208,2025-10-02T20:30:15.834042,8,600.0,672.0,0.0,False,False,False,False,0,0,0,0,0,0,607,373,"[false, false, false]",0,2,0,Starfield Stage - 1
209,2025-10-02T20:30:15.842969,8,600.0,672.0,0.0,False,False,False,False,0,0,0,0,0,0,607,373,"[false, false, false]",0,2,0,Starfield Stage - 1
210,2025-10-02T20:30:15.850390,8,600.0,672.0,0.0,False,False,False,False,0,0,0,0,0,0,607,373,"[false, false, false]",0,2,0,Starfield Stage - 1
211,2025-10-02T20:30:15.859348,9,600.0,672.0,0.0,False,False,False,False,0,0,0,0,0,0,607,373,"[false, false, false]",0,2,0,Starfield Stage - 1
212,2025-10-02T20:30:15.868613,9,600.0,672.0,0.0,False,False,False,False,0,0,0,0,0,0,607,373,"[false, false, false]",0,2,0,Starfield Stage - 1
213,2025-10-02T20:30:15.877649,9,600.0,672.0,0.0,False,False,False,False,0,0,0,0,0,0,607,373,"[false, false, false]",0,2,0,Starfield Stage - 1
214,2025-10-02T20:30:15.886612,9,600.0,672.0,0.0,False,False,False,False,0,0,0,0,0,0,607,373,"[false, false, false]",0,2,0,Starfield Stage - 1
215,2025-10-02T20:30:15.896372,9,600.0,672.0,0.0,False,False,False,False,0,0,0,0,0,0,607,373,"[false, false, false]",0,2,0,Starfield Stage - 1
216,2025-10-02T20:30:15.905016,9,600.0,672.0,0.0,False,False,False,False,0,0,0,0,0,0,607,373,"[false, false, false]",0,2,0,Starfield Stage - 1
217,2025-10-02T20:30:15.913358,8,600.0,672.0,0.0,False,False,False,False,0,0,0,0,0,0,607,373,"[false, false, false]",0,2,0,Starfield Stage - 1
218,2025-10-02T20:30:15.920976,8,600.0,672.0,0.0,False,False,False,False,0,0,0,0,0,0,607,373,"[false, false, false]",0,2,0,Starfield Stage - 1
219,2025-10-02T20:30:15.928777,8,600.0,672.0,0.0,False,False,False,False,0,0,0,0,0,0,607,373,"[false, false, false]",0,2,0,Starfield Stage - 1
220,2025-10-02T20:30:15.936546,8,600.0,672.0,0.0,False,False,False,False,0,0,0,0,0,0,607,373,"[false, false, false]",0,2,0,Starfield Stage - 1
221,2025-10-02T20:30:15.945738,9,600.0,672.0,0.0,False,False,False,False,0,0,0,0,0,0,607,373,"[false, false, false]",0,2,0,Starfield Stage - 1
222,2025-10-02T20:30:15.953863,9,600.0,672.0,0.0,False,False,False,False,0,0,0,0,0,0,607,373,"[false, false, false]",0,2,0,Starfield Stage - 1
223,2025-10-02T20:30:15.962340,8,600.0,672.0,0.0,False,False,False,False,0,0,0,0,0,0,607,373,"[false, false, false]",0,2,0,Starfield Stage - 1
224,2025-10-02T20:30:15.971538,9,600.0,672.0,0.0,False,False,False,False,0,0,0,0,0,0,607,373,"[false, false, false]",0,2,0,Starfield Stage - 1
225,2025-10-02T20:30:15.980324,9,600.0,672.0,0.0,False,False,False,False,0,0,0,0,0,0,607,373,"[false, false, false]",0,2,0,Starfield Stage - 1
226,2025-10-02T20:30:15.989506,9,600.0,672.0,0.0,False,False,False,False,0,0,0,0,0,0,607,373,"[false, false, false]",0,2,0,Starfield Stage - 1
227,2025-10-02T20:30:15.998905,9,600.0,672.0,0.0,False,False,False,False,0,0,0,0,0,0,607,373,"[false, false, false]",0,2,0,Starfield Stage - 1
228,2025-10-02T20:30:16.006581,8,600.0,672.0,0.0,False,False,False,False,0,0,0,0,0,0,607,373,"[false, false, false]",0,2,0,Starfield Stage - 1
229,2025-10-02T20:30:16.016124,9,600.0,672.0,0.0,False,False,False,False,0,0,0,0,0,0,607,373,"[false, false, false]",0,2,0,Starfield Stage - 1
230,2025-10-02T20:30:16.023488,8,600.0,672.0,0.0,False,False,False,False,0,0,0,0,0,0,607,373,"[false, false, false]",0,2,0,Starfield Stage - 1
231,2025-10-02T20:30:16.032849,9,600.0,672.0,0.0,False,False,False,False,0,0,0,0,0,0,607,373,"[false, false, false]",0,2,0,Starfield Stage - 1
232,2025-10-02T20:30:16.040103,8,600.0,672.0,0.0,False,False,False,False,0,0,0,0,0,0,607,373,"[false, false, false]",0,2,0,Starfield Stage - 1
233,2025-10-02T20:30:16.048937,8,600.0,672.0,0.0,False,False,False,False,0,0,0,0,0,0,607,373,"[false, false, false]",0,2,0,Starfield Stage - 1
234,2025-10-02T20:30:16.056167,8,600.0,672.0,0.0,False,False,False,False,0,0,0,0,0,0,607,373,"[false, false, false]",0,2,0,Starfield Stage - 1
235,2025-10-02T20:30:16.065376,9,600.0,672.0,0.0,False,False,False,False,0,0,0,0,0,0,607,373,"[false, false, false]",0,2,0,Starfield Stage - 1
236,2025-10-02T20:30:16.074025,9,600.0,672.0,0.0,False,False,False,False,0,0,0,0,0,0,607,373,"[false, false, false]",0,2,0,Starfield Stage - 1
237,2025-10-02T20:30:16.082667,8,600.0,672.0,0.0,False,False,False,False,0,0,0,0,0,0,607,373,"[false, false, false]",0,2,0,Starfield Stage - 1
238,2025-10-02T20:30:16.091460,9,600.0,672.0,0.0,False,False,False,False,0,0,0,0,0,0,607,373,"[false, false, false]",0,2,0,Starfield Stage - 1
239,2025-10-02T20:30:16.099370,8,600.0,672.0,0.0,False,False,False,False,0,0,0,0,0,0,607,373,"[false, false, false]",0,2,0,Starfield Stage - 1
240,2025-10-02T20:30:16.108786,9,600.0,672.0,0.0,False,False,False,False,0,0,0,0,0,0,607,373,"[false, false, false]",0,2,0,Starfield Stage - 1
241,2025-10-02T20:30:16.116388,8,600.0,672.0,0.0,False,False,False,False,0,0,0,0,0,0,607,373,"[false, false, false]",0,2,0,Starfield Stage - 1
242,2025-10-02T20:30:16.125864,9,600.0,672.0,0.0,False,False,False,False,0,0,0,0,0,0,607,373,"[false, false, false]",0,2,0,Starfield Stage - 1
243,2025-10-02T20:30:16.133863,8,600.0,672.0,0.0,False,False,False,False,0,0,0,0,0,0,607,373,"[false, false, false]",0,2,0,Starfield Stage - 1
244,2025-10-02T20:30:16.141188,8,600.0,672.0,0.0,False,False,False,False,0,0,0,0,0,0,607,373,"[false, false, false]",0,2,0,Starfield Stage - 1
245,2025-10-02T20:30:16.151672,9,600.0,672.0,0.0,False,False,False,False,0,0,0,0,0,0,607,373,"[false, false, false]",0,2,0,Starfield Stage - 1
246,2025-10-02T20:30:16.159238,9,600.0,672.0,0.0,False,False,False,False,0,0,0,0,0,0,607,373,"[false, false, false]",0,2,0,Starfield Stage - 1
247,2025-10-02T20:30:16.168369,9,600.0,672.0,0.0,False,False,False,False,0,0,0,0,0,0,607,373,"[false, false, false]",0,2,0,Starfield Stage - 1
248,2025-10-02T20:30:16.176556,8,600.0,672.0,0.0,False,False,False,False,0,0,0,0,0,0,607,373,"[false, false, false]",0,2,0,Starfield Stage - 1
249,2025-10-02T20:30:16.185661,9,600.0,672.0,0.0,False,False,False,False,0,0,0,0,0,0,607,373,"[false, false, false]",0,2,0,Starfield Stage - 1
250,2025-10-02T20:30:16.194283,9,600.0,672.0,0.0,False,False,False,False,0,0,0,0,0,0,607,373,"[false, false, false]",0,2,0,Starfield Stage - 1
251,2025-10-02T20:30:16.202476,8,600.0,672.0,0.0,False,False,False,False,0,0,0,0,0,0,607,373,"[false, false, false]",0,2,0,Starfield Stage - 1
252,2025-10-02T20:30:16.212723,9,600.0,672.0,0.0,False,False,False,False,0,0,0,0,0,0,607,373,"[false, false, false]",0,2,0,Starfield Stage - 1
253,2025-10-02T20:30:16.218968,8,600.0,672.0,0.0,False,False,False,False,0,0,0,0,0,0,607,373,"[false, false, false]",0,2,0,Starfield Stage - 1
254,2025-10-02T20:30:16.226738,8,600.0,672.0,0.0,False,False,False,False,0,0,0,0,0,0,607,373,"[false, false, false]",0,2,0,Starfield Stage - 1
255,2025-10-02T20:30:16.236876,8,600.0,672.0,0.0,False,False,False,False,0,0,0,0,0,0,607,373,"[false, false, false]",0,2,0,Starfield Stage - 1
256,2025-10-02T20:30:16.243558,8,600.0,672.0,0.0,False,False,False,False,0,0,0,0,0,0,607,373,"[false, false, false]",0,2,0,Starfield Stage - 1
257,2025-10-02T20:30:16.252462,9,600.0,672.0,0.0,False,False,False,False,0,0,0,0,0,0,607,373,"[false, false, false]",0,2,0,Starfield Stage - 1
258,2025-10-02T20:30:16.261648,9,600.0,672.0,0.0,False,False,False,False,0,0,0,0,0,0,607,373,"[false, false, false]",0,2,0,Starfield Stage - 1
259,2025-10-02T20:30:16.270920,9,600.0,672.0,0.0,False,False,False,False,0,0,0,0,0,0,607,373,"[false, false, false]",0,2,0,Starfield Stage - 1
260,2025-10-02T20:30:16.279159,8,600.0,672.0,0.0,False,False,False,False,0,0,0,0,0,0,607,373,"[false, false, false]",0,2,0,Starfield Stage - 1
261,2025-10-02T20:30:16.286639,8,600.0,672.0,0.0,False,False,False,False,0,0,0,0,0,0,607,373,"[false, false, false]",0,2,0,Starfield Stage - 1
262,2025-10-02T20:30:16.296142,9,600.0,672.0,0.0,False,False,False,False,0,0,0,0,0,0,607,373,"[false, false, false]",0,2,0,Starfield Stage - 1
263,2025-10-02T20:30:16.304497,9,600.0,672.0,0.0,False,False,False,False,0,0,0,0,0,0,607,373,"[false, false, false]",0,2,0,Starfield Stage - 1
264,2025-10-02T20:30:16.313081,8,600.0,672.0,0.0,False,False,False,False,0,0,0,0,0,0,607,373,"[false, false, false]",0,2,0,Starfield Stage - 1
265,2025-10-02T20:30:16.321469,9,600.0,672.0,0.0,False,False,False,False,0,0,0,0,0,0,607,373,"[false, false, false]",0,2,0,Starfield Stage - 1
266,2025-10-02T20:30:16.331265,9,600.0,672.0,0.0,False,False,False,False,0,0,0,0,0,0,607,373,"[false, false, false]",0,2,0,Starfield Stage - 1
267,2025-10-02T20:30:16.339402,9,600.0,672.0,0.0,False,False,False,False,0,0,0,0,0,0,607,373,"[false, false, false]",0,2,0,Starfield Stage - 1
268,2025-10-02T20:30:16.349409,9,600.0,672.0,0.0,False,False,False,False,0,0,0,0,0,0,607,373,"[false, false, false]",0,2,0,Starfield Stage - 1
269,2025-10-02T20:30:16.357296,9,600.0,672.0,0.0,False,False,False,False,0,0,0,0,0,0,607,373,"[false, false, false]",0,2,0,Starfield Stage - 1
270,2025-10-02T20:30:16.367242,9,600.0,672.0,0.0,False,False,False,False,0,0,0,0,0,0,607,373,"[false, false, false]",0,2,0,Starfield Stage - 1
271,2025-10-02T20:30:16.374488,8,600.0,672.0,0.0,False,False,False,False,0,0,0,0,0,0,607,373,"[false, false, false]",0,2,0,Starfield Stage - 1
272,2025-10-02T20:30:16.383028,9,600.0,672.0,0.0,False,False,False,False,0,0,0,0,0,0,607,373,"[false, false, false]",0,2,0,Starfield Stage - 1
273,2025-10-02T20:30:16.391484,8,600.0,672.0,0.0,False,False,False,False,0,0,0,0,0,0,607,373,"[false, false, false]",0,2,0,Starfield Stage - 1
274,2025-10-02T20:30:16.400877,9,600.0,672.0,0.0,False,False,False,False,0,0,0,0,0,0,607,373,"[false, false, false]",0,2,0,Starfield Stage - 1
275,2025-10-02T20:30:16.407940,8,600.0,672.0,0.0,False,False,False,False,0,0,0,0,0,0,607,373,"[false, false, false]",0,2,0,Starfield Stage - 1
276,2025-10-02T20:30:16.416847,8,600.0,672.0,0.0,False,False,False,False,0,0,0,0,0,0,607,373,"[false, false, false]",0,2,0,Starfield Stage - 1
277,2025-10-02T20:30:16.424847,8,600.0,672.0,0.0,False,False,False,False,0,0,0,0,0,0,607,373,"[false, false, false]",0,2,0,Starfield Stage - 1
278,2025-10-02T20:30:16.432365,8,600.0,672.0,0.0,False,False,False,False,0,0,0,0,0,0,607,373,"[false, false, false]",0,2,0,Starfield Stage - 1
279,2025-10-02T20:30:16.441852,8,600.0,672.0,0.0,False,False,False,False,0,0,0,0,0,0,607,373,"[false, false, false]",0,2,0,Starfield Stage - 1
280,2025-10-02T20:30:16.449223,8,600.0,672.0,0.0,False,False,False,False,0,0,0,0,0,0,607,373,"[false, false, false]",0,2,0,Starfield Stage - 1
281,2025-10-02T20:30:16.458129,9,600.0,672.0,0.0,False,False,False,False,0,0,0,0,0,0,607,373,"[false, false, false]",0,2,0,Starfield Stage - 1
282,2025-10-02T20:30:16.466242,9,600.0,672.0,0.0,False,False,False,False,0,0,0,0,0,0,607,373,"[false, false, false]",0,2,0,Starfield Stage - 1
283,2025-10-02T20:30:16.475295,9,600.0,672.0,0.0,False,False,False,False,0,0,0,0,0,0,607,373,"[false, false, false]",0,2,0,Starfield Stage - 1
284,2025-10-02T20:30:16.484520,9,600.0,672.0,0.0,False,False,False,False,0,0,0,0,0,0,607,373,"[false, false, false]",0,2,0,Starfield Stage - 1
285,2025-10-02T20:30:16.492816,9,600.0,672.0,0.0,False,False,False,False,0,0,0,0,0,0,607,373,"[false, false, false]",0,2,0,Starfield Stage - 1
286,2025-10-02T20:30:16.501232,8,600.0,672.0,0.0,False,False,False,False,0,0,0,0,0,0,607,373,"[false, false, false]",0,2,0,Starfield Stage - 1
287,2025-10-02T20:30:16.509260,8,600.0,672.0,0.0,False,False,False,False,0,0,0,0,0,0,607,373,"[false, false, false]",0,2,0,Starfield Stage - 1
288,2025-10-02T20:30:16.516943,8,600.0,672.0,0.0,False,False,False,False,0,0,0,0,0,0,607,373,"[false, false, false]",0,2,0,Starfield Stage - 1
289,2025-10-02T20:30:16.526060,8,600.0,672.0,0.0,False,False,False,False,0,0,0,0,0,0,607,373,"[false, false, false]",0,2,0,Starfield Stage - 1
290,2025-10-02T20:30:16.533973,8,600.0,672.0,0.0,False,False,False,False,0,0,0,0,0,0,607,373,"[false, false, false]",0,2,0,Starfield Stage - 1
291,2025-10-02T20:30:16.542455,9,600.0,672.0,0.0,False,False,False,False,0,0,0,0,0,0,607,373,"[false, false, false]",0,2,0,Starfield Stage - 1
292,2025-10-02T20:30:16.552035,9,600.0,672.0,0.0,False,False,False,False,0,0,0,0,0,0,607,372,"[false, false, false]",0,2,0,Starfield Stage - 1
293,2025-10-02T20:30:16.561352,9,600.0,672.0,0.0,False,False,False,False,0,0,0,0,0,0,608,372,"[false, false, false]",0,2,0,Starfield Stage - 1
294,2025-10-02T20:30:16.569640,9,600.0,672.0,0.0,False,False,False,False,0,0,0,0,0,0,610,372,"[false, false, false]",0,2,0,Starfield Stage - 1
295,2025-10-02T20:30:16.578550,9,600.0,672.0,0.0,False,False,False,False,0,0,0,0,0,0,623,373,"[false, false, false]",0,2,0,Starfield Stage - 1
296,2025-10-02T20:30:16.587124,9,600.0,672.0,0.0,False,False,False,False,0,0,0,0,0,0,632,374,"[false, false, false]",0,2,0,Starfield Stage - 1
297,2025-10-02T20:30:16.595722,8,600.0,672.0,0.0,False,False,False,False,0,0,0,0,0,0,641,375,"[false, false, false]",0,2,0,Starfield Stage - 1
298,2025-10-02T20:30:16.604279,9,600.0,672.0,0.0,False,False,False,False,0,0,0,0,0,0,651,376,"[false, false, false]",0,2,0,Starfield Stage - 1
299,2025-10-02T20:30:16.612956,9,600.0,672.0,0.0,False,False,False,False,0,0,0,0,0,0,660,377,"[false, false, false]",0,2,0,Starfield Stage - 1
300,2025-10-02T20:30:16.621151,8,600.0,672.0,0.0,False,False,False,False,0,0,0,0,0,0,669,379,"[false, false, false]",0,2,0,Starfield Stage - 1
301,2025-10-02T20:30:16.630352,8,600.0,672.0,0.0,False,False,False,False,0,0,0,0,0,0,679,382,"[false, false, false]",0,2,0,Starfield Stage - 1
302,2025-10-02T20:30:16.638166,9,600.0,672.0,0.0,False,False,False,False,0,0,0,0,0,0,690,384,"[false, false, false]",0,2,0,Starfield Stage - 1
303,2025-10-02T20:30:16.647038,8,600.0,672.0,0.0,False,False,False,False,0,0,0,0,0,0,700,387,"[false, false, false]",0,2,0,Starfield Stage - 1
304,2025-10-02T20:30:16.655008,8,600.0,672.0,0.0,False,False,False,False,0,0,0,0,0,0,709,390,"[false, false, false]",0,2,0,Starfield Stage - 1
305,2025-10-02T20:30:16.662042,8,600.0,672.0,0.0,False,False,False,False,0,0,0,0,0,0,718,393,"[false, false, false]",0,2,0,Starfield Stage - 1
306,2025-10-02T20:30:16.671049,8,600.0,672.0,0.0,False,False,False,False,0,0,0,0,0,0,727,395,"[false, false, false]",0,2,0,Starfield Stage - 1
307,2025-10-02T20:30:16.678662,8,600.0,672.0,0.0,False,False,False,False,0,0,0,0,0,0,735,397,"[false, false, false]",0,2,0,Starfield Stage - 1
308,2025-10-02T20:30:16.686702,9,600.0,672.0,0.0,False,False,False,False,0,0,0,0,0,0,741,399,"[false, false, false]",0,2,0,Starfield Stage - 1
309,2025-10-02T20:30:16.696912,8,600.0,672.0,0.0,False,False,False,False,0,0,0,0,0,0,748,401,"[false, false, false]",0,2,0,Starfield Stage - 1
310,2025-10-02T20:30:16.703094,8,600.0,672.0,0.0,False,False,False,False,0,0,0,0,0,0,754,404,"[false, false, false]",0,2,0,Starfield Stage - 1
311,2025-10-02T20:30:16.713168,9,600.0,672.0,0.0,False,False,False,False,0,0,0,0,0,0,760,407,"[false, false, false]",0,2,0,Starfield Stage - 1
312,2025-10-02T20:30:16.721790,9,600.0,672.0,0.0,False,False,False,False,0,0,0,0,0,0,766,411,"[false, false, false]",0,2,0,Starfield Stage - 1
313,2025-10-02T20:30:16.728959,8,600.0,672.0,0.0,False,False,False,False,0,0,0,0,0,0,778,416,"[false, false, false]",0,2,0,Starfield Stage - 1
314,2025-10-02T20:30:16.737660,8,600.0,672.0,0.0,False,False,False,False,0,0,0,0,0,0,783,419,"[false, false, false]",0,2,0,Starfield Stage - 1
315,2025-10-02T20:30:16.746271,9,600.0,672.0,0.0,False,False,False,False,0,0,0,0,0,0,787,421,"[false, false, false]",0,2,0,Starfield Stage - 1
316,2025-10-02T20:30:16.756240,9,600.0,672.0,0.0,False,False,False,False,0,0,0,0,0,0,792,424,"[false, false, false]",0,2,0,Starfield Stage - 1
317,2025-10-02T20:30:16.764724,9,600.0,672.0,0.0,False,False,False,False,0,0,0,0,0,0,796,426,"[false, false, false]",0,2,0,Starfield Stage - 1
318,2025-10-02T20:30:16.773285,8,600.0,672.0,0.0,False,False,False,False,0,0,0,0,0,0,799,428,"[false, false, false]",0,2,0,Starfield Stage - 1
319,2025-10-02T20:30:16.781794,9,600.0,672.0,0.0,False,False,False,False,0,0,0,0,0,0,802,430,"[false, false, false]",0,2,0,Starfield Stage - 1
320,2025-10-02T20:30:16.789574,8,600.0,672.0,0.0,False,False,False,False,0,0,0,0,0,0,804,432,"[false, false, false]",0,2,0,Starfield Stage - 1
321,2025-10-02T20:30:16.799521,9,600.0,672.0,0.0,False,False,False,False,0,0,0,0,0,0,807,433,"[false, false, false]",0,2,0,Starfield Stage - 1
322,2025-10-02T20:30:16.807707,9,600.0,672.0,0.0,False,False,False,False,0,0,0,0,0,0,809,435,"[false, false, false]",0,2,0,Starfield Stage - 1
323,2025-10-02T20:30:16.816632,8,600.0,672.0,0.0,False,False,False,False,0,0,0,0,0,0,810,436,"[false, false, false]",0,2,0,Starfield Stage - 1
324,2025-10-02T20:30:16.824679,9,600.0,672.0,0.0,False,False,False,False,0,0,0,0,0,0,811,437,"[false, false, false]",0,2,0,Starfield Stage - 1
325,2025-10-02T20:30:16.833532,9,600.0,672.0,0.0,False,False,False,False,0,0,0,0,0,0,813,438,"[false, false, false]",0,2,0,Starfield Stage - 1
326,2025-10-02T20:30:16.842626,9,600.0,672.0,0.0,False,False,False,False,0,0,0,0,0,0,813,438,"[false, false, false]",0,2,0,Starfield Stage - 1
327,2025-10-02T20:30:16.850940,9,600.0,672.0,0.0,False,False,False,False,0,0,0,0,0,0,814,438,"[false, false, false]",0,2,0,Starfield Stage - 1
328,2025-10-02T20:30:16.859851,8,600.0,672.0,0.0,False,False,False,False,0,0,0,0,0,0,814,439,"[false, false, false]",0,2,0,Starfield Stage - 1
329,2025-10-02T20:30:16.866464,8,600.0,672.0,0.0,False,False,False,False,0,0,0,0,0,0,814,439,"[false, false, false]",0,2,0,Starfield Stage - 1
330,2025-10-02T20:30:16.876424,9,600.0,672.0,0.0,False,False,False,False,0,0,0,0,0,0,814,439,"[false, false, false]",0,2,0,Starfield Stage - 1
331,2025-10-02T20:30:16.884772,9,600.0,672.0,0.0,False,False,False,False,0,0,0,0,0,0,814,439,"[false, false, false]",0,2,0,Starfield Stage - 1
332,2025-10-02T20:30:16.894606,9,600.0,672.0,0.0,False,False,False,False,0,0,0,0,0,0,814,439,"[false, false, false]",0,2,0,Starfield Stage - 1
333,2025-10-02T20:30:16.903891,8,600.0,672.0,0.0,False,False,False,False,0,0,0,0,0,0,814,439,"[false, false, false]",0,2,0,Starfield Stage - 1
334,2025-10-02T20:30:16.909921,8,600.0,672.0,0.0,False,False,False,False,0,0,0,0,0,0,814,439,"[false, false, false]",0,2,0,Starfield Stage - 1
335,2025-10-02T20:30:16.917903,8,600.0,672.0,0.0,False,False,False,False,0,0,0,0,0,0,814,439,"[false, false, false]",0,2,0,Starfield Stage - 1
336,2025-10-02T20:30:16.928082,8,600.0,672.0,0.0,False,False,False,False,0,0,0,0,0,0,814,439,"[false, false, false]",0,2,0,Starfield Stage - 1
337,2025-10-02T20:30:16.934171,8,600.0,672.0,0.0,False,False,False,False,0,0,0,0,0,0,814,439,"[false, false, false]",0,2,0,Starfield Stage - 1
338,2025-10-02T20:30:16.942933,8,600.0,672.0,0.0,False,False,False,False,0,0,0,0,0,0,814,439,"[false, false, false]",0,2,0,Starfield Stage - 1
339,2025-10-02T20:30:16.952053,8,600.0,672.0,0.0,False,False,False,False,0,0,0,0,0,0,814,439,"[false, false, false]",0,2,0,Starfield Stage - 1
340,2025-10-02T20:30:16.958225,8,600.0,672.0,0.0,False,False,False,False,0,0,0,0,0,0,814,439,"[false, false, false]",0,2,0,Starfield Stage - 1
341,2025-10-02T20:30:16.966627,8,600.0,672.0,0.0,False,False,False,False,0,0,0,0,0,0,814,439,"[false, false, false]",0,2,0,Starfield Stage - 1
342,2025-10-02T20:30:16.976053,8,600.0,672.0,0.0,False,False,False,False,0,0,0,0,0,0,814,439,"[false, false, false]",0,2,0,Starfield Stage - 1
343,2025-10-02T20:30:16.982131,8,600.0,672.0,0.0,False,False,False,False,0,0,0,0,0,0,814,439,"[false, false, false]",0,2,0,Starfield Stage - 1
344,2025-10-02T20:30:16.991539,9,600.0,672.0,0.0,False,False,False,False,0,0,0,0,0,0,814,439,"[false, false, false]",0,2,0,Starfield Stage - 1
345,2025-10-02T20:30:17.000620,9,600.0,672.0,0.0,False,False,False,False,0,0,0,0,0,0,814,439,"[false, false, false]",0,2,0,Starfield Stage - 1
346,2025-10-02T20:30:17.009521,9,600.0,672.0,0.0,False,False,False,False,0,0,0,0,0,0,814,439,"[false, false, false]",0,2,0,Starfield Stage - 1
347,2025-10-02T20:30:17.018087,9,600.0,672.0,0.0,False,False,False,False,0,0,0,0,0,0,814,439,"[false, false, false]",0,2,0,Starfield Stage - 1
348,2025-10-02T20:30:17.025633,8,600.0,672.0,0.0,False,False,False,False,0,0,0,0,0,0,814,439,"[false, false, false]",0,2,0,Starfield Stage - 1
349,2025-10-02T20:30:17.036951,9,600.0,672.0,0.0,False,False,False,False,0,0,0,0,0,0,814,439,"[false, false, false]",0,2,0,Starfield Stage - 1
350,2025-10-02T20:30:17.044202,9,600.0,672.0,0.0,False,False,False,False,0,0,0,0,0,0,814,439,"[false, false, false]",0,2,0,Starfield Stage - 1
351,2025-10-02T20:30:17.052839,8,600.0,672.0,0.0,False,False,False,False,0,0,0,0,0,0,814,439,"[false, false, false]",0,2,0,Starfield Stage - 1
352,2025-10-02T20:30:17.060284,8,600.0,672.0,0.0,False,False,False,False,0,0,0,0,0,0,814,439,"[false, false, false]",0,2,0,Starfield Stage - 1
353,2025-10-02T20:30:17.068318,8,600.0,672.0,0.0,False,False,False,False,0,0,0,0,0,0,814,439,"[false, false, false]",0,2,0,Starfield Stage - 1
354,2025-10-02T20:30:17.077069,8,600.0,672.0,0.0,False,False,False,False,0,0,0,0,0,0,814,439,"[false, false, false]",0,2,0,Starfield Stage - 1
355,2025-10-02T20:30:17.084406,8,600.0,672.0,0.0,False,False,False,False,0,0,0,0,0,0,814,439,"[false, false, false]",0,2,0,Starfield Stage - 1
356,2025-10-02T20:30:17.092791,9,600.0,672.0,0.0,False,False,False,False,0,0,0,0,0,0,814,439,"[false, false, false]",0,2,0,Starfield Stage - 1
357,2025-10-02T20:30:17.100990,8,600.0,672.0,0.0,False,False,False,False,0,0,0,0,0,0,814,439,"[false, false, false]",0,2,0,Starfield Stage - 1
358,2025-10-02T20:30:17.109051,8,600.0,672.0,0.0,False,False,False,False,0,0,0,0,0,0,814,439,"[false, false, false]",0,2,0,Starfield Stage - 1
359,2025-10-02T20:30:17.116732,8,600.0,672.0,0.0,False,False,False,False,0,0,0,0,0,0,814,439,"[false, false, false]",0,2,0,Starfield Stage - 1
360,2025-10-02T20:30:17.125435,8,600.0,672.0,0.0,False,False,False,False,0,0,0,0,0,0,814,439,"[false, false, false]",0,2,0,Starfield Stage - 1
361,2025-10-02T20:30:17.135278,9,600.0,672.0,0.0,False,False,False,False,0,0,0,0,0,0,814,439,"[false, false, false]",0,2,0,Starfield Stage - 1
362,2025-10-02T20:30:17.143290,8,600.0,672.0,0.0,False,False,False,False,0,0,0,0,0,0,814,439,"[false, false, false]",0,2,0,Starfield Stage - 1
363,2025-10-02T20:30:17.151963,8,600.0,672.0,0.0,False,False,False,False,0,0,0,0,0,0,814,439,"[false, false, false]",0,2,0,Starfield Stage - 1
364,2025-10-02T20:30:17.158317,8,600.0,672.0,0.0,False,False,False,False,0,0,0,0,0,0,814,439,"[false, false, false]",0,2,0,Starfield Stage - 1
365,2025-10-02T20:30:17.166481,8,600.0,672.0,0.0,False,False,False,False,0,0,0,0,0,0,814,439,"[false, false, false]",0,2,0,Starfield Stage - 1
366,2025-10-02T20:30:17.176194,9,600.0,672.0,0.0,False,False,False,False,0,0,0,0,0,0,814,439,"[false, false, false]",0,2,0,Starfield Stage - 1
367,2025-10-02T20:30:17.183719,9,600.0,672.0,0.0,False,False,False,False,0,0,0,0,0,0,814,439,"[false, false, false]",0,2,0,Starfield Stage - 1
368,2025-10-02T20:30:17.192653,8,600.0,672.0,0.0,False,False,False,False,0,0,0,0,0,0,814,439,"[false, false, false]",0,2,0,Starfield Stage - 1
369,2025-10-02T20:30:17.200669,9,600.0,672.0,0.0,False,False,False,False,0,0,0,0,0,0,814,439,"[false, false, false]",0,2,0,Starfield Stage - 1
370,2025-10-02T20:30:17.210904,9,600.0,672.0,0.0,False,False,False,False,0,0,0,0,0,0,814,439,"[false, false, false]",0,2,0,Starfield Stage - 1
371,2025-10-02T20:30:17.218086,8,600.0,672.0,0.0,False,False,False,False,0,0,0,0,0,0,814,439,"[false, false, false]",0,2,0,Starfield Stage - 1
372,2025-10-02T20:30:17.225849,8,600.0,672.0,0.0,False,False,False,False,0,0,0,0,0,0,814,439,"[false, false, false]",0,2,0,Starfield Stage - 1
373,2025-10-02T20:30:17.234100,8,600.0,672.0,0.0,False,False,False,False,0,0,0,0,0,0,814,439,"[false, false, false]",0,2,0,Starfield Stage - 1
374,2025-10-02T20:30:17.242137,8,600.0,672.0,0.0,False,False,False,False,0,0,0,0,0,0,814,439,"[false, false, false]",0,2,0,Starfield Stage - 1
375,2025-10-02T20:30:17.250104,8,600.0,672.0,0.0,False,False,False,False,0,0,0,0,0,0,814,439,"[false, false, false]",0,2,0,Starfield Stage - 1
376,2025-10-02T20:30:17.258589,8,600.0,672.0,0.0,False,False,False,False,0,0,0,0,0,0,814,439,"[false, false, false]",0,2,0,Starfield Stage - 1
377,2025-10-02T20:30:17.266987,9,600.0,672.0,0.0,False,False,False,False,0,0,0,0,0,0,814,439,"[false, false, false]",0,2,0,Starfield Stage - 1
378,2025-10-02T20:30:17.274861,8,600.0,672.0,0.0,False,False,False,False,0,0,0,0,0,0,814,439,"[false, false, false]",0,2,0,Starfield Stage - 1
379,2025-10-02T20:30:17.283139,8,600.0,672.0,0.0,False,False,False,False,0,0,0,0,0,0,814,439,"[false, false, false]",0,2,0,Starfield Stage - 1
380,2025-10-02T20:30:17.292031,9,600.0,672.0,0.0,False,False,False,False,0,0,0,0,0,0,814,439,"[false, false, false]",0,2,0,Starfield Stage - 1
381,2025-10-02T20:30:17.301753,9,600.0,672.0,0.0,False,False,False,False,0,0,0,0,0,0,814,439,"[false, false, false]",0,2,0,Starfield Stage - 1
382,2025-10-02T20:30:17.308774,8,600.0,672.0,0.0,False,False,False,False,0,0,0,0,0,0,814,439,"[false, false, false]",0,2,0,Starfield Stage - 1
383,2025-10-02T20:30:17.317229,8,600.0,672.0,0.0,False,False,False,False,0,0,0,0,0,0,814,439,"[false, false, false]",0,2,0,Starfield Stage - 1
384,2025-10-02T20:30:17.326397,9,600.0,672.0,0.0,False,False,False,False,0,0,0,0,0,0,814,439,"[false, false, false]",0,2,0,Starfield Stage - 1
385,2025-10-02T20:30:17.334308,8,600.0,672.0,0.0,False,False,False,False,0,0,0,0,0,0,814,439,"[false, false, false]",0,2,0,Starfield Stage - 1
386,2025-10-02T20:30:17.342983,9,600.0,672.0,0.0,False,False,False,False,0,0,0,0,0,0,814,439,"[false, false, false]",0,2,0,Starfield Stage - 1
387,2025-10-02T20:30:17.355015,8,600.0,672.0,0.0,False,False,False,False,0,0,0,0,0,0,814,439,"[false, false, false]",0,2,0,Starfield Stage - 1
388,2025-10-02T20:30:17.361714,8,600.0,672.0,0.0,False,False,False,False,0,0,0,0,0,0,814,439,"[false, false, false]",0,2,0,Starfield Stage - 1
389,2025-10-02T20:30:17.370269,8,600.0,672.0,0.0,False,False,False,False,0,0,0,0,0,0,814,439,"[false, false, false]",0,2,0,Starfield Stage - 1
390,2025-10-02T20:30:17.379611,9,600.0,672.0,0.0,False,False,False,False,0,0,0,0,0,0,814,439,"[false, false, false]",0,2,0,Starfield Stage - 1
391,2025-10-02T20:30:17.388500,9,600.0,672.0,0.0,False,False,False,False,0,0,0,0,0,0,814,439,"[false, false, false]",0,2,0,Starfield Stage - 1
392,2025-10-02T20:30:17.396377,9,600.0,672.0,0.0,False,False,False,False,0,0,0,0,0,0,814,439,"[false, false, false]",0,2,0,Starfield Stage - 1
393,2025-10-02T20:30:17.407079,9,600.0,672.0,0.0,False,False,False,False,0,0,0,0,0,0,814,439,"[false, false, false]",0,2,0,Starfield Stage - 1
394,2025-10-02T20:30:17.412537,8,600.0,672.0,0.0,False,False,False,False,0,0,0,0,0,0,814,439,"[false, false, false]",0,2,0,Starfield Stage - 1
395,2025-10-02T20:30:17.425174,9,600.0,672.0,0.0,False,False,False,False,0,0,0,0,0,0,814,439,"[false, false, false]",0,2,0,Starfield Stage - 1
396,2025-10-02T20:30:17.432181,9,600.0,672.0,0.0,False,False,False,False,0,0,0,0,0,0,814,439,"[false, false, false]",0,2,0,Starfield Stage - 1
397,2025-10-02T20:30:17.438909,9,600.0,672.0,0.0,False,False,False,False,0,0,0,0,0,0,814,439,"[false, false, false]",0,2,0,Starfield Stage - 1
398,2025-10-02T20:30:17.447014,8,600.0,672.0,0.0,False,False,False,False,0,0,0,0,0,0,814,439,"[false, false, false]",0,2,0,Starfield Stage - 1
399,2025-10-02T20:30:17.454933,8,600.0,672.0,0.0,False,False,False,False,0,0,0,0,0,0,814,439,"[false, false, false]",0,2,0,Starfield Stage - 1
400,2025-10-02T20:30:17.462007,8,600.0,672.0,0.0,False,False,False,False,0,0,0,0,0,0,816,440,"[false, false, false]",0,2,0,Starfield Stage - 1
401,2025-10-02T20:30:17.471056,8,600.0,672.0,0.0,False,False,False,False,0,0,0,0,0,0,818,441,"[false, false, false]",0,2,0,Starfield Stage - 1
402,2025-10-02T20:30:17.480033,8,600.0,672.0,0.0,False,False,False,False,0,0,0,0,0,0,820,443,"[false, false, false]",0,2,0,Starfield Stage - 1
403,2025-10-02T20:30:17.486477,9,600.0,672.0,0.0,False,False,False,False,0,0,0,0,0,0,823,446,"[false, false, false]",0,2,0,Starfield Stage - 1
404,2025-10-02T20:30:17.496647,9,600.0,672.0,0.0,False,False,False,False,0,0,0,0,0,0,826,448,"[false, false, false]",0,2,0,Starfield Stage - 1
405,2025-10-02T20:30:17.505271,9,600.0,672.0,0.0,False,False,False,False,0,0,0,0,0,0,828,451,"[false, false, false]",0,2,0,Starfield Stage - 1
406,2025-10-02T20:30:17.513896,9,600.0,672.0,0.0,False,False,False,False,0,0,0,0,0,0,833,460,"[false, false, false]",0,2,0,Starfield Stage - 1
407,2025-10-02T20:30:17.522063,8,600.0,672.0,0.0,False,False,False,False,0,0,0,0,0,0,835,466,"[false, false, false]",0,2,0,Starfield Stage - 1
408,2025-10-02T20:30:17.530487,8,600.0,672.0,0.0,False,False,False,False,0,0,0,0,0,0,837,472,"[false, false, false]",0,2,0,Starfield Stage - 1
409,2025-10-02T20:30:17.539555,9,600.0,672.0,0.0,False,False,False,False,0,0,0,0,0,0,838,479,"[false, false, false]",0,2,0,Starfield Stage - 1
410,2025-10-02T20:30:17.548249,9,600.0,672.0,0.0,False,False,False,False,0,0,0,0,0,0,839,487,"[false, false, false]",0,2,0,Starfield Stage - 1
411,2025-10-02T20:30:17.558898,8,600.0,672.0,0.0,False,False,False,False,0,0,0,0,0,0,838,495,"[false, false, false]",0,2,0,Starfield Stage - 1
412,2025-10-02T20:30:17.563968,8,600.0,672.0,0.0,False,False,False,False,0,0,0,0,0,0,837,505,"[false, false, false]",0,2,0,Starfield Stage - 1
413,2025-10-02T20:30:17.572239,8,600.0,672.0,0.0,False,False,False,False,0,0,0,0,0,0,831,516,"[false, false, false]",0,2,0,Starfield Stage - 1
414,2025-10-02T20:30:17.582343,8,600.0,672.0,0.0,False,False,False,False,0,0,0,0,0,0,824,527,"[false, false, false]",0,2,0,Starfield Stage - 1
415,2025-10-02T20:30:17.588395,8,600.0,672.0,0.0,False,False,False,False,0,0,0,0,0,0,814,538,"[false, false, false]",0,2,0,Starfield Stage - 1
416,2025-10-02T20:30:17.596724,8,600.0,672.0,0.0,False,False,False,False,0,0,0,0,0,0,799,550,"[false, false, false]",0,2,0,Starfield Stage - 1
417,2025-10-02T20:30:17.606777,8,600.0,672.0,0.0,False,False,False,False,0,0,0,0,0,0,781,561,"[false, false, false]",0,2,0,Starfield Stage - 1
418,2025-10-02T20:30:17.612470,8,600.0,672.0,0.0,False,False,False,False,0,0,0,0,0,0,758,571,"[false, false, false]",0,2,0,Starfield Stage - 1
419,2025-10-02T20:30:17.621666,9,600.0,672.0,0.0,False,False,False,False,0,0,0,0,0,0,729,578,"[false, false, false]",0,2,0,Starfield Stage - 1
420,2025-10-02T20:30:17.631380,8,600.0,672.0,0.0,False,False,False,False,0,0,0,0,0,0,697,583,"[false, false, false]",0,2,0,Starfield Stage - 1
421,2025-10-02T20:30:17.637750,9,600.0,672.0,0.0,False,False,False,False,0,0,0,0,0,0,662,584,"[false, false, false]",0,2,0,Starfield Stage - 1
422,2025-10-02T20:30:17.646542,8,600.0,672.0,0.0,False,False,False,False,0,0,0,0,0,0,629,583,"[false, false, false]",0,2,0,Starfield Stage - 1
423,2025-10-02T20:30:17.655125,9,600.0,672.0,0.0,False,False,False,False,0,0,0,0,0,0,594,578,"[false, false, false]",0,2,0,Starfield Stage - 1
424,2025-10-02T20:30:17.664807,9,600.0,672.0,0.0,False,False,False,False,0,0,0,0,0,0,560,568,"[false, false, false]",0,2,0,Starfield Stage - 1
425,2025-10-02T20:30:17.672606,8,600.0,672.0,0.0,False,False,False,False,0,0,0,0,0,0,528,552,"[false, false, false]",0,2,0,Starfield Stage - 1
426,2025-10-02T20:30:17.680735,9,600.0,672.0,0.0,False,False,False,False,0,0,0,0,0,0,497,532,"[false, false, false]",0,2,0,Starfield Stage - 1
427,2025-10-02T20:30:17.689430,8,600.0,672.0,0.0,False,False,False,False,0,0,0,0,0,0,444,481,"[false, false, false]",0,2,0,Starfield Stage - 1
428,2025-10-02T20:30:17.698140,9,600.0,672.0,0.0,False,False,False,False,0,0,0,0,0,0,422,453,"[false, false, false]",0,2,0,Starfield Stage - 1
429,2025-10-02T20:30:17.706735,8,600.0,672.0,0.0,False,False,False,False,0,0,0,0,0,0,404,424,"[false, false, false]",0,2,0,Starfield Stage - 1
430,2025-10-02T20:30:17.714463,8,600.0,672.0,0.0,False,False,False,False,0,0,0,0,0,0,391,395,"[false, false, false]",0,2,0,Starfield Stage - 1
431,2025-10-02T20:30:17.723219,9,600.0,672.0,0.0,False,False,False,False,0,0,0,0,0,0,384,369,"[false, false, false]",0,2,0,Starfield Stage - 1
432,2025-10-02T20:30:17.732678,8,600.0,672.0,0.0,False,False,False,False,0,0,0,0,0,0,384,347,"[false, false, false]",0,2,0,Starfield Stage - 1
433,2025-10-02T20:30:17.739208,8,600.0,672.0,0.0,False,False,False,False,0,0,0,0,0,0,391,330,"[false, false, false]",0,2,0,Starfield Stage - 1
434,2025-10-02T20:30:17.747099,8,600.0,672.0,0.0,False,False,False,False,0,0,0,0,0,0,404,316,"[false, false, false]",0,2,0,Starfield Stage - 1
435,2025-10-02T20:30:17.755926,8,600.0,672.0,0.0,False,False,False,False,0,0,0,0,0,0,424,307,"[false, false, false]",0,2,0,Starfield Stage - 1
436,2025-10-02T20:30:17.763798,9,600.0,672.0,0.0,False,False,False,False,0,0,0,0,0,0,452,300,"[false, false, false]",0,2,0,Starfield Stage - 1
437,2025-10-02T20:30:17.772206,8,600.0,672.0,0.0,False,False,False,False,0,0,0,0,0,0,483,297,"[false, false, false]",0,2,0,Starfield Stage - 1
438,2025-10-02T20:30:17.783264,8,600.0,672.0,0.0,False,False,False,False,0,0,0,0,0,0,515,299,"[false, false, false]",0,2,0,Starfield Stage - 1
439,2025-10-02T20:30:17.788605,8,600.0,672.0,0.0,False,False,False,False,0,0,0,0,0,0,551,306,"[false, false, false]",0,2,0,Starfield Stage - 1
440,2025-10-02T20:30:17.796597,8,600.0,672.0,0.0,False,False,False,False,0,0,0,0,0,0,584,316,"[false, false, false]",0,2,0,Starfield Stage - 1
441,2025-10-02T20:30:17.807179,8,600.0,672.0,0.0,False,False,False,False,0,0,0,0,0,0,618,329,"[false, false, false]",0,2,0,Starfield Stage - 1
442,2025-10-02T20:30:17.812535,8,600.0,672.0,0.0,False,False,False,False,0,0,0,0,0,0,648,346,"[false, false, false]",0,2,0,Starfield Stage - 1
443,2025-10-02T20:30:17.821628,9,600.0,672.0,0.0,False,False,False,False,0,0,0,0,0,0,673,364,"[false, false, false]",0,2,0,Starfield Stage - 1
444,2025-10-02T20:30:17.831470,9,600.0,672.0,0.0,False,False,False,False,0,0,0,0,0,0,692,385,"[false, false, false]",0,2,0,Starfield Stage - 1
445,2025-10-02T20:30:17.839394,9,600.0,672.0,0.0,False,False,False,False,0,0,0,0,0,0,707,408,"[false, false, false]",0,2,0,Starfield Stage - 1
446,2025-10-02T20:30:17.848733,9,600.0,672.0,0.0,False,False,False,False,0,0,0,0,0,0,715,433,"[false, false, false]",0,2,0,Starfield Stage - 1
447,2025-10-02T20:30:17.855984,8,600.0,672.0,0.0,False,False,False,False,0,0,0,0,0,0,710,482,"[false, false, false]",0,2,0,Starfield Stage - 1
448,2025-10-02T20:30:17.864848,8,600.0,672.0,0.0,False,False,False,False,0,0,0,0,0,0,710,482,"[false, false, false]",0,2,0,Starfield Stage - 1
449,2025-10-02T20:30:17.872460,8,600.0,672.0,0.0,False,False,False,False,0,0,0,0,0,0,675,530,"[false, false, false]",0,2,0,Starfield Stage - 1
450,2025-10-02T20:30:17.881948,9,600.0,672.0,0.0,False,False,False,False,0,0,0,0,0,0,675,530,"[false, false, false]",0,2,0,Starfield Stage - 1
451,2025-10-02T20:30:17.889873,8,600.0,672.0,0.0,False,False,False,False,0,0,0,0,0,0,610,567,"[false, false, false]",0,2,0,Starfield Stage - 1
452,2025-10-02T20:30:17.897635,8,600.0,672.0,0.0,False,False,False,False,0,0,0,0,0,0,570,580,"[false, false, false]",0,2,0,Starfield Stage - 1
453,2025-10-02T20:30:17.906935,9,600.0,672.0,0.0,False,False,False,False,0,0,0,0,0,0,526,587,"[false, false, false]",0,2,0,Starfield Stage - 1
454,2025-10-02T20:30:17.914403,8,600.0,672.0,0.0,False,False,False,False,0,0,0,0,0,0,481,588,"[false, false, false]",0,2,0,Starfield Stage - 1
455,2025-10-02T20:30:17.921996,8,600.0,672.0,0.0,False,False,False,False,0,0,0,0,0,0,439,584,"[false, false, false]",0,2,0,Starfield Stage - 1
456,2025-10-02T20:30:17.929652,8,600.0,672.0,0.0,False,False,False,False,0,0,0,0,0,0,399,576,"[false, false, false]",0,2,0,Starfield Stage - 1
457,2025-10-02T20:30:17.939397,9,600.0,672.0,0.0,False,False,False,False,0,0,0,0,0,0,367,563,"[false, false, false]",0,2,0,Starfield Stage - 1
458,2025-10-02T20:30:17.947933,9,600.0,672.0,0.0,False,False,False,False,0,0,0,0,0,0,341,549,"[false, false, false]",0,2,0,Starfield Stage - 1
459,2025-10-02T20:30:17.958140,8,600.0,672.0,0.0,False,False,False,False,0,0,0,0,0,0,320,533,"[false, false, false]",0,2,0,Starfield Stage - 1
460,2025-10-02T20:30:17.964250,8,600.0,672.0,0.0,False,False,False,False,0,0,0,0,0,0,305,514,"[false, false, false]",0,2,0,Starfield Stage - 1
461,2025-10-02T20:30:17.973861,9,600.0,672.0,0.0,False,False,False,False,0,0,0,0,0,0,295,495,"[false, false, false]",0,2,0,Starfield Stage - 1
462,2025-10-02T20:30:17.982124,8,600.0,672.0,0.0,False,False,False,False,0,0,0,0,0,0,291,473,"[false, false, false]",0,2,0,Starfield Stage - 1
463,2025-10-02T20:30:17.989723,8,600.0,672.0,0.0,False,False,False,False,0,0,0,0,0,0,295,451,"[false, false, false]",0,2,0,Starfield Stage - 1
464,2025-10-02T20:30:17.998073,8,600.0,672.0,0.0,False,False,False,False,0,0,0,0,0,0,309,428,"[false, false, false]",0,2,0,Starfield Stage - 1
465,2025-10-02T20:30:18.006838,8,600.0,672.0,0.0,False,False,False,False,0,0,0,0,0,0,328,410,"[false, false, false]",0,2,0,Starfield Stage - 1
466,2025-10-02T20:30:18.012442,8,600.0,672.0,0.0,False,False,False,False,0,0,0,0,0,0,357,394,"[false, false, false]",0,2,0,Starfield Stage - 1
467,2025-10-02T20:30:18.023848,9,600.0,672.0,0.0,False,False,False,False,0,0,0,0,0,0,392,381,"[false, false, false]",0,2,0,Starfield Stage - 1
468,2025-10-02T20:30:18.030863,8,600.0,672.0,0.0,False,False,False,False,0,0,0,0,0,0,432,373,"[false, false, false]",0,2,0,Starfield Stage - 1
469,2025-10-02T20:30:18.039146,8,600.0,672.0,0.0,False,False,False,False,0,0,0,0,0,0,474,368,"[false, false, false]",0,2,0,Starfield Stage - 1
470,2025-10-02T20:30:18.046371,8,600.0,672.0,0.0,False,False,False,False,0,0,0,0,0,0,516,369,"[false, false, false]",0,2,0,Starfield Stage - 1
471,2025-10-02T20:30:18.054774,8,600.0,672.0,0.0,False,False,False,False,0,0,0,0,0,0,554,376,"[false, false, false]",0,2,0,Starfield Stage - 1
472,2025-10-02T20:30:18.061830,8,600.0,672.0,0.0,False,False,False,False,0,0,0,0,0,0,590,388,"[false, false, false]",0,2,0,Starfield Stage - 1
473,2025-10-02T20:30:18.070652,8,600.0,672.0,0.0,False,False,False,False,0,0,0,0,0,0,621,405,"[false, false, false]",0,2,0,Starfield Stage - 1
474,2025-10-02T20:30:18.079937,9,600.0,672.0,0.0,False,False,False,False,0,0,0,0,0,0,647,426,"[false, false, false]",0,2,0,Starfield Stage - 1
475,2025-10-02T20:30:18.086305,8,600.0,672.0,0.0,False,False,False,False,0,0,0,0,0,0,668,450,"[false, false, false]",0,2,0,Starfield Stage - 1
476,2025-10-02T20:30:18.097000,9,600.0,672.0,0.0,False,False,False,False,0,0,0,0,0,0,680,475,"[false, false, false]",0,2,0,Starfield Stage - 1
477,2025-10-02T20:30:18.104317,8,600.0,672.0,0.0,False,False,False,False,0,0,0,0,0,0,685,502,"[false, false, false]",0,2,0,Starfield Stage - 1
478,2025-10-02T20:30:18.113360,9,600.0,672.0,0.0,False,False,False,False,0,0,0,0,0,0,671,555,"[false, false, false]",0,2,0,Starfield Stage - 1
479,2025-10-02T20:30:18.121712,9,600.0,672.0,0.0,False,False,False,False,0,0,0,0,0,0,651,579,"[false, false, false]",0,2,0,Starfield Stage - 1
480,2025-10-02T20:30:18.130303,8,600.0,672.0,0.0,False,False,False,False,0,0,0,0,0,0,623,600,"[false, false, false]",0,2,0,Starfield Stage - 1
481,2025-10-02T20:30:18.138710,8,600.0,672.0,0.0,False,False,False,False,0,0,0,0,0,0,589,616,"[false, false, false]",0,2,0,Starfield Stage - 1
482,2025-10-02T20:30:18.145587,8,600.0,672.0,0.0,False,False,False,False,0,0,0,0,0,0,552,627,"[false, false, false]",0,2,0,Starfield Stage - 1
483,2025-10-02T20:30:18.155645,9,600.0,672.0,0.0,False,False,False,False,0,0,0,0,0,0,515,629,"[false, false, false]",0,2,0,Starfield Stage - 1
484,2025-10-02T20:30:18.164050,9,600.0,672.0,0.0,False,False,False,False,0,0,0,0,0,0,479,626,"[false, false, false]",0,2,0,Starfield Stage - 1
485,2025-10-02T20:30:18.172441,8,600.0,672.0,0.0,False,False,False,False,0,0,0,0,0,0,447,616,"[false, false, false]",0,2,0,Starfield Stage - 1
486,2025-10-02T20:30:18.182409,9,600.0,672.0,0.0,False,False,False,False,0,0,0,0,0,0,418,602,"[false, false, false]",0,2,0,Starfield Stage - 1
487,2025-10-02T20:30:18.188998,8,600.0,672.0,0.0,False,False,False,False,0,0,0,0,0,0,394,582,"[false, false, false]",0,2,0,Starfield Stage - 1
488,2025-10-02T20:30:18.198083,8,600.0,672.0,0.0,False,False,False,False,0,0,0,0,0,0,375,558,"[false, false, false]",0,2,0,Starfield Stage - 1
489,2025-10-02T20:30:18.206779,9,600.0,672.0,0.0,False,False,False,False,0,0,0,0,0,0,360,530,"[false, false, false]",0,2,0,Starfield Stage - 1
490,2025-10-02T20:30:18.213666,8,600.0,672.0,0.0,False,False,False,False,0,0,0,0,0,0,353,500,"[false, false, false]",0,2,0,Starfield Stage - 1
491,2025-10-02T20:30:18.224085,9,600.0,672.0,0.0,False,False,False,False,0,0,0,0,0,0,350,475,"[false, false, false]",0,2,0,Starfield Stage - 1
492,2025-10-02T20:30:18.231438,8,600.0,672.0,0.0,False,False,False,False,0,0,0,0,0,0,354,450,"[false, false, false]",0,2,0,Starfield Stage - 1
493,2025-10-02T20:30:18.240301,8,600.0,672.0,0.0,False,False,False,False,0,0,0,0,0,0,369,427,"[false, false, false]",0,2,0,Starfield Stage - 1
494,2025-10-02T20:30:18.248458,9,600.0,672.0,0.0,False,False,False,False,0,0,0,0,0,0,390,406,"[false, false, false]",0,2,0,Starfield Stage - 1
495,2025-10-02T20:30:18.256829,9,600.0,672.0,0.0,False,False,False,False,0,0,0,0,0,0,420,388,"[false, false, false]",0,2,0,Starfield Stage - 1
496,2025-10-02T20:30:18.265734,8,600.0,672.0,0.0,False,False,False,False,0,0,0,0,0,0,492,364,"[false, false, false]",0,2,0,Starfield Stage - 1
497,2025-10-02T20:30:18.273081,8,600.0,672.0,0.0,False,False,False,False,0,0,0,0,0,0,527,363,"[false, false, false]",0,2,0,Starfield Stage - 1
498,2025-10-02T20:30:18.281546,8,600.0,672.0,0.0,False,False,False,False,0,0,0,0,0,0,561,365,"[false, false, false]",0,2,0,Starfield Stage - 1
499,2025-10-02T20:30:18.290646,9,600.0,672.0,0.0,False,False,False,False,0,0,0,0,0,0,590,374,"[false, false, false]",0,2,0,Starfield Stage - 1
500,2025-10-02T20:30:18.299202,9,600.0,672.0,0.0,False,False,False,False,0,0,0,0,0,0,615,388,"[false, false, false]",0,2,0,Starfield Stage - 1
501,2025-10-02T20:30:18.310353,8,600.0,672.0,0.0,False,False,False,False,0,0,0,0,0,0,636,407,"[false, false, false]",0,2,0,Starfield Stage - 1
502,2025-10-02T20:30:18.316009,9,600.0,672.0,0.0,False,False,False,False,0,0,0,0,0,0,651,429,"[false, false, false]",0,2,0,Starfield Stage - 1
503,2025-10-02T20:30:18.323954,8,600.0,672.0,0.0,False,False,False,False,0,0,0,0,0,0,661,457,"[false, false, false]",0,2,0,Starfield Stage - 1
504,2025-10-02T20:30:18.332821,8,600.0,672.0,0.0,False,False,False,False,0,0,0,0,0,0,666,485,"[false, false, false]",0,2,0,Starfield Stage - 1
505,2025-10-02T20:30:18.341508,9,600.0,672.0,0.0,False,False,False,False,0,0,0,0,0,0,664,515,"[false, false, false]",0,2,0,Starfield Stage - 1
506,2025-10-02T20:30:18.350696,9,600.0,672.0,0.0,False,False,False,False,0,0,0,0,0,0,654,545,"[false, false, false]",0,2,0,Starfield Stage - 1
507,2025-10-02T20:30:18.358466,8,600.0,672.0,0.0,False,False,False,False,0,0,0,0,0,0,636,573,"[false, false, false]",0,2,0,Starfield Stage - 1
508,2025-10-02T20:30:18.366961,9,600.0,672.0,0.0,False,False,False,False,0,0,0,0,0,0,609,598,"[false, false, false]",0,2,0,Starfield Stage - 1
509,2025-10-02T20:30:18.376298,8,600.0,672.0,0.0,False,False,False,False,0,0,0,0,0,0,576,618,"[false, false, false]",0,2,0,Starfield Stage - 1
510,2025-10-02T20:30:18.382907,8,600.0,672.0,0.0,False,False,False,False,0,0,0,0,0,0,540,631,"[false, false, false]",0,2,0,Starfield Stage - 1
511,2025-10-02T20:30:18.391782,8,600.0,672.0,0.0,False,False,False,False,0,0,0,0,0,0,503,637,"[false, false, false]",0,2,0,Starfield Stage - 1
512,2025-10-02T20:30:18.400557,8,600.0,672.0,0.0,False,False,False,False,0,0,0,0,0,0,467,636,"[false, false, false]",0,2,0,Starfield Stage - 1
513,2025-10-02T20:30:18.408319,9,600.0,672.0,0.0,False,False,False,False,0,0,0,0,0,0,435,627,"[false, false, false]",0,2,0,Starfield Stage - 1
514,2025-10-02T20:30:18.416841,9,600.0,672.0,0.0,False,False,False,False,0,0,0,0,0,0,380,592,"[false, false, false]",0,2,0,Starfield Stage - 1
515,2025-10-02T20:30:18.424942,8,600.0,672.0,0.0,False,False,False,False,0,0,0,0,0,0,359,567,"[false, false, false]",0,2,0,Starfield Stage - 1
516,2025-10-02T20:30:18.434415,8,600.0,672.0,0.0,False,False,False,False,0,0,0,0,0,0,342,539,"[false, false, false]",0,2,0,Starfield Stage - 1
517,2025-10-02T20:30:18.442150,9,600.0,672.0,0.0,False,False,False,False,0,0,0,0,0,0,331,510,"[false, false, false]",0,2,0,Starfield Stage - 1
518,2025-10-02T20:30:18.449877,8,600.0,672.0,0.0,False,False,False,False,0,0,0,0,0,0,328,481,"[false, false, false]",0,2,0,Starfield Stage - 1
519,2025-10-02T20:30:18.458854,8,600.0,672.0,0.0,False,False,False,False,0,0,0,0,0,0,332,455,"[false, false, false]",0,2,0,Starfield Stage - 1
520,2025-10-02T20:30:18.466044,8,600.0,672.0,0.0,False,False,False,False,0,0,0,0,0,0,344,429,"[false, false, false]",0,2,0,Starfield Stage - 1
521,2025-10-02T20:30:18.473872,8,600.0,672.0,0.0,False,False,False,False,0,0,0,0,0,0,364,406,"[false, false, false]",0,2,0,Starfield Stage - 1
522,2025-10-02T20:30:18.482783,8,600.0,672.0,0.0,False,False,False,False,0,0,0,0,0,0,391,388,"[false, false, false]",0,2,0,Starfield Stage - 1
523,2025-10-02T20:30:18.490413,8,600.0,672.0,0.0,False,False,False,False,0,0,0,0,0,0,423,374,"[false, false, false]",0,2,0,Starfield Stage - 1
524,2025-10-02T20:30:18.498342,8,600.0,672.0,0.0,False,False,False,False,0,0,0,0,0,0,460,365,"[false, false, false]",0,2,0,Starfield Stage - 1
525,2025-10-02T20:30:18.507026,9,600.0,672.0,0.0,False,False,False,False,0,0,0,0,0,0,497,363,"[false, false, false]",0,2,0,Starfield Stage - 1
526,2025-10-02T20:30:18.515130,8,600.0,672.0,0.0,False,False,False,False,0,0,0,0,0,0,532,364,"[false, false, false]",0,2,0,Starfield Stage - 1
527,2025-10-02T20:30:18.523589,9,600.0,672.0,0.0,False,False,False,False,0,0,0,0,0,0,565,372,"[false, false, false]",0,2,0,Starfield Stage - 1
528,2025-10-02T20:30:18.534116,9,600.0,672.0,0.0,False,False,False,False,0,0,0,0,0,0,595,382,"[false, false, false]",0,2,0,Starfield Stage - 1
529,2025-10-02T20:30:18.540978,8,600.0,672.0,0.0,False,False,False,False,0,0,0,0,0,0,621,397,"[false, false, false]",0,2,0,Starfield Stage - 1
530,2025-10-02T20:30:18.550676,8,600.0,672.0,0.0,False,False,False,False,0,0,0,0,0,0,642,416,"[false, false, false]",0,2,0,Starfield Stage - 1
531,2025-10-02T20:30:18.558722,9,600.0,672.0,0.0,False,False,False,False,0,0,0,0,0,0,659,439,"[false, false, false]",0,2,0,Starfield Stage - 1
532,2025-10-02T20:30:18.566852,8,600.0,672.0,0.0,False,False,False,False,0,0,0,0,0,0,670,463,"[false, false, false]",0,2,0,Starfield Stage - 1
533,2025-10-02T20:30:18.573940,8,600.0,672.0,0.0,False,False,False,False,0,0,0,0,0,0,674,489,"[false, false, false]",0,2,0,Starfield Stage - 1
534,2025-10-02T20:30:18.582001,8,600.0,672.0,0.0,False,False,False,False,0,0,0,0,0,0,673,514,"[false, false, false]",0,2,0,Starfield Stage - 1
535,2025-10-02T20:30:18.589798,8,600.0,672.0,0.0,False,False,False,False,0,0,0,0,0,0,663,537,"[false, false, false]",0,2,0,Starfield Stage - 1
536,2025-10-02T20:30:18.598437,8,600.0,672.0,0.0,False,False,False,False,0,0,0,0,0,0,647,559,"[false, false, false]",0,2,0,Starfield Stage - 1
537,2025-10-02T20:30:18.606814,8,600.0,672.0,0.0,False,False,False,False,0,0,0,0,0,0,624,577,"[false, false, false]",0,2,0,Starfield Stage - 1
538,2025-10-02T20:30:18.613429,8,600.0,672.0,0.0,False,False,False,False,0,0,0,0,0,0,597,589,"[false, false, false]",0,2,0,Starfield Stage - 1
539,2025-10-02T20:30:18.623991,9,600.0,672.0,0.0,False,False,False,False,0,0,0,0,0,0,568,596,"[false, false, false]",0,2,0,Starfield Stage - 1
540,2025-10-02T20:30:18.631517,8,600.0,672.0,0.0,False,False,False,False,0,0,0,0,0,0,537,599,"[false, false, false]",0,2,0,Starfield Stage - 1
541,2025-10-02T20:30:18.640209,9,600.0,672.0,0.0,False,False,False,False,0,0,0,0,0,0,508,597,"[false, false, false]",0,2,0,Starfield Stage - 1
542,2025-10-02T20:30:18.648444,8,600.0,672.0,0.0,False,False,False,False,0,0,0,0,0,0,455,579,"[false, false, false]",0,2,0,Starfield Stage - 1
543,2025-10-02T20:30:18.657708,9,600.0,672.0,0.0,False,False,False,False,0,0,0,0,0,0,431,562,"[false, false, false]",0,2,0,Starfield Stage - 1
544,2025-10-02T20:30:18.665508,8,600.0,672.0,0.0,False,False,False,False,0,0,0,0,0,0,407,543,"[false, false, false]",0,2,0,Starfield Stage - 1
545,2025-10-02T20:30:18.674048,9,600.0,672.0,0.0,False,False,False,False,0,0,0,0,0,0,386,519,"[false, false, false]",0,2,0,Starfield Stage - 1
546,2025-10-02T20:30:18.683143,8,600.0,672.0,0.0,False,False,False,False,0,0,0,0,0,0,364,495,"[false, false, false]",0,2,0,Starfield Stage - 1
547,2025-10-02T20:30:18.690694,8,600.0,672.0,0.0,False,False,False,False,0,0,0,0,0,0,345,469,"[false, false, false]",0,2,0,Starfield Stage - 1
548,2025-10-02T20:30:18.698122,8,600.0,672.0,0.0,False,False,False,False,0,0,0,0,0,0,328,444,"[false, false, false]",0,2,0,Starfield Stage - 1
549,2025-10-02T20:30:18.707865,9,600.0,672.0,0.0,False,False,False,False,0,0,0,0,0,0,316,422,"[false, false, false]",0,2,0,Starfield Stage - 1
550,2025-10-02T20:30:18.715365,8,600.0,672.0,0.0,False,False,False,False,0,0,0,0,0,0,307,401,"[false, false, false]",0,2,0,Starfield Stage - 1
551,2025-10-02T20:30:18.724646,9,600.0,672.0,0.0,False,False,False,False,0,0,0,0,0,0,304,385,"[false, false, false]",0,2,0,Starfield Stage - 1
552,2025-10-02T20:30:18.733626,9,600.0,672.0,0.0,False,False,False,False,0,0,0,0,0,0,304,374,"[false, false, false]",0,2,0,Starfield Stage - 1
553,2025-10-02T20:30:18.742336,9,600.0,672.0,0.0,False,False,False,False,0,0,0,0,0,0,310,364,"[false, false, false]",0,2,0,Starfield Stage - 1
554,2025-10-02T20:30:18.751959,9,600.0,672.0,0.0,False,False,False,False,0,0,0,0,0,0,320,358,"[false, false, false]",0,2,0,Starfield Stage - 1
555,2025-10-02T20:30:18.759177,8,600.0,672.0,0.0,False,False,False,False,0,0,0,0,0,0,360,354,"[false, false, false]",0,2,0,Starfield Stage - 1
556,2025-10-02T20:30:18.768654,9,600.0,672.0,0.0,False,False,False,False,0,0,0,0,0,0,360,354,"[false, false, false]",0,2,0,Starfield Stage - 1
557,2025-10-02T20:30:18.777588,9,600.0,672.0,0.0,False,False,False,False,0,0,0,0,0,0,420,363,"[false, false, false]",0,2,0,Starfield Stage - 1
558,2025-10-02T20:30:18.788740,9,600.0,672.0,0.0,False,False,False,False,0,0,0,0,0,0,455,374,"[false, false, false]",0,2,0,Starfield Stage - 1
559,2025-10-02T20:30:18.793961,8,600.0,672.0,0.0,False,False,False,False,0,0,0,0,0,0,488,387,"[false, false, false]",0,2,0,Starfield Stage - 1
560,2025-10-02T20:30:18.801817,8,600.0,672.0,0.0,False,False,False,False,0,0,0,0,0,0,518,402,"[false, false, false]",0,2,0,Starfield Stage - 1
561,2025-10-02T20:30:18.811490,9,600.0,672.0,0.0,False,False,False,False,0,0,0,0,0,0,545,420,"[false, false, false]",0,2,0,Starfield Stage - 1
562,2025-10-02T20:30:18.820426,9,600.0,672.0,0.0,False,False,False,False,0,0,0,0,0,0,569,438,"[false, false, false]",0,2,0,Starfield Stage - 1
563,2025-10-02T20:30:18.830548,8,600.0,672.0,0.0,False,False,False,False,0,0,0,0,0,0,590,456,"[false, false, false]",0,2,0,Starfield Stage - 1
564,2025-10-02T20:30:18.837912,9,600.0,672.0,0.0,False,False,False,False,0,0,0,0,0,0,610,475,"[false, false, false]",0,2,0,Starfield Stage - 1
565,2025-10-02T20:30:18.845999,8,600.0,672.0,0.0,False,False,False,False,0,0,0,0,0,0,625,491,"[false, false, false]",0,2,0,Starfield Stage - 1
566,2025-10-02T20:30:18.854007,8,600.0,672.0,0.0,False,False,False,False,0,0,0,0,0,0,635,505,"[false, false, false]",0,2,0,Starfield Stage - 1
567,2025-10-02T20:30:18.861231,8,600.0,672.0,0.0,False,False,False,False,0,0,0,0,0,0,643,518,"[false, false, false]",0,2,0,Starfield Stage - 1
568,2025-10-02T20:30:18.870969,9,600.0,672.0,0.0,False,False,False,False,0,0,0,0,0,0,649,528,"[false, false, false]",0,2,0,Starfield Stage - 1
569,2025-10-02T20:30:18.878465,8,600.0,672.0,0.0,False,False,False,False,0,0,0,0,0,0,653,537,"[false, false, false]",0,2,0,Starfield Stage - 1
570,2025-10-02T20:30:18.888114,9,600.0,672.0,0.0,False,False,False,False,0,0,0,0,0,0,657,544,"[false, false, false]",0,2,0,Starfield Stage - 1
571,2025-10-02T20:30:18.895058,8,600.0,672.0,0.0,False,False,False,False,0,0,0,0,0,0,662,551,"[false, false, false]",0,2,0,Starfield Stage - 1
572,2025-10-02T20:30:18.903233,8,600.0,672.0,0.0,False,False,False,False,0,0,0,0,0,0,674,563,"[false, false, false]",0,2,0,Starfield Stage - 1
573,2025-10-02T20:30:18.912106,9,600.0,672.0,0.0,False,False,False,False,0,0,0,0,0,0,674,563,"[false, false, false]",0,2,0,Starfield Stage - 1
574,2025-10-02T20:30:18.921080,9,600.0,672.0,0.0,False,False,False,False,0,0,0,0,0,0,690,572,"[false, false, false]",0,2,0,Starfield Stage - 1
575,2025-10-02T20:30:18.930467,9,600.0,672.0,0.0,False,False,False,False,0,0,0,0,0,0,698,574,"[false, false, false]",0,2,0,Starfield Stage - 1
576,2025-10-02T20:30:18.939390,9,600.0,672.0,0.0,False,False,False,False,0,0,0,0,0,0,706,576,"[false, false, false]",0,2,0,Starfield Stage - 1
577,2025-10-02T20:30:18.948502,8,600.0,672.0,0.0,False,False,False,False,0,0,0,0,0,0,714,576,"[false, false, false]",0,2,0,Starfield Stage - 1
578,2025-10-02T20:30:18.956378,9,600.0,672.0,0.0,False,False,False,False,0,0,0,0,0,0,723,574,"[false, false, false]",0,2,0,Starfield Stage - 1
579,2025-10-02T20:30:18.965383,9,600.0,672.0,0.0,False,False,False,False,0,0,0,0,0,0,735,572,"[false, false, false]",0,2,0,Starfield Stage - 1
580,2025-10-02T20:30:18.973546,8,600.0,672.0,0.0,False,False,False,False,0,0,0,0,0,0,748,568,"[false, false, false]",0,2,0,Starfield Stage - 1
581,2025-10-02T20:30:18.982065,9,600.0,672.0,0.0,False,False,False,False,0,0,0,0,0,0,764,562,"[false, false, false]",0,2,0,Starfield Stage - 1
582,2025-10-02T20:30:18.990294,8,600.0,672.0,0.0,False,False,False,False,0,0,0,0,0,0,783,555,"[false, false, false]",0,2,0,Starfield Stage - 1
583,2025-10-02T20:30:18.999252,9,600.0,672.0,0.0,False,False,False,False,0,0,0,0,0,0,803,546,"[false, false, false]",0,2,0,Starfield Stage - 1
584,2025-10-02T20:30:19.006811,8,600.0,672.0,0.0,False,False,False,False,0,0,0,0,0,0,841,522,"[false, false, false]",0,2,0,Starfield Stage - 1
585,2025-10-02T20:30:19.015176,8,600.0,672.0,0.0,False,False,False,False,0,0,0,0,0,0,854,510,"[false, false, false]",0,2,0,Starfield Stage - 1
586,2025-10-02T20:30:19.023685,8,600.0,672.0,0.0,False,False,False,False,0,0,0,0,0,0,854,510,"[false, false, false]",0,2,0,Starfield Stage - 1
587,2025-10-02T20:30:19.032486,9,600.0,672.0,0.0,False,False,False,False,0,0,0,0,0,0,872,484,"[false, false, false]",0,2,0,Starfield Stage - 1
588,2025-10-02T20:30:19.042767,9,600.0,672.0,0.0,False,False,False,False,0,0,0,0,0,0,876,472,"[false, false, false]",0,2,0,Starfield Stage - 1
589,2025-10-02T20:30:19.049245,9,600.0,672.0,0.0,False,False,False,False,0,0,0,0,0,0,877,461,"[false, false, false]",0,2,0,Starfield Stage - 1
590,2025-10-02T20:30:19.059044,8,600.0,672.0,0.0,False,False,False,False,0,0,0,0,0,0,876,453,"[false, false, false]",0,2,0,Starfield Stage - 1
591,2025-10-02T20:30:19.066520,9,600.0,672.0,0.0,False,False,False,False,0,0,0,0,0,0,873,446,"[false, false, false]",0,2,0,Starfield Stage - 1
592,2025-10-02T20:30:19.076605,9,600.0,672.0,0.0,False,False,False,False,0,0,0,0,0,0,867,441,"[false, false, false]",0,2,0,Starfield Stage - 1
593,2025-10-02T20:30:19.085847,9,600.0,672.0,0.0,False,False,False,False,0,0,0,0,0,0,858,435,"[false, false, false]",0,2,0,Starfield Stage - 1
594,2025-10-02T20:30:19.093693,8,600.0,672.0,0.0,False,False,False,False,0,0,0,0,0,0,845,431,"[false, false, false]",0,2,0,Starfield Stage - 1
595,2025-10-02T20:30:19.100835,8,600.0,672.0,0.0,False,False,False,False,0,0,0,0,0,0,823,428,"[false, false, false]",0,2,0,Starfield Stage - 1
596,2025-10-02T20:30:19.109318,8,600.0,672.0,0.0,False,False,False,False,0,0,0,0,0,0,797,425,"[false, false, false]",0,2,0,Starfield Stage - 1
597,2025-10-02T20:30:19.117289,8,600.0,672.0,0.0,False,False,False,False,0,0,0,0,0,0,763,426,"[false, false, false]",0,2,0,Starfield Stage - 1
598,2025-10-02T20:30:19.126536,9,600.0,672.0,0.0,False,False,False,False,0,0,0,0,0,0,724,431,"[false, false, false]",0,2,0,Starfield Stage - 1
599,2025-10-02T20:30:19.134206,8,600.0,672.0,0.0,False,False,False,False,0,0,0,0,0,0,678,440,"[false, false, false]",0,2,0,Starfield Stage - 1
600,2025-10-02T20:30:19.142523,8,600.0,672.0,0.0,False,False,False,False,0,0,0,0,0,0,627,454,"[false, false, false]",0,2,0,Starfield Stage - 1
601,2025-10-02T20:30:19.151503,9,600.0,672.0,0.0,False,False,False,False,0,0,0,0,0,0,573,472,"[false, false, false]",0,2,0,Starfield Stage - 1
602,2025-10-02T20:30:19.161813,10,600.0,672.0,0.0,False,False,False,False,0,0,0,0,0,0,515,491,"[false, false, false]",0,2,0,Starfield Stage - 1
603,2025-10-02T20:30:19.170479,9,600.0,672.0,0.0,False,False,False,False,0,0,0,0,0,0,394,533,"[false, false, false]",0,2,0,Starfield Stage - 1
604,2025-10-02T20:30:19.179348,8,600.0,672.0,0.0,False,False,False,False,0,0,0,0,0,0,335,552,"[false, false, false]",0,2,0,Starfield Stage - 1
605,2025-10-02T20:30:19.187111,8,600.0,672.0,0.0,False,False,False,False,0,0,0,0,0,0,280,566,"[false, false, false]",0,2,0,Starfield Stage - 1
606,2025-10-02T20:30:19.194486,8,600.0,672.0,0.0,False,False,False,False,0,0,0,0,0,0,230,575,"[false, false, false]",0,2,0,Starfield Stage - 1
607,2025-10-02T20:30:19.203662,9,600.0,672.0,0.0,False,False,False,False,0,0,0,0,0,0,187,577,"[false, false, false]",0,2,0,Starfield Stage - 1
608,2025-10-02T20:30:19.211757,9,600.0,672.0,0.0,False,False,False,False,0,0,0,0,0,0,153,574,"[false, false, false]",0,2,0,Starfield Stage - 1
609,2025-10-02T20:30:19.220200,8,600.0,672.0,0.0,False,False,False,False,0,0,0,0,0,0,124,567,"[false, false, false]",0,2,0,Starfield Stage - 1
610,2025-10-02T20:30:19.228204,8,600.0,672.0,0.0,False,False,False,False,0,0,0,0,0,0,102,557,"[false, false, false]",0,2,0,Starfield Stage - 1
611,2025-10-02T20:30:19.236614,9,600.0,672.0,0.0,False,False,False,False,0,0,0,0,0,0,88,544,"[false, false, false]",0,2,0,Starfield Stage - 1
612,2025-10-02T20:30:19.246328,9,600.0,672.0,0.0,False,False,False,False,0,0,0,0,0,0,78,531,"[false, false, false]",0,2,0,Starfield Stage - 1
613,2025-10-02T20:30:19.254158,8,600.0,672.0,0.0,False,False,False,False,0,0,0,0,0,0,73,516,"[false, false, false]",0,2,0,Starfield Stage - 1
614,2025-10-02T20:30:19.262345,8,600.0,672.0,0.0,False,False,False,False,0,0,0,0,0,0,72,499,"[false, false, false]",0,2,0,Starfield Stage - 1
615,2025-10-02T20:30:19.272922,9,600.0,672.0,0.0,False,False,False,False,0,0,0,0,0,0,74,483,"[false, false, false]",0,2,0,Starfield Stage - 1
616,2025-10-02T20:30:19.278922,8,600.0,672.0,0.0,False,False,False,False,0,0,0,0,0,0,92,449,"[false, false, false]",0,2,0,Starfield Stage - 1
617,2025-10-02T20:30:19.288286,9,600.0,672.0,0.0,False,False,False,False,0,0,0,0,0,0,92,449,"[false, false, false]",0,2,0,Starfield Stage - 1
618,2025-10-02T20:30:19.297750,9,600.0,672.0,0.0,False,False,False,False,0,0,0,0,0,0,128,423,"[false, false, false]",0,2,0,Starfield Stage - 1
619,2025-10-02T20:30:19.304746,8,600.0,672.0,0.0,False,False,False,False,0,0,0,0,0,0,152,417,"[false, false, false]",0,2,0,Starfield Stage - 1
620,2025-10-02T20:30:19.312679,8,600.0,672.0,0.0,False,False,False,False,0,0,0,0,0,0,181,415,"[false, false, false]",0,2,0,Starfield Stage - 1
621,2025-10-02T20:30:19.322455,9,600.0,672.0,0.0,False,False,False,False,0,0,0,0,0,0,212,419,"[false, false, false]",0,2,0,Starfield Stage - 1
622,2025-10-02T20:30:19.332084,9,600.0,672.0,0.0,False,False,False,False,0,0,0,0,0,0,247,429,"[false, false, false]",0,2,0,Starfield Stage - 1
623,2025-10-02T20:30:19.339841,9,600.0,672.0,0.0,False,False,False,False,0,0,0,0,0,0,287,446,"[false, false, false]",0,2,0,Starfield Stage - 1
624,2025-10-02T20:30:19.348668,8,600.0,672.0,0.0,False,False,False,False,0,0,0,0,0,0,327,468,"[false, false, false]",0,2,0,Starfield Stage - 1
625,2025-10-02T20:30:19.357024,9,600.0,672.0,0.0,False,False,False,False,0,0,0,0,0,0,369,493,"[false, false, false]",0,2,0,Starfield Stage - 1
626,2025-10-02T20:30:19.365634,8,600.0,672.0,0.0,False,False,False,False,0,0,0,0,0,0,411,521,"[false, false, false]",0,2,0,Starfield Stage - 1
627,2025-10-02T20:30:19.376870,8,600.0,672.0,0.0,False,False,False,False,0,0,0,0,0,0,452,550,"[false, false, false]",0,2,0,Starfield Stage - 1
628,2025-10-02T20:30:19.381587,8,600.0,672.0,0.0,False,False,False,False,0,0,0,0,0,0,491,576,"[false, false, false]",0,2,0,Starfield Stage - 1
629,2025-10-02T20:30:19.390491,9,600.0,672.0,0.0,False,False,False,False,0,0,0,0,0,0,527,602,"[false, false, false]",0,2,0,Starfield Stage - 1
630,2025-10-02T20:30:19.401181,9,600.0,672.0,0.0,False,False,False,False,0,0,0,0,0,0,561,625,"[false, false, false]",0,2,0,Starfield Stage - 1
631,2025-10-02T20:30:19.407464,9,600.0,672.0,0.0,False,False,False,False,0,0,0,0,0,0,627,662,"[false, false, false]",0,2,0,Starfield Stage - 1
632,2025-10-02T20:30:19.418068,9,600.0,672.0,0.0,False,False,False,False,0,0,0,0,0,0,660,675,"[false, false, false]",0,2,0,Starfield Stage - 1
633,2025-10-02T20:30:19.424999,8,600.0,672.0,0.0,False,False,False,False,0,0,0,0,0,0,695,685,"[false, false, false]",0,2,0,Starfield Stage - 1
634,2025-10-02T20:30:19.434090,8,600.0,672.0,0.0,False,False,False,False,0,0,0,0,0,0,729,690,"[false, false, false]",0,2,0,Starfield Stage - 1
635,2025-10-02T20:30:19.441382,8,600.0,672.0,0.0,False,False,False,False,0,0,0,0,0,0,764,690,"[false, false, false]",0,2,0,Starfield Stage - 1
636,2025-10-02T20:30:19.449955,9,600.0,672.0,0.0,False,False,False,False,0,0,0,0,0,0,800,686,"[false, false, false]",0,2,0,Starfield Stage - 1
637,2025-10-02T20:30:19.459639,8,600.0,672.0,0.0,False,False,False,False,0,0,0,0,0,0,835,677,"[false, false, false]",0,2,0,Starfield Stage - 1
638,2025-10-02T20:30:19.466510,9,600.0,672.0,0.0,False,False,False,False,0,0,0,0,0,0,866,662,"[false, false, false]",0,2,0,Starfield Stage - 1
639,2025-10-02T20:30:19.476232,9,600.0,672.0,0.0,False,False,False,False,0,0,0,0,0,0,891,643,"[false, false, false]",0,2,0,Starfield Stage - 1
640,2025-10-02T20:30:19.484208,8,600.0,672.0,0.0,False,False,False,False,0,0,0,0,0,0,909,623,"[false, false, false]",0,2,0,Starfield Stage - 1
641,2025-10-02T20:30:19.491533,8,600.0,672.0,0.0,False,False,False,False,0,0,0,0,0,0,922,602,"[false, false, false]",0,2,0,Starfield Stage - 1
642,2025-10-02T20:30:19.501806,9,600.0,672.0,0.0,False,False,False,False,0,0,0,0,0,0,929,581,"[false, false, false]",0,2,0,Starfield Stage - 1
643,2025-10-02T20:30:19.508966,8,600.0,672.0,0.0,False,False,False,False,0,0,0,0,0,0,932,561,"[false, false, false]",0,2,0,Starfield Stage - 1
644,2025-10-02T20:30:19.517873,8,600.0,672.0,0.0,False,False,False,False,0,0,0,0,0,0,929,543,"[false, false, false]",0,2,0,Starfield Stage - 1
645,2025-10-02T20:30:19.528297,8,600.0,672.0,0.0,False,False,False,False,0,0,0,0,0,0,921,527,"[false, false, false]",0,2,0,Starfield Stage - 1
646,2025-10-02T20:30:19.533558,8,600.0,672.0,0.0,False,False,False,False,0,0,0,0,0,0,909,512,"[false, false, false]",0,2,0,Starfield Stage - 1
647,2025-10-02T20:30:19.543026,9,600.0,672.0,0.0,False,False,False,False,0,0,0,0,0,0,891,499,"[false, false, false]",0,2,0,Starfield Stage - 1
648,2025-10-02T20:30:19.552915,9,600.0,672.0,0.0,False,False,False,False,0,0,0,0,0,0,870,490,"[false, false, false]",0,2,0,Starfield Stage - 1
649,2025-10-02T20:30:19.559236,8,600.0,672.0,0.0,False,False,False,False,0,0,0,0,0,0,846,482,"[false, false, false]",0,2,0,Starfield Stage - 1
650,2025-10-02T20:30:19.567955,8,600.0,672.0,0.0,False,False,False,False,0,0,0,0,0,0,790,476,"[false, false, false]",0,2,0,Starfield Stage - 1
651,2025-10-02T20:30:19.576789,8,600.0,672.0,0.0,False,False,False,False,0,0,0,0,0,0,757,479,"[false, false, false]",0,2,0,Starfield Stage - 1
652,2025-10-02T20:30:19.582796,8,600.0,672.0,0.0,False,False,False,False,0,0,0,0,0,0,757,479,"[false, false, false]",0,2,0,Starfield Stage - 1
653,2025-10-02T20:30:19.591629,8,600.0,672.0,0.0,False,False,False,False,0,0,0,0,0,0,676,496,"[false, false, false]",0,2,0,Starfield Stage - 1
654,2025-10-02T20:30:19.600018,9,600.0,672.0,0.0,False,False,False,False,0,0,0,0,0,0,676,496,"[false, false, false]",0,2,0,Starfield Stage - 1
655,2025-10-02T20:30:19.609235,9,600.0,672.0,0.0,False,False,False,False,0,0,0,0,0,0,579,526,"[false, false, false]",0,2,0,Starfield Stage - 1
656,2025-10-02T20:30:19.617391,8,600.0,672.0,0.0,False,False,False,False,0,0,0,0,0,0,528,543,"[false, false, false]",0,2,0,Starfield Stage - 1
657,2025-10-02T20:30:19.626538,9,600.0,672.0,0.0,False,False,False,False,0,0,0,0,0,0,481,558,"[false, false, false]",0,2,0,Starfield Stage - 1
658,2025-10-02T20:30:19.635985,9,600.0,672.0,0.0,False,False,False,False,0,0,0,0,0,0,437,570,"[false, false, false]",0,2,0,Starfield Stage - 1
659,2025-10-02T20:30:19.642536,8,600.0,672.0,0.0,False,False,False,False,0,0,0,0,0,0,396,578,"[false, false, false]",0,2,0,Starfield Stage - 1
660,2025-10-02T20:30:19.652963,9,600.0,672.0,0.0,False,False,False,False,0,0,0,0,0,0,362,582,"[false, false, false]",0,2,0,Starfield Stage - 1
661,2025-10-02T20:30:19.660742,9,600.0,672.0,0.0,False,False,False,False,0,0,0,0,0,0,333,584,"[false, false, false]",0,2,0,Starfield Stage - 1
662,2025-10-02T20:30:19.670054,8,600.0,672.0,0.0,False,False,False,False,0,0,0,0,0,0,312,582,"[false, false, false]",0,2,0,Starfield Stage - 1
663,2025-10-02T20:30:19.678056,9,600.0,672.0,0.0,False,False,False,False,0,0,0,0,0,0,296,576,"[false, false, false]",0,2,0,Starfield Stage - 1
664,2025-10-02T20:30:19.687453,8,600.0,672.0,0.0,False,False,False,False,0,0,0,0,0,0,288,568,"[false, false, false]",0,2,0,Starfield Stage - 1
665,2025-10-02T20:30:19.695151,9,600.0,672.0,0.0,False,False,False,False,0,0,0,0,0,0,283,559,"[false, false, false]",0,2,0,Starfield Stage - 1
666,2025-10-02T20:30:19.703915,9,600.0,672.0,0.0,False,False,False,False,0,0,0,0,0,0,281,546,"[false, false, false]",0,2,0,Starfield Stage - 1
667,2025-10-02T20:30:19.712713,8,600.0,672.0,0.0,False,False,False,False,0,0,0,0,0,0,291,517,"[false, false, false]",0,2,0,Starfield Stage - 1
668,2025-10-02T20:30:19.719893,8,600.0,672.0,0.0,False,False,False,False,0,0,0,0,0,0,303,499,"[false, false, false]",0,2,0,Starfield Stage - 1
669,2025-10-02T20:30:19.728061,8,600.0,672.0,0.0,False,False,False,False,0,0,0,0,0,0,320,483,"[false, false, false]",0,2,0,Starfield Stage - 1
670,2025-10-02T20:30:19.737258,8,600.0,672.0,0.0,False,False,False,False,0,0,0,0,0,0,341,469,"[false, false, false]",0,2,0,Starfield Stage - 1
671,2025-10-02T20:30:19.745248,9,600.0,672.0,0.0,False,False,False,False,0,0,0,0,0,0,366,458,"[false, false, false]",0,2,0,Starfield Stage - 1
672,2025-10-02T20:30:19.753138,8,600.0,672.0,0.0,False,False,False,False,0,0,0,0,0,0,394,452,"[false, false, false]",0,2,0,Starfield Stage - 1
673,2025-10-02T20:30:19.761647,8,600.0,672.0,0.0,False,False,False,False,0,0,0,0,0,0,424,449,"[false, false, false]",0,2,0,Starfield Stage - 1
674,2025-10-02T20:30:19.770309,9,600.0,672.0,0.0,False,False,False,False,0,0,0,0,0,0,457,451,"[false, false, false]",0,2,0,Starfield Stage - 1
675,2025-10-02T20:30:19.779039,9,600.0,672.0,0.0,False,False,False,False,0,0,0,0,0,0,492,459,"[false, false, false]",0,2,0,Starfield Stage - 1
676,2025-10-02T20:30:19.787845,8,600.0,672.0,0.0,False,False,False,False,0,0,0,0,0,0,527,472,"[false, false, false]",0,2,0,Starfield Stage - 1
677,2025-10-02T20:30:19.795318,9,600.0,672.0,0.0,False,False,False,False,0,0,0,0,0,0,564,492,"[false, false, false]",0,2,0,Starfield Stage - 1
678,2025-10-02T20:30:19.805316,8,600.0,672.0,0.0,False,False,False,False,0,0,0,0,0,0,599,517,"[false, false, false]",0,2,0,Starfield Stage - 1
679,2025-10-02T20:30:19.812735,9,600.0,672.0,0.0,False,False,False,False,0,0,0,0,0,0,634,544,"[false, false, false]",0,2,0,Starfield Stage - 1
680,2025-10-02T20:30:19.821707,8,600.0,672.0,0.0,False,False,False,False,0,0,0,0,0,0,667,574,"[false, false, false]",0,2,0,Starfield Stage - 1
681,2025-10-02T20:30:19.830895,8,600.0,672.0,0.0,False,False,False,False,0,0,0,0,0,0,699,604,"[false, false, false]",0,2,0,Starfield Stage - 1
682,2025-10-02T20:30:19.837745,9,600.0,672.0,0.0,False,False,False,False,0,0,0,0,0,0,729,633,"[false, false, false]",0,2,0,Starfield Stage - 1
683,2025-10-02T20:30:19.847209,8,600.0,672.0,0.0,False,False,False,False,0,0,0,0,0,0,757,659,"[false, false, false]",0,2,0,Starfield Stage - 1
684,2025-10-02T20:30:19.855149,9,600.0,672.0,0.0,False,False,False,False,0,0,0,0,0,0,785,681,"[false, false, false]",0,2,0,Starfield Stage - 1
685,2025-10-02T20:30:19.863553,8,600.0,672.0,0.0,False,False,False,False,0,0,0,0,0,0,813,698,"[false, false, false]",0,2,0,Starfield Stage - 1
686,2025-10-02T20:30:19.872429,9,600.0,672.0,0.0,False,False,False,False,0,0,0,0,0,0,871,717,"[false, false, false]",0,2,0,Starfield Stage - 1
687,2025-10-02T20:30:19.881362,9,600.0,672.0,0.0,False,False,False,False,0,0,0,0,0,0,901,718,"[false, false, false]",0,2,0,Starfield Stage - 1
688,2025-10-02T20:30:19.890423,9,600.0,672.0,0.0,False,False,False,False,0,0,0,0,0,0,932,714,"[false, false, false]",0,2,0,Starfield Stage - 1
689,2025-10-02T20:30:19.898425,8,600.0,672.0,0.0,False,False,False,False,0,0,0,0,0,0,965,703,"[false, false, false]",0,2,0,Starfield Stage - 1
690,2025-10-02T20:30:19.908341,9,600.0,672.0,0.0,False,False,False,False,0,0,0,0,0,0,995,686,"[false, false, false]",0,2,0,Starfield Stage - 1
691,2025-10-02T20:30:19.916145,8,600.0,672.0,0.0,False,False,False,False,0,0,0,0,0,0,1022,666,"[false, false, false]",0,2,0,Starfield Stage - 1
692,2025-10-02T20:30:19.924527,8,600.0,672.0,0.0,False,False,False,False,0,0,0,0,0,0,1043,645,"[false, false, false]",0,2,0,Starfield Stage - 1
693,2025-10-02T20:30:19.934348,9,600.0,672.0,0.0,False,False,False,False,0,0,0,0,0,0,1059,625,"[false, false, false]",0,2,0,Starfield Stage - 1
694,2025-10-02T20:30:19.940316,8,600.0,672.0,0.0,False,False,False,False,0,0,0,0,0,0,1069,605,"[false, false, false]",0,2,0,Starfield Stage - 1
695,2025-10-02T20:30:19.950626,9,600.0,672.0,0.0,False,False,False,False,0,0,0,0,0,0,1075,587,"[false, false, false]",0,2,0,Starfield Stage - 1
696,2025-10-02T20:30:19.958086,9,600.0,672.0,0.0,False,False,False,False,0,0,0,0,0,0,1077,574,"[false, false, false]",0,2,0,Starfield Stage - 1
697,2025-10-02T20:30:19.967484,9,600.0,672.0,0.0,False,False,False,False,0,0,0,0,0,0,1077,563,"[false, false, false]",0,2,0,Starfield Stage - 1
698,2025-10-02T20:30:19.975946,9,600.0,672.0,0.0,False,False,False,False,0,0,0,0,0,0,1073,555,"[false, false, false]",0,2,0,Starfield Stage - 1
699,2025-10-02T20:30:19.984197,8,600.0,672.0,0.0,False,False,False,False,0,0,0,0,0,0,1061,544,"[false, false, false]",0,2,0,Starfield Stage - 1
700,2025-10-02T20:30:19.993161,9,600.0,672.0,0.0,False,False,False,False,0,0,0,0,0,0,1052,541,"[false, false, false]",0,2,0,Starfield Stage - 1
701,2025-10-02T20:30:20.002811,9,600.0,672.0,0.0,False,False,False,False,0,0,0,0,0,0,1044,539,"[false, false, false]",0,2,0,Starfield Stage - 1
702,2025-10-02T20:30:20.011983,8,600.0,672.0,0.0,False,False,False,False,0,0,0,0,0,0,1033,538,"[false, false, false]",0,2,0,Starfield Stage - 1
703,2025-10-02T20:30:20.020731,9,600.0,672.0,0.0,False,False,False,False,0,0,0,0,0,0,1023,538,"[false, false, false]",0,2,0,Starfield Stage - 1
704,2025-10-02T20:30:20.029048,8,600.0,672.0,0.0,False,False,False,False,0,0,0,0,0,0,1013,538,"[false, false, false]",0,2,0,Starfield Stage - 1
705,2025-10-02T20:30:20.037795,8,600.0,672.0,0.0,False,False,False,False,0,0,0,0,0,0,999,540,"[false, false, false]",0,2,0,Starfield Stage - 1
706,2025-10-02T20:30:20.044324,8,600.0,672.0,0.0,False,False,False,False,0,0,0,0,0,0,984,544,"[false, false, false]",0,2,0,Starfield Stage - 1
707,2025-10-02T20:30:20.054077,9,600.0,672.0,0.0,False,False,False,False,0,0,0,0,0,0,969,548,"[false, false, false]",0,2,0,Starfield Stage - 1
708,2025-10-02T20:30:20.063161,9,600.0,672.0,0.0,False,False,False,False,0,0,0,0,0,0,952,553,"[false, false, false]",0,2,0,Starfield Stage - 1
709,2025-10-02T20:30:20.070832,8,600.0,672.0,0.0,False,False,False,False,0,0,0,0,0,0,937,557,"[false, false, false]",0,2,0,Starfield Stage - 1
710,2025-10-02T20:30:20.078475,8,600.0,672.0,0.0,False,False,False,False,0,0,0,0,0,0,923,561,"[false, false, false]",0,2,0,Starfield Stage - 1
711,2025-10-02T20:30:20.090013,9,600.0,672.0,0.0,False,False,False,False,0,0,0,0,0,0,909,565,"[false, false, false]",0,2,0,Starfield Stage - 1
712,2025-10-02T20:30:20.096639,8,600.0,672.0,0.0,False,False,False,False,0,0,0,0,0,0,896,568,"[false, false, false]",0,2,0,Starfield Stage - 1
713,2025-10-02T20:30:20.104176,8,600.0,672.0,0.0,False,False,False,False,0,0,0,0,0,0,886,570,"[false, false, false]",0,2,0,Starfield Stage - 1
714,2025-10-02T20:30:20.110244,8,600.0,672.0,0.0,False,False,False,False,0,0,0,0,0,0,878,571,"[false, false, false]",0,2,0,Starfield Stage - 1
715,2025-10-02T20:30:20.118980,8,600.0,672.0,0.0,False,False,False,False,0,0,0,0,0,0,871,572,"[false, false, false]",0,2,0,Starfield Stage - 1
716,2025-10-02T20:30:20.128331,8,600.0,672.0,0.0,False,False,False,False,0,0,0,0,0,0,867,572,"[false, false, false]",0,2,0,Starfield Stage - 1
717,2025-10-02T20:30:20.134328,8,600.0,672.0,0.0,False,False,False,False,0,0,0,0,0,0,861,572,"[false, false, false]",0,2,0,Starfield Stage - 1
718,2025-10-02T20:30:20.143158,8,600.0,672.0,0.0,False,False,False,False,0,0,0,0,0,0,861,572,"[false, false, false]",0,2,0,Starfield Stage - 1
719,2025-10-02T20:30:20.151865,9,600.0,672.0,0.0,False,False,False,False,0,0,0,0,0,0,859,571,"[false, false, false]",0,2,0,Starfield Stage - 1
720,2025-10-02T20:30:20.158937,8,600.0,672.0,0.0,False,False,False,False,0,0,0,0,0,0,856,571,"[false, false, false]",0,2,0,Starfield Stage - 1
721,2025-10-02T20:30:20.167760,8,600.0,672.0,0.0,False,False,False,False,0,0,0,0,0,0,852,571,"[false, false, false]",0,2,0,Starfield Stage - 1
722,2025-10-02T20:30:20.175390,8,600.0,672.0,0.0,False,False,False,False,0,0,0,0,0,0,851,571,"[false, false, false]",0,2,0,Starfield Stage - 1
723,2025-10-02T20:30:20.184036,9,600.0,672.0,0.0,False,False,False,False,0,0,0,0,0,0,851,571,"[false, false, false]",0,2,0,Starfield Stage - 1
724,2025-10-02T20:30:20.193301,9,600.0,672.0,0.0,False,False,False,False,0,0,0,0,0,0,850,571,"[false, false, false]",0,2,0,Starfield Stage - 1
725,2025-10-02T20:30:20.201361,9,600.0,672.0,0.0,False,False,False,False,0,0,0,0,0,0,850,571,"[false, false, false]",0,2,0,Starfield Stage - 1
726,2025-10-02T20:30:20.211362,9,600.0,672.0,0.0,False,False,False,False,0,0,0,0,0,0,850,571,"[false, false, false]",0,2,0,Starfield Stage - 1
727,2025-10-02T20:30:20.220678,9,600.0,672.0,0.0,False,False,False,False,0,0,0,0,0,0,850,570,"[false, false, false]",0,2,0,Starfield Stage - 1
728,2025-10-02T20:30:20.228486,8,600.0,672.0,0.0,False,False,False,False,0,0,0,0,0,0,850,570,"[false, false, false]",0,2,0,Starfield Stage - 1
729,2025-10-02T20:30:20.237083,9,600.0,672.0,0.0,False,False,False,False,0,0,0,0,0,0,850,570,"[false, false, false]",0,2,0,Starfield Stage - 1
730,2025-10-02T20:30:20.245066,8,600.0,672.0,0.0,False,False,False,False,0,0,0,0,0,0,850,570,"[false, false, false]",0,2,0,Starfield Stage - 1
731,2025-10-02T20:30:20.253647,8,600.0,672.0,0.0,False,False,False,False,0,0,0,0,0,0,850,570,"[false, false, false]",0,2,0,Starfield Stage - 1
732,2025-10-02T20:30:20.261967,9,600.0,672.0,0.0,False,False,False,False,0,0,0,0,0,0,850,570,"[false, false, false]",0,2,0,Starfield Stage - 1
733,2025-10-02T20:30:20.270398,8,600.0,672.0,0.0,False,False,False,False,0,0,0,0,0,0,850,570,"[false, false, false]",0,2,0,Starfield Stage - 1
734,2025-10-02T20:30:20.278734,8,600.0,672.0,0.0,False,False,False,False,0,0,0,0,0,0,850,570,"[false, false, false]",0,2,0,Starfield Stage - 1
735,2025-10-02T20:30:20.286099,8,600.0,672.0,0.0,False,False,False,False,0,0,0,0,0,0,850,570,"[false, false, false]",0,2,0,Starfield Stage - 1
736,2025-10-02T20:30:20.294628,8,600.0,672.0,0.0,False,False,False,False,0,0,0,0,0,0,850,570,"[false, false, false]",0,2,0,Starfield Stage - 1
737,2025-10-02T20:30:20.302603,9,600.0,672.0,0.0,False,False,False,False,0,0,0,0,0,0,850,570,"[false, false, false]",0,2,0,Starfield Stage - 1
738,2025-10-02T20:30:20.312592,9,600.0,672.0,0.0,False,False,False,False,0,0,0,0,0,0,850,570,"[false, false, false]",0,2,0,Starfield Stage - 1
739,2025-10-02T20:30:20.321164,9,600.0,672.0,0.0,False,False,False,False,0,0,0,0,0,0,850,570,"[false, false, false]",0,2,0,Starfield Stage - 1
740,2025-10-02T20:30:20.330321,9,600.0,672.0,0.0,False,False,False,False,0,0,0,0,0,0,850,570,"[false, false, false]",0,2,0,Starfield Stage - 1
741,2025-10-02T20:30:20.340306,9,600.0,672.0,0.0,False,False,False,False,0,0,0,0,0,0,850,570,"[false, false, false]",0,2,0,Starfield Stage - 1
742,2025-10-02T20:30:20.347991,8,600.0,672.0,0.0,False,False,False,False,0,0,0,0,0,0,850,570,"[false, false, false]",0,2,0,Starfield Stage - 1
743,2025-10-02T20:30:20.355077,8,600.0,672.0,0.0,False,False,False,False,0,0,0,0,0,0,850,570,"[false, false, false]",0,2,0,Starfield Stage - 1
744,2025-10-02T20:30:20.364572,8,600.0,672.0,0.0,False,False,False,False,0,0,0,0,0,0,850,570,"[false, false, false]",0,2,0,Starfield Stage - 1
745,2025-10-02T20:30:20.372160,9,600.0,672.0,0.0,False,False,False,False,0,0,0,0,0,0,850,570,"[false, false, false]",0,2,0,Starfield Stage - 1
746,2025-10-02T20:30:20.381614,9,600.0,672.0,0.0,False,False,False,False,0,0,0,0,0,0,850,570,"[false, false, false]",0,2,0,Starfield Stage - 1
747,2025-10-02T20:30:20.390410,9,600.0,672.0,0.0,False,False,False,False,0,0,0,0,0,0,850,570,"[false, false, false]",0,2,0,Starfield Stage - 1
748,2025-10-02T20:30:20.398999,9,600.0,672.0,0.0,False,False,False,False,0,0,0,0,0,0,850,570,"[false, false, false]",0,2,0,Starfield Stage - 1
749,2025-10-02T20:30:20.406407,8,600.0,672.0,0.0,False,False,False,False,0,0,0,0,0,0,850,570,"[false, false, false]",0,2,0,Starfield Stage - 1
750,2025-10-02T20:30:20.416014,8,600.0,672.0,0.0,False,False,False,False,0,0,0,0,0,0,850,570,"[false, false, false]",0,2,0,Starfield Stage - 1
751,2025-10-02T20:30:20.423365,8,600.0,672.0,0.0,False,False,False,False,0,0,0,0,0,0,850,570,"[false, false, false]",0,2,0,Starfield Stage - 1
752,2025-10-02T20:30:20.432788,9,600.0,672.0,0.0,False,False,False,False,0,0,0,0,0,0,850,570,"[false, false, false]",0,2,0,Starfield Stage - 1
753,2025-10-02T20:30:20.442920,8,600.0,672.0,0.0,False,False,False,False,0,0,0,0,0,0,850,570,"[false, false, false]",0,2,0,Starfield Stage - 1
754,2025-10-02T20:30:20.447995,8,600.0,672.0,0.0,False,False,False,False,0,0,0,0,0,0,850,570,"[false, false, false]",0,2,0,Starfield Stage - 1
755,2025-10-02T20:30:20.456186,8,600.0,672.0,0.0,False,False,False,False,0,0,0,0,0,0,850,570,"[false, false, false]",0,2,0,Starfield Stage - 1
756,2025-10-02T20:30:20.465290,9,600.0,672.0,0.0,False,False,False,False,0,0,0,0,0,0,850,570,"[false, false, false]",0,2,0,Starfield Stage - 1
757,2025-10-02T20:30:20.474287,9,600.0,672.0,0.0,False,False,False,False,0,0,0,0,0,0,850,570,"[false, false, false]",0,2,0,Starfield Stage - 1
758,2025-10-02T20:30:20.483028,9,600.0,672.0,0.0,False,False,False,False,0,0,0,0,0,0,850,570,"[false, false, false]",0,2,0,Starfield Stage - 1
759,2025-10-02T20:30:20.491552,8,600.0,672.0,0.0,False,False,False,False,0,0,0,0,0,0,850,570,"[false, false, false]",0,2,0,Starfield Stage - 1
760,2025-10-02T20:30:20.500427,9,600.0,672.0,0.0,False,False,False,False,0,0,0,0,0,0,850,570,"[false, false, false]",0,2,0,Starfield Stage - 1
761,2025-10-02T20:30:20.509040,8,600.0,672.0,0.0,False,False,False,False,0,0,0,0,0,0,850,570,"[false, false, false]",0,2,0,Starfield Stage - 1
762,2025-10-02T20:30:20.516276,9,600.0,672.0,0.0,False,False,False,False,0,0,0,0,0,0,850,572,"[false, false, false]",0,2,0,Starfield Stage - 1
763,2025-10-02T20:30:20.526874,9,600.0,672.0,0.0,False,False,False,False,0,0,0,0,0,0,851,575,"[false, false, false]",0,2,0,Starfield Stage - 1
764,2025-10-02T20:30:20.533897,8,600.0,672.0,0.0,False,False,False,False,0,0,0,0,0,0,852,581,"[false, false, false]",0,2,0,Starfield Stage - 1
765,2025-10-02T20:30:20.542589,8,600.0,672.0,0.0,False,False,False,False,0,0,0,0,0,0,853,592,"[false, false, false]",0,2,0,Starfield Stage - 1
766,2025-10-02T20:30:20.551097,9,600.0,672.0,0.0,False,False,False,False,0,0,0,0,0,0,854,605,"[false, false, false]",0,2,0,Starfield Stage - 1
767,2025-10-02T20:30:20.558723,8,600.0,672.0,0.0,False,False,False,False,0,0,0,0,0,0,851,635,"[false, false, false]",0,2,0,Starfield Stage - 1
768,2025-10-02T20:30:20.568609,8,600.0,672.0,0.0,False,False,False,False,0,0,0,0,0,0,851,635,"[false, false, false]",0,2,0,Starfield Stage - 1
769,2025-10-02T20:30:20.575667,9,600.0,672.0,0.0,False,False,False,False,0,0,0,0,0,0,833,667,"[false, false, false]",0,2,0,Starfield Stage - 1
770,2025-10-02T20:30:20.585629,9,600.0,672.0,0.0,False,False,False,False,0,0,0,0,0,0,819,682,"[false, false, false]",0,2,0,Starfield Stage - 1
771,2025-10-02T20:30:20.594721,9,600.0,672.0,0.0,False,False,False,False,0,0,0,0,0,0,802,694,"[false, false, false]",0,2,0,Starfield Stage - 1
772,2025-10-02T20:30:20.601974,8,600.0,672.0,0.0,False,False,False,False,0,0,0,0,0,0,783,705,"[false, false, false]",0,2,0,Starfield Stage - 1
773,2025-10-02T20:30:20.610994,8,600.0,672.0,0.0,False,False,False,False,0,0,0,0,0,0,763,714,"[false, false, false]",0,2,0,Starfield Stage - 1
774,2025-10-02T20:30:20.618626,8,600.0,672.0,0.0,False,False,False,False,0,0,0,0,0,0,742,719,"[false, false, false]",0,2,0,Starfield Stage - 1
775,2025-10-02T20:30:20.627677,9,600.0,672.0,0.0,False,False,False,False,0,0,0,0,0,0,721,721,"[false, false, false]",0,2,0,Starfield Stage - 1
776,2025-10-02T20:30:20.636158,9,600.0,672.0,0.0,False,False,False,False,0,0,0,0,0,0,701,721,"[false, false, false]",0,2,0,Starfield Stage - 1
777,2025-10-02T20:30:20.645939,9,600.0,672.0,0.0,False,False,False,False,0,0,0,0,0,0,682,716,"[false, false, false]",0,2,0,Starfield Stage - 1
778,2025-10-02T20:30:20.653481,8,600.0,672.0,0.0,False,False,False,False,0,0,0,0,0,0,664,706,"[false, false, false]",0,2,0,Starfield Stage - 1
779,2025-10-02T20:30:20.662377,9,600.0,672.0,0.0,False,False,False,False,0,0,0,0,0,0,644,690,"[false, false, false]",0,2,0,Starfield Stage - 1
780,2025-10-02T20:30:20.673603,9,600.0,672.0,0.0,False,False,False,False,0,0,0,0,0,0,624,669,"[false, false, false]",0,2,0,Starfield Stage - 1
781,2025-10-02T20:30:20.680990,10,600.0,672.0,0.0,False,False,False,False,0,0,0,0,0,0,604,644,"[false, false, false]",0,2,0,Starfield Stage - 1
782,2025-10-02T20:30:20.689194,8,600.0,672.0,0.0,False,False,False,False,0,0,0,0,0,0,560,584,"[false, false, false]",0,2,0,Starfield Stage - 1
783,2025-10-02T20:30:20.697999,8,600.0,672.0,0.0,False,False,False,False,0,0,0,0,0,0,537,554,"[false, false, false]",0,2,0,Starfield Stage - 1
784,2025-10-02T20:30:20.705548,8,600.0,672.0,0.0,False,False,False,False,0,0,0,0,0,0,515,523,"[false, false, false]",0,2,0,Starfield Stage - 1
785,2025-10-02T20:30:20.714688,9,600.0,672.0,0.0,False,False,False,False,0,0,0,0,0,0,497,496,"[false, false, false]",0,2,0,Starfield Stage - 1
786,2025-10-02T20:30:20.723540,9,600.0,672.0,0.0,False,False,False,False,0,0,0,0,0,0,486,475,"[false, false, false]",0,2,0,Starfield Stage - 1
787,2025-10-02T20:30:20.732268,9,600.0,672.0,0.0,False,False,False,False,0,0,0,0,0,0,479,457,"[false, false, false]",0,2,0,Starfield Stage - 1
788,2025-10-02T20:30:20.740039,8,600.0,672.0,0.0,False,False,False,False,0,0,0,0,0,0,480,448,"[false, false, false]",0,2,0,Starfield Stage - 1
789,2025-10-02T20:30:20.748884,8,600.0,672.0,0.0,False,False,False,False,0,0,0,0,0,0,486,442,"[false, false, false]",0,2,0,Starfield Stage - 1
790,2025-10-02T20:30:20.756177,8,600.0,672.0,0.0,False,False,False,False,0,0,0,0,0,0,501,437,"[false, false, false]",0,2,0,Starfield Stage - 1
791,2025-10-02T20:30:20.764838,8,600.0,672.0,0.0,False,False,False,False,0,0,0,0,0,0,523,436,"[false, false, false]",0,2,0,Starfield Stage - 1
792,2025-10-02T20:30:20.772711,8,600.0,672.0,0.0,False,False,False,False,0,0,0,0,0,0,555,440,"[false, false, false]",0,2,0,Starfield Stage - 1
793,2025-10-02T20:30:20.780566,8,600.0,672.0,0.0,False,False,False,False,0,0,0,0,0,0,590,447,"[false, false, false]",0,2,0,Starfield Stage - 1
794,2025-10-02T20:30:20.790183,9,600.0,672.0,0.0,False,False,False,False,0,0,0,0,0,0,627,459,"[false, false, false]",0,2,0,Starfield Stage - 1
795,2025-10-02T20:30:20.800482,8,600.0,672.0,0.0,False,False,False,False,0,0,0,0,0,0,663,474,"[false, false, false]",0,2,0,Starfield Stage - 1
796,2025-10-02T20:30:20.806051,9,600.0,672.0,0.0,False,False,False,False,0,0,0,0,0,0,700,493,"[false, false, false]",0,2,0,Starfield Stage - 1
797,2025-10-02T20:30:20.813879,8,600.0,672.0,0.0,False,False,False,False,0,0,0,0,0,0,733,515,"[false, false, false]",0,2,0,Starfield Stage - 1
798,2025-10-02T20:30:20.824844,8,600.0,672.0,0.0,False,False,False,False,0,0,0,0,0,0,763,538,"[false, false, false]",0,2,0,Starfield Stage - 1
799,2025-10-02T20:30:20.831097,9,600.0,672.0,0.0,False,False,False,False,0,0,0,0,0,0,790,562,"[false, false, false]",0,2,0,Starfield Stage - 1
800,2025-10-02T20:30:20.839815,8,600.0,672.0,0.0,False,False,False,False,0,0,0,0,0,0,810,586,"[false, false, false]",0,2,0,Starfield Stage - 1
801,2025-10-02T20:30:20.849339,8,600.0,672.0,0.0,False,False,False,False,0,0,0,0,0,0,826,608,"[false, false, false]",0,2,0,Starfield Stage - 1
802,2025-10-02T20:30:20.855791,9,600.0,672.0,0.0,False,False,False,False,0,0,0,0,0,0,841,645,"[false, false, false]",0,2,0,Starfield Stage - 1
803,2025-10-02T20:30:20.865188,8,600.0,672.0,0.0,False,False,False,False,0,0,0,0,0,0,842,656,"[false, false, false]",0,2,0,Starfield Stage - 1
804,2025-10-02T20:30:20.873366,9,600.0,672.0,0.0,False,False,False,False,0,0,0,0,0,0,839,663,"[false, false, false]",0,2,0,Starfield Stage - 1
805,2025-10-02T20:30:20.882917,9,600.0,672.0,0.0,False,False,False,False,0,0,0,0,0,0,834,668,"[false, false, false]",0,2,0,Starfield Stage - 1
806,2025-10-02T20:30:20.889919,8,600.0,672.0,0.0,False,False,False,False,0,0,0,0,0,0,824,671,"[false, false, false]",0,2,0,Starfield Stage - 1
807,2025-10-02T20:30:20.899123,8,600.0,672.0,0.0,False,False,False,False,0,0,0,0,0,0,810,673,"[false, false, false]",0,2,0,Starfield Stage - 1
808,2025-10-02T20:30:20.906236,8,600.0,672.0,0.0,False,False,False,False,0,0,0,0,0,0,795,672,"[false, false, false]",0,2,0,Starfield Stage - 1
809,2025-10-02T20:30:20.915158,9,600.0,672.0,0.0,False,False,False,False,0,0,0,0,0,0,776,668,"[false, false, false]",0,2,0,Starfield Stage - 1
810,2025-10-02T20:30:20.924431,9,600.0,672.0,0.0,False,False,False,False,0,0,0,0,0,0,755,661,"[false, false, false]",0,2,0,Starfield Stage - 1
811,2025-10-02T20:30:20.933009,9,600.0,672.0,0.0,False,False,False,False,0,0,0,0,0,0,731,651,"[false, false, false]",0,2,0,Starfield Stage - 1
812,2025-10-02T20:30:20.943054,9,600.0,672.0,0.0,False,False,False,False,0,0,0,0,0,0,706,638,"[false, false, false]",0,2,0,Starfield Stage - 1
813,2025-10-02T20:30:20.951718,9,600.0,672.0,0.0,False,False,False,False,0,0,0,0,0,0,681,621,"[false, false, false]",0,2,0,Starfield Stage - 1
814,2025-10-02T20:30:20.958556,8,600.0,672.0,0.0,False,False,False,False,0,0,0,0,0,0,633,587,"[false, false, false]",0,2,0,Starfield Stage - 1
815,2025-10-02T20:30:20.968678,9,600.0,672.0,0.0,False,False,False,False,0,0,0,0,0,0,612,572,"[false, false, false]",0,2,0,Starfield Stage - 1
816,2025-10-02T20:30:20.975737,8,600.0,672.0,0.0,False,False,False,False,0,0,0,0,0,0,596,561,"[false, false, false]",0,2,0,Starfield Stage - 1
817,2025-10-02T20:30:20.984004,8,600.0,672.0,0.0,False,False,False,False,0,0,0,0,0,0,584,552,"[false, false, false]",0,2,0,Starfield Stage - 1
818,2025-10-02T20:30:20.992620,8,600.0,672.0,0.0,False,False,False,False,0,0,0,0,0,0,579,549,"[false, false, false]",0,2,0,Starfield Stage - 1
819,2025-10-02T20:30:21.000726,9,600.0,672.0,0.0,False,False,False,False,0,0,0,0,0,0,577,547,"[false, false, false]",0,2,0,Starfield Stage - 1
820,2025-10-02T20:30:21.009664,8,600.0,672.0,0.0,False,False,False,False,0,0,0,0,0,0,576,547,"[false, false, false]",0,2,0,Starfield Stage - 1
821,2025-10-02T20:30:21.017701,8,600.0,672.0,0.0,False,False,False,False,0,0,0,0,0,0,576,547,"[false, false, false]",0,2,0,Starfield Stage - 1
822,2025-10-02T20:30:21.024919,8,600.0,672.0,0.0,False,False,False,False,0,0,0,0,0,0,576,547,"[false, false, false]",0,2,0,Starfield Stage - 1
823,2025-10-02T20:30:21.033448,8,600.0,672.0,0.0,False,False,False,False,0,0,0,0,0,0,577,547,"[false, false, false]",0,2,0,Starfield Stage - 1
824,2025-10-02T20:30:21.042064,9,600.0,672.0,0.0,False,False,False,False,0,0,0,0,0,0,578,547,"[false, false, false]",0,2,0,Starfield Stage - 1
825,2025-10-02T20:30:21.051438,9,600.0,672.0,0.0,False,False,False,False,0,0,0,0,0,0,580,547,"[false, false, false]",0,2,0,Starfield Stage - 1
826,2025-10-02T20:30:21.060337,9,600.0,672.0,0.0,False,False,False,False,0,0,0,0,0,0,581,547,"[false, false, false]",0,2,0,Starfield Stage - 1
827,2025-10-02T20:30:21.069391,9,600.0,672.0,0.0,False,False,False,False,0,0,0,0,0,0,583,547,"[false, false, false]",0,2,0,Starfield Stage - 1
828,2025-10-02T20:30:21.079884,9,600.0,672.0,0.0,False,False,False,False,0,0,0,0,0,0,584,547,"[false, false, false]",0,2,0,Starfield Stage - 1
829,2025-10-02T20:30:21.085808,8,600.0,672.0,0.0,False,False,False,False,0,0,0,0,0,0,585,548,"[false, false, false]",0,2,0,Starfield Stage - 1
830,2025-10-02T20:30:21.094850,8,600.0,672.0,0.0,False,False,False,False,0,0,0,0,0,0,586,548,"[false, false, false]",0,2,0,Starfield Stage - 1
831,2025-10-02T20:30:21.103113,8,600.0,672.0,0.0,False,False,False,False,0,0,0,0,0,0,586,548,"[false, false, false]",0,2,0,Starfield Stage - 1
832,2025-10-02T20:30:21.110458,9,600.0,672.0,0.0,False,False,False,False,0,0,0,0,0,0,586,548,"[false, false, false]",0,2,0,Starfield Stage - 1
833,2025-10-02T20:30:21.120847,9,600.0,672.0,0.0,False,False,False,False,0,0,0,0,0,0,586,548,"[false, false, false]",0,2,0,Starfield Stage - 1
834,2025-10-02T20:30:21.128441,9,600.0,672.0,0.0,False,False,False,False,0,0,0,0,0,0,586,548,"[false, false, false]",0,2,0,Starfield Stage - 1
835,2025-10-02T20:30:21.138233,9,600.0,672.0,0.0,False,False,False,False,0,0,0,0,0,0,586,548,"[false, false, false]",0,2,0,Starfield Stage - 1
836,2025-10-02T20:30:21.145476,8,600.0,672.0,0.0,False,False,False,False,0,0,0,0,0,0,586,548,"[false, false, false]",0,2,0,Starfield Stage - 1
837,2025-10-02T20:30:21.155144,8,600.0,672.0,0.0,False,False,False,False,0,0,0,0,0,0,586,548,"[false, false, false]",0,2,0,Starfield Stage - 1
838,2025-10-02T20:30:21.163042,9,600.0,672.0,0.0,False,False,False,False,0,0,0,0,0,0,586,548,"[false, false, false]",0,2,0,Starfield Stage - 1
839,2025-10-02T20:30:21.170615,8,600.0,672.0,0.0,False,False,False,False,0,0,0,0,0,0,586,548,"[false, false, false]",0,2,0,Starfield Stage - 1
840,2025-10-02T20:30:21.181396,9,600.0,672.0,0.0,False,False,False,False,0,0,0,0,0,0,586,548,"[false, false, false]",0,2,0,Starfield Stage - 1
841,2025-10-02T20:30:21.189177,9,600.0,672.0,0.0,False,False,False,False,0,0,0,0,0,0,586,548,"[false, false, false]",0,2,0,Starfield Stage - 1
842,2025-10-02T20:30:21.197658,8,600.0,672.0,0.0,False,False,False,False,0,0,0,0,0,0,586,548,"[false, false, false]",0,2,0,Starfield Stage - 1
843,2025-10-02T20:30:21.206935,9,600.0,672.0,0.0,False,False,False,False,0,0,0,0,0,0,586,548,"[false, false, false]",0,2,0,Starfield Stage - 1
844,2025-10-02T20:30:21.213206,8,600.0,672.0,0.0,False,False,False,False,0,0,0,0,0,0,586,548,"[false, false, false]",0,2,0,Starfield Stage - 1
845,2025-10-02T20:30:21.224271,9,600.0,672.0,0.0,False,False,False,False,0,0,0,0,0,0,586,548,"[false, false, false]",0,2,0,Starfield Stage - 1
846,2025-10-02T20:30:21.231931,9,600.0,672.0,0.0,False,False,False,False,0,0,0,0,0,0,586,548,"[false, false, false]",0,2,0,Starfield Stage - 1
847,2025-10-02T20:30:21.241225,9,600.0,672.0,0.0,False,False,False,False,0,0,0,0,0,0,586,548,"[false, false, false]",0,2,0,Starfield Stage - 1
848,2025-10-02T20:30:21.249511,9,600.0,672.0,0.0,False,False,False,False,0,0,0,0,0,0,586,548,"[false, false, false]",0,2,0,Starfield Stage - 1
849,2025-10-02T20:30:21.259708,9,600.0,672.0,0.0,False,False,False,False,0,0,0,0,0,0,586,548,"[false, false, false]",0,2,0,Starfield Stage - 1
850,2025-10-02T20:30:21.266407,8,600.0,672.0,0.0,False,False,False,False,0,0,0,0,0,0,586,548,"[false, false, false]",0,2,0,Starfield Stage - 1
851,2025-10-02T20:30:21.276102,8,600.0,672.0,0.0,False,False,False,False,0,0,0,0,0,0,586,548,"[false, false, false]",0,2,0,Starfield Stage - 1
852,2025-10-02T20:30:21.285610,8,600.0,672.0,0.0,False,False,False,False,0,0,0,0,0,0,586,548,"[false, false, false]",0,2,0,Starfield Stage - 1
853,2025-10-02T20:30:21.291776,9,600.0,672.0,0.0,False,False,False,False,0,0,0,0,0,0,586,548,"[false, false, false]",0,2,0,Starfield Stage - 1
854,2025-10-02T20:30:21.302113,9,600.0,672.0,0.0,False,False,False,False,0,0,0,0,0,0,586,548,"[false, false, false]",0,2,0,Starfield Stage - 1
855,2025-10-02T20:30:21.309987,8,600.0,672.0,0.0,False,False,False,False,0,0,0,0,0,0,586,548,"[false, false, false]",0,2,0,Starfield Stage - 1
856,2025-10-02T20:30:21.316611,8,600.0,672.0,0.0,False,False,False,False,0,0,0,0,0,0,586,548,"[false, false, false]",0,2,0,Starfield Stage - 1
857,2025-10-02T20:30:21.326454,9,600.0,672.0,0.0,False,False,False,False,0,0,0,0,0,0,586,548,"[false, false, false]",0,2,0,Starfield Stage - 1
858,2025-10-02T20:30:21.334376,9,600.0,672.0,0.0,False,False,False,False,0,0,0,0,0,0,586,548,"[false, false, false]",0,2,0,Starfield Stage - 1
859,2025-10-02T20:30:21.344704,9,600.0,672.0,0.0,False,False,False,False,0,0,0,0,0,0,586,548,"[false, false, false]",0,2,0,Starfield Stage - 1
860,2025-10-02T20:30:21.352959,8,600.0,672.0,0.0,False,False,False,False,0,0,0,0,0,0,586,548,"[false, false, false]",0,2,0,Starfield Stage - 1
861,2025-10-02T20:30:21.362639,9,600.0,672.0,0.0,False,False,False,False,0,0,0,0,0,0,586,548,"[false, false, false]",0,2,0,Starfield Stage - 1
862,2025-10-02T20:30:21.370081,9,600.0,672.0,0.0,False,False,False,False,0,0,0,0,0,0,587,548,"[false, false, false]",0,2,0,Starfield Stage - 1
863,2025-10-02T20:30:21.378712,8,600.0,672.0,0.0,False,False,False,False,0,0,0,0,0,0,588,549,"[false, false, false]",0,2,0,Starfield Stage - 1
864,2025-10-02T20:30:21.388627,8,600.0,672.0,0.0,False,False,False,False,0,0,0,0,0,0,592,552,"[false, false, false]",0,2,0,Starfield Stage - 1
865,2025-10-02T20:30:21.394608,9,600.0,672.0,0.0,False,False,False,False,0,0,0,0,0,0,596,555,"[false, false, false]",0,2,0,Starfield Stage - 1
866,2025-10-02T20:30:21.405284,9,600.0,672.0,0.0,False,False,False,False,0,0,0,0,0,0,602,561,"[false, false, false]",0,2,0,Starfield Stage - 1
867,2025-10-02T20:30:21.412759,9,600.0,672.0,0.0,False,False,False,False,0,0,0,0,0,0,610,567,"[false, false, false]",0,2,0,Starfield Stage - 1
868,2025-10-02T20:30:21.421313,8,600.0,672.0,0.0,False,False,False,False,0,0,0,0,0,0,619,577,"[false, false, false]",0,2,0,Starfield Stage - 1
869,2025-10-02T20:30:21.430135,9,600.0,672.0,0.0,False,False,False,False,0,0,0,0,0,0,627,586,"[false, false, false]",0,2,0,Starfield Stage - 1
870,2025-10-02T20:30:21.439207,9,600.0,672.0,0.0,False,False,False,False,0,0,0,0,0,0,633,593,"[false, false, false]",0,2,0,Starfield Stage - 1
871,2025-10-02T20:30:21.447860,9,600.0,672.0,0.0,False,False,False,False,0,0,0,0,0,0,639,602,"[false, false, false]",0,2,0,Starfield Stage - 1
872,2025-10-02T20:30:21.455863,8,600.0,672.0,0.0,False,False,False,False,0,0,0,0,0,0,641,605,"[false, false, false]",0,2,0,Starfield Stage - 1
873,2025-10-02T20:30:21.465053,8,600.0,672.0,0.0,False,False,False,False,0,0,0,0,0,0,641,608,"[false, false, false]",0,2,0,Starfield Stage - 1
874,2025-10-02T20:30:21.472320,8,600.0,672.0,0.0,False,False,False,False,0,0,0,0,0,0,641,611,"[false, false, false]",0,2,0,Starfield Stage - 1
875,2025-10-02T20:30:21.481467,9,600.0,672.0,0.0,False,False,False,False,0,0,0,0,0,0,641,613,"[false, false, false]",0,2,0,Starfield Stage - 1
876,2025-10-02T20:30:21.491774,8,600.0,672.0,0.0,False,False,False,False,0,0,0,0,0,0,641,616,"[false, false, false]",0,2,0,Starfield Stage - 1
877,2025-10-02T20:30:21.496851,8,600.0,672.0,0.0,False,False,False,False,0,0,0,0,0,0,639,618,"[false, false, false]",0,2,0,Starfield Stage - 1
878,2025-10-02T20:30:21.505380,8,600.0,672.0,0.0,False,False,False,False,0,0,0,0,0,0,638,620,"[false, false, false]",0,2,0,Starfield Stage - 1
879,2025-10-02T20:30:21.515032,9,600.0,672.0,0.0,False,False,False,False,0,0,0,0,0,0,635,622,"[false, false, false]",0,2,0,Starfield Stage - 1
880,2025-10-02T20:30:21.522420,8,600.0,672.0,0.0,False,False,False,False,0,0,0,0,0,0,632,625,"[false, false, false]",0,2,0,Starfield Stage - 1
881,2025-10-02T20:30:21.531968,9,600.0,672.0,0.0,False,False,False,False,0,0,0,0,0,0,628,626,"[false, false, false]",0,2,0,Starfield Stage - 1
882,2025-10-02T20:30:21.540352,8,600.0,672.0,0.0,False,False,False,False,0,0,0,0,0,0,623,627,"[false, false, false]",0,2,0,Starfield Stage - 1
883,2025-10-02T20:30:21.547769,8,600.0,672.0,0.0,False,False,False,False,0,0,0,0,0,0,618,628,"[false, false, false]",0,2,0,Starfield Stage - 1
884,2025-10-02T20:30:21.554984,8,600.0,672.0,0.0,False,False,False,False,0,0,0,0,0,0,613,629,"[false, false, false]",0,2,0,Starfield Stage - 1
885,2025-10-02T20:30:21.563428,8,600.0,672.0,0.0,False,False,False,False,0,0,0,0,0,0,608,629,"[false, false, false]",0,2,0,Starfield Stage - 1
886,2025-10-02T20:30:21.572383,9,600.0,672.0,0.0,False,False,False,False,0,0,0,0,0,0,603,629,"[false, false, false]",0,2,0,Starfield Stage - 1
887,2025-10-02T20:30:21.581185,9,600.0,672.0,0.0,False,False,False,False,0,0,0,0,0,0,599,629,"[false, false, false]",0,2,0,Starfield Stage - 1
888,2025-10-02T20:30:21.589697,9,600.0,672.0,0.0,False,False,False,False,0,0,0,0,0,0,595,628,"[false, false, false]",0,2,0,Starfield Stage - 1
889,2025-10-02T20:30:21.598221,8,600.0,672.0,0.0,False,False,False,False,0,0,0,0,0,0,593,628,"[false, false, false]",0,2,0,Starfield Stage - 1
890,2025-10-02T20:30:21.606196,8,600.0,672.0,0.0,False,False,False,False,0,0,0,0,0,0,592,627,"[false, false, false]",0,2,0,Starfield Stage - 1
891,2025-10-02T20:30:21.614403,8,600.0,672.0,0.0,False,False,False,False,0,0,0,0,0,0,591,627,"[false, false, false]",0,2,0,Starfield Stage - 1
892,2025-10-02T20:30:21.623453,9,600.0,672.0,0.0,False,False,False,False,0,0,0,0,0,0,590,625,"[false, false, false]",0,2,0,Starfield Stage - 1
893,2025-10-02T20:30:21.632161,9,600.0,672.0,0.0,False,False,False,False,0,0,0,0,0,0,590,624,"[false, false, false]",0,2,0,Starfield Stage - 1
894,2025-10-02T20:30:21.643202,9,600.0,672.0,0.0,False,False,False,False,0,0,0,0,0,0,590,623,"[false, false, false]",0,2,0,Starfield Stage - 1
895,2025-10-02T20:30:21.648866,8,600.0,672.0,0.0,False,False,False,False,0,0,0,0,0,0,591,621,"[false, false, false]",0,2,0,Starfield Stage - 1
896,2025-10-02T20:30:21.658323,8,600.0,672.0,0.0,False,False,False,False,0,0,0,0,0,0,592,619,"[false, false, false]",0,2,0,Starfield Stage - 1
897,2025-10-02T20:30:21.667516,9,600.0,672.0,0.0,False,False,False,False,0,0,0,0,0,0,593,617,"[false, false, false]",0,2,0,Starfield Stage - 1
898,2025-10-02T20:30:21.675863,9,600.0,672.0,0.0,False,False,False,False,0,0,0,0,0,0,595,614,"[false, false, false]",0,2,0,Starfield Stage - 1
899,2025-10-02T20:30:21.683718,8,600.0,672.0,0.0,False,False,False,False,0,0,0,0,0,0,597,612,"[false, false, false]",0,2,0,Starfield Stage - 1
900,2025-10-02T20:30:21.691764,8,600.0,672.0,0.0,False,False,False,False,0,0,0,0,0,0,598,609,"[false, false, false]",0,2,0,Starfield Stage - 1
901,2025-10-02T20:30:21.699619,8,600.0,672.0,0.0,False,False,False,False,0,0,0,0,0,0,601,606,"[false, false, false]",0,2,0,Starfield Stage - 1
902,2025-10-02T20:30:21.708984,9,600.0,672.0,0.0,False,False,False,False,0,0,0,0,0,0,603,604,"[false, false, false]",0,2,0,Starfield Stage - 1
903,2025-10-02T20:30:21.715873,8,600.0,672.0,0.0,False,False,False,False,0,0,0,0,0,0,606,602,"[false, false, false]",0,2,0,Starfield Stage - 1
904,2025-10-02T20:30:21.724679,8,600.0,672.0,0.0,False,False,False,False,0,0,0,0,0,0,608,600,"[false, false, false]",0,2,0,Starfield Stage - 1
905,2025-10-02T20:30:21.733161,9,600.0,672.0,0.0,False,False,False,False,0,0,0,0,0,0,610,598,"[false, false, false]",0,2,0,Starfield Stage - 1
906,2025-10-02T20:30:21.741195,8,600.0,672.0,0.0,False,False,False,False,0,0,0,0,0,0,613,596,"[false, false, false]",0,2,0,Starfield Stage - 1
907,2025-10-02T20:30:21.749971,8,600.0,672.0,0.0,False,False,False,False,0,0,0,0,0,0,615,595,"[false, false, false]",0,2,0,Starfield Stage - 1
908,2025-10-02T20:30:21.757276,8,600.0,672.0,0.0,False,False,False,False,0,0,0,0,0,0,616,593,"[false, false, false]",0,2,0,Starfield Stage - 1
909,2025-10-02T20:30:21.766424,9,600.0,672.0,0.0,False,False,False,False,0,0,0,0,0,0,618,592,"[false, false, false]",0,2,0,Starfield Stage - 1
910,2025-10-02T20:30:21.775256,9,600.0,672.0,0.0,False,False,False,False,0,0,0,0,0,0,620,590,"[false, false, false]",0,2,0,Starfield Stage - 1
911,2025-10-02T20:30:21.783477,8,600.0,672.0,0.0,False,False,False,False,0,0,0,0,0,0,624,587,"[false, false, false]",0,2,0,Starfield Stage - 1
912,2025-10-02T20:30:21.794919,9,600.0,672.0,0.0,False,False,False,False,0,0,0,0,0,0,626,585,"[false, false, false]",0,2,0,Starfield Stage - 1
913,2025-10-02T20:30:21.800924,9,600.0,672.0,0.0,False,False,False,False,0,0,0,0,0,0,628,584,"[false, false, false]",0,2,0,Starfield Stage - 1
914,2025-10-02T20:30:21.809674,8,600.0,672.0,0.0,False,False,False,False,0,0,0,0,0,0,630,582,"[false, false, false]",0,2,0,Starfield Stage - 1
915,2025-10-02T20:30:21.817956,8,600.0,672.0,0.0,False,False,False,False,0,0,0,0,0,0,631,581,"[false, false, false]",0,2,0,Starfield Stage - 1
916,2025-10-02T20:30:21.825204,8,600.0,672.0,0.0,False,False,False,False,0,0,0,0,0,0,634,579,"[false, false, false]",0,2,0,Starfield Stage - 1
917,2025-10-02T20:30:21.835234,9,600.0,672.0,0.0,False,False,False,False,0,0,0,0,0,0,636,578,"[false, false, false]",0,2,0,Starfield Stage - 1
918,2025-10-02T20:30:21.843311,9,600.0,672.0,0.0,False,False,False,False,0,0,0,0,0,0,638,576,"[false, false, false]",0,2,0,Starfield Stage - 1
919,2025-10-02T20:30:21.851717,8,600.0,672.0,0.0,False,False,False,False,0,0,0,0,0,0,641,574,"[false, false, false]",0,2,0,Starfield Stage - 1
920,2025-10-02T20:30:21.859608,8,600.0,672.0,0.0,False,False,False,False,0,0,0,0,0,0,643,573,"[false, false, false]",0,2,0,Starfield Stage - 1
921,2025-10-02T20:30:21.867887,9,600.0,672.0,0.0,False,False,False,False,0,0,0,0,0,0,646,571,"[false, false, false]",0,2,0,Starfield Stage - 1
922,2025-10-02T20:30:21.877836,8,600.0,672.0,0.0,False,False,False,False,0,0,0,0,0,0,649,569,"[false, false, false]",0,2,0,Starfield Stage - 1
923,2025-10-02T20:30:21.884109,8,600.0,672.0,0.0,False,False,False,False,0,0,0,0,0,0,652,567,"[false, false, false]",0,2,0,Starfield Stage - 1
924,2025-10-02T20:30:21.892116,8,600.0,672.0,0.0,False,False,False,False,0,0,0,0,0,0,655,566,"[false, false, false]",0,2,0,Starfield Stage - 1
925,2025-10-02T20:30:21.901258,8,600.0,672.0,0.0,False,False,False,False,0,0,0,0,0,0,659,563,"[false, false, false]",0,2,0,Starfield Stage - 1
926,2025-10-02T20:30:21.908807,9,600.0,672.0,0.0,False,False,False,False,0,0,0,0,0,0,661,561,"[false, false, false]",0,2,0,Starfield Stage - 1
927,2025-10-02T20:30:21.918015,8,600.0,672.0,0.0,False,False,False,False,0,0,0,0,0,0,664,559,"[false, false, false]",0,2,0,Starfield Stage - 1
928,2025-10-02T20:30:21.925870,8,600.0,672.0,0.0,False,False,False,False,0,0,0,0,0,0,667,558,"[false, false, false]",0,2,0,Starfield Stage - 1
929,2025-10-02T20:30:21.932804,8,600.0,672.0,0.0,False,False,False,False,0,0,0,0,0,0,671,556,"[false, false, false]",0,2,0,Starfield Stage - 1
930,2025-10-02T20:30:21.941347,8,600.0,672.0,0.0,False,False,False,False,0,0,0,0,0,0,673,554,"[false, false, false]",0,2,0,Starfield Stage - 1
931,2025-10-02T20:30:21.950797,9,600.0,672.0,0.0,False,False,False,False,0,0,0,0,0,0,676,553,"[false, false, false]",0,2,0,Starfield Stage - 1
932,2025-10-02T20:30:21.958174,8,600.0,672.0,0.0,False,False,False,False,0,0,0,0,0,0,679,552,"[false, false, false]",0,2,0,Starfield Stage - 1
933,2025-10-02T20:30:21.966751,8,600.0,672.0,0.0,False,False,False,False,0,0,0,0,0,0,683,551,"[false, false, false]",0,2,0,Starfield Stage - 1
934,2025-10-02T20:30:21.974590,8,600.0,672.0,0.0,False,False,False,False,0,0,0,0,0,0,685,550,"[false, false, false]",0,2,0,Starfield Stage - 1
935,2025-10-02T20:30:21.982780,9,600.0,672.0,0.0,False,False,False,False,0,0,0,0,0,0,686,550,"[false, false, false]",0,2,0,Starfield Stage - 1
936,2025-10-02T20:30:21.992887,8,600.0,672.0,0.0,False,False,False,False,0,0,0,0,0,0,687,549,"[false, false, false]",0,2,0,Starfield Stage - 1
937,2025-10-02T20:30:21.999095,8,600.0,672.0,0.0,False,False,False,False,0,0,0,0,0,0,687,549,"[false, false, false]",0,2,0,Starfield Stage - 1
938,2025-10-02T20:30:22.007071,8,600.0,672.0,0.0,False,False,False,False,0,0,0,0,0,0,688,549,"[false, false, false]",0,2,0,Starfield Stage - 1
939,2025-10-02T20:30:22.015427,8,600.0,672.0,0.0,False,False,False,False,0,0,0,0,0,0,688,549,"[false, false, false]",0,2,0,Starfield Stage - 1
940,2025-10-02T20:30:22.023965,9,600.0,672.0,0.0,False,False,False,False,0,0,0,0,0,0,688,548,"[false, false, false]",0,2,0,Starfield Stage - 1
941,2025-10-02T20:30:22.031715,8,600.0,672.0,0.0,False,False,False,False,0,0,0,0,0,0,688,548,"[false, false, false]",0,2,0,Starfield Stage - 1
942,2025-10-02T20:30:22.043665,8,600.0,672.0,0.0,False,False,False,False,0,0,0,0,0,0,689,548,"[false, false, false]",0,2,0,Starfield Stage - 1
943,2025-10-02T20:30:22.047839,8,600.0,672.0,0.0,False,False,False,False,0,0,0,0,0,0,689,548,"[false, false, false]",0,2,0,Starfield Stage - 1
944,2025-10-02T20:30:22.056030,8,600.0,672.0,0.0,False,False,False,False,0,0,0,0,0,0,689,548,"[false, false, false]",0,2,0,Starfield Stage - 1
945,2025-10-02T20:30:22.066552,9,600.0,672.0,0.0,False,False,False,False,0,0,0,0,0,0,689,548,"[false, false, false]",0,2,0,Starfield Stage - 1
946,2025-10-02T20:30:22.073994,9,600.0,672.0,0.0,False,False,False,False,0,0,0,0,0,0,689,548,"[false, false, false]",0,2,0,Starfield Stage - 1
947,2025-10-02T20:30:22.081977,8,600.0,672.0,0.0,False,False,False,False,0,0,0,0,0,0,689,548,"[false, false, false]",0,2,0,Starfield Stage - 1
948,2025-10-02T20:30:22.091898,8,600.0,672.0,0.0,False,False,False,False,0,0,0,0,0,0,689,548,"[false, false, false]",0,2,0,Starfield Stage - 1
949,2025-10-02T20:30:22.097846,8,600.0,672.0,0.0,False,False,False,False,0,0,0,0,0,0,689,548,"[false, false, false]",0,2,0,Starfield Stage - 1
950,2025-10-02T20:30:22.108187,9,600.0,672.0,0.0,False,False,False,False,0,0,0,0,0,0,689,548,"[false, false, false]",0,2,0,Starfield Stage - 1
951,2025-10-02T20:30:22.115517,8,600.0,672.0,0.0,False,False,False,False,0,0,0,0,0,0,689,548,"[false, false, false]",0,2,0,Starfield Stage - 1
952,2025-10-02T20:30:22.124435,9,600.0,672.0,0.0,False,False,False,False,0,0,0,0,0,0,689,548,"[false, false, false]",0,2,0,Starfield Stage - 1
953,2025-10-02T20:30:22.132821,9,600.0,672.0,0.0,False,False,False,False,0,0,0,0,0,0,689,548,"[false, false, false]",0,2,0,Starfield Stage - 1
954,2025-10-02T20:30:22.140665,8,600.0,672.0,0.0,False,False,False,False,0,0,0,0,0,0,689,548,"[false, false, false]",0,2,0,Starfield Stage - 1
955,2025-10-02T20:30:22.151194,10,600.0,672.0,0.0,False,False,False,False,0,0,0,0,0,0,689,548,"[false, false, false]",0,2,0,Starfield Stage - 1
956,2025-10-02T20:30:22.160923,9,600.0,672.0,0.0,False,False,False,False,0,0,0,0,0,0,689,548,"[false, false, false]",0,2,0,Starfield Stage - 1
957,2025-10-02T20:30:22.168727,8,600.0,672.0,0.0,False,False,False,False,0,0,0,0,0,0,689,548,"[false, false, false]",0,2,0,Starfield Stage - 1
958,2025-10-02T20:30:22.176145,8,600.0,672.0,0.0,False,False,False,False,0,0,0,0,0,0,689,548,"[false, false, false]",0,2,0,Starfield Stage - 1
959,2025-10-02T20:30:22.185368,9,600.0,672.0,0.0,False,False,False,False,0,0,0,0,0,0,689,548,"[false, false, false]",0,2,0,Starfield Stage - 1
960,2025-10-02T20:30:22.194808,9,600.0,672.0,0.0,False,False,False,False,0,0,0,0,0,0,689,548,"[false, false, false]",0,2,0,Starfield Stage - 1
961,2025-10-02T20:30:22.202383,8,600.0,672.0,0.0,False,False,False,False,0,0,0,0,0,0,689,548,"[false, false, false]",0,2,0,Starfield Stage - 1
962,2025-10-02T20:30:22.211066,9,600.0,672.0,0.0,False,False,False,False,0,0,0,0,0,0,689,548,"[false, false, false]",0,2,0,Starfield Stage - 1
963,2025-10-02T20:30:22.218962,8,600.0,672.0,0.0,False,False,False,False,0,0,0,0,0,0,689,548,"[false, false, false]",0,2,0,Starfield Stage - 1
964,2025-10-02T20:30:22.227637,8,600.0,672.0,0.0,False,False,False,False,0,0,0,0,0,0,689,548,"[false, false, false]",0,2,0,Starfield Stage - 1
965,2025-10-02T20:30:22.235980,9,600.0,672.0,0.0,False,False,False,False,0,0,0,0,0,0,689,548,"[false, false, false]",0,2,0,Starfield Stage - 1
966,2025-10-02T20:30:22.243994,8,600.0,672.0,0.0,False,False,False,False,0,0,0,0,0,0,689,548,"[false, false, false]",0,2,0,Starfield Stage - 1
967,2025-10-02T20:30:22.252619,8,600.0,672.0,0.0,False,False,False,False,0,0,0,0,0,0,689,548,"[false, false, false]",0,2,0,Starfield Stage - 1
968,2025-10-02T20:30:22.261333,9,600.0,672.0,0.0,False,False,False,False,0,0,0,0,0,0,689,548,"[false, false, false]",0,2,0,Starfield Stage - 1
969,2025-10-02T20:30:22.270320,9,600.0,672.0,0.0,False,False,False,False,0,0,0,0,0,0,689,548,"[false, false, false]",0,2,0,Starfield Stage - 1
970,2025-10-02T20:30:22.279210,9,600.0,672.0,0.0,False,False,False,False,0,0,0,0,0,0,689,548,"[false, false, false]",0,2,0,Starfield Stage - 1
971,2025-10-02T20:30:22.287540,8,600.0,672.0,0.0,False,False,False,False,0,0,0,0,0,0,689,548,"[false, false, false]",0,2,0,Starfield Stage - 1
972,2025-10-02T20:30:22.297653,9,600.0,672.0,0.0,False,False,False,False,0,0,0,0,0,0,689,548,"[false, false, false]",0,2,0,Starfield Stage - 1
973,2025-10-02T20:30:22.304876,9,600.0,672.0,0.0,False,False,False,False,0,0,0,0,0,0,689,548,"[false, false, false]",0,2,0,Starfield Stage - 1
974,2025-10-02T20:30:22.313768,8,600.0,672.0,0.0,False,False,False,False,0,0,0,0,0,0,689,548,"[false, false, false]",0,2,0,Starfield Stage - 1
975,2025-10-02T20:30:22.322072,8,600.0,672.0,0.0,False,False,False,False,0,0,0,0,0,0,689,548,"[false, false, false]",0,2,0,Starfield Stage - 1
976,2025-10-02T20:30:22.329213,8,600.0,672.0,0.0,False,False,False,False,0,0,0,0,0,0,689,548,"[false, false, false]",0,2,0,Starfield Stage - 1
977,2025-10-02T20:30:22.338336,9,600.0,672.0,0.0,False,False,False,False,0,0,0,0,0,0,689,548,"[false, false, false]",0,2,0,Starfield Stage - 1
978,2025-10-02T20:30:22.346141,8,600.0,672.0,0.0,False,False,False,False,0,0,0,0,0,0,689,548,"[false, false, false]",0,2,0,Starfield Stage - 1
979,2025-10-02T20:30:22.354967,8,600.0,672.0,0.0,False,False,False,False,0,0,0,0,0,0,689,548,"[false, false, false]",0,2,0,Starfield Stage - 1
980,2025-10-02T20:30:22.362727,8,600.0,672.0,0.0,False,False,False,False,0,0,0,0,0,0,689,548,"[false, false, false]",0,2,0,Starfield Stage - 1
981,2025-10-02T20:30:22.370104,8,600.0,672.0,0.0,False,False,False,False,0,0,0,0,0,0,689,548,"[false, false, false]",0,2,0,Starfield Stage - 1
982,2025-10-02T20:30:22.378667,8,600.0,672.0,0.0,False,False,False,False,0,0,0,0,0,0,689,548,"[false, false, false]",0,2,0,Starfield Stage - 1
983,2025-10-02T20:30:22.386895,9,600.0,672.0,0.0,False,False,False,False,0,0,0,0,0,0,689,548,"[false, false, false]",0,2,0,Starfield Stage - 1
984,2025-10-02T20:30:22.395051,8,600.0,672.0,0.0,False,False,False,False,0,0,0,0,0,0,689,548,"[false, false, false]",0,2,0,Starfield Stage - 1
985,2025-10-02T20:30:22.404863,9,600.0,672.0,0.0,False,False,False,False,0,0,0,0,0,0,689,548,"[false, false, false]",0,2,0,Starfield Stage - 1
986,2025-10-02T20:30:22.411608,8,600.0,672.0,0.0,False,False,False,False,0,0,0,0,0,0,689,548,"[false, false, false]",0,2,0,Starfield Stage - 1
987,2025-10-02T20:30:22.420955,9,600.0,672.0,0.0,False,False,False,False,0,0,0,0,0,0,689,548,"[false, false, false]",0,2,0,Starfield Stage - 1
988,2025-10-02T20:30:22.429334,8,600.0,672.0,0.0,False,False,False,False,0,0,0,0,0,0,689,548,"[false, false, false]",0,2,0,Starfield Stage - 1
989,2025-10-02T20:30:22.437314,9,600.0,672.0,0.0,False,False,False,False,0,0,0,0,0,0,689,548,"[false, false, false]",0,2,0,Starfield Stage - 1
990,2025-10-02T20:30:22.447595,8,600.0,672.0,0.0,False,False,False,False,0,0,0,0,0,0,689,548,"[false, false, false]",0,2,0,Starfield Stage - 1
