frame,timestamp,dt,ship_centerx,ship_centery,ship_angle,moving_right,moving_left,moving_up,moving_down,bullets_count,aliens_count,cargoes_count,alien_bullets_count,hearts_count,shields_count,mouse_x,mouse_y,mouse_buttons,score,ships_left,current_region_index,region_name
0,2025-09-30T15:59:53.764602,0,600.0,672.0,0.0,False,False,False,False,0,0,0,0,0,0,0,0,"[false, false, false]",0,2,0,Starfield Stage - 1
1,2025-09-30T15:59:53.938462,11,600.0,672.0,0.0,False,False,False,False,0,0,0,0,0,0,0,0,"[false, false, false]",0,2,0,Starfield Stage - 1
2,2025-09-30T15:59:53.940433,174,600.0,672.0,0.0,False,False,False,False,0,1,0,0,0,0,0,0,"[false, false, false]",0,2,0,Starfield Stage - 1
3,2025-09-30T15:59:53.950472,9,600.0,672.0,0.0,False,False,False,False,0,1,0,0,0,0,0,0,"[false, false, false]",0,2,0,Starfield Stage - 1
4,2025-09-30T15:59:53.958837,8,600.0,672.0,0.0,False,False,False,False,0,1,0,0,0,0,0,0,"[false, false, false]",0,2,0,Starfield Stage - 1
5,2025-09-30T15:59:53.967863,9,600.0,672.0,0.0,False,False,False,False,0,1,0,0,0,0,0,0,"[false, false, false]",0,2,0,Starfield Stage - 1
6,2025-09-30T15:59:54.041745,9,600.0,672.0,0.0,False,False,False,False,0,1,0,0,0,0,0,0,"[false, false, false]",0,2,0,Starfield Stage - 1
7,2025-09-30T15:59:54.043829,68,600.0,672.0,0.0,False,False,False,False,0,1,0,0,0,0,0,0,"[false, false, false]",0,2,0,Starfield Stage - 1
8,2025-09-30T15:59:54.053436,9,600.0,672.0,0.0,False,False,False,False,0,1,0,0,0,0,0,0,"[false, false, false]",0,2,0,Starfield Stage - 1
9,2025-09-30T15:59:54.065146,8,600.0,672.0,0.0,False,False,False,False,0,1,0,0,0,0,0,0,"[false, false, false]",0,2,0,Starfield Stage - 1
10,2025-09-30T15:59:54.069870,9,600.0,672.0,0.0,False,False,False,False,0,1,0,0,0,0,0,0,"[false, false, false]",0,2,0,Starfield Stage - 1
11,2025-09-30T15:59:54.078521,8,600.0,672.0,0.0,False,False,False,False,0,1,0,0,0,0,0,0,"[false, false, false]",0,2,0,Starfield Stage - 1
12,2025-09-30T15:59:54.086724,8,600.0,672.0,0.0,False,False,False,False,0,1,0,0,0,0,0,0,"[false, false, false]",0,2,0,Starfield Stage - 1
13,2025-09-30T15:59:54.094705,8,600.0,672.0,0.0,False,False,False,False,0,1,0,0,0,0,0,0,"[false, false, false]",0,2,0,Starfield Stage - 1
14,2025-09-30T15:59:54.102667,9,600.0,672.0,0.0,False,False,False,False,0,1,0,0,0,0,0,0,"[false, false, false]",0,2,0,Starfield Stage - 1
15,2025-09-30T15:59:54.111485,8,600.0,672.0,0.0,False,False,False,False,0,1,0,0,0,0,0,0,"[false, false, false]",0,2,0,Starfield Stage - 1
16,2025-09-30T15:59:54.120082,8,600.0,672.0,0.0,False,False,False,False,0,1,0,0,0,0,0,0,"[false, false, false]",0,2,0,Starfield Stage - 1
17,2025-09-30T15:59:54.127704,9,600.0,672.0,0.0,False,False,False,False,0,1,0,0,0,0,0,0,"[false, false, false]",0,2,0,Starfield Stage - 1
18,2025-09-30T15:59:54.135863,8,600.0,672.0,0.0,False,False,False,False,0,1,0,0,0,0,0,0,"[false, false, false]",0,2,0,Starfield Stage - 1
19,2025-09-30T15:59:54.145348,9,600.0,672.0,0.0,False,False,False,False,0,1,0,0,0,0,0,0,"[false, false, false]",0,2,0,Starfield Stage - 1
20,2025-09-30T15:59:54.153966,9,600.0,672.0,0.0,False,False,False,False,0,1,0,0,0,0,0,0,"[false, false, false]",0,2,0,Starfield Stage - 1
21,2025-09-30T15:59:54.163325,9,600.0,672.0,0.0,False,False,False,False,0,1,0,0,0,0,0,0,"[false, false, false]",0,2,0,Starfield Stage - 1
22,2025-09-30T15:59:54.172206,9,600.0,672.0,0.0,False,False,False,False,0,1,0,0,0,0,0,0,"[false, false, false]",0,2,0,Starfield Stage - 1
23,2025-09-30T15:59:54.250539,8,600.0,672.0,0.0,False,False,False,False,0,1,0,0,0,0,0,0,"[false, false, false]",0,2,0,Starfield Stage - 1
24,2025-09-30T15:59:54.253063,73,600.0,672.0,0.0,False,False,False,False,0,1,0,0,0,0,0,0,"[false, false, false]",0,2,0,Starfield Stage - 1
25,2025-09-30T15:59:54.262586,9,600.0,672.0,0.0,False,False,False,False,0,1,0,0,0,0,0,0,"[false, false, false]",0,2,0,Starfield Stage - 1
26,2025-09-30T15:59:54.271221,8,600.0,672.0,0.0,False,False,False,False,0,1,0,0,0,0,0,0,"[false, false, false]",0,2,0,Starfield Stage - 1
27,2025-09-30T15:59:54.278451,9,600.0,672.0,0.0,False,False,False,False,0,1,0,0,0,0,0,0,"[false, false, false]",0,2,0,Starfield Stage - 1
28,2025-09-30T15:59:54.286973,8,600.0,672.0,0.0,False,False,False,False,0,1,0,0,0,0,0,0,"[false, false, false]",0,2,0,Starfield Stage - 1
29,2025-09-30T15:59:54.296731,9,600.0,672.0,0.0,False,False,False,False,0,1,0,0,0,0,0,0,"[false, false, false]",0,2,0,Starfield Stage - 1
30,2025-09-30T15:59:54.304167,8,600.0,672.0,0.0,False,False,False,False,0,1,0,0,0,0,0,0,"[false, false, false]",0,2,0,Starfield Stage - 1
31,2025-09-30T15:59:54.313057,8,600.0,672.0,0.0,False,False,False,False,0,1,0,0,0,0,0,0,"[false, false, false]",0,2,0,Starfield Stage - 1
32,2025-09-30T15:59:54.322644,9,600.0,672.0,0.0,False,False,False,False,0,1,0,0,0,0,0,0,"[false, false, false]",0,2,0,Starfield Stage - 1
33,2025-09-30T15:59:54.328826,8,600.0,672.0,0.0,False,False,False,False,0,1,0,0,0,0,0,0,"[false, false, false]",0,2,0,Starfield Stage - 1
34,2025-09-30T15:59:54.338432,9,600.0,672.0,0.0,False,False,False,False,0,1,0,0,0,0,0,0,"[false, false, false]",0,2,0,Starfield Stage - 1
35,2025-09-30T15:59:54.347153,8,600.0,672.0,0.0,False,False,False,False,0,1,0,0,0,0,0,0,"[false, false, false]",0,2,0,Starfield Stage - 1
36,2025-09-30T15:59:54.355557,9,600.0,672.0,0.0,False,False,False,False,0,1,0,0,0,0,0,0,"[false, false, false]",0,2,0,Starfield Stage - 1
37,2025-09-30T15:59:54.364295,9,600.0,672.0,0.0,False,False,False,False,0,1,0,0,0,0,0,0,"[false, false, false]",0,2,0,Starfield Stage - 1
38,2025-09-30T15:59:54.373890,9,600.0,672.0,0.0,False,False,False,False,0,1,0,0,0,0,0,0,"[false, false, false]",0,2,0,Starfield Stage - 1
39,2025-09-30T15:59:54.450486,8,600.0,672.0,0.0,False,False,False,False,0,1,0,0,0,0,0,0,"[false, false, false]",0,2,0,Starfield Stage - 1
40,2025-09-30T15:59:54.452409,72,600.0,672.0,0.0,False,False,False,False,0,1,0,0,0,0,0,0,"[false, false, false]",0,2,0,Starfield Stage - 1
41,2025-09-30T15:59:54.461698,8,600.0,672.0,0.0,False,False,False,False,0,1,0,0,0,0,0,0,"[false, false, false]",0,2,0,Starfield Stage - 1
42,2025-09-30T15:59:54.469606,8,600.0,672.0,0.0,False,False,False,False,0,1,0,0,0,0,0,0,"[false, false, false]",0,2,0,Starfield Stage - 1
43,2025-09-30T15:59:54.477792,8,600.0,672.0,0.0,False,False,False,False,0,1,0,0,0,0,0,0,"[false, false, false]",0,2,0,Starfield Stage - 1
44,2025-09-30T15:59:54.485708,8,600.0,672.0,0.0,False,False,False,False,0,1,0,0,0,0,0,0,"[false, false, false]",0,2,0,Starfield Stage - 1
45,2025-09-30T15:59:54.493062,8,600.0,672.0,0.0,False,False,False,False,0,1,0,0,0,0,0,0,"[false, false, false]",0,2,0,Starfield Stage - 1
46,2025-09-30T15:59:54.502336,8,600.0,672.0,0.0,False,False,False,False,0,1,0,0,0,0,0,0,"[false, false, false]",0,2,0,Starfield Stage - 1
47,2025-09-30T15:59:54.509773,9,600.0,672.0,0.0,False,False,False,False,0,1,0,0,0,0,0,0,"[false, false, false]",0,2,0,Starfield Stage - 1
48,2025-09-30T15:59:54.518532,8,600.0,672.0,0.0,False,False,False,False,0,1,0,0,0,0,0,0,"[false, false, false]",0,2,0,Starfield Stage - 1
49,2025-09-30T15:59:54.526385,8,600.0,672.0,0.0,False,False,False,False,0,1,0,0,0,0,0,0,"[false, false, false]",0,2,0,Starfield Stage - 1
50,2025-09-30T15:59:54.534057,8,600.0,672.0,0.0,False,False,False,False,0,1,0,0,0,0,0,0,"[false, false, false]",0,2,0,Starfield Stage - 1
51,2025-09-30T15:59:54.542284,8,600.0,672.0,0.0,False,False,False,False,0,1,0,0,0,0,0,0,"[false, false, false]",0,2,0,Starfield Stage - 1
52,2025-09-30T15:59:54.550595,9,600.0,672.0,0.0,False,False,False,False,0,1,0,0,0,0,0,0,"[false, false, false]",0,2,0,Starfield Stage - 1
53,2025-09-30T15:59:54.558763,8,600.0,672.0,0.0,False,False,False,False,0,1,0,0,0,0,0,0,"[false, false, false]",0,2,0,Starfield Stage - 1
54,2025-09-30T15:59:54.567365,8,600.0,672.0,0.0,False,False,False,False,0,1,0,0,0,0,0,0,"[false, false, false]",0,2,0,Starfield Stage - 1
55,2025-09-30T15:59:54.576054,9,600.0,672.0,0.0,False,False,False,False,0,1,0,0,0,0,0,0,"[false, false, false]",0,2,0,Starfield Stage - 1
56,2025-09-30T15:59:54.651354,9,600.0,672.0,0.0,False,False,False,False,0,1,0,0,0,0,0,0,"[false, false, false]",0,2,0,Starfield Stage - 1
57,2025-09-30T15:59:54.653301,68,600.0,672.0,0.0,False,False,False,False,0,1,0,0,0,0,0,0,"[false, false, false]",0,2,0,Starfield Stage - 1
58,2025-09-30T15:59:54.660578,8,600.0,672.0,0.0,False,False,False,False,0,1,0,0,0,0,0,0,"[false, false, false]",0,2,0,Starfield Stage - 1
59,2025-09-30T15:59:54.669466,8,600.0,672.0,0.0,False,False,False,False,0,1,0,0,0,0,0,0,"[false, false, false]",0,2,0,Starfield Stage - 1
60,2025-09-30T15:59:54.677602,9,600.0,672.0,0.0,False,False,False,False,0,1,0,0,0,0,0,0,"[false, false, false]",0,2,0,Starfield Stage - 1
61,2025-09-30T15:59:54.686023,8,600.0,672.0,0.0,False,False,False,False,0,1,0,0,0,0,0,0,"[false, false, false]",0,2,0,Starfield Stage - 1
62,2025-09-30T15:59:54.695365,9,600.0,672.0,0.0,False,False,False,False,0,1,0,0,0,0,0,0,"[false, false, false]",0,2,0,Starfield Stage - 1
63,2025-09-30T15:59:54.704807,10,600.0,672.0,0.0,False,False,False,False,0,1,0,0,0,0,0,0,"[false, false, false]",0,2,0,Starfield Stage - 1
64,2025-09-30T15:59:54.713106,8,600.0,672.0,0.0,False,False,False,False,0,1,0,0,0,0,0,0,"[false, false, false]",0,2,0,Starfield Stage - 1
65,2025-09-30T15:59:54.721495,9,600.0,672.0,0.0,False,False,False,False,0,1,0,0,0,0,0,0,"[false, false, false]",0,2,0,Starfield Stage - 1
66,2025-09-30T15:59:54.729996,8,600.0,672.0,0.0,False,False,False,False,0,1,0,0,0,0,0,0,"[false, false, false]",0,2,0,Starfield Stage - 1
67,2025-09-30T15:59:54.738567,9,600.0,672.0,0.0,False,False,False,False,0,1,0,0,0,0,0,0,"[false, false, false]",0,2,0,Starfield Stage - 1
68,2025-09-30T15:59:54.746916,8,600.0,672.0,0.0,False,False,False,False,0,1,0,0,0,0,0,0,"[false, false, false]",0,2,0,Starfield Stage - 1
69,2025-09-30T15:59:54.755707,9,600.0,672.0,0.0,False,False,False,False,0,1,0,0,0,0,0,0,"[false, false, false]",0,2,0,Starfield Stage - 1
70,2025-09-30T15:59:54.764561,9,600.0,672.0,0.0,False,False,False,False,0,1,0,0,0,0,0,0,"[false, false, false]",0,2,0,Starfield Stage - 1
71,2025-09-30T15:59:54.773446,8,600.0,672.0,0.0,False,False,False,False,0,1,0,0,0,0,0,0,"[false, false, false]",0,2,0,Starfield Stage - 1
72,2025-09-30T15:59:54.780601,8,600.0,672.0,0.0,False,False,False,False,0,1,0,0,0,0,0,0,"[false, false, false]",0,2,0,Starfield Stage - 1
73,2025-09-30T15:59:54.854871,8,600.0,672.0,0.0,False,False,False,False,0,1,0,0,0,0,0,0,"[false, false, false]",0,2,0,Starfield Stage - 1
74,2025-09-30T15:59:54.856736,68,600.0,672.0,0.0,False,False,False,False,0,1,0,0,0,0,0,0,"[false, false, false]",0,2,0,Starfield Stage - 1
75,2025-09-30T15:59:54.865355,8,600.0,672.0,0.0,False,False,False,False,0,1,0,0,0,0,0,0,"[false, false, false]",0,2,0,Starfield Stage - 1
76,2025-09-30T15:59:54.874719,10,600.0,672.0,0.0,False,False,False,False,0,1,0,0,0,0,0,0,"[false, false, false]",0,2,0,Starfield Stage - 1
77,2025-09-30T15:59:54.883528,9,600.0,672.0,0.0,False,False,False,False,0,1,0,0,0,0,0,0,"[false, false, false]",0,2,0,Starfield Stage - 1
78,2025-09-30T15:59:54.892136,8,600.0,672.0,0.0,False,False,False,False,0,1,0,0,0,0,0,0,"[false, false, false]",0,2,0,Starfield Stage - 1
79,2025-09-30T15:59:54.900901,9,600.0,672.0,0.0,False,False,False,False,0,1,0,0,0,0,0,0,"[false, false, false]",0,2,0,Starfield Stage - 1
80,2025-09-30T15:59:54.908870,8,600.0,672.0,0.0,False,False,False,False,0,1,0,0,0,0,0,0,"[false, false, false]",0,2,0,Starfield Stage - 1
81,2025-09-30T15:59:54.917062,8,600.0,672.0,0.0,False,False,False,False,0,1,0,0,0,0,0,0,"[false, false, false]",0,2,0,Starfield Stage - 1
82,2025-09-30T15:59:54.926249,9,600.0,672.0,0.0,False,False,False,False,0,1,0,0,0,0,0,0,"[false, false, false]",0,2,0,Starfield Stage - 1
83,2025-09-30T15:59:54.934751,9,600.0,672.0,0.0,False,False,False,False,0,1,0,0,0,0,0,0,"[false, false, false]",0,2,0,Starfield Stage - 1
84,2025-09-30T15:59:54.943871,9,600.0,672.0,0.0,False,False,False,False,0,1,0,0,0,0,0,0,"[false, false, false]",0,2,0,Starfield Stage - 1
85,2025-09-30T15:59:54.951944,8,600.0,672.0,0.0,False,False,False,False,0,1,0,0,0,0,0,0,"[false, false, false]",0,2,0,Starfield Stage - 1
86,2025-09-30T15:59:54.960866,9,600.0,672.0,0.0,False,False,False,False,0,1,0,0,0,0,0,0,"[false, false, false]",0,2,0,Starfield Stage - 1
87,2025-09-30T15:59:54.969757,9,600.0,672.0,0.0,False,False,False,False,0,1,0,0,0,0,0,0,"[false, false, false]",0,2,0,Starfield Stage - 1
88,2025-09-30T15:59:54.977844,8,600.0,672.0,0.0,False,False,False,False,0,2,0,0,0,0,0,0,"[false, false, false]",0,2,0,Starfield Stage - 1
89,2025-09-30T15:59:54.986035,8,600.0,672.0,0.0,False,False,False,False,0,2,0,0,0,0,0,0,"[false, false, false]",0,2,0,Starfield Stage - 1
90,2025-09-30T15:59:55.067281,9,600.0,672.0,0.0,False,False,False,False,0,2,0,0,0,0,0,0,"[false, false, false]",0,2,0,Starfield Stage - 1
91,2025-09-30T15:59:55.069479,74,600.0,672.0,0.0,False,False,False,False,0,2,0,0,0,0,0,0,"[false, false, false]",0,2,0,Starfield Stage - 1
92,2025-09-30T15:59:55.076785,8,600.0,672.0,0.0,False,False,False,False,0,2,0,0,0,0,0,0,"[false, false, false]",0,2,0,Starfield Stage - 1
93,2025-09-30T15:59:55.085933,9,600.0,672.0,0.0,False,False,False,False,0,2,0,0,0,0,0,0,"[false, false, false]",0,2,0,Starfield Stage - 1
94,2025-09-30T15:59:55.095029,9,600.0,672.0,0.0,False,False,False,False,0,2,0,0,0,0,0,0,"[false, false, false]",0,2,0,Starfield Stage - 1
95,2025-09-30T15:59:55.103175,8,600.0,672.0,0.0,False,False,False,False,0,2,0,0,0,0,0,0,"[false, false, false]",0,2,0,Starfield Stage - 1
96,2025-09-30T15:59:55.112346,9,600.0,672.0,0.0,False,False,False,False,0,2,0,0,0,0,0,0,"[false, false, false]",0,2,0,Starfield Stage - 1
97,2025-09-30T15:59:55.120239,9,600.0,672.0,0.0,False,False,False,False,0,2,0,0,0,0,0,0,"[false, false, false]",0,2,0,Starfield Stage - 1
98,2025-09-30T15:59:55.130032,9,600.0,672.0,0.0,False,False,False,False,0,2,0,0,0,0,0,0,"[false, false, false]",0,2,0,Starfield Stage - 1
99,2025-09-30T15:59:55.139379,9,600.0,672.0,0.0,False,False,False,False,0,2,0,0,0,0,0,0,"[false, false, false]",0,2,0,Starfield Stage - 1
100,2025-09-30T15:59:55.147823,9,600.0,672.0,0.0,False,False,False,False,0,2,0,0,0,0,0,0,"[false, false, false]",0,2,0,Starfield Stage - 1
101,2025-09-30T15:59:55.156382,9,600.0,672.0,0.0,False,False,False,False,0,2,0,0,0,0,0,0,"[false, false, false]",0,2,0,Starfield Stage - 1
102,2025-09-30T15:59:55.165668,9,600.0,672.0,0.0,False,False,False,False,0,2,0,0,0,0,0,0,"[false, false, false]",0,2,0,Starfield Stage - 1
103,2025-09-30T15:59:55.174648,9,600.0,672.0,0.0,False,False,False,False,0,2,0,0,0,0,0,0,"[false, false, false]",0,2,0,Starfield Stage - 1
104,2025-09-30T15:59:55.183377,8,600.0,672.0,0.0,False,False,False,False,0,2,0,0,0,0,0,0,"[false, false, false]",0,2,0,Starfield Stage - 1
105,2025-09-30T15:59:55.190690,8,600.0,672.0,0.0,False,False,False,False,0,2,0,0,0,0,0,0,"[false, false, false]",0,2,0,Starfield Stage - 1
106,2025-09-30T15:59:56.170506,8,600.0,672.0,0.0,False,False,False,False,0,2,0,0,0,0,0,0,"[false, false, false]",0,2,0,Starfield Stage - 1
107,2025-09-30T15:59:56.236904,974,600.0,672.0,0.0,False,False,False,False,0,2,0,0,0,0,0,0,"[false, false, false]",0,2,0,Starfield Stage - 1
108,2025-09-30T15:59:56.238693,66,600.0,672.0,0.0,False,False,False,False,0,2,0,0,0,0,0,0,"[false, false, false]",0,2,0,Starfield Stage - 1
109,2025-09-30T15:59:56.246898,8,600.0,672.0,0.0,False,False,False,False,0,2,0,0,0,0,0,0,"[false, false, false]",0,2,0,Starfield Stage - 1
110,2025-09-30T15:59:56.255040,8,600.0,672.0,0.0,False,False,False,False,0,2,0,0,0,0,0,0,"[false, false, false]",0,2,0,Starfield Stage - 1
111,2025-09-30T15:59:56.263819,9,600.0,672.0,0.0,False,False,False,False,0,2,0,0,0,0,0,0,"[false, false, false]",0,2,0,Starfield Stage - 1
112,2025-09-30T15:59:56.272056,8,600.0,672.0,0.0,False,False,False,False,0,2,0,0,0,0,0,0,"[false, false, false]",0,2,0,Starfield Stage - 1
113,2025-09-30T15:59:56.280116,8,600.0,672.0,0.0,False,False,False,False,0,2,0,0,0,0,0,0,"[false, false, false]",0,2,0,Starfield Stage - 1
114,2025-09-30T15:59:56.288863,9,600.0,672.0,0.0,False,False,False,False,0,2,0,0,0,0,0,0,"[false, false, false]",0,2,0,Starfield Stage - 1
115,2025-09-30T15:59:56.297757,9,600.0,672.0,0.0,False,False,False,False,0,2,0,0,0,0,0,0,"[false, false, false]",0,2,0,Starfield Stage - 1
116,2025-09-30T15:59:56.306331,8,600.0,672.0,0.0,False,False,False,False,0,2,0,0,0,0,0,0,"[false, false, false]",0,2,0,Starfield Stage - 1
117,2025-09-30T15:59:56.315116,9,600.0,672.0,0.0,False,False,False,False,0,2,0,0,0,0,0,0,"[false, false, false]",0,2,0,Starfield Stage - 1
118,2025-09-30T15:59:56.323876,9,600.0,672.0,0.0,False,False,False,False,0,2,0,0,0,0,0,0,"[false, false, false]",0,2,0,Starfield Stage - 1
119,2025-09-30T15:59:56.333051,9,600.0,672.0,0.0,False,False,False,False,0,2,0,0,0,0,0,0,"[false, false, false]",0,2,0,Starfield Stage - 1
120,2025-09-30T15:59:56.341937,9,600.0,672.0,0.0,False,False,False,False,0,2,0,0,0,0,0,0,"[false, false, false]",0,2,0,Starfield Stage - 1
121,2025-09-30T15:59:56.350268,9,600.0,672.0,0.0,False,False,False,False,0,2,0,0,0,0,0,0,"[false, false, false]",0,2,0,Starfield Stage - 1
122,2025-09-30T15:59:56.359724,9,600.0,672.0,0.0,False,False,False,False,0,2,0,0,0,0,0,0,"[false, false, false]",0,2,0,Starfield Stage - 1
123,2025-09-30T15:59:56.367929,8,600.0,672.0,0.0,False,False,False,False,0,2,0,0,0,0,0,0,"[false, false, false]",0,2,0,Starfield Stage - 1
124,2025-09-30T15:59:56.443306,9,600.0,672.0,0.0,False,False,False,False,0,2,0,0,0,0,0,0,"[false, false, false]",0,2,0,Starfield Stage - 1
125,2025-09-30T15:59:56.445536,68,600.0,672.0,0.0,False,False,False,False,0,2,0,0,0,0,0,0,"[false, false, false]",0,2,0,Starfield Stage - 1
126,2025-09-30T15:59:56.453145,8,600.0,672.0,0.0,False,False,False,False,0,2,0,0,0,0,0,0,"[false, false, false]",0,2,0,Starfield Stage - 1
127,2025-09-30T15:59:56.461844,9,600.0,672.0,0.0,False,False,False,False,0,2,0,0,0,0,0,0,"[false, false, false]",0,2,0,Starfield Stage - 1
128,2025-09-30T15:59:56.470402,8,600.0,672.0,0.0,False,False,False,False,0,2,0,0,0,0,0,0,"[false, false, false]",0,2,0,Starfield Stage - 1
129,2025-09-30T15:59:56.477895,8,600.0,672.0,0.0,False,False,False,False,0,2,0,0,0,0,0,0,"[false, false, false]",0,2,0,Starfield Stage - 1
130,2025-09-30T15:59:56.486111,8,600.0,672.0,0.0,False,False,False,False,0,2,0,0,0,0,0,0,"[false, false, false]",0,2,0,Starfield Stage - 1
131,2025-09-30T15:59:56.495078,9,600.0,672.0,0.0,False,False,False,False,0,2,0,0,0,0,0,0,"[false, false, false]",0,2,0,Starfield Stage - 1
132,2025-09-30T15:59:56.503908,9,600.0,672.0,0.0,False,False,False,False,0,2,0,0,0,0,0,0,"[false, false, false]",0,2,0,Starfield Stage - 1
133,2025-09-30T15:59:56.512461,9,600.0,672.0,0.0,False,False,False,False,0,2,0,0,0,0,0,0,"[false, false, false]",0,2,0,Starfield Stage - 1
134,2025-09-30T15:59:56.520742,8,600.0,672.0,0.0,False,False,False,False,0,2,0,0,0,0,0,0,"[false, false, false]",0,2,0,Starfield Stage - 1
135,2025-09-30T15:59:56.528985,8,600.0,672.0,0.0,False,False,False,False,0,2,0,0,0,0,0,0,"[false, false, false]",0,2,0,Starfield Stage - 1
136,2025-09-30T15:59:56.537782,9,600.0,672.0,0.0,False,False,False,False,0,2,0,0,0,0,0,0,"[false, false, false]",0,2,0,Starfield Stage - 1
137,2025-09-30T15:59:56.546516,9,600.0,672.0,0.0,False,False,False,False,0,2,0,0,0,0,0,0,"[false, false, false]",0,2,0,Starfield Stage - 1
138,2025-09-30T15:59:56.555027,8,600.0,672.0,0.0,False,False,False,False,0,2,0,0,0,0,0,0,"[false, false, false]",0,2,0,Starfield Stage - 1
139,2025-09-30T15:59:56.563082,8,600.0,672.0,0.0,False,False,False,False,0,2,0,0,0,0,0,0,"[false, false, false]",0,2,0,Starfield Stage - 1
140,2025-09-30T15:59:56.571698,9,600.0,672.0,0.0,False,False,False,False,0,2,0,0,0,0,0,0,"[false, false, false]",0,2,0,Starfield Stage - 1
141,2025-09-30T15:59:56.643219,8,600.0,672.0,0.0,False,False,False,False,0,2,0,0,0,0,0,0,"[false, false, false]",0,2,0,Starfield Stage - 1
142,2025-09-30T15:59:56.645400,65,600.0,672.0,0.0,False,False,False,False,0,2,0,0,0,0,0,0,"[false, false, false]",0,2,0,Starfield Stage - 1
143,2025-09-30T15:59:56.653122,8,600.0,672.0,0.0,False,False,False,False,0,2,0,0,0,0,0,0,"[false, false, false]",0,2,0,Starfield Stage - 1
144,2025-09-30T15:59:56.661589,9,600.0,672.0,0.0,False,False,False,False,0,2,0,0,0,0,0,0,"[false, false, false]",0,2,0,Starfield Stage - 1
145,2025-09-30T15:59:56.670298,8,600.0,672.0,0.0,False,False,False,False,0,2,0,0,0,0,0,0,"[false, false, false]",0,2,0,Starfield Stage - 1
146,2025-09-30T15:59:56.678468,9,600.0,672.0,0.0,False,False,False,False,0,2,0,0,0,0,0,0,"[false, false, false]",0,2,0,Starfield Stage - 1
147,2025-09-30T15:59:56.687038,8,600.0,672.0,0.0,False,False,False,False,0,2,0,0,0,0,0,0,"[false, false, false]",0,2,0,Starfield Stage - 1
148,2025-09-30T15:59:56.695413,9,600.0,672.0,0.0,False,False,False,False,0,2,0,0,0,0,0,0,"[false, false, false]",0,2,0,Starfield Stage - 1
149,2025-09-30T15:59:56.703742,8,600.0,672.0,0.0,False,False,False,False,0,2,0,0,0,0,0,0,"[false, false, false]",0,2,0,Starfield Stage - 1
150,2025-09-30T15:59:56.712274,8,600.0,672.0,0.0,False,False,False,False,0,2,0,0,0,0,0,0,"[false, false, false]",0,2,0,Starfield Stage - 1
151,2025-09-30T15:59:56.720303,9,600.0,672.0,0.0,False,False,False,False,0,2,0,0,0,0,0,0,"[false, false, false]",0,2,0,Starfield Stage - 1
152,2025-09-30T15:59:56.729643,9,600.0,672.0,0.0,False,False,False,False,0,2,0,0,0,0,0,0,"[false, false, false]",0,2,0,Starfield Stage - 1
153,2025-09-30T15:59:56.737772,8,600.0,672.0,0.0,False,False,False,False,0,2,0,0,0,0,0,0,"[false, false, false]",0,2,0,Starfield Stage - 1
154,2025-09-30T15:59:56.745691,8,600.0,672.0,0.0,False,False,False,False,0,2,0,0,0,0,0,0,"[false, false, false]",0,2,0,Starfield Stage - 1
155,2025-09-30T15:59:56.753705,8,600.0,672.0,0.0,False,False,False,False,0,2,0,0,0,0,0,0,"[false, false, false]",0,2,0,Starfield Stage - 1
156,2025-09-30T15:59:56.762109,8,600.0,672.0,0.0,False,False,False,False,0,2,0,0,0,0,0,0,"[false, false, false]",0,2,0,Starfield Stage - 1
157,2025-09-30T15:59:56.770703,9,600.0,672.0,0.0,False,False,False,False,0,2,0,0,0,0,0,0,"[false, false, false]",0,2,0,Starfield Stage - 1
158,2025-09-30T15:59:56.779522,8,600.0,672.0,0.0,False,False,False,False,0,2,0,0,0,0,0,0,"[false, false, false]",0,2,0,Starfield Stage - 1
159,2025-09-30T15:59:56.846255,8,600.0,672.0,0.0,False,False,False,False,0,2,0,0,0,0,0,0,"[false, false, false]",0,2,0,Starfield Stage - 1
160,2025-09-30T15:59:56.851520,61,600.0,672.0,0.0,False,False,False,False,0,2,0,0,0,0,0,0,"[false, false, false]",0,2,0,Starfield Stage - 1
161,2025-09-30T15:59:56.855923,8,600.0,672.0,0.0,False,False,False,False,0,2,0,0,0,0,0,0,"[false, false, false]",0,2,0,Starfield Stage - 1
162,2025-09-30T15:59:56.864735,9,600.0,672.0,0.0,False,False,False,False,0,2,0,0,0,0,0,0,"[false, false, false]",0,2,0,Starfield Stage - 1
163,2025-09-30T15:59:56.873697,9,600.0,672.0,0.0,False,False,False,False,0,2,0,0,0,0,0,0,"[false, false, false]",0,2,0,Starfield Stage - 1
164,2025-09-30T15:59:56.882618,8,600.0,672.0,0.0,False,False,False,False,0,2,0,0,0,0,0,0,"[false, false, false]",0,2,0,Starfield Stage - 1
165,2025-09-30T15:59:56.889812,8,600.0,672.0,0.0,False,False,False,False,0,2,0,0,0,0,0,0,"[false, false, false]",0,2,0,Starfield Stage - 1
166,2025-09-30T15:59:56.897638,8,600.0,672.0,0.0,False,False,False,False,0,2,0,0,0,0,0,0,"[false, false, false]",0,2,0,Starfield Stage - 1
167,2025-09-30T15:59:56.905962,8,600.0,672.0,0.0,False,False,False,False,0,2,0,0,0,0,0,0,"[false, false, false]",0,2,0,Starfield Stage - 1
168,2025-09-30T15:59:56.914792,9,600.0,672.0,0.0,False,False,False,False,0,2,0,0,0,0,0,0,"[false, false, false]",0,2,0,Starfield Stage - 1
169,2025-09-30T15:59:56.923217,9,600.0,672.0,0.0,False,False,False,False,0,2,0,0,0,0,0,0,"[false, false, false]",0,2,0,Starfield Stage - 1
170,2025-09-30T15:59:56.932661,9,600.0,672.0,0.0,False,False,False,False,0,2,0,0,0,0,0,0,"[false, false, false]",0,2,0,Starfield Stage - 1
171,2025-09-30T15:59:56.940944,8,600.0,672.0,0.0,False,False,False,False,0,2,0,0,0,0,0,0,"[false, false, false]",0,2,0,Starfield Stage - 1
172,2025-09-30T15:59:56.949321,8,600.0,672.0,0.0,False,False,False,False,0,2,0,0,0,0,0,0,"[false, false, false]",0,2,0,Starfield Stage - 1
173,2025-09-30T15:59:56.957616,9,600.0,672.0,0.0,False,False,False,False,0,3,0,0,0,0,0,0,"[false, false, false]",0,2,0,Starfield Stage - 1
174,2025-09-30T15:59:56.965673,8,600.0,672.0,0.0,False,False,False,False,0,3,0,0,0,0,0,0,"[false, false, false]",0,2,0,Starfield Stage - 1
175,2025-09-30T15:59:56.974072,8,600.0,672.0,0.0,False,False,False,False,0,3,0,0,0,0,0,0,"[false, false, false]",0,2,0,Starfield Stage - 1
176,2025-09-30T15:59:56.982650,9,600.0,672.0,0.0,False,False,False,False,0,3,0,0,0,0,0,0,"[false, false, false]",0,2,0,Starfield Stage - 1
177,2025-09-30T15:59:57.055786,8,600.0,672.0,0.0,False,False,False,False,0,3,0,0,0,0,0,0,"[false, false, false]",0,2,0,Starfield Stage - 1
178,2025-09-30T15:59:57.057960,67,600.0,672.0,0.0,False,False,False,False,0,3,0,0,0,0,0,0,"[false, false, false]",0,2,0,Starfield Stage - 1
179,2025-09-30T15:59:57.067033,9,600.0,672.0,0.0,False,False,False,False,0,3,0,0,0,0,0,0,"[false, false, false]",0,2,0,Starfield Stage - 1
180,2025-09-30T15:59:57.076350,9,600.0,672.0,0.0,False,False,False,False,0,3,0,0,0,0,0,0,"[false, false, false]",0,2,0,Starfield Stage - 1
181,2025-09-30T15:59:57.084935,9,600.0,672.0,0.0,False,False,False,False,0,3,0,0,0,0,0,0,"[false, false, false]",0,2,0,Starfield Stage - 1
182,2025-09-30T15:59:57.093535,9,600.0,672.0,0.0,False,False,False,False,0,3,0,0,0,0,0,0,"[false, false, false]",0,2,0,Starfield Stage - 1
183,2025-09-30T15:59:57.103363,8,600.0,672.0,0.0,False,False,False,False,0,3,0,0,0,0,0,0,"[false, false, false]",0,2,0,Starfield Stage - 1
184,2025-09-30T15:59:57.110265,9,600.0,672.0,0.0,False,False,False,False,0,3,0,0,0,0,0,0,"[false, false, false]",0,2,0,Starfield Stage - 1
185,2025-09-30T15:59:57.119894,9,600.0,672.0,0.0,False,False,False,False,0,3,0,0,0,0,0,0,"[false, false, false]",0,2,0,Starfield Stage - 1
186,2025-09-30T15:59:57.128150,8,600.0,672.0,0.0,False,False,False,False,0,3,0,0,0,0,0,0,"[false, false, false]",0,2,0,Starfield Stage - 1
187,2025-09-30T15:59:57.137024,9,600.0,672.0,0.0,False,False,False,False,0,3,0,0,0,0,0,0,"[false, false, false]",0,2,0,Starfield Stage - 1
188,2025-09-30T15:59:57.146260,10,600.0,672.0,0.0,False,False,False,False,0,3,0,0,0,0,0,0,"[false, false, false]",0,2,0,Starfield Stage - 1
189,2025-09-30T15:59:57.156062,9,600.0,672.0,0.0,False,False,False,False,0,3,0,0,0,0,0,0,"[false, false, false]",0,2,0,Starfield Stage - 1
190,2025-09-30T15:59:57.165033,9,600.0,672.0,0.0,False,False,False,False,0,3,0,0,0,0,0,0,"[false, false, false]",0,2,0,Starfield Stage - 1
191,2025-09-30T15:59:57.173554,9,600.0,672.0,0.0,False,False,False,False,0,3,0,0,0,0,0,0,"[false, false, false]",0,2,0,Starfield Stage - 1
192,2025-09-30T15:59:57.182023,8,600.0,672.0,0.0,False,False,False,False,0,3,0,0,0,0,0,0,"[false, false, false]",0,2,0,Starfield Stage - 1
193,2025-09-30T15:59:57.189869,8,600.0,672.0,0.0,False,False,False,False,0,3,0,0,0,0,0,0,"[false, false, false]",0,2,0,Starfield Stage - 1
194,2025-09-30T15:59:57.259966,8,600.0,672.0,0.0,False,False,False,False,0,3,0,0,0,0,0,0,"[false, false, false]",0,2,0,Starfield Stage - 1
195,2025-09-30T15:59:57.261751,64,600.0,672.0,0.0,False,False,False,False,0,3,0,0,0,0,0,0,"[false, false, false]",0,2,0,Starfield Stage - 1
196,2025-09-30T15:59:57.271131,9,600.0,672.0,0.0,False,False,False,False,0,3,0,0,0,0,0,0,"[false, false, false]",0,2,0,Starfield Stage - 1
197,2025-09-30T15:59:57.280256,9,600.0,672.0,0.0,False,False,False,False,0,3,0,0,0,0,0,0,"[false, false, false]",0,2,0,Starfield Stage - 1
198,2025-09-30T15:59:57.289325,9,600.0,672.0,0.0,False,False,False,False,0,3,0,0,0,0,0,0,"[false, false, false]",0,2,0,Starfield Stage - 1
199,2025-09-30T15:59:57.297672,9,600.0,672.0,0.0,False,False,False,False,0,3,0,0,0,0,0,0,"[false, false, false]",0,2,0,Starfield Stage - 1
200,2025-09-30T15:59:57.306207,8,600.0,672.0,0.0,False,False,False,False,0,3,0,0,0,0,0,0,"[false, false, false]",0,2,0,Starfield Stage - 1
201,2025-09-30T15:59:57.314810,9,600.0,672.0,0.0,False,False,False,False,0,3,0,0,0,0,0,0,"[false, false, false]",0,2,0,Starfield Stage - 1
202,2025-09-30T15:59:57.326009,9,600.0,672.0,0.0,False,False,False,False,0,3,0,0,0,0,0,0,"[false, false, false]",0,2,0,Starfield Stage - 1
203,2025-09-30T15:59:57.333068,9,600.0,672.0,0.0,False,False,False,False,0,3,0,0,0,0,0,0,"[false, false, false]",0,2,0,Starfield Stage - 1
204,2025-09-30T15:59:57.341396,8,600.0,672.0,0.0,False,False,False,False,0,3,0,0,0,0,0,0,"[false, false, false]",0,2,0,Starfield Stage - 1
205,2025-09-30T15:59:57.349514,8,600.0,672.0,0.0,False,False,False,False,0,3,0,0,0,0,0,0,"[false, false, false]",0,2,0,Starfield Stage - 1
206,2025-09-30T15:59:57.356873,8,600.0,672.0,0.0,False,False,False,False,0,3,0,0,0,0,0,0,"[false, false, false]",0,2,0,Starfield Stage - 1
207,2025-09-30T15:59:57.366096,9,600.0,672.0,0.0,False,False,False,False,0,3,0,0,0,0,0,0,"[false, false, false]",0,2,0,Starfield Stage - 1
208,2025-09-30T15:59:57.375021,9,600.0,672.0,0.0,False,False,False,False,0,3,0,0,0,0,0,0,"[false, false, false]",0,2,0,Starfield Stage - 1
209,2025-09-30T15:59:57.388896,8,600.0,672.0,0.0,False,False,False,False,0,3,0,0,0,0,0,0,"[false, false, false]",0,2,0,Starfield Stage - 1
210,2025-09-30T15:59:57.392090,8,600.0,672.0,0.0,False,False,False,False,0,3,0,0,0,0,0,0,"[false, false, false]",0,2,0,Starfield Stage - 1
211,2025-09-30T15:59:57.460981,9,600.0,672.0,0.0,False,False,False,False,0,3,0,0,0,0,0,0,"[false, false, false]",0,2,0,Starfield Stage - 1
212,2025-09-30T15:59:57.462828,63,600.0,672.0,0.0,False,False,False,False,0,3,0,0,0,0,0,0,"[false, false, false]",0,2,0,Starfield Stage - 1
213,2025-09-30T15:59:57.471913,9,600.0,672.0,0.0,False,False,False,False,0,3,0,0,0,0,0,0,"[false, false, false]",0,2,0,Starfield Stage - 1
214,2025-09-30T15:59:57.480417,8,600.0,672.0,0.0,False,False,False,False,0,3,0,0,0,0,0,0,"[false, false, false]",0,2,0,Starfield Stage - 1
215,2025-09-30T15:59:57.487594,8,600.0,672.0,0.0,False,False,False,False,0,3,0,0,0,0,0,0,"[false, false, false]",0,2,0,Starfield Stage - 1
216,2025-09-30T15:59:57.495939,8,600.0,672.0,0.0,False,False,False,False,0,3,0,0,0,0,0,0,"[false, false, false]",0,2,0,Starfield Stage - 1
217,2025-09-30T15:59:57.503988,8,600.0,672.0,0.0,False,False,False,False,0,3,0,0,0,0,0,0,"[false, false, false]",0,2,0,Starfield Stage - 1
218,2025-09-30T15:59:57.512918,9,600.0,672.0,0.0,False,False,False,False,0,3,0,0,0,0,0,0,"[false, false, false]",0,2,0,Starfield Stage - 1
219,2025-09-30T15:59:57.521150,8,600.0,672.0,0.0,False,False,False,False,0,3,0,0,0,0,0,0,"[false, false, false]",0,2,0,Starfield Stage - 1
220,2025-09-30T15:59:57.529056,8,600.0,672.0,0.0,False,False,False,False,0,3,0,0,0,0,0,0,"[false, false, false]",0,2,0,Starfield Stage - 1
221,2025-09-30T15:59:57.537748,9,600.0,672.0,0.0,False,False,False,False,0,3,0,0,0,0,0,0,"[false, false, false]",0,2,0,Starfield Stage - 1
222,2025-09-30T15:59:57.546241,8,600.0,672.0,0.0,False,False,False,False,0,3,0,0,0,0,0,0,"[false, false, false]",0,2,0,Starfield Stage - 1
223,2025-09-30T15:59:57.555310,9,600.0,672.0,0.0,False,False,False,False,0,3,0,0,0,0,0,0,"[false, false, false]",0,2,0,Starfield Stage - 1
224,2025-09-30T15:59:57.564401,9,600.0,672.0,0.0,False,False,False,False,0,3,0,0,0,0,0,0,"[false, false, false]",0,2,0,Starfield Stage - 1
225,2025-09-30T15:59:57.571834,8,600.0,672.0,0.0,False,False,False,False,0,3,0,0,0,0,0,0,"[false, false, false]",0,2,0,Starfield Stage - 1
226,2025-09-30T15:59:57.580901,8,600.0,672.0,0.0,False,False,False,False,0,3,0,0,0,0,0,0,"[false, false, false]",0,2,0,Starfield Stage - 1
227,2025-09-30T15:59:57.588465,8,600.0,672.0,0.0,False,False,False,False,0,3,0,0,0,0,0,0,"[false, false, false]",0,2,0,Starfield Stage - 1
228,2025-09-30T15:59:57.595800,8,600.0,672.0,0.0,False,False,False,False,0,3,0,0,0,0,0,0,"[false, false, false]",0,2,0,Starfield Stage - 1
229,2025-09-30T15:59:57.668643,9,600.0,672.0,0.0,False,False,False,False,0,3,0,0,0,0,0,0,"[false, false, false]",0,2,0,Starfield Stage - 1
230,2025-09-30T15:59:57.674576,66,600.0,672.0,0.0,False,False,False,False,0,3,0,0,0,0,0,0,"[false, false, false]",0,2,0,Starfield Stage - 1
231,2025-09-30T15:59:57.680195,9,600.0,672.0,0.0,False,False,False,False,0,3,0,0,0,0,0,0,"[false, false, false]",0,2,0,Starfield Stage - 1
232,2025-09-30T15:59:57.689602,9,600.0,672.0,0.0,False,False,False,False,0,3,0,0,0,0,0,0,"[false, false, false]",0,2,0,Starfield Stage - 1
233,2025-09-30T15:59:57.697071,8,600.0,672.0,0.0,False,False,False,False,0,3,0,0,0,0,1016,772,"[false, false, false]",0,2,0,Starfield Stage - 1
234,2025-09-30T15:59:57.705882,9,600.0,672.0,0.0,False,False,False,False,0,3,0,0,0,0,990,744,"[false, false, false]",0,2,0,Starfield Stage - 1
235,2025-09-30T15:59:57.714954,9,600.0,672.0,0.0,False,False,False,False,0,3,0,0,0,0,967,716,"[false, false, false]",0,2,0,Starfield Stage - 1
236,2025-09-30T15:59:57.723235,8,600.0,672.0,0.0,False,False,False,False,0,3,0,0,0,0,944,691,"[false, false, false]",0,2,0,Starfield Stage - 1
237,2025-09-30T15:59:57.732048,9,600.0,672.0,0.0,False,False,False,False,0,3,0,0,0,0,923,667,"[false, false, false]",0,2,0,Starfield Stage - 1
238,2025-09-30T15:59:57.740954,9,600.0,672.0,0.0,False,False,False,False,0,3,0,0,0,0,905,645,"[false, false, false]",0,2,0,Starfield Stage - 1
239,2025-09-30T15:59:57.750372,9,600.0,672.0,0.0,False,False,False,False,0,3,0,0,0,0,887,627,"[false, false, false]",0,2,0,Starfield Stage - 1
240,2025-09-30T15:59:57.758999,9,600.0,672.0,0.0,False,False,False,False,0,3,0,0,0,0,854,596,"[false, false, false]",0,2,0,Starfield Stage - 1
241,2025-09-30T15:59:57.767905,9,600.0,672.0,0.0,False,False,False,False,0,3,0,0,0,0,840,583,"[false, false, false]",0,2,0,Starfield Stage - 1
242,2025-09-30T15:59:57.776714,9,600.0,672.0,0.0,False,False,False,False,0,3,0,0,0,0,828,572,"[false, false, false]",0,2,0,Starfield Stage - 1
243,2025-09-30T15:59:57.785926,8,600.0,672.0,0.0,False,False,False,False,0,3,0,0,0,0,817,562,"[false, false, false]",0,2,0,Starfield Stage - 1
244,2025-09-30T15:59:57.793281,8,600.0,672.0,0.0,False,False,False,False,0,3,0,0,0,0,807,552,"[false, false, false]",0,2,0,Starfield Stage - 1
245,2025-09-30T15:59:57.801704,9,600.0,672.0,0.0,False,False,False,False,0,3,0,0,0,0,798,545,"[false, false, false]",0,2,0,Starfield Stage - 1
246,2025-09-30T15:59:57.874563,8,600.0,672.0,0.0,False,False,False,False,0,3,0,0,0,0,741,502,"[false, false, false]",0,2,0,Starfield Stage - 1
247,2025-09-30T15:59:57.876819,67,600.0,672.0,0.0,False,False,False,False,0,3,0,0,0,0,741,502,"[false, false, false]",0,2,0,Starfield Stage - 1
248,2025-09-30T15:59:57.886269,9,600.0,672.0,0.0,False,False,False,False,0,3,0,0,0,0,734,498,"[false, false, false]",0,2,0,Starfield Stage - 1
249,2025-09-30T15:59:57.895462,9,600.0,672.0,0.0,False,False,False,False,0,3,0,0,0,0,723,492,"[false, false, false]",0,2,0,Starfield Stage - 1
250,2025-09-30T15:59:57.903350,8,600.0,672.0,0.0,False,False,False,False,0,3,0,0,0,0,718,488,"[false, false, false]",0,2,0,Starfield Stage - 1
251,2025-09-30T15:59:57.911353,9,600.0,672.0,0.0,False,False,False,False,0,3,0,0,0,0,713,483,"[false, false, false]",0,2,0,Starfield Stage - 1
252,2025-09-30T15:59:57.919896,8,600.0,672.0,0.0,False,False,False,False,0,3,0,0,0,0,708,479,"[false, false, false]",0,2,0,Starfield Stage - 1
253,2025-09-30T15:59:57.928270,8,600.0,672.0,0.0,False,False,False,False,0,3,0,0,0,0,702,474,"[false, false, false]",0,2,0,Starfield Stage - 1
254,2025-09-30T15:59:57.937398,9,600.0,672.0,0.0,False,False,False,False,0,3,0,0,0,0,697,469,"[false, false, false]",0,2,0,Starfield Stage - 1
255,2025-09-30T15:59:57.944771,8,600.0,672.0,0.0,False,False,False,False,0,3,0,0,0,0,691,464,"[false, false, false]",0,2,0,Starfield Stage - 1
256,2025-09-30T15:59:57.953224,8,600.0,672.0,0.0,False,False,False,False,0,3,0,0,0,0,685,458,"[false, false, false]",0,2,0,Starfield Stage - 1
257,2025-09-30T15:59:57.961754,9,600.0,672.0,0.0,False,False,False,False,0,3,0,0,0,0,679,452,"[false, false, false]",0,2,0,Starfield Stage - 1
258,2025-09-30T15:59:57.970261,8,600.0,672.0,0.0,False,False,False,False,0,3,0,0,0,0,674,446,"[false, false, false]",0,2,0,Starfield Stage - 1
259,2025-09-30T15:59:57.978622,9,600.0,672.0,0.0,False,False,False,False,0,3,0,0,0,0,668,440,"[false, false, false]",0,2,0,Starfield Stage - 1
260,2025-09-30T15:59:57.986733,8,600.0,672.0,0.0,False,False,False,False,0,3,0,0,0,0,663,433,"[false, false, false]",0,2,0,Starfield Stage - 1
261,2025-09-30T15:59:57.995008,8,600.0,672.0,0.0,False,False,False,False,0,3,0,0,0,0,659,427,"[false, false, false]",0,2,0,Starfield Stage - 1
262,2025-09-30T15:59:58.003647,8,600.0,672.0,0.0,False,False,False,False,0,3,0,0,0,0,654,420,"[false, false, false]",0,2,0,Starfield Stage - 1
263,2025-09-30T15:59:58.071470,8,600.0,672.0,0.0,False,False,False,False,0,4,0,0,0,0,625,375,"[false, false, false]",0,2,0,Starfield Stage - 1
264,2025-09-30T15:59:58.073243,63,600.0,672.0,0.0,False,False,False,False,0,4,0,0,0,0,625,375,"[false, false, false]",0,2,0,Starfield Stage - 1
265,2025-09-30T15:59:58.083855,9,600.0,672.0,0.0,False,False,False,False,0,4,0,0,0,0,625,374,"[false, false, false]",0,2,0,Starfield Stage - 1
266,2025-09-30T15:59:58.091747,8,600.0,672.0,0.0,False,False,False,False,0,4,0,0,0,0,624,372,"[false, false, false]",0,2,0,Starfield Stage - 1
267,2025-09-30T15:59:58.099925,9,600.0,672.0,0.0,False,False,False,False,0,4,0,0,0,0,624,371,"[false, false, false]",0,2,0,Starfield Stage - 1
268,2025-09-30T15:59:58.107970,8,600.0,672.0,0.0,False,False,False,False,0,4,0,0,0,0,624,370,"[false, false, false]",0,2,0,Starfield Stage - 1
269,2025-09-30T15:59:58.116190,8,600.0,672.0,0.0,False,False,False,False,0,4,0,0,0,0,624,368,"[false, false, false]",0,2,0,Starfield Stage - 1
270,2025-09-30T15:59:58.125584,9,600.0,672.0,0.0,False,False,False,False,0,4,0,0,0,0,624,366,"[false, false, false]",0,2,0,Starfield Stage - 1
271,2025-09-30T15:59:58.133022,8,600.0,672.0,0.0,False,False,False,False,0,4,0,0,0,0,624,365,"[false, false, false]",0,2,0,Starfield Stage - 1
272,2025-09-30T15:59:58.141845,9,600.0,672.0,0.0,False,False,False,False,0,4,0,0,0,0,624,363,"[false, false, false]",0,2,0,Starfield Stage - 1
273,2025-09-30T15:59:58.150595,9,600.0,672.0,0.0,False,False,False,False,0,4,0,0,0,0,624,360,"[false, false, false]",0,2,0,Starfield Stage - 1
274,2025-09-30T15:59:58.159027,8,600.0,672.0,0.0,False,False,False,False,0,4,0,0,0,0,624,358,"[false, false, false]",0,2,0,Starfield Stage - 1
275,2025-09-30T15:59:58.167553,9,600.0,672.0,0.0,False,False,False,False,0,4,0,0,0,0,624,356,"[false, false, false]",0,2,0,Starfield Stage - 1
276,2025-09-30T15:59:58.176209,8,600.0,672.0,0.0,False,False,False,False,0,4,0,0,0,0,624,355,"[false, false, false]",0,2,0,Starfield Stage - 1
277,2025-09-30T15:59:58.185439,9,600.0,672.0,0.0,False,False,False,False,0,4,0,0,0,0,624,352,"[false, false, false]",0,2,0,Starfield Stage - 1
278,2025-09-30T15:59:58.193480,8,600.0,672.0,0.0,False,False,False,False,0,4,0,0,0,0,624,351,"[false, false, false]",0,2,0,Starfield Stage - 1
279,2025-09-30T15:59:58.201128,8,600.0,672.0,0.0,False,False,False,False,0,4,0,0,0,0,624,349,"[false, false, false]",0,2,0,Starfield Stage - 1
280,2025-09-30T15:59:58.209690,8,600.0,672.0,0.0,False,False,False,False,0,4,0,0,0,0,624,347,"[false, false, false]",0,2,0,Starfield Stage - 1
281,2025-09-30T15:59:58.277863,8,600.0,672.0,0.0,False,False,False,False,0,4,0,0,0,0,625,344,"[false, false, false]",0,2,0,Starfield Stage - 1
282,2025-09-30T15:59:58.279646,63,600.0,672.0,0.0,False,False,False,False,0,4,0,0,0,0,625,344,"[false, false, false]",0,2,0,Starfield Stage - 1
283,2025-09-30T15:59:58.288621,8,600.0,672.0,0.0,False,False,False,False,0,4,0,0,0,0,625,344,"[false, false, false]",0,2,0,Starfield Stage - 1
284,2025-09-30T15:59:58.296191,8,600.0,672.0,0.0,False,False,False,False,0,4,0,0,0,0,625,344,"[false, false, false]",0,2,0,Starfield Stage - 1
285,2025-09-30T15:59:58.304784,9,600.0,672.0,0.0,False,False,False,False,0,4,0,0,0,0,625,344,"[false, false, false]",0,2,0,Starfield Stage - 1
286,2025-09-30T15:59:58.313183,8,600.0,672.0,0.0,False,False,False,False,0,4,0,0,0,0,625,344,"[false, false, false]",0,2,0,Starfield Stage - 1
287,2025-09-30T15:59:58.321567,8,600.0,672.0,0.0,False,False,False,False,0,4,0,0,0,0,625,344,"[true, false, false]",0,2,0,Starfield Stage - 1
288,2025-09-30T15:59:58.328698,8,600.0,672.0,0.0,False,False,False,False,0,4,0,0,0,0,625,344,"[true, false, false]",0,2,0,Starfield Stage - 1
289,2025-09-30T15:59:58.337016,8,600.0,672.0,0.0,False,False,False,False,0,4,0,0,0,0,625,344,"[true, false, false]",0,2,0,Starfield Stage - 1
290,2025-09-30T15:59:58.345970,9,600.0,672.0,0.0,False,False,False,False,0,4,0,0,0,0,625,344,"[true, false, false]",0,2,0,Starfield Stage - 1
291,2025-09-30T15:59:58.354047,8,600.0,672.0,0.0,False,False,False,False,0,4,0,0,0,0,625,344,"[true, false, false]",0,2,0,Starfield Stage - 1
292,2025-09-30T15:59:58.362258,9,600.0,672.0,0.0,False,False,False,False,0,4,0,0,0,0,625,344,"[true, false, false]",0,2,0,Starfield Stage - 1
293,2025-09-30T15:59:58.372369,9,600.0,672.0,0.0,False,False,False,False,0,4,0,0,0,0,625,344,"[true, false, false]",0,2,0,Starfield Stage - 1
294,2025-09-30T15:59:58.381511,8,600.0,672.0,0.0,False,False,False,False,0,4,0,0,0,0,625,344,"[true, false, false]",0,2,0,Starfield Stage - 1
295,2025-09-30T15:59:58.387957,8,600.0,672.0,0.0,False,False,False,False,0,0,0,0,0,0,625,344,"[false, false, false]",0,2,0,Starfield Stage - 1
296,2025-09-30T15:59:58.395973,8,600.0,672.0,-0.0760724276393862,False,False,False,False,0,0,0,0,0,0,625,344,"[false, false, false]",0,2,0,Starfield Stage - 1
297,2025-09-30T15:59:58.404674,8,600.0,672.0,-0.0760724276393862,False,False,False,False,0,0,0,0,0,0,625,344,"[false, false, false]",0,2,0,Starfield Stage - 1
298,2025-09-30T15:59:58.412482,8,600.0,672.0,-0.0760724276393862,False,False,False,False,0,0,0,0,0,0,625,344,"[false, false, false]",0,2,0,Starfield Stage - 1
299,2025-09-30T15:59:58.478623,8,600.0,672.0,-0.07304056530311932,False,False,False,False,0,0,0,0,0,0,624,344,"[false, false, false]",0,2,0,Starfield Stage - 1
300,2025-09-30T15:59:58.480436,61,600.0,672.0,-0.07304056530311932,False,False,False,False,0,0,0,0,0,0,624,344,"[false, false, false]",0,2,0,Starfield Stage - 1
301,2025-09-30T15:59:58.489098,8,600.0,672.0,-0.07304056530311932,False,False,False,False,0,0,0,0,0,0,624,344,"[false, false, false]",0,2,0,Starfield Stage - 1
302,2025-09-30T15:59:58.498130,9,600.0,672.0,-0.07304056530311932,False,False,False,False,0,0,0,0,0,0,624,344,"[false, false, false]",0,2,0,Starfield Stage - 1
303,2025-09-30T15:59:58.506729,8,600.0,672.0,-0.07304056530311932,False,False,False,False,0,0,0,0,0,0,624,344,"[false, false, false]",0,2,0,Starfield Stage - 1
304,2025-09-30T15:59:58.514788,9,600.0,672.0,-0.07304056530311932,False,False,False,False,0,0,0,0,0,0,624,344,"[false, false, false]",0,2,0,Starfield Stage - 1
305,2025-09-30T15:59:58.523973,9,600.0,672.0,-0.07304056530311932,False,False,False,False,0,0,0,0,0,0,624,344,"[false, false, false]",0,2,0,Starfield Stage - 1
306,2025-09-30T15:59:58.531972,8,600.0,672.0,-0.07304056530311932,False,False,False,False,0,0,0,0,0,0,624,344,"[false, false, false]",0,2,0,Starfield Stage - 1
307,2025-09-30T15:59:58.540579,9,600.0,672.0,-0.07304056530311932,False,False,False,False,0,0,0,0,0,0,624,344,"[false, false, false]",0,2,0,Starfield Stage - 1
308,2025-09-30T15:59:58.549270,8,600.0,672.0,-0.07304056530311932,False,False,False,False,0,0,0,0,0,0,624,344,"[false, false, false]",0,2,0,Starfield Stage - 1
309,2025-09-30T15:59:58.557806,9,600.0,672.0,-0.07304056530311932,False,False,False,False,0,0,0,0,0,0,624,344,"[false, false, false]",0,2,0,Starfield Stage - 1
310,2025-09-30T15:59:58.566026,8,600.0,672.0,-0.07304056530311932,False,False,False,False,0,0,0,0,0,0,624,344,"[false, false, false]",0,2,0,Starfield Stage - 1
311,2025-09-30T15:59:58.575147,9,600.0,672.0,-0.0760724276393862,False,False,False,False,0,0,0,0,0,0,625,344,"[false, false, false]",0,2,0,Starfield Stage - 1
312,2025-09-30T15:59:58.583648,9,600.0,672.0,-0.0760724276393862,False,False,False,False,0,0,0,0,0,1,625,344,"[false, false, false]",0,2,0,Starfield Stage - 1
313,2025-09-30T15:59:58.592100,8,600.0,672.0,-0.0760724276393862,False,False,False,False,0,0,0,0,0,1,625,344,"[false, false, false]",0,2,0,Starfield Stage - 1
314,2025-09-30T15:59:58.601025,9,600.0,672.0,-0.0760724276393862,False,False,False,False,0,0,0,0,0,1,625,344,"[false, false, false]",0,2,0,Starfield Stage - 1
315,2025-09-30T15:59:58.609991,9,600.0,672.0,-0.0760724276393862,False,False,False,False,0,0,0,0,0,1,625,344,"[false, false, false]",0,2,0,Starfield Stage - 1
316,2025-09-30T15:59:58.618796,9,600.0,672.0,-0.07304056530311932,False,False,False,False,0,0,0,0,0,1,624,344,"[false, false, false]",0,2,0,Starfield Stage - 1
317,2025-09-30T15:59:58.687796,8,600.0,672.0,-0.0760724276393862,False,False,False,False,0,0,0,0,0,1,625,344,"[false, false, false]",0,2,0,Starfield Stage - 1
318,2025-09-30T15:59:58.693546,63,600.0,672.0,-0.0760724276393862,False,False,False,False,0,0,0,0,0,1,625,344,"[false, false, false]",0,2,0,Starfield Stage - 1
319,2025-09-30T15:59:58.697877,8,600.0,672.0,-0.0760724276393862,False,False,False,False,0,0,0,0,0,1,625,344,"[false, false, false]",0,2,0,Starfield Stage - 1
320,2025-09-30T15:59:58.706632,8,600.0,672.0,-0.0760724276393862,False,False,False,False,0,0,0,0,0,1,625,344,"[false, false, false]",0,2,0,Starfield Stage - 1
321,2025-09-30T15:59:58.714488,8,600.0,672.0,-0.0760724276393862,False,False,False,False,0,0,0,0,0,1,625,344,"[false, false, false]",0,2,0,Starfield Stage - 1
322,2025-09-30T15:59:58.721804,8,600.0,672.0,-0.0760724276393862,False,False,False,False,0,0,0,0,0,1,625,344,"[false, false, false]",0,2,0,Starfield Stage - 1
323,2025-09-30T15:59:58.729922,8,600.0,672.0,-0.0760724276393862,False,False,False,False,0,0,0,0,0,1,625,344,"[false, false, false]",0,2,0,Starfield Stage - 1
324,2025-09-30T15:59:58.739181,9,600.0,672.0,-0.0760724276393862,False,False,False,False,0,0,0,0,0,1,625,344,"[false, false, false]",0,2,0,Starfield Stage - 1
325,2025-09-30T15:59:58.748447,10,600.0,672.0,-0.0760724276393862,False,False,False,False,0,0,0,0,0,1,625,344,"[false, false, false]",0,2,0,Starfield Stage - 1
326,2025-09-30T15:59:58.757270,8,600.0,672.0,-0.0760724276393862,False,False,False,False,0,0,0,0,0,1,625,344,"[false, false, false]",0,2,0,Starfield Stage - 1
327,2025-09-30T15:59:58.765602,9,600.0,672.0,-0.0760724276393862,False,False,False,False,0,0,0,0,0,1,625,344,"[false, false, false]",0,2,0,Starfield Stage - 1
328,2025-09-30T15:59:58.774318,8,600.0,672.0,-0.0760724276393862,False,False,False,False,0,0,0,0,0,1,625,344,"[false, false, false]",0,2,0,Starfield Stage - 1
329,2025-09-30T15:59:58.783615,10,600.0,672.0,-0.0760724276393862,False,False,False,False,0,0,0,0,0,1,625,344,"[false, false, false]",0,2,0,Starfield Stage - 1
330,2025-09-30T15:59:58.791934,8,600.0,672.0,-0.0760724276393862,False,False,False,False,0,0,0,0,0,1,625,344,"[false, false, false]",0,2,0,Starfield Stage - 1
331,2025-09-30T15:59:58.801114,9,600.0,672.0,-0.0760724276393862,False,False,False,False,0,0,0,0,0,1,625,344,"[false, false, false]",0,2,0,Starfield Stage - 1
332,2025-09-30T15:59:58.809196,8,600.0,672.0,-0.0760724276393862,False,False,False,False,0,0,0,0,0,1,625,344,"[false, false, false]",0,2,0,Starfield Stage - 1
333,2025-09-30T15:59:58.817574,9,600.0,672.0,-0.0760724276393862,False,False,False,False,0,0,0,0,0,1,625,344,"[false, false, false]",0,2,0,Starfield Stage - 1
334,2025-09-30T15:59:58.825866,8,600.0,672.0,-0.0760724276393862,False,False,False,False,0,0,0,0,0,1,625,344,"[false, false, false]",0,2,0,Starfield Stage - 1
335,2025-09-30T15:59:58.897354,9,600.0,672.0,-0.07304056530311932,False,False,False,False,0,0,0,0,0,1,624,344,"[false, false, false]",0,2,0,Starfield Stage - 1
336,2025-09-30T15:59:58.899554,64,600.0,672.0,-0.07304056530311932,False,False,False,False,0,0,0,0,0,1,624,344,"[false, false, false]",0,2,0,Starfield Stage - 1
337,2025-09-30T15:59:58.907426,8,600.0,672.0,-0.07304056530311932,False,False,False,False,0,0,0,0,0,1,624,344,"[false, false, false]",0,2,0,Starfield Stage - 1
338,2025-09-30T15:59:58.915189,8,600.0,672.0,-0.07304056530311932,False,False,False,False,0,0,0,0,0,1,624,344,"[false, false, false]",0,2,0,Starfield Stage - 1
339,2025-09-30T15:59:58.924164,9,600.0,672.0,-0.07304056530311932,False,False,False,False,0,0,0,0,0,1,624,344,"[false, false, false]",0,2,0,Starfield Stage - 1
340,2025-09-30T15:59:58.932270,9,600.0,672.0,-0.07304056530311932,False,False,False,False,0,0,0,0,0,1,624,344,"[false, false, false]",0,2,0,Starfield Stage - 1
341,2025-09-30T15:59:58.941988,9,600.0,672.0,-0.0760724276393862,False,False,False,False,0,0,0,0,0,1,625,344,"[false, false, false]",0,2,0,Starfield Stage - 1
342,2025-09-30T15:59:58.950857,9,600.0,672.0,-0.0760724276393862,False,False,False,False,0,0,0,0,0,1,625,344,"[false, false, false]",0,2,0,Starfield Stage - 1
343,2025-09-30T15:59:58.958845,8,600.0,672.0,-0.0760724276393862,False,False,False,False,0,0,0,0,0,1,625,344,"[false, false, false]",0,2,0,Starfield Stage - 1
344,2025-09-30T15:59:58.967285,8,600.0,672.0,-0.0760724276393862,False,False,False,False,0,0,0,0,0,1,625,344,"[false, false, false]",0,2,0,Starfield Stage - 1
345,2025-09-30T15:59:58.975667,9,600.0,672.0,-0.0760724276393862,False,False,False,False,0,0,0,0,0,1,625,344,"[false, false, false]",0,2,0,Starfield Stage - 1
346,2025-09-30T15:59:58.983665,8,600.0,672.0,-0.0760724276393862,False,False,False,False,0,0,0,0,0,1,625,344,"[false, false, false]",0,2,0,Starfield Stage - 1
347,2025-09-30T15:59:58.992083,8,600.0,672.0,-0.0760724276393862,False,False,False,False,0,0,0,0,0,1,625,344,"[false, false, false]",0,2,0,Starfield Stage - 1
348,2025-09-30T15:59:59.000923,9,600.0,672.0,-0.0760724276393862,False,False,False,False,0,0,0,0,0,1,625,344,"[false, false, false]",0,2,0,Starfield Stage - 1
349,2025-09-30T15:59:59.009846,9,600.0,672.0,-0.0760724276393862,False,False,False,False,0,0,0,0,0,1,625,344,"[false, false, false]",0,2,0,Starfield Stage - 1
350,2025-09-30T15:59:59.018414,8,600.0,672.0,-0.0760724276393862,False,False,False,False,0,0,0,0,0,1,625,344,"[false, false, false]",0,2,0,Starfield Stage - 1
351,2025-09-30T15:59:59.025867,8,600.0,672.0,-0.0760724276393862,False,False,False,False,0,0,0,0,0,1,625,344,"[false, false, false]",0,2,0,Starfield Stage - 1
352,2025-09-30T15:59:59.096330,8,600.0,672.0,-0.0760724276393862,False,False,False,False,0,0,0,0,0,1,625,344,"[false, false, false]",0,2,0,Starfield Stage - 1
353,2025-09-30T15:59:59.098166,64,600.0,672.0,-0.0760724276393862,False,False,False,False,0,0,0,0,0,1,625,344,"[false, false, false]",0,2,0,Starfield Stage - 1
354,2025-09-30T15:59:59.107151,9,600.0,672.0,-0.0760724276393862,False,False,False,False,0,1,0,0,0,1,625,344,"[false, false, false]",0,2,0,Starfield Stage - 1
355,2025-09-30T15:59:59.116780,9,600.0,672.0,-0.0760724276393862,False,False,False,False,0,1,0,0,0,1,625,344,"[false, false, false]",0,2,0,Starfield Stage - 1
356,2025-09-30T15:59:59.125465,9,600.0,672.0,-0.0760724276393862,False,False,False,False,0,1,0,0,0,1,625,344,"[false, false, false]",0,2,0,Starfield Stage - 1
357,2025-09-30T15:59:59.132832,8,600.0,672.0,-0.0760724276393862,False,False,False,False,0,1,0,0,0,1,625,344,"[false, false, false]",0,2,0,Starfield Stage - 1
358,2025-09-30T15:59:59.140954,8,600.0,672.0,-0.0760724276393862,False,False,False,False,0,1,0,0,0,1,625,344,"[false, false, false]",0,2,0,Starfield Stage - 1
359,2025-09-30T15:59:59.149130,8,600.0,672.0,-0.0760724276393862,False,False,False,False,0,1,0,0,0,1,625,344,"[false, false, false]",0,2,0,Starfield Stage - 1
360,2025-09-30T15:59:59.158138,9,600.0,672.0,-0.0760724276393862,False,False,False,False,0,1,0,0,0,1,625,344,"[false, false, false]",0,2,0,Starfield Stage - 1
361,2025-09-30T15:59:59.167234,9,600.0,672.0,-0.0760724276393862,False,False,False,False,0,1,0,0,0,1,625,344,"[false, false, false]",0,2,0,Starfield Stage - 1
362,2025-09-30T15:59:59.175926,9,600.0,672.0,-0.0760724276393862,False,False,False,False,0,1,0,0,0,1,625,344,"[false, false, false]",0,2,0,Starfield Stage - 1
363,2025-09-30T15:59:59.184837,9,600.0,672.0,-0.0760724276393862,False,False,False,False,0,1,0,0,0,1,625,344,"[false, false, false]",0,2,0,Starfield Stage - 1
364,2025-09-30T15:59:59.193228,8,600.0,672.0,-0.0760724276393862,False,False,False,False,0,1,0,0,0,1,625,344,"[false, false, false]",0,2,0,Starfield Stage - 1
365,2025-09-30T15:59:59.201615,9,600.0,672.0,-0.07304056530311932,False,False,False,False,0,1,0,0,0,1,624,344,"[false, false, false]",0,2,0,Starfield Stage - 1
366,2025-09-30T15:59:59.209975,8,600.0,672.0,-0.07304056530311932,False,False,False,False,0,1,0,0,0,1,624,344,"[false, false, false]",0,2,0,Starfield Stage - 1
367,2025-09-30T15:59:59.219001,9,600.0,672.0,-0.07304056530311932,False,False,False,False,0,1,0,0,0,1,624,344,"[false, false, false]",0,2,0,Starfield Stage - 1
368,2025-09-30T15:59:59.227525,9,600.0,672.0,-0.07304056530311932,False,False,False,False,0,1,0,0,0,1,624,344,"[false, false, false]",0,2,0,Starfield Stage - 1
369,2025-09-30T15:59:59.297503,8,600.0,672.0,-0.0760724276393862,False,False,False,False,0,1,0,0,0,1,625,344,"[false, false, false]",0,2,0,Starfield Stage - 1
370,2025-09-30T15:59:59.299377,64,600.0,672.0,-0.0760724276393862,False,False,False,False,0,1,0,0,0,1,625,344,"[false, false, false]",0,2,0,Starfield Stage - 1
371,2025-09-30T15:59:59.308392,9,600.0,672.0,-0.0760724276393862,False,False,False,False,0,1,0,0,0,1,625,344,"[false, false, false]",0,2,0,Starfield Stage - 1
372,2025-09-30T15:59:59.316849,8,600.0,672.0,-0.0760724276393862,False,False,False,False,0,1,0,0,0,1,625,344,"[false, false, false]",0,2,0,Starfield Stage - 1
373,2025-09-30T15:59:59.325154,8,600.0,672.0,-0.0760724276393862,False,False,False,False,0,1,0,0,0,1,625,344,"[false, false, false]",0,2,0,Starfield Stage - 1
374,2025-09-30T15:59:59.333554,9,600.0,672.0,-0.0760724276393862,False,False,False,False,0,1,0,0,0,1,625,344,"[false, false, false]",0,2,0,Starfield Stage - 1
375,2025-09-30T15:59:59.341995,8,600.0,672.0,-0.0760724276393862,False,False,False,False,0,1,0,0,0,1,625,344,"[false, false, false]",0,2,0,Starfield Stage - 1
376,2025-09-30T15:59:59.350376,9,600.0,672.0,-0.0760724276393862,False,False,False,False,0,1,0,0,0,1,625,344,"[false, false, false]",0,2,0,Starfield Stage - 1
377,2025-09-30T15:59:59.360026,9,600.0,672.0,-0.0760724276393862,False,False,False,False,0,1,0,0,0,1,625,344,"[false, false, false]",0,2,0,Starfield Stage - 1
378,2025-09-30T15:59:59.368892,8,600.0,672.0,-0.0760724276393862,False,False,False,False,0,1,0,0,0,1,625,344,"[false, false, false]",0,2,0,Starfield Stage - 1
379,2025-09-30T15:59:59.376579,9,600.0,672.0,-0.0760724276393862,False,False,False,False,0,1,0,0,0,1,625,344,"[false, false, false]",0,2,0,Starfield Stage - 1
380,2025-09-30T15:59:59.384803,8,600.0,672.0,-0.0760724276393862,False,False,False,False,0,1,0,0,0,1,625,344,"[false, false, false]",0,2,0,Starfield Stage - 1
381,2025-09-30T15:59:59.393399,8,600.0,672.0,-0.0760724276393862,False,False,False,False,0,1,0,0,0,1,625,344,"[false, false, false]",0,2,0,Starfield Stage - 1
382,2025-09-30T15:59:59.400861,8,600.0,672.0,-0.0760724276393862,False,False,False,False,0,1,0,0,0,1,625,344,"[false, false, false]",0,2,0,Starfield Stage - 1
383,2025-09-30T15:59:59.409170,8,600.0,672.0,-0.0760724276393862,False,False,False,False,0,1,0,0,0,1,625,344,"[false, false, false]",0,2,0,Starfield Stage - 1
384,2025-09-30T15:59:59.417683,9,600.0,672.0,-0.0760724276393862,False,False,False,False,0,1,0,0,0,1,625,344,"[false, false, false]",0,2,0,Starfield Stage - 1
385,2025-09-30T15:59:59.426527,9,600.0,672.0,-0.0760724276393862,False,False,False,False,0,1,0,0,0,1,625,344,"[false, false, false]",0,2,0,Starfield Stage - 1
386,2025-09-30T15:59:59.434617,8,600.0,672.0,-0.0760724276393862,False,False,False,False,0,1,0,0,0,1,625,344,"[false, false, false]",0,2,0,Starfield Stage - 1
387,2025-09-30T15:59:59.503046,9,600.0,672.0,-0.0760724276393862,False,False,False,False,0,1,0,0,0,1,625,344,"[false, false, false]",0,2,0,Starfield Stage - 1
388,2025-09-30T15:59:59.504958,61,600.0,672.0,-0.0760724276393862,False,False,False,False,0,1,0,0,0,1,625,344,"[false, false, false]",0,2,0,Starfield Stage - 1
389,2025-09-30T15:59:59.513918,8,600.0,672.0,-0.0760724276393862,False,False,False,False,0,1,0,0,0,1,625,344,"[false, false, false]",0,2,0,Starfield Stage - 1
390,2025-09-30T15:59:59.521879,9,600.0,672.0,-0.0760724276393862,False,False,False,False,0,1,0,0,0,2,625,344,"[false, false, false]",0,2,0,Starfield Stage - 1
391,2025-09-30T15:59:59.530769,8,600.0,672.0,-0.0760724276393862,False,False,False,False,0,1,0,0,0,2,625,344,"[false, false, false]",0,2,0,Starfield Stage - 1
392,2025-09-30T15:59:59.538800,9,600.0,672.0,-0.0760724276393862,False,False,False,False,0,1,0,0,0,2,625,344,"[false, false, false]",0,2,0,Starfield Stage - 1
393,2025-09-30T15:59:59.546881,8,600.0,672.0,-0.0760724276393862,False,False,False,False,0,1,0,0,0,2,625,344,"[false, false, false]",0,2,0,Starfield Stage - 1
394,2025-09-30T15:59:59.555120,8,600.0,672.0,-0.0760724276393862,False,False,False,False,0,1,0,0,0,2,625,344,"[false, false, false]",0,2,0,Starfield Stage - 1
395,2025-09-30T15:59:59.564143,9,600.0,672.0,-0.07304056530311932,False,False,False,False,0,1,0,0,0,2,624,344,"[false, false, false]",0,2,0,Starfield Stage - 1
396,2025-09-30T15:59:59.572373,9,600.0,672.0,-0.07304056530311932,False,False,False,False,0,1,0,0,0,2,624,344,"[false, false, false]",0,2,0,Starfield Stage - 1
397,2025-09-30T15:59:59.582131,9,600.0,672.0,-0.07304056530311932,False,False,False,False,0,1,0,0,0,2,624,344,"[false, false, false]",0,2,0,Starfield Stage - 1
398,2025-09-30T15:59:59.590082,8,600.0,672.0,-0.07304056530311932,False,False,False,False,0,1,0,0,0,2,624,344,"[false, false, false]",0,2,0,Starfield Stage - 1
399,2025-09-30T15:59:59.598597,9,600.0,672.0,-0.0760724276393862,False,False,False,False,0,1,0,0,0,2,625,344,"[false, false, false]",0,2,0,Starfield Stage - 1
400,2025-09-30T15:59:59.607144,8,600.0,672.0,-0.0760724276393862,False,False,False,False,0,1,0,0,0,2,625,344,"[false, false, false]",0,2,0,Starfield Stage - 1
401,2025-09-30T15:59:59.615929,9,600.0,672.0,-0.0760724276393862,False,False,False,False,0,1,0,0,0,2,625,344,"[false, false, false]",0,2,0,Starfield Stage - 1
402,2025-09-30T15:59:59.625161,9,600.0,672.0,-0.0760724276393862,False,False,False,False,0,1,0,0,0,2,625,344,"[false, false, false]",0,2,0,Starfield Stage - 1
403,2025-09-30T15:59:59.634238,9,600.0,672.0,-0.0760724276393862,False,False,False,False,0,1,0,0,0,2,625,344,"[false, false, false]",0,2,0,Starfield Stage - 1
404,2025-09-30T15:59:59.642734,9,600.0,672.0,-0.0760724276393862,False,False,False,False,0,1,0,0,0,2,625,344,"[false, false, false]",0,2,0,Starfield Stage - 1
405,2025-09-30T15:59:59.711261,9,600.0,672.0,-0.0760724276393862,False,False,False,False,0,1,0,0,0,2,625,344,"[false, false, false]",0,2,0,Starfield Stage - 1
406,2025-09-30T15:59:59.713225,61,600.0,672.0,-0.0760724276393862,False,False,False,False,0,1,0,0,0,2,625,344,"[false, false, false]",0,2,0,Starfield Stage - 1
407,2025-09-30T15:59:59.722500,10,600.0,672.0,-0.0760724276393862,False,False,False,False,0,1,0,0,0,2,625,344,"[false, false, false]",0,2,0,Starfield Stage - 1
408,2025-09-30T15:59:59.731655,8,600.0,672.0,-0.0760724276393862,False,False,False,False,0,1,0,0,0,2,625,344,"[false, false, false]",0,2,0,Starfield Stage - 1
409,2025-09-30T15:59:59.739202,8,600.0,672.0,-0.0760724276393862,False,False,False,False,0,1,0,0,0,2,625,344,"[false, false, false]",0,2,0,Starfield Stage - 1
410,2025-09-30T15:59:59.748392,9,600.0,672.0,-0.0760724276393862,False,False,False,False,0,1,0,0,0,2,625,344,"[false, false, false]",0,2,0,Starfield Stage - 1
411,2025-09-30T15:59:59.756647,8,600.0,672.0,-0.0760724276393862,False,False,False,False,0,1,0,0,0,2,625,344,"[false, false, false]",0,2,0,Starfield Stage - 1
412,2025-09-30T15:59:59.764212,8,600.0,672.0,-0.0760724276393862,False,False,False,False,0,1,0,0,0,2,625,344,"[false, false, false]",0,2,0,Starfield Stage - 1
413,2025-09-30T15:59:59.772747,9,600.0,672.0,-0.0760724276393862,False,False,False,False,0,1,0,0,0,2,625,344,"[false, false, false]",0,2,0,Starfield Stage - 1
414,2025-09-30T15:59:59.781775,9,600.0,672.0,-0.0760724276393862,False,False,False,False,0,1,0,0,0,2,625,344,"[false, false, false]",0,2,0,Starfield Stage - 1
415,2025-09-30T15:59:59.790464,9,600.0,672.0,-0.0760724276393862,False,False,False,False,0,1,0,0,0,2,625,344,"[false, false, false]",0,2,0,Starfield Stage - 1
416,2025-09-30T15:59:59.799375,9,600.0,672.0,-0.0760724276393862,False,False,False,False,0,1,0,0,0,2,625,344,"[false, false, false]",0,2,0,Starfield Stage - 1
417,2025-09-30T15:59:59.808916,9,600.0,672.0,-0.0760724276393862,False,False,False,False,0,1,0,0,0,2,625,344,"[false, false, false]",0,2,0,Starfield Stage - 1
418,2025-09-30T15:59:59.818087,9,600.0,672.0,-0.0760724276393862,False,False,False,False,0,1,0,0,0,2,625,344,"[false, false, false]",0,2,0,Starfield Stage - 1
419,2025-09-30T15:59:59.826389,8,600.0,672.0,-0.0760724276393862,False,False,False,False,0,1,0,0,0,2,625,344,"[false, false, false]",0,2,0,Starfield Stage - 1
420,2025-09-30T15:59:59.835541,9,600.0,672.0,-0.0760724276393862,False,False,False,False,0,1,0,1,0,2,625,344,"[false, false, false]",0,2,0,Starfield Stage - 1
421,2025-09-30T15:59:59.843033,8,600.0,672.0,-0.0760724276393862,False,False,False,False,0,1,0,1,0,2,625,344,"[false, false, false]",0,2,0,Starfield Stage - 1
422,2025-09-30T15:59:59.913594,8,600.0,672.0,-0.0760724276393862,False,False,False,False,0,1,0,1,0,2,625,344,"[false, false, false]",0,2,0,Starfield Stage - 1
423,2025-09-30T15:59:59.915385,65,600.0,672.0,-0.0760724276393862,False,False,False,False,0,1,0,1,0,2,625,344,"[false, false, false]",0,2,0,Starfield Stage - 1
424,2025-09-30T15:59:59.925825,9,600.0,672.0,-0.0760724276393862,False,False,False,False,0,1,0,1,0,2,625,344,"[false, false, false]",0,2,0,Starfield Stage - 1
425,2025-09-30T15:59:59.933507,9,600.0,672.0,-0.0760724276393862,False,False,False,False,0,1,0,1,0,2,625,344,"[false, false, false]",0,2,0,Starfield Stage - 1
426,2025-09-30T15:59:59.942080,8,600.0,672.0,-0.0760724276393862,False,False,False,False,0,1,0,1,0,2,625,344,"[false, false, false]",0,2,0,Starfield Stage - 1
427,2025-09-30T15:59:59.951844,10,600.0,672.0,-0.0760724276393862,False,False,False,False,0,1,0,1,0,2,625,344,"[false, false, false]",0,2,0,Starfield Stage - 1
428,2025-09-30T15:59:59.960226,8,600.0,672.0,-0.0760724276393862,False,False,False,False,0,1,0,1,0,2,625,344,"[false, false, false]",0,2,0,Starfield Stage - 1
429,2025-09-30T15:59:59.968204,9,600.0,672.0,-0.0760724276393862,False,False,False,False,0,1,0,1,0,2,625,344,"[false, false, false]",0,2,0,Starfield Stage - 1
430,2025-09-30T15:59:59.977858,9,600.0,672.0,-0.0760724276393862,False,False,False,False,0,1,0,1,0,2,625,344,"[false, false, false]",0,2,0,Starfield Stage - 1
431,2025-09-30T15:59:59.987654,8,600.0,672.0,-0.0760724276393862,False,False,False,False,0,1,0,1,0,2,625,344,"[false, false, false]",0,2,0,Starfield Stage - 1
432,2025-09-30T15:59:59.994318,8,600.0,672.0,-0.0760724276393862,False,False,False,False,0,1,0,1,0,2,625,344,"[false, false, false]",0,2,0,Starfield Stage - 1
433,2025-09-30T16:00:00.003234,9,600.0,672.0,-0.0760724276393862,False,False,False,False,0,1,0,1,0,2,625,344,"[false, false, false]",0,2,0,Starfield Stage - 1
434,2025-09-30T16:00:00.012615,9,600.0,672.0,-0.07304056530311932,False,False,False,False,0,1,0,1,0,2,624,344,"[false, false, false]",0,2,0,Starfield Stage - 1
435,2025-09-30T16:00:00.020767,9,600.0,672.0,-0.07304056530311932,False,False,False,False,0,1,0,1,0,2,624,344,"[false, false, false]",0,2,0,Starfield Stage - 1
436,2025-09-30T16:00:00.029107,8,600.0,672.0,-0.07304056530311932,False,False,False,False,0,1,0,1,0,2,624,344,"[false, false, false]",0,2,0,Starfield Stage - 1
437,2025-09-30T16:00:00.037955,9,600.0,672.0,-0.07304056530311932,False,False,False,False,0,1,0,1,0,2,624,344,"[false, false, false]",0,2,0,Starfield Stage - 1
438,2025-09-30T16:00:00.046583,9,600.0,672.0,-0.07304056530311932,False,False,False,False,0,1,0,1,0,2,624,344,"[false, false, false]",0,2,0,Starfield Stage - 1
439,2025-09-30T16:00:00.114887,8,600.0,672.0,-0.0760724276393862,False,False,False,False,0,1,0,1,0,2,625,344,"[false, false, false]",0,2,0,Starfield Stage - 1
440,2025-09-30T16:00:00.116996,62,600.0,672.0,-0.0760724276393862,False,False,False,False,0,1,0,1,0,2,625,344,"[false, false, false]",0,2,0,Starfield Stage - 1
441,2025-09-30T16:00:00.126520,9,600.0,672.0,-0.0760724276393862,False,False,False,False,0,1,0,1,0,2,625,344,"[false, false, false]",0,2,0,Starfield Stage - 1
442,2025-09-30T16:00:00.135053,9,600.0,672.0,-0.0760724276393862,False,False,False,False,0,1,0,1,0,2,625,344,"[false, false, false]",0,2,0,Starfield Stage - 1
443,2025-09-30T16:00:00.144657,9,600.0,672.0,-0.0760724276393862,False,False,False,False,0,1,0,1,0,2,625,344,"[false, false, false]",0,2,0,Starfield Stage - 1
444,2025-09-30T16:00:00.152493,9,600.0,672.0,-0.0760724276393862,False,False,False,False,0,2,0,1,0,2,625,344,"[false, false, false]",0,2,0,Starfield Stage - 1
445,2025-09-30T16:00:00.161080,8,600.0,672.0,-0.0760724276393862,False,False,False,False,0,2,0,1,0,2,625,344,"[false, false, false]",0,2,0,Starfield Stage - 1
446,2025-09-30T16:00:00.169727,8,600.0,672.0,-0.0760724276393862,False,False,False,False,0,2,0,1,0,2,625,344,"[false, false, false]",0,2,0,Starfield Stage - 1
447,2025-09-30T16:00:00.177155,8,600.0,672.0,-0.0760724276393862,False,False,False,False,0,2,0,1,0,2,625,344,"[false, false, false]",0,2,0,Starfield Stage - 1
448,2025-09-30T16:00:00.187400,9,600.0,672.0,-0.0760724276393862,False,False,False,False,0,2,0,1,0,2,625,344,"[false, false, false]",0,2,0,Starfield Stage - 1
449,2025-09-30T16:00:00.194499,8,600.0,672.0,-0.0760724276393862,False,False,False,False,0,2,0,1,0,2,625,344,"[false, false, false]",0,2,0,Starfield Stage - 1
450,2025-09-30T16:00:00.202496,8,600.0,672.0,-0.0760724276393862,False,False,False,False,0,2,0,1,0,2,625,344,"[false, false, false]",0,2,0,Starfield Stage - 1
451,2025-09-30T16:00:00.212612,9,600.0,672.0,-0.0760724276393862,False,False,False,False,0,2,0,1,0,2,625,344,"[false, false, false]",0,2,0,Starfield Stage - 1
452,2025-09-30T16:00:00.220238,8,600.0,672.0,-0.0760724276393862,False,False,False,False,0,2,0,1,0,2,625,344,"[false, false, false]",0,2,0,Starfield Stage - 1
453,2025-09-30T16:00:00.228779,9,600.0,672.0,-0.0760724276393862,False,False,False,False,0,2,0,1,0,2,625,344,"[false, false, false]",0,2,0,Starfield Stage - 1
454,2025-09-30T16:00:00.241090,8,600.0,672.0,-0.0760724276393862,False,False,False,False,0,2,0,1,0,2,625,344,"[false, false, false]",0,2,0,Starfield Stage - 1
455,2025-09-30T16:00:00.245695,9,600.0,672.0,-0.0760724276393862,False,False,False,False,0,2,0,1,0,2,625,344,"[false, false, false]",0,2,0,Starfield Stage - 1
456,2025-09-30T16:00:00.253631,9,600.0,672.0,-0.0760724276393862,False,False,False,False,0,2,0,1,0,2,625,344,"[false, false, false]",0,2,0,Starfield Stage - 1
457,2025-09-30T16:00:00.326091,8,600.0,672.0,-0.0760724276393862,False,False,False,False,0,2,0,1,0,2,625,344,"[false, false, false]",0,2,0,Starfield Stage - 1
458,2025-09-30T16:00:00.328680,66,600.0,672.0,-0.0760724276393862,False,False,False,False,0,2,0,1,0,2,625,344,"[false, false, false]",0,2,0,Starfield Stage - 1
459,2025-09-30T16:00:00.336188,8,600.0,672.0,-0.0760724276393862,False,False,False,False,0,2,0,1,0,2,625,344,"[false, false, false]",0,2,0,Starfield Stage - 1
460,2025-09-30T16:00:00.346270,9,600.0,672.0,-0.0760724276393862,False,False,False,False,0,2,0,1,0,2,625,344,"[false, false, false]",0,2,0,Starfield Stage - 1
461,2025-09-30T16:00:00.355484,9,600.0,672.0,-0.0760724276393862,False,False,False,False,0,2,0,1,0,2,625,344,"[false, false, false]",0,2,0,Starfield Stage - 1
462,2025-09-30T16:00:00.362567,8,600.0,672.0,-0.0760724276393862,False,False,False,False,0,2,0,1,0,2,625,344,"[false, false, false]",0,2,0,Starfield Stage - 1
463,2025-09-30T16:00:00.370144,8,600.0,672.0,-0.0760724276393862,False,False,False,False,0,2,0,1,0,2,625,344,"[false, false, false]",0,2,0,Starfield Stage - 1
464,2025-09-30T16:00:00.379948,9,600.0,672.0,-0.0760724276393862,False,False,False,False,0,2,0,1,0,2,625,344,"[false, false, false]",0,2,0,Starfield Stage - 1
465,2025-09-30T16:00:00.387914,9,600.0,672.0,-0.0760724276393862,False,False,False,False,0,2,0,1,0,2,625,344,"[false, false, false]",0,2,0,Starfield Stage - 1
466,2025-09-30T16:00:00.396919,8,600.0,672.0,-0.0760724276393862,False,False,False,False,0,2,0,1,0,2,625,344,"[false, false, false]",0,2,0,Starfield Stage - 1
467,2025-09-30T16:00:00.407444,9,600.0,672.0,-0.0760724276393862,False,False,False,False,0,2,0,1,0,2,625,344,"[false, false, false]",0,2,0,Starfield Stage - 1
468,2025-09-30T16:00:00.414751,8,600.0,672.0,-0.0760724276393862,False,False,False,False,0,2,0,1,0,2,625,344,"[false, false, false]",0,2,0,Starfield Stage - 1
469,2025-09-30T16:00:00.422185,9,600.0,672.0,-0.0760724276393862,False,False,False,False,0,2,0,1,0,2,625,344,"[false, false, false]",0,2,0,Starfield Stage - 1
470,2025-09-30T16:00:00.432362,10,600.0,672.0,-0.0760724276393862,False,False,False,False,0,2,0,1,0,2,625,344,"[false, false, false]",0,2,0,Starfield Stage - 1
471,2025-09-30T16:00:00.442224,9,600.0,672.0,-0.0760724276393862,False,False,False,False,0,2,0,1,0,2,625,344,"[false, false, false]",0,2,0,Starfield Stage - 1
472,2025-09-30T16:00:00.450715,9,600.0,672.0,-0.0760724276393862,False,False,False,False,0,2,0,1,0,2,625,344,"[false, false, false]",0,2,0,Starfield Stage - 1
473,2025-09-30T16:00:00.459014,8,600.0,672.0,-0.0760724276393862,False,False,False,False,0,2,0,1,0,2,625,344,"[false, false, false]",0,2,0,Starfield Stage - 1
474,2025-09-30T16:00:00.535550,9,600.0,672.0,-0.0760724276393862,False,False,False,False,0,2,0,1,0,2,625,344,"[false, false, false]",0,2,0,Starfield Stage - 1
475,2025-09-30T16:00:00.539106,71,600.0,672.0,-0.0760724276393862,False,False,False,False,0,2,0,1,0,2,625,344,"[false, false, false]",0,2,0,Starfield Stage - 1
476,2025-09-30T16:00:00.548668,9,600.0,672.0,-0.0760724276393862,False,False,False,False,0,2,0,1,0,2,625,344,"[false, false, false]",0,2,0,Starfield Stage - 1
477,2025-09-30T16:00:00.555784,8,600.0,672.0,-0.0760724276393862,False,False,False,False,0,2,0,1,0,2,625,344,"[false, false, false]",0,2,0,Starfield Stage - 1
478,2025-09-30T16:00:00.564371,9,600.0,672.0,-0.0760724276393862,False,False,False,False,0,2,0,1,0,2,625,344,"[false, false, false]",0,2,0,Starfield Stage - 1
479,2025-09-30T16:00:00.574650,9,597.5,672.0,-0.08364583636182323,False,False,False,False,0,2,0,2,0,2,625,344,"[false, false, false]",0,2,0,Starfield Stage - 1
480,2025-09-30T16:00:00.582784,9,595.0,672.0,-0.0912096397566865,False,False,False,False,0,2,0,2,0,2,625,344,"[false, false, false]",0,2,0,Starfield Stage - 1
481,2025-09-30T16:00:00.590240,8,592.5,672.0,-0.09876299236141722,False,False,False,False,0,2,0,2,0,2,625,344,"[false, false, false]",0,2,0,Starfield Stage - 1
482,2025-09-30T16:00:00.599808,9,590.0,672.0,-0.10630505581710217,False,False,False,False,0,2,0,2,0,2,625,344,"[false, false, false]",0,2,0,Starfield Stage - 1
483,2025-09-30T16:00:00.609582,9,587.5,672.0,-0.11383499940507452,False,False,False,False,0,2,0,2,0,2,625,344,"[false, false, false]",0,2,0,Starfield Stage - 1
484,2025-09-30T16:00:00.616293,8,585.0,672.0,-0.12135200057076367,False,False,False,False,0,2,0,2,0,2,625,344,"[false, false, false]",0,2,0,Starfield Stage - 1
485,2025-09-30T16:00:00.625382,9,582.5,672.0,-0.1288552454340138,False,False,False,False,0,2,0,2,0,2,625,344,"[false, false, false]",0,2,0,Starfield Stage - 1
486,2025-09-30T16:00:00.635104,8,580.0,672.0,-0.13634392928513142,False,False,False,False,0,2,0,2,0,2,625,344,"[false, false, false]",0,2,0,Starfield Stage - 1
487,2025-09-30T16:00:00.641980,9,577.5,672.0,-0.14381725706596568,False,False,False,False,0,2,0,2,0,2,625,344,"[false, false, false]",0,2,0,Starfield Stage - 1
488,2025-09-30T16:00:00.650084,8,575.0,672.0,-0.15127444383536956,False,False,False,False,0,2,0,2,0,2,625,344,"[false, false, false]",0,2,0,Starfield Stage - 1
489,2025-09-30T16:00:00.659784,8,572.5,672.0,-0.158714715218436,False,False,False,False,0,2,0,2,0,2,625,344,"[false, false, false]",0,2,0,Starfield Stage - 1
490,2025-09-30T16:00:00.667296,9,570.0,672.0,-0.1661373078389504,False,False,False,False,0,2,0,2,0,2,625,344,"[false, false, false]",0,2,0,Starfield Stage - 1
491,2025-09-30T16:00:00.745218,9,567.5,672.0,-0.21297795040307357,False,False,False,False,0,2,0,2,0,2,638,346,"[false, false, false]",0,2,0,Starfield Stage - 1
492,2025-09-30T16:00:00.747199,71,565.0,672.0,-0.22029232107126476,False,False,False,False,0,2,0,2,0,2,638,346,"[false, false, false]",0,2,0,Starfield Stage - 1
493,2025-09-30T16:00:00.757629,9,562.5,672.0,-0.2551195686583429,False,False,False,False,0,2,0,2,0,2,647,348,"[false, false, false]",0,2,0,Starfield Stage - 1
494,2025-09-30T16:00:00.764234,8,560.0,672.0,-0.29345622054813847,False,False,False,False,0,2,0,2,0,2,657,351,"[false, false, false]",0,2,0,Starfield Stage - 1
495,2025-09-30T16:00:00.774276,9,557.5,672.0,-0.34003262418576286,False,False,False,False,0,2,0,2,0,2,670,354,"[false, false, false]",0,2,0,Starfield Stage - 1
496,2025-09-30T16:00:00.781802,9,555.0,672.0,-0.43767942178924973,False,False,False,False,0,2,0,2,0,2,701,360,"[false, false, false]",0,2,0,Starfield Stage - 1
497,2025-09-30T16:00:00.790873,8,552.5,672.0,-0.5003632110521933,False,False,False,False,0,2,0,2,0,2,722,362,"[false, false, false]",0,2,0,Starfield Stage - 1
498,2025-09-30T16:00:00.799679,8,550.0,672.0,-0.5629508979715067,False,False,False,False,0,2,0,2,0,2,745,363,"[false, false, false]",0,2,0,Starfield Stage - 1
499,2025-09-30T16:00:00.805955,8,547.5,672.0,-0.6271480428042904,False,False,False,False,0,2,0,2,0,2,770,365,"[false, false, false]",0,2,0,Starfield Stage - 1
500,2025-09-30T16:00:00.815159,9,545.0,672.0,-0.6921442482926684,False,False,False,False,0,2,0,2,0,2,797,368,"[false, false, false]",0,2,0,Starfield Stage - 1
501,2025-09-30T16:00:00.825081,9,545.0,672.0,-0.7523667036741771,False,False,False,False,0,2,0,2,0,2,823,375,"[false, false, false]",0,2,0,Starfield Stage - 1
502,2025-09-30T16:00:00.834264,9,545.0,672.0,-0.8141550392803694,False,False,False,False,0,2,0,2,0,2,849,385,"[false, false, false]",0,2,0,Starfield Stage - 1
503,2025-09-30T16:00:00.842116,9,545.0,672.0,-0.8766581105321725,False,False,False,False,0,2,0,2,0,2,873,399,"[false, false, false]",0,2,0,Starfield Stage - 1
504,2025-09-30T16:00:00.851453,9,545.0,672.0,-0.9360628751971319,False,False,False,False,0,2,0,2,0,2,894,415,"[false, false, false]",0,2,0,Starfield Stage - 1
505,2025-09-30T16:00:00.860038,8,545.0,672.0,-0.9967168741237036,False,False,False,False,0,2,0,2,0,2,913,434,"[false, false, false]",0,2,0,Starfield Stage - 1
506,2025-09-30T16:00:00.869182,9,545.0,672.0,-1.0536104452658577,False,False,False,False,0,2,0,2,0,2,930,453,"[false, false, false]",0,2,0,Starfield Stage - 1
507,2025-09-30T16:00:00.949946,9,545.0,669.5,-1.3258176636680326,False,False,False,False,0,2,0,2,0,2,995,557,"[false, false, false]",0,2,0,Starfield Stage - 1
508,2025-09-30T16:00:00.952035,75,545.0,667.0,-1.335754575084645,False,False,False,False,0,2,0,2,0,2,996,559,"[false, false, false]",0,2,0,Starfield Stage - 1
509,2025-09-30T16:00:00.960842,9,545.0,664.5,-1.345212348152241,False,False,False,False,0,2,0,2,0,2,996,561,"[false, false, false]",0,2,0,Starfield Stage - 1
510,2025-09-30T16:00:00.973374,8,545.0,662.0,-1.3530645877693281,False,False,False,False,0,2,0,2,0,2,997,562,"[false, false, false]",0,2,0,Starfield Stage - 1
511,2025-09-30T16:00:00.980832,10,547.5,659.5,-1.3614508449725944,False,False,False,False,0,2,0,2,0,2,997,564,"[false, false, false]",0,2,0,Starfield Stage - 1
512,2025-09-30T16:00:00.987114,8,550.0,657.0,-1.3703977729690182,False,False,False,False,0,2,0,2,0,2,998,566,"[false, false, false]",0,2,0,Starfield Stage - 1
513,2025-09-30T16:00:00.996466,9,552.5,654.5,-1.3811827110205073,False,False,False,False,0,2,0,2,0,2,998,569,"[false, false, false]",0,2,0,Starfield Stage - 1
514,2025-09-30T16:00:01.005921,9,555.0,652.0,-1.3947111550596782,False,False,False,False,0,2,0,2,0,2,999,573,"[false, false, false]",0,2,0,Starfield Stage - 1
515,2025-09-30T16:00:01.015406,9,555.0,649.5,-1.4249777236659726,False,False,False,False,1,2,0,2,0,2,1001,584,"[true, false, false]",0,2,0,Starfield Stage - 1
516,2025-09-30T16:00:01.022604,8,555.0,647.0,-1.446441332248135,False,False,False,False,1,2,0,2,0,2,1003,591,"[true, false, false]",0,2,0,Starfield Stage - 1
517,2025-09-30T16:00:01.030628,8,555.0,644.5,-1.4680551502293897,False,False,False,False,1,2,0,2,0,2,1006,598,"[true, false, false]",0,2,0,Starfield Stage - 1
518,2025-09-30T16:00:01.040186,9,555.0,642.0,-1.4891200270209515,False,False,False,False,1,2,0,2,0,2,1007,605,"[true, false, false]",0,2,0,Starfield Stage - 1
519,2025-09-30T16:00:01.049297,9,555.0,639.5,-1.505909570894306,False,False,False,False,1,2,0,2,0,2,1009,610,"[true, false, false]",0,2,0,Starfield Stage - 1
520,2025-09-30T16:00:01.056983,9,555.0,637.0,-1.522482305824122,False,False,False,False,1,2,0,3,0,2,1010,615,"[true, false, false]",0,2,0,Starfield Stage - 1
521,2025-09-30T16:00:01.066615,9,555.0,634.5,-1.5367435612620415,False,False,False,False,1,2,0,3,0,2,1010,619,"[true, false, false]",0,2,0,Starfield Stage - 1
522,2025-09-30T16:00:01.075458,8,555.0,632.0,-1.5466781972437602,False,False,False,False,1,2,0,3,0,2,1011,621,"[true, false, false]",0,2,0,Starfield Stage - 1
523,2025-09-30T16:00:01.154909,8,555.0,629.5,-1.68399683908199,False,False,False,False,1,2,0,3,0,2,1008,681,"[false, false, false]",0,2,0,Starfield Stage - 1
524,2025-09-30T16:00:01.157277,75,557.5,627.0,-1.6900939560395136,False,False,False,False,1,2,0,3,0,2,1008,681,"[false, false, false]",0,2,0,Starfield Stage - 1
525,2025-09-30T16:00:01.167028,9,560.0,624.5,-1.7366836929024971,False,False,False,False,1,2,0,3,0,2,999,698,"[false, false, false]",0,2,0,Starfield Stage - 1
526,2025-09-30T16:00:01.179517,9,562.5,622.0,-1.7581677180703579,False,False,False,False,1,2,0,3,0,2,995,704,"[false, false, false]",0,2,0,Starfield Stage - 1
527,2025-09-30T16:00:01.182673,8,565.0,619.5,-1.775162765410046,False,False,False,False,1,2,0,3,0,2,992,708,"[false, false, false]",0,2,0,Starfield Stage - 1
528,2025-09-30T16:00:01.193051,9,567.5,617.0,-1.7897158678271063,False,False,False,False,2,2,0,3,0,2,990,711,"[true, false, false]",0,2,0,Starfield Stage - 1
529,2025-09-30T16:00:01.201114,9,570.0,614.5,-1.7994246004583658,False,False,False,False,2,2,0,3,0,2,989,712,"[true, false, false]",0,2,0,Starfield Stage - 1
530,2025-09-30T16:00:01.211183,9,572.5,612.0,-1.806432113417894,False,False,False,False,2,2,0,3,0,2,989,712,"[true, false, false]",0,2,0,Starfield Stage - 1
531,2025-09-30T16:00:01.218352,8,575.0,609.5,-1.813500327936424,False,False,False,False,2,2,0,3,0,2,989,712,"[true, false, false]",0,2,0,Starfield Stage - 1
532,2025-09-30T16:00:01.227502,9,577.5,607.0,-1.8206293207234363,False,False,False,False,2,2,0,3,0,2,989,712,"[true, false, false]",0,2,0,Starfield Stage - 1
533,2025-09-30T16:00:01.236192,8,580.0,604.5,-1.8278191451029835,False,False,False,False,2,2,0,3,0,2,989,712,"[true, false, false]",0,2,0,Starfield Stage - 1
534,2025-09-30T16:00:01.244992,8,582.5,602.0,-1.835069830157292,False,False,False,False,2,2,0,3,0,2,989,712,"[true, false, false]",0,2,0,Starfield Stage - 1
535,2025-09-30T16:00:01.252513,9,585.0,599.5,-1.8423813798675264,False,False,False,False,2,2,0,3,0,2,989,712,"[true, false, false]",0,2,0,Starfield Stage - 1
536,2025-09-30T16:00:01.260621,8,587.5,597.0,-1.849753772253402,False,False,False,False,2,2,0,3,0,2,989,712,"[true, false, false]",0,2,0,Starfield Stage - 1
537,2025-09-30T16:00:01.270609,9,590.0,594.5,-1.8522615866886185,False,False,False,False,2,3,0,4,0,2,986,709,"[false, false, false]",0,2,0,Starfield Stage - 1
538,2025-09-30T16:00:01.278503,8,592.5,592.0,-1.853160315664468,False,False,False,False,2,3,0,4,0,2,982,705,"[false, false, false]",0,2,0,Starfield Stage - 1
539,2025-09-30T16:00:01.347599,8,595.0,592.0,-1.7316367493905898,False,False,False,False,2,3,0,4,0,2,934,647,"[false, false, false]",0,2,0,Starfield Stage - 1
540,2025-09-30T16:00:01.349628,65,597.5,592.0,-1.7263911547719264,False,False,False,False,2,3,0,4,0,2,929,644,"[false, false, false]",0,2,0,Starfield Stage - 1
541,2025-09-30T16:00:01.358025,8,600.0,592.0,-1.7229846132680102,False,False,False,False,2,3,0,4,0,2,926,642,"[false, false, false]",0,2,0,Starfield Stage - 1
542,2025-09-30T16:00:01.367921,9,602.5,592.0,-1.7250813588371074,False,False,False,False,3,3,0,4,0,2,924,642,"[true, false, false]",0,2,0,Starfield Stage - 1
543,2025-09-30T16:00:01.375226,8,605.0,592.0,-1.7236819500817941,False,False,False,False,3,3,0,4,0,2,923,641,"[true, false, false]",0,2,0,Starfield Stage - 1
544,2025-09-30T16:00:01.384318,9,607.5,592.0,-1.7248743957348458,False,False,False,False,3,3,0,4,0,2,923,641,"[true, false, false]",0,2,0,Starfield Stage - 1
545,2025-09-30T16:00:01.393475,9,610.0,592.0,-1.7260854378753059,False,False,False,False,3,3,0,4,0,2,923,641,"[true, false, false]",0,2,0,Starfield Stage - 1
546,2025-09-30T16:00:01.400898,8,612.5,592.0,-1.733593911362846,False,False,False,False,3,3,0,4,0,2,923,643,"[true, false, false]",0,2,0,Starfield Stage - 1
547,2025-09-30T16:00:01.409580,9,615.0,592.0,-1.7380502642571578,False,False,False,False,3,3,0,4,0,2,923,644,"[true, false, false]",0,2,0,Starfield Stage - 1
548,2025-09-30T16:00:01.418205,8,617.5,592.0,-1.7494935906522713,False,False,False,False,3,3,0,4,0,2,922,647,"[true, false, false]",0,2,0,Starfield Stage - 1
549,2025-09-30T16:00:01.427643,9,620.0,592.0,-1.7573435566473683,False,False,False,False,3,3,0,4,0,2,922,649,"[true, false, false]",0,2,0,Starfield Stage - 1
550,2025-09-30T16:00:01.435095,8,622.5,592.0,-1.762709839014917,False,False,False,False,3,3,0,4,0,2,921,650,"[true, false, false]",0,2,0,Starfield Stage - 1
551,2025-09-30T16:00:01.444283,9,625.0,592.0,-1.7707892834010779,False,False,False,False,3,3,0,4,0,2,921,652,"[true, false, false]",0,2,0,Starfield Stage - 1
552,2025-09-30T16:00:01.453242,9,627.5,592.0,-1.7757154607478458,False,False,False,False,3,3,0,4,0,2,921,653,"[false, false, false]",0,2,0,Starfield Stage - 1
553,2025-09-30T16:00:01.461797,9,630.0,592.0,-1.7774264526325274,False,False,False,False,3,3,0,4,0,2,921,653,"[false, false, false]",0,2,0,Starfield Stage - 1
554,2025-09-30T16:00:01.470120,8,632.5,592.0,-1.7791658391839815,False,False,False,False,3,3,0,4,0,2,921,653,"[false, false, false]",0,2,0,Starfield Stage - 1
555,2025-09-30T16:00:01.478658,9,635.0,592.0,-1.7809343223574792,False,False,False,False,3,3,0,4,0,2,921,653,"[false, false, false]",0,2,0,Starfield Stage - 1
556,2025-09-30T16:00:01.547352,8,637.5,594.5,-1.7742893720524593,False,False,False,False,3,3,0,4,0,2,921,653,"[false, false, false]",0,2,0,Starfield Stage - 1
557,2025-09-30T16:00:01.549375,62,640.0,597.0,-1.767507424054882,False,False,False,False,3,3,0,4,0,2,921,653,"[false, false, false]",0,2,0,Starfield Stage - 1
558,2025-09-30T16:00:01.558147,9,642.5,599.5,-1.7605848411263385,False,False,False,False,3,3,0,4,0,2,921,653,"[false, false, false]",0,2,0,Starfield Stage - 1
559,2025-09-30T16:00:01.567121,9,645.0,602.0,-1.7535178875569941,False,False,False,False,4,3,0,4,0,2,921,653,"[true, false, false]",0,2,0,Starfield Stage - 1
560,2025-09-30T16:00:01.576119,9,645.0,604.5,-1.7447450117174967,False,False,False,False,4,3,0,4,0,2,921,653,"[true, false, false]",0,2,0,Starfield Stage - 1
561,2025-09-30T16:00:01.585223,9,645.0,607.0,-1.7359450042095235,False,False,False,False,4,3,0,5,0,2,921,653,"[true, false, false]",0,2,0,Starfield Stage - 1
562,2025-09-30T16:00:01.593305,8,645.0,609.5,-1.7271191080543233,False,False,False,False,4,3,0,5,0,2,921,653,"[true, false, false]",0,2,0,Starfield Stage - 1
563,2025-09-30T16:00:01.601799,9,645.0,612.0,-1.718268589725951,False,False,False,False,4,3,0,5,0,2,921,653,"[true, false, false]",0,2,0,Starfield Stage - 1
564,2025-09-30T16:00:01.609798,8,645.0,614.5,-1.709394738199679,False,False,False,False,4,3,0,5,0,2,921,653,"[true, false, false]",0,2,0,Starfield Stage - 1
565,2025-09-30T16:00:01.618555,9,645.0,617.0,-1.7004988639508087,False,False,False,False,4,3,0,5,0,2,921,653,"[true, false, false]",0,2,0,Starfield Stage - 1
566,2025-09-30T16:00:01.627151,8,645.0,619.5,-1.6915822979054937,False,False,False,False,4,3,0,5,0,2,921,653,"[true, false, false]",0,2,0,Starfield Stage - 1
567,2025-09-30T16:00:01.636294,9,645.0,622.0,-1.6826463903453834,False,False,False,False,4,3,0,5,0,2,921,653,"[true, false, false]",0,2,0,Starfield Stage - 1
568,2025-09-30T16:00:01.645254,9,645.0,624.5,-1.673692509768081,False,False,False,False,4,3,0,5,0,2,921,653,"[false, false, false]",0,2,0,Starfield Stage - 1
569,2025-09-30T16:00:01.654358,9,645.0,627.0,-1.6647220417055937,False,False,False,False,4,3,0,5,0,2,921,653,"[false, false, false]",0,2,0,Starfield Stage - 1
570,2025-09-30T16:00:01.662466,9,645.0,629.5,-1.6557363875031335,False,False,False,False,4,3,0,5,0,2,921,653,"[false, false, false]",0,2,0,Starfield Stage - 1
571,2025-09-30T16:00:01.671686,8,645.0,629.5,-1.6557363875031335,False,False,False,False,4,3,0,5,0,2,921,653,"[false, false, false]",0,2,0,Starfield Stage - 1
572,2025-09-30T16:00:01.679359,8,645.0,629.5,-1.6557363875031335,False,False,False,False,4,3,0,5,0,2,921,653,"[false, false, false]",0,2,0,Starfield Stage - 1
573,2025-09-30T16:00:01.746083,9,645.0,629.5,-1.6557363875031335,False,False,False,False,4,3,0,6,0,2,921,653,"[false, false, false]",0,2,0,Starfield Stage - 1
574,2025-09-30T16:00:01.748312,60,642.5,629.5,-1.6549775226525016,False,False,False,False,4,3,0,6,0,2,921,653,"[false, false, false]",0,2,0,Starfield Stage - 1
575,2025-09-30T16:00:01.757095,9,640.0,629.5,-1.654232066111136,False,False,False,False,4,3,0,6,0,2,921,653,"[false, false, false]",0,2,0,Starfield Stage - 1
576,2025-09-30T16:00:01.766441,9,637.5,629.5,-1.6537910814615935,False,False,False,False,4,3,0,6,0,2,920,653,"[false, false, false]",0,2,0,Starfield Stage - 1
577,2025-09-30T16:00:01.774241,8,635.0,629.5,-1.6539375586833378,False,False,False,False,4,3,0,6,0,2,917,653,"[false, false, false]",0,2,0,Starfield Stage - 1
578,2025-09-30T16:00:01.822686,9,632.5,629.5,-1.6552794394941426,False,False,False,False,3,2,0,6,0,2,910,653,"[false, false, false]",20,2,0,Starfield Stage - 1
579,2025-09-30T16:00:01.824657,42,630.0,629.5,-1.8157749899217608,False,False,False,False,3,2,0,6,0,2,820,677,"[false, false, false]",20,2,0,Starfield Stage - 1
580,2025-09-30T16:00:01.832939,8,627.5,629.5,-1.8961898523254181,False,False,False,False,3,2,0,6,0,2,792,685,"[false, false, false]",20,2,0,Starfield Stage - 1
581,2025-09-30T16:00:01.841028,8,625.0,629.5,-1.9966162830851955,False,False,False,False,3,2,0,6,0,2,765,693,"[false, false, false]",20,2,0,Starfield Stage - 1
582,2025-09-30T16:00:01.849931,8,622.5,627.0,-2.1383727624156132,False,False,False,False,3,2,0,6,0,2,737,700,"[false, false, false]",20,2,0,Starfield Stage - 1
583,2025-09-30T16:00:01.857456,8,620.0,624.5,-2.312743594800814,False,False,False,False,3,2,0,6,0,2,710,707,"[false, false, false]",20,2,0,Starfield Stage - 1
584,2025-09-30T16:00:01.864717,8,617.5,622.0,-2.517714360310925,False,False,False,False,3,2,0,6,0,2,683,713,"[false, false, false]",20,2,0,Starfield Stage - 1
585,2025-09-30T16:00:01.874249,9,615.0,619.5,-2.7471620241411787,False,False,False,False,3,2,0,6,0,2,656,718,"[false, false, false]",20,2,0,Starfield Stage - 1
586,2025-09-30T16:00:01.883054,9,612.5,617.0,-2.9779741968629625,False,False,False,False,3,2,0,6,0,2,630,723,"[false, false, false]",20,2,0,Starfield Stage - 1
587,2025-09-30T16:00:01.951721,8,610.0,614.5,2.0075445959695997,False,False,False,False,3,2,0,6,0,2,384,720,"[false, false, false]",20,2,0,Starfield Stage - 1
588,2025-09-30T16:00:01.953763,63,607.5,612.0,2.0209312447823744,False,False,False,False,3,2,0,6,0,2,384,720,"[false, false, false]",20,2,0,Starfield Stage - 1
589,2025-09-30T16:00:01.961978,8,605.0,609.5,1.9759405745742376,False,False,False,False,3,2,0,6,0,2,366,712,"[false, false, false]",20,2,0,Starfield Stage - 1
590,2025-09-30T16:00:01.971445,9,605.0,607.0,1.9248681850004739,False,False,False,False,3,2,0,6,0,2,348,702,"[false, false, false]",20,2,0,Starfield Stage - 1
591,2025-09-30T16:00:01.979880,8,605.0,604.5,1.8743067815755905,False,False,False,False,3,2,0,6,0,2,332,690,"[false, false, false]",20,2,0,Starfield Stage - 1
592,2025-09-30T16:00:01.987977,9,605.0,602.0,1.8329161680603694,False,False,False,False,3,2,0,6,0,2,318,679,"[false, false, false]",20,2,0,Starfield Stage - 1
593,2025-09-30T16:00:01.997124,9,605.0,599.5,1.7448243738723526,False,False,False,False,3,2,0,6,0,2,295,654,"[false, false, false]",20,2,0,Starfield Stage - 1
594,2025-09-30T16:00:02.006238,9,607.5,597.0,1.7129111040170006,False,False,False,False,3,2,0,6,0,2,286,643,"[false, false, false]",20,2,0,Starfield Stage - 1
595,2025-09-30T16:00:02.015335,9,610.0,594.5,1.6836083598168612,False,False,False,False,3,2,0,6,0,2,279,632,"[false, false, false]",20,2,0,Starfield Stage - 1
596,2025-09-30T16:00:02.024167,9,612.5,592.0,1.6647749327288799,False,False,False,False,2,2,0,6,0,2,273,624,"[false, false, false]",20,2,0,Starfield Stage - 1
597,2025-09-30T16:00:02.032384,9,615.0,589.5,1.6501093682682881,False,False,False,False,2,2,0,6,0,2,269,617,"[false, false, false]",20,2,0,Starfield Stage - 1
598,2025-09-30T16:00:02.040945,8,617.5,587.0,1.6415997593648053,False,False,False,False,3,2,0,6,0,2,265,612,"[true, false, false]",20,2,0,Starfield Stage - 1
599,2025-09-30T16:00:02.049287,8,620.0,584.5,1.639316342353592,False,False,False,False,3,2,0,6,0,2,263,609,"[true, false, false]",20,2,0,Starfield Stage - 1
600,2025-09-30T16:00:02.058009,9,622.5,582.0,1.642993295200107,False,False,False,False,3,2,0,6,1,2,263,608,"[true, false, false]",20,2,0,Starfield Stage - 1
601,2025-09-30T16:00:02.066162,8,625.0,579.5,1.6464094700317264,False,False,False,False,3,2,0,6,1,2,262,607,"[true, false, false]",20,2,0,Starfield Stage - 1
602,2025-09-30T16:00:02.075458,9,627.5,577.0,1.6499738195324718,False,False,False,False,3,2,0,6,1,2,262,606,"[true, false, false]",20,2,0,Starfield Stage - 1
603,2025-09-30T16:00:02.083104,8,630.0,574.5,1.6561860090820406,False,False,False,False,3,2,0,6,1,2,262,606,"[true, false, false]",20,2,0,Starfield Stage - 1
604,2025-09-30T16:00:02.151820,9,632.5,574.5,1.65205890026801,False,False,False,False,3,2,0,6,1,2,258,605,"[false, false, false]",20,2,0,Starfield Stage - 1
605,2025-09-30T16:00:02.153773,62,635.0,574.5,1.6515223696149839,False,False,False,False,3,2,0,6,1,2,258,605,"[false, false, false]",20,2,0,Starfield Stage - 1
606,2025-09-30T16:00:02.162153,8,637.5,574.5,1.6477681380939984,False,False,False,False,3,2,0,7,1,2,255,604,"[false, false, false]",20,2,0,Starfield Stage - 1
607,2025-09-30T16:00:02.170551,9,640.0,574.5,1.6439304403842503,False,False,False,False,3,2,0,7,1,2,251,603,"[false, false, false]",20,2,0,Starfield Stage - 1
608,2025-09-30T16:00:02.179383,8,642.5,574.5,1.6402168318285764,False,False,False,False,2,2,0,7,1,2,247,602,"[false, false, false]",20,2,0,Starfield Stage - 1
609,2025-09-30T16:00:02.186573,8,645.0,574.5,1.6364586191228803,False,False,False,False,2,2,0,7,1,2,242,601,"[false, false, false]",20,2,0,Starfield Stage - 1
610,2025-09-30T16:00:02.195482,9,647.5,574.5,1.6328359755138089,False,False,False,False,2,2,0,7,1,2,237,600,"[false, false, false]",20,2,0,Starfield Stage - 1
611,2025-09-30T16:00:02.203683,8,650.0,574.5,1.6293417855841241,False,False,False,False,2,2,0,7,1,2,232,599,"[false, false, false]",20,2,0,Starfield Stage - 1
612,2025-09-30T16:00:02.212379,8,652.5,574.5,1.6259694171480974,False,False,False,False,2,2,0,7,1,2,227,598,"[false, false, false]",20,2,0,Starfield Stage - 1
613,2025-09-30T16:00:02.220416,9,655.0,574.5,1.6250156514143703,False,False,False,False,2,2,0,7,1,2,222,598,"[false, false, false]",20,2,0,Starfield Stage - 1
614,2025-09-30T16:00:02.228853,8,657.5,574.5,1.6302100441525436,False,False,False,False,3,2,0,7,1,2,212,601,"[true, false, false]",20,2,0,Starfield Stage - 1
615,2025-09-30T16:00:02.237792,9,660.0,574.5,1.6381720669313895,False,False,False,False,3,2,0,7,1,2,208,605,"[true, false, false]",20,2,0,Starfield Stage - 1
616,2025-09-30T16:00:02.246296,8,662.5,574.5,1.6460637056592373,False,False,False,False,3,2,0,7,1,2,205,609,"[true, false, false]",20,2,0,Starfield Stage - 1
617,2025-09-30T16:00:02.255426,9,665.0,574.5,1.6539375586833378,False,False,False,False,3,2,0,7,1,2,203,613,"[true, false, false]",20,2,0,Starfield Stage - 1
618,2025-09-30T16:00:02.263543,9,667.5,574.5,1.6616494880558559,False,False,False,False,3,2,0,7,1,2,201,617,"[true, false, false]",20,2,0,Starfield Stage - 1
619,2025-09-30T16:00:02.271991,8,670.0,574.5,1.6694115719015532,False,False,False,False,3,2,0,7,1,2,200,621,"[true, false, false]",20,2,0,Starfield Stage - 1
620,2025-09-30T16:00:02.281142,9,672.5,574.5,1.6728690720726418,False,False,False,False,3,2,0,7,1,2,199,623,"[true, false, false]",20,2,0,Starfield Stage - 1
621,2025-09-30T16:00:02.290234,9,675.0,574.5,1.6764933856255688,False,False,False,False,3,2,0,7,1,2,199,625,"[true, false, false]",20,2,0,Starfield Stage - 1
622,2025-09-30T16:00:02.358055,9,675.0,574.5,1.6558537657274193,False,False,False,False,3,2,0,7,1,2,200,615,"[false, false, false]",20,2,0,Starfield Stage - 1
623,2025-09-30T16:00:02.365022,61,675.0,574.5,1.6558537657274193,False,False,False,False,3,2,0,7,1,2,200,615,"[false, false, false]",20,2,0,Starfield Stage - 1
624,2025-09-30T16:00:02.368968,9,675.0,574.5,1.6353252556504365,False,False,False,False,3,3,0,8,1,2,203,605,"[false, false, false]",20,2,0,Starfield Stage - 1
625,2025-09-30T16:00:02.378202,9,675.0,574.5,1.6080924570145636,False,False,False,False,3,3,0,8,1,2,206,592,"[false, false, false]",20,2,0,Starfield Stage - 1
626,2025-09-30T16:00:02.387087,9,675.0,574.5,1.578306915184006,False,False,False,False,3,3,0,8,1,2,209,578,"[false, false, false]",20,2,0,Starfield Stage - 1
627,2025-09-30T16:00:02.396105,9,675.0,574.5,1.5481220276482976,False,False,False,False,3,3,0,8,1,2,212,564,"[false, false, false]",20,2,0,Starfield Stage - 1
628,2025-09-30T16:00:02.405128,9,675.0,574.5,1.5021271735725896,False,False,False,False,3,3,0,8,1,2,217,543,"[false, false, false]",20,2,0,Starfield Stage - 1
629,2025-09-30T16:00:02.413927,9,672.5,574.5,1.4859178743810455,False,False,False,False,3,3,0,8,1,2,220,536,"[false, false, false]",20,2,0,Starfield Stage - 1
630,2025-09-30T16:00:02.422978,9,670.0,574.5,1.47157069122015,False,False,False,False,2,3,0,8,1,2,223,530,"[false, false, false]",20,2,0,Starfield Stage - 1
631,2025-09-30T16:00:02.431383,8,667.5,574.5,1.4638611727999131,False,False,False,False,2,3,0,8,1,2,225,527,"[false, false, false]",20,2,0,Starfield Stage - 1
632,2025-09-30T16:00:02.439808,9,665.0,574.5,1.458260114972502,False,False,False,False,2,3,0,8,1,2,227,525,"[false, false, false]",20,2,0,Starfield Stage - 1
633,2025-09-30T16:00:02.448331,8,662.5,574.5,1.454825390451303,False,False,False,False,3,3,0,8,1,2,229,524,"[true, false, false]",20,2,0,Starfield Stage - 1
634,2025-09-30T16:00:02.456993,9,660.0,574.5,1.4536199598315978,False,False,False,False,3,3,0,8,1,2,231,524,"[true, false, false]",20,2,0,Starfield Stage - 1
635,2025-09-30T16:00:02.465628,8,657.5,574.5,1.4521123489579661,False,False,False,False,3,3,0,8,1,2,234,524,"[true, false, false]",20,2,0,Starfield Stage - 1
636,2025-09-30T16:00:02.473103,8,655.0,574.5,1.4508498268332202,False,False,False,False,3,3,0,9,1,2,236,524,"[true, false, false]",20,2,0,Starfield Stage - 1
637,2025-09-30T16:00:02.481381,8,652.5,574.5,1.4495602884199372,False,False,False,False,3,3,0,9,1,2,238,524,"[true, false, false]",20,2,0,Starfield Stage - 1
638,2025-09-30T16:00:02.490015,9,650.0,572.0,1.4569356996005174,False,False,False,False,3,3,0,9,1,2,239,525,"[true, false, false]",20,2,0,Starfield Stage - 1
639,2025-09-30T16:00:02.498260,8,647.5,569.5,1.4644505852381686,False,False,False,False,3,3,0,9,1,2,240,526,"[true, false, false]",20,2,0,Starfield Stage - 1
640,2025-09-30T16:00:02.569222,9,645.0,567.0,1.47210806614649,False,False,False,False,3,3,0,9,1,2,241,527,"[false, false, false]",20,2,0,Starfield Stage - 1
641,2025-09-30T16:00:02.571506,64,642.5,564.5,1.4776667544491746,False,False,False,False,3,3,0,9,1,2,241,527,"[false, false, false]",20,2,0,Starfield Stage - 1
642,2025-09-30T16:00:02.579795,9,640.0,562.0,1.4833009859925053,False,False,False,False,3,3,0,9,1,2,241,527,"[false, false, false]",20,2,0,Starfield Stage - 1
643,2025-09-30T16:00:02.588878,9,637.5,559.5,1.4890119461769007,False,False,False,False,3,3,0,9,1,2,241,527,"[false, false, false]",20,2,0,Starfield Stage - 1
644,2025-09-30T16:00:02.597389,8,635.0,557.0,1.4948008328846443,False,False,False,False,3,3,0,9,1,2,241,527,"[false, false, false]",20,2,0,Starfield Stage - 1
645,2025-09-30T16:00:02.605329,8,632.5,554.5,1.5006688560158084,False,False,False,False,3,3,0,9,1,2,241,527,"[false, false, false]",20,2,0,Starfield Stage - 1
646,2025-09-30T16:00:02.613767,9,630.0,552.0,1.506617236972004,False,False,False,False,3,3,0,9,1,2,241,527,"[false, false, false]",20,2,0,Starfield Stage - 1
647,2025-09-30T16:00:02.622058,8,627.5,549.5,1.5126472080848183,False,False,False,False,3,3,0,9,1,2,241,527,"[false, false, false]",20,2,0,Starfield Stage - 1
648,2025-09-30T16:00:02.630672,9,625.0,547.0,1.5187600119856803,False,False,False,False,3,3,0,9,1,2,241,527,"[false, false, false]",20,2,0,Starfield Stage - 1
649,2025-09-30T16:00:02.639520,8,622.5,544.5,1.5249569009137798,False,False,False,False,3,3,0,9,1,2,241,527,"[false, false, false]",20,2,0,Starfield Stage - 1
650,2025-09-30T16:00:02.646952,8,620.0,542.0,1.5312391359585529,False,False,False,False,3,3,0,9,1,2,241,527,"[false, false, false]",20,2,0,Starfield Stage - 1
651,2025-09-30T16:00:02.655199,8,617.5,539.5,1.5376079862331387,False,False,False,False,4,3,0,9,1,2,241,527,"[true, false, false]",20,2,0,Starfield Stage - 1
652,2025-09-30T16:00:02.663846,9,615.0,537.0,1.5440647279751039,False,False,False,False,4,3,0,9,1,2,241,527,"[true, false, false]",20,2,0,Starfield Stage - 1
653,2025-09-30T16:00:02.712419,8,612.5,534.5,1.5506106435706437,False,False,False,False,3,2,0,9,1,2,241,527,"[true, false, false]",40,2,0,Starfield Stage - 1
654,2025-09-30T16:00:02.775051,43,610.0,532.0,1.5572470204983655,False,False,False,False,3,2,0,10,1,2,241,527,"[false, false, false]",40,2,0,Starfield Stage - 1
655,2025-09-30T16:00:02.776989,62,607.5,529.5,1.5639751501886998,False,False,False,False,3,2,0,10,1,2,241,527,"[false, false, false]",40,2,0,Starfield Stage - 1
656,2025-09-30T16:00:02.786458,9,605.0,527.0,1.5653018765916802,False,False,False,False,3,2,0,10,1,2,241,525,"[false, false, false]",40,2,0,Starfield Stage - 1
657,2025-09-30T16:00:02.795176,9,602.5,524.5,1.561141454390291,False,False,False,False,3,2,0,10,1,2,240,521,"[false, false, false]",40,2,0,Starfield Stage - 1
658,2025-09-30T16:00:02.804090,9,600.0,522.0,1.5458707421176612,False,False,False,False,3,2,0,10,1,2,239,513,"[false, false, false]",40,2,0,Starfield Stage - 1
659,2025-09-30T16:00:02.812966,9,597.5,519.5,1.4845907531191178,False,False,False,False,3,2,0,10,1,2,233,488,"[false, false, false]",40,2,0,Starfield Stage - 1
660,2025-09-30T16:00:02.821233,8,597.5,517.0,1.4466083329145853,False,False,False,False,3,2,0,10,1,2,229,471,"[false, false, false]",40,2,0,Starfield Stage - 1
661,2025-09-30T16:00:02.829744,9,600.0,514.5,1.4082433606173714,False,False,False,False,3,2,0,10,1,2,225,453,"[false, false, false]",40,2,0,Starfield Stage - 1
662,2025-09-30T16:00:02.838121,8,602.5,512.0,1.371637100343323,False,False,False,False,3,2,0,10,1,2,221,435,"[false, false, false]",40,2,0,Starfield Stage - 1
663,2025-09-30T16:00:02.847057,9,605.0,509.5,1.3373427827133546,False,False,False,False,3,2,0,10,1,2,216,417,"[false, false, false]",40,2,0,Starfield Stage - 1
664,2025-09-30T16:00:02.856185,9,607.5,507.0,1.3089353814762328,False,False,False,False,3,2,0,10,1,2,212,401,"[false, false, false]",40,2,0,Starfield Stage - 1
665,2025-09-30T16:00:02.864662,9,610.0,504.5,1.2857577822934738,False,False,False,False,3,2,0,10,1,2,209,387,"[false, false, false]",40,2,0,Starfield Stage - 1
666,2025-09-30T16:00:02.874071,9,612.5,502.0,1.2672797022215079,False,False,False,False,3,2,0,10,1,2,207,375,"[false, false, false]",40,2,0,Starfield Stage - 1
667,2025-09-30T16:00:02.882566,8,615.0,499.5,1.2530854125615773,False,False,False,False,3,2,0,10,1,2,206,365,"[false, false, false]",40,2,0,Starfield Stage - 1
668,2025-09-30T16:00:02.889672,8,617.5,497.0,1.2428617842947876,False,False,False,False,3,2,0,10,1,2,206,357,"[false, false, false]",40,2,0,Starfield Stage - 1
669,2025-09-30T16:00:02.898545,8,620.0,497.0,1.2288464998171864,False,False,False,False,3,2,0,10,1,2,207,350,"[false, false, false]",40,2,0,Starfield Stage - 1
670,2025-09-30T16:00:02.906119,8,622.5,497.0,1.2142802946137272,False,False,False,False,3,2,0,10,1,2,209,343,"[false, false, false]",40,2,0,Starfield Stage - 1
671,2025-09-30T16:00:02.974902,8,625.0,497.0,1.1477355540416772,False,False,False,False,3,2,0,10,1,2,223,316,"[false, false, false]",40,2,0,Starfield Stage - 1
672,2025-09-30T16:00:02.976866,63,627.5,497.0,1.150051668034981,False,False,False,False,3,2,0,10,1,2,223,316,"[false, false, false]",40,2,0,Starfield Stage - 1
673,2025-09-30T16:00:02.986461,9,630.0,497.0,1.1523440510149199,False,False,False,False,4,2,0,10,1,2,223,316,"[true, false, false]",40,2,0,Starfield Stage - 1
674,2025-09-30T16:00:02.994869,8,632.5,497.0,1.1546130421192629,False,False,False,False,4,2,0,10,1,2,223,316,"[true, false, false]",40,2,0,Starfield Stage - 1
675,2025-09-30T16:00:03.002540,8,635.0,497.0,1.1568589745633098,False,False,False,False,3,2,0,10,1,2,223,316,"[true, false, false]",40,2,0,Starfield Stage - 1
676,2025-09-30T16:00:03.010184,8,637.5,497.0,1.159082175754689,False,False,False,False,3,2,0,10,1,2,223,316,"[true, false, false]",40,2,0,Starfield Stage - 1
677,2025-09-30T16:00:03.018707,9,640.0,497.0,1.1612829674059708,False,False,False,False,3,2,0,10,1,2,223,316,"[true, false, false]",40,2,0,Starfield Stage - 1
678,2025-09-30T16:00:03.027081,8,642.5,497.0,1.1634616656451238,False,False,False,False,3,2,0,10,1,2,223,316,"[true, false, false]",40,2,0,Starfield Stage - 1
679,2025-09-30T16:00:03.036210,9,645.0,497.0,1.1656185811238418,False,False,False,False,3,2,0,10,1,2,223,316,"[true, false, false]",40,2,0,Starfield Stage - 1
680,2025-09-30T16:00:03.045126,9,647.5,497.0,1.1617893374027017,False,False,False,False,3,2,0,10,1,2,223,313,"[false, false, false]",40,2,0,Starfield Stage - 1
681,2025-09-30T16:00:03.053504,9,650.0,497.0,1.157155116588193,False,False,False,False,3,2,0,10,1,2,224,310,"[false, false, false]",40,2,0,Starfield Stage - 1
682,2025-09-30T16:00:03.062038,8,652.5,497.0,1.149544652155483,False,False,False,False,3,2,0,10,1,2,224,305,"[false, false, false]",40,2,0,Starfield Stage - 1
683,2025-09-30T16:00:03.070495,9,655.0,497.0,1.1392737678712728,False,False,False,False,3,2,0,10,1,2,225,299,"[false, false, false]",40,2,0,Starfield Stage - 1
684,2025-09-30T16:00:03.079073,8,657.5,497.0,1.1300633218203615,False,False,False,False,3,2,0,10,1,2,225,293,"[false, false, false]",40,2,0,Starfield Stage - 1
685,2025-09-30T16:00:03.087744,9,660.0,497.0,1.1210367137250576,False,False,False,False,3,2,0,10,1,2,225,287,"[false, false, false]",40,2,0,Starfield Stage - 1
686,2025-09-30T16:00:03.096084,8,662.5,497.0,1.1158322289654554,False,False,False,False,3,2,0,10,1,2,223,282,"[false, false, false]",40,2,0,Starfield Stage - 1
687,2025-09-30T16:00:03.105357,9,665.0,497.0,1.112568718920613,False,False,False,False,3,2,0,10,1,2,221,278,"[false, false, false]",40,2,0,Starfield Stage - 1
688,2025-09-30T16:00:03.175411,9,667.5,497.0,1.1628480716223795,False,False,False,False,4,2,0,10,1,2,214,301,"[true, false, false]",40,2,0,Starfield Stage - 1
689,2025-09-30T16:00:03.177785,64,670.0,497.0,1.1648463398465994,False,False,False,False,4,2,0,10,1,2,214,301,"[true, false, false]",40,2,0,Starfield Stage - 1
690,2025-09-30T16:00:03.186804,8,672.5,499.5,1.1844749711441462,False,False,False,False,4,2,0,10,1,2,214,313,"[true, false, false]",40,2,0,Starfield Stage - 1
691,2025-09-30T16:00:03.195431,9,675.0,502.0,1.2042040573193706,False,False,False,False,4,2,0,10,1,2,214,325,"[true, false, false]",40,2,0,Starfield Stage - 1
692,2025-09-30T16:00:03.203422,8,677.5,504.5,1.2259285040139614,False,False,False,False,4,2,0,10,1,2,214,338,"[true, false, false]",40,2,0,Starfield Stage - 1
693,2025-09-30T16:00:03.210621,8,680.0,507.0,1.2458303493960596,False,False,False,False,4,2,0,10,1,2,214,350,"[true, false, false]",40,2,0,Starfield Stage - 1
694,2025-09-30T16:00:03.219156,8,682.5,509.5,1.2644588099551501,False,False,False,False,4,2,0,10,1,2,213,361,"[true, false, false]",40,2,0,Starfield Stage - 1
695,2025-09-30T16:00:03.227971,9,685.0,512.0,1.2816637582306238,False,False,False,False,4,2,0,10,1,2,211,371,"[true, false, false]",40,2,0,Starfield Stage - 1
696,2025-09-30T16:00:03.236952,9,687.5,514.5,1.3084387525555836,False,False,False,False,4,2,0,10,1,2,209,386,"[false, false, false]",40,2,0,Starfield Stage - 1
697,2025-09-30T16:00:03.246087,9,690.0,517.0,1.3170502312323737,False,False,False,False,4,2,0,10,1,2,208,392,"[false, false, false]",40,2,0,Starfield Stage - 1
698,2025-09-30T16:00:03.255308,9,692.5,519.5,1.3236379625910877,False,False,False,False,4,2,0,10,1,2,207,397,"[false, false, false]",40,2,0,Starfield Stage - 1
699,2025-09-30T16:00:03.263699,9,695.0,522.0,1.332082641941009,False,False,False,False,4,2,0,10,1,2,206,403,"[false, false, false]",40,2,0,Starfield Stage - 1
700,2025-09-30T16:00:03.272354,8,697.5,524.5,1.3380619496923642,False,False,False,False,4,2,0,10,1,2,206,408,"[false, false, false]",40,2,0,Starfield Stage - 1
701,2025-09-30T16:00:03.280737,9,700.0,527.0,1.344440152461542,False,False,False,False,4,2,0,10,1,2,205,413,"[false, false, false]",40,2,0,Starfield Stage - 1
702,2025-09-30T16:00:03.289916,9,702.5,529.5,1.3488375700153257,False,False,False,False,4,2,0,10,2,2,204,417,"[false, false, false]",40,2,0,Starfield Stage - 1
703,2025-09-30T16:00:03.298169,8,702.5,532.0,1.3497921765891423,False,False,False,False,4,2,0,10,2,2,204,420,"[false, false, false]",40,2,0,Starfield Stage - 1
704,2025-09-30T16:00:03.306300,8,702.5,534.5,1.3511736882992094,False,False,False,False,4,2,0,10,2,2,203,423,"[false, false, false]",40,2,0,Starfield Stage - 1
705,2025-09-30T16:00:03.381155,9,702.5,537.0,1.3521273809209546,False,False,False,False,5,2,0,10,2,2,203,426,"[true, false, false]",40,2,0,Starfield Stage - 1
706,2025-09-30T16:00:03.383532,68,702.5,539.5,1.3473629913488674,False,False,False,False,5,2,0,10,2,2,203,426,"[true, false, false]",40,2,0,Starfield Stage - 1
707,2025-09-30T16:00:03.391751,8,702.5,542.0,1.342608895258712,False,False,False,False,5,2,0,10,2,2,203,426,"[true, false, false]",40,2,0,Starfield Stage - 1
708,2025-09-30T16:00:03.400071,9,702.5,544.5,1.3378652735222185,False,False,False,False,5,2,0,10,2,2,203,426,"[true, false, false]",40,2,0,Starfield Stage - 1
709,2025-09-30T16:00:03.409591,9,702.5,547.0,1.3331323043295926,False,False,False,False,5,2,0,10,2,2,203,426,"[true, false, false]",40,2,0,Starfield Stage - 1
710,2025-09-30T16:00:03.417746,9,702.5,549.5,1.3284101631627592,False,False,False,False,5,2,0,10,2,2,203,426,"[false, false, false]",40,2,0,Starfield Stage - 1
711,2025-09-30T16:00:03.425759,8,702.5,552.0,1.3236990227701797,False,False,False,False,5,2,0,10,2,2,203,426,"[false, false, false]",40,2,0,Starfield Stage - 1
712,2025-09-30T16:00:03.434006,8,702.5,554.5,1.3189990531432432,False,False,False,False,5,2,0,10,2,2,203,426,"[false, false, false]",40,2,0,Starfield Stage - 1
713,2025-09-30T16:00:03.442829,9,702.5,557.0,1.3143104214942247,False,False,False,False,5,2,0,10,2,2,203,426,"[false, false, false]",40,2,0,Starfield Stage - 1
714,2025-09-30T16:00:03.451416,8,702.5,559.5,1.3058999792367287,False,False,False,False,5,2,0,10,2,2,203,424,"[false, false, false]",40,2,0,Starfield Stage - 1
715,2025-09-30T16:00:03.458678,8,702.5,562.0,1.2956725205503543,False,False,False,False,5,2,0,10,2,2,203,421,"[false, false, false]",40,2,0,Starfield Stage - 1
716,2025-09-30T16:00:03.467899,8,702.5,564.5,1.2836613444895986,False,False,False,False,4,2,0,10,2,2,203,417,"[false, false, false]",40,2,0,Starfield Stage - 1
717,2025-09-30T16:00:03.476977,8,702.5,567.0,1.2693398656303643,False,False,False,False,4,2,0,10,2,2,204,412,"[false, false, false]",40,2,0,Starfield Stage - 1
718,2025-09-30T16:00:03.483933,8,705.0,569.5,1.2601865339810068,False,False,False,False,4,2,0,10,2,2,205,409,"[false, false, false]",40,2,0,Starfield Stage - 1
719,2025-09-30T16:00:03.492481,9,707.5,572.0,1.2487461020446236,False,False,False,False,4,3,0,10,2,2,207,405,"[false, false, false]",40,2,0,Starfield Stage - 1
720,2025-09-30T16:00:03.502782,8,710.0,574.5,1.2398115993651422,False,False,False,False,4,3,0,10,2,2,208,402,"[false, false, false]",40,2,0,Starfield Stage - 1
721,2025-09-30T16:00:03.508662,8,712.5,577.0,1.2249217669576553,False,False,False,False,4,3,0,10,2,2,213,397,"[false, false, false]",40,2,0,Starfield Stage - 1
722,2025-09-30T16:00:03.574274,8,715.0,579.5,1.20201802975633,False,False,False,False,5,3,0,10,2,2,235,394,"[true, false, false]",40,2,0,Starfield Stage - 1
723,2025-09-30T16:00:03.576328,60,717.5,582.0,1.1992551030672491,False,False,False,False,5,3,0,10,2,2,235,394,"[true, false, false]",40,2,0,Starfield Stage - 1
724,2025-09-30T16:00:03.585191,9,720.0,584.5,1.1954982359216035,False,False,False,False,5,3,0,10,2,2,239,395,"[true, false, false]",40,2,0,Starfield Stage - 1
725,2025-09-30T16:00:03.594301,9,722.5,587.0,1.191729056442247,False,False,False,False,5,3,0,10,2,2,243,396,"[true, false, false]",40,2,0,Starfield Stage - 1
726,2025-09-30T16:00:03.603443,9,725.0,589.5,1.189749019335003,False,False,False,False,5,3,0,10,2,2,247,398,"[true, false, false]",40,2,0,Starfield Stage - 1
727,2025-09-30T16:00:03.611494,8,727.5,592.0,1.187759682174344,False,False,False,False,5,3,0,10,2,2,251,400,"[true, false, false]",40,2,0,Starfield Stage - 1
728,2025-09-30T16:00:03.619394,8,730.0,594.5,1.1864924995820774,False,False,False,False,4,3,0,10,2,2,254,402,"[true, false, false]",40,2,0,Starfield Stage - 1
729,2025-09-30T16:00:03.626943,8,732.5,597.0,1.1841539501710039,False,False,False,False,4,3,0,10,2,2,256,403,"[false, false, false]",40,2,0,Starfield Stage - 1
730,2025-09-30T16:00:03.636165,9,735.0,599.5,1.1778041707492715,False,False,False,False,4,3,0,10,2,2,261,403,"[false, false, false]",40,2,0,Starfield Stage - 1
731,2025-09-30T16:00:03.645201,9,737.5,602.0,1.1754815686031987,False,False,False,False,4,3,0,10,2,2,263,404,"[false, false, false]",40,2,0,Starfield Stage - 1
732,2025-09-30T16:00:03.654293,9,740.0,604.5,1.1721330096042393,False,False,False,False,4,3,0,10,2,2,264,404,"[false, false, false]",40,2,0,Starfield Stage - 1
733,2025-09-30T16:00:03.662764,9,740.0,607.0,1.1661591878177797,False,False,False,False,4,3,0,10,2,2,266,404,"[false, false, false]",40,2,0,Starfield Stage - 1
734,2025-09-30T16:00:03.672045,9,740.0,609.5,1.1601655396225605,False,False,False,False,4,3,0,10,2,2,268,404,"[false, false, false]",40,2,0,Starfield Stage - 1
735,2025-09-30T16:00:03.680387,8,740.0,612.0,1.152374602824232,False,False,False,False,4,3,0,10,2,2,270,403,"[false, false, false]",40,2,0,Starfield Stage - 1
736,2025-09-30T16:00:03.687964,8,740.0,614.5,1.1410340476982082,False,False,False,False,4,3,0,10,2,2,272,400,"[false, false, false]",40,2,0,Starfield Stage - 1
737,2025-09-30T16:00:03.696219,8,740.0,617.0,1.1297143312694493,False,False,False,False,4,3,0,10,2,2,274,397,"[false, false, false]",40,2,0,Starfield Stage - 1
738,2025-09-30T16:00:03.705226,9,740.0,619.5,1.115825289642892,False,False,False,False,4,3,0,10,2,2,277,393,"[false, false, false]",40,2,0,Starfield Stage - 1
739,2025-09-30T16:00:03.715079,10,740.0,622.0,1.1002164198320086,False,False,False,False,4,3,0,10,2,2,280,388,"[false, false, false]",40,2,0,Starfield Stage - 1
740,2025-09-30T16:00:03.786431,9,737.5,622.0,1.0144662965121085,False,False,False,False,5,3,0,10,2,2,321,363,"[true, false, false]",40,2,0,Starfield Stage - 1
741,2025-09-30T16:00:03.788911,65,735.0,622.0,1.0040671092713902,False,False,False,False,5,3,0,10,2,2,328,363,"[true, false, false]",40,2,0,Starfield Stage - 1
742,2025-09-30T16:00:03.797722,8,732.5,622.0,0.9944652095820031,False,False,False,False,5,3,0,10,2,2,334,363,"[true, false, false]",40,2,0,Starfield Stage - 1
743,2025-09-30T16:00:03.805542,8,730.0,622.0,0.9833871949877427,False,False,False,False,5,3,0,10,2,2,341,363,"[true, false, false]",40,2,0,Starfield Stage - 1
744,2025-09-30T16:00:03.813536,9,727.5,622.0,0.9706987581817375,False,False,False,False,5,3,0,10,2,2,349,363,"[true, false, false]",40,2,0,Starfield Stage - 1
745,2025-09-30T16:00:03.821913,8,725.0,622.0,0.9575216695809857,False,False,False,False,5,3,0,10,2,2,357,363,"[true, false, false]",40,2,0,Starfield Stage - 1
746,2025-09-30T16:00:03.830533,9,722.5,622.0,0.9451585370660206,False,False,False,False,5,3,0,10,2,2,364,363,"[true, false, false]",40,2,0,Starfield Stage - 1
747,2025-09-30T16:00:03.839193,8,720.0,622.0,0.9323573008560389,False,False,False,False,5,3,0,10,2,2,371,363,"[false, false, false]",40,2,0,Starfield Stage - 1
748,2025-09-30T16:00:03.847974,8,717.5,622.0,0.9186586446946147,False,False,False,False,5,3,0,10,2,2,377,362,"[false, false, false]",40,2,0,Starfield Stage - 1
749,2025-09-30T16:00:03.855928,9,715.0,622.0,0.90416431114592,False,False,False,False,5,3,0,10,2,2,382,360,"[false, false, false]",40,2,0,Starfield Stage - 1
750,2025-09-30T16:00:03.907153,9,712.5,619.5,0.8924953471473022,False,False,False,False,4,2,0,10,2,2,388,358,"[false, false, false]",60,2,0,Starfield Stage - 1
751,2025-09-30T16:00:03.909188,44,710.0,617.0,0.789061150677683,False,False,False,False,4,2,0,10,2,2,436,345,"[false, false, false]",60,2,0,Starfield Stage - 1
752,2025-09-30T16:00:03.955930,9,707.5,614.5,0.7648018253403486,False,False,False,False,3,1,0,10,2,2,446,342,"[false, false, false]",70,2,0,Starfield Stage - 1
753,2025-09-30T16:00:04.018170,40,705.0,612.0,0.3284234772767745,False,False,False,False,3,1,0,10,2,2,598,298,"[false, false, false]",70,2,0,Starfield Stage - 1
754,2025-09-30T16:00:04.025520,62,702.5,609.5,0.2759735900346868,False,False,False,False,3,1,0,10,2,2,614,297,"[false, false, false]",70,2,0,Starfield Stage - 1
755,2025-09-30T16:00:04.027947,8,700.0,607.0,0.2251490734488342,False,False,False,False,3,1,0,10,2,2,629,297,"[false, false, false]",70,2,0,Starfield Stage - 1
756,2025-09-30T16:00:04.036058,8,697.5,604.5,0.17225943457361015,False,False,False,False,3,1,0,10,2,2,644,297,"[false, false, false]",70,2,0,Starfield Stage - 1
757,2025-09-30T16:00:04.045120,9,695.0,602.0,0.1174891896693006,False,False,False,False,3,1,0,10,2,2,659,297,"[false, false, false]",70,2,0,Starfield Stage - 1
758,2025-09-30T16:00:04.053967,9,692.5,599.5,0.06766513569210746,False,False,False,False,3,1,0,10,2,2,672,297,"[false, false, false]",70,2,0,Starfield Stage - 1
759,2025-09-30T16:00:04.062141,8,690.0,597.0,0.01999733397315053,False,False,False,False,3,1,0,10,2,2,684,297,"[false, false, false]",70,2,0,Starfield Stage - 1
760,2025-09-30T16:00:04.071352,9,687.5,594.5,-0.025204745326941735,False,False,False,False,3,1,0,10,2,2,695,297,"[false, false, false]",70,2,0,Starfield Stage - 1
761,2025-09-30T16:00:04.079866,9,685.0,592.0,-0.06769302269396865,False,False,False,False,3,1,0,10,2,2,705,297,"[false, false, false]",70,2,0,Starfield Stage - 1
762,2025-09-30T16:00:04.088267,8,682.5,589.5,-0.10389803008145113,False,False,False,False,3,1,0,10,2,2,713,297,"[false, false, false]",70,2,0,Starfield Stage - 1
763,2025-09-30T16:00:04.097258,9,680.0,587.0,-0.14092806265937885,False,False,False,False,3,1,0,10,2,2,721,298,"[false, false, false]",70,2,0,Starfield Stage - 1
764,2025-09-30T16:00:04.106245,9,677.5,584.5,-0.17507179938657064,False,False,False,False,3,1,0,10,2,2,728,299,"[false, false, false]",70,2,0,Starfield Stage - 1
765,2025-09-30T16:00:04.116195,9,675.0,582.0,-0.21979507152403238,False,False,False,False,3,1,0,10,2,2,738,300,"[false, false, false]",70,2,0,Starfield Stage - 1
766,2025-09-30T16:00:04.125351,10,672.5,579.5,-0.24371550590394472,False,False,False,False,3,1,0,10,2,2,742,300,"[false, false, false]",70,2,0,Starfield Stage - 1
767,2025-09-30T16:00:04.134178,9,670.0,577.0,-0.2653320862089848,False,False,False,False,4,1,0,10,2,2,745,301,"[true, false, false]",70,2,0,Starfield Stage - 1
768,2025-09-30T16:00:04.143338,8,667.5,574.5,-0.2872430995445085,False,False,False,False,4,1,0,10,2,2,748,302,"[true, false, false]",70,2,0,Starfield Stage - 1
769,2025-09-30T16:00:04.150982,9,665.0,572.0,-0.30835849792039693,False,False,False,False,4,1,0,10,2,2,751,302,"[true, false, false]",70,2,0,Starfield Stage - 1
770,2025-09-30T16:00:04.217177,9,662.5,569.5,-0.4313523051051988,False,False,False,False,4,1,0,10,2,2,787,299,"[false, false, false]",70,2,0,Starfield Stage - 1
771,2025-09-30T16:00:04.219116,59,660.0,567.0,-0.44253460789918686,False,False,False,False,4,1,0,10,2,2,787,299,"[false, false, false]",70,2,0,Starfield Stage - 1
772,2025-09-30T16:00:04.228174,9,657.5,564.5,-0.4803248154087037,False,False,False,False,4,1,0,10,2,2,800,291,"[false, false, false]",70,2,0,Starfield Stage - 1
773,2025-09-30T16:00:04.237205,9,655.0,562.0,-0.5021449845366492,False,False,False,False,4,1,0,10,2,2,806,287,"[false, false, false]",70,2,0,Starfield Stage - 1
774,2025-09-30T16:00:04.246286,9,652.5,559.5,-0.5177818586126866,False,False,False,False,4,1,0,10,2,2,810,283,"[false, false, false]",70,2,0,Starfield Stage - 1
775,2025-09-30T16:00:04.255079,9,650.0,557.0,-0.5318818208463911,False,False,False,False,4,1,0,10,2,2,813,280,"[false, false, false]",70,2,0,Starfield Stage - 1
776,2025-09-30T16:00:04.263743,9,647.5,554.5,-0.5404195002705842,False,False,False,False,4,1,0,10,2,2,814,277,"[false, false, false]",70,2,0,Starfield Stage - 1
777,2025-09-30T16:00:04.272209,8,645.0,552.0,-0.5488403538534324,False,False,False,False,4,1,0,10,2,2,815,274,"[false, false, false]",70,2,0,Starfield Stage - 1
778,2025-09-30T16:00:04.281425,9,642.5,549.5,-0.556166230120453,False,False,False,False,4,1,0,10,2,2,815,272,"[false, false, false]",70,2,0,Starfield Stage - 1
779,2025-09-30T16:00:04.289662,8,640.0,547.0,-0.5650864121485294,False,False,False,False,3,1,0,10,2,2,815,271,"[false, false, false]",70,2,0,Starfield Stage - 1
780,2025-09-30T16:00:04.297404,8,637.5,544.5,-0.5740026697367001,False,False,False,False,3,1,0,10,2,2,815,270,"[false, false, false]",70,2,0,Starfield Stage - 1
781,2025-09-30T16:00:04.304970,8,635.0,542.0,-0.5829135889557342,False,False,False,False,3,1,0,10,2,2,815,269,"[false, false, false]",70,2,0,Starfield Stage - 1
782,2025-09-30T16:00:04.314008,8,632.5,539.5,-0.5909825862122314,False,False,False,False,3,1,0,10,2,2,814,269,"[false, false, false]",70,2,0,Starfield Stage - 1
783,2025-09-30T16:00:04.321614,9,630.0,537.0,-0.5973799927787732,False,False,False,False,3,1,0,10,2,2,813,268,"[false, false, false]",70,2,0,Starfield Stage - 1
784,2025-09-30T16:00:04.330270,8,627.5,534.5,-0.6030036213805551,False,False,False,False,4,1,0,10,2,2,811,268,"[true, false, false]",70,2,0,Starfield Stage - 1
785,2025-09-30T16:00:04.339344,9,625.0,532.0,-0.6094585379449204,False,False,False,False,4,1,0,10,2,2,810,267,"[true, false, false]",70,2,0,Starfield Stage - 1
786,2025-09-30T16:00:04.348206,9,622.5,529.5,-0.617722415549923,False,False,False,False,4,1,0,10,2,2,809,267,"[true, false, false]",70,2,0,Starfield Stage - 1
787,2025-09-30T16:00:04.356347,9,620.0,527.0,-0.6260465224935314,False,False,False,False,4,1,0,10,2,2,808,267,"[true, false, false]",70,2,0,Starfield Stage - 1
788,2025-09-30T16:00:04.425324,8,622.5,524.5,-0.5787149449131991,False,False,False,False,4,1,0,10,2,2,794,262,"[false, false, false]",70,2,0,Starfield Stage - 1
789,2025-09-30T16:00:04.432218,62,625.0,522.0,-0.5763752205911837,False,False,False,False,4,1,0,10,2,2,794,262,"[false, false, false]",70,2,0,Starfield Stage - 1
790,2025-09-30T16:00:04.436220,9,627.5,519.5,-0.5539094070506058,False,False,False,False,4,1,0,10,2,2,788,260,"[false, false, false]",70,2,0,Starfield Stage - 1
791,2025-09-30T16:00:04.445712,9,630.0,519.5,-0.5384336872780716,False,False,False,False,4,1,0,10,2,2,785,260,"[false, false, false]",70,2,0,Starfield Stage - 1
792,2025-09-30T16:00:04.453178,8,632.5,519.5,-0.5197683917019825,False,False,False,False,4,1,0,10,2,2,781,260,"[false, false, false]",70,2,0,Starfield Stage - 1
793,2025-09-30T16:00:04.462095,9,635.0,519.5,-0.5066075864150829,False,False,False,False,4,1,0,10,2,2,779,260,"[false, false, false]",70,2,0,Starfield Stage - 1
794,2025-09-30T16:00:04.470484,9,637.5,519.5,-0.4932517138565063,False,False,False,False,4,1,0,10,2,2,777,260,"[false, false, false]",70,2,0,Starfield Stage - 1
795,2025-09-30T16:00:04.478842,8,640.0,519.5,-0.47823950720771863,False,False,False,False,4,1,0,10,2,2,774,261,"[false, false, false]",70,2,0,Starfield Stage - 1
796,2025-09-30T16:00:04.487354,8,642.5,519.5,-0.4675386399474506,False,False,False,False,4,1,0,10,2,2,772,263,"[false, false, false]",70,2,0,Starfield Stage - 1
797,2025-09-30T16:00:04.496107,9,645.0,519.5,-0.45654993639148195,False,False,False,False,4,1,0,10,2,2,770,265,"[false, false, false]",70,2,0,Starfield Stage - 1
798,2025-09-30T16:00:04.540592,9,647.5,519.5,-0.446808783707928,False,False,False,False,3,0,0,10,2,2,768,268,"[false, false, false]",70,2,0,Starfield Stage - 1
799,2025-09-30T16:00:04.543007,38,650.0,519.5,-0.43860966450487116,False,False,False,False,4,1,0,10,2,2,760,285,"[true, false, false]",70,2,0,Starfield Stage - 1
800,2025-09-30T16:00:04.551766,9,652.5,519.5,-0.4311743926136653,False,False,False,False,4,1,0,10,2,2,759,288,"[true, false, false]",70,2,0,Starfield Stage - 1
801,2025-09-30T16:00:04.560616,8,655.0,519.5,-0.4254778795751862,False,False,False,False,4,1,0,10,2,2,759,290,"[true, false, false]",70,2,0,Starfield Stage - 1
802,2025-09-30T16:00:04.628125,8,655.0,519.5,-0.4178164160795205,False,False,False,False,4,1,0,10,2,2,756,292,"[false, false, false]",70,2,0,Starfield Stage - 1
803,2025-09-30T16:00:04.630074,62,655.0,519.5,-0.4178164160795205,False,False,False,False,4,1,0,10,2,2,756,292,"[false, false, false]",70,2,0,Starfield Stage - 1
804,2025-09-30T16:00:04.638299,8,655.0,519.5,-0.4178164160795205,False,False,False,False,4,1,0,10,2,2,756,292,"[false, false, false]",70,2,0,Starfield Stage - 1
805,2025-09-30T16:00:04.647472,9,655.0,519.5,-0.4178164160795205,False,False,False,False,4,1,0,10,2,2,756,292,"[false, false, false]",70,2,0,Starfield Stage - 1
806,2025-09-30T16:00:04.654704,8,655.0,519.5,-0.4178164160795205,False,False,False,False,4,1,0,10,2,2,756,292,"[false, false, false]",70,2,0,Starfield Stage - 1
807,2025-09-30T16:00:04.663573,9,655.0,519.5,-0.4178164160795205,False,False,False,False,4,1,0,10,2,2,756,292,"[false, false, false]",70,2,0,Starfield Stage - 1
808,2025-09-30T16:00:04.709594,9,655.0,519.5,-0.4178164160795205,False,False,False,False,3,0,0,10,2,2,756,292,"[false, false, false]",70,2,0,Starfield Stage - 1
809,2025-09-30T16:00:04.711800,39,655.0,519.5,-0.4178164160795205,False,False,False,False,4,0,0,10,2,2,756,292,"[true, false, false]",70,2,0,Starfield Stage - 1
810,2025-09-30T16:00:04.721168,9,652.5,519.5,-0.42695861894258863,False,False,False,False,4,0,0,10,2,2,756,292,"[true, false, false]",70,2,0,Starfield Stage - 1
811,2025-09-30T16:00:04.729635,9,650.0,519.5,-0.43602540275535373,False,False,False,False,4,0,0,10,2,2,756,292,"[true, false, false]",70,2,0,Starfield Stage - 1
812,2025-09-30T16:00:04.737812,8,647.5,519.5,-0.44501622475554137,False,False,False,False,4,0,0,10,2,2,756,292,"[true, false, false]",70,2,0,Starfield Stage - 1
813,2025-09-30T16:00:04.746120,8,645.0,519.5,-0.45393060035220945,False,False,False,False,4,0,0,10,2,2,756,292,"[true, false, false]",70,2,0,Starfield Stage - 1
814,2025-09-30T16:00:04.755051,9,642.5,519.5,-0.4627681017517686,False,False,False,False,4,0,0,10,2,2,756,292,"[true, false, false]",70,2,0,Starfield Stage - 1
815,2025-09-30T16:00:04.763406,8,640.0,519.5,-0.4715283565320527,False,False,False,False,4,0,0,10,2,2,756,292,"[true, false, false]",70,2,0,Starfield Stage - 1
816,2025-09-30T16:00:04.829407,8,637.5,519.5,-0.44759610762752144,False,False,False,False,4,0,0,10,2,2,740,306,"[false, false, false]",70,2,0,Starfield Stage - 1
817,2025-09-30T16:00:04.831263,61,635.0,519.5,-0.4570687565477896,False,False,False,False,4,0,0,10,2,2,740,306,"[false, false, false]",70,2,0,Starfield Stage - 1
818,2025-09-30T16:00:04.841026,9,632.5,519.5,-0.4569746861206738,False,False,False,False,4,0,0,10,2,2,736,309,"[false, false, false]",70,2,0,Starfield Stage - 1
819,2025-09-30T16:00:04.849206,8,630.0,519.5,-0.4607518641990133,False,False,False,False,4,0,0,10,2,2,733,312,"[false, false, false]",70,2,0,Starfield Stage - 1
820,2025-09-30T16:00:04.858199,9,627.5,519.5,-0.4665916633016297,False,False,False,False,4,0,0,10,2,2,730,316,"[false, false, false]",70,2,0,Starfield Stage - 1
821,2025-09-30T16:00:04.867293,9,625.0,519.5,-0.47659509262973176,False,False,False,False,4,0,0,10,2,2,728,320,"[false, false, false]",70,2,0,Starfield Stage - 1
822,2025-09-30T16:00:04.876424,10,622.5,519.5,-0.49362828189161456,False,False,False,False,4,0,0,10,2,2,725,329,"[false, false, false]",70,2,0,Starfield Stage - 1
823,2025-09-30T16:00:04.885060,8,620.0,519.5,-0.5086904975891303,False,False,False,False,4,0,0,10,2,2,724,333,"[false, false, false]",70,2,0,Starfield Stage - 1
824,2025-09-30T16:00:04.894078,9,617.5,519.5,-0.5194379146467615,False,False,False,False,4,0,0,10,2,2,723,335,"[false, false, false]",70,2,0,Starfield Stage - 1
825,2025-09-30T16:00:04.902578,9,615.0,519.5,-0.5326866466751424,False,False,False,False,4,0,0,10,2,2,722,338,"[false, false, false]",70,2,0,Starfield Stage - 1
826,2025-09-30T16:00:04.911682,9,612.5,519.5,-0.5452935477825634,False,False,False,False,4,0,0,10,2,2,722,339,"[false, false, false]",70,2,0,Starfield Stage - 1
827,2025-09-30T16:00:04.920304,8,610.0,519.5,-0.5643694469898795,False,False,False,False,4,0,0,10,2,2,723,341,"[false, false, false]",70,2,0,Starfield Stage - 1
828,2025-09-30T16:00:04.928458,9,607.5,519.5,-0.5808178806702815,False,False,False,False,4,0,0,10,2,2,724,342,"[false, false, false]",70,2,0,Starfield Stage - 1
829,2025-09-30T16:00:04.936867,8,605.0,519.5,-0.5970991687476176,False,False,False,False,4,0,0,10,2,2,725,343,"[false, false, false]",70,2,0,Starfield Stage - 1
830,2025-09-30T16:00:04.945301,8,602.5,519.5,-0.6170080062499184,False,False,False,False,4,0,0,10,2,2,727,344,"[false, false, false]",70,2,0,Starfield Stage - 1
831,2025-09-30T16:00:04.954949,10,600.0,519.5,-0.6365887764902661,False,False,False,False,4,0,0,10,2,2,729,345,"[false, false, false]",70,2,0,Starfield Stage - 1
832,2025-09-30T16:00:04.963935,9,597.5,519.5,-0.6594450879098762,False,False,False,False,4,0,0,10,2,2,732,346,"[false, false, false]",70,2,0,Starfield Stage - 1
833,2025-09-30T16:00:05.035355,8,595.0,519.5,-0.7177330277053409,False,False,False,False,4,0,0,10,2,2,736,358,"[false, false, false]",70,2,0,Starfield Stage - 1
834,2025-09-30T16:00:05.037916,65,592.5,519.5,-0.7073258827436273,False,False,False,False,4,0,0,10,2,2,728,361,"[false, false, false]",70,2,0,Starfield Stage - 1
835,2025-09-30T16:00:05.046307,8,590.0,519.5,-0.6794896204190755,False,False,False,False,4,0,0,10,2,2,714,366,"[false, false, false]",70,2,0,Starfield Stage - 1
836,2025-09-30T16:00:05.054940,10,587.5,519.5,-0.6386018556676223,False,False,False,False,4,0,0,10,2,2,697,372,"[false, false, false]",70,2,0,Starfield Stage - 1
837,2025-09-30T16:00:05.064146,9,585.0,519.5,-0.5614528269391241,False,False,False,False,4,0,0,10,2,2,674,378,"[false, false, false]",70,2,0,Starfield Stage - 1
838,2025-09-30T16:00:05.073010,9,582.5,519.5,-0.4531846126508516,False,False,False,False,4,0,0,10,2,2,648,385,"[false, false, false]",70,2,0,Starfield Stage - 1
839,2025-09-30T16:00:05.081405,8,580.0,519.5,-0.30177671280021107,False,False,False,False,4,0,0,10,2,2,620,391,"[false, false, false]",70,2,0,Starfield Stage - 1
840,2025-09-30T16:00:05.088617,8,577.5,519.5,-0.11065722117389565,False,False,False,False,4,0,0,10,2,2,591,398,"[false, false, false]",70,2,0,Starfield Stage - 1
841,2025-09-30T16:00:05.096994,8,575.0,519.5,0.11208239835625657,False,False,False,False,4,0,0,10,2,2,562,404,"[false, false, false]",70,2,0,Starfield Stage - 1
842,2025-09-30T16:00:05.105749,9,572.5,519.5,0.33247400392925547,False,False,False,False,3,0,0,10,2,2,534,408,"[false, false, false]",70,2,0,Starfield Stage - 1
843,2025-09-30T16:00:05.114223,8,570.0,519.5,0.5260664189967634,False,False,False,False,3,0,0,10,2,2,507,411,"[false, false, false]",70,2,0,Starfield Stage - 1
844,2025-09-30T16:00:05.124039,9,567.5,519.5,0.6718984257178718,False,False,False,False,3,0,0,10,2,2,482,412,"[false, false, false]",70,2,0,Starfield Stage - 1
845,2025-09-30T16:00:05.131860,9,565.0,517.0,0.8601484940787548,False,False,False,False,3,0,0,10,2,2,443,412,"[false, false, false]",70,2,0,Starfield Stage - 1
846,2025-09-30T16:00:05.139943,8,562.5,514.5,0.9160063333432623,False,False,False,False,3,0,0,10,2,2,429,412,"[false, false, false]",70,2,0,Starfield Stage - 1
847,2025-09-30T16:00:05.148647,9,560.0,512.0,0.9539093029212884,False,False,False,False,3,0,0,10,2,2,419,412,"[false, false, false]",70,2,0,Starfield Stage - 1
848,2025-09-30T16:00:05.156960,8,557.5,509.5,0.9804184308023697,False,False,False,False,3,0,0,10,2,2,412,412,"[false, false, false]",70,2,0,Starfield Stage - 1
849,2025-09-30T16:00:05.166329,9,555.0,507.0,1.004941999686837,False,False,False,False,3,0,0,10,2,2,407,413,"[false, false, false]",70,2,0,Starfield Stage - 1
850,2025-09-30T16:00:05.236686,8,552.5,504.5,1.3395512671345786,False,False,False,False,3,0,0,10,2,2,372,462,"[false, false, false]",70,2,0,Starfield Stage - 1
851,2025-09-30T16:00:05.238754,65,550.0,502.0,1.3497492641198778,False,False,False,False,3,0,0,10,1,2,372,462,"[false, false, false]",70,2,0,Starfield Stage - 1
852,2025-09-30T16:00:05.247849,9,547.5,499.5,1.396124127786657,False,False,False,False,4,0,0,10,1,2,369,468,"[true, false, false]",70,2,0,Starfield Stage - 1
853,2025-09-30T16:00:05.256196,8,545.0,497.0,1.4382447944982226,False,False,False,False,4,0,0,10,1,2,365,473,"[true, false, false]",70,2,0,Starfield Stage - 1
854,2025-09-30T16:00:05.264776,9,542.5,494.5,1.4791319195904886,False,False,False,False,4,0,0,10,1,2,363,478,"[true, false, false]",70,2,0,Starfield Stage - 1
855,2025-09-30T16:00:05.273002,8,540.0,492.0,1.5205593019355557,False,False,False,False,4,0,0,10,1,2,361,483,"[true, false, false]",70,2,0,Starfield Stage - 1
856,2025-09-30T16:00:05.282075,8,542.5,489.5,1.5571731914275648,False,False,False,False,4,0,0,10,1,2,359,487,"[true, false, false]",70,2,0,Starfield Stage - 1
857,2025-09-30T16:00:05.290137,9,545.0,487.0,1.5868377314415405,False,False,False,False,4,0,0,10,1,2,358,490,"[true, false, false]",70,2,0,Starfield Stage - 1
858,2025-09-30T16:00:05.299098,9,547.5,484.5,1.610146083183502,False,False,False,False,4,0,0,10,1,2,357,492,"[true, false, false]",70,2,0,Starfield Stage - 1
859,2025-09-30T16:00:05.308114,9,550.0,482.0,1.6274367099342721,False,False,False,False,3,0,0,10,1,2,356,493,"[true, false, false]",70,2,0,Starfield Stage - 1
860,2025-09-30T16:00:05.316240,8,552.5,479.5,1.6393908302491713,False,False,False,False,3,0,0,10,1,2,356,493,"[false, false, false]",70,2,0,Starfield Stage - 1
861,2025-09-30T16:00:05.325002,9,555.0,477.0,1.651025753268794,False,False,False,False,3,0,0,10,1,2,356,493,"[false, false, false]",70,2,0,Starfield Stage - 1
862,2025-09-30T16:00:05.333123,8,557.5,474.5,1.6623510683429157,False,False,False,False,3,0,0,10,1,2,356,493,"[false, false, false]",70,2,0,Starfield Stage - 1
863,2025-09-30T16:00:05.341221,8,560.0,472.0,1.6733761792131914,False,False,False,False,3,0,0,10,1,2,356,493,"[false, false, false]",70,2,0,Starfield Stage - 1
864,2025-09-30T16:00:05.349566,9,562.5,469.5,1.6888883552139906,False,False,False,False,3,0,0,10,1,2,356,494,"[false, false, false]",70,2,0,Starfield Stage - 1
865,2025-09-30T16:00:05.357695,8,565.0,467.0,1.6992713686589695,False,False,False,False,2,0,0,10,1,2,356,494,"[false, false, false]",70,2,0,Starfield Stage - 1
866,2025-09-30T16:00:05.366111,8,567.5,464.5,1.7140170073633287,False,False,False,False,2,0,0,10,1,2,356,495,"[false, false, false]",70,2,0,Starfield Stage - 1
867,2025-09-30T16:00:05.435093,9,570.0,462.0,1.7266645281932191,False,False,False,False,2,0,0,10,1,2,360,495,"[false, false, false]",70,2,0,Starfield Stage - 1
868,2025-09-30T16:00:05.437027,62,572.5,459.5,1.7363265379567487,False,False,False,False,3,0,0,10,1,2,360,495,"[true, false, false]",70,2,0,Starfield Stage - 1
869,2025-09-30T16:00:05.446131,9,575.0,457.0,1.745733848163586,False,False,False,False,3,0,0,10,1,2,360,495,"[true, false, false]",70,2,0,Starfield Stage - 1
870,2025-09-30T16:00:05.455067,9,577.5,454.5,1.7548947980572291,False,False,False,False,3,0,0,10,1,2,360,495,"[true, false, false]",70,2,0,Starfield Stage - 1
871,2025-09-30T16:00:05.463996,9,580.0,452.0,1.7638174613540527,False,False,False,False,3,0,0,10,1,2,360,495,"[true, false, false]",70,2,0,Starfield Stage - 1
872,2025-09-30T16:00:05.472900,9,582.5,449.5,1.7725096491043402,False,False,False,False,3,0,0,10,1,2,360,495,"[true, false, false]",70,2,0,Starfield Stage - 1
873,2025-09-30T16:00:05.481393,8,585.0,447.0,1.7809789134570662,False,False,False,False,3,0,0,10,1,2,360,495,"[true, false, false]",70,2,0,Starfield Stage - 1
874,2025-09-30T16:00:05.488364,8,587.5,444.5,1.7892325521703636,False,False,False,False,2,0,0,10,1,2,360,495,"[true, false, false]",70,2,0,Starfield Stage - 1
875,2025-09-30T16:00:05.497649,9,590.0,442.0,1.7972776137289397,False,False,False,False,2,0,0,10,1,2,360,495,"[true, false, false]",70,2,0,Starfield Stage - 1
876,2025-09-30T16:00:05.506302,8,592.5,439.5,1.8051209029471273,False,False,False,False,2,0,0,10,1,2,360,495,"[true, false, false]",70,2,0,Starfield Stage - 1
877,2025-09-30T16:00:05.515344,9,595.0,437.0,1.8127689869518804,False,False,False,False,2,0,0,10,1,2,360,495,"[false, false, false]",70,2,0,Starfield Stage - 1
878,2025-09-30T16:00:05.524791,9,595.0,434.5,1.8227713775122345,False,False,False,False,2,0,0,10,1,2,360,495,"[false, false, false]",70,2,0,Starfield Stage - 1
879,2025-09-30T16:00:05.532568,9,595.0,432.0,1.8327225197281656,False,False,False,False,2,0,0,10,1,2,360,495,"[false, false, false]",70,2,0,Starfield Stage - 1
880,2025-09-30T16:00:05.541025,8,595.0,429.5,1.846565057570762,False,False,False,False,2,0,0,10,1,2,360,496,"[false, false, false]",70,2,0,Starfield Stage - 1
881,2025-09-30T16:00:05.549159,8,595.0,429.5,1.846565057570762,False,False,False,False,2,0,0,10,1,2,360,496,"[false, false, false]",70,2,0,Starfield Stage - 1
882,2025-09-30T16:00:05.557665,9,595.0,429.5,1.8505004792585276,False,False,False,False,2,0,0,10,1,2,360,497,"[false, false, false]",70,2,0,Starfield Stage - 1
883,2025-09-30T16:00:05.565871,8,595.0,429.5,1.8555747683897685,False,False,False,False,2,0,0,10,1,2,361,498,"[false, false, false]",70,2,0,Starfield Stage - 1
884,2025-09-30T16:00:05.635898,9,592.5,429.5,1.8745308126374836,False,False,False,False,2,0,0,10,1,2,358,503,"[false, false, false]",70,2,0,Starfield Stage - 1
885,2025-09-30T16:00:05.637885,63,590.0,429.5,1.8776032243305285,False,False,False,False,2,0,0,10,1,2,358,503,"[false, false, false]",70,2,0,Starfield Stage - 1
886,2025-09-30T16:00:05.646636,8,587.5,429.5,1.8782249438337442,False,False,False,False,2,1,0,10,1,2,356,503,"[false, false, false]",70,2,0,Starfield Stage - 1
887,2025-09-30T16:00:05.654835,9,585.0,429.5,1.8776032243305285,False,False,False,False,2,1,0,10,1,2,353,503,"[false, false, false]",70,2,0,Starfield Stage - 1
888,2025-09-30T16:00:05.663455,8,582.5,429.5,1.8808893782068512,False,False,False,False,2,1,0,10,1,2,350,504,"[false, false, false]",70,2,0,Starfield Stage - 1
889,2025-09-30T16:00:05.671209,8,580.0,429.5,1.8854180324179868,False,False,False,False,2,1,0,10,1,2,348,505,"[false, false, false]",70,2,0,Starfield Stage - 1
890,2025-09-30T16:00:05.680417,9,577.5,429.5,1.892546881191539,False,False,False,False,2,1,0,10,1,2,345,507,"[false, false, false]",70,2,0,Starfield Stage - 1
891,2025-09-30T16:00:05.687946,8,575.0,429.5,1.898304974942562,False,False,False,False,2,1,0,10,1,2,341,509,"[false, false, false]",70,2,0,Starfield Stage - 1
892,2025-09-30T16:00:05.696753,9,572.5,429.5,1.9104249251090728,False,False,False,False,2,1,0,10,1,2,339,512,"[false, false, false]",70,2,0,Starfield Stage - 1
893,2025-09-30T16:00:05.707286,9,570.0,432.0,1.9116528363099796,False,False,False,False,2,1,0,10,1,2,336,515,"[false, false, false]",70,2,0,Starfield Stage - 1
894,2025-09-30T16:00:05.715180,9,567.5,434.5,1.914227157197214,False,False,False,False,2,1,0,10,1,2,334,518,"[false, false, false]",70,2,0,Starfield Stage - 1
895,2025-09-30T16:00:05.723990,9,565.0,437.0,1.92299432176071,False,False,False,False,2,1,0,10,1,2,331,523,"[false, false, false]",70,2,0,Starfield Stage - 1
896,2025-09-30T16:00:05.732523,8,562.5,439.5,1.9231886285687183,False,False,False,False,2,1,0,10,1,2,330,525,"[false, false, false]",70,2,0,Starfield Stage - 1
897,2025-09-30T16:00:05.740039,8,560.0,442.0,1.9157385986525257,False,False,False,False,2,1,0,10,1,2,329,525,"[false, false, false]",70,2,0,Starfield Stage - 1
898,2025-09-30T16:00:05.748312,8,557.5,444.5,1.9131359919699982,False,False,False,False,2,1,0,10,1,2,326,527,"[false, false, false]",70,2,0,Starfield Stage - 1
899,2025-09-30T16:00:05.756845,9,555.0,447.0,1.9080495151165553,False,False,False,False,2,1,0,10,1,2,324,528,"[false, false, false]",70,2,0,Starfield Stage - 1
900,2025-09-30T16:00:05.766101,9,552.5,449.5,1.8990402964197644,False,False,False,False,2,1,0,10,1,2,322,528,"[false, false, false]",70,2,0,Starfield Stage - 1
901,2025-09-30T16:00:05.836052,9,550.0,452.0,1.8336606463743124,False,False,False,False,2,1,0,10,1,2,275,526,"[false, false, false]",70,2,0,Starfield Stage - 1
902,2025-09-30T16:00:05.838189,63,547.5,454.5,1.8273973679983868,False,False,False,False,2,1,0,10,1,2,275,526,"[false, false, false]",70,2,0,Starfield Stage - 1
903,2025-09-30T16:00:05.847233,9,545.0,457.0,1.810690287979792,False,False,False,False,2,1,0,10,1,2,267,525,"[false, false, false]",70,2,0,Starfield Stage - 1
904,2025-09-30T16:00:05.856013,9,542.5,459.5,1.7952671914702325,False,False,False,False,2,1,0,10,1,2,260,524,"[false, false, false]",70,2,0,Starfield Stage - 1
905,2025-09-30T16:00:05.864710,9,540.0,462.0,1.776887319656556,False,False,False,False,2,1,0,10,1,2,253,522,"[false, false, false]",70,2,0,Starfield Stage - 1
906,2025-09-30T16:00:05.873179,8,537.5,464.5,1.7589390112596004,False,False,False,False,2,1,0,10,1,2,246,520,"[false, false, false]",70,2,0,Starfield Stage - 1
907,2025-09-30T16:00:05.881571,8,535.0,467.0,1.7414184033006428,False,False,False,False,2,1,0,10,1,2,239,518,"[false, false, false]",70,2,0,Starfield Stage - 1
908,2025-09-30T16:00:05.888653,8,532.5,469.5,1.7286021935632243,False,False,False,False,2,1,0,10,1,2,234,517,"[false, false, false]",70,2,0,Starfield Stage - 1
909,2025-09-30T16:00:05.897032,8,535.0,472.0,1.7104050558738397,False,False,False,False,2,1,0,10,1,2,229,515,"[false, false, false]",70,2,0,Starfield Stage - 1
910,2025-09-30T16:00:05.906255,9,537.5,474.5,1.6969289216814585,False,False,False,False,2,1,0,10,1,2,226,514,"[false, false, false]",70,2,0,Starfield Stage - 1
911,2025-09-30T16:00:05.915168,9,540.0,477.0,1.6800770863466985,False,False,False,False,2,1,0,10,1,2,221,512,"[false, false, false]",70,2,0,Starfield Stage - 1
912,2025-09-30T16:00:05.924683,10,542.5,479.5,1.6678628115791225,False,False,False,False,2,1,0,10,1,2,219,511,"[false, false, false]",70,2,0,Starfield Stage - 1
913,2025-09-30T16:00:05.933692,9,545.0,482.0,1.656214882681663,False,False,False,False,2,1,0,10,1,2,218,510,"[false, false, false]",70,2,0,Starfield Stage - 1
914,2025-09-30T16:00:05.942278,8,547.5,484.5,1.644791090281701,False,False,False,False,2,1,0,10,1,2,217,509,"[false, false, false]",70,2,0,Starfield Stage - 1
915,2025-09-30T16:00:05.950999,9,550.0,487.0,1.630427039926066,False,False,False,False,2,1,0,10,1,2,215,507,"[false, false, false]",70,2,0,Starfield Stage - 1
916,2025-09-30T16:00:05.960092,9,552.5,489.5,1.6165546145791503,False,False,False,False,2,1,0,10,1,2,214,505,"[false, false, false]",70,2,0,Starfield Stage - 1
917,2025-09-30T16:00:05.968362,8,555.0,492.0,1.6029489851656031,False,False,False,False,2,1,0,10,1,2,213,503,"[false, false, false]",70,2,0,Starfield Stage - 1
918,2025-09-30T16:00:06.038258,9,557.5,494.5,1.6355623299266178,False,False,False,False,2,1,0,10,1,2,226,516,"[false, false, false]",70,2,0,Starfield Stage - 1
919,2025-09-30T16:00:06.040255,63,560.0,497.0,1.6276213111166995,False,False,False,False,2,1,0,10,1,2,226,516,"[false, false, false]",70,2,0,Starfield Stage - 1
920,2025-09-30T16:00:06.049425,9,562.5,499.5,1.6606302229940617,False,False,False,False,2,1,0,10,1,2,235,529,"[false, false, false]",70,2,0,Starfield Stage - 1
921,2025-09-30T16:00:06.057893,8,565.0,502.0,1.7078625011050843,False,False,False,False,2,1,0,10,1,2,246,546,"[false, false, false]",70,2,0,Starfield Stage - 1
922,2025-09-30T16:00:06.066194,9,567.5,504.5,1.7576069768688498,False,False,False,False,1,1,0,10,1,2,258,563,"[false, false, false]",70,2,0,Starfield Stage - 1
923,2025-09-30T16:00:06.075536,9,570.0,507.0,1.8862839150638713,False,False,False,False,1,1,0,10,1,2,282,601,"[false, false, false]",70,2,0,Starfield Stage - 1
924,2025-09-30T16:00:06.083306,8,572.5,509.5,1.9485137430566015,False,False,False,False,1,1,0,10,1,2,294,620,"[false, false, false]",70,2,0,Starfield Stage - 1
925,2025-09-30T16:00:06.091745,9,575.0,512.0,2.0104605293057105,False,False,False,False,1,1,0,10,1,2,305,639,"[false, false, false]",70,2,0,Starfield Stage - 1
926,2025-09-30T16:00:06.100133,8,577.5,514.5,2.0726848490211003,False,False,False,False,1,1,0,10,1,2,316,658,"[false, false, false]",70,2,0,Starfield Stage - 1
927,2025-09-30T16:00:06.108220,8,580.0,517.0,2.127269493676736,False,False,False,False,1,1,0,10,1,2,326,675,"[false, false, false]",70,2,0,Starfield Stage - 1
928,2025-09-30T16:00:06.117453,9,582.5,519.5,2.179485634122308,False,False,False,False,1,1,0,10,1,2,335,692,"[false, false, false]",70,2,0,Starfield Stage - 1
929,2025-09-30T16:00:06.124780,8,585.0,522.0,2.2208762880411976,False,False,False,False,1,1,0,10,1,2,343,706,"[false, false, false]",70,2,0,Starfield Stage - 1
930,2025-09-30T16:00:06.133877,9,587.5,524.5,2.252402149735302,False,False,False,False,1,1,0,10,1,2,349,718,"[false, false, false]",70,2,0,Starfield Stage - 1
931,2025-09-30T16:00:06.142774,9,590.0,527.0,2.276273554048344,False,False,False,False,1,1,0,10,1,2,354,728,"[false, false, false]",70,2,0,Starfield Stage - 1
932,2025-09-30T16:00:06.151211,8,592.5,529.5,2.2924994471967155,False,False,False,False,1,1,0,10,1,2,359,735,"[false, false, false]",70,2,0,Starfield Stage - 1
933,2025-09-30T16:00:06.159469,8,595.0,532.0,2.299565758126615,False,False,False,False,1,1,0,10,1,2,362,740,"[false, false, false]",70,2,0,Starfield Stage - 1
934,2025-09-30T16:00:06.166617,8,597.5,534.5,2.2975709951190946,False,False,False,False,1,1,0,10,1,2,363,743,"[false, false, false]",70,2,0,Starfield Stage - 1
935,2025-09-30T16:00:06.175308,8,600.0,537.0,2.2908250072928227,False,False,False,False,2,1,0,10,1,2,364,744,"[true, false, false]",70,2,0,Starfield Stage - 1
936,2025-09-30T16:00:06.246669,9,597.5,537.0,2.2961079962726685,False,False,False,False,2,1,0,10,1,2,364,744,"[true, false, false]",70,2,0,Starfield Stage - 1
937,2025-09-30T16:00:06.248516,65,595.0,537.0,2.301454710142464,False,False,False,False,2,1,0,10,1,2,364,744,"[true, false, false]",70,2,0,Starfield Stage - 1
938,2025-09-30T16:00:06.258329,8,592.5,537.0,2.306865997611051,False,False,False,False,2,1,0,10,1,2,364,744,"[true, false, false]",70,2,0,Starfield Stage - 1
939,2025-09-30T16:00:06.265976,9,590.0,537.0,2.31234271288202,False,False,False,False,2,1,0,10,1,2,364,744,"[false, false, false]",70,2,0,Starfield Stage - 1
940,2025-09-30T16:00:06.275326,9,587.5,537.0,2.3178857152379346,False,False,False,False,1,1,0,10,1,2,364,744,"[false, false, false]",70,2,0,Starfield Stage - 1
941,2025-09-30T16:00:06.284172,9,585.0,537.0,2.323495868591915,False,False,False,False,1,1,0,10,1,2,364,744,"[false, false, false]",70,2,0,Starfield Stage - 1
942,2025-09-30T16:00:06.292170,9,582.5,537.0,2.3291740410050803,False,False,False,False,1,1,0,10,1,2,364,744,"[false, false, false]",70,2,0,Starfield Stage - 1
943,2025-09-30T16:00:06.301942,9,580.0,537.0,2.3325022417219206,False,False,False,False,1,1,0,10,1,2,364,743,"[false, false, false]",70,2,0,Starfield Stage - 1
944,2025-09-30T16:00:06.310142,8,577.5,537.0,2.335789159505807,False,False,False,False,1,1,0,10,1,2,365,741,"[false, false, false]",70,2,0,Starfield Stage - 1
945,2025-09-30T16:00:06.318990,9,575.0,537.0,2.336779454290027,False,False,False,False,1,1,0,10,1,2,365,739,"[false, false, false]",70,2,0,Starfield Stage - 1
946,2025-09-30T16:00:06.327423,8,572.5,537.0,2.3353896589028404,False,False,False,False,1,1,0,10,1,2,364,737,"[false, false, false]",70,2,0,Starfield Stage - 1
947,2025-09-30T16:00:06.334787,8,570.0,537.0,2.338912260373336,False,False,False,False,1,1,0,10,1,2,364,736,"[false, false, false]",70,2,0,Starfield Stage - 1
948,2025-09-30T16:00:06.343737,9,567.5,537.0,2.340046825501206,False,False,False,False,1,1,0,10,1,2,363,735,"[false, false, false]",70,2,0,Starfield Stage - 1
949,2025-09-30T16:00:06.352193,8,565.0,537.0,2.3461948235056798,False,False,False,False,1,1,0,10,1,2,363,735,"[false, false, false]",70,2,0,Starfield Stage - 1
950,2025-09-30T16:00:06.360886,9,562.5,537.0,2.3524209231984097,False,False,False,False,1,1,0,10,1,2,363,735,"[false, false, false]",70,2,0,Starfield Stage - 1
951,2025-09-30T16:00:06.369293,8,560.0,537.0,2.3587261303533538,False,False,False,False,1,1,0,10,1,2,363,735,"[false, false, false]",70,2,0,Starfield Stage - 1
952,2025-09-30T16:00:06.377583,9,557.5,537.0,2.365111451301339,False,False,False,False,1,1,0,10,1,2,363,735,"[false, false, false]",70,2,0,Starfield Stage - 1
953,2025-09-30T16:00:06.446753,8,555.0,534.5,2.5471627148751153,False,False,False,False,1,1,0,10,1,2,410,749,"[false, false, false]",70,2,0,Starfield Stage - 1
954,2025-09-30T16:00:06.448617,63,552.5,532.0,2.560534382857241,False,False,False,False,1,1,0,10,1,2,410,749,"[false, false, false]",70,2,0,Starfield Stage - 1
955,2025-09-30T16:00:06.457607,8,550.0,529.5,2.6229306835804373,False,False,False,False,1,1,0,10,1,2,423,752,"[false, false, false]",70,2,0,Starfield Stage - 1
956,2025-09-30T16:00:06.467169,8,547.5,527.0,2.681475480053553,False,False,False,False,1,1,0,10,1,2,435,754,"[false, false, false]",70,2,0,Starfield Stage - 1
957,2025-09-30T16:00:06.473738,9,545.0,524.5,2.7448095046524363,False,False,False,False,1,1,0,10,1,2,448,756,"[false, false, false]",70,2,0,Starfield Stage - 1
958,2025-09-30T16:00:06.482074,8,542.5,522.0,2.7977636683946625,False,False,False,False,1,1,0,10,1,2,458,758,"[false, false, false]",70,2,0,Starfield Stage - 1
959,2025-09-30T16:00:06.490412,8,540.0,519.5,2.843093722003614,False,False,False,False,1,1,0,10,1,2,466,760,"[false, false, false]",70,2,0,Starfield Stage - 1
960,2025-09-30T16:00:06.497586,8,537.5,517.0,2.883159732660374,False,False,False,False,1,1,0,10,1,2,473,761,"[false, false, false]",70,2,0,Starfield Stage - 1
961,2025-09-30T16:00:06.506181,8,535.0,514.5,2.911402988515215,False,False,False,False,1,1,0,10,1,2,477,762,"[false, false, false]",70,2,0,Starfield Stage - 1
962,2025-09-30T16:00:06.515419,9,532.5,512.0,2.9354019094416732,False,False,False,False,1,1,0,10,1,2,480,763,"[false, false, false]",70,2,0,Starfield Stage - 1
963,2025-09-30T16:00:06.523112,8,530.0,509.5,2.95065351750825,False,False,False,False,2,1,0,10,1,2,481,763,"[true, false, false]",70,2,0,Starfield Stage - 1
964,2025-09-30T16:00:06.532179,9,527.5,507.0,2.961911034166884,False,False,False,False,2,1,0,10,1,2,481,763,"[true, false, false]",70,2,0,Starfield Stage - 1
965,2025-09-30T16:00:06.575050,9,525.0,504.5,2.9729957139803638,False,False,False,False,1,0,0,10,1,2,481,763,"[true, false, false]",70,2,0,Starfield Stage - 1
966,2025-09-30T16:00:06.576949,36,522.5,502.0,2.984500820743015,False,False,False,False,1,0,0,10,1,2,481,764,"[true, false, false]",70,2,0,Starfield Stage - 1
967,2025-09-30T16:00:06.647608,9,520.0,499.5,2.9951994642469653,False,False,False,False,1,0,0,10,1,2,481,764,"[false, false, false]",70,2,0,Starfield Stage - 1
968,2025-09-30T16:00:06.649890,64,517.5,497.0,3.0057306870889557,False,False,False,False,1,0,0,10,1,2,481,764,"[false, false, false]",70,2,0,Starfield Stage - 1
969,2025-09-30T16:00:06.658197,8,515.0,494.5,3.0160961070274843,False,False,False,False,1,0,0,10,1,2,481,764,"[false, false, false]",70,2,0,Starfield Stage - 1
970,2025-09-30T16:00:06.666527,9,512.5,492.0,3.0262974338109654,False,False,False,False,1,0,0,10,1,2,481,764,"[false, false, false]",70,2,0,Starfield Stage - 1
971,2025-09-30T16:00:06.675613,8,510.0,489.5,3.0363364601133545,False,False,False,False,1,0,0,10,1,2,481,764,"[false, false, false]",70,2,0,Starfield Stage - 1
972,2025-09-30T16:00:06.684111,9,507.5,487.0,3.0462150528945933,False,False,False,False,1,0,0,10,1,2,481,764,"[false, false, false]",70,2,0,Starfield Stage - 1
973,2025-09-30T16:00:06.692581,8,505.0,484.5,3.0559351451885264,False,False,False,False,1,1,0,10,1,2,481,764,"[false, false, false]",70,2,0,Starfield Stage - 1
974,2025-09-30T16:00:06.700231,8,502.5,482.0,3.065498728317837,False,False,False,False,1,1,0,10,1,2,481,764,"[false, false, false]",70,2,0,Starfield Stage - 1
975,2025-09-30T16:00:06.709067,9,500.0,479.5,3.0749078445328,False,False,False,False,1,1,0,10,1,2,481,764,"[false, false, false]",70,2,0,Starfield Stage - 1
976,2025-09-30T16:00:06.717417,8,497.5,477.0,3.0841645800682986,False,False,False,False,2,1,0,10,1,2,481,764,"[true, false, false]",70,2,0,Starfield Stage - 1
977,2025-09-30T16:00:06.724660,8,495.0,474.5,3.093271058611498,False,False,False,False,2,1,0,10,1,2,481,764,"[true, false, false]",70,2,0,Starfield Stage - 1
978,2025-09-30T16:00:06.733036,8,492.5,472.0,3.1022294351708455,False,False,False,False,2,1,0,10,1,2,481,764,"[true, false, false]",70,2,0,Starfield Stage - 1
979,2025-09-30T16:00:06.741423,8,490.0,469.5,3.111041890335633,False,False,False,False,2,1,0,10,1,2,481,764,"[true, false, false]",70,2,0,Starfield Stage - 1
980,2025-09-30T16:00:06.748639,8,487.5,467.0,3.119710624914169,False,False,False,False,2,1,0,10,1,2,481,764,"[true, false, false]",70,2,0,Starfield Stage - 1
981,2025-09-30T16:00:06.757095,8,485.0,464.5,3.128237854937674,False,False,False,False,2,1,0,10,1,2,481,764,"[true, false, false]",70,2,0,Starfield Stage - 1
982,2025-09-30T16:00:06.765785,9,482.5,462.0,3.1366258070162925,False,False,False,False,2,1,0,10,1,2,481,764,"[true, false, false]",70,2,0,Starfield Stage - 1
983,2025-09-30T16:00:06.775099,9,480.0,459.5,-3.13830859314651,False,False,False,False,2,1,0,10,1,2,481,764,"[false, false, false]",70,2,0,Starfield Stage - 1
984,2025-09-30T16:00:06.783158,8,477.5,457.0,-3.130192496018149,False,False,False,False,2,1,0,10,1,2,481,764,"[false, false, false]",70,2,0,Starfield Stage - 1
985,2025-09-30T16:00:06.851688,9,475.0,454.5,3.118832356942599,False,False,False,False,2,1,0,10,1,2,468,762,"[false, false, false]",70,2,0,Starfield Stage - 1
986,2025-09-30T16:00:06.853619,62,472.5,452.0,3.127077544031881,False,False,False,False,2,1,0,10,1,2,468,762,"[false, false, false]",70,2,0,Starfield Stage - 1
987,2025-09-30T16:00:06.862563,8,470.0,449.5,3.1254909856788475,False,False,False,False,2,1,0,10,1,2,465,760,"[false, false, false]",70,2,0,Starfield Stage - 1
988,2025-09-30T16:00:06.870256,8,467.5,447.0,3.1271242098861824,False,False,False,False,2,1,0,10,1,2,463,758,"[false, false, false]",70,2,0,Starfield Stage - 1
989,2025-09-30T16:00:06.879693,9,465.0,444.5,3.131899903832075,False,False,False,False,2,1,0,10,1,2,462,754,"[false, false, false]",70,2,0,Starfield Stage - 1
990,2025-09-30T16:00:06.887503,8,462.5,444.5,3.139961333666577,False,False,False,False,2,1,0,10,1,2,462,751,"[false, false, false]",70,2,0,Starfield Stage - 1
991,2025-09-30T16:00:06.894674,8,460.0,444.5,-3.1316427331969883,False,False,False,False,2,1,0,10,1,2,463,746,"[false, false, false]",70,2,0,Starfield Stage - 1
992,2025-09-30T16:00:06.902855,8,457.5,444.5,-3.116472310693441,False,False,False,False,2,1,0,10,1,2,465,743,"[false, false, false]",70,2,0,Starfield Stage - 1
993,2025-09-30T16:00:06.911726,9,455.0,444.5,-3.10086815332931,False,False,False,False,2,1,0,10,1,2,467,739,"[false, false, false]",70,2,0,Starfield Stage - 1
994,2025-09-30T16:00:06.920553,8,452.5,444.5,-3.084854991605336,False,False,False,False,2,1,0,10,1,2,469,735,"[false, false, false]",70,2,0,Starfield Stage - 1
995,2025-09-30T16:00:06.927697,8,450.0,444.5,-3.065219751526134,False,False,False,False,1,1,0,10,1,2,472,732,"[false, false, false]",70,2,0,Starfield Stage - 1
996,2025-09-30T16:00:06.935927,8,447.5,444.5,-3.041400166678237,False,False,False,False,1,1,0,10,1,2,476,728,"[false, false, false]",70,2,0,Starfield Stage - 1
997,2025-09-30T16:00:06.944090,8,445.0,444.5,-3.0064641093100595,False,False,False,False,1,1,0,10,1,2,483,724,"[false, false, false]",70,2,0,Starfield Stage - 1
998,2025-09-30T16:00:06.952546,9,442.5,444.5,-2.9667126407857087,False,False,False,False,1,1,0,10,1,2,491,719,"[false, false, false]",70,2,0,Starfield Stage - 1
999,2025-09-30T16:00:06.960925,8,440.0,444.5,-2.918196541824389,False,False,False,False,1,1,0,10,1,2,501,713,"[false, false, false]",70,2,0,Starfield Stage - 1
1000,2025-09-30T16:00:06.969368,8,437.5,444.5,-2.8605173267192345,False,False,False,False,1,1,0,10,1,2,513,706,"[false, false, false]",70,2,0,Starfield Stage - 1
1001,2025-09-30T16:00:06.978169,9,435.0,444.5,-2.793455263100249,False,False,False,False,1,1,0,10,1,2,527,698,"[false, false, false]",70,2,0,Starfield Stage - 1
1002,2025-09-30T16:00:06.987228,9,432.5,444.5,-2.6466259069213955,False,False,False,False,1,1,0,10,1,2,558,677,"[false, false, false]",70,2,0,Starfield Stage - 1
1003,2025-09-30T16:00:07.055043,9,432.5,444.5,-1.8312203700511733,False,False,False,False,1,1,0,10,1,2,607,491,"[false, false, false]",70,2,0,Starfield Stage - 1
1004,2025-09-30T16:00:07.057517,61,432.5,444.5,-1.8312203700511733,False,False,False,False,1,1,0,10,1,2,607,491,"[false, false, false]",70,2,0,Starfield Stage - 1
1005,2025-09-30T16:00:07.065056,8,432.5,444.5,-1.6684079736654214,False,False,False,False,1,1,0,10,1,2,601,461,"[false, false, false]",70,2,0,Starfield Stage - 1
1006,2025-09-30T16:00:07.074452,9,432.5,444.5,-1.4930716011302936,False,False,False,False,1,1,0,10,1,2,593,432,"[false, false, false]",70,2,0,Starfield Stage - 1
1007,2025-09-30T16:00:07.082741,8,435.0,444.5,-1.0983641707037965,False,False,False,False,1,1,0,10,1,2,571,375,"[false, false, false]",70,2,0,Starfield Stage - 1
1008,2025-09-30T16:00:07.090122,8,437.5,444.5,-1.0908054479473754,False,False,False,False,1,1,0,10,1,2,571,375,"[false, false, false]",70,2,0,Starfield Stage - 1
1009,2025-09-30T16:00:07.099251,9,440.0,444.5,-0.7297763079611643,False,False,False,False,1,1,0,10,1,2,546,326,"[false, false, false]",70,2,0,Starfield Stage - 1
1010,2025-09-30T16:00:07.108462,9,442.5,444.5,-0.5704311904315847,False,False,False,False,1,1,0,10,1,2,532,305,"[false, false, false]",70,2,0,Starfield Stage - 1
1011,2025-09-30T16:00:07.116110,8,445.0,444.5,-0.4268621798158319,False,False,False,False,1,1,0,10,1,2,518,284,"[false, false, false]",70,2,0,Starfield Stage - 1
1012,2025-09-30T16:00:07.125331,9,447.5,444.5,-0.31000612795913934,False,False,False,False,0,1,0,10,1,2,505,265,"[false, false, false]",70,2,0,Starfield Stage - 1
1013,2025-09-30T16:00:07.133927,9,450.0,444.5,-0.20749622643520266,False,False,False,False,0,1,0,10,1,2,492,245,"[false, false, false]",70,2,0,Starfield Stage - 1
1014,2025-09-30T16:00:07.142257,8,452.5,444.5,-0.12519982678732985,False,False,False,False,0,1,0,10,1,2,480,226,"[false, false, false]",70,2,0,Starfield Stage - 1
1015,2025-09-30T16:00:07.151097,9,455.0,444.5,-0.054913025218938316,False,False,False,False,0,1,0,10,1,2,468,208,"[false, false, false]",70,2,0,Starfield Stage - 1
1016,2025-09-30T16:00:07.160188,9,457.5,444.5,0.001980195431567675,False,False,False,False,0,1,0,10,1,2,457,192,"[false, false, false]",70,2,0,Starfield Stage - 1
1017,2025-09-30T16:00:07.169170,9,460.0,444.5,0.048379351892215136,False,False,False,False,0,1,0,10,1,2,447,176,"[false, false, false]",70,2,0,Starfield Stage - 1
1018,2025-09-30T16:00:07.178192,9,462.5,444.5,0.09033957971650391,False,False,False,False,0,1,0,10,1,2,437,163,"[false, false, false]",70,2,0,Starfield Stage - 1
1019,2025-09-30T16:00:07.187204,9,465.0,444.5,0.14397221879163846,False,False,False,False,0,1,0,10,1,2,421,141,"[false, false, false]",70,2,0,Starfield Stage - 1
1020,2025-09-30T16:00:07.259888,9,467.5,447.0,0.21304932094832832,False,False,False,False,0,1,0,10,1,2,392,98,"[false, false, false]",70,2,0,Starfield Stage - 1
1021,2025-09-30T16:00:07.262296,66,470.0,449.5,0.22047047522658647,False,False,False,False,0,1,0,10,1,2,391,97,"[false, false, false]",70,2,0,Starfield Stage - 1
1022,2025-09-30T16:00:07.271245,9,472.5,452.0,0.22566704485365144,False,False,False,False,0,1,0,10,1,2,391,97,"[false, false, false]",70,2,0,Starfield Stage - 1
1023,2025-09-30T16:00:07.280272,9,475.0,454.5,0.23077882499816268,False,False,False,False,1,1,0,10,1,2,391,97,"[true, false, false]",70,2,0,Starfield Stage - 1
1024,2025-09-30T16:00:07.288942,9,477.5,457.0,0.23580761334430278,False,False,False,False,1,1,0,10,1,2,391,97,"[true, false, false]",70,2,0,Starfield Stage - 1
1025,2025-09-30T16:00:07.297518,9,480.0,459.5,0.24075516647246603,False,False,False,False,1,1,0,10,1,2,391,97,"[true, false, false]",70,2,0,Starfield Stage - 1
1026,2025-09-30T16:00:07.306142,8,482.5,462.0,0.24562320058192302,False,False,False,False,1,1,0,10,1,2,391,97,"[true, false, false]",70,2,0,Starfield Stage - 1
1027,2025-09-30T16:00:07.315144,9,485.0,464.5,0.2504133922277001,False,False,False,False,1,1,0,10,1,2,391,97,"[true, false, false]",70,2,0,Starfield Stage - 1
1028,2025-09-30T16:00:07.324666,10,487.5,467.0,0.2557890528009708,False,False,False,False,1,1,0,10,1,2,391,98,"[true, false, false]",70,2,0,Starfield Stage - 1
1029,2025-09-30T16:00:07.333612,9,490.0,469.5,0.2611062969705004,False,False,False,False,1,1,0,10,1,2,391,99,"[true, false, false]",70,2,0,Starfield Stage - 1
1030,2025-09-30T16:00:07.342413,8,492.5,472.0,0.2677379321584297,False,False,False,False,1,1,0,10,1,2,391,102,"[true, false, false]",70,2,0,Starfield Stage - 1
1031,2025-09-30T16:00:07.349884,8,495.0,474.5,0.2743633758820421,False,False,False,False,1,1,0,10,1,2,391,105,"[false, false, false]",70,2,0,Starfield Stage - 1
1032,2025-09-30T16:00:07.358931,9,497.5,477.0,0.28098205600506027,False,False,False,False,1,1,0,10,1,2,391,108,"[false, false, false]",70,2,0,Starfield Stage - 1
1033,2025-09-30T16:00:07.367957,9,500.0,479.5,0.29008693232102806,False,False,False,False,1,1,0,10,1,2,390,111,"[false, false, false]",70,2,0,Starfield Stage - 1
1034,2025-09-30T16:00:07.376313,8,502.5,482.0,0.29916712545389657,False,False,False,False,1,1,0,10,1,2,389,114,"[false, false, false]",70,2,0,Starfield Stage - 1
1035,2025-09-30T16:00:07.384760,9,505.0,484.5,0.3114839746683738,False,False,False,False,1,1,0,10,1,2,387,118,"[false, false, false]",70,2,0,Starfield Stage - 1
1036,2025-09-30T16:00:07.393783,9,507.5,487.0,0.3197055674722882,False,False,False,False,1,1,0,10,1,2,386,120,"[false, false, false]",70,2,0,Starfield Stage - 1
1037,2025-09-30T16:00:07.465947,8,510.0,489.5,0.36340996652837326,False,False,False,False,1,1,0,10,1,2,371,124,"[false, false, false]",70,2,0,Starfield Stage - 1
1038,2025-09-30T16:00:07.468306,66,512.5,492.0,0.37089128881266237,False,False,False,False,1,1,0,10,1,2,369,123,"[false, false, false]",70,2,0,Starfield Stage - 1
1039,2025-09-30T16:00:07.476885,9,515.0,494.5,0.3781899578133148,False,False,False,False,2,1,0,10,1,2,367,122,"[true, false, false]",70,2,0,Starfield Stage - 1
1040,2025-09-30T16:00:07.486635,9,517.5,497.0,0.3839498896722959,False,False,False,False,2,1,0,10,1,2,366,122,"[true, false, false]",70,2,0,Starfield Stage - 1
1041,2025-09-30T16:00:07.494709,9,520.0,499.5,0.3873384274948343,False,False,False,False,2,1,0,10,1,2,366,122,"[true, false, false]",70,2,0,Starfield Stage - 1
1042,2025-09-30T16:00:07.503256,8,522.5,502.0,0.3906732206547737,False,False,False,False,2,1,0,10,1,2,366,122,"[true, false, false]",70,2,0,Starfield Stage - 1
1043,2025-09-30T16:00:07.512638,9,525.0,504.5,0.3939554652981789,False,False,False,False,2,1,0,10,1,2,366,122,"[true, false, false]",70,2,0,Starfield Stage - 1
1044,2025-09-30T16:00:07.520974,8,525.0,507.0,0.39165170249761294,False,False,False,False,2,1,0,10,1,2,366,122,"[true, false, false]",70,2,0,Starfield Stage - 1
1045,2025-09-30T16:00:07.528816,9,525.0,509.5,0.38937335819929103,False,False,False,False,2,1,0,10,1,2,366,122,"[true, false, false]",70,2,0,Starfield Stage - 1
1046,2025-09-30T16:00:07.537973,9,525.0,512.0,0.38712003729616434,False,False,False,False,2,1,0,10,1,2,366,122,"[false, false, false]",70,2,0,Starfield Stage - 1
1047,2025-09-30T16:00:07.547247,9,525.0,514.5,0.3848913522961228,False,False,False,False,2,1,0,10,1,2,366,122,"[false, false, false]",70,2,0,Starfield Stage - 1
1048,2025-09-30T16:00:07.556378,9,525.0,517.0,0.3826869231548256,False,False,False,False,2,1,0,10,1,2,366,122,"[false, false, false]",70,2,0,Starfield Stage - 1
1049,2025-09-30T16:00:07.564706,9,525.0,519.5,0.38267322095836437,False,False,False,False,2,1,0,10,1,2,365,122,"[false, false, false]",70,2,0,Starfield Stage - 1
1050,2025-09-30T16:00:07.573858,9,525.0,522.0,0.37964616227077913,False,False,False,False,2,1,0,10,1,2,365,121,"[false, false, false]",70,2,0,Starfield Stage - 1
1051,2025-09-30T16:00:07.582506,8,522.5,524.5,0.3764404889675491,False,False,False,False,2,1,0,10,1,2,363,121,"[false, false, false]",70,2,0,Starfield Stage - 1
1052,2025-09-30T16:00:07.590348,8,520.0,524.5,0.37238168952145045,False,False,False,False,2,1,0,10,1,2,362,120,"[false, false, false]",70,2,0,Starfield Stage - 1
1053,2025-09-30T16:00:07.599813,9,517.5,524.5,0.3670081611888536,False,False,False,False,2,1,0,10,1,2,362,120,"[false, false, false]",70,2,0,Starfield Stage - 1
1054,2025-09-30T16:00:07.677967,8,515.0,524.5,0.36479308139974076,False,False,False,False,3,1,0,10,1,2,359,116,"[true, false, false]",70,2,0,Starfield Stage - 1
1055,2025-09-30T16:00:07.680941,73,512.5,524.5,0.35944118109941653,False,False,False,False,3,1,0,10,1,2,359,116,"[true, false, false]",70,2,0,Starfield Stage - 1
1056,2025-09-30T16:00:07.690174,9,510.0,524.5,0.3540676681268457,False,False,False,False,3,1,0,10,1,2,359,116,"[true, false, false]",70,2,0,Starfield Stage - 1
1057,2025-09-30T16:00:07.699059,9,507.5,524.5,0.3486727234859433,False,False,False,False,3,1,0,10,1,2,359,116,"[true, false, false]",70,2,0,Starfield Stage - 1
1058,2025-09-30T16:00:07.706470,8,505.0,524.5,0.3432565346171602,False,False,False,False,3,1,0,10,1,2,359,116,"[true, false, false]",70,2,0,Starfield Stage - 1
1059,2025-09-30T16:00:07.715023,9,502.5,524.5,0.33781929542526995,False,False,False,False,3,1,0,10,1,2,359,116,"[true, false, false]",70,2,0,Starfield Stage - 1
1060,2025-09-30T16:00:07.757305,9,500.0,524.5,0.3323612063033882,False,False,False,False,2,0,0,10,1,2,359,116,"[false, false, false]",70,2,0,Starfield Stage - 1
1061,2025-09-30T16:00:07.759580,35,497.5,522.0,0.3287537572649055,False,False,False,False,2,0,0,10,1,2,359,116,"[false, false, false]",70,2,0,Starfield Stage - 1
1062,2025-09-30T16:00:07.767478,9,495.0,519.5,0.325092539726526,False,False,False,False,2,0,0,10,1,2,359,116,"[false, false, false]",70,2,0,Starfield Stage - 1
1063,2025-09-30T16:00:07.775729,8,492.5,517.0,0.3213764429288731,False,False,False,False,2,0,0,10,1,2,359,116,"[false, false, false]",70,2,0,Starfield Stage - 1
1064,2025-09-30T16:00:07.784292,8,490.0,514.5,0.31760432862748605,False,False,False,False,2,0,0,10,1,2,359,116,"[false, false, false]",70,2,0,Starfield Stage - 1
1065,2025-09-30T16:00:07.792773,9,487.5,512.0,0.31451809580815765,False,False,False,False,2,1,0,10,1,2,359,117,"[false, false, false]",70,2,0,Starfield Stage - 1
1066,2025-09-30T16:00:07.800714,8,485.0,509.5,0.31137030439790186,False,False,False,False,2,1,0,10,1,2,359,118,"[false, false, false]",70,2,0,Starfield Stage - 1
1067,2025-09-30T16:00:07.871499,8,482.5,507.0,0.300171170830112,False,False,False,False,2,1,0,10,1,2,372,150,"[false, false, false]",70,2,0,Starfield Stage - 1
1068,2025-09-30T16:00:07.873880,65,480.0,504.5,0.29572143649658905,False,False,False,False,2,1,0,10,1,2,372,150,"[false, false, false]",70,2,0,Starfield Stage - 1
1069,2025-09-30T16:00:07.882215,8,477.5,502.0,0.28078626443856464,False,False,False,False,2,1,0,10,1,2,378,157,"[false, false, false]",70,2,0,Starfield Stage - 1
1070,2025-09-30T16:00:07.890295,8,475.0,499.5,0.25930332965912456,False,False,False,False,2,1,0,10,1,2,386,164,"[false, false, false]",70,2,0,Starfield Stage - 1
1071,2025-09-30T16:00:07.899165,9,472.5,497.0,0.2050150405551766,False,False,False,False,2,1,0,10,1,2,407,182,"[false, false, false]",70,2,0,Starfield Stage - 1
1072,2025-09-30T16:00:07.908615,9,472.5,494.5,0.17184201788553163,False,False,False,False,2,1,0,10,1,2,420,192,"[false, false, false]",70,2,0,Starfield Stage - 1
1073,2025-09-30T16:00:07.916444,8,475.0,492.0,0.1345979141604667,False,False,False,False,2,1,0,10,1,2,436,204,"[false, false, false]",70,2,0,Starfield Stage - 1
1074,2025-09-30T16:00:07.924711,9,477.5,489.5,0.08602569329817138,False,False,False,False,2,1,0,10,1,2,454,217,"[false, false, false]",70,2,0,Starfield Stage - 1
1075,2025-09-30T16:00:07.933625,9,480.0,487.0,0.027230621525490065,False,False,False,False,2,1,0,10,1,2,473,230,"[false, false, false]",70,2,0,Starfield Stage - 1
1076,2025-09-30T16:00:07.942618,8,482.5,484.5,-0.04381327986561159,False,False,False,False,2,1,0,10,1,2,493,245,"[false, false, false]",70,2,0,Starfield Stage - 1
1077,2025-09-30T16:00:07.949978,8,485.0,482.0,-0.1343214419529685,False,False,False,False,2,1,0,10,1,2,515,260,"[false, false, false]",70,2,0,Starfield Stage - 1
1078,2025-09-30T16:00:07.959121,9,487.5,479.5,-0.23860932250820097,False,False,False,False,2,1,0,10,1,2,537,276,"[false, false, false]",70,2,0,Starfield Stage - 1
1079,2025-09-30T16:00:07.967982,9,490.0,477.0,-0.36464949731214186,False,False,False,False,2,1,0,10,1,2,561,291,"[false, false, false]",70,2,0,Starfield Stage - 1
1080,2025-09-30T16:00:07.976005,8,492.5,474.5,-0.49536434910462906,False,False,False,False,2,1,0,10,1,2,583,307,"[false, false, false]",70,2,0,Starfield Stage - 1
1081,2025-09-30T16:00:07.984661,9,495.0,472.0,-0.6402718412240447,False,False,False,False,2,1,0,10,1,2,606,323,"[false, false, false]",70,2,0,Starfield Stage - 1
1082,2025-09-30T16:00:07.993024,8,497.5,469.5,-0.7815520285163818,False,False,False,False,2,1,0,10,1,2,627,339,"[false, false, false]",70,2,0,Starfield Stage - 1
1083,2025-09-30T16:00:08.001191,8,500.0,467.0,-0.9272952180016122,False,False,False,False,2,1,0,10,1,2,648,356,"[false, false, false]",70,2,0,Starfield Stage - 1
1084,2025-09-30T16:00:08.069869,9,502.5,464.5,-1.874578413551385,False,False,False,False,2,1,0,10,1,2,788,554,"[false, false, false]",70,2,0,Starfield Stage - 1
1085,2025-09-30T16:00:08.071798,62,505.0,462.0,-1.8851081236099694,False,False,False,False,2,1,0,10,1,2,788,554,"[false, false, false]",70,2,0,Starfield Stage - 1
1086,2025-09-30T16:00:08.081009,9,507.5,459.5,-1.950409049096007,False,False,False,False,2,1,0,10,1,2,797,575,"[false, false, false]",70,2,0,Starfield Stage - 1
1087,2025-09-30T16:00:08.090302,9,510.0,457.0,-2.0410663555383706,False,False,False,False,2,1,0,10,1,2,811,610,"[false, false, false]",70,2,0,Starfield Stage - 1
1088,2025-09-30T16:00:08.099700,10,512.5,454.5,-2.0737025695537485,False,False,False,False,2,1,0,10,1,2,817,622,"[false, false, false]",70,2,0,Starfield Stage - 1
1089,2025-09-30T16:00:08.108148,8,515.0,452.0,-2.098668223066846,False,False,False,False,2,1,0,10,1,2,822,631,"[false, false, false]",70,2,0,Starfield Stage - 1
1090,2025-09-30T16:00:08.116955,9,517.5,449.5,-2.120725763855961,False,False,False,False,2,1,0,10,1,2,825,638,"[false, false, false]",70,2,0,Starfield Stage - 1
1091,2025-09-30T16:00:08.126075,9,520.0,447.0,-2.1352112206573506,False,False,False,False,2,1,0,10,1,2,828,642,"[false, false, false]",70,2,0,Starfield Stage - 1
1092,2025-09-30T16:00:08.135388,9,522.5,444.5,-2.15009032808614,False,False,False,False,2,1,0,10,1,2,829,645,"[false, false, false]",70,2,0,Starfield Stage - 1
1093,2025-09-30T16:00:08.143528,8,525.0,442.0,-2.160310644988329,False,False,False,False,2,1,0,10,1,2,830,646,"[false, false, false]",70,2,0,Starfield Stage - 1
1094,2025-09-30T16:00:08.150752,8,527.5,439.5,-2.168243303857382,False,False,False,False,2,1,0,10,1,2,831,646,"[false, false, false]",70,2,0,Starfield Stage - 1
1095,2025-09-30T16:00:08.159295,8,530.0,437.0,-2.176168784443243,False,False,False,False,2,1,0,10,1,2,832,646,"[false, false, false]",70,2,0,Starfield Stage - 1
1096,2025-09-30T16:00:08.168509,9,532.5,434.5,-2.1840861023095095,False,False,False,False,2,1,0,10,1,2,833,646,"[false, false, false]",70,2,0,Starfield Stage - 1
1097,2025-09-30T16:00:08.175633,8,535.0,432.0,-2.194202367950438,False,False,False,False,2,1,0,10,1,2,834,647,"[false, false, false]",70,2,0,Starfield Stage - 1
1098,2025-09-30T16:00:08.184810,9,537.5,429.5,-2.2020863736269183,False,False,False,False,2,1,0,10,1,2,835,647,"[false, false, false]",70,2,0,Starfield Stage - 1
1099,2025-09-30T16:00:08.193530,8,540.0,427.0,-2.212131764907893,False,False,False,False,2,1,0,10,1,2,836,648,"[false, false, false]",70,2,0,Starfield Stage - 1
1100,2025-09-30T16:00:08.200738,8,542.5,424.5,-2.2216163615567854,False,False,False,False,1,1,0,10,1,2,836,648,"[false, false, false]",70,2,0,Starfield Stage - 1
1101,2025-09-30T16:00:08.271930,8,545.0,422.0,-2.218032743722692,False,False,False,False,1,1,0,10,1,2,844,648,"[false, false, false]",70,2,0,Starfield Stage - 1
1102,2025-09-30T16:00:08.274520,65,547.5,419.5,-2.2273877912201128,False,False,False,False,1,1,0,10,1,2,844,648,"[false, false, false]",70,2,0,Starfield Stage - 1
1103,2025-09-30T16:00:08.282578,8,550.0,417.0,-2.2351166374717906,False,False,False,False,1,1,0,10,1,2,845,648,"[false, false, false]",70,2,0,Starfield Stage - 1
1104,2025-09-30T16:00:08.290359,8,552.5,414.5,-2.244494081414388,False,False,False,False,1,1,0,10,1,2,845,648,"[false, false, false]",70,2,0,Starfield Stage - 1
1105,2025-09-30T16:00:08.299343,9,555.0,412.0,-2.2522066157344307,False,False,False,False,1,1,0,10,1,2,846,648,"[false, false, false]",70,2,0,Starfield Stage - 1
1106,2025-09-30T16:00:08.308082,9,557.5,409.5,-2.2616009820970073,False,False,False,False,1,1,0,10,1,2,846,648,"[false, false, false]",70,2,0,Starfield Stage - 1
1107,2025-09-30T16:00:08.317068,9,560.0,407.0,-2.2710121243823553,False,False,False,False,1,1,0,10,1,2,846,648,"[false, false, false]",70,2,0,Starfield Stage - 1
1108,2025-09-30T16:00:08.325276,9,562.5,404.5,-2.2766661863474167,False,False,False,False,1,1,0,10,1,2,847,647,"[false, false, false]",70,2,0,Starfield Stage - 1
1109,2025-09-30T16:00:08.334934,9,565.0,402.0,-2.286100780711221,False,False,False,False,1,1,0,10,1,2,847,647,"[false, false, false]",70,2,0,Starfield Stage - 1
1110,2025-09-30T16:00:08.343823,9,567.5,399.5,-2.295547890061269,False,False,False,False,1,1,0,10,1,2,847,647,"[false, false, false]",70,2,0,Starfield Stage - 1
1111,2025-09-30T16:00:08.351989,8,570.0,397.0,-2.305005849988383,False,False,False,False,1,1,0,10,1,2,847,647,"[false, false, false]",70,2,0,Starfield Stage - 1
1112,2025-09-30T16:00:08.360445,9,572.5,394.5,-2.314472984495657,False,False,False,False,1,1,0,10,1,2,847,647,"[false, false, false]",70,2,0,Starfield Stage - 1
1113,2025-09-30T16:00:08.369018,8,572.5,392.0,-2.3193839300571746,False,False,False,False,1,1,0,10,1,2,847,647,"[false, false, false]",70,2,0,Starfield Stage - 1
1114,2025-09-30T16:00:08.378092,9,572.5,389.5,-2.3188287123895615,False,False,False,False,1,1,0,10,1,2,850,647,"[false, false, false]",70,2,0,Starfield Stage - 1
1115,2025-09-30T16:00:08.387084,9,572.5,387.0,-2.3182848165949324,False,False,False,False,1,1,0,10,1,2,853,647,"[false, false, false]",70,2,0,Starfield Stage - 1
1116,2025-09-30T16:00:08.396451,9,570.0,384.5,-2.3133765561847546,False,False,False,False,1,1,0,10,1,2,856,647,"[false, false, false]",70,2,0,Starfield Stage - 1
1117,2025-09-30T16:00:08.405002,9,567.5,382.0,-2.3069070851994944,False,False,False,False,1,1,0,10,1,2,860,647,"[false, false, false]",70,2,0,Starfield Stage - 1
1118,2025-09-30T16:00:08.477625,9,565.0,379.5,-2.2076765817538107,False,False,False,False,1,1,0,10,1,2,905,631,"[false, false, false]",70,2,0,Starfield Stage - 1
1119,2025-09-30T16:00:08.480100,66,562.5,377.0,-2.2089034916527384,False,False,False,False,0,1,0,10,1,2,905,631,"[false, false, false]",70,2,0,Starfield Stage - 1
1120,2025-09-30T16:00:08.488967,9,560.0,374.5,-2.1944064668822074,False,False,False,False,0,1,0,10,1,2,911,627,"[false, false, false]",70,2,0,Starfield Stage - 1
1121,2025-09-30T16:00:08.497930,9,557.5,372.0,-2.1518786255922238,False,False,False,False,0,1,0,10,1,2,926,614,"[false, false, false]",70,2,0,Starfield Stage - 1
1122,2025-09-30T16:00:08.506426,9,555.0,369.5,-2.1256019436816,False,False,False,False,0,1,0,10,1,2,935,605,"[false, false, false]",70,2,0,Starfield Stage - 1
1123,2025-09-30T16:00:08.515110,8,555.0,367.0,-2.1066669577587946,False,False,False,False,0,1,0,10,1,2,944,598,"[false, false, false]",70,2,0,Starfield Stage - 1
1124,2025-09-30T16:00:08.524240,9,557.5,364.5,-2.0889888927675595,False,False,False,False,0,1,0,10,1,2,953,590,"[false, false, false]",70,2,0,Starfield Stage - 1
1125,2025-09-30T16:00:08.532934,9,560.0,362.0,-2.0745006991212076,False,False,False,False,0,1,0,10,1,2,961,583,"[false, false, false]",70,2,0,Starfield Stage - 1
1126,2025-09-30T16:00:08.541213,8,562.5,359.5,-2.0591601812632727,False,False,False,False,0,1,0,10,1,2,970,576,"[false, false, false]",70,2,0,Starfield Stage - 1
1127,2025-09-30T16:00:08.549457,8,565.0,357.0,-2.042143494901395,False,False,False,False,0,1,0,10,1,2,979,568,"[false, false, false]",70,2,0,Starfield Stage - 1
1128,2025-09-30T16:00:08.556746,8,567.5,354.5,-2.023444857612381,False,False,False,False,0,1,0,10,1,2,988,559,"[false, false, false]",70,2,0,Starfield Stage - 1
1129,2025-09-30T16:00:08.565078,8,570.0,354.5,-1.9982175405417588,False,False,False,False,0,1,0,10,1,2,997,549,"[false, false, false]",70,2,0,Starfield Stage - 1
1130,2025-09-30T16:00:08.574032,9,572.5,354.5,-1.9731797571367127,False,False,False,False,0,1,0,10,1,2,1006,539,"[false, false, false]",70,2,0,Starfield Stage - 1
1131,2025-09-30T16:00:08.582032,8,575.0,354.5,-1.9471721215768345,False,False,False,False,0,1,0,10,1,2,1014,528,"[false, false, false]",70,2,0,Starfield Stage - 1
1132,2025-09-30T16:00:08.590793,9,577.5,354.5,-1.9220092175393952,False,False,False,False,0,1,0,10,1,2,1021,517,"[false, false, false]",70,2,0,Starfield Stage - 1
1133,2025-09-30T16:00:08.599081,8,580.0,354.5,-1.8968932262734945,False,False,False,False,0,1,0,10,1,2,1028,506,"[false, false, false]",70,2,0,Starfield Stage - 1
1134,2025-09-30T16:00:08.608343,9,582.5,354.5,-1.8724826844209486,False,False,False,False,0,1,0,10,1,2,1034,495,"[false, false, false]",70,2,0,Starfield Stage - 1
1135,2025-09-30T16:00:08.683371,9,585.0,354.5,-1.6483432114512375,False,False,False,False,0,1,0,10,1,2,1029,389,"[false, false, false]",70,2,0,Starfield Stage - 1
1136,2025-09-30T16:00:08.685773,68,587.5,354.5,-1.6295521495106193,False,False,False,False,0,1,0,10,1,2,1021,380,"[false, false, false]",70,2,0,Starfield Stage - 1
1137,2025-09-30T16:00:08.693059,8,590.0,354.5,-1.614503698200296,False,False,False,False,0,1,0,10,1,2,1013,373,"[false, false, false]",70,2,0,Starfield Stage - 1
1138,2025-09-30T16:00:08.701424,8,592.5,354.5,-1.6010900867136717,False,False,False,False,0,1,0,10,1,2,1005,367,"[false, false, false]",70,2,0,Starfield Stage - 1
1139,2025-09-30T16:00:08.708702,8,595.0,354.5,-1.5918850113777483,False,False,False,False,0,1,0,10,1,2,998,363,"[false, false, false]",70,2,0,Starfield Stage - 1
1140,2025-09-30T16:00:08.716998,8,597.5,354.5,-1.5873132490406108,False,False,False,False,0,1,0,10,1,2,991,361,"[false, false, false]",70,2,0,Starfield Stage - 1
1141,2025-09-30T16:00:08.725977,9,600.0,354.5,-1.5799106577408946,False,False,False,False,0,1,0,10,1,2,984,358,"[false, false, false]",70,2,0,Starfield Stage - 1
1142,2025-09-30T16:00:08.735247,9,602.5,354.5,-1.5774540180399395,False,False,False,False,0,1,0,10,1,2,978,357,"[false, false, false]",70,2,0,Starfield Stage - 1
1143,2025-09-30T16:00:08.743315,9,605.0,354.5,-1.574872391177615,False,False,False,False,0,1,0,10,1,2,973,356,"[false, false, false]",70,2,0,Starfield Stage - 1
1144,2025-09-30T16:00:08.753053,9,607.5,354.5,-1.574957190438716,False,False,False,False,0,1,0,10,1,2,968,356,"[false, false, false]",70,2,0,Starfield Stage - 1
1145,2025-09-30T16:00:08.761042,8,610.0,354.5,-1.5807391809487783,False,False,False,False,0,1,0,10,1,2,962,358,"[false, false, false]",70,2,0,Starfield Stage - 1
1146,2025-09-30T16:00:08.769802,9,612.5,354.5,-1.6077071769349958,False,False,False,False,0,1,0,10,1,2,951,367,"[false, false, false]",70,2,0,Starfield Stage - 1
1147,2025-09-30T16:00:08.778326,8,615.0,354.5,-1.629818603008177,False,False,False,False,0,1,0,10,1,2,945,374,"[false, false, false]",70,2,0,Starfield Stage - 1
1148,2025-09-30T16:00:08.786972,9,617.5,354.5,-1.6532919809809,False,False,False,False,0,1,0,10,1,2,938,381,"[false, false, false]",70,2,0,Starfield Stage - 1
1149,2025-09-30T16:00:08.795757,8,620.0,354.5,-1.6784431090376026,False,False,False,False,0,1,0,10,1,2,930,388,"[false, false, false]",70,2,0,Starfield Stage - 1
1150,2025-09-30T16:00:08.803788,8,622.5,357.0,-1.6974184238054317,False,False,False,False,0,1,0,10,1,2,921,395,"[false, false, false]",70,2,0,Starfield Stage - 1
1151,2025-09-30T16:00:08.812259,9,625.0,359.5,-1.7114693918022228,False,False,False,False,0,1,0,10,1,2,911,400,"[false, false, false]",70,2,0,Starfield Stage - 1
1152,2025-09-30T16:00:08.889371,9,627.5,362.0,-1.8043719754154073,False,False,False,False,0,1,0,10,1,2,762,394,"[false, false, false]",70,2,0,Starfield Stage - 1
1153,2025-09-30T16:00:08.892395,70,627.5,364.5,-1.7732254011811677,False,False,False,False,0,2,0,10,1,2,742,388,"[false, false, false]",70,2,0,Starfield Stage - 1
1154,2025-09-30T16:00:08.899221,8,627.5,367.0,-1.7420745246421552,False,False,False,False,0,2,0,10,1,2,720,383,"[false, false, false]",70,2,0,Starfield Stage - 1
1155,2025-09-30T16:00:08.908259,9,627.5,369.5,-1.67530923205013,False,False,False,False,0,2,0,10,1,2,699,377,"[false, false, false]",70,2,0,Starfield Stage - 1
1156,2025-09-30T16:00:08.917280,9,627.5,372.0,-1.5707963267948966,False,False,False,False,0,2,0,10,1,2,677,372,"[false, false, false]",70,2,0,Starfield Stage - 1
1157,2025-09-30T16:00:08.926046,9,627.5,374.5,-1.271020256694917,False,False,False,False,0,2,0,10,1,2,655,366,"[false, false, false]",70,2,0,Starfield Stage - 1
1158,2025-09-30T16:00:08.934943,9,627.5,377.0,-0.36520144978817304,False,False,False,False,0,2,0,10,1,2,634,360,"[false, false, false]",70,2,0,Starfield Stage - 1
1159,2025-09-30T16:00:08.944371,9,627.5,379.5,0.5036262961240962,False,False,False,False,0,2,0,10,1,2,614,355,"[false, false, false]",70,2,0,Starfield Stage - 1
1160,2025-09-30T16:00:08.953586,9,627.5,382.0,0.9384768605941508,False,False,False,False,0,2,0,10,1,2,577,345,"[false, false, false]",70,2,0,Starfield Stage - 1
1161,2025-09-30T16:00:08.961446,8,627.5,384.5,0.9070171866587949,False,False,False,False,0,2,0,10,1,2,577,345,"[false, false, false]",70,2,0,Starfield Stage - 1
1162,2025-09-30T16:00:08.969522,8,627.5,387.0,1.0224891724016454,False,False,False,False,0,2,0,10,1,2,544,336,"[false, false, false]",70,2,0,Starfield Stage - 1
1163,2025-09-30T16:00:08.977235,8,627.5,389.5,1.0009735383203073,False,False,False,False,0,2,0,10,1,2,544,336,"[false, false, false]",70,2,0,Starfield Stage - 1
1164,2025-09-30T16:00:08.986190,9,627.5,392.0,1.0594816726051075,False,False,False,False,0,2,0,10,1,2,517,330,"[false, false, false]",70,2,0,Starfield Stage - 1
1165,2025-09-30T16:00:08.994672,9,627.5,394.5,1.0636978224025597,False,False,False,False,0,2,0,10,1,2,506,327,"[false, false, false]",70,2,0,Starfield Stage - 1
1166,2025-09-30T16:00:09.002882,8,627.5,397.0,1.0672291078846503,False,False,False,False,0,2,0,10,1,2,495,324,"[false, false, false]",70,2,0,Starfield Stage - 1
1167,2025-09-30T16:00:09.011619,9,627.5,399.5,1.067279896633883,False,False,False,False,0,2,0,10,1,2,485,321,"[false, false, false]",70,2,0,Starfield Stage - 1
1168,2025-09-30T16:00:09.085232,8,625.0,399.5,1.1071487177940904,False,False,False,False,0,2,0,10,1,2,422,298,"[false, false, false]",70,2,0,Starfield Stage - 1
1169,2025-09-30T16:00:09.087412,67,622.5,399.5,1.1021736344632365,False,False,False,False,0,2,0,10,1,2,422,298,"[false, false, false]",70,2,0,Starfield Stage - 1
1170,2025-09-30T16:00:09.095509,8,620.0,399.5,1.099298044933947,False,False,False,False,0,2,0,10,1,2,417,296,"[false, false, false]",70,2,0,Starfield Stage - 1
1171,2025-09-30T16:00:09.103342,8,617.5,399.5,1.0984700543020314,False,False,False,False,1,2,0,11,1,2,411,294,"[true, false, false]",70,2,0,Starfield Stage - 1
1172,2025-09-30T16:00:09.112900,10,615.0,399.5,1.09757963188648,False,False,False,False,1,2,0,11,1,2,407,293,"[true, false, false]",70,2,0,Starfield Stage - 1
1173,2025-09-30T16:00:09.122164,9,612.5,399.5,1.0968974459650795,False,False,False,False,1,2,0,11,1,2,399,290,"[true, false, false]",70,2,0,Starfield Stage - 1
1174,2025-09-30T16:00:09.131175,9,610.0,399.5,1.0941503784014013,False,False,False,False,1,2,0,11,1,2,396,289,"[true, false, false]",70,2,0,Starfield Stage - 1
1175,2025-09-30T16:00:09.139988,9,607.5,399.5,1.0914238345663663,False,False,False,False,1,2,0,11,1,2,393,288,"[true, false, false]",70,2,0,Starfield Stage - 1
1176,2025-09-30T16:00:09.148529,9,605.0,399.5,1.090468151972612,False,False,False,False,1,2,0,11,1,2,391,288,"[true, false, false]",70,2,0,Starfield Stage - 1
1177,2025-09-30T16:00:09.156752,8,602.5,399.5,1.0838970949836275,False,False,False,False,1,2,0,11,1,2,390,287,"[true, false, false]",70,2,0,Starfield Stage - 1
1178,2025-09-30T16:00:09.165459,8,600.0,399.5,1.081204586681352,False,False,False,False,1,2,0,11,1,2,387,286,"[false, false, false]",70,2,0,Starfield Stage - 1
1179,2025-09-30T16:00:09.173420,8,597.5,399.5,1.071285536207297,False,False,False,False,1,2,0,11,1,2,384,283,"[false, false, false]",70,2,0,Starfield Stage - 1
1180,2025-09-30T16:00:09.180713,8,595.0,399.5,1.063500389038886,False,False,False,False,1,2,0,11,1,2,380,280,"[false, false, false]",70,2,0,Starfield Stage - 1
1181,2025-09-30T16:00:09.189434,8,592.5,399.5,1.05090782218736,False,False,False,False,1,2,0,11,1,2,375,275,"[false, false, false]",70,2,0,Starfield Stage - 1
1182,2025-09-30T16:00:09.197023,8,590.0,399.5,1.0421568268677193,False,False,False,False,1,2,0,11,1,2,370,271,"[false, false, false]",70,2,0,Starfield Stage - 1
1183,2025-09-30T16:00:09.205704,8,587.5,399.5,1.0376135422978612,False,False,False,False,1,2,0,12,1,2,363,267,"[false, false, false]",70,2,0,Starfield Stage - 1
1184,2025-09-30T16:00:09.213112,8,585.0,399.5,1.0319768251589811,False,False,False,False,1,2,0,12,1,2,355,262,"[false, false, false]",70,2,0,Starfield Stage - 1
1185,2025-09-30T16:00:09.283285,8,582.5,397.0,1.0364277918730598,False,False,False,False,1,2,0,12,1,2,302,231,"[false, false, false]",70,2,0,Starfield Stage - 1
1186,2025-09-30T16:00:09.285180,64,580.0,394.5,1.039150863529012,False,False,False,False,1,2,0,12,1,2,302,231,"[false, false, false]",70,2,0,Starfield Stage - 1
1187,2025-09-30T16:00:09.294121,9,577.5,392.0,1.0435092797806103,False,False,False,False,1,2,0,12,1,2,301,231,"[false, false, false]",70,2,0,Starfield Stage - 1
1188,2025-09-30T16:00:09.302558,9,575.0,389.5,1.0463602932399267,False,False,False,False,1,2,0,12,1,2,301,231,"[false, false, false]",70,2,0,Starfield Stage - 1
1189,2025-09-30T16:00:09.311706,8,572.5,387.0,1.0492735087644347,False,False,False,False,2,2,0,12,1,2,301,231,"[true, false, false]",70,2,0,Starfield Stage - 1
1190,2025-09-30T16:00:09.318934,8,570.0,384.5,1.0522509333411518,False,False,False,False,2,2,0,12,1,2,301,231,"[true, false, false]",70,2,0,Starfield Stage - 1
1191,2025-09-30T16:00:09.327096,8,567.5,382.0,1.0552946588549126,False,False,False,False,2,2,0,12,1,2,301,231,"[true, false, false]",70,2,0,Starfield Stage - 1
1192,2025-09-30T16:00:09.335775,9,565.0,379.5,1.0612889624399842,False,False,False,False,2,2,0,12,1,2,301,232,"[true, false, false]",70,2,0,Starfield Stage - 1
1193,2025-09-30T16:00:09.344867,9,562.5,377.0,1.0674394675412076,False,False,False,False,2,2,0,12,1,2,301,233,"[true, false, false]",70,2,0,Starfield Stage - 1
1194,2025-09-30T16:00:09.353854,8,560.0,374.5,1.0783469801814594,False,False,False,False,2,2,0,12,1,2,300,235,"[true, false, false]",70,2,0,Starfield Stage - 1
1195,2025-09-30T16:00:09.361698,9,557.5,372.0,1.1063783019218616,False,False,False,False,2,2,0,12,1,2,298,242,"[false, false, false]",70,2,0,Starfield Stage - 1
1196,2025-09-30T16:00:09.369937,8,557.5,369.5,1.1295734190989253,False,False,False,False,2,2,0,12,1,2,296,246,"[false, false, false]",70,2,0,Starfield Stage - 1
1197,2025-09-30T16:00:09.378277,8,560.0,367.0,1.1546589507075797,False,False,False,False,2,2,0,12,1,2,293,249,"[false, false, false]",70,2,0,Starfield Stage - 1
1198,2025-09-30T16:00:09.386852,9,562.5,364.5,1.1792667741338096,False,False,False,False,2,2,0,12,1,2,290,252,"[false, false, false]",70,2,0,Starfield Stage - 1
1199,2025-09-30T16:00:09.396036,9,565.0,362.0,1.2002522601905024,False,False,False,False,2,2,0,12,1,2,287,254,"[false, false, false]",70,2,0,Starfield Stage - 1
1200,2025-09-30T16:00:09.405085,9,567.5,359.5,1.2249918352040126,False,False,False,False,2,2,0,12,1,2,283,257,"[false, false, false]",70,2,0,Starfield Stage - 1
1201,2025-09-30T16:00:09.414108,9,570.0,357.0,1.2418219558471535,False,False,False,False,2,2,0,12,1,2,280,258,"[false, false, false]",70,2,0,Starfield Stage - 1
1202,2025-09-30T16:00:09.482355,9,572.5,354.5,1.273550670159244,False,False,False,False,2,2,0,12,1,2,264,260,"[false, false, false]",70,2,0,Starfield Stage - 1
1203,2025-09-30T16:00:09.484340,61,575.0,352.0,1.283178851905033,False,False,False,False,2,2,0,12,1,2,264,260,"[false, false, false]",70,2,0,Starfield Stage - 1
1204,2025-09-30T16:00:09.493571,9,577.5,349.5,1.2935468669416026,False,False,False,False,2,2,0,12,1,2,263,260,"[false, false, false]",70,2,0,Starfield Stage - 1
1205,2025-09-30T16:00:09.501709,8,580.0,347.0,1.302943425222802,False,False,False,False,3,2,0,12,1,2,263,260,"[true, false, false]",70,2,0,Starfield Stage - 1
1206,2025-09-30T16:00:09.509068,8,582.5,344.5,1.312240516343777,False,False,False,False,3,2,0,12,1,2,263,260,"[true, false, false]",70,2,0,Starfield Stage - 1
1207,2025-09-30T16:00:09.518131,9,585.0,342.0,1.3214381296247375,False,False,False,False,3,2,0,12,1,2,263,260,"[true, false, false]",70,2,0,Starfield Stage - 1
1208,2025-09-30T16:00:09.526935,9,587.5,339.5,1.3312464919846543,False,False,False,False,3,2,0,12,1,2,262,260,"[true, false, false]",70,2,0,Starfield Stage - 1
1209,2025-09-30T16:00:09.535767,9,590.0,337.0,1.3402155167947924,False,False,False,False,3,2,0,12,1,2,262,260,"[true, false, false]",70,2,0,Starfield Stage - 1
1210,2025-09-30T16:00:09.544855,9,592.5,334.5,1.34908593039847,False,False,False,False,3,2,0,12,1,2,262,260,"[true, false, false]",70,2,0,Starfield Stage - 1
1211,2025-09-30T16:00:09.553350,8,595.0,332.0,1.3578579772154995,False,False,False,False,3,2,0,12,1,2,262,260,"[true, false, false]",70,2,0,Starfield Stage - 1
1212,2025-09-30T16:00:09.561698,9,597.5,329.5,1.3665319568264145,False,False,False,False,3,2,0,12,1,2,262,260,"[false, false, false]",70,2,0,Starfield Stage - 1
1213,2025-09-30T16:00:09.570682,9,600.0,327.0,1.3751082211764327,False,False,False,False,3,2,0,12,1,2,262,260,"[false, false, false]",70,2,0,Starfield Stage - 1
1214,2025-09-30T16:00:09.579531,8,602.5,324.5,1.3835871718225639,False,False,False,False,3,2,0,12,1,2,262,260,"[false, false, false]",70,2,0,Starfield Stage - 1
1215,2025-09-30T16:00:09.587357,8,605.0,322.0,1.3919692572295814,False,False,False,False,3,2,0,12,1,2,262,260,"[false, false, false]",70,2,0,Starfield Stage - 1
1216,2025-09-30T16:00:09.595941,9,607.5,319.5,1.4002549701199383,False,False,False,False,3,2,0,12,1,2,262,260,"[false, false, false]",70,2,0,Starfield Stage - 1
1217,2025-09-30T16:00:09.605168,9,610.0,317.0,1.4084448448820817,False,False,False,False,3,2,0,12,1,2,262,260,"[false, false, false]",70,2,0,Starfield Stage - 1
1218,2025-09-30T16:00:09.614602,10,612.5,314.5,1.4169714084741614,False,False,False,False,3,2,0,12,1,2,261,260,"[false, false, false]",70,2,0,Starfield Stage - 1
1219,2025-09-30T16:00:09.683667,8,610.0,312.0,1.4213507465158115,False,False,False,False,3,2,0,12,1,2,258,259,"[false, false, false]",70,2,0,Starfield Stage - 1
1220,2025-09-30T16:00:09.685793,63,607.5,309.5,1.4272973512542229,False,False,False,False,3,2,0,12,1,2,258,259,"[false, false, false]",70,2,0,Starfield Stage - 1
1221,2025-09-30T16:00:09.695412,9,605.0,307.0,1.4333400988721157,False,False,False,False,3,2,0,12,1,2,258,259,"[false, false, false]",70,2,0,Starfield Stage - 1
1222,2025-09-30T16:00:09.703330,8,602.5,304.5,1.4394808878118086,False,False,False,False,3,2,0,12,1,2,258,259,"[false, false, false]",70,2,0,Starfield Stage - 1
1223,2025-09-30T16:00:09.712259,9,600.0,302.0,1.4457216490330564,False,False,False,False,3,2,0,12,1,2,258,259,"[false, false, false]",70,2,0,Starfield Stage - 1
1224,2025-09-30T16:00:09.756607,9,597.5,299.5,1.4491611804824251,False,False,False,False,2,1,0,12,1,2,258,258,"[false, false, false]",80,2,0,Starfield Stage - 1
1225,2025-09-30T16:00:09.762130,38,595.0,299.5,1.4391221582816793,False,False,False,False,2,1,0,12,1,2,259,255,"[false, false, false]",80,2,0,Starfield Stage - 1
1226,2025-09-30T16:00:09.767754,9,592.5,299.5,1.4381465916113734,False,False,False,False,2,1,0,12,1,2,259,255,"[false, false, false]",80,2,0,Starfield Stage - 1
1227,2025-09-30T16:00:09.775950,8,590.0,299.5,1.4371565479946968,False,False,False,False,2,1,0,12,1,2,259,255,"[false, false, false]",80,2,0,Starfield Stage - 1
1228,2025-09-30T16:00:09.784488,8,587.5,299.5,1.4361517047610732,False,False,False,False,2,1,0,12,1,2,259,255,"[false, false, false]",80,2,0,Starfield Stage - 1
1229,2025-09-30T16:00:09.791457,8,585.0,299.5,1.4351317296400365,False,False,False,False,2,1,0,12,1,2,259,255,"[false, false, false]",80,2,0,Starfield Stage - 1
1230,2025-09-30T16:00:09.800012,8,582.5,299.5,1.4340962804039108,False,False,False,False,2,1,0,12,1,2,259,255,"[false, false, false]",80,2,0,Starfield Stage - 1
1231,2025-09-30T16:00:09.808661,9,580.0,299.5,1.4330450044945218,False,False,False,False,2,1,0,12,1,2,259,255,"[false, false, false]",80,2,0,Starfield Stage - 1
1232,2025-09-30T16:00:09.817258,8,577.5,299.5,1.4319775386331086,False,False,False,False,2,1,0,12,1,2,259,255,"[false, false, false]",80,2,0,Starfield Stage - 1
1233,2025-09-30T16:00:09.887277,9,575.0,299.5,1.4308935084125503,False,False,False,False,2,1,0,12,1,2,259,255,"[false, false, false]",80,2,0,Starfield Stage - 1
1234,2025-09-30T16:00:09.889165,63,572.5,299.5,1.429792527870975,False,False,False,False,2,1,0,12,1,2,259,255,"[false, false, false]",80,2,0,Starfield Stage - 1
1235,2025-09-30T16:00:09.898664,9,570.0,299.5,1.4286741990457599,False,False,False,False,2,1,0,12,1,2,259,255,"[false, false, false]",80,2,0,Starfield Stage - 1
1236,2025-09-30T16:00:09.906799,8,567.5,299.5,1.4275381115068664,False,False,False,False,2,1,0,12,1,2,259,255,"[false, false, false]",80,2,0,Starfield Stage - 1
1237,2025-09-30T16:00:09.914874,9,565.0,299.5,1.4263838418683998,False,False,False,False,2,1,0,12,1,2,259,255,"[false, false, false]",80,2,0,Starfield Stage - 1
1238,2025-09-30T16:00:09.923767,9,562.5,299.5,1.4252109532772042,False,False,False,False,2,1,0,12,1,2,259,255,"[false, false, false]",80,2,0,Starfield Stage - 1
1239,2025-09-30T16:00:09.932444,8,560.0,299.5,1.424018994877233,False,False,False,False,2,1,0,12,1,2,259,255,"[false, false, false]",80,2,0,Starfield Stage - 1
1240,2025-09-30T16:00:09.939633,8,557.5,299.5,1.4228075012483623,False,False,False,False,2,1,0,12,1,2,259,255,"[false, false, false]",80,2,0,Starfield Stage - 1
1241,2025-09-30T16:00:09.948043,8,555.0,299.5,1.4243937299963465,False,False,False,False,2,1,0,12,1,2,260,256,"[false, false, false]",80,2,0,Starfield Stage - 1
1242,2025-09-30T16:00:09.957132,9,552.5,299.5,1.429856667781412,False,False,False,False,2,1,0,12,1,2,260,258,"[false, false, false]",80,2,0,Starfield Stage - 1
1243,2025-09-30T16:00:09.966218,9,550.0,299.5,1.441759519254371,False,False,False,False,2,1,0,12,1,2,261,262,"[false, false, false]",80,2,0,Starfield Stage - 1
1244,2025-09-30T16:00:09.974985,9,547.5,299.5,1.4574488738328193,False,False,False,False,2,1,0,12,1,2,262,267,"[false, false, false]",80,2,0,Starfield Stage - 1
1245,2025-09-30T16:00:09.983452,8,545.0,299.5,1.4700744888058233,False,False,False,False,2,1,0,12,1,2,263,271,"[false, false, false]",80,2,0,Starfield Stage - 1
1246,2025-09-30T16:00:09.990679,8,542.5,299.5,1.489892227639666,False,False,False,False,2,2,0,12,1,2,265,277,"[false, false, false]",80,2,0,Starfield Stage - 1
1247,2025-09-30T16:00:09.999172,8,540.0,299.5,1.5106499819247965,False,False,False,False,2,2,0,12,1,2,266,283,"[false, false, false]",80,2,0,Starfield Stage - 1
1248,2025-09-30T16:00:10.008507,9,537.5,302.0,1.5225962116966976,False,False,False,False,2,2,0,12,1,2,268,289,"[false, false, false]",80,2,0,Starfield Stage - 1
1249,2025-09-30T16:00:10.015961,8,535.0,304.5,1.5350972141155728,False,False,False,False,2,2,0,12,1,2,269,295,"[false, false, false]",80,2,0,Starfield Stage - 1
1250,2025-09-30T16:00:10.025468,9,532.5,307.0,1.55550115252341,False,False,False,False,2,2,0,12,1,2,271,303,"[false, false, false]",80,2,0,Starfield Stage - 1
1251,2025-09-30T16:00:10.091579,9,530.0,309.5,2.0865867489392698,False,False,False,False,2,2,0,12,1,2,321,428,"[false, false, false]",80,2,0,Starfield Stage - 1
1252,2025-09-30T16:00:10.097807,60,527.5,312.0,2.0826108101680765,False,False,False,False,2,2,0,12,1,2,321,428,"[false, false, false]",80,2,0,Starfield Stage - 1
1253,2025-09-30T16:00:10.102274,8,525.0,314.5,2.1962813670341257,False,False,False,False,2,2,0,12,1,2,336,451,"[false, false, false]",80,2,0,Starfield Stage - 1
1254,2025-09-30T16:00:10.111458,9,522.5,317.0,2.312083092915359,False,False,False,False,2,2,0,12,1,2,351,474,"[false, false, false]",80,2,0,Starfield Stage - 1
1255,2025-09-30T16:00:10.118910,8,520.0,319.5,2.430189253679149,False,False,False,False,2,2,0,12,1,2,367,497,"[false, false, false]",80,2,0,Starfield Stage - 1
1256,2025-09-30T16:00:10.128077,9,517.5,322.0,2.549501287780927,False,False,False,False,2,2,0,12,1,2,385,519,"[false, false, false]",80,2,0,Starfield Stage - 1
1257,2025-09-30T16:00:10.136511,8,515.0,324.5,2.6622925476826764,False,False,False,False,2,2,0,12,1,2,403,540,"[false, false, false]",80,2,0,Starfield Stage - 1
1258,2025-09-30T16:00:10.144999,9,512.5,327.0,2.7754129964075296,False,False,False,False,2,2,0,12,1,2,422,563,"[false, false, false]",80,2,0,Starfield Stage - 1
1259,2025-09-30T16:00:10.154259,9,510.0,329.5,2.9661984330463707,False,False,False,False,2,2,0,12,1,2,461,606,"[false, false, false]",80,2,0,Starfield Stage - 1
1260,2025-09-30T16:00:10.162835,8,510.0,332.0,3.0402461503241254,False,False,False,False,2,2,0,12,1,2,480,627,"[false, false, false]",80,2,0,Starfield Stage - 1
1261,2025-09-30T16:00:10.169804,8,510.0,334.5,3.0996140981565814,False,False,False,False,2,2,0,12,1,2,497,644,"[false, false, false]",80,2,0,Starfield Stage - 1
1262,2025-09-30T16:00:10.178519,8,510.0,337.0,-3.126114013714248,False,False,False,False,2,2,0,12,1,2,515,660,"[false, false, false]",80,2,0,Starfield Stage - 1
1263,2025-09-30T16:00:10.185842,8,510.0,339.5,-3.0788946699550808,False,False,False,False,2,2,0,12,1,2,531,674,"[false, false, false]",80,2,0,Starfield Stage - 1
1264,2025-09-30T16:00:10.195244,9,510.0,342.0,-3.0312554324049747,False,False,False,False,2,2,0,12,1,2,548,685,"[false, false, false]",80,2,0,Starfield Stage - 1
1265,2025-09-30T16:00:10.203391,8,510.0,344.5,-2.990668762930098,False,False,False,False,2,2,0,12,1,2,563,693,"[false, false, false]",80,2,0,Starfield Stage - 1
1266,2025-09-30T16:00:10.211035,8,510.0,347.0,-2.950761550868531,False,False,False,False,2,2,0,12,1,2,578,699,"[false, false, false]",80,2,0,Starfield Stage - 1
1267,2025-09-30T16:00:10.220282,9,510.0,349.5,-2.910343871129185,False,False,False,False,2,2,0,12,1,2,593,702,"[false, false, false]",80,2,0,Starfield Stage - 1
1268,2025-09-30T16:00:10.229580,9,512.5,352.0,-2.8759433771205365,False,False,False,False,2,2,0,12,1,2,608,703,"[false, false, false]",80,2,0,Starfield Stage - 1
1269,2025-09-30T16:00:10.301779,8,515.0,354.5,-2.362449993939737,False,False,False,False,2,2,0,12,1,2,793,636,"[false, false, false]",80,2,0,Starfield Stage - 1
1270,2025-09-30T16:00:10.304554,67,517.5,357.0,-2.3625063991547424,False,False,False,False,2,2,0,12,1,2,793,636,"[false, false, false]",80,2,0,Starfield Stage - 1
1271,2025-09-30T16:00:10.312273,8,520.0,359.5,-2.3047494081755246,False,False,False,False,1,2,0,12,1,2,811,622,"[false, false, false]",80,2,0,Starfield Stage - 1
1272,2025-09-30T16:00:10.320920,9,522.5,362.0,-2.196451165538267,False,False,False,False,1,2,0,12,1,2,845,595,"[false, false, false]",80,2,0,Starfield Stage - 1
1273,2025-09-30T16:00:10.329601,8,525.0,364.5,-2.146646750792957,False,False,False,False,1,2,0,12,1,2,860,582,"[false, false, false]",80,2,0,Starfield Stage - 1
1274,2025-09-30T16:00:10.336560,8,527.5,367.0,-2.098246109944662,False,False,False,False,1,2,0,12,1,2,876,570,"[false, false, false]",80,2,0,Starfield Stage - 1
1275,2025-09-30T16:00:10.344819,8,530.0,369.5,-2.0575040977622483,False,False,False,False,1,2,0,12,1,2,890,560,"[false, false, false]",80,2,0,Starfield Stage - 1
1276,2025-09-30T16:00:10.353404,8,532.5,372.0,-2.0274017986873907,False,False,False,False,1,2,0,12,1,2,903,554,"[false, false, false]",80,2,0,Starfield Stage - 1
1277,2025-09-30T16:00:10.360536,8,535.0,374.5,-2.004296906234386,False,False,False,False,1,2,0,12,1,2,912,549,"[false, false, false]",80,2,0,Starfield Stage - 1
1278,2025-09-30T16:00:10.369018,8,537.5,377.0,-1.9890206563741257,False,False,False,False,1,2,0,12,1,2,920,547,"[false, false, false]",80,2,0,Starfield Stage - 1
1279,2025-09-30T16:00:10.377182,8,540.0,379.5,-1.9780307606764194,False,False,False,False,1,2,0,12,1,2,926,546,"[false, false, false]",80,2,0,Starfield Stage - 1
1280,2025-09-30T16:00:10.385531,9,542.5,382.0,-1.9698969741893082,False,False,False,False,0,2,0,12,1,2,929,545,"[false, false, false]",80,2,0,Starfield Stage - 1
1281,2025-09-30T16:00:10.393732,8,545.0,384.5,-1.9630226449371446,False,False,False,False,0,2,0,12,1,2,933,545,"[false, false, false]",80,2,0,Starfield Stage - 1
1282,2025-09-30T16:00:10.402200,8,547.5,387.0,-1.9570586731041755,False,False,False,False,0,2,0,12,1,2,936,545,"[false, false, false]",80,2,0,Starfield Stage - 1
1283,2025-09-30T16:00:10.411161,9,550.0,389.5,-1.9546139500834654,False,False,False,False,0,2,0,12,1,2,940,547,"[false, false, false]",80,2,0,Starfield Stage - 1
1284,2025-09-30T16:00:10.420203,9,552.5,392.0,-1.9534971265424073,False,False,False,False,0,2,0,12,1,2,945,550,"[false, false, false]",80,2,0,Starfield Stage - 1
1285,2025-09-30T16:00:10.429259,9,555.0,394.5,-1.9545720906891952,False,False,False,False,0,2,0,12,1,2,950,554,"[false, false, false]",80,2,0,Starfield Stage - 1
1286,2025-09-30T16:00:10.500506,9,557.5,397.0,-1.9687374053449926,False,False,False,False,0,2,0,12,1,2,1019,591,"[false, false, false]",80,2,0,Starfield Stage - 1
1287,2025-09-30T16:00:10.502425,65,560.0,399.5,-1.9660514476986954,False,False,False,False,0,2,0,12,1,2,1019,591,"[false, false, false]",80,2,0,Starfield Stage - 1
1288,2025-09-30T16:00:10.511269,8,562.5,402.0,-1.9609160147072662,False,False,False,False,0,2,0,12,1,2,1027,593,"[false, false, false]",80,2,0,Starfield Stage - 1
1289,2025-09-30T16:00:10.521063,9,565.0,404.5,-1.9577058363009938,False,False,False,False,0,2,0,13,1,2,1035,596,"[false, false, false]",80,2,0,Starfield Stage - 1
1290,2025-09-30T16:00:10.529401,9,567.5,407.0,-1.9509438307843223,False,False,False,False,0,2,0,13,1,2,1048,599,"[false, false, false]",80,2,0,Starfield Stage - 1
1291,2025-09-30T16:00:10.537183,8,570.0,409.5,-1.9489754614206147,False,False,False,False,0,2,0,13,1,2,1052,601,"[false, false, false]",80,2,0,Starfield Stage - 1
1292,2025-09-30T16:00:10.545933,9,572.5,412.0,-1.9459312246822742,False,False,False,False,0,2,0,13,1,2,1055,602,"[false, false, false]",80,2,0,Starfield Stage - 1
1293,2025-09-30T16:00:10.555330,9,575.0,414.5,-1.9424899824179718,False,False,False,False,0,2,0,13,1,2,1056,602,"[false, false, false]",80,2,0,Starfield Stage - 1
1294,2025-09-30T16:00:10.565083,10,577.5,417.0,-1.9408318824025648,False,False,False,False,0,2,0,13,1,2,1057,603,"[false, false, false]",80,2,0,Starfield Stage - 1
1295,2025-09-30T16:00:10.573826,9,580.0,419.5,-1.9380404001297524,False,False,False,False,0,2,0,13,1,2,1057,603,"[false, false, false]",80,2,0,Starfield Stage - 1
1296,2025-09-30T16:00:10.582356,9,582.5,422.0,-1.935213399377276,False,False,False,False,0,2,0,13,1,2,1057,603,"[false, false, false]",80,2,0,Starfield Stage - 1
1297,2025-09-30T16:00:10.591962,9,585.0,424.5,-1.9323502439665776,False,False,False,False,0,2,0,13,1,2,1057,603,"[false, false, false]",80,2,0,Starfield Stage - 1
1298,2025-09-30T16:00:10.600345,9,587.5,427.0,-1.9350409698766888,False,False,False,False,0,2,0,13,1,2,1057,606,"[false, false, false]",80,2,0,Starfield Stage - 1
1299,2025-09-30T16:00:10.609880,9,590.0,429.5,-1.9522293159474735,False,False,False,False,0,2,0,13,1,2,1055,616,"[false, false, false]",80,2,0,Starfield Stage - 1
1300,2025-09-30T16:00:10.618126,8,592.5,432.0,-1.96659146222155,False,False,False,False,1,2,0,13,1,2,1052,624,"[true, false, false]",80,2,0,Starfield Stage - 1
1301,2025-09-30T16:00:10.626300,8,595.0,434.5,-1.9784699313115848,False,False,False,False,1,2,0,13,1,2,1050,631,"[true, false, false]",80,2,0,Starfield Stage - 1
1302,2025-09-30T16:00:10.635090,9,597.5,437.0,-1.9912889275638967,False,False,False,False,1,2,0,13,1,2,1047,638,"[true, false, false]",80,2,0,Starfield Stage - 1
1303,2025-09-30T16:00:10.707486,9,600.0,439.5,-2.066915117292616,False,False,False,False,1,2,0,13,1,2,1024,669,"[false, false, false]",80,2,0,Starfield Stage - 1
1304,2025-09-30T16:00:10.709718,66,602.5,442.0,-2.0686386618121833,False,False,False,False,1,2,0,13,1,2,1022,670,"[false, false, false]",80,2,0,Starfield Stage - 1
1305,2025-09-30T16:00:10.718191,8,605.0,444.5,-2.0712371399421907,False,False,False,False,1,2,0,13,1,2,1021,672,"[false, false, false]",80,2,0,Starfield Stage - 1
1306,2025-09-30T16:00:10.727369,9,607.5,447.0,-2.072009509360157,False,False,False,False,1,2,0,14,1,2,1020,673,"[false, false, false]",80,2,0,Starfield Stage - 1
1307,2025-09-30T16:00:10.737428,10,610.0,449.5,-2.073827693325222,False,False,False,False,1,2,0,14,1,2,1018,674,"[false, false, false]",80,2,0,Starfield Stage - 1
1308,2025-09-30T16:00:10.745093,8,612.5,452.0,-2.074635458857965,False,False,False,False,1,2,0,14,1,2,1017,675,"[false, false, false]",80,2,0,Starfield Stage - 1
1309,2025-09-30T16:00:10.754094,9,615.0,454.5,-2.075456587317691,False,False,False,False,1,2,0,14,1,2,1016,676,"[false, false, false]",80,2,0,Starfield Stage - 1
1310,2025-09-30T16:00:10.763015,9,617.5,457.0,-2.0762914119306615,False,False,False,False,1,2,0,14,1,2,1015,677,"[false, false, false]",80,2,0,Starfield Stage - 1
1311,2025-09-30T16:00:10.771121,8,620.0,459.5,-2.076065892936033,False,False,False,False,1,2,0,14,1,2,1015,678,"[false, false, false]",80,2,0,Starfield Stage - 1
1312,2025-09-30T16:00:10.780316,9,622.5,462.0,-2.0769183749498894,False,False,False,False,1,2,0,14,1,2,1014,679,"[false, false, false]",80,2,0,Starfield Stage - 1
1313,2025-09-30T16:00:10.789277,9,625.0,464.5,-2.0797529556199708,False,False,False,False,1,2,0,14,1,2,1013,681,"[false, false, false]",80,2,0,Starfield Stage - 1
1314,2025-09-30T16:00:10.797963,9,627.5,467.0,-2.083742717741122,False,False,False,False,2,2,0,14,1,2,1011,683,"[true, false, false]",80,2,0,Starfield Stage - 1
1315,2025-09-30T16:00:10.807947,10,630.0,469.5,-2.090650656220464,False,False,False,False,2,2,0,14,1,2,1010,687,"[true, false, false]",80,2,0,Starfield Stage - 1
1316,2025-09-30T16:00:10.816126,8,632.5,472.0,-2.0956444462437314,False,False,False,False,2,2,0,14,1,2,1009,690,"[true, false, false]",80,2,0,Starfield Stage - 1
1317,2025-09-30T16:00:10.825167,9,635.0,474.5,-2.111808595223676,False,False,False,False,2,2,0,14,1,2,1007,698,"[true, false, false]",80,2,0,Starfield Stage - 1
1318,2025-09-30T16:00:10.833898,9,637.5,477.0,-2.1137987738347355,False,False,False,False,2,2,0,14,1,2,1007,700,"[true, false, false]",80,2,0,Starfield Stage - 1
1319,2025-09-30T16:00:10.842073,8,640.0,479.5,-2.1170215676397697,False,False,False,False,2,2,0,14,1,2,1006,702,"[true, false, false]",80,2,0,Starfield Stage - 1
1320,2025-09-30T16:00:10.913662,8,642.5,482.0,-2.120293649113173,False,False,False,False,2,2,0,14,1,2,1005,704,"[false, false, false]",80,2,0,Starfield Stage - 1
1321,2025-09-30T16:00:10.916070,66,645.0,484.5,-2.1183338683281825,False,False,False,False,2,2,0,13,1,2,1005,704,"[false, false, false]",80,2,0,Starfield Stage - 1
1322,2025-09-30T16:00:10.924875,9,647.5,487.0,-2.116341884278746,False,False,False,False,2,2,0,13,1,2,1005,704,"[false, false, false]",80,2,0,Starfield Stage - 1
1323,2025-09-30T16:00:10.934373,9,650.0,489.5,-2.114316912845159,False,False,False,False,2,2,0,13,1,2,1005,704,"[false, false, false]",80,2,0,Starfield Stage - 1
1324,2025-09-30T16:00:10.942409,8,650.0,492.0,-2.1070630270180946,False,False,False,False,2,2,0,13,1,2,1005,703,"[false, false, false]",80,2,0,Starfield Stage - 1
1325,2025-09-30T16:00:10.950039,8,650.0,494.5,-2.0964221574652577,False,False,False,False,2,2,0,13,1,2,1006,701,"[false, false, false]",80,2,0,Starfield Stage - 1
1326,2025-09-30T16:00:10.959392,9,650.0,497.0,-2.0857090221225607,False,False,False,False,2,2,0,13,1,2,1007,699,"[false, false, false]",80,2,0,Starfield Stage - 1
1327,2025-09-30T16:00:10.966930,8,650.0,499.5,-2.07278130696206,False,False,False,False,2,2,0,13,1,2,1008,696,"[false, false, false]",80,2,0,Starfield Stage - 1
1328,2025-09-30T16:00:10.975059,8,650.0,502.0,-2.056418420092365,False,False,False,False,2,2,0,13,1,2,1010,692,"[false, false, false]",80,2,0,Starfield Stage - 1
1329,2025-09-30T16:00:10.984335,9,650.0,504.5,-2.0410336262423896,False,False,False,False,2,2,0,13,1,2,1013,689,"[false, false, false]",80,2,0,Starfield Stage - 1
1330,2025-09-30T16:00:10.993205,9,650.0,507.0,-2.0103785607490328,False,False,False,False,2,2,0,13,1,2,1020,681,"[false, false, false]",80,2,0,Starfield Stage - 1
1331,2025-09-30T16:00:11.001647,8,650.0,509.5,-1.9918700044608393,False,False,False,False,2,2,0,13,1,2,1024,677,"[false, false, false]",80,2,0,Starfield Stage - 1
1332,2025-09-30T16:00:11.009881,8,650.0,512.0,-1.9734509803467695,False,False,False,False,3,2,0,13,1,2,1028,673,"[true, false, false]",80,2,0,Starfield Stage - 1
1333,2025-09-30T16:00:11.017056,8,650.0,514.5,-1.9542253574560615,False,False,False,False,3,2,0,13,1,2,1033,669,"[true, false, false]",80,2,0,Starfield Stage - 1
1334,2025-09-30T16:00:11.026373,9,647.5,517.0,-1.9361624669636623,False,False,False,False,3,2,0,13,1,2,1037,666,"[true, false, false]",80,2,0,Starfield Stage - 1
1335,2025-09-30T16:00:11.036338,9,645.0,519.5,-1.9154150350207804,False,False,False,False,3,2,0,13,1,2,1042,662,"[true, false, false]",80,2,0,Starfield Stage - 1
1336,2025-09-30T16:00:11.045337,10,642.5,522.0,-1.898112686426693,False,False,False,False,3,3,0,12,1,2,1046,659,"[true, false, false]",80,2,0,Starfield Stage - 1
1337,2025-09-30T16:00:11.114802,9,640.0,524.5,-1.8068341831815575,False,False,False,False,3,3,0,12,1,2,1062,626,"[false, false, false]",80,2,0,Starfield Stage - 1
1338,2025-09-30T16:00:11.116906,63,637.5,527.0,-1.7999165531912127,False,False,False,False,3,3,0,12,1,2,1062,626,"[false, false, false]",80,2,0,Starfield Stage - 1
1339,2025-09-30T16:00:11.125751,9,635.0,529.5,-1.7908286828304745,False,False,False,False,3,3,0,12,1,2,1062,625,"[false, false, false]",80,2,0,Starfield Stage - 1
1340,2025-09-30T16:00:11.135515,9,632.5,532.0,-1.7818101561221198,False,False,False,False,3,3,0,12,1,2,1062,624,"[false, false, false]",80,2,0,Starfield Stage - 1
1341,2025-09-30T16:00:11.143417,8,630.0,534.5,-1.7750821976937041,False,False,False,False,3,3,0,12,1,2,1062,624,"[false, false, false]",80,2,0,Starfield Stage - 1
1342,2025-09-30T16:00:11.150672,8,627.5,537.0,-1.7684131745367175,False,False,False,False,3,3,0,12,1,2,1062,624,"[false, false, false]",80,2,0,Starfield Stage - 1
1343,2025-09-30T16:00:11.159114,8,625.0,539.5,-1.7618029010942284,False,False,False,False,3,3,0,12,1,2,1062,624,"[false, false, false]",80,2,0,Starfield Stage - 1
1344,2025-09-30T16:00:11.167120,8,622.5,542.0,-1.75525117452736,False,False,False,False,3,3,0,12,1,2,1062,624,"[false, false, false]",80,2,0,Starfield Stage - 1
1345,2025-09-30T16:00:11.175803,9,620.0,544.5,-1.7487577754693144,False,False,False,False,3,3,0,12,1,2,1062,624,"[false, false, false]",80,2,0,Starfield Stage - 1
1346,2025-09-30T16:00:11.184802,9,617.5,547.0,-1.742322468766997,False,False,False,False,4,3,0,12,1,2,1062,624,"[true, false, false]",80,2,0,Starfield Stage - 1
1347,2025-09-30T16:00:11.193452,8,615.0,549.5,-1.7359450042095235,False,False,False,False,4,3,0,12,1,2,1062,624,"[true, false, false]",80,2,0,Starfield Stage - 1
1348,2025-09-30T16:00:11.200789,8,612.5,552.0,-1.7296251172429722,False,False,False,False,4,3,0,12,1,2,1062,624,"[true, false, false]",80,2,0,Starfield Stage - 1
1349,2025-09-30T16:00:11.209896,8,610.0,554.5,-1.7233625296708188,False,False,False,False,4,3,0,12,1,2,1062,624,"[true, false, false]",80,2,0,Starfield Stage - 1
1350,2025-09-30T16:00:11.217192,8,607.5,557.0,-1.7171569503395587,False,False,False,False,4,3,0,12,1,2,1062,624,"[true, false, false]",80,2,0,Starfield Stage - 1
1351,2025-09-30T16:00:11.263824,9,605.0,559.5,-1.711008075809091,False,False,False,False,3,2,0,12,1,2,1062,624,"[true, false, false]",100,2,0,Starfield Stage - 1
1352,2025-09-30T16:00:11.327130,40,602.5,562.0,-1.7634970854572822,False,False,False,False,3,2,0,12,1,2,992,638,"[false, false, false]",100,2,0,Starfield Stage - 1
1353,2025-09-30T16:00:11.334103,63,600.0,564.5,-1.7751237396725918,False,False,False,False,3,2,0,12,1,2,974,642,"[false, false, false]",100,2,0,Starfield Stage - 1
1354,2025-09-30T16:00:11.338651,9,597.5,564.5,-1.7975951748487824,False,False,False,False,3,2,0,12,1,2,955,647,"[false, false, false]",100,2,0,Starfield Stage - 1
1355,2025-09-30T16:00:11.346974,9,595.0,564.5,-1.823395209585149,False,False,False,False,3,2,0,12,1,2,934,652,"[false, false, false]",100,2,0,Starfield Stage - 1
1356,2025-09-30T16:00:11.356217,9,592.5,564.5,-1.8563377379546038,False,False,False,False,3,2,0,12,1,2,911,658,"[false, false, false]",100,2,0,Starfield Stage - 1
1357,2025-09-30T16:00:11.365122,9,590.0,564.5,-1.8920451250871333,False,False,False,False,3,2,0,12,1,2,889,664,"[false, false, false]",100,2,0,Starfield Stage - 1
1358,2025-09-30T16:00:11.373496,8,587.5,564.5,-1.9348496714618089,False,False,False,False,3,2,0,12,1,2,867,671,"[false, false, false]",100,2,0,Starfield Stage - 1
1359,2025-09-30T16:00:11.380950,8,585.0,564.5,-1.979164344732128,False,False,False,False,3,2,0,12,1,2,845,677,"[false, false, false]",100,2,0,Starfield Stage - 1
1360,2025-09-30T16:00:11.389458,8,582.5,564.5,-2.026962778608475,False,False,False,False,3,2,0,12,1,2,824,683,"[false, false, false]",100,2,0,Starfield Stage - 1
1361,2025-09-30T16:00:11.397781,8,580.0,564.5,-2.078084332795729,False,False,False,False,3,2,0,12,1,2,804,689,"[false, false, false]",100,2,0,Starfield Stage - 1
1362,2025-09-30T16:00:11.405726,9,577.5,564.5,-2.128745588058843,False,False,False,False,3,2,0,12,1,2,785,694,"[false, false, false]",100,2,0,Starfield Stage - 1
1363,2025-09-30T16:00:11.414894,9,575.0,564.5,-2.178369385183919,False,False,False,False,3,2,0,12,1,2,767,698,"[false, false, false]",100,2,0,Starfield Stage - 1
1364,2025-09-30T16:00:11.423239,8,572.5,564.5,-2.229087930262697,False,False,False,False,3,2,0,12,1,2,749,701,"[false, false, false]",100,2,0,Starfield Stage - 1
1365,2025-09-30T16:00:11.431546,8,570.0,564.5,-2.2751122807887527,False,False,False,False,3,2,0,12,1,2,733,703,"[false, false, false]",100,2,0,Starfield Stage - 1
1366,2025-09-30T16:00:11.438729,8,567.5,564.5,-2.32184374639432,False,False,False,False,3,2,0,12,1,2,718,705,"[false, false, false]",100,2,0,Starfield Stage - 1
1367,2025-09-30T16:00:11.447226,8,565.0,564.5,-2.3686272421021197,False,False,False,False,3,2,0,12,1,2,704,707,"[false, false, false]",100,2,0,Starfield Stage - 1
1368,2025-09-30T16:00:11.455801,9,562.5,564.5,-2.414735582398162,False,False,False,False,3,2,0,12,1,2,691,709,"[false, false, false]",100,2,0,Starfield Stage - 1
1369,2025-09-30T16:00:11.524510,9,560.0,562.0,-2.752804892299754,False,False,False,False,4,2,0,12,1,2,628,728,"[true, false, false]",100,2,0,Starfield Stage - 1
1370,2025-09-30T16:00:11.526519,62,557.5,559.5,-2.7453275404323634,False,False,False,False,4,2,0,13,1,2,628,728,"[true, false, false]",100,2,0,Starfield Stage - 1
1371,2025-09-30T16:00:11.535374,8,555.0,557.0,-2.7451513703713517,False,False,False,False,4,2,0,13,1,2,627,729,"[true, false, false]",100,2,0,Starfield Stage - 1
1372,2025-09-30T16:00:11.545092,8,552.5,554.5,-2.74294211774859,False,False,False,False,4,2,0,13,1,2,626,729,"[true, false, false]",100,2,0,Starfield Stage - 1
1373,2025-09-30T16:00:11.551948,9,550.0,552.0,-2.736019204151941,False,False,False,False,4,2,0,13,1,2,626,729,"[true, false, false]",100,2,0,Starfield Stage - 1
1374,2025-09-30T16:00:11.560212,8,547.5,549.5,-2.7293283467275926,False,False,False,False,4,2,0,13,1,2,626,729,"[false, false, false]",100,2,0,Starfield Stage - 1
1375,2025-09-30T16:00:11.568676,8,547.5,547.0,-2.7343822229006904,False,False,False,False,4,2,0,13,1,2,626,729,"[false, false, false]",100,2,0,Starfield Stage - 1
1376,2025-09-30T16:00:11.575645,8,547.5,544.5,-2.739320376702804,False,False,False,False,4,2,0,13,1,2,626,729,"[false, false, false]",100,2,0,Starfield Stage - 1
1377,2025-09-30T16:00:11.584236,8,547.5,542.0,-2.7441465050442475,False,False,False,False,4,2,0,13,1,2,626,729,"[false, false, false]",100,2,0,Starfield Stage - 1
1378,2025-09-30T16:00:11.592713,9,547.5,539.5,-2.748864159879237,False,False,False,False,4,2,0,13,1,2,626,729,"[false, false, false]",100,2,0,Starfield Stage - 1
1379,2025-09-30T16:00:11.600964,8,547.5,537.0,-2.7579472733344432,False,False,False,False,4,2,0,13,1,2,625,729,"[false, false, false]",100,2,0,Starfield Stage - 1
1380,2025-09-30T16:00:11.609084,8,547.5,534.5,-2.7678216932579036,False,False,False,False,4,2,0,12,1,2,623,727,"[false, false, false]",100,2,0,Starfield Stage - 1
1381,2025-09-30T16:00:11.617877,9,550.0,532.0,-2.793653942780831,False,False,False,False,4,2,0,12,1,2,620,725,"[false, false, false]",100,2,0,Starfield Stage - 1
1382,2025-09-30T16:00:11.626774,9,552.5,529.5,-2.813621339624358,False,False,False,False,4,2,0,12,1,2,618,722,"[false, false, false]",100,2,0,Starfield Stage - 1
1383,2025-09-30T16:00:11.635041,8,555.0,527.0,-2.8401835810737484,False,False,False,False,4,2,0,12,1,2,615,720,"[false, false, false]",100,2,0,Starfield Stage - 1
1384,2025-09-30T16:00:11.643595,8,557.5,524.5,-2.862269453488686,False,False,False,False,4,2,0,12,1,2,613,718,"[false, false, false]",100,2,0,Starfield Stage - 1
1385,2025-09-30T16:00:11.650971,8,560.0,522.0,-2.884522681318156,False,False,False,False,4,2,0,12,1,2,611,716,"[false, false, false]",100,2,0,Starfield Stage - 1
1386,2025-09-30T16:00:11.659625,8,562.5,519.5,-2.9080799936942174,False,False,False,False,4,2,0,12,1,2,609,715,"[false, false, false]",100,2,0,Starfield Stage - 1
1387,2025-09-30T16:00:11.728144,8,565.0,517.0,-3.046640947247037,False,False,False,False,5,2,0,12,1,2,583,706,"[true, false, false]",100,2,0,Starfield Stage - 1
1388,2025-09-30T16:00:11.734388,63,567.5,514.5,-3.076069785600505,False,False,False,False,5,2,0,12,1,2,580,705,"[true, false, false]",100,2,0,Starfield Stage - 1
1389,2025-09-30T16:00:11.738389,8,570.0,512.0,-3.110352820159525,False,False,False,False,5,2,0,12,1,2,576,704,"[false, false, false]",100,2,0,Starfield Stage - 1
1390,2025-09-30T16:00:11.745795,8,572.5,509.5,3.1390086800126378,False,False,False,False,5,2,0,12,1,2,572,703,"[false, false, false]",100,2,0,Starfield Stage - 1
1391,2025-09-30T16:00:11.755222,8,575.0,507.0,3.094994286577472,False,False,False,False,5,2,0,12,1,2,566,700,"[false, false, false]",100,2,0,Starfield Stage - 1
1392,2025-09-30T16:00:11.762682,9,577.5,504.5,3.050932766389048,False,False,False,False,5,2,0,12,1,2,560,697,"[false, false, false]",100,2,0,Starfield Stage - 1
1393,2025-09-30T16:00:11.771275,8,580.0,502.0,3.00043251852799,False,False,False,False,5,2,0,12,1,2,553,692,"[false, false, false]",100,2,0,Starfield Stage - 1
1394,2025-09-30T16:00:11.818032,9,582.5,499.5,2.943166166270088,False,False,False,False,4,1,0,12,1,2,545,686,"[false, false, false]",110,2,0,Starfield Stage - 1
1395,2025-09-30T16:00:11.820088,40,585.0,497.0,2.7205258075048833,False,False,False,False,3,1,0,12,1,2,512,660,"[false, false, false]",110,2,0,Starfield Stage - 1
1396,2025-09-30T16:00:11.828838,9,587.5,494.5,2.693973264972368,False,False,False,False,3,1,0,12,1,2,509,658,"[false, false, false]",110,2,0,Starfield Stage - 1
1397,2025-09-30T16:00:11.837012,8,590.0,492.0,2.6803722242886607,False,False,False,False,3,1,0,12,1,2,508,657,"[false, false, false]",110,2,0,Starfield Stage - 1
1398,2025-09-30T16:00:11.846740,10,592.5,489.5,2.667192770797886,False,False,False,False,3,1,0,12,1,2,507,656,"[false, false, false]",110,2,0,Starfield Stage - 1
1399,2025-09-30T16:00:11.854989,8,595.0,487.0,2.6615145983847213,False,False,False,False,3,1,0,12,1,2,507,656,"[false, false, false]",110,2,0,Starfield Stage - 1
1400,2025-09-30T16:00:11.864430,9,597.5,484.5,2.6560339035493503,False,False,False,False,3,1,0,12,1,2,507,656,"[false, false, false]",110,2,0,Starfield Stage - 1
1401,2025-09-30T16:00:11.933513,8,600.0,482.0,2.650740873191774,False,False,False,False,3,1,0,12,1,2,507,656,"[false, false, false]",110,2,0,Starfield Stage - 1
1402,2025-09-30T16:00:11.935799,64,602.5,479.5,2.645626312750207,False,False,False,False,3,1,0,12,1,2,507,656,"[false, false, false]",110,2,0,Starfield Stage - 1
1403,2025-09-30T16:00:11.944368,8,605.0,477.0,2.6406815999827358,False,False,False,False,3,1,0,12,1,2,507,656,"[false, false, false]",110,2,0,Starfield Stage - 1
1404,2025-09-30T16:00:11.953483,9,607.5,474.5,2.635898642655976,False,False,False,False,2,1,0,12,1,2,507,656,"[false, false, false]",110,2,0,Starfield Stage - 1
1405,2025-09-30T16:00:11.961319,8,610.0,472.0,2.6312698397814036,False,False,False,False,2,1,0,12,1,2,507,656,"[false, false, false]",110,2,0,Starfield Stage - 1
1406,2025-09-30T16:00:11.969672,9,612.5,469.5,2.626788046074523,False,False,False,False,2,1,0,12,1,2,507,656,"[false, false, false]",110,2,0,Starfield Stage - 1
1407,2025-09-30T16:00:11.978257,8,615.0,467.0,2.6201582138180495,False,False,False,False,1,1,0,12,1,2,507,655,"[false, false, false]",110,2,0,Starfield Stage - 1
1408,2025-09-30T16:00:11.986779,9,617.5,464.5,2.613682274070903,False,False,False,False,1,1,0,12,1,2,507,654,"[false, false, false]",110,2,0,Starfield Stage - 1
1409,2025-09-30T16:00:11.995007,8,620.0,462.0,2.605052109814789,False,False,False,False,1,1,0,12,1,2,507,652,"[false, false, false]",110,2,0,Starfield Stage - 1
1410,2025-09-30T16:00:12.003942,9,622.5,459.5,2.596554248522153,False,False,False,False,1,1,0,12,1,2,507,650,"[false, false, false]",110,2,0,Starfield Stage - 1
1411,2025-09-30T16:00:12.012425,9,625.0,457.0,2.5867474266639463,False,False,False,False,1,1,0,12,1,2,506,649,"[false, false, false]",110,2,0,Starfield Stage - 1
1412,2025-09-30T16:00:12.021105,8,627.5,454.5,2.578569618557997,False,False,False,False,1,1,0,12,1,2,506,647,"[false, false, false]",110,2,0,Starfield Stage - 1
1413,2025-09-30T16:00:12.029273,9,630.0,452.0,2.5692137786627027,False,False,False,False,1,1,0,12,1,2,505,646,"[false, false, false]",110,2,0,Starfield Stage - 1
1414,2025-09-30T16:00:12.038652,8,632.5,449.5,2.5636907166275478,False,False,False,False,1,1,0,12,1,2,505,645,"[false, false, false]",110,2,0,Starfield Stage - 1
1415,2025-09-30T16:00:12.046917,9,635.0,447.0,2.555948536235261,False,False,False,False,1,1,0,12,1,2,505,643,"[false, false, false]",110,2,0,Starfield Stage - 1
1416,2025-09-30T16:00:12.055628,8,637.5,444.5,2.5506746064074504,False,False,False,False,1,1,0,13,1,2,505,642,"[false, false, false]",110,2,0,Starfield Stage - 1
1417,2025-09-30T16:00:12.063527,8,640.0,442.0,2.543173760111256,False,False,False,False,1,1,0,13,1,2,505,640,"[false, false, false]",110,2,0,Starfield Stage - 1
1418,2025-09-30T16:00:12.071643,9,642.5,439.5,2.5368382954051123,False,False,False,False,1,1,0,13,1,2,506,637,"[false, false, false]",110,2,0,Starfield Stage - 1
1419,2025-09-30T16:00:12.141162,8,645.0,439.5,2.3008187898090835,False,False,False,False,0,1,0,13,1,2,526,546,"[false, false, false]",110,2,0,Starfield Stage - 1
1420,2025-09-30T16:00:12.146535,63,647.5,439.5,2.2904996886398803,False,False,False,False,0,1,0,13,1,2,526,546,"[false, false, false]",110,2,0,Starfield Stage - 1
1421,2025-09-30T16:00:12.150938,8,650.0,439.5,2.1993427381530615,False,False,False,False,0,1,0,13,1,2,531,526,"[false, false, false]",110,2,0,Starfield Stage - 1
1422,2025-09-30T16:00:12.160262,9,652.5,439.5,2.0698422966043952,False,False,False,False,0,2,0,13,1,2,536,503,"[false, false, false]",110,2,0,Starfield Stage - 1
1423,2025-09-30T16:00:12.169115,9,655.0,439.5,1.6585334665770197,False,False,False,False,0,2,0,13,1,2,547,449,"[false, false, false]",110,2,0,Starfield Stage - 1
1424,2025-09-30T16:00:12.177496,8,657.5,439.5,1.384573486383755,False,False,False,False,0,2,0,13,1,2,554,420,"[false, false, false]",110,2,0,Starfield Stage - 1
1425,2025-09-30T16:00:12.185022,8,660.0,439.5,1.1152621300246601,False,False,False,False,0,2,0,13,1,2,561,391,"[false, false, false]",110,2,0,Starfield Stage - 1
1426,2025-09-30T16:00:12.194128,9,662.5,439.5,0.8661470553523111,False,False,False,False,0,2,0,13,1,2,569,360,"[false, false, false]",110,2,0,Starfield Stage - 1
1427,2025-09-30T16:00:12.202468,9,665.0,439.5,0.6657675431502998,False,False,False,False,0,2,0,13,1,2,579,330,"[false, false, false]",110,2,0,Starfield Stage - 1
1428,2025-09-30T16:00:12.211193,8,667.5,439.5,0.507098504392337,False,False,False,False,0,2,0,13,1,2,590,300,"[false, false, false]",110,2,0,Starfield Stage - 1
1429,2025-09-30T16:00:12.219474,8,670.0,439.5,0.38257569645564216,False,False,False,False,0,2,0,13,1,2,603,273,"[false, false, false]",110,2,0,Starfield Stage - 1
1430,2025-09-30T16:00:12.226648,8,672.5,439.5,0.28208882447351463,False,False,False,False,0,2,0,13,1,2,617,248,"[false, false, false]",110,2,0,Starfield Stage - 1
1431,2025-09-30T16:00:12.234992,8,675.0,439.5,0.20773227033498498,False,False,False,False,0,2,0,13,1,2,630,226,"[false, false, false]",110,2,0,Starfield Stage - 1
1432,2025-09-30T16:00:12.243425,8,677.5,439.5,0.15638004912407447,False,False,False,False,0,2,0,13,1,2,641,208,"[false, false, false]",110,2,0,Starfield Stage - 1
1433,2025-09-30T16:00:12.251127,8,680.0,439.5,0.11663986639233949,False,False,False,False,0,2,0,13,1,2,651,192,"[false, false, false]",110,2,0,Starfield Stage - 1
1434,2025-09-30T16:00:12.259755,9,682.5,439.5,0.09065988720074511,False,False,False,False,0,2,0,13,1,2,659,181,"[false, false, false]",110,2,0,Starfield Stage - 1
1435,2025-09-30T16:00:12.268298,8,685.0,439.5,0.07490648950177782,False,False,False,False,0,2,0,13,1,2,665,173,"[false, false, false]",110,2,0,Starfield Stage - 1
1436,2025-09-30T16:00:12.277422,9,687.5,439.5,0.06436767832995909,False,False,False,False,0,2,0,13,1,2,670,168,"[false, false, false]",110,2,0,Starfield Stage - 1
1437,2025-09-30T16:00:12.349934,8,690.0,442.0,-0.010308913146243284,False,False,False,False,1,2,0,13,1,2,693,151,"[true, false, false]",110,2,0,Starfield Stage - 1
1438,2025-09-30T16:00:12.352305,67,692.5,444.5,-0.0017035758647522495,False,False,False,False,1,2,0,13,1,2,693,151,"[true, false, false]",110,2,0,Starfield Stage - 1
1439,2025-09-30T16:00:12.361028,9,695.0,447.0,0.0033669906435077872,False,False,False,False,1,2,0,13,1,2,694,150,"[true, false, false]",110,2,0,Starfield Stage - 1
1440,2025-09-30T16:00:12.369198,8,697.5,449.5,0.01168561163976753,False,False,False,False,1,2,0,13,1,2,694,150,"[true, false, false]",110,2,0,Starfield Stage - 1
1441,2025-09-30T16:00:12.378305,9,700.0,452.0,0.01986493625116497,False,False,False,False,1,2,0,13,1,2,694,150,"[true, false, false]",110,2,0,Starfield Stage - 1
1442,2025-09-30T16:00:12.387116,9,702.5,454.5,0.027907366914796762,False,False,False,False,1,2,0,13,1,2,694,150,"[true, false, false]",110,2,0,Starfield Stage - 1
1443,2025-09-30T16:00:12.395955,9,705.0,457.0,0.03581529717978875,False,False,False,False,1,2,0,13,1,2,694,150,"[false, false, false]",110,2,0,Starfield Stage - 1
1444,2025-09-30T16:00:12.404795,9,707.5,459.5,0.04359110851456039,False,False,False,False,1,2,0,13,1,2,694,150,"[false, false, false]",110,2,0,Starfield Stage - 1
1445,2025-09-30T16:00:12.413220,8,710.0,462.0,0.05123716740341881,False,False,False,False,1,2,0,13,1,2,694,150,"[false, false, false]",110,2,0,Starfield Stage - 1
1446,2025-09-30T16:00:12.421636,9,712.5,464.5,0.058755822715722696,False,False,False,False,1,2,0,13,1,2,694,150,"[false, false, false]",110,2,0,Starfield Stage - 1
1447,2025-09-30T16:00:12.429876,8,715.0,467.0,0.06614940333129007,False,False,False,False,1,2,0,13,1,2,694,150,"[false, false, false]",110,2,0,Starfield Stage - 1
1448,2025-09-30T16:00:12.438162,8,717.5,469.5,0.07342021600621541,False,False,False,False,1,2,0,13,1,2,694,150,"[false, false, false]",110,2,0,Starfield Stage - 1
1449,2025-09-30T16:00:12.446858,9,720.0,472.0,0.08057054346379847,False,False,False,False,1,2,0,13,1,2,694,150,"[false, false, false]",110,2,0,Starfield Stage - 1
1450,2025-09-30T16:00:12.455401,8,722.5,474.5,0.08760264269585792,False,False,False,False,1,2,0,13,1,2,694,150,"[false, false, false]",110,2,0,Starfield Stage - 1
1451,2025-09-30T16:00:12.463076,8,725.0,477.0,0.09451874346029952,False,False,False,False,1,2,0,13,1,2,694,150,"[false, false, false]",110,2,0,Starfield Stage - 1
1452,2025-09-30T16:00:12.471721,9,727.5,479.5,0.10132104696141951,False,False,False,False,1,2,0,14,1,2,694,150,"[false, false, false]",110,2,0,Starfield Stage - 1
1453,2025-09-30T16:00:12.480147,8,730.0,482.0,0.10801172470004632,False,False,False,False,1,2,0,14,1,2,694,150,"[false, false, false]",110,2,0,Starfield Stage - 1
1454,2025-09-30T16:00:12.548387,9,727.5,484.5,0.06776936439929404,False,False,False,False,2,2,0,14,1,2,705,153,"[true, false, false]",110,2,0,Starfield Stage - 1
1455,2025-09-30T16:00:12.550351,62,725.0,487.0,0.059808823379530876,False,False,False,False,2,2,0,14,1,2,705,153,"[true, false, false]",110,2,0,Starfield Stage - 1
1456,2025-09-30T16:00:12.560179,9,722.5,489.5,0.03735182749378489,False,False,False,False,2,2,0,14,1,2,710,155,"[true, false, false]",110,2,0,Starfield Stage - 1
1457,2025-09-30T16:00:12.569089,9,720.0,492.0,0.00602402351617045,False,False,False,False,2,2,0,14,1,2,718,160,"[true, false, false]",110,2,0,Starfield Stage - 1
1458,2025-09-30T16:00:12.578272,9,717.5,494.5,-0.010557677095214874,False,False,False,False,2,2,0,14,1,2,721,163,"[true, false, false]",110,2,0,Starfield Stage - 1
1459,2025-09-30T16:00:12.586836,9,715.0,497.0,-0.02409172342492131,False,False,False,False,2,2,0,14,1,2,723,165,"[true, false, false]",110,2,0,Starfield Stage - 1
1460,2025-09-30T16:00:12.595355,8,712.5,499.5,-0.03746372236584726,False,False,False,False,2,2,0,14,1,2,725,166,"[true, false, false]",110,2,0,Starfield Stage - 1
1461,2025-09-30T16:00:12.603656,9,710.0,502.0,-0.0447462314546156,False,False,False,False,2,2,0,14,1,2,725,167,"[false, false, false]",110,2,0,Starfield Stage - 1
1462,2025-09-30T16:00:12.612108,8,707.5,504.5,-0.05492242103654643,False,False,False,False,2,2,0,14,1,2,726,168,"[false, false, false]",110,2,0,Starfield Stage - 1
1463,2025-09-30T16:00:12.621131,9,705.0,507.0,-0.061867845864380024,False,False,False,False,2,2,0,14,1,2,726,168,"[false, false, false]",110,2,0,Starfield Stage - 1
1464,2025-09-30T16:00:12.629470,9,702.5,509.5,-0.06870574310852787,False,False,False,False,2,2,0,14,1,2,726,168,"[false, false, false]",110,2,0,Starfield Stage - 1
1465,2025-09-30T16:00:12.637984,8,700.0,512.0,-0.07543796587153757,False,False,False,False,2,2,0,14,1,2,726,168,"[false, false, false]",110,2,0,Starfield Stage - 1
1466,2025-09-30T16:00:12.645946,8,697.5,514.5,-0.08206634874812373,False,False,False,False,2,2,0,14,1,2,726,168,"[false, false, false]",110,2,0,Starfield Stage - 1
1467,2025-09-30T16:00:12.655519,9,695.0,514.5,-0.08922852838646064,False,False,False,False,2,2,0,14,1,2,726,168,"[false, false, false]",110,2,0,Starfield Stage - 1
1468,2025-09-30T16:00:12.662866,8,692.5,514.5,-0.0963815412776649,False,False,False,False,2,2,0,14,1,2,726,168,"[false, false, false]",110,2,0,Starfield Stage - 1
1469,2025-09-30T16:00:12.671730,8,690.0,514.5,-0.10352467451054435,False,False,False,False,2,2,0,14,1,2,726,168,"[false, false, false]",110,2,0,Starfield Stage - 1
1470,2025-09-30T16:00:12.678841,8,687.5,514.5,-0.11065722117389565,False,False,False,False,2,2,0,14,1,2,726,168,"[false, false, false]",110,2,0,Starfield Stage - 1
1471,2025-09-30T16:00:12.687388,8,685.0,514.5,-0.11777848075806359,False,False,False,False,2,2,0,14,1,2,726,168,"[false, false, false]",110,2,0,Starfield Stage - 1
1472,2025-09-30T16:00:12.755130,8,682.5,514.5,-0.13245562743459152,False,False,False,False,3,2,0,14,1,2,728,173,"[true, false, false]",110,2,0,Starfield Stage - 1
1473,2025-09-30T16:00:12.756996,62,680.0,514.5,-0.13964157349960266,False,False,False,False,3,2,0,14,1,2,728,173,"[true, false, false]",110,2,0,Starfield Stage - 1
1474,2025-09-30T16:00:12.766879,9,677.5,514.5,-0.1538700580075172,False,False,False,False,3,2,0,14,1,2,730,176,"[true, false, false]",110,2,0,Starfield Stage - 1
1475,2025-09-30T16:00:12.774402,8,675.0,514.5,-0.16828876371237808,False,False,False,False,3,2,0,14,1,2,732,179,"[false, false, false]",110,2,0,Starfield Stage - 1
1476,2025-09-30T16:00:12.782689,9,672.5,514.5,-0.18289541608110899,False,False,False,False,3,2,0,14,1,2,734,182,"[false, false, false]",110,2,0,Starfield Stage - 1
1477,2025-09-30T16:00:12.790968,8,670.0,514.5,-0.1953457823399855,False,False,False,False,3,2,0,14,1,2,735,186,"[false, false, false]",110,2,0,Starfield Stage - 1
1478,2025-09-30T16:00:12.799429,9,667.5,514.5,-0.21457396466849535,False,False,False,False,3,2,0,14,1,2,738,191,"[false, false, false]",110,2,0,Starfield Stage - 1
1479,2025-09-30T16:00:12.808531,9,665.0,514.5,-0.22327493402855111,False,False,False,False,3,2,0,14,1,2,738,193,"[false, false, false]",110,2,0,Starfield Stage - 1
1480,2025-09-30T16:00:12.817265,8,662.5,514.5,-0.23501221572065709,False,False,False,False,3,2,0,14,1,2,739,195,"[false, false, false]",110,2,0,Starfield Stage - 1
1481,2025-09-30T16:00:12.826118,9,660.0,514.5,-0.24239944998100366,False,False,False,False,3,2,0,14,1,2,739,195,"[false, false, false]",110,2,0,Starfield Stage - 1
1482,2025-09-30T16:00:12.835043,9,657.5,514.5,-0.25051162031299895,False,False,False,False,3,2,0,14,1,2,739,196,"[false, false, false]",110,2,0,Starfield Stage - 1
1483,2025-09-30T16:00:12.843934,9,655.0,514.5,-0.25786454780099666,False,False,False,False,3,2,0,14,1,2,739,196,"[false, false, false]",110,2,0,Starfield Stage - 1
1484,2025-09-30T16:00:12.852555,9,652.5,517.0,-0.2632181579186138,False,False,False,False,3,2,0,14,1,2,739,196,"[false, false, false]",110,2,0,Starfield Stage - 1
1485,2025-09-30T16:00:12.860851,8,650.0,519.5,-0.2684739772680157,False,False,False,False,3,2,0,14,1,2,739,196,"[false, false, false]",110,2,0,Starfield Stage - 1
1486,2025-09-30T16:00:12.869184,8,647.5,522.0,-0.27363437845014904,False,False,False,False,3,2,0,14,1,2,739,196,"[false, false, false]",110,2,0,Starfield Stage - 1
1487,2025-09-30T16:00:12.877930,8,645.0,524.5,-0.278701669033706,False,False,False,False,2,2,0,14,1,2,739,196,"[false, false, false]",110,2,0,Starfield Stage - 1
1488,2025-09-30T16:00:12.886264,9,642.5,527.0,-0.28367809319863896,False,False,False,False,2,2,0,14,1,2,739,196,"[false, false, false]",110,2,0,Starfield Stage - 1
1489,2025-09-30T16:00:12.895275,9,640.0,529.5,-0.2885658333687847,False,False,False,False,2,2,0,14,1,2,739,196,"[false, false, false]",110,2,0,Starfield Stage - 1
1490,2025-09-30T16:00:12.967964,8,640.0,532.0,-0.1443887437997473,False,False,False,False,2,2,0,14,1,2,689,195,"[false, false, false]",110,2,0,Starfield Stage - 1
1491,2025-09-30T16:00:12.970374,67,640.0,534.5,-0.11659901731511368,False,False,False,False,2,2,0,14,1,2,680,193,"[false, false, false]",110,2,0,Starfield Stage - 1
1492,2025-09-30T16:00:12.979493,10,640.0,537.0,-0.08361958631261042,False,False,False,False,2,2,0,14,1,2,669,191,"[false, false, false]",110,2,0,Starfield Stage - 1
1493,2025-09-30T16:00:12.988136,8,640.0,539.5,-0.05101951586697104,False,False,False,False,2,2,0,14,1,2,658,187,"[false, false, false]",110,2,0,Starfield Stage - 1
1494,2025-09-30T16:00:12.996938,9,640.0,542.0,-0.0195505813363177,False,False,False,False,2,2,0,14,1,2,647,184,"[false, false, false]",110,2,0,Starfield Stage - 1
1495,2025-09-30T16:00:13.005265,8,642.5,544.5,0.015088018212512896,False,False,False,False,2,2,0,14,1,2,637,180,"[false, false, false]",110,2,0,Starfield Stage - 1
1496,2025-09-30T16:00:13.013905,9,645.0,547.0,0.048610324281885615,False,False,False,False,2,2,0,14,1,2,627,177,"[false, false, false]",110,2,0,Starfield Stage - 1
1497,2025-09-30T16:00:13.022522,9,647.5,549.5,0.072911691020696,False,False,False,False,2,2,0,14,1,2,620,173,"[false, false, false]",110,2,0,Starfield Stage - 1
1498,2025-09-30T16:00:13.066302,8,650.0,549.5,0.09457864163333361,False,False,False,False,1,1,0,14,1,2,614,170,"[false, false, false]",120,2,0,Starfield Stage - 1
1499,2025-09-30T16:00:13.071513,37,652.5,549.5,0.11522209674119128,False,False,False,False,1,1,0,14,1,2,608,165,"[false, false, false]",120,2,0,Starfield Stage - 1
1500,2025-09-30T16:00:13.076160,8,655.0,549.5,0.12163325935268438,False,False,False,False,1,1,0,14,1,2,608,165,"[false, false, false]",120,2,0,Starfield Stage - 1
1501,2025-09-30T16:00:13.085473,9,657.5,549.5,0.1280343892370498,False,False,False,False,2,1,0,14,1,2,608,165,"[true, false, false]",120,2,0,Starfield Stage - 1
1502,2025-09-30T16:00:13.094514,8,660.0,549.5,0.13697816550953476,False,False,False,False,2,1,0,14,1,2,607,165,"[true, false, false]",120,2,0,Starfield Stage - 1
1503,2025-09-30T16:00:13.101047,8,662.5,549.5,0.14335318753933032,False,False,False,False,2,1,0,14,1,2,607,165,"[true, false, false]",120,2,0,Starfield Stage - 1
1504,2025-09-30T16:00:13.168678,9,665.0,549.5,0.16746739164025828,False,False,False,False,2,1,0,14,1,2,600,165,"[false, false, false]",120,2,0,Starfield Stage - 1
1505,2025-09-30T16:00:13.170594,61,667.5,549.5,0.17378185943046986,False,False,False,False,2,1,0,14,1,2,600,165,"[false, false, false]",120,2,0,Starfield Stage - 1
1506,2025-09-30T16:00:13.179467,9,670.0,549.5,0.1855840960870231,False,False,False,False,2,1,0,14,1,2,598,166,"[false, false, false]",120,2,0,Starfield Stage - 1
1507,2025-09-30T16:00:13.188098,8,672.5,549.5,0.19488047460982075,False,False,False,False,2,1,0,14,1,2,597,167,"[false, false, false]",120,2,0,Starfield Stage - 1
1508,2025-09-30T16:00:13.196631,8,675.0,549.5,0.20419132736979384,False,False,False,False,2,2,0,14,1,2,596,168,"[false, false, false]",120,2,0,Starfield Stage - 1
1509,2025-09-30T16:00:13.204857,9,677.5,549.5,0.21657543881376967,False,False,False,False,1,2,0,14,1,2,594,170,"[false, false, false]",120,2,0,Starfield Stage - 1
1510,2025-09-30T16:00:13.214248,9,680.0,549.5,0.22593037389222825,False,False,False,False,1,2,0,14,1,2,593,171,"[false, false, false]",120,2,0,Starfield Stage - 1
1511,2025-09-30T16:00:13.223214,9,682.5,549.5,0.23219482574607514,False,False,False,False,1,2,0,14,1,2,593,171,"[false, false, false]",120,2,0,Starfield Stage - 1
1512,2025-09-30T16:00:13.231998,9,685.0,549.5,0.24154760984068147,False,False,False,False,1,2,0,14,1,2,592,172,"[false, false, false]",120,2,0,Starfield Stage - 1
1513,2025-09-30T16:00:13.240303,8,687.5,549.5,0.24778152093812292,False,False,False,False,1,2,0,14,1,2,592,172,"[false, false, false]",120,2,0,Starfield Stage - 1
1514,2025-09-30T16:00:13.249551,10,690.0,549.5,0.2539958316609329,False,False,False,False,1,2,0,14,1,2,592,172,"[false, false, false]",120,2,0,Starfield Stage - 1
1515,2025-09-30T16:00:13.258014,8,692.5,549.5,0.26266220592242845,False,False,False,False,1,2,0,14,1,2,591,172,"[false, false, false]",120,2,0,Starfield Stage - 1
1516,2025-09-30T16:00:13.266593,8,695.0,549.5,0.2688279198117836,False,False,False,False,1,2,0,14,1,2,591,172,"[false, false, false]",120,2,0,Starfield Stage - 1
1517,2025-09-30T16:00:13.275101,9,697.5,549.5,0.2781242511837214,False,False,False,False,1,2,0,14,1,2,590,173,"[false, false, false]",120,2,0,Starfield Stage - 1
1518,2025-09-30T16:00:13.283989,9,700.0,549.5,0.2842530118887391,False,False,False,False,2,2,0,14,1,2,590,173,"[true, false, false]",120,2,0,Starfield Stage - 1
1519,2025-09-30T16:00:13.292870,8,702.5,549.5,0.29109027036477486,False,False,False,False,2,2,0,14,1,2,590,174,"[true, false, false]",120,2,0,Starfield Stage - 1
1520,2025-09-30T16:00:13.301000,9,705.0,549.5,0.3003742224024215,False,False,False,False,2,2,0,14,1,2,589,175,"[true, false, false]",120,2,0,Starfield Stage - 1
1521,2025-09-30T16:00:13.369680,9,707.5,549.5,0.3290202163154533,False,False,False,False,2,2,0,14,1,2,581,179,"[false, false, false]",120,2,0,Starfield Stage - 1
1522,2025-09-30T16:00:13.371662,62,710.0,549.5,0.33505085834590254,False,False,False,False,2,2,0,14,1,2,581,179,"[false, false, false]",120,2,0,Starfield Stage - 1
1523,2025-09-30T16:00:13.380286,8,712.5,549.5,0.34909691340398114,False,False,False,False,2,2,0,14,1,2,578,180,"[false, false, false]",120,2,0,Starfield Stage - 1
1524,2025-09-30T16:00:13.389440,9,715.0,549.5,0.36217705519949467,False,False,False,False,2,2,0,14,1,2,575,180,"[false, false, false]",120,2,0,Starfield Stage - 1
1525,2025-09-30T16:00:13.397207,8,717.5,549.5,0.371349553919699,False,False,False,False,2,2,0,14,1,2,574,181,"[false, false, false]",120,2,0,Starfield Stage - 1
1526,2025-09-30T16:00:13.406133,9,720.0,549.5,0.3795702669247691,False,False,False,False,2,2,0,14,1,2,573,181,"[false, false, false]",120,2,0,Starfield Stage - 1
1527,2025-09-30T16:00:13.415577,9,722.5,549.5,0.38540944312201614,False,False,False,False,2,2,0,14,1,2,573,181,"[false, false, false]",120,2,0,Starfield Stage - 1
1528,2025-09-30T16:00:13.422752,8,725.0,549.5,0.3912210846930379,False,False,False,False,2,2,0,14,1,2,573,181,"[false, false, false]",120,2,0,Starfield Stage - 1
1529,2025-09-30T16:00:13.431061,8,727.5,549.5,0.39700499614828844,False,False,False,False,2,2,0,14,1,2,573,181,"[false, false, false]",120,2,0,Starfield Stage - 1
1530,2025-09-30T16:00:13.440230,9,730.0,549.5,0.40276099128009807,False,False,False,False,2,2,0,14,1,2,573,181,"[false, false, false]",120,2,0,Starfield Stage - 1
1531,2025-09-30T16:00:13.448681,9,732.5,549.5,0.4084888930726273,False,False,False,False,2,2,0,14,1,2,573,181,"[false, false, false]",120,2,0,Starfield Stage - 1
1532,2025-09-30T16:00:13.456937,8,735.0,549.5,0.4141885336068634,False,False,False,False,2,2,0,14,1,2,573,181,"[false, false, false]",120,2,0,Starfield Stage - 1
1533,2025-09-30T16:00:13.465042,8,737.5,549.5,0.4198597539609134,False,False,False,False,2,2,0,14,1,2,573,181,"[false, false, false]",120,2,0,Starfield Stage - 1
1534,2025-09-30T16:00:13.473989,9,740.0,552.0,0.42296599606410884,False,False,False,False,3,2,0,14,1,2,573,181,"[true, false, false]",120,2,0,Starfield Stage - 1
1535,2025-09-30T16:00:13.482154,8,742.5,554.5,0.4260221663242975,False,False,False,False,3,2,0,14,1,2,573,181,"[true, false, false]",120,2,0,Starfield Stage - 1
1536,2025-09-30T16:00:13.491244,9,745.0,557.0,0.42902941004504497,False,False,False,False,3,2,0,14,1,2,573,181,"[true, false, false]",120,2,0,Starfield Stage - 1
1537,2025-09-30T16:00:13.499286,8,747.5,559.5,0.4319888396922397,False,False,False,False,3,2,0,14,1,2,573,181,"[true, false, false]",120,2,0,Starfield Stage - 1
1538,2025-09-30T16:00:13.507841,9,750.0,562.0,0.4349015359871267,False,False,False,False,3,2,0,14,1,2,573,181,"[true, false, false]",120,2,0,Starfield Stage - 1
1539,2025-09-30T16:00:13.611928,8,750.0,564.5,0.43240777557053783,False,False,False,False,2,1,0,14,1,2,573,181,"[false, false, false]",130,2,0,Starfield Stage - 1
1540,2025-09-30T16:00:13.615235,98,747.5,564.5,0.43432268456123585,False,False,False,False,2,1,0,14,1,2,571,184,"[false, false, false]",130,2,0,Starfield Stage - 1
1541,2025-09-30T16:00:13.623481,10,745.0,564.5,0.4298983705493051,False,False,False,False,2,1,0,14,1,2,571,185,"[false, false, false]",130,2,0,Starfield Stage - 1
1542,2025-09-30T16:00:13.632108,8,742.5,564.5,0.4244414870699646,False,False,False,False,2,1,0,14,1,2,571,185,"[false, false, false]",130,2,0,Starfield Stage - 1
1543,2025-09-30T16:00:13.641285,9,740.0,564.5,0.41895755687053493,False,False,False,False,2,1,0,14,1,2,571,185,"[false, false, false]",130,2,0,Starfield Stage - 1
1544,2025-09-30T16:00:13.649901,9,737.5,564.5,0.41344671065650523,False,False,False,False,2,1,0,14,1,2,571,185,"[false, false, false]",130,2,0,Starfield Stage - 1
1545,2025-09-30T16:00:13.657920,8,735.0,564.5,0.4079090869585222,False,False,False,False,2,1,0,14,1,2,571,185,"[false, false, false]",130,2,0,Starfield Stage - 1
1546,2025-09-30T16:00:13.666608,9,732.5,564.5,0.4023448322254233,False,False,False,False,3,1,0,14,1,2,571,185,"[true, false, false]",130,2,0,Starfield Stage - 1
1547,2025-09-30T16:00:13.675838,9,730.0,564.5,0.3967541009137199,False,False,False,False,3,1,0,14,1,2,571,185,"[true, false, false]",130,2,0,Starfield Stage - 1
1548,2025-09-30T16:00:13.685109,9,727.5,564.5,0.3911370555733261,False,False,False,False,3,1,0,14,1,2,571,185,"[true, false, false]",130,2,0,Starfield Stage - 1
1549,2025-09-30T16:00:13.694221,9,725.0,564.5,0.38549386692932924,False,False,False,False,3,1,0,14,1,2,571,185,"[true, false, false]",130,2,0,Starfield Stage - 1
1550,2025-09-30T16:00:13.702322,9,722.5,564.5,0.3798247139595961,False,False,False,False,3,1,0,14,1,2,571,185,"[true, false, false]",130,2,0,Starfield Stage - 1
1551,2025-09-30T16:00:13.711839,9,720.0,564.5,0.3741297839680098,False,False,False,False,3,1,0,14,1,2,571,185,"[true, false, false]",130,2,0,Starfield Stage - 1
1552,2025-09-30T16:00:13.778326,8,717.5,562.0,0.3063184594197424,False,False,False,False,3,1,0,14,1,2,597,181,"[false, false, false]",130,2,0,Starfield Stage - 1
1553,2025-09-30T16:00:13.780379,60,715.0,559.5,0.3022077694715249,False,False,False,False,3,1,0,14,1,2,597,181,"[false, false, false]",130,2,0,Starfield Stage - 1
1554,2025-09-30T16:00:13.789014,9,712.5,557.0,0.2665869079396149,False,False,False,False,3,1,0,14,1,2,609,178,"[false, false, false]",130,2,0,Starfield Stage - 1
1555,2025-09-30T16:00:13.797433,8,710.0,554.5,0.2197817566539863,False,False,False,False,3,1,0,14,1,2,625,174,"[false, false, false]",130,2,0,Starfield Stage - 1
1556,2025-09-30T16:00:13.804834,8,707.5,552.0,0.169814603256995,False,False,False,False,3,1,0,14,1,2,642,170,"[false, false, false]",130,2,0,Starfield Stage - 1
1557,2025-09-30T16:00:13.813769,9,705.0,549.5,0.1113707931949258,False,False,False,False,3,1,0,14,1,2,662,165,"[false, false, false]",130,2,0,Starfield Stage - 1
1558,2025-09-30T16:00:13.822516,8,702.5,547.0,0.04776725403298907,False,False,False,False,3,1,0,14,1,2,684,160,"[false, false, false]",130,2,0,Starfield Stage - 1
1559,2025-09-30T16:00:13.829740,8,700.0,544.5,-0.015403146286683765,False,False,False,False,3,1,0,14,1,2,706,155,"[false, false, false]",130,2,0,Starfield Stage - 1
1560,2025-09-30T16:00:13.838206,8,697.5,542.0,-0.08038904237283927,False,False,False,False,3,1,0,14,1,2,729,151,"[false, false, false]",130,2,0,Starfield Stage - 1
1561,2025-09-30T16:00:13.846877,9,695.0,539.5,-0.14171870611309967,False,False,False,False,3,1,0,14,1,2,751,147,"[false, false, false]",130,2,0,Starfield Stage - 1
1562,2025-09-30T16:00:13.855234,8,692.5,537.0,-0.19764083823593576,False,False,False,False,3,1,0,14,1,2,771,145,"[false, false, false]",130,2,0,Starfield Stage - 1
1563,2025-09-30T16:00:13.863561,9,690.0,534.5,-0.28167859529252576,False,False,False,False,3,1,0,14,1,2,803,144,"[false, false, false]",130,2,0,Starfield Stage - 1
1564,2025-09-30T16:00:13.872031,8,687.5,532.0,-0.31516405530012004,False,False,False,False,3,1,0,14,1,2,814,144,"[false, false, false]",130,2,0,Starfield Stage - 1
1565,2025-09-30T16:00:13.880562,8,687.5,529.5,-0.3325776641720711,False,False,False,False,3,1,0,14,1,2,821,143,"[false, false, false]",130,2,0,Starfield Stage - 1
1566,2025-09-30T16:00:13.887926,8,687.5,527.0,-0.3430239404207034,False,False,False,False,3,1,0,14,1,2,825,142,"[false, false, false]",130,2,0,Starfield Stage - 1
1567,2025-09-30T16:00:13.897039,9,687.5,524.5,-0.3488756827419042,False,False,False,False,3,1,0,14,1,2,827,141,"[false, false, false]",130,2,0,Starfield Stage - 1
1568,2025-09-30T16:00:13.906299,9,687.5,522.0,-0.35244437077263663,False,False,False,False,3,1,0,14,1,2,828,140,"[false, false, false]",130,2,0,Starfield Stage - 1
1569,2025-09-30T16:00:13.914519,9,687.5,519.5,-0.35457691322265444,False,False,False,False,3,1,0,14,1,2,828,140,"[false, false, false]",130,2,0,Starfield Stage - 1
1570,2025-09-30T16:00:13.984882,8,690.0,517.0,-0.350899112735606,False,False,False,False,4,1,0,14,1,2,828,140,"[true, false, false]",130,2,0,Starfield Stage - 1
1571,2025-09-30T16:00:13.986766,64,692.5,514.5,-0.3471620808061707,False,False,False,False,4,1,0,14,1,2,828,140,"[true, false, false]",130,2,0,Starfield Stage - 1
1572,2025-09-30T16:00:13.995668,8,695.0,512.0,-0.34336448186846225,False,False,False,False,4,1,0,14,1,2,828,140,"[false, false, false]",130,2,0,Starfield Stage - 1
1573,2025-09-30T16:00:14.003177,8,697.5,509.5,-0.3395049437027471,False,False,False,False,4,1,0,14,1,2,828,140,"[false, false, false]",130,2,0,Starfield Stage - 1
1574,2025-09-30T16:00:14.011355,9,700.0,507.0,-0.3331507119682866,False,False,False,False,4,1,0,14,1,2,827,140,"[false, false, false]",130,2,0,Starfield Stage - 1
1575,2025-09-30T16:00:14.021081,9,702.5,504.5,-0.3217505543966422,False,False,False,False,4,1,0,14,1,2,824,140,"[false, false, false]",130,2,0,Starfield Stage - 1
1576,2025-09-30T16:00:14.029455,9,705.0,502.0,-0.30429596809688925,False,False,False,False,4,1,0,14,1,2,819,139,"[false, false, false]",130,2,0,Starfield Stage - 1
1577,2025-09-30T16:00:14.038318,8,707.5,499.5,-0.28214227504171013,False,False,False,False,4,1,0,14,1,2,812,139,"[false, false, false]",130,2,0,Starfield Stage - 1
1578,2025-09-30T16:00:14.047270,9,710.0,497.0,-0.2554085326341502,False,False,False,False,4,1,0,14,1,2,804,137,"[false, false, false]",130,2,0,Starfield Stage - 1
1579,2025-09-30T16:00:14.055956,9,712.5,494.5,-0.1936482540497732,False,False,False,False,4,1,0,14,1,2,783,135,"[false, false, false]",130,2,0,Starfield Stage - 1
1580,2025-09-30T16:00:14.065635,9,715.0,492.0,-0.15702977597173187,False,False,False,False,4,1,0,14,1,2,772,132,"[false, false, false]",130,2,0,Starfield Stage - 1
1581,2025-09-30T16:00:14.073306,8,717.5,489.5,-0.11187487658427217,False,False,False,False,4,1,0,14,1,2,758,129,"[false, false, false]",130,2,0,Starfield Stage - 1
1582,2025-09-30T16:00:14.081825,9,720.0,487.0,-0.0660196174786768,False,False,False,False,4,1,0,14,1,2,744,124,"[false, false, false]",130,2,0,Starfield Stage - 1
1583,2025-09-30T16:00:14.090635,9,722.5,484.5,-0.02057322860302624,False,False,False,False,4,1,0,14,1,2,730,120,"[false, false, false]",130,2,0,Starfield Stage - 1
1584,2025-09-30T16:00:14.099627,8,725.0,482.0,0.021914299529499814,False,False,False,False,3,1,0,14,1,2,717,117,"[false, false, false]",130,2,0,Starfield Stage - 1
1585,2025-09-30T16:00:14.107877,9,727.5,479.5,0.058755822715722696,False,False,False,False,3,1,0,14,1,2,706,114,"[false, false, false]",130,2,0,Starfield Stage - 1
1586,2025-09-30T16:00:14.116966,9,730.0,477.0,0.090165816094702,False,False,False,False,3,1,0,14,1,2,697,112,"[false, false, false]",130,2,0,Starfield Stage - 1
1587,2025-09-30T16:00:14.187256,9,732.5,474.5,0.12958524886182174,False,False,False,False,4,1,0,14,1,2,685,110,"[true, false, false]",130,2,0,Starfield Stage - 1
1588,2025-09-30T16:00:14.189524,63,735.0,472.0,0.1372531251399408,False,False,False,False,4,1,0,14,1,2,685,110,"[true, false, false]",130,2,0,Starfield Stage - 1
1589,2025-09-30T16:00:14.197414,8,737.5,469.5,0.1450110966986085,False,False,False,False,4,1,0,14,1,2,685,110,"[true, false, false]",130,2,0,Starfield Stage - 1
1590,2025-09-30T16:00:14.204790,8,740.0,467.0,0.15328250686700112,False,False,False,False,4,1,0,14,1,2,685,111,"[false, false, false]",130,2,0,Starfield Stage - 1
1591,2025-09-30T16:00:14.214111,9,742.5,464.5,0.15616481407278227,False,False,False,False,4,1,0,14,1,2,687,112,"[false, false, false]",130,2,0,Starfield Stage - 1
1592,2025-09-30T16:00:14.222579,8,745.0,462.0,0.15674943489742663,False,False,False,False,4,1,0,14,1,2,690,114,"[false, false, false]",130,2,0,Starfield Stage - 1
1593,2025-09-30T16:00:14.229682,8,747.5,459.5,0.15450826556508404,False,False,False,False,4,1,0,14,1,2,694,116,"[false, false, false]",130,2,0,Starfield Stage - 1
1594,2025-09-30T16:00:14.238028,8,750.0,457.0,0.14888994760949725,False,False,False,False,4,1,0,14,1,2,699,117,"[false, false, false]",130,2,0,Starfield Stage - 1
1595,2025-09-30T16:00:14.246242,8,752.5,454.5,0.14356580566258104,False,False,False,False,4,1,0,14,1,2,704,119,"[false, false, false]",130,2,0,Starfield Stage - 1
1596,2025-09-30T16:00:14.254795,9,755.0,452.0,0.13767767036116044,False,False,False,False,4,1,0,14,1,2,709,120,"[false, false, false]",130,2,0,Starfield Stage - 1
1597,2025-09-30T16:00:14.263423,8,757.5,449.5,0.13165413499045864,False,False,False,False,4,1,0,14,1,2,714,121,"[false, false, false]",130,2,0,Starfield Stage - 1
1598,2025-09-30T16:00:14.271104,8,760.0,447.0,0.12851848297961338,False,False,False,False,4,1,0,14,1,2,718,122,"[false, false, false]",130,2,0,Starfield Stage - 1
1599,2025-09-30T16:00:14.279358,8,762.5,444.5,0.12531193205370578,False,False,False,False,4,1,0,14,1,2,722,123,"[false, false, false]",130,2,0,Starfield Stage - 1
1600,2025-09-30T16:00:14.287812,9,765.0,442.0,0.11272761159037756,False,False,False,False,4,1,0,14,1,2,729,124,"[false, false, false]",130,2,0,Starfield Stage - 1
1601,2025-09-30T16:00:14.296365,9,767.5,439.5,0.11240181116947899,False,False,False,False,4,2,0,14,1,2,732,125,"[false, false, false]",130,2,0,Starfield Stage - 1
1602,2025-09-30T16:00:14.306096,9,770.0,437.0,0.11841447036836646,False,False,False,False,4,2,0,14,1,2,733,126,"[false, false, false]",130,2,0,Starfield Stage - 1
1603,2025-09-30T16:00:14.314391,8,772.5,434.5,0.12415551320091349,False,False,False,False,3,2,0,14,1,2,734,126,"[false, false, false]",130,2,0,Starfield Stage - 1
1604,2025-09-30T16:00:14.322083,8,775.0,432.0,0.13319365549609136,False,False,False,False,3,2,0,14,1,2,734,126,"[false, false, false]",130,2,0,Starfield Stage - 1
1605,2025-09-30T16:00:14.391475,8,777.5,432.0,0.14121071291371892,False,False,False,False,4,2,0,14,1,2,734,126,"[true, false, false]",130,2,0,Starfield Stage - 1
1606,2025-09-30T16:00:14.393391,64,780.0,432.0,0.1492095385222342,False,False,False,False,4,2,0,14,1,2,734,126,"[true, false, false]",130,2,0,Starfield Stage - 1
1607,2025-09-30T16:00:14.402875,8,782.5,432.0,0.157189174506572,False,False,False,False,4,2,0,14,1,2,734,126,"[true, false, false]",130,2,0,Starfield Stage - 1
1608,2025-09-30T16:00:14.410488,8,785.0,432.0,0.16514867741462683,False,False,False,False,4,2,0,14,1,2,734,126,"[false, false, false]",130,2,0,Starfield Stage - 1
1609,2025-09-30T16:00:14.456327,8,787.5,432.0,0.17308711875065327,False,False,False,False,3,1,0,14,1,2,734,126,"[false, false, false]",140,2,0,Starfield Stage - 1
1610,2025-09-30T16:00:14.458602,40,790.0,432.0,0.18100358554187548,False,False,False,False,3,1,0,14,1,2,734,126,"[false, false, false]",140,2,0,Starfield Stage - 1
1611,2025-09-30T16:00:14.466194,8,792.5,432.0,0.18889718087762267,False,False,False,False,3,1,0,14,1,2,734,126,"[false, false, false]",140,2,0,Starfield Stage - 1
1612,2025-09-30T16:00:14.475083,9,795.0,432.0,0.1967670244203934,False,False,False,False,3,1,0,14,1,2,734,126,"[false, false, false]",140,2,0,Starfield Stage - 1
1613,2025-09-30T16:00:14.483678,9,797.5,432.0,0.2046122528883388,False,False,False,False,3,1,0,14,1,2,734,126,"[false, false, false]",140,2,0,Starfield Stage - 1
1614,2025-09-30T16:00:14.492089,8,800.0,432.0,0.21243202050874216,False,False,False,False,3,1,0,14,1,2,734,126,"[false, false, false]",140,2,0,Starfield Stage - 1
1615,2025-09-30T16:00:14.501318,9,802.5,432.0,0.2202254994421574,False,False,False,False,3,1,0,14,1,2,734,126,"[false, false, false]",140,2,0,Starfield Stage - 1
1616,2025-09-30T16:00:14.509844,9,805.0,432.0,0.22799188017695682,False,False,False,False,3,1,0,14,1,2,734,126,"[false, false, false]",140,2,0,Starfield Stage - 1
1617,2025-09-30T16:00:14.519055,9,807.5,432.0,0.23573037189411944,False,False,False,False,2,1,0,14,1,2,734,126,"[false, false, false]",140,2,0,Starfield Stage - 1
1618,2025-09-30T16:00:14.528098,9,810.0,432.0,0.24344020280217726,False,False,False,False,3,1,0,14,1,2,734,126,"[true, false, false]",140,2,0,Starfield Stage - 1
1619,2025-09-30T16:00:14.597129,8,810.0,432.0,0.24811344909667657,False,False,False,False,3,1,0,14,1,2,734,132,"[true, false, false]",140,2,0,Starfield Stage - 1
1620,2025-09-30T16:00:14.599102,63,810.0,432.0,0.24811344909667657,False,False,False,False,3,1,0,14,1,2,734,132,"[true, false, false]",140,2,0,Starfield Stage - 1
1621,2025-09-30T16:00:14.608797,9,810.0,434.5,0.24851083054105133,False,False,False,False,3,1,0,14,1,2,734,135,"[false, false, false]",140,2,0,Starfield Stage - 1
1622,2025-09-30T16:00:14.617008,9,810.0,437.0,0.24732240883534387,False,False,False,False,3,1,0,14,1,2,734,136,"[false, false, false]",140,2,0,Starfield Stage - 1
1623,2025-09-30T16:00:14.626341,9,810.0,439.5,0.2461450700629041,False,False,False,False,3,1,0,14,1,2,734,137,"[false, false, false]",140,2,0,Starfield Stage - 1
1624,2025-09-30T16:00:14.635641,9,807.5,442.0,0.23873605986547095,False,False,False,False,3,1,0,14,1,2,734,140,"[false, false, false]",140,2,0,Starfield Stage - 1
1625,2025-09-30T16:00:14.643784,9,805.0,444.5,0.23127552716236513,False,False,False,False,3,1,0,14,1,2,734,143,"[false, false, false]",140,2,0,Starfield Stage - 1
1626,2025-09-30T16:00:14.652297,8,802.5,447.0,0.22448488311799814,False,False,False,False,3,1,0,14,1,2,734,147,"[false, false, false]",140,2,0,Starfield Stage - 1
1627,2025-09-30T16:00:14.660604,9,800.0,449.5,0.2169006011212416,False,False,False,False,3,1,0,14,1,2,734,150,"[false, false, false]",140,2,0,Starfield Stage - 1
1628,2025-09-30T16:00:14.670089,8,797.5,452.0,0.20994720191944838,False,False,False,False,3,1,0,14,1,2,734,154,"[false, false, false]",140,2,0,Starfield Stage - 1
1629,2025-09-30T16:00:14.677730,9,795.0,454.5,0.20613603004545378,False,False,False,False,3,1,0,14,1,2,733,158,"[false, false, false]",140,2,0,Starfield Stage - 1
1630,2025-09-30T16:00:14.686810,9,792.5,457.0,0.19902475358602026,False,False,False,False,3,1,0,14,1,2,733,162,"[false, false, false]",140,2,0,Starfield Stage - 1
1631,2025-09-30T16:00:14.695890,9,790.0,459.5,0.2064405393108868,False,False,False,False,3,1,0,14,1,2,730,173,"[false, false, false]",140,2,0,Starfield Stage - 1
1632,2025-09-30T16:00:14.704982,9,787.5,462.0,0.20314456651547,False,False,False,False,3,1,0,14,1,2,729,178,"[false, false, false]",140,2,0,Starfield Stage - 1
1633,2025-09-30T16:00:14.713441,8,785.0,464.5,0.2031955630476616,False,False,False,False,3,1,0,14,1,2,727,183,"[false, false, false]",140,2,0,Starfield Stage - 1
1634,2025-09-30T16:00:14.720640,8,782.5,467.0,0.19911200169324203,False,False,False,False,3,1,0,14,1,2,726,187,"[false, false, false]",140,2,0,Starfield Stage - 1
1635,2025-09-30T16:00:14.729043,8,780.0,469.5,0.1942974630494091,False,False,False,False,3,1,0,14,1,2,725,190,"[false, false, false]",140,2,0,Starfield Stage - 1
1636,2025-09-30T16:00:14.798701,8,777.5,472.0,0.20128109310418166,False,False,False,False,3,1,0,14,1,2,722,200,"[false, false, false]",140,2,0,Starfield Stage - 1
1637,2025-09-30T16:00:14.800767,64,775.0,474.5,0.1907313302029355,False,False,False,False,3,1,0,14,1,2,722,200,"[false, false, false]",140,2,0,Starfield Stage - 1
1638,2025-09-30T16:00:14.808858,8,772.5,477.0,0.18032999276785222,False,False,False,False,3,1,0,14,1,2,722,200,"[false, false, false]",140,2,0,Starfield Stage - 1
1639,2025-09-30T16:00:14.817121,8,770.0,479.5,0.17007617376589126,False,False,False,False,3,1,0,14,1,2,722,200,"[false, false, false]",140,2,0,Starfield Stage - 1
1640,2025-09-30T16:00:14.826367,9,770.0,482.0,0.16859693960942962,False,False,False,False,3,1,0,14,1,2,722,200,"[false, false, false]",140,2,0,Starfield Stage - 1
1641,2025-09-30T16:00:14.835191,9,770.0,484.5,0.16714297676499562,False,False,False,False,3,1,0,14,1,2,722,200,"[false, false, false]",140,2,0,Starfield Stage - 1
1642,2025-09-30T16:00:14.844579,10,770.0,487.0,0.1657136491059276,False,False,False,False,2,1,0,14,1,2,722,200,"[false, false, false]",140,2,0,Starfield Stage - 1
1643,2025-09-30T16:00:14.854596,8,770.0,487.0,0.1657136491059276,False,False,False,False,2,1,0,14,1,2,722,200,"[false, false, false]",140,2,0,Starfield Stage - 1
1644,2025-09-30T16:00:14.861508,9,770.0,487.0,0.1657136491059276,False,False,False,False,2,1,0,14,1,2,722,200,"[false, false, false]",140,2,0,Starfield Stage - 1
1645,2025-09-30T16:00:14.869735,8,770.0,487.0,0.1657136491059276,False,False,False,False,2,1,0,14,1,2,722,200,"[false, false, false]",140,2,0,Starfield Stage - 1
1646,2025-09-30T16:00:14.877778,8,770.0,487.0,0.1657136491059276,False,False,False,False,2,1,0,14,1,2,722,200,"[false, false, false]",140,2,0,Starfield Stage - 1
1647,2025-09-30T16:00:14.886161,8,770.0,487.0,0.1657136491059276,False,False,False,False,2,1,0,14,1,2,722,200,"[false, false, false]",140,2,0,Starfield Stage - 1
1648,2025-09-30T16:00:14.895220,9,770.0,487.0,0.1657136491059276,False,False,False,False,2,1,0,14,1,2,722,200,"[false, false, false]",140,2,0,Starfield Stage - 1
1649,2025-09-30T16:00:14.904555,9,770.0,487.0,0.1657136491059276,False,False,False,False,2,1,0,14,1,2,722,200,"[false, false, false]",140,2,0,Starfield Stage - 1
1650,2025-09-30T16:00:14.912785,9,770.0,487.0,0.1657136491059276,False,False,False,False,2,1,0,14,1,2,722,200,"[false, false, false]",140,2,0,Starfield Stage - 1
1651,2025-09-30T16:00:14.920747,8,770.0,487.0,0.1657136491059276,False,False,False,False,2,1,0,14,1,2,722,200,"[false, false, false]",140,2,0,Starfield Stage - 1
1652,2025-09-30T16:00:14.929196,8,770.0,487.0,0.1657136491059276,False,False,False,False,2,1,0,14,1,2,722,200,"[false, false, false]",140,2,0,Starfield Stage - 1
1653,2025-09-30T16:00:14.999031,9,770.0,487.0,0.1657136491059276,False,False,False,False,2,1,0,14,1,2,722,200,"[false, false, false]",140,2,0,Starfield Stage - 1
1654,2025-09-30T16:00:15.001169,63,770.0,487.0,0.1657136491059276,False,False,False,False,1,1,0,14,1,2,722,200,"[false, false, false]",140,2,0,Starfield Stage - 1
1655,2025-09-30T16:00:15.009791,9,770.0,487.0,0.1657136491059276,False,False,False,False,1,1,0,14,1,2,722,200,"[false, false, false]",140,2,0,Starfield Stage - 1
1656,2025-09-30T16:00:15.019397,9,770.0,487.0,0.1657136491059276,False,False,False,False,1,1,0,14,1,2,722,200,"[false, false, false]",140,2,0,Starfield Stage - 1
1657,2025-09-30T16:00:15.026710,8,770.0,487.0,0.1657136491059276,False,False,False,False,1,1,0,14,1,2,722,200,"[false, false, false]",140,2,0,Starfield Stage - 1
1658,2025-09-30T16:00:15.034971,8,770.0,487.0,0.1657136491059276,False,False,False,False,1,1,0,14,1,2,722,200,"[false, false, false]",140,2,0,Starfield Stage - 1
1659,2025-09-30T16:00:15.043288,8,770.0,487.0,0.1657136491059276,False,False,False,False,1,1,0,14,1,2,722,200,"[false, false, false]",140,2,0,Starfield Stage - 1
1660,2025-09-30T16:00:15.052303,9,770.0,487.0,0.1657136491059276,False,False,False,False,1,1,0,14,1,2,722,200,"[false, false, false]",140,2,0,Starfield Stage - 1
1661,2025-09-30T16:00:15.060688,9,770.0,487.0,0.1657136491059276,False,False,False,False,1,1,0,14,1,2,722,200,"[false, false, false]",140,2,0,Starfield Stage - 1
1662,2025-09-30T16:00:15.070065,8,770.0,487.0,0.1657136491059276,False,False,False,False,1,1,0,14,1,2,722,200,"[false, false, false]",140,2,0,Starfield Stage - 1
1663,2025-09-30T16:00:15.077820,9,770.0,487.0,0.1657136491059276,False,False,False,False,1,1,0,14,1,2,722,200,"[false, false, false]",140,2,0,Starfield Stage - 1
1664,2025-09-30T16:00:15.086239,8,770.0,487.0,0.1657136491059276,False,False,False,False,1,1,0,14,1,2,722,200,"[false, false, false]",140,2,0,Starfield Stage - 1
1665,2025-09-30T16:00:15.095379,9,770.0,487.0,0.1657136491059276,False,False,False,False,1,1,0,14,1,2,722,200,"[false, false, false]",140,2,0,Starfield Stage - 1
1666,2025-09-30T16:00:15.104120,9,770.0,487.0,0.1657136491059276,False,False,False,False,1,1,0,14,1,2,722,200,"[false, false, false]",140,2,0,Starfield Stage - 1
1667,2025-09-30T16:00:15.113269,9,770.0,487.0,0.1657136491059276,False,False,False,False,1,1,0,14,1,2,722,200,"[false, false, false]",140,2,0,Starfield Stage - 1
1668,2025-09-30T16:00:15.121713,9,770.0,487.0,0.1657136491059276,False,False,False,False,1,1,0,14,1,2,722,200,"[false, false, false]",140,2,0,Starfield Stage - 1
1669,2025-09-30T16:00:15.130077,8,770.0,487.0,0.1657136491059276,False,False,False,False,0,1,0,14,1,2,722,200,"[false, false, false]",140,2,0,Starfield Stage - 1
1670,2025-09-30T16:00:15.199443,8,770.0,487.0,0.1657136491059276,False,False,False,False,0,1,0,14,1,2,722,200,"[false, false, false]",140,2,0,Starfield Stage - 1
1671,2025-09-30T16:00:15.201663,64,770.0,487.0,0.1657136491059276,False,False,False,False,0,1,0,14,1,2,722,200,"[false, false, false]",140,2,0,Starfield Stage - 1
1672,2025-09-30T16:00:15.209945,8,770.0,487.0,0.1657136491059276,False,False,False,False,0,1,0,14,1,2,722,200,"[false, false, false]",140,2,0,Starfield Stage - 1
1673,2025-09-30T16:00:15.219835,9,770.0,487.0,0.1657136491059276,False,False,False,False,0,1,0,14,1,2,722,200,"[false, false, false]",140,2,0,Starfield Stage - 1
1674,2025-09-30T16:00:15.226982,8,770.0,487.0,0.1657136491059276,False,False,False,False,0,1,0,14,1,2,722,200,"[false, false, false]",140,2,0,Starfield Stage - 1
1675,2025-09-30T16:00:15.235519,9,770.0,487.0,0.1657136491059276,False,False,False,False,0,1,0,14,1,2,722,200,"[false, false, false]",140,2,0,Starfield Stage - 1
1676,2025-09-30T16:00:15.244626,9,770.0,487.0,0.1657136491059276,False,False,False,False,0,1,0,14,1,2,722,200,"[false, false, false]",140,2,0,Starfield Stage - 1
1677,2025-09-30T16:00:15.253689,9,770.0,487.0,0.1657136491059276,False,False,False,False,0,1,0,14,1,2,722,200,"[false, false, false]",140,2,0,Starfield Stage - 1
1678,2025-09-30T16:00:15.262180,8,770.0,487.0,0.1657136491059276,False,False,False,False,0,1,0,14,1,2,722,200,"[false, false, false]",140,2,0,Starfield Stage - 1
1679,2025-09-30T16:00:15.270965,9,770.0,487.0,0.1657136491059276,False,False,False,False,0,1,0,14,1,2,722,200,"[false, false, false]",140,2,0,Starfield Stage - 1
1680,2025-09-30T16:00:15.279318,8,770.0,487.0,0.1657136491059276,False,False,False,False,0,1,0,14,1,2,722,200,"[false, false, false]",140,2,0,Starfield Stage - 1
1681,2025-09-30T16:00:15.287444,9,770.0,487.0,0.1657136491059276,False,False,False,False,0,1,0,14,1,2,722,200,"[false, false, false]",140,2,0,Starfield Stage - 1
1682,2025-09-30T16:00:15.296040,8,770.0,487.0,0.1657136491059276,False,False,False,False,0,1,0,14,1,2,722,200,"[false, false, false]",140,2,0,Starfield Stage - 1
1683,2025-09-30T16:00:15.304932,9,770.0,487.0,0.1657136491059276,False,False,False,False,0,1,0,14,1,2,722,200,"[false, false, false]",140,2,0,Starfield Stage - 1
1684,2025-09-30T16:00:15.313501,9,770.0,487.0,0.1657136491059276,False,False,False,False,0,1,0,14,1,2,722,200,"[false, false, false]",140,2,0,Starfield Stage - 1
1685,2025-09-30T16:00:15.322342,8,770.0,487.0,0.1657136491059276,False,False,False,False,0,1,0,14,1,2,722,200,"[false, false, false]",140,2,0,Starfield Stage - 1
1686,2025-09-30T16:00:15.330878,9,770.0,487.0,0.1657136491059276,False,False,False,False,0,1,0,14,1,2,722,200,"[false, false, false]",140,2,0,Starfield Stage - 1
1687,2025-09-30T16:00:15.401876,9,770.0,487.0,0.1657136491059276,False,False,False,False,0,1,0,14,1,2,722,200,"[false, false, false]",140,2,0,Starfield Stage - 1
1688,2025-09-30T16:00:15.403967,64,770.0,487.0,0.1657136491059276,False,False,False,False,0,2,0,14,1,2,722,200,"[false, false, false]",140,2,0,Starfield Stage - 1
1689,2025-09-30T16:00:15.413858,9,770.0,487.0,0.1657136491059276,False,False,False,False,0,2,0,14,1,2,722,200,"[false, false, false]",140,2,0,Starfield Stage - 1
1690,2025-09-30T16:00:15.422453,9,770.0,487.0,0.1657136491059276,False,False,False,False,0,2,0,14,1,2,722,200,"[false, false, false]",140,2,0,Starfield Stage - 1
1691,2025-09-30T16:00:15.430292,8,770.0,487.0,0.1657136491059276,False,False,False,False,0,2,0,14,1,2,722,200,"[false, false, false]",140,2,0,Starfield Stage - 1
1692,2025-09-30T16:00:15.438543,9,770.0,487.0,0.1657136491059276,False,False,False,False,0,2,0,14,1,2,722,200,"[false, false, false]",140,2,0,Starfield Stage - 1
1693,2025-09-30T16:00:15.446961,8,770.0,487.0,0.1657136491059276,False,False,False,False,0,2,0,14,1,2,722,200,"[false, false, false]",140,2,0,Starfield Stage - 1
1694,2025-09-30T16:00:15.455729,9,770.0,487.0,0.1657136491059276,False,False,False,False,0,2,0,14,1,2,722,200,"[false, false, false]",140,2,0,Starfield Stage - 1
1695,2025-09-30T16:00:15.465095,9,770.0,487.0,0.1657136491059276,False,False,False,False,0,2,0,14,1,2,722,200,"[false, false, false]",140,2,0,Starfield Stage - 1
1696,2025-09-30T16:00:15.474160,9,770.0,487.0,0.1657136491059276,False,False,False,False,0,2,0,14,1,2,722,200,"[false, false, false]",140,2,0,Starfield Stage - 1
1697,2025-09-30T16:00:15.483356,9,770.0,487.0,0.1657136491059276,False,False,False,False,0,2,0,14,1,2,722,200,"[false, false, false]",140,2,0,Starfield Stage - 1
1698,2025-09-30T16:00:15.491645,9,770.0,487.0,0.1657136491059276,False,False,False,False,0,2,0,14,1,2,722,200,"[false, false, false]",140,2,0,Starfield Stage - 1
1699,2025-09-30T16:00:15.500267,8,770.0,487.0,0.1657136491059276,False,False,False,False,0,2,0,14,1,2,722,200,"[false, false, false]",140,2,0,Starfield Stage - 1
1700,2025-09-30T16:00:15.508209,8,770.0,487.0,0.1657136491059276,False,False,False,False,0,2,0,14,1,2,722,200,"[false, false, false]",140,2,0,Starfield Stage - 1
1701,2025-09-30T16:00:15.516812,9,770.0,487.0,0.1657136491059276,False,False,False,False,0,2,0,14,1,2,722,200,"[false, false, false]",140,2,0,Starfield Stage - 1
1702,2025-09-30T16:00:15.525936,9,770.0,487.0,0.1657136491059276,False,False,False,False,0,2,0,14,1,2,722,200,"[false, false, false]",140,2,0,Starfield Stage - 1
1703,2025-09-30T16:00:15.535335,9,770.0,487.0,0.1657136491059276,False,False,False,False,0,2,0,14,1,2,722,200,"[false, false, false]",140,2,0,Starfield Stage - 1
1704,2025-09-30T16:00:15.604285,9,770.0,487.0,0.1657136491059276,False,False,False,False,0,2,0,14,1,2,722,200,"[false, false, false]",140,2,0,Starfield Stage - 1
1705,2025-09-30T16:00:15.606307,62,770.0,487.0,0.1657136491059276,False,False,False,False,0,2,0,14,1,2,722,200,"[false, false, false]",140,2,0,Starfield Stage - 1
1706,2025-09-30T16:00:15.615011,9,770.0,487.0,0.1657136491059276,False,False,False,False,0,2,0,14,1,2,722,200,"[false, false, false]",140,2,0,Starfield Stage - 1
1707,2025-09-30T16:00:15.623920,9,770.0,487.0,0.1657136491059276,False,False,False,False,0,2,0,14,1,2,722,200,"[false, false, false]",140,2,0,Starfield Stage - 1
1708,2025-09-30T16:00:15.632347,9,770.0,487.0,0.1657136491059276,False,False,False,False,0,2,0,14,1,2,722,200,"[false, false, false]",140,2,0,Starfield Stage - 1
1709,2025-09-30T16:00:15.641817,9,770.0,487.0,0.1657136491059276,False,False,False,False,0,2,0,14,1,2,722,200,"[false, false, false]",140,2,0,Starfield Stage - 1
1710,2025-09-30T16:00:15.650159,8,770.0,487.0,0.1657136491059276,False,False,False,False,0,2,0,14,1,2,722,200,"[false, false, false]",140,2,0,Starfield Stage - 1
1711,2025-09-30T16:00:15.659264,9,770.0,487.0,0.1657136491059276,False,False,False,False,0,2,0,14,1,2,722,200,"[false, false, false]",140,2,0,Starfield Stage - 1
1712,2025-09-30T16:00:15.668086,9,770.0,487.0,0.1657136491059276,False,False,False,False,0,2,0,14,1,2,722,200,"[false, false, false]",140,2,0,Starfield Stage - 1
1713,2025-09-30T16:00:15.676947,8,770.0,487.0,0.1657136491059276,False,False,False,False,0,2,0,14,1,2,722,200,"[false, false, false]",140,2,0,Starfield Stage - 1
1714,2025-09-30T16:00:15.685319,9,770.0,487.0,0.1657136491059276,False,False,False,False,0,2,0,14,1,2,722,200,"[false, false, false]",140,2,0,Starfield Stage - 1
1715,2025-09-30T16:00:15.693358,8,770.0,487.0,0.1657136491059276,False,False,False,False,0,2,0,14,1,2,722,200,"[false, false, false]",140,2,0,Starfield Stage - 1
1716,2025-09-30T16:00:15.701913,9,770.0,487.0,0.1657136491059276,False,False,False,False,0,2,0,14,1,2,722,200,"[false, false, false]",140,2,0,Starfield Stage - 1
1717,2025-09-30T16:00:15.710687,9,770.0,487.0,0.1657136491059276,False,False,False,False,0,2,0,14,1,2,722,200,"[false, false, false]",140,2,0,Starfield Stage - 1
1718,2025-09-30T16:00:15.719058,8,770.0,487.0,0.1657136491059276,False,False,False,False,0,2,0,14,1,2,722,200,"[false, false, false]",140,2,0,Starfield Stage - 1
1719,2025-09-30T16:00:15.726971,8,770.0,487.0,0.1657136491059276,False,False,False,False,0,2,0,14,1,2,722,200,"[false, false, false]",140,2,0,Starfield Stage - 1
1720,2025-09-30T16:00:15.735994,9,770.0,487.0,0.1657136491059276,False,False,False,False,0,2,0,14,1,2,722,200,"[false, false, false]",140,2,0,Starfield Stage - 1
1721,2025-09-30T16:00:15.811714,9,770.0,487.0,0.1657136491059276,False,False,False,False,0,2,0,14,1,2,722,200,"[false, false, false]",140,2,0,Starfield Stage - 1
1722,2025-09-30T16:00:15.814249,69,770.0,487.0,0.1657136491059276,False,False,False,False,0,2,0,14,1,2,722,200,"[false, false, false]",140,2,0,Starfield Stage - 1
1723,2025-09-30T16:00:15.823230,9,770.0,487.0,0.1657136491059276,False,False,False,False,0,2,0,14,1,2,722,200,"[false, false, false]",140,2,0,Starfield Stage - 1
1724,2025-09-30T16:00:15.831993,8,770.0,487.0,0.1657136491059276,False,False,False,False,0,2,0,14,1,2,722,200,"[false, false, false]",140,2,0,Starfield Stage - 1
1725,2025-09-30T16:00:15.839082,8,770.0,487.0,0.1657136491059276,False,False,False,False,0,2,0,14,1,2,722,200,"[false, false, false]",140,2,0,Starfield Stage - 1
1726,2025-09-30T16:00:15.847054,8,770.0,487.0,0.1657136491059276,False,False,False,False,0,2,0,14,1,2,722,200,"[false, false, false]",140,2,0,Starfield Stage - 1
1727,2025-09-30T16:00:15.855784,9,770.0,487.0,0.1657136491059276,False,False,False,False,0,2,0,14,1,2,722,200,"[false, false, false]",140,2,0,Starfield Stage - 1
1728,2025-09-30T16:00:15.864475,8,770.0,487.0,0.1657136491059276,False,False,False,False,0,2,0,14,1,2,722,200,"[false, false, false]",140,2,0,Starfield Stage - 1
1729,2025-09-30T16:00:15.871742,8,770.0,487.0,0.1657136491059276,False,False,False,False,0,2,0,14,1,2,722,200,"[false, false, false]",140,2,0,Starfield Stage - 1
1730,2025-09-30T16:00:15.880553,8,770.0,487.0,0.1657136491059276,False,False,False,False,0,2,0,14,1,2,722,200,"[false, false, false]",140,2,0,Starfield Stage - 1
1731,2025-09-30T16:00:15.888804,9,770.0,487.0,0.1657136491059276,False,False,False,False,0,2,0,14,1,2,722,200,"[false, false, false]",140,2,0,Starfield Stage - 1
1732,2025-09-30T16:00:15.897961,9,770.0,487.0,0.1657136491059276,False,False,False,False,0,2,0,14,1,2,722,200,"[false, false, false]",140,2,0,Starfield Stage - 1
1733,2025-09-30T16:00:15.906358,8,770.0,487.0,0.1657136491059276,False,False,False,False,0,2,0,14,1,2,722,200,"[false, false, false]",140,2,0,Starfield Stage - 1
1734,2025-09-30T16:00:15.914984,9,770.0,487.0,0.1657136491059276,False,False,False,False,0,2,0,14,1,2,722,200,"[false, false, false]",140,2,0,Starfield Stage - 1
1735,2025-09-30T16:00:15.923315,8,770.0,487.0,0.1657136491059276,False,False,False,False,0,2,0,14,1,2,722,200,"[false, false, false]",140,2,0,Starfield Stage - 1
1736,2025-09-30T16:00:15.931831,9,770.0,487.0,0.1657136491059276,False,False,False,False,0,2,0,14,1,2,722,200,"[false, false, false]",140,2,0,Starfield Stage - 1
1737,2025-09-30T16:00:15.940390,8,770.0,487.0,0.1657136491059276,False,False,False,False,0,2,0,14,1,2,722,200,"[false, false, false]",140,2,0,Starfield Stage - 1
1738,2025-09-30T16:00:16.009609,8,770.0,487.0,0.1657136491059276,False,False,False,False,0,2,0,14,1,2,722,200,"[false, false, false]",140,2,0,Starfield Stage - 1
1739,2025-09-30T16:00:16.012326,64,770.0,487.0,0.1657136491059276,False,False,False,False,0,2,0,14,1,2,722,200,"[false, false, false]",140,2,0,Starfield Stage - 1
1740,2025-09-30T16:00:16.020808,8,770.0,487.0,0.1657136491059276,False,False,False,False,0,2,0,14,1,2,722,200,"[false, false, false]",140,2,0,Starfield Stage - 1
1741,2025-09-30T16:00:16.028731,9,770.0,487.0,0.1657136491059276,False,False,False,False,0,2,0,14,1,2,722,200,"[false, false, false]",140,2,0,Starfield Stage - 1
1742,2025-09-30T16:00:16.038362,9,770.0,487.0,0.1657136491059276,False,False,False,False,0,2,0,14,1,2,722,200,"[false, false, false]",140,2,0,Starfield Stage - 1
1743,2025-09-30T16:00:16.046191,8,770.0,487.0,0.1657136491059276,False,False,False,False,0,2,0,14,1,2,722,200,"[false, false, false]",140,2,0,Starfield Stage - 1
1744,2025-09-30T16:00:16.055426,9,770.0,487.0,0.1657136491059276,False,False,False,False,0,2,0,14,1,2,722,200,"[false, false, false]",140,2,0,Starfield Stage - 1
1745,2025-09-30T16:00:16.062880,8,770.0,487.0,0.1657136491059276,False,False,False,False,0,2,0,14,1,2,722,200,"[false, false, false]",140,2,0,Starfield Stage - 1
1746,2025-09-30T16:00:16.072026,9,770.0,487.0,0.1657136491059276,False,False,False,False,0,2,0,14,1,2,722,200,"[false, false, false]",140,2,0,Starfield Stage - 1
1747,2025-09-30T16:00:16.081235,9,770.0,487.0,0.1657136491059276,False,False,False,False,0,2,0,14,1,2,722,200,"[false, false, false]",140,2,0,Starfield Stage - 1
1748,2025-09-30T16:00:16.088981,8,770.0,487.0,0.1657136491059276,False,False,False,False,0,2,0,14,1,2,722,200,"[false, false, false]",140,2,0,Starfield Stage - 1
1749,2025-09-30T16:00:16.098395,9,770.0,487.0,0.1657136491059276,False,False,False,False,0,2,0,14,1,2,722,200,"[false, false, false]",140,2,0,Starfield Stage - 1
1750,2025-09-30T16:00:16.106443,9,770.0,487.0,0.1657136491059276,False,False,False,False,0,2,0,14,1,2,722,200,"[false, false, false]",140,2,0,Starfield Stage - 1
1751,2025-09-30T16:00:16.115261,8,770.0,487.0,0.1657136491059276,False,False,False,False,0,2,0,14,1,2,722,200,"[false, false, false]",140,2,0,Starfield Stage - 1
1752,2025-09-30T16:00:16.123075,8,770.0,487.0,0.1657136491059276,False,False,False,False,0,2,0,14,1,2,722,200,"[false, false, false]",140,2,0,Starfield Stage - 1
1753,2025-09-30T16:00:16.131787,9,770.0,487.0,0.1657136491059276,False,False,False,False,0,2,0,14,1,2,722,200,"[false, false, false]",140,2,0,Starfield Stage - 1
1754,2025-09-30T16:00:16.141365,9,770.0,487.0,0.1657136491059276,False,False,False,False,0,2,0,14,1,2,722,200,"[false, false, false]",140,2,0,Starfield Stage - 1
1755,2025-09-30T16:00:16.211152,8,770.0,487.0,0.1657136491059276,False,False,False,False,0,2,0,14,1,2,722,200,"[false, false, false]",140,2,0,Starfield Stage - 1
1756,2025-09-30T16:00:16.213561,65,770.0,487.0,0.1657136491059276,False,False,False,False,0,2,0,14,1,2,722,200,"[false, false, false]",140,2,0,Starfield Stage - 1
1757,2025-09-30T16:00:16.222658,8,770.0,487.0,0.1657136491059276,False,False,False,False,0,2,0,14,1,2,722,200,"[false, false, false]",140,2,0,Starfield Stage - 1
1758,2025-09-30T16:00:16.230306,8,770.0,487.0,0.1657136491059276,False,False,False,False,0,2,0,14,1,2,722,200,"[false, false, false]",140,2,0,Starfield Stage - 1
1759,2025-09-30T16:00:16.238485,9,770.0,487.0,0.1657136491059276,False,False,False,False,0,2,0,14,1,2,722,200,"[false, false, false]",140,2,0,Starfield Stage - 1
1760,2025-09-30T16:00:16.247056,8,770.0,487.0,0.1657136491059276,False,False,False,False,0,2,0,14,1,2,722,200,"[false, false, false]",140,2,0,Starfield Stage - 1
1761,2025-09-30T16:00:16.255921,9,770.0,487.0,0.1657136491059276,False,False,False,False,0,2,0,14,1,2,722,200,"[false, false, false]",140,2,0,Starfield Stage - 1
1762,2025-09-30T16:00:16.265174,9,770.0,487.0,0.1657136491059276,False,False,False,False,0,2,0,14,1,2,722,200,"[false, false, false]",140,2,0,Starfield Stage - 1
1763,2025-09-30T16:00:16.273685,9,770.0,487.0,0.1657136491059276,False,False,False,False,0,2,0,14,1,2,722,200,"[false, false, false]",140,2,0,Starfield Stage - 1
1764,2025-09-30T16:00:16.282114,8,770.0,487.0,0.1657136491059276,False,False,False,False,0,2,0,14,1,2,722,200,"[false, false, false]",140,2,0,Starfield Stage - 1
1765,2025-09-30T16:00:16.291365,9,770.0,487.0,0.1657136491059276,False,False,False,False,0,2,0,14,1,2,722,200,"[false, false, false]",140,2,0,Starfield Stage - 1
1766,2025-09-30T16:00:16.300019,9,770.0,487.0,0.1657136491059276,False,False,False,False,0,2,0,14,1,2,722,200,"[false, false, false]",140,2,0,Starfield Stage - 1
1767,2025-09-30T16:00:16.309305,9,770.0,487.0,0.1657136491059276,False,False,False,False,0,2,0,14,1,2,722,200,"[false, false, false]",140,2,0,Starfield Stage - 1
1768,2025-09-30T16:00:16.317950,9,770.0,487.0,0.1657136491059276,False,False,False,False,0,2,0,14,1,2,722,200,"[false, false, false]",140,2,0,Starfield Stage - 1
1769,2025-09-30T16:00:16.325981,8,770.0,487.0,0.1657136491059276,False,False,False,False,0,2,0,14,1,2,722,200,"[false, false, false]",140,2,0,Starfield Stage - 1
1770,2025-09-30T16:00:16.334927,9,770.0,487.0,0.1657136491059276,False,False,False,False,0,2,0,14,1,2,722,200,"[false, false, false]",140,2,0,Starfield Stage - 1
1771,2025-09-30T16:00:16.343934,9,770.0,487.0,0.1657136491059276,False,False,False,False,0,2,0,14,1,2,722,200,"[false, false, false]",140,2,0,Starfield Stage - 1
1772,2025-09-30T16:00:16.413991,8,770.0,487.0,0.1657136491059276,False,False,False,False,0,2,0,14,1,2,722,200,"[false, false, false]",140,2,0,Starfield Stage - 1
1773,2025-09-30T16:00:16.415924,64,770.0,487.0,0.1657136491059276,False,False,False,False,0,2,0,14,1,2,722,200,"[false, false, false]",140,2,0,Starfield Stage - 1
1774,2025-09-30T16:00:16.425051,8,770.0,487.0,0.1657136491059276,False,False,False,False,0,2,0,14,1,2,722,200,"[false, false, false]",140,2,0,Starfield Stage - 1
1775,2025-09-30T16:00:16.433183,9,770.0,487.0,0.1657136491059276,False,False,False,False,0,2,0,14,1,2,722,200,"[false, false, false]",140,2,0,Starfield Stage - 1
1776,2025-09-30T16:00:16.442681,9,770.0,487.0,0.1657136491059276,False,False,False,False,0,2,0,14,1,2,722,200,"[false, false, false]",140,2,0,Starfield Stage - 1
1777,2025-09-30T16:00:16.451811,9,770.0,487.0,0.1657136491059276,False,False,False,False,0,2,0,14,1,2,722,200,"[false, false, false]",140,2,0,Starfield Stage - 1
1778,2025-09-30T16:00:16.459769,9,770.0,487.0,0.1657136491059276,False,False,False,False,0,3,0,14,1,2,722,200,"[false, false, false]",140,2,0,Starfield Stage - 1
1779,2025-09-30T16:00:16.468336,8,770.0,487.0,0.1657136491059276,False,False,False,False,0,3,0,14,1,2,722,200,"[false, false, false]",140,2,0,Starfield Stage - 1
1780,2025-09-30T16:00:16.477198,9,770.0,487.0,0.1657136491059276,False,False,False,False,0,3,0,14,1,2,722,200,"[false, false, false]",140,2,0,Starfield Stage - 1
1781,2025-09-30T16:00:16.486378,10,770.0,487.0,0.1657136491059276,False,False,False,False,0,3,0,14,1,2,722,200,"[false, false, false]",140,2,0,Starfield Stage - 1
1782,2025-09-30T16:00:16.495911,9,770.0,487.0,0.1657136491059276,False,False,False,False,0,3,0,14,1,2,722,200,"[false, false, false]",140,2,0,Starfield Stage - 1
1783,2025-09-30T16:00:16.505320,9,770.0,487.0,0.1657136491059276,False,False,False,False,0,3,0,14,1,2,722,200,"[false, false, false]",140,2,0,Starfield Stage - 1
1784,2025-09-30T16:00:16.514970,10,770.0,487.0,0.1657136491059276,False,False,False,False,0,3,0,14,1,2,722,200,"[false, false, false]",140,2,0,Starfield Stage - 1
1785,2025-09-30T16:00:16.523835,9,770.0,487.0,0.1657136491059276,False,False,False,False,0,3,0,14,1,2,722,200,"[false, false, false]",140,2,0,Starfield Stage - 1
1786,2025-09-30T16:00:16.532350,9,770.0,487.0,0.1657136491059276,False,False,False,False,0,3,0,14,1,2,722,200,"[false, false, false]",140,2,0,Starfield Stage - 1
1787,2025-09-30T16:00:16.541833,9,770.0,487.0,0.1657136491059276,False,False,False,False,0,3,0,14,1,2,722,200,"[false, false, false]",140,2,0,Starfield Stage - 1
1788,2025-09-30T16:00:16.550118,8,770.0,487.0,0.1657136491059276,False,False,False,False,0,3,0,14,1,2,722,200,"[false, false, false]",140,2,0,Starfield Stage - 1
1789,2025-09-30T16:00:16.620342,9,770.0,487.0,0.1657136491059276,False,False,False,False,0,3,0,14,1,2,722,200,"[false, false, false]",140,2,0,Starfield Stage - 1
1790,2025-09-30T16:00:16.622387,63,770.0,487.0,0.1657136491059276,False,False,False,False,0,3,0,14,1,2,722,200,"[false, false, false]",140,2,0,Starfield Stage - 1
1791,2025-09-30T16:00:16.631124,9,770.0,487.0,0.1657136491059276,False,False,False,False,0,3,0,14,1,2,722,200,"[false, false, false]",140,2,0,Starfield Stage - 1
1792,2025-09-30T16:00:16.640564,9,770.0,487.0,0.1657136491059276,False,False,False,False,0,3,0,14,1,2,722,200,"[false, false, false]",140,2,0,Starfield Stage - 1
1793,2025-09-30T16:00:16.647714,8,770.0,487.0,0.1657136491059276,False,False,False,False,0,3,0,14,1,2,722,200,"[false, false, false]",140,2,0,Starfield Stage - 1
1794,2025-09-30T16:00:16.656052,8,770.0,487.0,0.1657136491059276,False,False,False,False,0,3,0,14,1,2,722,200,"[false, false, false]",140,2,0,Starfield Stage - 1
1795,2025-09-30T16:00:16.665183,9,770.0,487.0,0.1657136491059276,False,False,False,False,0,3,0,14,1,2,722,200,"[false, false, false]",140,2,0,Starfield Stage - 1
1796,2025-09-30T16:00:16.674401,9,770.0,487.0,0.1657136491059276,False,False,False,False,0,3,0,14,1,2,722,200,"[false, false, false]",140,2,0,Starfield Stage - 1
1797,2025-09-30T16:00:16.681958,8,770.0,487.0,0.1657136491059276,False,False,False,False,0,3,0,14,1,2,722,200,"[false, false, false]",140,2,0,Starfield Stage - 1
1798,2025-09-30T16:00:16.690132,8,770.0,487.0,0.1657136491059276,False,False,False,False,0,3,0,14,1,2,722,200,"[false, false, false]",140,2,0,Starfield Stage - 1
1799,2025-09-30T16:00:16.698736,9,770.0,487.0,0.1657136491059276,False,False,False,False,0,3,0,14,1,2,722,200,"[false, false, false]",140,2,0,Starfield Stage - 1
1800,2025-09-30T16:00:16.707764,9,770.0,487.0,0.1657136491059276,False,False,False,False,0,3,0,14,1,2,722,200,"[false, false, false]",140,2,0,Starfield Stage - 1
1801,2025-09-30T16:00:16.716059,8,770.0,487.0,0.1657136491059276,False,False,False,False,0,3,0,14,1,2,722,200,"[false, false, false]",140,2,0,Starfield Stage - 1
1802,2025-09-30T16:00:16.725154,9,770.0,487.0,0.1657136491059276,False,False,False,False,0,3,0,14,1,2,722,200,"[false, false, false]",140,2,0,Starfield Stage - 1
1803,2025-09-30T16:00:16.733671,9,770.0,487.0,0.1657136491059276,False,False,False,False,0,3,0,14,1,2,722,200,"[false, false, false]",140,2,0,Starfield Stage - 1
1804,2025-09-30T16:00:16.742258,8,770.0,487.0,0.1657136491059276,False,False,False,False,0,3,0,14,1,2,722,200,"[false, false, false]",140,2,0,Starfield Stage - 1
1805,2025-09-30T16:00:16.751255,9,770.0,487.0,0.1657136491059276,False,False,False,False,0,3,0,14,1,2,722,200,"[false, false, false]",140,2,0,Starfield Stage - 1
1806,2025-09-30T16:00:16.819755,8,770.0,487.0,0.1657136491059276,False,False,False,False,0,3,0,14,1,2,722,200,"[false, false, false]",140,2,0,Starfield Stage - 1
1807,2025-09-30T16:00:16.821634,63,770.0,487.0,0.1657136491059276,False,False,False,False,0,3,0,14,1,2,722,200,"[false, false, false]",140,2,0,Starfield Stage - 1
1808,2025-09-30T16:00:16.830619,8,770.0,487.0,0.1657136491059276,False,False,False,False,0,3,0,14,1,2,722,200,"[false, false, false]",140,2,0,Starfield Stage - 1
1809,2025-09-30T16:00:16.839225,9,770.0,487.0,0.1657136491059276,False,False,False,False,0,3,0,14,1,2,722,200,"[false, false, false]",140,2,0,Starfield Stage - 1
1810,2025-09-30T16:00:16.847153,8,770.0,487.0,0.1657136491059276,False,False,False,False,0,3,0,14,1,2,722,200,"[false, false, false]",140,2,0,Starfield Stage - 1
1811,2025-09-30T16:00:16.855168,8,770.0,487.0,0.1657136491059276,False,False,False,False,0,3,0,14,1,2,722,200,"[false, false, false]",140,2,0,Starfield Stage - 1
1812,2025-09-30T16:00:16.864239,8,770.0,487.0,0.1657136491059276,False,False,False,False,0,3,0,14,1,2,722,200,"[false, false, false]",140,2,0,Starfield Stage - 1
1813,2025-09-30T16:00:16.871043,8,770.0,487.0,0.1657136491059276,False,False,False,False,0,3,0,14,1,2,722,200,"[false, false, false]",140,2,0,Starfield Stage - 1
1814,2025-09-30T16:00:16.880943,9,770.0,487.0,0.1657136491059276,False,False,False,False,0,3,0,14,1,2,722,200,"[false, false, false]",140,2,0,Starfield Stage - 1
1815,2025-09-30T16:00:16.889267,9,770.0,487.0,0.1657136491059276,False,False,False,False,0,3,0,14,1,2,722,200,"[false, false, false]",140,2,0,Starfield Stage - 1
1816,2025-09-30T16:00:16.897623,8,770.0,487.0,0.1657136491059276,False,False,False,False,0,3,0,14,1,2,722,200,"[false, false, false]",140,2,0,Starfield Stage - 1
1817,2025-09-30T16:00:16.905184,8,770.0,487.0,0.1657136491059276,False,False,False,False,0,3,0,14,1,2,722,200,"[false, false, false]",140,2,0,Starfield Stage - 1
1818,2025-09-30T16:00:16.913589,8,770.0,487.0,0.1657136491059276,False,False,False,False,0,3,0,14,1,2,722,200,"[false, false, false]",140,2,0,Starfield Stage - 1
1819,2025-09-30T16:00:16.922359,9,770.0,487.0,0.1657136491059276,False,False,False,False,0,3,0,14,1,2,722,200,"[false, false, false]",140,2,0,Starfield Stage - 1
1820,2025-09-30T16:00:16.929816,8,770.0,487.0,0.1657136491059276,False,False,False,False,0,3,0,14,1,2,722,200,"[false, false, false]",140,2,0,Starfield Stage - 1
1821,2025-09-30T16:00:16.939664,9,770.0,487.0,0.1657136491059276,False,False,False,False,0,3,0,15,1,2,722,200,"[false, false, false]",140,2,0,Starfield Stage - 1
1822,2025-09-30T16:00:16.947366,8,770.0,487.0,0.1657136491059276,False,False,False,False,0,3,0,15,1,2,722,200,"[false, false, false]",140,2,0,Starfield Stage - 1
1823,2025-09-30T16:00:16.956134,9,770.0,487.0,0.1657136491059276,False,False,False,False,0,3,0,15,1,2,722,200,"[false, false, false]",140,2,0,Starfield Stage - 1
1824,2025-09-30T16:00:17.026093,8,770.0,487.0,0.1657136491059276,False,False,False,False,0,3,0,15,1,2,722,200,"[false, false, false]",140,2,0,Starfield Stage - 1
1825,2025-09-30T16:00:17.028398,65,770.0,487.0,0.1657136491059276,False,False,False,False,0,3,0,15,1,2,722,200,"[false, false, false]",140,2,0,Starfield Stage - 1
1826,2025-09-30T16:00:17.037985,8,770.0,487.0,0.1657136491059276,False,False,False,False,0,3,0,15,1,2,722,200,"[false, false, false]",140,2,0,Starfield Stage - 1
1827,2025-09-30T16:00:17.046104,9,770.0,487.0,0.1657136491059276,False,False,False,False,0,3,0,16,1,2,722,200,"[false, false, false]",140,2,0,Starfield Stage - 1
1828,2025-09-30T16:00:17.055386,9,770.0,487.0,0.1657136491059276,False,False,False,False,0,3,0,16,1,2,722,200,"[false, false, false]",140,2,0,Starfield Stage - 1
1829,2025-09-30T16:00:17.064369,9,770.0,487.0,0.1657136491059276,False,False,False,False,0,3,0,16,1,2,722,200,"[false, false, false]",140,2,0,Starfield Stage - 1
1830,2025-09-30T16:00:17.071840,8,770.0,487.0,0.1657136491059276,False,False,False,False,0,3,0,16,1,2,722,200,"[false, false, false]",140,2,0,Starfield Stage - 1
1831,2025-09-30T16:00:17.080934,8,770.0,487.0,0.1657136491059276,False,False,False,False,0,3,0,16,1,2,722,200,"[false, false, false]",140,2,0,Starfield Stage - 1
1832,2025-09-30T16:00:17.089137,9,770.0,487.0,0.1657136491059276,False,False,False,False,0,3,0,16,1,2,722,200,"[false, false, false]",140,2,0,Starfield Stage - 1
1833,2025-09-30T16:00:17.098323,9,770.0,487.0,0.1657136491059276,False,False,False,False,0,3,0,16,1,2,722,200,"[false, false, false]",140,2,0,Starfield Stage - 1
1834,2025-09-30T16:00:17.106300,8,770.0,487.0,0.1657136491059276,False,False,False,False,0,3,0,16,1,2,722,200,"[false, false, false]",140,2,0,Starfield Stage - 1
1835,2025-09-30T16:00:17.114094,8,770.0,487.0,0.1657136491059276,False,False,False,False,0,3,0,16,1,2,722,200,"[false, false, false]",140,2,0,Starfield Stage - 1
1836,2025-09-30T16:00:17.123312,9,770.0,487.0,0.1657136491059276,False,False,False,False,0,3,0,16,1,2,722,200,"[false, false, false]",140,2,0,Starfield Stage - 1
1837,2025-09-30T16:00:17.130745,8,770.0,487.0,0.1657136491059276,False,False,False,False,0,3,0,16,1,2,722,200,"[false, false, false]",140,2,0,Starfield Stage - 1
1838,2025-09-30T16:00:17.140371,9,770.0,487.0,0.1657136491059276,False,False,False,False,0,3,0,16,1,2,722,200,"[false, false, false]",140,2,0,Starfield Stage - 1
1839,2025-09-30T16:00:17.148041,8,770.0,487.0,0.1657136491059276,False,False,False,False,0,3,0,16,1,2,722,200,"[false, false, false]",140,2,0,Starfield Stage - 1
1840,2025-09-30T16:00:17.156693,9,770.0,487.0,0.1657136491059276,False,False,False,False,0,3,0,16,1,2,722,200,"[false, false, false]",140,2,0,Starfield Stage - 1
1841,2025-09-30T16:00:17.226975,9,770.0,487.0,0.1657136491059276,False,False,False,False,0,3,0,16,1,2,722,200,"[false, false, false]",140,2,0,Starfield Stage - 1
1842,2025-09-30T16:00:17.229370,64,770.0,487.0,0.1657136491059276,False,False,False,False,0,3,0,16,1,2,722,200,"[false, false, false]",140,2,0,Starfield Stage - 1
1843,2025-09-30T16:00:17.238390,8,770.0,487.0,0.1657136491059276,False,False,False,False,0,3,0,16,1,2,722,200,"[false, false, false]",140,2,0,Starfield Stage - 1
1844,2025-09-30T16:00:17.246839,8,770.0,487.0,0.1657136491059276,False,False,False,False,0,3,0,16,1,2,722,200,"[false, false, false]",140,2,0,Starfield Stage - 1
1845,2025-09-30T16:00:17.255382,9,770.0,487.0,0.1657136491059276,False,False,False,False,0,3,0,16,1,2,722,200,"[false, false, false]",140,2,0,Starfield Stage - 1
1846,2025-09-30T16:00:17.262887,8,770.0,487.0,0.1657136491059276,False,False,False,False,0,3,0,16,1,2,722,200,"[false, false, false]",140,2,0,Starfield Stage - 1
1847,2025-09-30T16:00:17.271975,9,770.0,487.0,0.1657136491059276,False,False,False,False,0,3,0,16,1,2,722,200,"[false, false, false]",140,2,0,Starfield Stage - 1
1848,2025-09-30T16:00:17.281247,9,770.0,487.0,0.1657136491059276,False,False,False,False,0,3,0,16,1,2,722,200,"[false, false, false]",140,2,0,Starfield Stage - 1
1849,2025-09-30T16:00:17.289598,8,770.0,487.0,0.1657136491059276,False,False,False,False,0,3,0,16,1,2,722,200,"[false, false, false]",140,2,0,Starfield Stage - 1
1850,2025-09-30T16:00:17.297121,8,770.0,487.0,0.1657136491059276,False,False,False,False,0,3,0,16,1,2,722,200,"[false, false, false]",140,2,0,Starfield Stage - 1
1851,2025-09-30T16:00:17.305117,8,770.0,487.0,0.1657136491059276,False,False,False,False,0,3,0,16,1,2,722,200,"[false, false, false]",140,2,0,Starfield Stage - 1
1852,2025-09-30T16:00:17.315230,10,770.0,487.0,0.1657136491059276,False,False,False,False,0,3,0,16,1,2,722,200,"[false, false, false]",140,2,0,Starfield Stage - 1
1853,2025-09-30T16:00:17.324424,8,770.0,487.0,0.1657136491059276,False,False,False,False,0,3,0,16,1,2,722,200,"[false, false, false]",140,2,0,Starfield Stage - 1
1854,2025-09-30T16:00:17.331335,8,770.0,487.0,0.1657136491059276,False,False,False,False,0,3,0,16,1,2,722,200,"[false, false, false]",140,2,0,Starfield Stage - 1
1855,2025-09-30T16:00:17.339375,8,770.0,487.0,0.1657136491059276,False,False,False,False,0,3,0,16,1,2,722,200,"[false, false, false]",140,2,0,Starfield Stage - 1
1856,2025-09-30T16:00:17.348871,9,770.0,487.0,0.1657136491059276,False,False,False,False,0,3,0,16,1,2,722,200,"[false, false, false]",140,2,0,Starfield Stage - 1
1857,2025-09-30T16:00:17.356555,9,770.0,487.0,0.1657136491059276,False,False,False,False,0,3,0,16,1,2,722,200,"[false, false, false]",140,2,0,Starfield Stage - 1
1858,2025-09-30T16:00:17.365787,9,770.0,487.0,0.1657136491059276,False,False,False,False,0,3,0,16,1,2,722,200,"[false, false, false]",140,2,0,Starfield Stage - 1
1859,2025-09-30T16:00:17.437916,9,770.0,487.0,0.1657136491059276,False,False,False,False,0,3,0,16,1,2,722,200,"[false, false, false]",140,2,0,Starfield Stage - 1
1860,2025-09-30T16:00:17.440257,65,770.0,487.0,0.1657136491059276,False,False,False,False,0,3,0,16,1,2,722,200,"[false, false, false]",140,2,0,Starfield Stage - 1
1861,2025-09-30T16:00:17.448029,8,770.0,487.0,0.1657136491059276,False,False,False,False,0,3,0,16,1,2,722,200,"[false, false, false]",140,2,0,Starfield Stage - 1
1862,2025-09-30T16:00:17.456591,9,770.0,487.0,0.1657136491059276,False,False,False,False,0,3,0,16,1,2,722,200,"[false, false, false]",140,2,0,Starfield Stage - 1
1863,2025-09-30T16:00:17.465780,9,770.0,487.0,0.1657136491059276,False,False,False,False,0,3,0,16,1,2,722,200,"[false, false, false]",140,2,0,Starfield Stage - 1
1864,2025-09-30T16:00:17.474999,9,770.0,487.0,0.1657136491059276,False,False,False,False,0,3,0,16,1,2,722,200,"[false, false, false]",140,2,0,Starfield Stage - 1
1865,2025-09-30T16:00:17.485045,10,770.0,487.0,0.1657136491059276,False,False,False,False,0,3,0,16,1,2,722,200,"[false, false, false]",140,2,0,Starfield Stage - 1
1866,2025-09-30T16:00:17.493915,9,770.0,487.0,0.1657136491059276,False,False,False,False,0,3,0,16,1,2,722,200,"[false, false, false]",140,2,0,Starfield Stage - 1
1867,2025-09-30T16:00:17.502261,8,770.0,487.0,0.1657136491059276,False,False,False,False,0,3,0,16,1,2,722,200,"[false, false, false]",140,2,0,Starfield Stage - 1
1868,2025-09-30T16:00:17.510283,8,770.0,487.0,0.1657136491059276,False,False,False,False,0,3,0,16,1,2,722,200,"[false, false, false]",140,2,0,Starfield Stage - 1
1869,2025-09-30T16:00:17.518202,8,770.0,487.0,0.1657136491059276,False,False,False,False,0,3,0,16,1,2,722,200,"[false, false, false]",140,2,0,Starfield Stage - 1
1870,2025-09-30T16:00:17.526191,8,770.0,487.0,0.1657136491059276,False,False,False,False,0,3,0,16,1,2,722,200,"[false, false, false]",140,2,0,Starfield Stage - 1
1871,2025-09-30T16:00:17.534977,9,770.0,487.0,0.1657136491059276,False,False,False,False,0,3,0,16,1,2,722,200,"[false, false, false]",140,2,0,Starfield Stage - 1
1872,2025-09-30T16:00:17.543998,9,770.0,487.0,0.1657136491059276,False,False,False,False,0,3,0,16,1,2,722,200,"[false, false, false]",140,2,0,Starfield Stage - 1
1873,2025-09-30T16:00:17.553078,9,770.0,487.0,0.1657136491059276,False,False,False,False,0,3,0,16,1,2,722,200,"[false, false, false]",140,2,0,Starfield Stage - 1
1874,2025-09-30T16:00:17.562373,9,770.0,487.0,0.1657136491059276,False,False,False,False,0,3,0,16,1,2,722,200,"[false, false, false]",140,2,0,Starfield Stage - 1
1875,2025-09-30T16:00:17.570823,8,770.0,487.0,0.1657136491059276,False,False,False,False,0,4,0,16,1,2,722,200,"[false, false, false]",140,2,0,Starfield Stage - 1
1876,2025-09-30T16:00:17.640848,9,770.0,487.0,0.1657136491059276,False,False,False,False,0,4,0,16,1,2,722,200,"[false, false, false]",140,2,0,Starfield Stage - 1
1877,2025-09-30T16:00:17.643447,64,770.0,487.0,0.1657136491059276,False,False,False,False,0,4,0,16,1,2,722,200,"[false, false, false]",140,2,0,Starfield Stage - 1
1878,2025-09-30T16:00:17.651746,8,770.0,487.0,0.1657136491059276,False,False,False,False,0,4,0,16,1,2,722,200,"[false, false, false]",140,2,0,Starfield Stage - 1
1879,2025-09-30T16:00:17.659528,9,770.0,487.0,0.1657136491059276,False,False,False,False,0,4,0,16,1,2,722,200,"[false, false, false]",140,2,0,Starfield Stage - 1
1880,2025-09-30T16:00:17.668594,8,770.0,487.0,0.1657136491059276,False,False,False,False,0,4,0,16,1,2,722,200,"[false, false, false]",140,2,0,Starfield Stage - 1
1881,2025-09-30T16:00:17.676558,8,770.0,487.0,0.1657136491059276,False,False,False,False,0,4,0,16,1,2,722,200,"[false, false, false]",140,2,0,Starfield Stage - 1
1882,2025-09-30T16:00:17.685077,9,770.0,487.0,0.1657136491059276,False,False,False,False,0,4,0,16,1,2,722,200,"[false, false, false]",140,2,0,Starfield Stage - 1
1883,2025-09-30T16:00:17.693699,9,770.0,487.0,0.1657136491059276,False,False,False,False,0,4,0,16,1,2,722,200,"[false, false, false]",140,2,0,Starfield Stage - 1
1884,2025-09-30T16:00:17.702131,8,770.0,487.0,0.1657136491059276,False,False,False,False,0,4,0,16,1,2,722,200,"[false, false, false]",140,2,0,Starfield Stage - 1
1885,2025-09-30T16:00:17.710207,8,770.0,487.0,0.1657136491059276,False,False,False,False,0,4,0,16,1,2,722,200,"[false, false, false]",140,2,0,Starfield Stage - 1
1886,2025-09-30T16:00:17.717886,8,770.0,487.0,0.1657136491059276,False,False,False,False,0,4,0,16,1,2,722,200,"[false, false, false]",140,2,0,Starfield Stage - 1
1887,2025-09-30T16:00:17.727216,9,770.0,487.0,0.1657136491059276,False,False,False,False,0,4,0,16,1,2,722,200,"[false, false, false]",140,2,0,Starfield Stage - 1
1888,2025-09-30T16:00:17.736793,8,770.0,487.0,0.1657136491059276,False,False,False,False,0,4,0,16,1,2,722,200,"[false, false, false]",140,2,0,Starfield Stage - 1
1889,2025-09-30T16:00:17.743862,9,770.0,487.0,0.1657136491059276,False,False,False,False,0,4,0,16,1,2,722,200,"[false, false, false]",140,2,0,Starfield Stage - 1
1890,2025-09-30T16:00:17.752724,8,770.0,487.0,0.1657136491059276,False,False,False,False,0,4,0,16,1,2,722,200,"[false, false, false]",140,2,0,Starfield Stage - 1
1891,2025-09-30T16:00:17.761035,9,770.0,487.0,0.1657136491059276,False,False,False,False,0,4,0,16,1,2,722,200,"[false, false, false]",140,2,0,Starfield Stage - 1
1892,2025-09-30T16:00:17.770725,9,770.0,487.0,0.1657136491059276,False,False,False,False,0,4,0,16,1,2,722,200,"[false, false, false]",140,2,0,Starfield Stage - 1
1893,2025-09-30T16:00:17.839039,9,770.0,487.0,0.1657136491059276,False,False,False,False,0,4,0,16,1,2,722,200,"[false, false, false]",140,2,0,Starfield Stage - 1
1894,2025-09-30T16:00:17.841513,63,770.0,487.0,0.1657136491059276,False,False,False,False,0,4,0,16,1,2,722,200,"[false, false, false]",140,2,0,Starfield Stage - 1
1895,2025-09-30T16:00:17.850370,8,770.0,487.0,0.1657136491059276,False,False,False,False,0,4,0,16,1,2,722,200,"[false, false, false]",140,2,0,Starfield Stage - 1
1896,2025-09-30T16:00:17.858119,8,770.0,487.0,0.1657136491059276,False,False,False,False,0,4,0,16,1,2,722,200,"[false, false, false]",140,2,0,Starfield Stage - 1
1897,2025-09-30T16:00:17.867649,9,770.0,487.0,0.1657136491059276,False,False,False,False,0,4,0,16,1,2,722,200,"[false, false, false]",140,2,0,Starfield Stage - 1
1898,2025-09-30T16:00:17.876211,9,770.0,487.0,0.1657136491059276,False,False,False,False,0,4,0,16,1,2,722,200,"[false, false, false]",140,2,0,Starfield Stage - 1
1899,2025-09-30T16:00:17.884123,8,770.0,487.0,0.1657136491059276,False,False,False,False,0,4,0,16,1,2,722,200,"[false, false, false]",140,2,0,Starfield Stage - 1
1900,2025-09-30T16:00:17.893004,8,770.0,487.0,0.1657136491059276,False,False,False,False,0,4,0,16,1,2,722,200,"[false, false, false]",140,2,0,Starfield Stage - 1
1901,2025-09-30T16:00:17.901163,9,770.0,487.0,0.1657136491059276,False,False,False,False,0,4,0,16,1,2,722,200,"[false, false, false]",140,2,0,Starfield Stage - 1
1902,2025-09-30T16:00:17.910780,9,770.0,487.0,0.1657136491059276,False,False,False,False,0,4,0,16,1,2,722,200,"[false, false, false]",140,2,0,Starfield Stage - 1
1903,2025-09-30T16:00:17.919227,9,770.0,487.0,0.1657136491059276,False,False,False,False,0,4,0,16,1,2,722,200,"[false, false, false]",140,2,0,Starfield Stage - 1
1904,2025-09-30T16:00:17.927428,8,770.0,487.0,0.1657136491059276,False,False,False,False,0,4,0,16,1,2,722,200,"[false, false, false]",140,2,0,Starfield Stage - 1
1905,2025-09-30T16:00:17.936240,9,770.0,487.0,0.16852514179220662,False,False,False,False,0,4,0,16,1,2,721,199,"[false, false, false]",140,2,0,Starfield Stage - 1
1906,2025-09-30T16:00:17.944023,8,770.0,487.0,0.17802590511693947,False,False,False,False,0,4,0,16,1,2,718,198,"[false, false, false]",140,2,0,Starfield Stage - 1
1907,2025-09-30T16:00:17.952837,8,770.0,487.0,0.1901157413975056,False,False,False,False,0,4,0,16,1,2,714,196,"[false, false, false]",140,2,0,Starfield Stage - 1
1908,2025-09-30T16:00:17.960963,9,770.0,487.0,0.20594236028249224,False,False,False,False,0,4,0,16,1,2,709,195,"[false, false, false]",140,2,0,Starfield Stage - 1
1909,2025-09-30T16:00:17.970684,9,770.0,487.0,0.22082876972934834,False,False,False,False,0,4,0,16,1,2,704,193,"[false, false, false]",140,2,0,Starfield Stage - 1
1910,2025-09-30T16:00:18.041248,8,770.0,487.0,0.37708758701337325,False,False,False,False,0,4,0,16,1,2,650,184,"[false, false, false]",140,2,0,Starfield Stage - 1
1911,2025-09-30T16:00:18.043687,66,770.0,487.0,0.37708758701337325,False,False,False,False,0,4,0,16,1,2,650,184,"[false, false, false]",140,2,0,Starfield Stage - 1
1912,2025-09-30T16:00:18.052517,8,770.0,487.0,0.399702212115086,False,False,False,False,0,4,0,16,1,2,642,184,"[false, false, false]",140,2,0,Starfield Stage - 1
1913,2025-09-30T16:00:18.061965,9,770.0,487.0,0.42189291599495715,False,False,False,False,0,4,0,16,1,2,634,184,"[false, false, false]",140,2,0,Starfield Stage - 1
1914,2025-09-30T16:00:18.070814,9,770.0,487.0,0.46099509532780175,False,False,False,False,0,4,0,16,1,2,620,185,"[false, false, false]",140,2,0,Starfield Stage - 1
1915,2025-09-30T16:00:18.079551,9,770.0,487.0,0.47671875995098784,False,False,False,False,0,4,0,16,1,2,613,183,"[false, false, false]",140,2,0,Starfield Stage - 1
1916,2025-09-30T16:00:18.087730,8,770.0,487.0,0.49080781082499214,False,False,False,False,0,4,0,16,1,2,607,182,"[false, false, false]",140,2,0,Starfield Stage - 1
1917,2025-09-30T16:00:18.096285,9,767.5,487.0,0.49694727473102535,False,False,False,False,0,4,0,16,1,2,601,180,"[false, false, false]",140,2,0,Starfield Stage - 1
1918,2025-09-30T16:00:18.104523,8,765.0,487.0,0.5029674345297063,False,False,False,False,0,4,0,16,1,2,595,178,"[false, false, false]",140,2,0,Starfield Stage - 1
1919,2025-09-30T16:00:18.112665,8,762.5,487.0,0.5077829669822322,False,False,False,False,0,4,0,16,1,2,590,177,"[false, false, false]",140,2,0,Starfield Stage - 1
1920,2025-09-30T16:00:18.121018,9,760.0,487.0,0.5136060047227489,False,False,False,False,0,4,0,16,1,2,584,175,"[false, false, false]",140,2,0,Starfield Stage - 1
1921,2025-09-30T16:00:18.130031,9,757.5,487.0,0.5169139750965578,False,False,False,False,0,4,0,16,1,2,579,173,"[false, false, false]",140,2,0,Starfield Stage - 1
1922,2025-09-30T16:00:18.138445,8,755.0,487.0,0.5201679122560354,False,False,False,False,0,4,0,16,1,2,574,171,"[false, false, false]",140,2,0,Starfield Stage - 1
1923,2025-09-30T16:00:18.146444,8,752.5,487.0,0.5247335941957324,False,False,False,False,0,4,0,16,1,2,569,170,"[false, false, false]",140,2,0,Starfield Stage - 1
1924,2025-09-30T16:00:18.154166,8,750.0,487.0,0.5255368782337934,False,False,False,False,0,4,0,16,1,2,565,168,"[false, false, false]",140,2,0,Starfield Stage - 1
1925,2025-09-30T16:00:18.161909,8,747.5,487.0,0.5263294186901286,False,False,False,False,0,4,0,16,1,2,561,166,"[false, false, false]",140,2,0,Starfield Stage - 1
1926,2025-09-30T16:00:18.171537,9,745.0,487.0,0.5238158601558158,False,False,False,False,1,4,0,16,1,2,559,165,"[true, false, false]",140,2,0,Starfield Stage - 1
1927,2025-09-30T16:00:18.241192,8,742.5,484.5,0.5233231993926374,False,False,False,False,1,4,0,16,1,2,557,163,"[false, false, false]",140,2,0,Starfield Stage - 1
1928,2025-09-30T16:00:18.243662,65,740.0,482.0,0.5208324532888277,False,False,False,False,1,4,0,16,1,2,557,163,"[false, false, false]",140,2,0,Starfield Stage - 1
1929,2025-09-30T16:00:18.252716,9,737.5,479.5,0.5182950506222136,False,False,False,False,1,4,0,17,1,2,557,163,"[false, false, false]",140,2,0,Starfield Stage - 1
1930,2025-09-30T16:00:18.262673,9,735.0,477.0,0.5157097016565353,False,False,False,False,1,4,0,17,1,2,557,163,"[false, false, false]",140,2,0,Starfield Stage - 1
1931,2025-09-30T16:00:18.271217,9,732.5,474.5,0.5130750700151498,False,False,False,False,1,4,0,17,1,2,557,163,"[false, false, false]",140,2,0,Starfield Stage - 1
1932,2025-09-30T16:00:18.279532,8,730.0,472.0,0.5103897706211453,False,False,False,False,1,4,0,17,1,2,557,163,"[false, false, false]",140,2,0,Starfield Stage - 1
1933,2025-09-30T16:00:18.287686,9,727.5,469.5,0.5076523675314925,False,False,False,False,1,4,0,17,1,2,557,163,"[false, false, false]",140,2,0,Starfield Stage - 1
1934,2025-09-30T16:00:18.296873,9,725.0,467.0,0.5048613716591264,False,False,False,False,1,4,0,17,1,2,557,163,"[false, false, false]",140,2,0,Starfield Stage - 1
1935,2025-09-30T16:00:18.306191,9,722.5,464.5,0.5034178868112171,False,False,False,False,1,4,0,17,1,2,557,164,"[false, false, false]",140,2,0,Starfield Stage - 1
1936,2025-09-30T16:00:18.314049,8,720.0,462.0,0.503361815834045,False,False,False,False,1,4,0,17,1,2,557,166,"[false, false, false]",140,2,0,Starfield Stage - 1
1937,2025-09-30T16:00:18.322707,9,717.5,459.5,0.5076869126798285,False,False,False,False,1,4,0,17,1,2,557,171,"[false, false, false]",140,2,0,Starfield Stage - 1
1938,2025-09-30T16:00:18.332274,9,715.0,457.0,0.5168187328785679,False,False,False,False,1,4,0,17,1,2,557,179,"[false, false, false]",140,2,0,Starfield Stage - 1
1939,2025-09-30T16:00:18.341095,9,712.5,454.5,0.528191093707529,False,False,False,False,1,4,0,17,1,2,557,188,"[false, false, false]",140,2,0,Starfield Stage - 1
1940,2025-09-30T16:00:18.350194,9,710.0,452.0,0.5544515261587866,False,False,False,False,2,4,0,17,1,2,562,213,"[true, false, false]",140,2,0,Starfield Stage - 1
1941,2025-09-30T16:00:18.358742,8,707.5,449.5,0.5684800181857161,False,False,False,False,2,3,0,17,1,2,566,228,"[true, false, false]",140,2,0,Starfield Stage - 1
1942,2025-09-30T16:00:18.366665,9,705.0,447.0,0.578942828779634,False,False,False,False,2,3,0,17,1,2,571,242,"[true, false, false]",140,2,0,Starfield Stage - 1
1943,2025-09-30T16:00:18.376077,9,702.5,444.5,0.5922527297476968,False,False,False,False,2,3,0,17,1,2,575,255,"[true, false, false]",140,2,0,Starfield Stage - 1
1944,2025-09-30T16:00:18.447706,9,705.0,444.5,0.6094087891762435,False,False,False,False,2,3,0,17,1,2,616,317,"[false, false, false]",140,2,0,Starfield Stage - 1
1945,2025-09-30T16:00:18.450220,65,707.5,444.5,0.6224717045470756,False,False,False,False,2,3,0,17,1,2,616,317,"[false, false, false]",140,2,0,Starfield Stage - 1
1946,2025-09-30T16:00:18.458129,8,710.0,444.5,0.636395285240718,False,False,False,False,2,3,0,17,1,2,618,320,"[false, false, false]",140,2,0,Starfield Stage - 1
1947,2025-09-30T16:00:18.466100,8,712.5,444.5,0.6519369891442699,False,False,False,False,2,3,0,17,1,2,619,322,"[false, false, false]",140,2,0,Starfield Stage - 1
1948,2025-09-30T16:00:18.474513,8,715.0,444.5,0.6636021624118604,False,False,False,False,2,3,0,17,1,2,620,323,"[false, false, false]",140,2,0,Starfield Stage - 1
1949,2025-09-30T16:00:18.482795,9,717.5,444.5,0.6802824472123445,False,False,False,False,2,3,0,17,1,2,620,324,"[false, false, false]",140,2,0,Starfield Stage - 1
1950,2025-09-30T16:00:18.492409,9,720.0,444.5,0.6926941253235457,False,False,False,False,2,3,0,17,1,2,620,324,"[false, false, false]",140,2,0,Starfield Stage - 1
1951,2025-09-30T16:00:18.500915,9,722.5,444.5,0.7048552924023037,False,False,False,False,2,3,0,17,1,2,620,324,"[false, false, false]",140,2,0,Starfield Stage - 1
1952,2025-09-30T16:00:18.509684,8,725.0,444.5,0.7167699672208145,False,False,False,False,2,3,0,17,1,2,620,324,"[false, false, false]",140,2,0,Starfield Stage - 1
1953,2025-09-30T16:00:18.518314,9,727.5,444.5,0.736763977892441,False,False,False,False,3,3,0,17,1,2,620,326,"[true, false, false]",140,2,0,Starfield Stage - 1
1954,2025-09-30T16:00:18.526150,8,730.0,444.5,0.7567084657307699,False,False,False,False,3,3,0,17,1,2,620,328,"[true, false, false]",140,2,0,Starfield Stage - 1
1955,2025-09-30T16:00:18.534541,8,732.5,444.5,0.7809734135131372,False,False,False,False,3,3,0,17,1,2,620,331,"[true, false, false]",140,2,0,Starfield Stage - 1
1956,2025-09-30T16:00:18.543066,9,735.0,444.5,0.8053511691645904,False,False,False,False,3,3,0,17,1,2,620,334,"[true, false, false]",140,2,0,Starfield Stage - 1
1957,2025-09-30T16:00:18.551810,9,737.5,444.5,0.8340323489024557,False,False,False,False,3,3,0,17,1,2,619,337,"[true, false, false]",140,2,0,Starfield Stage - 1
1958,2025-09-30T16:00:18.561237,9,740.0,444.5,0.8625076643775594,False,False,False,False,3,3,0,17,1,2,618,340,"[true, false, false]",140,2,0,Starfield Stage - 1
1959,2025-09-30T16:00:18.569885,8,740.0,444.5,0.8768648273493327,False,False,False,False,3,3,0,17,1,2,618,343,"[true, false, false]",140,2,0,Starfield Stage - 1
1960,2025-09-30T16:00:18.577788,9,740.0,444.5,0.8906260203493288,False,False,False,False,3,3,0,17,1,2,617,345,"[true, false, false]",140,2,0,Starfield Stage - 1
1961,2025-09-30T16:00:18.646392,9,740.0,444.5,0.9462246673337877,False,False,False,False,3,3,0,17,1,2,620,358,"[false, false, false]",140,2,0,Starfield Stage - 1
1962,2025-09-30T16:00:18.648879,62,740.0,444.5,0.9462246673337877,False,False,False,False,3,3,0,17,1,2,620,358,"[false, false, false]",140,2,0,Starfield Stage - 1
1963,2025-09-30T16:00:18.658221,9,740.0,444.5,0.9549698115680524,False,False,False,False,3,3,0,17,1,2,622,361,"[false, false, false]",140,2,0,Starfield Stage - 1
1964,2025-09-30T16:00:18.666264,8,740.0,444.5,0.9699739127744285,False,False,False,False,3,3,0,17,1,2,624,365,"[false, false, false]",140,2,0,Starfield Stage - 1
1965,2025-09-30T16:00:18.675238,9,740.0,444.5,0.9858363102074293,False,False,False,False,3,4,0,17,1,2,626,369,"[false, false, false]",140,2,0,Starfield Stage - 1
1966,2025-09-30T16:00:18.683288,8,737.5,444.5,0.9964914966201949,False,False,False,False,3,4,0,17,1,2,627,373,"[false, false, false]",140,2,0,Starfield Stage - 1
1967,2025-09-30T16:00:18.691977,8,735.0,444.5,1.0147211962460236,False,False,False,False,3,4,0,17,1,2,628,378,"[false, false, false]",140,2,0,Starfield Stage - 1
1968,2025-09-30T16:00:18.698986,8,732.5,444.5,1.041821248170739,False,False,False,False,3,4,0,17,1,2,629,384,"[false, false, false]",140,2,0,Starfield Stage - 1
1969,2025-09-30T16:00:18.708080,9,730.0,444.5,1.0836696671958725,False,False,False,False,4,4,0,17,1,2,629,391,"[true, false, false]",140,2,0,Starfield Stage - 1
1970,2025-09-30T16:00:18.717235,9,727.5,444.5,1.1464659199799598,False,False,False,False,4,4,0,17,1,2,629,400,"[true, false, false]",140,2,0,Starfield Stage - 1
1971,2025-09-30T16:00:18.725510,8,725.0,444.5,1.2317790427303703,False,False,False,False,4,4,0,17,1,2,630,411,"[true, false, false]",140,2,0,Starfield Stage - 1
1972,2025-09-30T16:00:18.733619,8,722.5,444.5,1.3321870042866957,False,False,False,False,4,4,0,17,1,2,630,422,"[true, false, false]",140,2,0,Starfield Stage - 1
1973,2025-09-30T16:00:18.742603,9,720.0,444.5,1.5763518251955893,False,False,False,False,4,4,0,17,1,2,630,445,"[true, false, false]",140,2,0,Starfield Stage - 1
1974,2025-09-30T16:00:18.751688,9,717.5,444.5,1.690225252813235,False,False,False,False,4,4,0,17,1,2,630,455,"[true, false, false]",140,2,0,Starfield Stage - 1
1975,2025-09-30T16:00:18.797209,9,715.0,442.0,1.8240620930256495,False,False,False,False,3,3,0,17,1,2,630,464,"[true, false, false]",170,2,0,Starfield Stage - 1
1976,2025-09-30T16:00:18.857590,40,712.5,439.5,1.8668014979644871,False,False,False,False,3,3,0,17,1,2,642,461,"[false, false, false]",170,2,0,Starfield Stage - 1
1977,2025-09-30T16:00:18.860063,60,710.0,437.0,1.9100889412489412,False,False,False,False,3,3,0,17,1,2,642,461,"[false, false, false]",170,2,0,Starfield Stage - 1
1978,2025-09-30T16:00:18.869426,9,707.5,434.5,1.8216001667513495,False,False,False,False,3,3,0,17,1,2,647,450,"[false, false, false]",170,2,0,Starfield Stage - 1
1979,2025-09-30T16:00:18.877278,8,705.0,432.0,1.6295521495106193,False,False,False,False,3,3,0,17,1,2,654,435,"[false, false, false]",170,2,0,Starfield Stage - 1
1980,2025-09-30T16:00:18.886216,8,702.5,429.5,1.3065363068815665,False,False,False,False,3,3,0,17,1,2,660,418,"[false, false, false]",170,2,0,Starfield Stage - 1
1981,2025-09-30T16:00:18.893867,9,700.0,427.0,0.5779019369622457,False,False,False,False,3,3,0,17,1,2,670,381,"[false, false, false]",170,2,0,Starfield Stage - 1
1982,2025-09-30T16:00:18.903553,9,697.5,424.5,0.3906070436976868,False,False,False,False,3,3,0,17,1,2,673,365,"[false, false, false]",170,2,0,Starfield Stage - 1
1983,2025-09-30T16:00:18.911892,8,695.0,422.0,0.2914567944778671,False,False,False,False,3,3,0,17,1,2,674,352,"[false, false, false]",170,2,0,Starfield Stage - 1
1984,2025-09-30T16:00:18.920040,9,692.5,419.5,0.23727465529936403,False,False,False,False,3,3,0,17,1,2,674,343,"[false, false, false]",170,2,0,Starfield Stage - 1
1985,2025-09-30T16:00:18.929132,9,690.0,417.0,0.19982864507299022,False,False,False,False,3,3,0,17,1,2,674,338,"[false, false, false]",170,2,0,Starfield Stage - 1
1986,2025-09-30T16:00:18.938369,9,687.5,414.5,0.1682067718570861,False,False,False,False,4,3,0,17,1,2,674,335,"[true, false, false]",170,2,0,Starfield Stage - 1
1987,2025-09-30T16:00:18.946462,8,685.0,412.0,0.14010172439663027,False,False,False,False,4,3,0,17,1,2,674,334,"[true, false, false]",170,2,0,Starfield Stage - 1
1988,2025-09-30T16:00:18.955340,9,682.5,409.5,0.11211070852242967,False,False,False,False,4,3,0,17,1,2,674,334,"[true, false, false]",170,2,0,Starfield Stage - 1
1989,2025-09-30T16:00:18.963062,8,680.0,407.0,0.08200744552618561,False,False,False,False,4,3,0,17,1,2,674,334,"[true, false, false]",170,2,0,Starfield Stage - 1
1990,2025-09-30T16:00:18.971924,9,677.5,404.5,0.049604663865454875,False,False,False,False,4,3,0,17,1,2,674,334,"[true, false, false]",170,2,0,Starfield Stage - 1
1991,2025-09-30T16:00:18.981231,9,675.0,402.0,0.014704822377851432,False,False,False,False,3,3,0,17,1,2,674,334,"[true, false, false]",170,2,0,Starfield Stage - 1
1992,2025-09-30T16:00:18.990868,8,672.5,399.5,-0.02289676122138399,False,False,False,False,3,3,0,17,1,2,674,334,"[true, false, false]",170,2,0,Starfield Stage - 1
1993,2025-09-30T16:00:18.998291,9,670.0,397.0,-0.06340695196683198,False,False,False,False,3,3,0,17,1,2,674,334,"[true, false, false]",170,2,0,Starfield Stage - 1
1994,2025-09-30T16:00:19.069347,8,667.5,394.5,-0.10881220481724505,False,False,False,False,3,3,0,17,1,2,674,335,"[false, false, false]",170,2,0,Starfield Stage - 1
1995,2025-09-30T16:00:19.071935,66,665.0,392.0,-0.16514867741462683,False,False,False,False,3,3,0,17,1,2,674,338,"[false, false, false]",170,2,0,Starfield Stage - 1
1996,2025-09-30T16:00:19.081307,9,662.5,389.5,-0.22679884805388587,False,False,False,False,3,3,0,17,1,2,673,344,"[false, false, false]",170,2,0,Starfield Stage - 1
1997,2025-09-30T16:00:19.089807,9,660.0,387.0,-0.3129012278803845,False,False,False,False,3,3,0,17,1,2,671,353,"[false, false, false]",170,2,0,Starfield Stage - 1
1998,2025-09-30T16:00:19.099339,9,657.5,384.5,-0.556166230120453,False,False,False,False,3,3,0,17,1,2,669,366,"[false, false, false]",170,2,0,Starfield Stage - 1
1999,2025-09-30T16:00:19.107618,8,655.0,382.0,-1.4056476493802699,False,False,False,False,3,3,0,17,1,2,667,380,"[false, false, false]",170,2,0,Starfield Stage - 1
2000,2025-09-30T16:00:19.116447,9,652.5,379.5,-2.4932606645025324,False,False,False,False,2,3,0,17,1,2,665,396,"[false, false, false]",170,2,0,Starfield Stage - 1
2001,2025-09-30T16:00:19.124990,9,650.0,377.0,-2.770701364777131,False,False,False,False,2,3,0,17,1,2,664,413,"[false, false, false]",170,2,0,Starfield Stage - 1
2002,2025-09-30T16:00:19.135222,10,647.5,374.5,-2.871743497651324,False,False,False,False,2,3,0,17,1,2,667,445,"[false, false, false]",170,2,0,Starfield Stage - 1
2003,2025-09-30T16:00:19.142826,8,645.0,372.0,-2.840672419229368,False,False,False,False,2,3,0,17,1,2,672,459,"[false, false, false]",170,2,0,Starfield Stage - 1
2004,2025-09-30T16:00:19.152411,9,642.5,369.5,-2.819842099193151,False,False,False,False,2,3,0,17,1,2,677,473,"[false, false, false]",170,2,0,Starfield Stage - 1
2005,2025-09-30T16:00:19.159894,8,640.0,367.0,-2.7874344967335656,False,False,False,False,2,3,0,17,1,2,684,486,"[false, false, false]",170,2,0,Starfield Stage - 1
2006,2025-09-30T16:00:19.168473,8,637.5,364.5,-2.763010584557632,False,False,False,False,3,3,0,17,1,2,691,499,"[true, false, false]",170,2,0,Starfield Stage - 1
2007,2025-09-30T16:00:19.176284,8,635.0,362.0,-2.733443549834704,False,False,False,False,3,3,0,17,1,2,699,510,"[true, false, false]",170,2,0,Starfield Stage - 1
2008,2025-09-30T16:00:19.184274,8,632.5,359.5,-2.7019001082823086,False,False,False,False,3,3,0,17,1,2,708,520,"[true, false, false]",170,2,0,Starfield Stage - 1
2009,2025-09-30T16:00:19.192363,8,630.0,357.0,-2.6756355798727665,False,False,False,False,3,3,0,17,1,2,717,530,"[true, false, false]",170,2,0,Starfield Stage - 1
2010,2025-09-30T16:00:19.200587,8,627.5,354.5,-2.6489520969446345,False,False,False,False,3,3,0,17,1,2,726,538,"[true, false, false]",170,2,0,Starfield Stage - 1
2011,2025-09-30T16:00:19.271176,9,625.0,352.0,-2.5525124642524237,False,False,False,False,3,3,0,17,1,2,768,566,"[false, false, false]",170,2,0,Starfield Stage - 1
2012,2025-09-30T16:00:19.273558,65,622.5,349.5,-2.549868642447367,False,False,False,False,3,3,0,17,1,2,768,566,"[false, false, false]",170,2,0,Starfield Stage - 1
2013,2025-09-30T16:00:19.282603,9,620.0,347.0,-2.5462832907250554,False,False,False,False,3,3,0,17,1,2,769,567,"[false, false, false]",170,2,0,Starfield Stage - 1
2014,2025-09-30T16:00:19.292805,9,617.5,347.0,-2.538534074598966,False,False,False,False,3,3,0,17,1,2,769,567,"[false, false, false]",170,2,0,Starfield Stage - 1
2015,2025-09-30T16:00:19.301231,9,615.0,347.0,-2.5308666892005847,False,False,False,False,3,3,0,17,1,2,769,567,"[false, false, false]",170,2,0,Starfield Stage - 1
2016,2025-09-30T16:00:19.309824,9,612.5,347.0,-2.5232807324589683,False,False,False,False,3,3,0,17,1,2,769,567,"[false, false, false]",170,2,0,Starfield Stage - 1
2017,2025-09-30T16:00:19.319384,9,610.0,347.0,-2.51577577330965,False,False,False,False,3,3,0,17,1,2,769,567,"[false, false, false]",170,2,0,Starfield Stage - 1
2018,2025-09-30T16:00:19.327670,8,607.5,347.0,-2.5083513533462236,False,False,False,False,3,3,0,17,1,2,769,567,"[false, false, false]",170,2,0,Starfield Stage - 1
2019,2025-09-30T16:00:19.335765,9,605.0,347.0,-2.5010069884312838,False,False,False,False,3,3,0,17,1,2,769,567,"[false, false, false]",170,2,0,Starfield Stage - 1
2020,2025-09-30T16:00:19.382900,9,602.5,347.0,-2.4937421702652767,False,False,False,False,2,2,0,17,1,2,769,567,"[false, false, false]",190,2,0,Starfield Stage - 1
2021,2025-09-30T16:00:19.385520,40,600.0,347.0,-2.4865563679120526,False,False,False,False,3,2,0,17,1,2,769,567,"[true, false, false]",190,2,0,Starfield Stage - 1
2022,2025-09-30T16:00:19.392972,8,597.5,347.0,-2.4794490292801648,False,False,False,False,3,2,0,17,1,2,769,567,"[true, false, false]",190,2,0,Starfield Stage - 1
2023,2025-09-30T16:00:19.402193,9,595.0,347.0,-2.4724195825591626,False,False,False,False,3,2,0,17,1,2,769,567,"[true, false, false]",190,2,0,Starfield Stage - 1
2024,2025-09-30T16:00:19.469844,8,592.5,349.5,-2.454282949108059,False,False,False,False,3,2,0,17,1,2,762,556,"[false, false, false]",190,2,0,Starfield Stage - 1
2025,2025-09-30T16:00:19.472093,62,590.0,352.0,-2.441096283642067,False,False,False,False,3,2,0,17,1,2,762,556,"[false, false, false]",190,2,0,Starfield Stage - 1
2026,2025-09-30T16:00:19.481582,9,587.5,354.5,-2.4247681207417404,False,False,False,False,3,2,0,17,1,2,757,549,"[false, false, false]",190,2,0,Starfield Stage - 1
2027,2025-09-30T16:00:19.489033,8,585.0,357.0,-2.401876971267008,False,False,False,False,3,2,0,17,1,2,752,540,"[false, false, false]",190,2,0,Starfield Stage - 1
2028,2025-09-30T16:00:19.497464,8,582.5,359.5,-2.373996763618842,False,False,False,False,3,2,0,17,1,2,748,531,"[false, false, false]",190,2,0,Starfield Stage - 1
2029,2025-09-30T16:00:19.505166,8,580.0,362.0,-2.3438494383481205,False,False,False,False,3,2,0,17,1,2,744,522,"[false, false, false]",190,2,0,Starfield Stage - 1
2030,2025-09-30T16:00:19.515226,10,577.5,364.5,-2.3081545573445825,False,False,False,False,3,2,0,17,1,2,741,513,"[false, false, false]",190,2,0,Starfield Stage - 1
2031,2025-09-30T16:00:19.522833,8,575.0,367.0,-2.276890958761558,False,False,False,False,3,2,0,17,1,2,738,506,"[false, false, false]",190,2,0,Starfield Stage - 1
2032,2025-09-30T16:00:19.531575,8,572.5,369.5,-2.2406702164722234,False,False,False,False,3,2,0,17,1,2,736,499,"[false, false, false]",190,2,0,Starfield Stage - 1
2033,2025-09-30T16:00:19.539943,8,570.0,372.0,-2.211381991953406,False,False,False,False,3,2,0,17,1,2,735,495,"[false, false, false]",190,2,0,Starfield Stage - 1
2034,2025-09-30T16:00:19.547840,9,567.5,374.5,-2.1853413680938614,False,False,False,False,3,2,0,17,1,2,734,492,"[false, false, false]",190,2,0,Starfield Stage - 1
2035,2025-09-30T16:00:19.557374,9,565.0,377.0,-2.1601631859763004,False,False,False,False,4,2,0,17,1,2,734,490,"[true, false, false]",190,2,0,Starfield Stage - 1
2036,2025-09-30T16:00:19.607475,8,562.5,379.5,-2.1390332702773236,False,False,False,False,3,1,0,17,1,2,734,489,"[true, false, false]",200,2,1,Starfield Stage - 2
2037,2025-09-30T16:00:19.609812,45,560.0,382.0,-2.1221305909252033,False,False,False,False,3,1,0,17,1,2,734,489,"[true, false, false]",200,2,1,Starfield Stage - 2
2038,2025-09-30T16:00:19.681713,9,557.5,384.5,-2.018215647699764,False,False,False,False,3,1,0,17,1,2,719,462,"[false, false, false]",200,2,1,Starfield Stage - 2
2039,2025-09-30T16:00:19.684797,65,555.0,387.0,-1.999718446458936,False,False,False,False,3,1,0,17,1,2,719,462,"[false, false, false]",200,2,1,Starfield Stage - 2
2040,2025-09-30T16:00:19.693268,9,552.5,389.5,-1.8461585204763198,False,False,False,False,3,1,0,17,1,2,710,434,"[false, false, false]",200,2,1,Starfield Stage - 2
2041,2025-09-30T16:00:19.701120,8,550.0,392.0,-1.730709449953116,False,False,False,False,3,1,0,17,1,2,705,417,"[false, false, false]",200,2,1,Starfield Stage - 2
2042,2025-09-30T16:00:19.709741,8,547.5,394.5,-1.587188301102902,False,False,False,False,3,1,0,17,1,2,700,397,"[false, false, false]",200,2,1,Starfield Stage - 2
2043,2025-09-30T16:00:19.717836,9,545.0,397.0,-1.425167946224074,False,False,False,False,3,1,0,17,1,2,695,375,"[false, false, false]",200,2,1,Starfield Stage - 2
2044,2025-09-30T16:00:19.727263,9,542.5,399.5,-1.2572591400650257,False,False,False,False,3,1,0,17,1,2,689,352,"[false, false, false]",200,2,1,Starfield Stage - 2
2045,2025-09-30T16:00:19.735338,8,540.0,402.0,-1.0877605657802516,False,False,False,False,3,1,0,17,1,2,683,327,"[false, false, false]",200,2,1,Starfield Stage - 2
2046,2025-09-30T16:00:19.743388,8,537.5,404.5,-0.9383605788206801,False,False,False,False,3,1,0,17,1,2,676,303,"[false, false, false]",200,2,1,Starfield Stage - 2
2047,2025-09-30T16:00:19.751624,8,535.0,407.0,-0.8122116589452836,False,False,False,False,3,1,0,17,1,2,669,280,"[false, false, false]",200,2,1,Starfield Stage - 2
2048,2025-09-30T16:00:19.758971,8,532.5,409.5,-0.7138359864424244,False,False,False,False,3,1,0,17,1,2,662,260,"[false, false, false]",200,2,1,Starfield Stage - 2
2049,2025-09-30T16:00:19.767569,8,530.0,412.0,-0.6368408837730178,False,False,False,False,3,1,0,17,1,2,655,243,"[false, false, false]",200,2,1,Starfield Stage - 2
2050,2025-09-30T16:00:19.776377,9,527.5,414.5,-0.567419110480629,False,False,False,False,3,1,0,17,1,2,647,227,"[false, false, false]",200,2,1,Starfield Stage - 2
2051,2025-09-30T16:00:19.784676,8,525.0,417.0,-0.515424706651664,False,False,False,False,3,1,0,17,1,2,640,214,"[false, false, false]",200,2,1,Starfield Stage - 2
2052,2025-09-30T16:00:19.793352,9,522.5,419.5,-0.4755845993864168,False,False,False,False,3,1,0,17,1,2,634,203,"[false, false, false]",200,2,1,Starfield Stage - 2
2053,2025-09-30T16:00:19.803253,8,520.0,422.0,-0.44068344870963133,False,False,False,False,3,1,0,17,1,2,628,193,"[false, false, false]",200,2,1,Starfield Stage - 2
2054,2025-09-30T16:00:19.808780,8,517.5,424.5,-0.41142435667540755,False,False,False,False,3,1,0,17,1,2,622,185,"[false, false, false]",200,2,1,Starfield Stage - 2
2055,2025-09-30T16:00:19.818327,9,515.0,427.0,-0.3922218989754378,False,False,False,False,3,1,0,17,1,2,618,178,"[false, false, false]",200,2,1,Starfield Stage - 2
2056,2025-09-30T16:00:19.887241,8,512.5,427.0,-0.36389773493737304,False,False,False,False,4,2,0,17,1,2,610,171,"[true, false, false]",200,2,1,Starfield Stage - 2
2057,2025-09-30T16:00:19.889561,64,510.0,427.0,-0.3723984466767542,False,False,False,False,4,2,0,17,1,2,610,171,"[true, false, false]",200,2,1,Starfield Stage - 2
2058,2025-09-30T16:00:19.899506,9,507.5,427.0,-0.38219556469493515,False,False,False,False,4,2,0,17,1,2,610,172,"[true, false, false]",200,2,1,Starfield Stage - 2
2059,2025-09-30T16:00:19.907265,8,505.0,427.0,-0.3933870206505686,False,False,False,False,3,2,0,17,1,2,610,174,"[true, false, false]",200,2,1,Starfield Stage - 2
2060,2025-09-30T16:00:19.916137,8,502.5,427.0,-0.40609805831761564,False,False,False,False,3,2,0,17,1,2,610,177,"[true, false, false]",200,2,1,Starfield Stage - 2
2061,2025-09-30T16:00:19.923617,8,500.0,427.0,-0.4204850642356549,False,False,False,False,3,2,0,17,1,2,610,181,"[true, false, false]",200,2,1,Starfield Stage - 2
2062,2025-09-30T16:00:19.931885,9,497.5,427.0,-0.43674073164723815,False,False,False,False,3,2,0,17,1,2,610,186,"[true, false, false]",200,2,1,Starfield Stage - 2
2063,2025-09-30T16:00:19.941336,9,495.0,427.0,-0.4636476090008061,False,False,False,False,3,2,0,17,1,2,610,197,"[false, false, false]",200,2,1,Starfield Stage - 2
2064,2025-09-30T16:00:19.948766,8,492.5,427.0,-0.4938070505859363,False,False,False,False,3,2,0,17,1,2,612,205,"[false, false, false]",200,2,1,Starfield Stage - 2
2065,2025-09-30T16:00:19.958263,9,490.0,427.0,-0.5418122570302073,False,False,False,False,3,2,0,17,1,2,617,216,"[false, false, false]",200,2,1,Starfield Stage - 2
2066,2025-09-30T16:00:19.966307,8,487.5,427.0,-0.6069876640464079,False,False,False,False,3,2,0,17,1,2,625,229,"[false, false, false]",200,2,1,Starfield Stage - 2
2067,2025-09-30T16:00:19.974229,8,485.0,427.0,-0.6952814591959703,False,False,False,False,3,2,0,17,1,2,636,246,"[false, false, false]",200,2,1,Starfield Stage - 2
2068,2025-09-30T16:00:19.982767,9,482.5,427.0,-0.7960199187046103,False,False,False,False,3,2,0,17,1,2,649,264,"[false, false, false]",200,2,1,Starfield Stage - 2
2069,2025-09-30T16:00:19.992221,9,480.0,427.0,-0.9135267249381451,False,False,False,False,3,2,0,17,1,2,664,285,"[false, false, false]",200,2,1,Starfield Stage - 2
2070,2025-09-30T16:00:20.000681,8,477.5,427.0,-1.0343608691901653,False,False,False,False,3,2,0,17,1,2,681,306,"[false, false, false]",200,2,1,Starfield Stage - 2
2071,2025-09-30T16:00:20.009136,9,475.0,427.0,-1.1525719972156676,False,False,False,False,3,2,0,17,1,2,700,327,"[false, false, false]",200,2,1,Starfield Stage - 2
2072,2025-09-30T16:00:20.016882,8,472.5,427.0,-1.2581640607154498,False,False,False,False,3,2,0,17,1,2,720,347,"[false, false, false]",200,2,1,Starfield Stage - 2
2073,2025-09-30T16:00:20.026093,9,470.0,427.0,-1.3458847776595615,False,False,False,False,2,2,0,17,1,2,741,365,"[false, false, false]",200,2,1,Starfield Stage - 2
2074,2025-09-30T16:00:20.094976,9,467.5,424.5,-1.7106711394640848,False,False,False,False,3,2,0,17,1,2,883,483,"[true, false, false]",200,2,1,Starfield Stage - 2
2075,2025-09-30T16:00:20.097469,62,465.0,422.0,-1.7157064288595958,False,False,False,False,3,2,0,17,1,2,883,483,"[true, false, false]",200,2,1,Starfield Stage - 2
2076,2025-09-30T16:00:20.105198,8,462.5,419.5,-1.735371938369677,False,False,False,False,3,2,0,17,1,2,887,490,"[true, false, false]",200,2,1,Starfield Stage - 2
2077,2025-09-30T16:00:20.112920,8,460.0,417.0,-1.751061010774728,False,False,False,False,3,2,0,17,1,2,888,495,"[true, false, false]",200,2,1,Starfield Stage - 2
2078,2025-09-30T16:00:20.122697,9,457.5,414.5,-1.7619447568477005,False,False,False,False,3,2,0,17,1,2,889,498,"[true, false, false]",200,2,1,Starfield Stage - 2
2079,2025-09-30T16:00:20.131049,9,455.0,412.0,-1.770849099168443,False,False,False,False,3,2,0,17,1,2,889,500,"[true, false, false]",200,2,1,Starfield Stage - 2
2080,2025-09-30T16:00:20.140795,9,457.5,409.5,-1.7819687927230252,False,False,False,False,3,2,0,19,1,2,889,502,"[true, false, false]",200,2,1,Starfield Stage - 2
2081,2025-09-30T16:00:20.149051,9,460.0,407.0,-1.7914435094552403,False,False,False,False,3,2,0,19,1,2,888,503,"[true, false, false]",200,2,1,Starfield Stage - 2
2082,2025-09-30T16:00:20.158510,9,462.5,404.5,-1.7982816343256485,False,False,False,False,3,2,0,19,1,2,888,503,"[true, false, false]",200,2,1,Starfield Stage - 2
2083,2025-09-30T16:00:20.166549,8,465.0,402.0,-1.8057138425568735,False,False,False,False,3,2,0,19,1,2,887,503,"[true, false, false]",200,2,1,Starfield Stage - 2
2084,2025-09-30T16:00:20.175098,9,467.5,399.5,-1.8126877137354087,False,False,False,False,3,2,0,19,1,2,887,503,"[false, false, false]",200,2,1,Starfield Stage - 2
2085,2025-09-30T16:00:20.184034,9,470.0,397.0,-1.8197208544484347,False,False,False,False,3,2,0,19,1,2,887,503,"[false, false, false]",200,2,1,Starfield Stage - 2
2086,2025-09-30T16:00:20.192886,9,472.5,394.5,-1.8268133188224032,False,False,False,False,3,2,0,19,1,2,887,503,"[false, false, false]",200,2,1,Starfield Stage - 2
2087,2025-09-30T16:00:20.202220,9,475.0,392.0,-1.833965138028414,False,False,False,False,3,2,0,19,1,2,887,503,"[false, false, false]",200,2,1,Starfield Stage - 2
2088,2025-09-30T16:00:20.210184,8,477.5,389.5,-1.8411763194753203,False,False,False,False,3,2,0,19,1,2,887,503,"[false, false, false]",200,2,1,Starfield Stage - 2
2089,2025-09-30T16:00:20.218094,8,480.0,387.0,-1.8484468460015404,False,False,False,False,3,2,0,19,1,2,887,503,"[false, false, false]",200,2,1,Starfield Stage - 2
2090,2025-09-30T16:00:20.226940,9,482.5,384.5,-1.8557766750672169,False,False,False,False,3,2,0,19,1,2,887,503,"[false, false, false]",200,2,1,Starfield Stage - 2
2091,2025-09-30T16:00:20.299727,9,485.0,382.0,-1.9251968449378183,False,False,False,False,4,2,0,19,1,2,912,540,"[true, false, false]",200,2,1,Starfield Stage - 2
2092,2025-09-30T16:00:20.302461,66,487.5,379.5,-1.9499001802827045,False,False,False,False,4,2,0,19,1,2,918,551,"[true, false, false]",200,2,1,Starfield Stage - 2
2093,2025-09-30T16:00:20.310868,9,490.0,377.0,-1.9745726645743937,False,False,False,False,4,2,0,19,1,2,923,562,"[true, false, false]",200,2,1,Starfield Stage - 2
2094,2025-09-30T16:00:20.319861,9,492.5,374.5,-1.9955147628865706,False,False,False,False,4,2,0,19,1,2,927,571,"[true, false, false]",200,2,1,Starfield Stage - 2
2095,2025-09-30T16:00:20.329337,9,495.0,372.0,-2.014947799085258,False,False,False,False,4,2,0,19,1,2,930,579,"[true, false, false]",200,2,1,Starfield Stage - 2
2096,2025-09-30T16:00:20.337073,8,497.5,369.5,-2.0293678372624044,False,False,False,False,4,2,0,19,1,2,932,584,"[true, false, false]",200,2,1,Starfield Stage - 2
2097,2025-09-30T16:00:20.346602,9,500.0,367.0,-2.0427234154182528,False,False,False,False,4,2,0,19,1,2,933,588,"[true, false, false]",200,2,1,Starfield Stage - 2
2098,2025-09-30T16:00:20.355222,9,502.5,364.5,-2.0533096218173736,False,False,False,False,4,2,0,19,1,2,933,590,"[true, false, false]",200,2,1,Starfield Stage - 2
2099,2025-09-30T16:00:20.364214,8,505.0,362.0,-2.0611165416258976,False,False,False,False,4,2,0,19,1,2,934,591,"[true, false, false]",200,2,1,Starfield Stage - 2
2100,2025-09-30T16:00:20.372626,8,507.5,359.5,-2.068087299376889,False,False,False,False,4,2,0,19,1,2,934,591,"[true, false, false]",200,2,1,Starfield Stage - 2
2101,2025-09-30T16:00:20.379419,8,510.0,357.0,-2.075086976552705,False,False,False,False,4,2,0,19,1,2,934,591,"[false, false, false]",200,2,1,Starfield Stage - 2
2102,2025-09-30T16:00:20.387581,8,512.5,357.0,-2.0775926250918704,False,False,False,False,4,2,0,19,1,2,934,591,"[false, false, false]",200,2,1,Starfield Stage - 2
2103,2025-09-30T16:00:20.396174,9,515.0,357.0,-2.080121097495073,False,False,False,False,4,2,0,19,1,2,934,591,"[false, false, false]",200,2,1,Starfield Stage - 2
2104,2025-09-30T16:00:20.404794,9,517.5,357.0,-2.0826726742658312,False,False,False,False,4,2,0,19,1,2,934,591,"[false, false, false]",200,2,1,Starfield Stage - 2
2105,2025-09-30T16:00:20.414953,10,520.0,357.0,-2.0852476398539244,False,False,False,False,4,2,0,19,1,2,934,591,"[false, false, false]",200,2,1,Starfield Stage - 2
2106,2025-09-30T16:00:20.423920,9,522.5,357.0,-2.087846282707086,False,False,False,False,4,2,0,19,1,2,934,591,"[false, false, false]",200,2,1,Starfield Stage - 2
2107,2025-09-30T16:00:20.433214,9,525.0,357.0,-2.09046889532287,False,False,False,False,4,2,0,19,1,2,934,591,"[false, false, false]",200,2,1,Starfield Stage - 2
2108,2025-09-30T16:00:20.501195,9,527.5,357.0,-2.0912660670056877,False,False,False,False,5,2,0,19,1,2,934,590,"[true, false, false]",200,2,1,Starfield Stage - 2
2109,2025-09-30T16:00:20.503935,62,530.0,357.0,-2.0939317815801766,False,False,False,False,4,2,0,19,1,2,934,590,"[true, false, false]",200,2,1,Starfield Stage - 2
2110,2025-09-30T16:00:20.512747,8,532.5,357.0,-2.0966223684037835,False,False,False,False,4,2,0,19,1,2,934,590,"[true, false, false]",200,2,1,Starfield Stage - 2
2111,2025-09-30T16:00:20.521663,9,535.0,357.0,-2.0974671579271864,False,False,False,False,4,2,0,19,1,2,934,589,"[true, false, false]",200,2,1,Starfield Stage - 2
2112,2025-09-30T16:00:20.530101,9,537.5,357.0,-2.1002026453206,False,False,False,False,4,2,0,19,1,2,934,589,"[true, false, false]",200,2,1,Starfield Stage - 2
2113,2025-09-30T16:00:20.539764,9,540.0,357.0,-2.1010772334214964,False,False,False,False,4,2,0,19,1,2,934,588,"[true, false, false]",200,2,1,Starfield Stage - 2
2114,2025-09-30T16:00:20.548093,9,542.5,357.0,-2.103858857366854,False,False,False,False,4,2,0,19,1,2,934,588,"[true, false, false]",200,2,1,Starfield Stage - 2
2115,2025-09-30T16:00:20.557103,9,545.0,357.0,-2.1066669577587946,False,False,False,False,4,2,0,19,1,2,934,588,"[false, false, false]",200,2,1,Starfield Stage - 2
2116,2025-09-30T16:00:20.566197,9,547.5,357.0,-2.109501869497961,False,False,False,False,4,2,0,19,1,2,934,588,"[false, false, false]",200,2,1,Starfield Stage - 2
2117,2025-09-30T16:00:20.574100,8,550.0,357.0,-2.112363932186742,False,False,False,False,4,2,0,19,1,2,934,588,"[false, false, false]",200,2,1,Starfield Stage - 2
2118,2025-09-30T16:00:20.583408,9,552.5,357.0,-2.1144945038417333,False,False,False,False,4,2,0,19,1,2,933,587,"[false, false, false]",200,2,1,Starfield Stage - 2
2119,2025-09-30T16:00:20.591875,9,555.0,357.0,-2.115128170171318,False,False,False,False,4,2,0,19,1,2,930,584,"[false, false, false]",200,2,1,Starfield Stage - 2
2120,2025-09-30T16:00:20.601188,9,557.5,357.0,-2.116202819435096,False,False,False,False,4,2,0,19,1,2,925,580,"[false, false, false]",200,2,1,Starfield Stage - 2
2121,2025-09-30T16:00:20.610079,8,560.0,357.0,-2.11900574739089,False,False,False,False,4,2,0,19,1,2,917,575,"[false, false, false]",200,2,1,Starfield Stage - 2
2122,2025-09-30T16:00:20.617150,8,562.5,357.0,-2.118588771197383,False,False,False,False,3,2,0,19,1,2,910,569,"[false, false, false]",200,2,1,Starfield Stage - 2
2123,2025-09-30T16:00:20.627233,8,565.0,357.0,-2.1229493172504004,False,False,False,False,3,2,0,19,1,2,901,564,"[false, false, false]",200,2,1,Starfield Stage - 2
2124,2025-09-30T16:00:20.633218,8,565.0,357.0,-2.121939276598094,False,False,False,False,3,2,0,19,1,2,892,558,"[false, false, false]",200,2,1,Starfield Stage - 2
2125,2025-09-30T16:00:20.702188,8,565.0,357.0,-2.1101417136224874,False,False,False,False,4,2,0,19,1,2,839,521,"[true, false, false]",200,2,1,Starfield Stage - 2
2126,2025-09-30T16:00:20.704629,64,565.0,357.0,-2.1101417136224874,False,False,False,False,4,2,0,19,1,2,839,521,"[true, false, false]",200,2,1,Starfield Stage - 2
2127,2025-09-30T16:00:20.714786,9,565.0,357.0,-2.1101417136224874,False,False,False,False,4,2,0,19,1,2,839,521,"[true, false, false]",200,2,1,Starfield Stage - 2
2128,2025-09-30T16:00:20.723479,9,565.0,357.0,-2.1101417136224874,False,False,False,False,4,2,0,20,1,2,839,521,"[true, false, false]",200,2,1,Starfield Stage - 2
2129,2025-09-30T16:00:20.731422,8,565.0,357.0,-2.1101417136224874,False,False,False,False,4,2,0,20,1,2,839,521,"[true, false, false]",200,2,1,Starfield Stage - 2
2130,2025-09-30T16:00:20.740148,9,565.0,357.0,-2.1101417136224874,False,False,False,False,4,2,0,20,1,2,839,521,"[true, false, false]",200,2,1,Starfield Stage - 2
2131,2025-09-30T16:00:20.747996,8,565.0,357.0,-2.1101417136224874,False,False,False,False,4,2,0,20,1,2,839,521,"[true, false, false]",200,2,1,Starfield Stage - 2
2132,2025-09-30T16:00:20.757069,9,565.0,357.0,-2.1101417136224874,False,False,False,False,4,2,0,20,1,2,839,521,"[true, false, false]",200,2,1,Starfield Stage - 2
2133,2025-09-30T16:00:20.765281,8,565.0,357.0,-2.1101417136224874,False,False,False,False,4,2,0,20,1,2,839,521,"[false, false, false]",200,2,1,Starfield Stage - 2
2134,2025-09-30T16:00:20.773157,8,565.0,357.0,-2.1101417136224874,False,False,False,False,4,2,0,20,1,2,839,521,"[false, false, false]",200,2,1,Starfield Stage - 2
2135,2025-09-30T16:00:20.781394,8,565.0,357.0,-2.1101417136224874,False,False,False,False,4,2,0,20,1,2,839,521,"[false, false, false]",200,2,1,Starfield Stage - 2
2136,2025-09-30T16:00:20.790197,9,562.5,359.5,-2.0994327623487843,False,False,False,False,4,2,0,20,1,2,839,521,"[false, false, false]",200,2,1,Starfield Stage - 2
2137,2025-09-30T16:00:20.798755,9,560.0,362.0,-2.0887836930084713,False,False,False,False,4,2,0,20,1,2,839,521,"[false, false, false]",200,2,1,Starfield Stage - 2
2138,2025-09-30T16:00:20.808184,9,557.5,364.5,-2.076691824248778,False,False,False,False,4,2,0,20,1,2,840,521,"[false, false, false]",200,2,1,Starfield Stage - 2
2139,2025-09-30T16:00:20.816022,8,555.0,367.0,-2.0647376957144776,False,False,False,False,4,2,0,20,1,2,841,521,"[false, false, false]",200,2,1,Starfield Stage - 2
2140,2025-09-30T16:00:20.861760,8,552.5,369.5,-2.0529223251674895,False,False,False,False,3,1,0,20,1,2,842,521,"[false, false, false]",210,2,1,Starfield Stage - 2
2141,2025-09-30T16:00:20.925821,40,550.0,372.0,-2.296763600072418,False,False,False,False,4,1,0,20,1,2,826,617,"[true, false, false]",210,2,1,Starfield Stage - 2
2142,2025-09-30T16:00:20.928384,64,547.5,374.5,-2.2872062572651606,False,False,False,False,4,2,0,20,1,2,826,617,"[true, false, false]",210,2,1,Starfield Stage - 2
2143,2025-09-30T16:00:20.936398,8,545.0,377.0,-2.308429700870849,False,False,False,False,4,2,0,20,1,2,819,626,"[true, false, false]",210,2,1,Starfield Stage - 2
2144,2025-09-30T16:00:20.945404,9,542.5,379.5,-2.3313904179748217,False,False,False,False,4,2,0,20,1,2,811,635,"[true, false, false]",210,2,1,Starfield Stage - 2
2145,2025-09-30T16:00:20.953399,8,540.0,382.0,-2.356194490192345,False,False,False,False,4,2,0,20,1,2,802,644,"[true, false, false]",210,2,1,Starfield Stage - 2
2146,2025-09-30T16:00:20.961909,9,537.5,384.5,-2.383059426447371,False,False,False,False,4,2,0,20,1,2,791,652,"[false, false, false]",210,2,1,Starfield Stage - 2
2147,2025-09-30T16:00:20.971066,9,535.0,387.0,-2.4104048896670083,False,False,False,False,4,2,0,20,1,2,779,659,"[false, false, false]",210,2,1,Starfield Stage - 2
2148,2025-09-30T16:00:20.980383,9,532.5,389.5,-2.4409710435993053,False,False,False,False,4,2,0,20,1,2,764,664,"[false, false, false]",210,2,1,Starfield Stage - 2
2149,2025-09-30T16:00:20.988195,8,530.0,392.0,-2.4730683275518786,False,False,False,False,4,2,0,20,1,2,748,668,"[false, false, false]",210,2,1,Starfield Stage - 2
2150,2025-09-30T16:00:20.996347,8,527.5,394.5,-2.5101038588720845,False,False,False,False,4,2,0,20,1,2,729,670,"[false, false, false]",210,2,1,Starfield Stage - 2
2151,2025-09-30T16:00:21.004641,8,525.0,397.0,-2.5552763890845305,False,False,False,False,4,2,0,20,1,2,707,671,"[false, false, false]",210,2,1,Starfield Stage - 2
2152,2025-09-30T16:00:21.013351,9,522.5,399.5,-2.6801493025913716,False,False,False,False,4,2,0,20,1,2,658,672,"[false, false, false]",210,2,1,Starfield Stage - 2
2153,2025-09-30T16:00:21.021359,8,520.0,402.0,-2.7439014629272562,False,False,False,False,4,2,0,20,1,2,633,671,"[false, false, false]",210,2,1,Starfield Stage - 2
2154,2025-09-30T16:00:21.030031,9,517.5,404.5,-2.817592384203439,False,False,False,False,4,2,0,20,1,2,607,671,"[false, false, false]",210,2,1,Starfield Stage - 2
2155,2025-09-30T16:00:21.038396,8,515.0,407.0,-2.888578449133114,False,False,False,False,4,2,0,20,1,2,583,670,"[false, false, false]",210,2,1,Starfield Stage - 2
2156,2025-09-30T16:00:21.046894,9,512.5,409.5,-2.9531055440416,False,False,False,False,4,2,0,20,1,2,562,669,"[false, false, false]",210,2,1,Starfield Stage - 2
2157,2025-09-30T16:00:21.055890,9,510.0,412.0,-3.0138867859934884,False,False,False,False,4,2,0,20,1,2,543,669,"[false, false, false]",210,2,1,Starfield Stage - 2
2158,2025-09-30T16:00:21.125836,9,507.5,414.5,3.0353039510915956,False,False,False,False,5,2,0,20,1,2,478,691,"[true, false, false]",210,2,1,Starfield Stage - 2
2159,2025-09-30T16:00:21.128356,63,505.0,417.0,3.043369609054404,False,False,False,False,5,2,0,20,1,2,478,691,"[true, false, false]",210,2,1,Starfield Stage - 2
2160,2025-09-30T16:00:21.136009,8,502.5,419.5,3.0489623255894673,False,False,False,False,5,2,0,20,1,2,477,694,"[true, false, false]",210,2,1,Starfield Stage - 2
2161,2025-09-30T16:00:21.145372,9,500.0,422.0,3.051259457001405,False,False,False,False,5,2,0,20,1,2,475,698,"[true, false, false]",210,2,1,Starfield Stage - 2
2162,2025-09-30T16:00:21.154222,8,497.5,424.5,3.0528967573171912,False,False,False,False,5,2,0,20,1,2,473,700,"[true, false, false]",210,2,1,Starfield Stage - 2
2163,2025-09-30T16:00:21.161270,8,495.0,427.0,3.054854314913808,False,False,False,False,5,2,0,20,1,2,471,703,"[true, false, false]",210,2,1,Starfield Stage - 2
2164,2025-09-30T16:00:21.169982,8,492.5,429.5,3.056499179099674,False,False,False,False,5,2,0,20,1,2,469,705,"[true, false, false]",210,2,1,Starfield Stage - 2
2165,2025-09-30T16:00:21.177963,9,490.0,432.0,3.0542243937372833,False,False,False,False,5,2,0,20,1,2,466,706,"[true, false, false]",210,2,1,Starfield Stage - 2
2166,2025-09-30T16:00:21.187784,9,487.5,432.0,3.056345211486504,False,False,False,False,4,2,0,20,1,2,464,707,"[false, false, false]",210,2,1,Starfield Stage - 2
2167,2025-09-30T16:00:21.196183,9,485.0,432.0,3.054854314913808,False,False,False,False,4,2,0,20,1,2,461,708,"[false, false, false]",210,2,1,Starfield Stage - 2
2168,2025-09-30T16:00:21.204003,8,482.5,432.0,3.0530565991702563,False,False,False,False,4,2,0,20,1,2,458,708,"[false, false, false]",210,2,1,Starfield Stage - 2
2169,2025-09-30T16:00:21.213408,9,480.0,432.0,3.0369043229297485,False,False,False,False,4,2,0,20,1,2,451,708,"[false, false, false]",210,2,1,Starfield Stage - 2
2170,2025-09-30T16:00:21.222072,9,477.5,432.0,3.031531972412744,False,False,False,False,4,2,0,20,1,2,447,708,"[false, false, false]",210,2,1,Starfield Stage - 2
2171,2025-09-30T16:00:21.231285,9,475.0,432.0,3.0257499982388047,False,False,False,False,4,2,0,20,1,2,443,707,"[false, false, false]",210,2,1,Starfield Stage - 2
2172,2025-09-30T16:00:21.239756,9,472.5,432.0,3.019933675876543,False,False,False,False,4,2,0,20,1,2,439,706,"[false, false, false]",210,2,1,Starfield Stage - 2
2173,2025-09-30T16:00:21.249278,9,470.0,432.0,3.0136194025579317,False,False,False,False,4,2,0,20,1,2,435,704,"[false, false, false]",210,2,1,Starfield Stage - 2
2174,2025-09-30T16:00:21.256900,8,467.5,432.0,3.007222059511035,False,False,False,False,4,2,0,20,1,2,431,702,"[false, false, false]",210,2,1,Starfield Stage - 2
2175,2025-09-30T16:00:21.330390,9,465.0,432.0,2.8653741570326607,False,False,False,False,5,2,0,20,1,2,393,686,"[true, false, false]",210,2,1,Starfield Stage - 2
2176,2025-09-30T16:00:21.332854,67,462.5,432.0,2.8708488695497287,False,False,False,False,5,2,0,20,1,2,392,686,"[true, false, false]",210,2,1,Starfield Stage - 2
2177,2025-09-30T16:00:21.342632,9,460.0,432.0,2.8800103503481607,False,False,False,False,5,2,0,20,1,2,392,686,"[true, false, false]",210,2,1,Starfield Stage - 2
2178,2025-09-30T16:00:21.350871,9,457.5,432.0,2.8855289941697166,False,False,False,False,5,2,0,20,1,2,391,686,"[true, false, false]",210,2,1,Starfield Stage - 2
2179,2025-09-30T16:00:21.359956,9,455.0,432.0,2.8947621407279587,False,False,False,False,5,2,0,20,1,2,391,686,"[true, false, false]",210,2,1,Starfield Stage - 2
2180,2025-09-30T16:00:21.368508,8,452.5,432.0,2.9003228283482745,False,False,False,False,5,2,0,20,1,2,390,686,"[true, false, false]",210,2,1,Starfield Stage - 2
2181,2025-09-30T16:00:21.377156,9,450.0,432.0,2.9058987747163676,False,False,False,False,5,2,0,20,1,2,389,686,"[false, false, false]",210,2,1,Starfield Stage - 2
2182,2025-09-30T16:00:21.385003,8,447.5,432.0,2.907760765189855,False,False,False,False,5,2,0,20,1,2,387,686,"[false, false, false]",210,2,1,Starfield Stage - 2
2183,2025-09-30T16:00:21.393747,9,445.0,432.0,2.9096244087341456,False,False,False,False,5,2,0,20,1,2,385,686,"[false, false, false]",210,2,1,Starfield Stage - 2
2184,2025-09-30T16:00:21.403200,9,442.5,432.0,2.9114896945889464,False,False,False,False,5,2,0,20,1,2,383,686,"[false, false, false]",210,2,1,Starfield Stage - 2
2185,2025-09-30T16:00:21.411611,9,440.0,432.0,2.9096244087341456,False,False,False,False,5,2,0,20,1,2,380,686,"[false, false, false]",210,2,1,Starfield Stage - 2
2186,2025-09-30T16:00:21.421334,9,440.0,432.0,2.875340604438868,False,False,False,False,5,2,0,20,1,2,371,685,"[false, false, false]",210,2,1,Starfield Stage - 2
2187,2025-09-30T16:00:21.429342,8,440.0,432.0,2.85749137191378,False,False,False,False,5,2,0,20,1,2,367,682,"[false, false, false]",210,2,1,Starfield Stage - 2
2188,2025-09-30T16:00:21.437978,9,442.5,429.5,2.8294919805898893,False,False,False,False,5,2,0,20,1,2,362,679,"[false, false, false]",210,2,1,Starfield Stage - 2
2189,2025-09-30T16:00:21.447033,9,445.0,427.0,2.8054546028042253,False,False,False,False,5,2,0,21,1,2,358,676,"[false, false, false]",210,2,1,Starfield Stage - 2
2190,2025-09-30T16:00:21.456323,9,447.5,424.5,2.7852496986997957,False,False,False,False,5,2,0,21,1,2,355,673,"[false, false, false]",210,2,1,Starfield Stage - 2
2191,2025-09-30T16:00:21.464182,8,450.0,422.0,2.763165275561116,False,False,False,False,5,2,0,21,1,2,351,671,"[false, false, false]",210,2,1,Starfield Stage - 2
2192,2025-09-30T16:00:21.536088,8,452.5,419.5,2.734767568601726,False,False,False,False,5,2,0,21,1,2,345,669,"[true, false, false]",210,2,1,Starfield Stage - 2
2193,2025-09-30T16:00:21.539207,67,455.0,417.0,2.7300151980554723,False,False,False,False,5,2,0,21,1,2,345,669,"[true, false, false]",210,2,1,Starfield Stage - 2
2194,2025-09-30T16:00:21.547993,9,457.5,414.5,2.725375254357491,False,False,False,False,5,2,0,21,1,2,345,669,"[true, false, false]",210,2,1,Starfield Stage - 2
2195,2025-09-30T16:00:21.557306,9,460.0,412.0,2.720843987504487,False,False,False,False,5,2,0,21,1,2,345,669,"[true, false, false]",210,2,1,Starfield Stage - 2
2196,2025-09-30T16:00:21.565362,8,462.5,409.5,2.7164178032528787,False,False,False,False,5,2,0,21,1,2,345,669,"[false, false, false]",210,2,1,Starfield Stage - 2
2197,2025-09-30T16:00:21.573608,8,465.0,407.0,2.712093255664757,False,False,False,False,5,2,0,21,1,2,345,669,"[false, false, false]",210,2,1,Starfield Stage - 2
2198,2025-09-30T16:00:21.582317,9,467.5,404.5,2.707867040037692,False,False,False,False,5,2,0,21,1,2,345,669,"[false, false, false]",210,2,1,Starfield Stage - 2
2199,2025-09-30T16:00:21.590188,8,470.0,402.0,2.7037359861990753,False,False,False,False,5,2,0,21,1,2,345,669,"[false, false, false]",210,2,1,Starfield Stage - 2
2200,2025-09-30T16:00:21.598303,8,472.5,399.5,2.6996970521463797,False,False,False,False,5,2,0,21,1,2,345,669,"[false, false, false]",210,2,1,Starfield Stage - 2
2201,2025-09-30T16:00:21.606753,8,475.0,397.0,2.695747318015484,False,False,False,False,5,2,0,21,1,2,345,669,"[false, false, false]",210,2,1,Starfield Stage - 2
2202,2025-09-30T16:00:21.614827,9,477.5,394.5,2.6918839803599592,False,False,False,False,4,2,0,21,1,2,345,669,"[false, false, false]",210,2,1,Starfield Stage - 2
2203,2025-09-30T16:00:21.624546,9,480.0,394.5,2.681594663421433,False,False,False,False,4,2,0,21,1,2,344,669,"[false, false, false]",210,2,1,Starfield Stage - 2
2204,2025-09-30T16:00:21.633457,8,482.5,394.5,2.672839326737978,False,False,False,False,3,2,0,21,1,2,344,668,"[false, false, false]",210,2,1,Starfield Stage - 2
2205,2025-09-30T16:00:21.640847,9,485.0,394.5,2.661207160970733,False,False,False,False,3,2,0,21,1,2,343,667,"[false, false, false]",210,2,1,Starfield Stage - 2
2206,2025-09-30T16:00:21.650297,9,487.5,394.5,2.6540192267011693,False,False,False,False,3,2,0,21,1,2,343,667,"[false, false, false]",210,2,1,Starfield Stage - 2
2207,2025-09-30T16:00:21.658614,8,490.0,394.5,2.6425040297230056,False,False,False,False,3,2,0,21,1,2,342,666,"[false, false, false]",210,2,1,Starfield Stage - 2
2208,2025-09-30T16:00:21.667555,9,492.5,394.5,2.635432822263443,False,False,False,False,3,2,0,21,1,2,342,666,"[false, false, false]",210,2,1,Starfield Stage - 2
2209,2025-09-30T16:00:21.738277,8,495.0,394.5,2.6284166176678077,False,False,False,False,4,2,0,21,1,2,342,666,"[true, false, false]",210,2,1,Starfield Stage - 2
2210,2025-09-30T16:00:21.740837,66,497.5,394.5,2.6214554593902606,False,False,False,False,4,2,0,21,1,2,342,666,"[false, false, false]",210,2,1,Starfield Stage - 2
2211,2025-09-30T16:00:21.749345,8,500.0,394.5,2.614549368867616,False,False,False,False,4,2,0,21,1,2,342,666,"[false, false, false]",210,2,1,Starfield Stage - 2
2212,2025-09-30T16:00:21.757995,9,502.5,394.5,2.6076983461886756,False,False,False,False,4,2,0,21,1,2,342,666,"[false, false, false]",210,2,1,Starfield Stage - 2
2213,2025-09-30T16:00:21.767259,9,505.0,394.5,2.6009023707642243,False,False,False,False,4,2,0,21,1,2,342,666,"[false, false, false]",210,2,1,Starfield Stage - 2
2214,2025-09-30T16:00:21.775502,8,507.5,394.5,2.590869830294104,False,False,False,False,4,2,0,21,1,2,342,664,"[false, false, false]",210,2,1,Starfield Stage - 2
2215,2025-09-30T16:00:21.784877,9,510.0,394.5,2.5774265941294536,False,False,False,False,4,2,0,21,1,2,342,660,"[false, false, false]",210,2,1,Starfield Stage - 2
2216,2025-09-30T16:00:21.792607,9,512.5,394.5,2.55582518266343,False,False,False,False,4,2,0,21,1,2,341,653,"[false, false, false]",210,2,1,Starfield Stage - 2
2217,2025-09-30T16:00:21.801374,8,515.0,394.5,2.5242272203682052,False,False,False,False,2,2,0,21,1,2,340,641,"[false, false, false]",210,2,1,Starfield Stage - 2
2218,2025-09-30T16:00:21.809659,8,517.5,394.5,2.487464587982991,False,False,False,False,2,2,0,21,1,2,340,626,"[false, false, false]",210,2,1,Starfield Stage - 2
2219,2025-09-30T16:00:21.818292,9,520.0,394.5,2.436074978404413,False,False,False,False,2,2,0,21,1,2,339,607,"[false, false, false]",210,2,1,Starfield Stage - 2
2220,2025-09-30T16:00:21.826066,8,522.5,394.5,2.37752458806345,False,False,False,False,2,2,0,21,1,2,339,586,"[false, false, false]",210,2,1,Starfield Stage - 2
2221,2025-09-30T16:00:21.834935,9,525.0,394.5,2.309287245152546,False,False,False,False,2,2,0,21,1,2,341,562,"[false, false, false]",210,2,1,Starfield Stage - 2
2222,2025-09-30T16:00:21.844986,10,527.5,394.5,2.147666449849882,False,False,False,False,2,2,0,21,1,2,350,510,"[false, false, false]",210,2,1,Starfield Stage - 2
2223,2025-09-30T16:00:21.854976,10,530.0,394.5,2.043649659628982,False,False,False,False,2,2,0,21,1,2,357,483,"[false, false, false]",210,2,1,Starfield Stage - 2
2224,2025-09-30T16:00:21.864405,9,532.5,394.5,1.9193261922113047,False,False,False,False,2,2,0,21,1,2,366,455,"[false, false, false]",210,2,1,Starfield Stage - 2
2225,2025-09-30T16:00:21.872945,9,535.0,394.5,1.7749196138849497,False,False,False,False,2,2,0,21,1,2,378,427,"[false, false, false]",210,2,1,Starfield Stage - 2
2226,2025-09-30T16:00:21.944339,9,537.5,397.0,0.19908189889218547,False,False,False,False,2,2,0,21,1,2,503,226,"[false, false, false]",210,2,1,Starfield Stage - 2
2227,2025-09-30T16:00:21.947375,65,540.0,399.5,0.21010908157207442,False,False,False,False,2,2,0,20,1,2,503,226,"[false, false, false]",210,2,1,Starfield Stage - 2
2228,2025-09-30T16:00:21.955893,8,540.0,399.5,0.21010908157207442,False,False,False,False,2,2,0,20,1,2,503,226,"[false, false, false]",210,2,1,Starfield Stage - 2
2229,2025-09-30T16:00:21.963518,8,540.0,399.5,0.21010908157207442,False,False,False,False,2,2,0,20,1,2,513,211,"[false, false, false]",210,2,1,Starfield Stage - 2
2230,2025-09-30T16:00:21.971490,8,540.0,399.5,0.21010908157207442,False,False,False,False,2,3,0,20,1,2,516,206,"[false, false, false]",210,2,1,Starfield Stage - 2
2231,2025-09-30T16:00:21.980064,9,540.0,399.5,0.21010908157207442,False,False,False,False,2,3,0,20,1,2,521,198,"[false, false, false]",210,2,1,Starfield Stage - 2
2232,2025-09-30T16:00:21.989307,9,540.0,399.5,0.21010908157207442,False,False,False,False,2,3,0,20,1,2,523,194,"[false, false, false]",210,2,1,Starfield Stage - 2
2233,2025-09-30T16:00:21.997617,8,540.0,399.5,0.21010908157207442,False,False,False,False,2,3,0,20,1,2,525,191,"[false, false, false]",210,2,1,Starfield Stage - 2
2234,2025-09-30T16:00:22.006303,9,540.0,399.5,0.21010908157207442,False,False,False,False,2,3,0,20,1,2,526,189,"[false, false, false]",210,2,1,Starfield Stage - 2
2235,2025-09-30T16:00:22.014775,8,540.0,399.5,0.21010908157207442,False,False,False,False,2,3,0,20,1,2,527,187,"[false, false, false]",210,2,1,Starfield Stage - 2
2236,2025-09-30T16:00:22.022763,9,540.0,399.5,0.21010908157207442,False,False,False,False,2,3,0,20,1,2,527,187,"[false, false, false]",210,2,1,Starfield Stage - 2
2237,2025-09-30T16:00:22.032182,9,540.0,399.5,0.21010908157207442,False,False,False,False,2,3,0,20,1,2,529,185,"[false, false, false]",210,2,1,Starfield Stage - 2
2238,2025-09-30T16:00:22.041558,9,540.0,399.5,0.21010908157207442,False,False,False,False,2,3,0,20,1,2,530,185,"[true, false, false]",210,2,1,Starfield Stage - 2
2239,2025-09-30T16:00:22.049602,8,540.0,399.5,0.21010908157207442,False,False,False,False,2,3,0,20,1,2,532,184,"[true, false, false]",210,2,1,Starfield Stage - 2
2240,2025-09-30T16:00:22.058103,9,540.0,399.5,0.21010908157207442,False,False,False,False,2,3,0,20,1,2,534,183,"[true, false, false]",210,2,1,Starfield Stage - 2
2241,2025-09-30T16:00:22.066548,8,540.0,399.5,0.21010908157207442,False,False,False,False,2,3,0,20,1,2,536,183,"[true, false, false]",210,2,1,Starfield Stage - 2
2242,2025-09-30T16:00:22.074325,8,540.0,399.5,0.21010908157207442,False,False,False,False,2,3,0,20,1,2,539,183,"[true, false, false]",210,2,1,Starfield Stage - 2
2243,2025-09-30T16:00:22.143880,8,540.0,399.5,0.21010908157207442,False,False,False,False,2,3,0,20,1,2,557,178,"[false, false, false]",210,2,1,Starfield Stage - 2
2244,2025-09-30T16:00:22.146322,64,540.0,399.5,0.21010908157207442,False,False,False,False,2,3,0,20,1,2,557,178,"[false, false, false]",210,2,1,Starfield Stage - 2
2245,2025-09-30T16:00:22.155139,8,540.0,399.5,0.21010908157207442,False,False,False,False,2,3,0,20,1,2,559,177,"[false, false, false]",210,2,1,Starfield Stage - 2
2246,2025-09-30T16:00:22.161975,8,540.0,399.5,0.21010908157207442,False,False,False,False,2,3,0,20,1,2,562,175,"[false, false, false]",210,2,1,Starfield Stage - 2
2247,2025-09-30T16:00:22.171370,9,540.0,399.5,0.21010908157207442,False,False,False,False,2,3,0,20,1,2,565,173,"[false, false, false]",210,2,1,Starfield Stage - 2
2248,2025-09-30T16:00:22.179452,8,540.0,399.5,0.21010908157207442,False,False,False,False,2,3,0,20,1,2,568,171,"[false, false, false]",210,2,1,Starfield Stage - 2
2249,2025-09-30T16:00:22.188071,9,540.0,399.5,0.21010908157207442,False,False,False,False,2,3,0,20,1,2,577,163,"[false, false, false]",210,2,1,Starfield Stage - 2
2250,2025-09-30T16:00:22.195874,8,540.0,399.5,0.21010908157207442,False,False,False,False,2,3,0,20,1,2,582,159,"[false, false, false]",210,2,1,Starfield Stage - 2
2251,2025-09-30T16:00:22.205165,9,540.0,399.5,0.21010908157207442,False,False,False,False,2,3,0,20,1,2,587,154,"[false, false, false]",210,2,1,Starfield Stage - 2
2252,2025-09-30T16:00:22.215383,10,540.0,399.5,0.21010908157207442,False,False,False,False,2,3,0,20,1,2,592,151,"[false, false, false]",210,2,1,Starfield Stage - 2
2253,2025-09-30T16:00:22.223020,8,540.0,399.5,0.21010908157207442,False,False,False,False,2,3,0,20,1,2,597,147,"[false, false, false]",210,2,1,Starfield Stage - 2
2254,2025-09-30T16:00:22.232063,9,540.0,399.5,0.21010908157207442,False,False,False,False,2,3,0,20,1,2,602,146,"[false, false, false]",210,2,1,Starfield Stage - 2
2255,2025-09-30T16:00:22.241370,9,540.0,399.5,0.21010908157207442,False,False,False,False,2,3,0,20,1,2,605,145,"[false, false, false]",210,2,1,Starfield Stage - 2
2256,2025-09-30T16:00:22.249736,9,540.0,399.5,0.21010908157207442,False,False,False,False,2,3,0,20,1,2,608,145,"[false, false, false]",210,2,1,Starfield Stage - 2
2257,2025-09-30T16:00:22.259002,9,540.0,399.5,0.21010908157207442,False,False,False,False,2,3,0,20,1,2,610,145,"[true, false, false]",210,2,1,Starfield Stage - 2
2258,2025-09-30T16:00:22.268497,9,540.0,399.5,0.21010908157207442,False,False,False,False,2,3,0,20,1,2,611,145,"[true, false, false]",210,2,1,Starfield Stage - 2
2259,2025-09-30T16:00:22.277084,9,540.0,399.5,0.21010908157207442,False,False,False,False,2,3,0,20,1,2,611,145,"[false, false, false]",210,2,1,Starfield Stage - 2
2260,2025-09-30T16:00:22.347748,9,540.0,399.5,0.21010908157207442,False,False,False,False,2,3,0,20,1,2,603,169,"[false, false, false]",210,2,1,Starfield Stage - 2
2261,2025-09-30T16:00:22.350387,64,540.0,399.5,0.21010908157207442,False,False,False,False,2,3,0,20,1,2,600,176,"[false, false, false]",210,2,1,Starfield Stage - 2
2262,2025-09-30T16:00:22.358760,8,540.0,399.5,0.21010908157207442,False,False,False,False,2,3,0,20,1,2,596,187,"[false, false, false]",210,2,1,Starfield Stage - 2
2263,2025-09-30T16:00:22.367290,9,540.0,399.5,0.21010908157207442,False,False,False,False,2,3,0,20,1,2,591,205,"[false, false, false]",210,2,1,Starfield Stage - 2
2264,2025-09-30T16:00:22.375320,8,540.0,399.5,0.21010908157207442,False,False,False,False,2,3,0,20,1,2,585,229,"[false, false, false]",210,2,1,Starfield Stage - 2
2265,2025-09-30T16:00:22.383856,9,540.0,399.5,0.21010908157207442,False,False,False,False,2,3,0,20,1,2,577,260,"[false, false, false]",210,2,1,Starfield Stage - 2
2266,2025-09-30T16:00:22.393675,9,540.0,399.5,0.21010908157207442,False,False,False,False,2,3,0,20,1,2,568,291,"[false, false, false]",210,2,1,Starfield Stage - 2
2267,2025-09-30T16:00:22.401461,8,540.0,399.5,0.21010908157207442,False,False,False,False,2,3,0,20,1,2,561,321,"[false, false, false]",210,2,1,Starfield Stage - 2
2268,2025-09-30T16:00:22.409608,8,540.0,399.5,0.21010908157207442,False,False,False,False,2,3,0,20,1,2,555,350,"[false, false, false]",210,2,1,Starfield Stage - 2
2269,2025-09-30T16:00:22.418540,9,540.0,399.5,0.21010908157207442,False,False,False,False,2,3,0,20,1,2,549,373,"[false, false, false]",210,2,1,Starfield Stage - 2
2270,2025-09-30T16:00:22.426726,8,540.0,399.5,0.21010908157207442,False,False,False,False,2,3,0,20,1,2,545,392,"[false, false, false]",210,2,1,Starfield Stage - 2
2271,2025-09-30T16:00:22.435538,9,540.0,399.5,0.21010908157207442,False,False,False,False,2,3,0,20,1,2,541,406,"[false, false, false]",210,2,1,Starfield Stage - 2
2272,2025-09-30T16:00:22.444894,8,540.0,399.5,0.21010908157207442,False,False,False,False,2,3,0,20,1,2,539,414,"[false, false, false]",210,2,1,Starfield Stage - 2
2273,2025-09-30T16:00:22.452565,9,540.0,399.5,0.21010908157207442,False,False,False,False,2,3,0,20,1,2,537,426,"[false, false, false]",210,2,1,Starfield Stage - 2
2274,2025-09-30T16:00:22.461283,9,540.0,399.5,0.21010908157207442,False,False,False,False,2,3,0,20,1,2,536,429,"[false, false, false]",210,2,1,Starfield Stage - 2
2275,2025-09-30T16:00:22.469122,8,540.0,399.5,0.21010908157207442,False,False,False,False,2,3,0,20,1,2,536,431,"[false, false, false]",210,2,1,Starfield Stage - 2
2276,2025-09-30T16:00:22.478636,9,540.0,399.5,0.21010908157207442,False,False,False,False,2,3,0,20,1,2,536,432,"[false, false, false]",210,2,1,Starfield Stage - 2
2277,2025-09-30T16:00:22.548486,9,540.0,399.5,0.21010908157207442,False,False,False,False,2,3,0,20,1,2,535,434,"[false, false, false]",210,2,1,Starfield Stage - 2
2278,2025-09-30T16:00:22.551105,64,540.0,399.5,0.21010908157207442,False,False,False,False,2,3,0,20,1,2,535,434,"[false, false, false]",210,2,1,Starfield Stage - 2
2279,2025-09-30T16:00:22.560074,9,540.0,399.5,0.21010908157207442,False,False,False,False,2,3,0,20,1,2,535,434,"[false, false, false]",210,2,1,Starfield Stage - 2
2280,2025-09-30T16:00:22.569273,9,540.0,399.5,0.21010908157207442,False,False,False,False,2,3,0,20,1,2,535,434,"[false, false, false]",210,2,1,Starfield Stage - 2
2281,2025-09-30T16:00:22.577273,8,540.0,399.5,0.21010908157207442,False,False,False,False,2,3,0,20,1,2,535,434,"[false, false, false]",210,2,1,Starfield Stage - 2
2282,2025-09-30T16:00:22.584871,8,540.0,399.5,0.21010908157207442,False,False,False,False,2,3,0,20,1,2,535,434,"[false, false, false]",210,2,1,Starfield Stage - 2
2283,2025-09-30T16:00:22.594415,9,540.0,399.5,0.21010908157207442,False,False,False,False,2,3,0,20,1,2,536,432,"[false, false, false]",210,2,1,Starfield Stage - 2
2284,2025-09-30T16:00:22.602123,8,540.0,399.5,0.21010908157207442,False,False,False,False,2,3,0,20,1,2,538,429,"[false, false, false]",210,2,1,Starfield Stage - 2
2285,2025-09-30T16:00:22.611942,9,540.0,399.5,0.21010908157207442,False,False,False,False,2,3,0,20,1,2,540,425,"[false, false, false]",210,2,1,Starfield Stage - 2
2286,2025-09-30T16:00:22.620656,9,540.0,399.5,0.21010908157207442,False,False,False,False,2,3,0,20,1,2,548,412,"[false, false, false]",210,2,1,Starfield Stage - 2
2287,2025-09-30T16:00:22.628504,8,540.0,399.5,0.21010908157207442,False,False,False,False,2,3,0,20,1,2,553,404,"[false, false, false]",210,2,1,Starfield Stage - 2
2288,2025-09-30T16:00:22.637356,9,540.0,399.5,0.21010908157207442,False,False,False,False,2,3,0,20,1,2,557,397,"[false, false, false]",210,2,1,Starfield Stage - 2
2289,2025-09-30T16:00:22.644949,8,540.0,399.5,0.21010908157207442,False,False,False,False,2,3,0,20,1,2,562,390,"[false, false, false]",210,2,1,Starfield Stage - 2
2290,2025-09-30T16:00:22.655272,10,540.0,399.5,0.21010908157207442,False,False,False,False,2,3,0,20,1,2,567,381,"[false, false, false]",210,2,1,Starfield Stage - 2
2291,2025-09-30T16:00:22.663277,8,540.0,399.5,0.21010908157207442,False,False,False,False,2,3,0,20,1,2,572,376,"[false, false, false]",210,2,1,Starfield Stage - 2
2292,2025-09-30T16:00:22.671362,8,540.0,399.5,0.21010908157207442,False,False,False,False,2,3,0,20,1,2,577,371,"[false, false, false]",210,2,1,Starfield Stage - 2
2293,2025-09-30T16:00:22.679572,8,540.0,399.5,0.21010908157207442,False,False,False,False,2,3,0,20,1,2,580,368,"[false, false, false]",210,2,1,Starfield Stage - 2
2294,2025-09-30T16:00:22.748360,8,540.0,399.5,0.21010908157207442,False,False,False,False,2,3,0,20,1,2,596,356,"[false, false, false]",210,2,1,Starfield Stage - 2
2295,2025-09-30T16:00:22.750695,64,540.0,399.5,0.21010908157207442,False,False,False,False,2,3,0,20,1,2,596,356,"[false, false, false]",210,2,1,Starfield Stage - 2
2296,2025-09-30T16:00:22.759656,8,540.0,399.5,0.21010908157207442,False,False,False,False,2,3,0,20,1,2,596,356,"[false, false, false]",210,2,1,Starfield Stage - 2
2297,2025-09-30T16:00:22.767837,9,540.0,399.5,0.21010908157207442,False,False,False,False,2,3,0,20,1,2,596,356,"[false, false, false]",210,2,1,Starfield Stage - 2
2298,2025-09-30T16:00:22.777180,9,540.0,399.5,0.21010908157207442,False,False,False,False,2,3,0,20,1,2,596,356,"[true, false, false]",210,2,1,Starfield Stage - 2
2299,2025-09-30T16:00:22.785510,8,540.0,399.5,0.21010908157207442,False,False,False,False,2,3,0,20,1,2,596,356,"[true, false, false]",210,2,1,Starfield Stage - 2
2300,2025-09-30T16:00:22.793462,8,540.0,399.5,0.21010908157207442,False,False,False,False,2,3,0,20,1,2,596,356,"[true, false, false]",210,2,1,Starfield Stage - 2
2301,2025-09-30T16:00:22.802668,9,540.0,399.5,0.21010908157207442,False,False,False,False,2,3,0,20,1,2,596,356,"[true, false, false]",210,2,1,Starfield Stage - 2
2302,2025-09-30T16:00:22.810240,8,540.0,399.5,0.21010908157207442,False,False,False,False,2,3,0,20,1,2,596,356,"[true, false, false]",210,2,1,Starfield Stage - 2
2303,2025-09-30T16:00:22.818051,8,540.0,399.5,0.21010908157207442,False,False,False,False,2,3,0,20,1,2,596,356,"[true, false, false]",210,2,1,Starfield Stage - 2
2304,2025-09-30T16:00:22.827173,9,540.0,399.5,0.21010908157207442,False,False,False,False,2,3,0,20,1,2,596,356,"[true, false, false]",210,2,1,Starfield Stage - 2
2305,2025-09-30T16:00:22.836990,9,600.0,672.0,0.21010908157207442,False,False,False,False,0,0,0,20,1,2,596,356,"[false, false, false]",0,2,0,Starfield Stage - 1
2306,2025-09-30T16:00:22.845052,9,600.0,672.0,0.012657551834051962,False,False,False,False,0,0,0,20,1,2,596,356,"[false, false, false]",0,2,0,Starfield Stage - 1
2307,2025-09-30T16:00:22.854021,9,600.0,672.0,0.012657551834051962,False,False,False,False,0,0,0,20,1,2,596,356,"[false, false, false]",0,2,0,Starfield Stage - 1
2308,2025-09-30T16:00:22.863290,9,600.0,672.0,0.012657551834051962,False,False,False,False,0,0,0,20,1,2,596,356,"[false, false, false]",0,2,0,Starfield Stage - 1
2309,2025-09-30T16:00:22.870951,8,600.0,672.0,0.012657551834051962,False,False,False,False,0,0,0,20,1,2,596,356,"[false, false, false]",0,2,0,Starfield Stage - 1
2310,2025-09-30T16:00:22.880103,9,600.0,672.0,0.012657551834051962,False,False,False,False,0,0,0,20,1,2,596,356,"[false, false, false]",0,2,0,Starfield Stage - 1
2311,2025-09-30T16:00:22.949911,9,600.0,672.0,0.012657551834051962,False,False,False,False,0,0,0,20,1,2,596,356,"[false, false, false]",0,2,0,Starfield Stage - 1
2312,2025-09-30T16:00:22.952222,63,600.0,672.0,0.012657551834051962,False,False,False,False,0,0,0,20,1,2,596,356,"[false, false, false]",0,2,0,Starfield Stage - 1
2313,2025-09-30T16:00:22.960508,9,600.0,672.0,0.012657551834051962,False,False,False,False,0,0,0,20,1,2,596,356,"[false, false, false]",0,2,0,Starfield Stage - 1
2314,2025-09-30T16:00:22.969735,8,600.0,672.0,0.012657551834051962,False,False,False,False,0,0,0,20,1,2,596,356,"[false, false, false]",0,2,0,Starfield Stage - 1
2315,2025-09-30T16:00:22.977718,9,600.0,672.0,0.012657551834051962,False,False,False,False,0,0,0,20,1,2,596,356,"[false, false, false]",0,2,0,Starfield Stage - 1
2316,2025-09-30T16:00:22.987313,9,600.0,672.0,0.012657551834051962,False,False,False,False,0,0,0,20,1,2,596,356,"[false, false, false]",0,2,0,Starfield Stage - 1
2317,2025-09-30T16:00:22.996310,8,600.0,672.0,0.012657551834051962,False,False,False,False,0,0,0,20,1,2,596,356,"[false, false, false]",0,2,0,Starfield Stage - 1
2318,2025-09-30T16:00:23.003641,8,600.0,672.0,0.012657551834051962,False,False,False,False,0,0,0,20,1,2,596,356,"[false, false, false]",0,2,0,Starfield Stage - 1
2319,2025-09-30T16:00:23.012362,9,600.0,672.0,0.012657551834051962,False,False,False,False,0,0,0,20,1,2,596,356,"[false, false, false]",0,2,0,Starfield Stage - 1
2320,2025-09-30T16:00:23.020549,9,600.0,672.0,0.012657551834051962,False,False,False,False,0,0,0,20,1,2,596,356,"[false, false, false]",0,2,0,Starfield Stage - 1
2321,2025-09-30T16:00:23.028904,8,600.0,672.0,0.012657551834051962,False,False,False,False,0,0,0,20,1,2,596,356,"[false, false, false]",0,2,0,Starfield Stage - 1
2322,2025-09-30T16:00:23.037266,8,600.0,672.0,0.012657551834051962,False,False,False,False,0,0,0,20,1,2,596,356,"[false, false, false]",0,2,0,Starfield Stage - 1
2323,2025-09-30T16:00:23.044792,8,600.0,672.0,0.012657551834051962,False,False,False,False,0,0,0,20,1,2,596,356,"[false, false, false]",0,2,0,Starfield Stage - 1
2324,2025-09-30T16:00:23.054085,9,600.0,672.0,0.012657551834051962,False,False,False,False,0,0,0,20,1,2,596,356,"[false, false, false]",0,2,0,Starfield Stage - 1
2325,2025-09-30T16:00:23.061837,8,600.0,672.0,0.012657551834051962,False,False,False,False,0,0,0,20,1,2,596,356,"[false, false, false]",0,2,0,Starfield Stage - 1
2326,2025-09-30T16:00:23.070590,8,600.0,672.0,0.012657551834051962,False,False,False,False,0,1,0,20,1,2,596,356,"[false, false, false]",0,2,0,Starfield Stage - 1
2327,2025-09-30T16:00:23.079098,9,600.0,672.0,0.012657551834051962,False,False,False,False,0,1,0,20,1,2,596,356,"[false, false, false]",0,2,0,Starfield Stage - 1
2328,2025-09-30T16:00:23.088747,10,600.0,672.0,0.012657551834051962,False,False,False,False,0,1,0,20,1,2,596,356,"[false, false, false]",0,2,0,Starfield Stage - 1
2329,2025-09-30T16:00:23.159225,9,600.0,672.0,0.013200553326149785,False,False,False,False,0,1,0,20,1,2,596,369,"[false, false, false]",0,2,0,Starfield Stage - 1
2330,2025-09-30T16:00:23.161589,64,600.0,672.0,0.013200553326149785,False,False,False,False,0,1,0,20,1,2,596,369,"[false, false, false]",0,2,0,Starfield Stage - 1
2331,2025-09-30T16:00:23.171487,8,600.0,672.0,0.010238550072900357,False,False,False,False,0,1,0,20,1,2,597,379,"[false, false, false]",0,2,0,Starfield Stage - 1
2332,2025-09-30T16:00:23.178608,9,600.0,672.0,-0.0035587038382162506,False,False,False,False,0,1,0,20,1,2,601,391,"[false, false, false]",0,2,0,Starfield Stage - 1
2333,2025-09-30T16:00:23.188489,9,600.0,672.0,-0.0548468980399375,False,False,False,False,0,1,0,20,1,2,614,417,"[false, false, false]",0,2,0,Starfield Stage - 1
2334,2025-09-30T16:00:23.197961,8,600.0,672.0,-0.1025199685929875,False,False,False,False,0,1,0,20,1,2,625,429,"[false, false, false]",0,2,0,Starfield Stage - 1
2335,2025-09-30T16:00:23.206192,9,597.5,672.0,-0.16935770201524555,False,False,False,False,0,1,0,20,1,2,637,441,"[false, false, false]",0,2,0,Starfield Stage - 1
2336,2025-09-30T16:00:23.215080,8,595.0,672.0,-0.2503434185262638,False,False,False,False,0,1,0,20,1,2,651,453,"[false, false, false]",0,2,0,Starfield Stage - 1
2337,2025-09-30T16:00:23.222175,9,592.5,672.0,-0.33688998882934523,False,False,False,False,0,1,0,20,1,2,665,465,"[false, false, false]",0,2,0,Starfield Stage - 1
2338,2025-09-30T16:00:23.231184,8,590.0,672.0,-0.4281718934433895,False,False,False,False,0,1,0,20,1,2,679,477,"[false, false, false]",0,2,0,Starfield Stage - 1
2339,2025-09-30T16:00:23.238723,9,587.5,672.0,-0.5270545609676381,False,False,False,False,0,1,0,20,1,2,694,489,"[false, false, false]",0,2,0,Starfield Stage - 1
2340,2025-09-30T16:00:23.248542,9,585.0,672.0,-0.6235607321590254,False,False,False,False,0,1,0,20,1,2,708,501,"[false, false, false]",0,2,0,Starfield Stage - 1
2341,2025-09-30T16:00:23.256347,8,582.5,672.0,-0.7205971725114555,False,False,False,False,0,1,0,20,1,2,723,512,"[false, false, false]",0,2,0,Starfield Stage - 1
2342,2025-09-30T16:00:23.264944,9,580.0,672.0,-0.8081955160998496,False,False,False,False,0,1,0,20,1,2,737,522,"[false, false, false]",0,2,0,Starfield Stage - 1
2343,2025-09-30T16:00:23.274142,9,577.5,672.0,-0.8932175064146045,False,False,False,False,0,1,0,20,1,2,749,534,"[false, false, false]",0,2,0,Starfield Stage - 1
2344,2025-09-30T16:00:23.282650,8,575.0,672.0,-0.9691975277166005,False,False,False,False,0,1,0,20,1,2,760,545,"[false, false, false]",0,2,0,Starfield Stage - 1
2345,2025-09-30T16:00:23.291340,9,572.5,672.0,-1.0435092797806103,False,False,False,False,0,1,0,20,1,2,770,557,"[false, false, false]",0,2,0,Starfield Stage - 1
2346,2025-09-30T16:00:23.359311,8,570.0,669.5,-1.3677511095414314,False,False,False,False,0,1,0,20,1,2,791,624,"[false, false, false]",0,2,0,Starfield Stage - 1
2347,2025-09-30T16:00:23.361586,63,567.5,667.0,-1.3807250650960858,False,False,False,False,0,1,0,20,1,2,791,624,"[false, false, false]",0,2,0,Starfield Stage - 1
2348,2025-09-30T16:00:23.371000,9,565.0,664.5,-1.4070767302223457,False,False,False,False,0,1,0,20,1,2,792,627,"[false, false, false]",0,2,0,Starfield Stage - 1
2349,2025-09-30T16:00:23.379672,9,562.5,662.0,-1.4514518388410371,False,False,False,False,0,1,0,20,1,2,796,634,"[false, false, false]",0,2,0,Starfield Stage - 1
2350,2025-09-30T16:00:23.388442,8,560.0,659.5,-1.477319545636307,False,False,False,False,0,1,0,20,1,2,800,637,"[false, false, false]",0,2,0,Starfield Stage - 1
2351,2025-09-30T16:00:23.396618,9,557.5,657.0,-1.4984880044656168,False,False,False,False,0,1,0,20,1,2,806,639,"[false, false, false]",0,2,0,Starfield Stage - 1
2352,2025-09-30T16:00:23.405208,8,555.0,654.5,-1.5187199020845727,False,False,False,False,0,1,0,20,1,2,814,641,"[false, false, false]",0,2,0,Starfield Stage - 1
2353,2025-09-30T16:00:23.413058,8,552.5,652.0,-1.5374135567630338,False,False,False,False,0,1,0,20,1,2,822,643,"[false, false, false]",0,2,0,Starfield Stage - 1
2354,2025-09-30T16:00:23.421578,8,550.0,649.5,-1.5547834606895452,False,False,False,False,0,1,0,20,1,2,831,645,"[false, false, false]",0,2,0,Starfield Stage - 1
2355,2025-09-30T16:00:23.430252,9,547.5,647.0,-1.567365808519842,False,False,False,False,0,1,0,20,1,2,839,646,"[false, false, false]",0,2,0,Starfield Stage - 1
2356,2025-09-30T16:00:23.438005,8,545.0,644.5,-1.5855978773421076,False,False,False,False,0,1,0,20,1,2,849,649,"[false, false, false]",0,2,0,Starfield Stage - 1
2357,2025-09-30T16:00:23.447234,9,542.5,642.0,-1.5992246849456715,False,False,False,False,0,1,0,20,1,2,859,651,"[false, false, false]",0,2,0,Starfield Stage - 1
2358,2025-09-30T16:00:23.456792,9,545.0,639.5,-1.6124389058934852,False,False,False,False,0,1,0,20,1,2,869,653,"[false, false, false]",0,2,0,Starfield Stage - 1
2359,2025-09-30T16:00:23.465236,9,547.5,637.0,-1.624878874299593,False,False,False,False,0,1,0,20,1,2,880,655,"[false, false, false]",0,2,0,Starfield Stage - 1
2360,2025-09-30T16:00:23.473440,8,550.0,634.5,-1.6308413623760813,False,False,False,False,0,1,0,20,1,2,891,655,"[false, false, false]",0,2,0,Starfield Stage - 1
2361,2025-09-30T16:00:23.482169,9,552.5,632.0,-1.6363229229140432,False,False,False,False,0,1,0,20,1,2,903,655,"[false, false, false]",0,2,0,Starfield Stage - 1
2362,2025-09-30T16:00:23.491566,9,555.0,629.5,-1.6385594527742577,False,False,False,False,0,1,0,20,1,2,916,654,"[false, false, false]",0,2,0,Starfield Stage - 1
2363,2025-09-30T16:00:23.562259,9,557.5,627.0,-1.5427756346387833,False,False,False,False,0,1,0,20,1,2,1057,613,"[false, false, false]",0,2,0,Starfield Stage - 1
2364,2025-09-30T16:00:23.564546,65,560.0,624.5,-1.5385809136613284,False,False,False,False,0,1,0,20,1,2,1072,608,"[false, false, false]",0,2,0,Starfield Stage - 1
2365,2025-09-30T16:00:23.573940,9,562.5,622.0,-1.5345180767544158,False,False,False,False,0,1,0,20,1,2,1086,603,"[false, false, false]",0,2,0,Starfield Stage - 1
2366,2025-09-30T16:00:23.583428,9,565.0,619.5,-1.5305558889390734,False,False,False,False,0,1,0,20,1,2,1099,598,"[false, false, false]",0,2,0,Starfield Stage - 1
2367,2025-09-30T16:00:23.591100,8,567.5,617.0,-1.5265855227386957,False,False,False,False,0,1,0,20,1,2,1110,593,"[false, false, false]",0,2,0,Starfield Stage - 1
2368,2025-09-30T16:00:23.600546,9,570.0,614.5,-1.524381598943682,False,False,False,False,0,1,0,21,1,2,1119,589,"[false, false, false]",0,2,0,Starfield Stage - 1
2369,2025-09-30T16:00:23.608542,9,572.5,612.0,-1.5237721949521503,False,False,False,False,0,1,0,21,1,2,1125,586,"[false, false, false]",0,2,0,Starfield Stage - 1
2370,2025-09-30T16:00:23.617270,8,575.0,609.5,-1.5247999111524546,False,False,False,False,0,1,0,21,1,2,1129,584,"[false, false, false]",0,2,0,Starfield Stage - 1
2371,2025-09-30T16:00:23.625982,9,577.5,607.0,-1.5292664703230194,False,False,False,False,1,1,0,21,1,2,1131,584,"[true, false, false]",0,2,0,Starfield Stage - 1
2372,2025-09-30T16:00:23.634600,9,580.0,604.5,-1.5319370556630623,False,False,False,False,1,1,0,21,1,2,1133,583,"[true, false, false]",0,2,0,Starfield Stage - 1
2373,2025-09-30T16:00:23.643421,8,582.5,602.0,-1.5363584514003745,False,False,False,False,1,1,0,21,1,2,1134,583,"[true, false, false]",0,2,0,Starfield Stage - 1
2374,2025-09-30T16:00:23.651854,9,585.0,599.5,-1.5426219658662153,False,False,False,False,1,1,0,21,1,2,1135,584,"[true, false, false]",0,2,0,Starfield Stage - 1
2375,2025-09-30T16:00:23.661315,9,587.5,597.0,-1.548921967654345,False,False,False,False,1,1,0,21,1,2,1136,585,"[true, false, false]",0,2,0,Starfield Stage - 1
2376,2025-09-30T16:00:23.670366,9,590.0,594.5,-1.5552298186879114,False,False,False,False,1,1,0,21,1,2,1136,586,"[true, false, false]",0,2,0,Starfield Stage - 1
2377,2025-09-30T16:00:23.678531,8,592.5,592.0,-1.559757216814912,False,False,False,False,1,1,0,21,1,2,1136,586,"[true, false, false]",0,2,0,Starfield Stage - 1
2378,2025-09-30T16:00:23.687224,8,595.0,589.5,-1.564326916127533,False,False,False,False,1,1,0,21,1,2,1136,586,"[false, false, false]",0,2,0,Starfield Stage - 1
2379,2025-09-30T16:00:23.694741,9,597.5,587.0,-1.5689393187159613,False,False,False,False,1,1,0,21,1,2,1136,586,"[false, false, false]",0,2,0,Starfield Stage - 1
2380,2025-09-30T16:00:23.762162,9,600.0,584.5,-1.5366299401247112,False,False,False,False,1,1,0,21,1,2,1112,567,"[false, false, false]",0,2,0,Starfield Stage - 1
2381,2025-09-30T16:00:23.764748,61,602.5,582.0,-1.5253281801802414,False,False,False,False,1,1,0,21,1,2,1108,559,"[false, false, false]",0,2,0,Starfield Stage - 1
2382,2025-09-30T16:00:23.774251,9,605.0,579.5,-1.5116285212880514,False,False,False,False,1,1,0,21,1,2,1103,550,"[false, false, false]",0,2,0,Starfield Stage - 1
2383,2025-09-30T16:00:23.783135,8,607.5,577.0,-1.5017303622324534,False,False,False,False,1,1,0,21,1,2,1099,543,"[false, false, false]",0,2,0,Starfield Stage - 1
2384,2025-09-30T16:00:23.790545,8,610.0,574.5,-1.4958341746777244,False,False,False,False,1,1,0,21,1,2,1096,538,"[false, false, false]",0,2,0,Starfield Stage - 1
2385,2025-09-30T16:00:23.798432,8,612.5,572.0,-1.4941038447205366,False,False,False,False,1,1,0,21,1,2,1094,535,"[false, false, false]",0,2,0,Starfield Stage - 1
2386,2025-09-30T16:00:23.808595,8,615.0,569.5,-1.4966646406073214,False,False,False,False,1,1,0,21,1,2,1093,534,"[false, false, false]",0,2,0,Starfield Stage - 1
2387,2025-09-30T16:00:23.815369,9,617.5,567.0,-1.4994141347641916,False,False,False,False,2,1,0,21,1,2,1093,533,"[true, false, false]",0,2,0,Starfield Stage - 1
2388,2025-09-30T16:00:23.823704,9,620.0,564.5,-1.5042983236868872,False,False,False,False,2,1,0,21,1,2,1093,533,"[true, false, false]",0,2,0,Starfield Stage - 1
2389,2025-09-30T16:00:23.833177,9,622.5,562.0,-1.5092376462679151,False,False,False,False,2,1,0,21,1,2,1093,533,"[true, false, false]",0,2,0,Starfield Stage - 1
2390,2025-09-30T16:00:23.841502,8,625.0,559.5,-1.5142327962137365,False,False,False,False,2,1,0,21,1,2,1093,533,"[true, false, false]",0,2,0,Starfield Stage - 1
2391,2025-09-30T16:00:23.849163,8,627.5,557.0,-1.5192844718554666,False,False,False,False,2,1,0,21,1,2,1093,533,"[true, false, false]",0,2,0,Starfield Stage - 1
2392,2025-09-30T16:00:23.858433,9,630.0,554.5,-1.5243933758767914,False,False,False,False,2,1,0,21,1,2,1093,533,"[true, false, false]",0,2,0,Starfield Stage - 1
2393,2025-09-30T16:00:23.866028,8,632.5,552.0,-1.5295602150210463,False,False,False,False,2,1,0,21,1,2,1093,533,"[true, false, false]",0,2,0,Starfield Stage - 1
2394,2025-09-30T16:00:23.875081,9,635.0,549.5,-1.5347856997765195,False,False,False,False,2,1,0,21,1,2,1093,533,"[false, false, false]",0,2,0,Starfield Stage - 1
2395,2025-09-30T16:00:23.885326,10,637.5,547.0,-1.5400029832374178,False,False,False,False,2,1,0,21,1,2,1092,533,"[false, false, false]",0,2,0,Starfield Stage - 1
2396,2025-09-30T16:00:23.892806,8,640.0,544.5,-1.5453029596915417,False,False,False,False,2,1,0,21,1,2,1091,533,"[false, false, false]",0,2,0,Starfield Stage - 1
2397,2025-09-30T16:00:23.902101,9,642.5,542.0,-1.5484536765947605,False,False,False,False,2,1,0,21,1,2,1090,532,"[false, false, false]",0,2,0,Starfield Stage - 1
2398,2025-09-30T16:00:23.968325,8,645.0,539.5,-1.5513033832689187,False,False,False,False,2,1,0,21,1,2,1081,531,"[false, false, false]",0,2,0,Starfield Stage - 1
2399,2025-09-30T16:00:23.974536,61,647.5,537.0,-1.5569243842897291,False,False,False,False,2,1,0,21,1,2,1080,531,"[false, false, false]",0,2,0,Starfield Stage - 1
2400,2025-09-30T16:00:23.979859,9,650.0,534.5,-1.5626569716575953,False,False,False,False,2,1,0,21,1,2,1080,531,"[false, false, false]",0,2,0,Starfield Stage - 1
2401,2025-09-30T16:00:23.989647,9,652.5,532.0,-1.5684571497748194,False,False,False,False,2,1,0,21,1,2,1080,531,"[false, false, false]",0,2,0,Starfield Stage - 1
2402,2025-09-30T16:00:23.997425,8,655.0,529.5,-1.574325723904715,False,False,False,False,3,1,0,21,1,2,1080,531,"[true, false, false]",0,2,0,Starfield Stage - 1
2403,2025-09-30T16:00:24.005266,8,657.5,527.0,-1.580263499566823,False,False,False,False,3,1,0,21,1,2,1080,531,"[true, false, false]",0,2,0,Starfield Stage - 1
2404,2025-09-30T16:00:24.013523,9,660.0,524.5,-1.586271281868408,False,False,False,False,3,1,0,21,1,2,1080,531,"[true, false, false]",0,2,0,Starfield Stage - 1
2405,2025-09-30T16:00:24.022229,8,662.5,522.0,-1.5923498747961935,False,False,False,False,3,1,0,21,1,2,1080,531,"[true, false, false]",0,2,0,Starfield Stage - 1
2406,2025-09-30T16:00:24.031063,9,665.0,522.0,-1.5924796748744983,False,False,False,False,3,1,0,21,1,2,1080,531,"[true, false, false]",0,2,0,Starfield Stage - 1
2407,2025-09-30T16:00:24.040272,9,667.5,522.0,-1.5926110475429724,False,False,False,False,3,1,0,21,1,2,1080,531,"[true, false, false]",0,2,0,Starfield Stage - 1
2408,2025-09-30T16:00:24.048933,9,670.0,522.0,-1.5927440215502024,False,False,False,False,3,1,0,21,1,2,1080,531,"[true, false, false]",0,2,0,Starfield Stage - 1
2409,2025-09-30T16:00:24.058027,9,672.5,522.0,-1.592878626349696,False,False,False,False,3,1,0,21,1,2,1080,531,"[true, false, false]",0,2,0,Starfield Stage - 1
2410,2025-09-30T16:00:24.067086,9,675.0,522.0,-1.5930148921216156,False,False,False,False,3,1,0,21,1,2,1080,531,"[false, false, false]",0,2,0,Starfield Stage - 1
2411,2025-09-30T16:00:24.076212,9,677.5,522.0,-1.5931528497953258,False,False,False,False,3,1,0,21,1,2,1080,531,"[false, false, false]",0,2,0,Starfield Stage - 1
2412,2025-09-30T16:00:24.084242,8,680.0,522.0,-1.5932925310727806,False,False,False,False,3,1,0,21,1,2,1080,531,"[false, false, false]",0,2,0,Starfield Stage - 1
2413,2025-09-30T16:00:24.092184,8,682.5,522.0,-1.5934339684527943,False,False,False,False,3,1,0,21,1,2,1080,531,"[false, false, false]",0,2,0,Starfield Stage - 1
2414,2025-09-30T16:00:24.099747,8,685.0,522.0,-1.5935771952562339,False,False,False,False,3,1,0,21,1,2,1080,531,"[false, false, false]",0,2,0,Starfield Stage - 1
2415,2025-09-30T16:00:24.109223,9,687.5,522.0,-1.5937222456521711,False,False,False,False,3,1,0,21,1,2,1080,531,"[false, false, false]",0,2,0,Starfield Stage - 1
2416,2025-09-30T16:00:24.178118,8,690.0,522.0,-1.5938691546850405,False,False,False,False,3,2,0,21,1,2,1080,531,"[false, false, false]",0,2,0,Starfield Stage - 1
2417,2025-09-30T16:00:24.180925,64,692.5,522.0,-1.5940179583028462,False,False,False,False,3,2,0,21,1,2,1080,531,"[false, false, false]",0,2,0,Starfield Stage - 1
2418,2025-09-30T16:00:24.190492,9,695.0,522.0,-1.5915725576922655,False,False,False,False,3,2,0,21,1,2,1080,530,"[false, false, false]",0,2,0,Starfield Stage - 1
2419,2025-09-30T16:00:24.198162,8,697.5,522.0,-1.5917083105939984,False,False,False,False,4,2,0,21,1,2,1080,530,"[true, false, false]",0,2,0,Starfield Stage - 1
2420,2025-09-30T16:00:24.206974,8,700.0,522.0,-1.589215296213533,False,False,False,False,4,2,0,21,1,2,1080,529,"[true, false, false]",0,2,0,Starfield Stage - 1
2421,2025-09-30T16:00:24.214810,9,702.5,522.0,-1.589337248282281,False,False,False,False,4,2,0,21,1,2,1080,529,"[true, false, false]",0,2,0,Starfield Stage - 1
2422,2025-09-30T16:00:24.224260,9,705.0,522.0,-1.5894608258159622,False,False,False,False,4,2,0,21,1,2,1080,529,"[true, false, false]",0,2,0,Starfield Stage - 1
2423,2025-09-30T16:00:24.231836,8,707.5,522.0,-1.5895860615268074,False,False,False,False,4,2,0,21,1,2,1080,529,"[true, false, false]",0,2,0,Starfield Stage - 1
2424,2025-09-30T16:00:24.241344,9,707.5,522.0,-1.5895860615268074,False,False,False,False,4,2,0,21,1,2,1080,529,"[true, false, false]",0,2,0,Starfield Stage - 1
2425,2025-09-30T16:00:24.250764,9,707.5,522.0,-1.5895860615268074,False,False,False,False,4,2,0,21,1,2,1080,529,"[true, false, false]",0,2,0,Starfield Stage - 1
2426,2025-09-30T16:00:24.259430,9,707.5,522.0,-1.5895860615268074,False,False,False,False,4,2,0,21,1,2,1080,529,"[false, false, false]",0,2,0,Starfield Stage - 1
2427,2025-09-30T16:00:24.268186,9,707.5,522.0,-1.5895860615268074,False,False,False,False,4,2,0,21,1,2,1080,529,"[false, false, false]",0,2,0,Starfield Stage - 1
2428,2025-09-30T16:00:24.276586,8,707.5,522.0,-1.5895860615268074,False,False,False,False,4,2,0,21,1,2,1080,529,"[false, false, false]",0,2,0,Starfield Stage - 1
2429,2025-09-30T16:00:24.286443,9,707.5,524.5,-1.582876276083778,False,False,False,False,4,2,0,21,1,2,1080,529,"[false, false, false]",0,2,0,Starfield Stage - 1
2430,2025-09-30T16:00:24.293381,8,707.5,527.0,-1.5761510279588782,False,False,False,False,4,2,0,21,1,2,1081,529,"[false, false, false]",0,2,0,Starfield Stage - 1
2431,2025-09-30T16:00:24.301171,8,707.5,529.5,-1.569457639508901,False,False,False,False,4,2,0,21,1,2,1081,529,"[false, false, false]",0,2,0,Starfield Stage - 1
2432,2025-09-30T16:00:24.309218,8,707.5,532.0,-1.5600872315181398,False,False,False,False,4,2,0,21,1,2,1081,528,"[false, false, false]",0,2,0,Starfield Stage - 1
2433,2025-09-30T16:00:24.380271,8,705.0,534.5,-1.5011722046635052,False,False,False,False,4,2,0,21,1,2,1085,508,"[false, false, false]",0,2,0,Starfield Stage - 1
2434,2025-09-30T16:00:24.382676,66,702.5,537.0,-1.4951241051808215,False,False,False,False,4,2,0,21,1,2,1085,508,"[false, false, false]",0,2,0,Starfield Stage - 1
2435,2025-09-30T16:00:24.391930,9,700.0,539.5,-1.4765170741959939,False,False,False,False,4,2,0,21,1,2,1086,503,"[false, false, false]",0,2,0,Starfield Stage - 1
2436,2025-09-30T16:00:24.401351,9,697.5,542.0,-1.4608436285423403,False,False,False,False,4,2,0,21,1,2,1087,499,"[false, false, false]",0,2,0,Starfield Stage - 1
2437,2025-09-30T16:00:24.409728,9,695.0,544.5,-1.448316037128923,False,False,False,False,4,2,0,21,1,2,1089,496,"[false, false, false]",0,2,0,Starfield Stage - 1
2438,2025-09-30T16:00:24.419062,9,692.5,547.0,-1.4315285386998953,False,False,False,False,4,2,0,21,1,2,1092,491,"[false, false, false]",0,2,0,Starfield Stage - 1
2439,2025-09-30T16:00:24.428252,9,690.0,549.5,-1.4245702949036732,False,False,False,False,4,2,0,21,1,2,1094,490,"[false, false, false]",0,2,0,Starfield Stage - 1
2440,2025-09-30T16:00:24.436623,8,687.5,552.0,-1.4177791146674923,False,False,False,False,4,2,0,21,1,2,1096,489,"[false, false, false]",0,2,0,Starfield Stage - 1
2441,2025-09-30T16:00:24.445274,9,685.0,554.5,-1.411149657134235,False,False,False,False,4,2,0,21,1,2,1098,488,"[false, false, false]",0,2,0,Starfield Stage - 1
2442,2025-09-30T16:00:24.453011,8,682.5,557.0,-1.4050664793565888,False,False,False,False,4,2,0,21,1,2,1101,487,"[false, false, false]",0,2,0,Starfield Stage - 1
2443,2025-09-30T16:00:24.498635,8,680.0,559.5,-1.3964613049267554,False,False,False,False,3,1,0,21,1,2,1103,485,"[false, false, false]",10,2,0,Starfield Stage - 1
2444,2025-09-30T16:00:24.500854,40,677.5,562.0,-1.3354274721785042,False,False,False,False,3,1,0,21,1,2,1107,459,"[false, false, false]",10,2,0,Starfield Stage - 1
2445,2025-09-30T16:00:24.510327,9,675.0,564.5,-1.3105558342790058,False,False,False,False,3,1,0,21,1,2,1105,450,"[false, false, false]",10,2,0,Starfield Stage - 1
2446,2025-09-30T16:00:24.581548,8,677.5,567.0,-1.100996670129222,False,False,False,False,3,1,0,21,1,2,1034,386,"[false, false, false]",10,2,0,Starfield Stage - 1
2447,2025-09-30T16:00:24.586590,66,680.0,569.5,-1.0925675863531856,False,False,False,False,3,1,0,21,1,2,1034,386,"[false, false, false]",10,2,0,Starfield Stage - 1
2448,2025-09-30T16:00:24.593119,9,682.5,572.0,-1.0555105761933186,False,False,False,False,3,1,0,21,1,2,1018,382,"[false, false, false]",10,2,0,Starfield Stage - 1
2449,2025-09-30T16:00:24.602177,9,685.0,574.5,-1.0116246835699128,False,False,False,False,2,1,0,22,1,2,999,378,"[false, false, false]",10,2,0,Starfield Stage - 1
2450,2025-09-30T16:00:24.610063,8,687.5,577.0,-0.9592594265315498,False,False,False,False,2,1,0,22,1,2,977,374,"[false, false, false]",10,2,0,Starfield Stage - 1
2451,2025-09-30T16:00:24.619119,9,690.0,579.5,-0.8466369919878403,False,False,False,False,2,1,0,22,1,2,928,369,"[false, false, false]",10,2,0,Starfield Stage - 1
2452,2025-09-30T16:00:24.627411,8,692.5,582.0,-0.7699782705936611,False,False,False,False,2,1,0,22,1,2,900,368,"[false, false, false]",10,2,0,Starfield Stage - 1
2453,2025-09-30T16:00:24.635377,8,695.0,584.5,-0.6747409422235526,False,False,False,False,2,1,0,22,1,2,869,367,"[false, false, false]",10,2,0,Starfield Stage - 1
2454,2025-09-30T16:00:24.643320,8,697.5,587.0,-0.5553239944048902,False,False,False,False,2,1,0,22,1,2,834,367,"[false, false, false]",10,2,0,Starfield Stage - 1
2455,2025-09-30T16:00:24.650784,8,700.0,589.5,-0.41864125680126674,False,False,False,False,2,1,0,22,1,2,799,367,"[false, false, false]",10,2,0,Starfield Stage - 1
2456,2025-09-30T16:00:24.659623,8,702.5,592.0,-0.25852655747463765,False,False,False,False,2,1,0,22,1,2,762,367,"[false, false, false]",10,2,0,Starfield Stage - 1
2457,2025-09-30T16:00:24.667325,8,705.0,594.5,-0.07895639460049377,False,False,False,False,2,1,0,22,1,2,723,367,"[false, false, false]",10,2,0,Starfield Stage - 1
2458,2025-09-30T16:00:24.674960,8,707.5,597.0,0.10994446291968428,False,False,False,False,2,1,0,22,1,2,682,366,"[false, false, false]",10,2,0,Starfield Stage - 1
2459,2025-09-30T16:00:24.683383,8,710.0,599.5,0.29281972198286443,False,False,False,False,2,1,0,22,1,2,639,364,"[false, false, false]",10,2,0,Starfield Stage - 1
2460,2025-09-30T16:00:24.691837,9,712.5,602.0,0.45534904431613665,False,False,False,False,2,1,0,22,1,2,594,360,"[false, false, false]",10,2,0,Starfield Stage - 1
2461,2025-09-30T16:00:24.700943,9,715.0,604.5,0.5944750050748631,False,False,False,False,2,1,0,22,1,2,547,356,"[false, false, false]",10,2,0,Starfield Stage - 1
2462,2025-09-30T16:00:24.710186,9,717.5,607.0,0.7019942114870281,False,False,False,False,2,1,0,22,1,2,501,351,"[false, false, false]",10,2,0,Starfield Stage - 1
2463,2025-09-30T16:00:24.784386,8,717.5,607.0,1.0047784846930075,False,False,False,False,2,1,0,22,1,2,217,289,"[false, false, false]",10,2,0,Starfield Stage - 1
2464,2025-09-30T16:00:24.787486,69,717.5,607.0,1.0107104787932444,False,False,False,False,2,1,0,22,1,2,204,285,"[false, false, false]",10,2,0,Starfield Stage - 1
2465,2025-09-30T16:00:24.795699,8,715.0,607.0,1.0144430339357824,False,False,False,False,2,1,0,22,1,2,194,283,"[false, false, false]",10,2,0,Starfield Stage - 1
2466,2025-09-30T16:00:24.803467,8,712.5,607.0,1.0160623074393156,False,False,False,False,2,1,0,22,1,2,188,282,"[false, false, false]",10,2,0,Starfield Stage - 1
2467,2025-09-30T16:00:24.812761,9,710.0,607.0,1.0173401171403744,False,False,False,False,2,1,0,22,1,2,184,282,"[false, false, false]",10,2,0,Starfield Stage - 1
2468,2025-09-30T16:00:24.821506,9,707.5,607.0,1.0191413442663497,False,False,False,False,2,1,0,22,1,2,181,283,"[false, false, false]",10,2,0,Starfield Stage - 1
2469,2025-09-30T16:00:24.830151,9,705.0,607.0,1.0228623562229733,False,False,False,False,2,1,0,22,1,2,179,286,"[false, false, false]",10,2,0,Starfield Stage - 1
2470,2025-09-30T16:00:24.838187,8,702.5,607.0,1.025763410352081,False,False,False,False,1,1,0,22,1,2,178,289,"[false, false, false]",10,2,0,Starfield Stage - 1
2471,2025-09-30T16:00:24.846998,9,700.0,607.0,1.0286914348616976,False,False,False,False,2,1,0,22,1,2,177,292,"[true, false, false]",10,2,0,Starfield Stage - 1
2472,2025-09-30T16:00:24.857147,9,697.5,607.0,1.0339024077426018,False,False,False,False,2,1,0,22,1,2,175,296,"[true, false, false]",10,2,0,Starfield Stage - 1
2473,2025-09-30T16:00:24.864389,8,695.0,607.0,1.0397435693286772,False,False,False,False,2,1,0,22,1,2,174,301,"[true, false, false]",10,2,0,Starfield Stage - 1
2474,2025-09-30T16:00:24.873734,8,692.5,607.0,1.0456591676073177,False,False,False,False,2,1,0,22,1,2,173,306,"[true, false, false]",10,2,0,Starfield Stage - 1
2475,2025-09-30T16:00:24.882975,8,690.0,607.0,1.0531067242108798,False,False,False,False,2,1,0,22,1,2,172,312,"[true, false, false]",10,2,0,Starfield Stage - 1
2476,2025-09-30T16:00:24.887668,8,687.5,607.0,1.0577177183804478,False,False,False,False,2,1,0,22,1,2,171,316,"[true, false, false]",10,2,0,Starfield Stage - 1
2477,2025-09-30T16:00:24.897641,9,685.0,607.0,1.062379865999269,False,False,False,False,2,1,0,22,1,2,170,320,"[true, false, false]",10,2,0,Starfield Stage - 1
2478,2025-09-30T16:00:24.906280,9,682.5,607.0,1.0641112847125804,False,False,False,False,2,1,0,22,1,2,169,322,"[true, false, false]",10,2,0,Starfield Stage - 1
2479,2025-09-30T16:00:24.914328,8,680.0,607.0,1.0650280510825247,False,False,False,False,2,1,0,22,1,2,169,324,"[true, false, false]",10,2,0,Starfield Stage - 1
2480,2025-09-30T16:00:24.984363,8,677.5,604.5,1.0795981216426478,False,False,False,False,2,1,0,22,1,2,155,325,"[false, false, false]",10,2,0,Starfield Stage - 1
2481,2025-09-30T16:00:24.987077,65,675.0,602.0,1.0852983902654032,False,False,False,False,2,1,0,22,1,2,150,325,"[false, false, false]",10,2,0,Starfield Stage - 1
2482,2025-09-30T16:00:24.995756,9,672.5,599.5,1.089488021265757,False,False,False,False,1,1,0,22,1,2,145,324,"[false, false, false]",10,2,0,Starfield Stage - 1
2483,2025-09-30T16:00:25.005388,9,670.0,597.0,1.0936562832273737,False,False,False,False,1,1,0,22,1,2,140,323,"[false, false, false]",10,2,0,Starfield Stage - 1
2484,2025-09-30T16:00:25.013142,8,667.5,594.5,1.09478516644473,False,False,False,False,1,1,0,22,1,2,137,321,"[false, false, false]",10,2,0,Starfield Stage - 1
2485,2025-09-30T16:00:25.022087,9,665.0,592.0,1.0974038988303902,False,False,False,False,1,1,0,22,1,2,134,320,"[false, false, false]",10,2,0,Starfield Stage - 1
2486,2025-09-30T16:00:25.030987,9,662.5,589.5,1.0992630382181992,False,False,False,False,1,1,0,22,1,2,132,319,"[false, false, false]",10,2,0,Starfield Stage - 1
2487,2025-09-30T16:00:25.040173,9,660.0,587.0,1.1026306762469928,False,False,False,False,1,1,0,22,1,2,130,319,"[false, false, false]",10,2,0,Starfield Stage - 1
2488,2025-09-30T16:00:25.048542,8,657.5,584.5,1.1037486553389717,False,False,False,False,1,1,0,22,1,2,129,318,"[false, false, false]",10,2,0,Starfield Stage - 1
2489,2025-09-30T16:00:25.056732,8,655.0,582.0,1.105628962125224,False,False,False,False,1,1,0,22,1,2,129,318,"[false, false, false]",10,2,0,Starfield Stage - 1
2490,2025-09-30T16:00:25.065261,9,652.5,579.5,1.1075308347032724,False,False,False,False,2,1,0,22,1,2,129,318,"[true, false, false]",10,2,0,Starfield Stage - 1
2491,2025-09-30T16:00:25.073078,8,650.0,577.0,1.1094546322312593,False,False,False,False,2,1,0,22,1,2,129,318,"[true, false, false]",10,2,0,Starfield Stage - 1
2492,2025-09-30T16:00:25.082280,9,647.5,574.5,1.1114007215468111,False,False,False,False,2,1,0,22,1,2,129,318,"[true, false, false]",10,2,0,Starfield Stage - 1
2493,2025-09-30T16:00:25.090086,8,645.0,572.0,1.1133694773628837,False,False,False,False,2,1,0,22,1,2,129,318,"[true, false, false]",10,2,0,Starfield Stage - 1
2494,2025-09-30T16:00:25.099500,9,642.5,569.5,1.115361282469236,False,False,False,False,2,1,0,22,1,2,129,318,"[false, false, false]",10,2,0,Starfield Stage - 1
2495,2025-09-30T16:00:25.107863,9,640.0,567.0,1.1173765279397005,False,False,False,False,2,1,0,22,1,2,129,318,"[false, false, false]",10,2,0,Starfield Stage - 1
2496,2025-09-30T16:00:25.117052,9,637.5,564.5,1.1194156133454272,False,False,False,False,2,1,0,22,1,2,129,318,"[false, false, false]",10,2,0,Starfield Stage - 1
2497,2025-09-30T16:00:25.183120,9,635.0,562.0,1.0479816921043312,False,False,False,False,2,1,0,22,1,2,137,275,"[false, false, false]",10,2,0,Starfield Stage - 1
2498,2025-09-30T16:00:25.185477,60,632.5,559.5,1.0495879122049674,False,False,False,False,2,1,0,22,1,2,137,275,"[false, false, false]",10,2,0,Starfield Stage - 1
2499,2025-09-30T16:00:25.195390,9,630.0,557.0,1.0273810296147903,False,False,False,False,2,1,0,22,1,2,140,261,"[false, false, false]",10,2,0,Starfield Stage - 1
2500,2025-09-30T16:00:25.203443,8,627.5,554.5,1.0174801210708833,False,False,False,False,2,1,0,22,1,2,141,254,"[false, false, false]",10,2,0,Starfield Stage - 1
2501,2025-09-30T16:00:25.211648,8,625.0,552.0,1.010523839560372,False,False,False,False,2,1,0,22,1,2,142,249,"[false, false, false]",10,2,0,Starfield Stage - 1
2502,2025-09-30T16:00:25.219922,9,622.5,549.5,1.0059546626451703,False,False,False,False,2,1,0,22,1,2,142,245,"[false, false, false]",10,2,0,Starfield Stage - 1
2503,2025-09-30T16:00:25.229032,9,620.0,547.0,1.004337891826375,False,False,False,False,2,2,0,22,1,2,142,243,"[false, false, false]",10,2,0,Starfield Stage - 1
2504,2025-09-30T16:00:25.238116,9,617.5,544.5,1.0042032007240067,False,False,False,False,2,2,0,22,1,2,142,242,"[false, false, false]",10,2,0,Starfield Stage - 1
2505,2025-09-30T16:00:25.246768,9,615.0,542.0,1.0040671092713902,False,False,False,False,2,2,0,22,1,2,142,241,"[false, false, false]",10,2,0,Starfield Stage - 1
2506,2025-09-30T16:00:25.255980,9,612.5,539.5,1.005443570893484,False,False,False,False,3,2,0,22,1,2,142,241,"[true, false, false]",10,2,0,Starfield Stage - 1
2507,2025-09-30T16:00:25.265436,9,610.0,537.0,1.006837185288634,False,False,False,False,3,2,0,22,1,2,142,241,"[true, false, false]",10,2,0,Starfield Stage - 1
2508,2025-09-30T16:00:25.273384,8,607.5,534.5,1.0082482695750532,False,False,False,False,3,2,0,22,1,2,142,241,"[true, false, false]",10,2,0,Starfield Stage - 1
2509,2025-09-30T16:00:25.282010,9,605.0,532.0,1.009677148593303,False,False,False,False,3,2,0,22,1,2,142,241,"[true, false, false]",10,2,0,Starfield Stage - 1
2510,2025-09-30T16:00:25.291132,9,602.5,529.5,1.0111241551381,False,False,False,False,3,2,0,22,1,2,142,241,"[true, false, false]",10,2,0,Starfield Stage - 1
2511,2025-09-30T16:00:25.300202,9,600.0,527.0,1.0125896301983373,False,False,False,False,3,2,0,22,1,2,142,241,"[true, false, false]",10,2,0,Starfield Stage - 1
2512,2025-09-30T16:00:25.308394,8,597.5,524.5,1.0140739232056504,False,False,False,False,3,2,0,22,1,2,142,241,"[true, false, false]",10,2,0,Starfield Stage - 1
2513,2025-09-30T16:00:25.316859,8,595.0,522.0,1.0155773922918778,False,False,False,False,3,2,0,22,1,2,142,241,"[false, false, false]",10,2,0,Starfield Stage - 1
2514,2025-09-30T16:00:25.324910,9,592.5,519.5,1.0171004045557799,False,False,False,False,3,2,0,22,1,2,142,241,"[false, false, false]",10,2,0,Starfield Stage - 1
2515,2025-09-30T16:00:25.392693,9,590.0,517.0,1.026773828685864,False,False,False,False,3,2,0,22,1,2,142,246,"[false, false, false]",10,2,0,Starfield Stage - 1
2516,2025-09-30T16:00:25.399183,61,587.5,514.5,1.0283985897379107,False,False,False,False,3,2,0,22,1,2,142,246,"[false, false, false]",10,2,0,Starfield Stage - 1
2517,2025-09-30T16:00:25.403265,8,585.0,512.0,1.0317057293965237,False,False,False,False,3,2,0,22,1,2,142,247,"[false, false, false]",10,2,0,Starfield Stage - 1
2518,2025-09-30T16:00:25.412522,8,582.5,509.5,1.0333868508785746,False,False,False,False,3,2,0,22,1,2,142,247,"[false, false, false]",10,2,0,Starfield Stage - 1
2519,2025-09-30T16:00:25.420391,9,580.0,507.0,1.0350905963250734,False,False,False,False,3,2,0,22,1,2,142,247,"[false, false, false]",10,2,0,Starfield Stage - 1
2520,2025-09-30T16:00:25.428471,8,577.5,504.5,1.0368174154345153,False,False,False,False,3,2,0,22,1,2,142,247,"[false, false, false]",10,2,0,Starfield Stage - 1
2521,2025-09-30T16:00:25.437248,9,575.0,502.0,1.0385677696182405,False,False,False,False,3,2,0,22,1,2,142,247,"[false, false, false]",10,2,0,Starfield Stage - 1
2522,2025-09-30T16:00:25.445511,8,572.5,499.5,1.0403421323740987,False,False,False,False,4,2,0,22,1,2,142,247,"[true, false, false]",10,2,0,Starfield Stage - 1
2523,2025-09-30T16:00:25.453720,8,570.0,497.0,1.0421409896740712,False,False,False,False,4,2,0,22,1,2,142,247,"[true, false, false]",10,2,0,Starfield Stage - 1
2524,2025-09-30T16:00:25.462793,9,567.5,494.5,1.0457226744553874,False,False,False,False,4,2,0,22,1,2,142,248,"[true, false, false]",10,2,0,Starfield Stage - 1
2525,2025-09-30T16:00:25.471380,9,565.0,492.0,1.0511411772143815,False,False,False,False,4,2,0,22,1,2,142,250,"[true, false, false]",10,2,0,Starfield Stage - 1
2526,2025-09-30T16:00:25.479903,9,562.5,489.5,1.0548573856444114,False,False,False,False,4,2,0,22,1,2,142,251,"[true, false, false]",10,2,0,Starfield Stage - 1
2527,2025-09-30T16:00:25.489322,9,560.0,487.0,1.059432156623865,False,False,False,False,4,2,0,22,1,2,143,253,"[true, false, false]",10,2,0,Starfield Stage - 1
2528,2025-09-30T16:00:25.498831,8,557.5,484.5,1.0632882381534996,False,False,False,False,4,2,0,22,1,2,143,254,"[true, false, false]",10,2,0,Starfield Stage - 1
2529,2025-09-30T16:00:25.506666,9,555.0,482.0,1.0643177851253631,False,False,False,False,4,2,0,22,1,2,144,254,"[true, false, false]",10,2,0,Starfield Stage - 1
2530,2025-09-30T16:00:25.515688,9,552.5,479.5,1.06828207868237,False,False,False,False,4,2,0,22,1,2,144,255,"[false, false, false]",10,2,0,Starfield Stage - 1
2531,2025-09-30T16:00:25.524277,9,550.0,477.0,1.070414765884305,False,False,False,False,4,2,0,22,1,2,144,255,"[false, false, false]",10,2,0,Starfield Stage - 1
2532,2025-09-30T16:00:25.532525,8,547.5,474.5,1.072578959165074,False,False,False,False,4,2,0,22,1,2,144,255,"[false, false, false]",10,2,0,Starfield Stage - 1
2533,2025-09-30T16:00:25.601146,9,545.0,472.0,1.081232288407624,False,False,False,False,4,2,0,22,1,2,149,261,"[false, false, false]",10,2,0,Starfield Stage - 1
2534,2025-09-30T16:00:25.603525,63,542.5,469.5,1.083546873190802,False,False,False,False,4,2,0,22,1,2,149,261,"[false, false, false]",10,2,0,Starfield Stage - 1
2535,2025-09-30T16:00:25.613900,9,540.0,467.0,1.085896857051469,False,False,False,False,4,2,0,22,1,2,149,261,"[false, false, false]",10,2,0,Starfield Stage - 1
2536,2025-09-30T16:00:25.622208,9,537.5,464.5,1.0882830317724197,False,False,False,False,4,2,0,22,1,2,149,261,"[false, false, false]",10,2,0,Starfield Stage - 1
2537,2025-09-30T16:00:25.630450,8,535.0,462.0,1.0907062120640056,False,False,False,False,4,2,0,22,1,2,149,261,"[false, false, false]",10,2,0,Starfield Stage - 1
2538,2025-09-30T16:00:25.639159,9,532.5,459.5,1.093167236364435,False,False,False,False,5,2,0,22,1,2,149,261,"[true, false, false]",10,2,0,Starfield Stage - 1
2539,2025-09-30T16:00:25.647649,8,530.0,457.0,1.095666967672027,False,False,False,False,5,2,0,22,1,2,149,261,"[true, false, false]",10,2,0,Starfield Stage - 1
2540,2025-09-30T16:00:25.655671,8,527.5,454.5,1.10030311646203,False,False,False,False,5,2,0,22,1,2,149,262,"[true, false, false]",10,2,0,Starfield Stage - 1
2541,2025-09-30T16:00:25.663472,8,525.0,452.0,1.1018296190225747,False,False,False,False,5,2,0,22,1,2,150,262,"[true, false, false]",10,2,0,Starfield Stage - 1
2542,2025-09-30T16:00:25.671589,8,522.5,449.5,1.1066119491929312,False,False,False,False,5,2,0,22,1,2,150,263,"[true, false, false]",10,2,0,Starfield Stage - 1
2543,2025-09-30T16:00:25.679834,9,520.0,447.0,1.1104060352640963,False,False,False,False,5,2,0,22,1,2,151,264,"[true, false, false]",10,2,0,Starfield Stage - 1
2544,2025-09-30T16:00:25.689240,9,517.5,444.5,1.115367710801898,False,False,False,False,5,2,0,22,1,2,151,265,"[true, false, false]",10,2,0,Starfield Stage - 1
2545,2025-09-30T16:00:25.736401,8,515.0,442.0,1.1181979918734593,False,False,False,False,4,1,0,22,1,2,151,265,"[true, false, false]",20,2,0,Starfield Stage - 1
2546,2025-09-30T16:00:25.742109,42,512.5,439.5,1.123321317688328,False,False,False,False,4,1,0,22,1,2,151,266,"[false, false, false]",20,2,0,Starfield Stage - 1
2547,2025-09-30T16:00:25.808435,9,512.5,437.0,1.1361690043281338,False,False,False,False,4,1,0,22,1,2,170,278,"[false, false, false]",20,2,0,Starfield Stage - 1
2548,2025-09-30T16:00:25.810888,63,512.5,434.5,1.1455210978877102,False,False,False,False,4,1,0,22,1,2,178,283,"[false, false, false]",20,2,0,Starfield Stage - 1
2549,2025-09-30T16:00:25.820449,9,512.5,432.0,1.1557215931002232,False,False,False,False,4,1,0,22,1,2,188,289,"[false, false, false]",20,2,0,Starfield Stage - 1
2550,2025-09-30T16:00:25.828530,9,512.5,429.5,1.1670637362811676,False,False,False,False,4,1,0,22,1,2,200,296,"[false, false, false]",20,2,0,Starfield Stage - 1
2551,2025-09-30T16:00:25.837384,8,512.5,427.0,1.1742224659364513,False,False,False,False,4,1,0,22,1,2,214,302,"[false, false, false]",20,2,0,Starfield Stage - 1
2552,2025-09-30T16:00:25.845360,8,512.5,424.5,1.1887650957256242,False,False,False,False,4,1,0,22,1,2,230,311,"[false, false, false]",20,2,0,Starfield Stage - 1
2553,2025-09-30T16:00:25.853806,8,512.5,424.5,1.1998134712761446,False,False,False,False,4,1,0,22,1,2,249,322,"[false, false, false]",20,2,0,Starfield Stage - 1
2554,2025-09-30T16:00:25.861562,8,515.0,424.5,1.219231116150347,False,False,False,False,4,1,0,22,1,2,271,335,"[false, false, false]",20,2,0,Starfield Stage - 1
2555,2025-09-30T16:00:25.870164,9,517.5,424.5,1.2422891184624691,False,False,False,False,4,1,0,22,1,2,296,349,"[false, false, false]",20,2,0,Starfield Stage - 1
2556,2025-09-30T16:00:25.879363,9,520.0,424.5,1.2746414226502327,False,False,False,False,4,1,0,22,1,2,325,365,"[false, false, false]",20,2,0,Starfield Stage - 1
2557,2025-09-30T16:00:25.887970,9,522.5,424.5,1.3096332922358047,False,False,False,False,4,1,0,22,1,2,356,380,"[false, false, false]",20,2,0,Starfield Stage - 1
2558,2025-09-30T16:00:25.897689,9,525.0,424.5,1.355659548335142,False,False,False,False,4,1,0,22,1,2,390,395,"[false, false, false]",20,2,0,Starfield Stage - 1
2559,2025-09-30T16:00:25.906250,9,527.5,424.5,1.4207139161207551,False,False,False,False,4,1,0,22,1,2,425,409,"[false, false, false]",20,2,0,Starfield Stage - 1
2560,2025-09-30T16:00:25.914295,8,530.0,424.5,1.5186049612077928,False,False,False,False,4,1,0,22,1,2,463,421,"[false, false, false]",20,2,0,Starfield Stage - 1
2561,2025-09-30T16:00:25.922283,8,532.5,424.5,1.8606428167065163,False,False,False,False,4,1,0,22,1,2,504,433,"[false, false, false]",20,2,0,Starfield Stage - 1
2562,2025-09-30T16:00:25.930060,8,535.0,424.5,-2.6279866488670445,False,False,False,False,4,1,0,22,1,2,546,444,"[false, false, false]",20,2,0,Starfield Stage - 1
2563,2025-09-30T16:00:25.939307,9,537.5,424.5,-1.9103491546180356,False,False,False,False,4,1,0,22,1,2,638,460,"[false, false, false]",20,2,0,Starfield Stage - 1
2564,2025-09-30T16:00:25.947171,8,540.0,424.5,-1.8379057635608225,False,False,False,False,4,1,0,22,1,2,688,465,"[false, false, false]",20,2,0,Starfield Stage - 1
2565,2025-09-30T16:00:26.016670,8,542.5,424.5,-1.6768644193457412,False,False,False,False,4,1,0,22,1,2,1045,478,"[false, false, false]",20,2,0,Starfield Stage - 1
2566,2025-09-30T16:00:26.022639,64,545.0,424.5,-1.6753288451490624,False,False,False,False,4,1,0,22,1,2,1074,480,"[false, false, false]",20,2,0,Starfield Stage - 1
2567,2025-09-30T16:00:26.027218,8,547.5,424.5,-1.6764754927137064,False,False,False,False,4,1,0,22,1,2,1099,483,"[false, false, false]",20,2,0,Starfield Stage - 1
2568,2025-09-30T16:00:26.036601,9,550.0,424.5,-1.681742370527431,False,False,False,False,4,1,0,22,1,2,1120,488,"[false, false, false]",20,2,0,Starfield Stage - 1
2569,2025-09-30T16:00:26.044948,9,552.5,424.5,-1.6878552680847465,False,False,False,False,4,1,0,22,1,2,1135,493,"[false, false, false]",20,2,0,Starfield Stage - 1
2570,2025-09-30T16:00:26.054402,9,555.0,424.5,-1.6961924453798536,False,False,False,False,4,1,0,22,1,2,1146,499,"[false, false, false]",20,2,0,Starfield Stage - 1
2571,2025-09-30T16:00:26.062670,8,557.5,424.5,-1.7070370665161312,False,False,False,False,5,1,0,23,1,2,1152,506,"[true, false, false]",20,2,0,Starfield Stage - 1
2572,2025-09-30T16:00:26.071320,9,560.0,424.5,-1.7198503635033027,False,False,False,False,5,1,0,23,1,2,1156,514,"[true, false, false]",20,2,0,Starfield Stage - 1
2573,2025-09-30T16:00:26.079396,8,562.5,424.5,-1.7333525690293596,False,False,False,False,5,1,0,23,1,2,1157,522,"[true, false, false]",20,2,0,Starfield Stage - 1
2574,2025-09-30T16:00:26.086741,8,565.0,424.5,-1.745228013998644,False,False,False,False,5,1,0,23,1,2,1158,529,"[true, false, false]",20,2,0,Starfield Stage - 1
2575,2025-09-30T16:00:26.096415,9,567.5,424.5,-1.758745913526561,False,False,False,False,5,1,0,23,1,2,1159,537,"[true, false, false]",20,2,0,Starfield Stage - 1
2576,2025-09-30T16:00:26.104135,8,570.0,424.5,-1.7709655783406886,False,False,False,False,5,1,0,23,1,2,1159,544,"[true, false, false]",20,2,0,Starfield Stage - 1
2577,2025-09-30T16:00:26.112553,8,572.5,424.5,-1.7819479792570943,False,False,False,False,5,1,0,23,1,2,1158,550,"[true, false, false]",20,2,0,Starfield Stage - 1
2578,2025-09-30T16:00:26.121216,9,575.0,424.5,-1.7913747084279201,False,False,False,False,5,1,0,23,1,2,1157,555,"[true, false, false]",20,2,0,Starfield Stage - 1
2579,2025-09-30T16:00:26.129591,8,577.5,424.5,-1.7992357589397419,False,False,False,False,5,1,0,23,1,2,1156,559,"[true, false, false]",20,2,0,Starfield Stage - 1
2580,2025-09-30T16:00:26.137784,9,580.0,424.5,-1.8100078036048592,False,False,False,False,4,1,0,23,1,2,1152,564,"[false, false, false]",20,2,0,Starfield Stage - 1
2581,2025-09-30T16:00:26.147566,9,582.5,427.0,-1.8130734171093812,False,False,False,False,4,1,0,23,1,2,1149,567,"[false, false, false]",20,2,0,Starfield Stage - 1
2582,2025-09-30T16:00:26.213059,9,585.0,429.5,-1.848702078257356,False,False,False,False,4,1,0,23,1,2,1088,573,"[false, false, false]",20,2,0,Starfield Stage - 1
2583,2025-09-30T16:00:26.215539,60,587.5,432.0,-1.8453976801146899,False,False,False,False,4,1,0,23,1,2,1088,573,"[false, false, false]",20,2,0,Starfield Stage - 1
2584,2025-09-30T16:00:26.225461,9,590.0,434.5,-1.8435389814670717,False,False,False,False,4,1,0,23,1,2,1078,571,"[false, false, false]",20,2,0,Starfield Stage - 1
2585,2025-09-30T16:00:26.233402,8,592.5,437.0,-1.8440786063003107,False,False,False,False,4,1,0,23,1,2,1067,570,"[false, false, false]",20,2,0,Starfield Stage - 1
2586,2025-09-30T16:00:26.241493,8,595.0,439.5,-1.8420780546114504,False,False,False,False,4,1,0,23,1,2,1057,568,"[false, false, false]",20,2,0,Starfield Stage - 1
2587,2025-09-30T16:00:26.249492,8,597.5,442.0,-1.8388279001515153,False,False,False,False,4,1,0,23,1,2,1049,566,"[false, false, false]",20,2,0,Starfield Stage - 1
2588,2025-09-30T16:00:26.257210,8,600.0,444.5,-1.8375279922160008,False,False,False,False,4,1,0,23,1,2,1041,565,"[false, false, false]",20,2,0,Starfield Stage - 1
2589,2025-09-30T16:00:26.265729,8,602.5,447.0,-1.8344114057907808,False,False,False,False,5,1,0,23,1,2,1036,564,"[true, false, false]",20,2,0,Starfield Stage - 1
2590,2025-09-30T16:00:26.273845,9,605.0,449.5,-1.8295672187585943,False,False,False,False,5,1,0,23,1,2,1030,562,"[true, false, false]",20,2,0,Starfield Stage - 1
2591,2025-09-30T16:00:26.283247,9,607.5,452.0,-1.8254969058413382,False,False,False,False,5,1,0,23,1,2,1030,562,"[true, false, false]",20,2,0,Starfield Stage - 1
2592,2025-09-30T16:00:26.291496,8,610.0,454.5,-1.8197020384580707,False,False,False,False,5,1,0,23,1,2,1029,561,"[true, false, false]",20,2,0,Starfield Stage - 1
2593,2025-09-30T16:00:26.299887,9,612.5,457.0,-1.8154925040535685,False,False,False,False,5,1,0,23,1,2,1029,561,"[true, false, false]",20,2,0,Starfield Stage - 1
2594,2025-09-30T16:00:26.309120,9,615.0,459.5,-1.8112231010185402,False,False,False,False,5,1,0,23,1,2,1029,561,"[true, false, false]",20,2,0,Starfield Stage - 1
2595,2025-09-30T16:00:26.317228,8,617.5,462.0,-1.8068927020286423,False,False,False,False,5,2,0,23,1,2,1029,561,"[true, false, false]",20,2,0,Starfield Stage - 1
2596,2025-09-30T16:00:26.325097,8,620.0,464.5,-1.802500156470157,False,False,False,False,4,2,0,23,1,2,1029,561,"[true, false, false]",20,2,0,Starfield Stage - 1
2597,2025-09-30T16:00:26.333434,8,622.5,467.0,-1.7980442900615576,False,False,False,False,4,2,0,23,1,2,1029,561,"[true, false, false]",20,2,0,Starfield Stage - 1
2598,2025-09-30T16:00:26.341150,8,625.0,469.5,-1.7929919038164042,False,False,False,False,4,2,0,23,1,2,1030,561,"[true, false, false]",20,2,0,Starfield Stage - 1
2599,2025-09-30T16:00:26.349945,9,627.5,472.0,-1.7878902641273777,False,False,False,False,4,2,0,23,1,2,1031,561,"[false, false, false]",20,2,0,Starfield Stage - 1
2600,2025-09-30T16:00:26.418211,9,630.0,474.5,-1.7852105278431074,False,False,False,False,4,2,0,23,1,2,1041,564,"[false, false, false]",20,2,0,Starfield Stage - 1
2601,2025-09-30T16:00:26.420408,62,632.5,477.0,-1.7806354800732316,False,False,False,False,4,2,0,23,1,2,1041,564,"[false, false, false]",20,2,0,Starfield Stage - 1
2602,2025-09-30T16:00:26.429739,8,635.0,479.5,-1.775994991450734,False,False,False,False,4,2,0,23,1,2,1041,564,"[false, false, false]",20,2,0,Starfield Stage - 1
2603,2025-09-30T16:00:26.437480,8,637.5,482.0,-1.7708053280694331,False,False,False,False,4,2,0,23,1,2,1042,564,"[false, false, false]",20,2,0,Starfield Stage - 1
2604,2025-09-30T16:00:26.445781,9,640.0,484.5,-1.7660382647051427,False,False,False,False,4,2,0,23,1,2,1042,564,"[false, false, false]",20,2,0,Starfield Stage - 1
2605,2025-09-30T16:00:26.455410,9,642.5,487.0,-1.7612023644108115,False,False,False,False,3,2,0,23,1,2,1042,564,"[false, false, false]",20,2,0,Starfield Stage - 1
2606,2025-09-30T16:00:26.464076,9,645.0,489.5,-1.7562963564791765,False,False,False,False,4,2,0,23,1,2,1042,564,"[true, false, false]",20,2,0,Starfield Stage - 1
2607,2025-09-30T16:00:26.472761,8,647.5,492.0,-1.7537709846609544,False,False,False,False,4,2,0,23,1,2,1042,565,"[true, false, false]",20,2,0,Starfield Stage - 1
2608,2025-09-30T16:00:26.480910,9,650.0,494.5,-1.7512109937563034,False,False,False,False,4,2,0,23,1,2,1042,566,"[true, false, false]",20,2,0,Starfield Stage - 1
2609,2025-09-30T16:00:26.490618,9,652.5,497.0,-1.7545077445857649,False,False,False,False,4,2,0,23,1,2,1040,569,"[true, false, false]",20,2,0,Starfield Stage - 1
2610,2025-09-30T16:00:26.498853,8,655.0,499.5,-1.7544186529641768,False,False,False,False,4,2,0,23,1,2,1040,571,"[true, false, false]",20,2,0,Starfield Stage - 1
2611,2025-09-30T16:00:26.506826,9,657.5,502.0,-1.7522640301893906,False,False,False,False,4,2,0,23,1,2,1039,572,"[true, false, false]",20,2,0,Starfield Stage - 1
2612,2025-09-30T16:00:26.516349,9,660.0,504.5,-1.7470485410408807,False,False,False,False,4,2,0,23,1,2,1039,572,"[true, false, false]",20,2,0,Starfield Stage - 1
2613,2025-09-30T16:00:26.524853,9,662.5,507.0,-1.7443319043330705,False,False,False,False,3,2,0,23,1,2,1039,573,"[true, false, false]",20,2,0,Starfield Stage - 1
2614,2025-09-30T16:00:26.534416,9,665.0,509.5,-1.7389785810360807,False,False,False,False,3,2,0,23,1,2,1039,573,"[false, false, false]",20,2,0,Starfield Stage - 1
2615,2025-09-30T16:00:26.542038,8,667.5,512.0,-1.7335432621026852,False,False,False,False,3,2,0,23,1,2,1039,573,"[false, false, false]",20,2,0,Starfield Stage - 1
2616,2025-09-30T16:00:26.551482,9,670.0,514.5,-1.7280243777714654,False,False,False,False,3,2,0,23,1,2,1039,573,"[false, false, false]",20,2,0,Starfield Stage - 1
2617,2025-09-30T16:00:26.620337,8,672.5,517.0,-1.722420330008608,False,False,False,False,3,2,0,23,1,2,1039,573,"[false, false, false]",20,2,0,Starfield Stage - 1
2618,2025-09-30T16:00:26.623214,64,675.0,519.5,-1.7167294924827676,False,False,False,False,3,2,0,23,1,2,1039,573,"[false, false, false]",20,2,0,Starfield Stage - 1
2619,2025-09-30T16:00:26.631333,8,677.5,522.0,-1.7109502105906034,False,False,False,False,3,2,0,23,1,2,1039,573,"[false, false, false]",20,2,0,Starfield Stage - 1
2620,2025-09-30T16:00:26.639336,8,680.0,524.5,-1.7050808015377974,False,False,False,False,3,2,0,23,1,2,1039,573,"[false, false, false]",20,2,0,Starfield Stage - 1
2621,2025-09-30T16:00:26.647851,8,682.5,527.0,-1.6991195544806914,False,False,False,False,4,2,0,23,1,2,1039,573,"[true, false, false]",20,2,0,Starfield Stage - 1
2622,2025-09-30T16:00:26.656703,9,685.0,529.5,-1.6958466106438361,False,False,False,False,4,2,0,23,1,2,1039,574,"[true, false, false]",20,2,0,Starfield Stage - 1
2623,2025-09-30T16:00:26.665064,9,687.5,532.0,-1.6953263913678807,False,False,False,False,4,2,0,23,1,2,1039,576,"[true, false, false]",20,2,0,Starfield Stage - 1
2624,2025-09-30T16:00:26.674277,9,690.0,534.5,-1.6972606520153952,False,False,False,False,4,2,0,23,1,2,1040,579,"[true, false, false]",20,2,0,Starfield Stage - 1
2625,2025-09-30T16:00:26.682108,8,692.5,537.0,-1.69391150617812,False,False,False,False,4,2,0,23,1,2,1040,580,"[true, false, false]",20,2,0,Starfield Stage - 1
2626,2025-09-30T16:00:26.691655,9,695.0,539.5,-1.6905109834186371,False,False,False,False,4,2,0,23,1,2,1040,581,"[true, false, false]",20,2,0,Starfield Stage - 1
2627,2025-09-30T16:00:26.700471,9,695.0,542.0,-1.6862229871618213,False,False,False,False,4,2,0,23,1,2,1040,582,"[true, false, false]",20,2,0,Starfield Stage - 1
2628,2025-09-30T16:00:26.709035,9,695.0,544.5,-1.6819307230558456,False,False,False,False,4,2,0,23,1,2,1040,583,"[true, false, false]",20,2,0,Starfield Stage - 1
2629,2025-09-30T16:00:26.718359,9,695.0,547.0,-1.674767878719555,False,False,False,False,4,2,0,23,1,2,1040,583,"[true, false, false]",20,2,0,Starfield Stage - 1
2630,2025-09-30T16:00:26.726352,8,695.0,549.5,-1.670178815321914,False,False,False,False,4,2,0,23,1,2,1041,584,"[false, false, false]",20,2,0,Starfield Stage - 1
2631,2025-09-30T16:00:26.734393,8,695.0,552.0,-1.6656120342264826,False,False,False,False,4,2,0,23,1,2,1042,585,"[false, false, false]",20,2,0,Starfield Stage - 1
2632,2025-09-30T16:00:26.742928,9,695.0,554.5,-1.6582166244476177,False,False,False,False,4,2,0,23,1,2,1043,585,"[false, false, false]",20,2,0,Starfield Stage - 1
2633,2025-09-30T16:00:26.752259,9,695.0,557.0,-1.6534646336772147,False,False,False,False,4,2,0,23,1,2,1045,586,"[false, false, false]",20,2,0,Starfield Stage - 1
2634,2025-09-30T16:00:26.821349,8,692.5,557.0,-1.6524199320175073,False,False,False,False,4,2,0,23,1,2,1047,586,"[false, false, false]",20,2,0,Starfield Stage - 1
2635,2025-09-30T16:00:26.823888,64,690.0,557.0,-1.6518508471282947,False,False,False,False,4,2,0,23,1,2,1047,586,"[false, false, false]",20,2,0,Starfield Stage - 1
2636,2025-09-30T16:00:26.832694,9,687.5,557.0,-1.6512896256595335,False,False,False,False,4,2,0,23,1,2,1047,586,"[false, false, false]",20,2,0,Starfield Stage - 1
2637,2025-09-30T16:00:26.842736,9,685.0,557.0,-1.650081828187642,False,False,False,False,4,2,0,23,1,2,1050,586,"[false, false, false]",20,2,0,Starfield Stage - 1
2638,2025-09-30T16:00:26.850017,8,682.5,557.0,-1.6520283067354922,False,False,False,False,4,2,0,23,1,2,1051,587,"[false, false, false]",20,2,0,Starfield Stage - 1
2639,2025-09-30T16:00:26.859687,9,680.0,557.0,-1.6537156816068812,False,False,False,False,5,2,0,23,1,2,1053,588,"[true, false, false]",20,2,0,Starfield Stage - 1
2640,2025-09-30T16:00:26.868400,9,677.5,557.0,-1.6555859088388,False,False,False,False,5,2,0,23,1,2,1054,589,"[true, false, false]",20,2,0,Starfield Stage - 1
2641,2025-09-30T16:00:26.876089,8,675.0,557.0,-1.6574211065342814,False,False,False,False,5,2,0,23,1,2,1055,590,"[true, false, false]",20,2,0,Starfield Stage - 1
2642,2025-09-30T16:00:26.885245,9,672.5,557.0,-1.6589934536410431,False,False,False,False,5,2,0,23,1,2,1057,591,"[true, false, false]",20,2,0,Starfield Stage - 1
2643,2025-09-30T16:00:26.892714,8,670.0,557.0,-1.6579783703779811,False,False,False,False,5,2,0,23,1,2,1059,591,"[true, false, false]",20,2,0,Starfield Stage - 1
2644,2025-09-30T16:00:26.940207,9,667.5,557.0,-1.6595082389186138,False,False,False,False,4,1,0,23,1,2,1061,592,"[true, false, false]",30,2,0,Starfield Stage - 1
2645,2025-09-30T16:00:26.942607,41,665.0,557.0,-1.6616782881647647,False,False,False,False,4,1,0,23,1,2,1071,594,"[false, false, false]",30,2,0,Starfield Stage - 1
2646,2025-09-30T16:00:26.952147,9,662.5,557.0,-1.6606874058000518,False,False,False,False,4,1,0,23,1,2,1073,594,"[false, false, false]",30,2,0,Starfield Stage - 1
2647,2025-09-30T16:00:27.021025,8,660.0,554.5,-1.6517951917204472,False,False,False,False,4,1,0,23,1,2,1085,589,"[false, false, false]",30,2,0,Starfield Stage - 1
2648,2025-09-30T16:00:27.023384,63,657.5,552.0,-1.6571308901937787,False,False,False,False,4,1,0,23,1,2,1085,589,"[false, false, false]",30,2,0,Starfield Stage - 1
2649,2025-09-30T16:00:27.031123,8,655.0,549.5,-1.662399708840956,False,False,False,False,4,1,0,23,1,2,1085,589,"[false, false, false]",30,2,0,Starfield Stage - 1
2650,2025-09-30T16:00:27.039482,8,652.5,547.0,-1.6676026101855714,False,False,False,False,4,1,0,23,1,2,1085,589,"[false, false, false]",30,2,0,Starfield Stage - 1
2651,2025-09-30T16:00:27.047515,8,650.0,544.5,-1.6727405470956611,False,False,False,False,4,1,0,23,1,2,1085,589,"[false, false, false]",30,2,0,Starfield Stage - 1
2652,2025-09-30T16:00:27.056468,9,647.5,542.0,-1.6778144625145606,False,False,False,False,3,1,0,23,1,2,1085,589,"[false, false, false]",30,2,0,Starfield Stage - 1
2653,2025-09-30T16:00:27.065261,9,645.0,539.5,-1.6828252892208846,False,False,False,False,3,1,0,23,1,2,1085,589,"[false, false, false]",30,2,0,Starfield Stage - 1
2654,2025-09-30T16:00:27.073023,8,642.5,537.0,-1.6877739496159707,False,False,False,False,3,1,0,23,1,2,1085,589,"[false, false, false]",30,2,0,Starfield Stage - 1
2655,2025-09-30T16:00:27.082201,9,640.0,534.5,-1.692661355537203,False,False,False,False,3,1,0,23,1,2,1085,589,"[false, false, false]",30,2,0,Starfield Stage - 1
2656,2025-09-30T16:00:27.090341,8,637.5,532.0,-1.697488408095686,False,False,False,False,3,1,0,23,1,2,1085,589,"[false, false, false]",30,2,0,Starfield Stage - 1
2657,2025-09-30T16:00:27.098062,8,635.0,529.5,-1.702255997536818,False,False,False,False,3,1,0,23,1,2,1085,589,"[false, false, false]",30,2,0,Starfield Stage - 1
2658,2025-09-30T16:00:27.106625,9,632.5,527.0,-1.7078625011050843,False,False,False,False,3,1,0,23,1,2,1082,589,"[false, false, false]",30,2,0,Starfield Stage - 1
2659,2025-09-30T16:00:27.116030,9,630.0,524.5,-1.7144194113812259,False,False,False,False,3,1,0,23,1,2,1076,589,"[false, false, false]",30,2,0,Starfield Stage - 1
2660,2025-09-30T16:00:27.125010,9,627.5,522.0,-1.7249911163105616,False,False,False,False,3,1,0,23,1,2,1065,590,"[false, false, false]",30,2,0,Starfield Stage - 1
2661,2025-09-30T16:00:27.133679,9,625.0,519.5,-1.7409363238648543,False,False,False,False,3,1,0,23,1,2,1047,592,"[false, false, false]",30,2,0,Starfield Stage - 1
2662,2025-09-30T16:00:27.142426,8,622.5,517.0,-1.760276484676044,False,False,False,False,3,1,0,23,1,2,1024,594,"[false, false, false]",30,2,0,Starfield Stage - 1
2663,2025-09-30T16:00:27.150822,8,620.0,514.5,-1.7822538592185122,False,False,False,False,3,1,0,23,1,2,995,595,"[false, false, false]",30,2,0,Starfield Stage - 1
2664,2025-09-30T16:00:27.158842,9,617.5,512.0,-1.810631002371443,False,False,False,False,3,1,0,23,1,2,961,596,"[false, false, false]",30,2,0,Starfield Stage - 1
2665,2025-09-30T16:00:27.229071,9,615.0,509.5,1.965587446494658,False,False,False,False,3,1,0,23,1,2,561,532,"[false, false, false]",30,2,0,Starfield Stage - 1
2666,2025-09-30T16:00:27.234746,63,612.5,507.0,2.0227257221933086,False,False,False,False,3,1,0,23,1,2,561,532,"[false, false, false]",30,2,0,Starfield Stage - 1
2667,2025-09-30T16:00:27.240211,9,610.0,504.5,1.7501662676308676,False,False,False,False,3,1,0,23,1,2,519,521,"[false, false, false]",30,2,0,Starfield Stage - 1
2668,2025-09-30T16:00:27.249109,9,607.5,502.0,1.6339533256331467,False,False,False,False,3,1,0,23,1,2,481,510,"[false, false, false]",30,2,0,Starfield Stage - 1
2669,2025-09-30T16:00:27.257774,9,605.0,499.5,1.5315494743553817,False,False,False,False,3,1,0,23,1,2,414,492,"[false, false, false]",30,2,0,Starfield Stage - 1
2670,2025-09-30T16:00:27.267210,9,602.5,497.0,1.5105445171630738,False,False,False,False,3,1,0,23,1,2,387,484,"[false, false, false]",30,2,0,Starfield Stage - 1
2671,2025-09-30T16:00:27.275270,8,602.5,494.5,1.5017239946308107,False,False,False,False,3,1,0,23,1,2,364,478,"[false, false, false]",30,2,0,Starfield Stage - 1
2672,2025-09-30T16:00:27.283567,8,602.5,492.0,1.493282045164105,False,False,False,False,3,1,0,23,1,2,345,472,"[false, false, false]",30,2,0,Starfield Stage - 1
2673,2025-09-30T16:00:27.291393,8,602.5,489.5,1.4917715528257716,False,False,False,False,3,1,0,23,1,2,331,468,"[false, false, false]",30,2,0,Starfield Stage - 1
2674,2025-09-30T16:00:27.298715,8,602.5,487.0,1.488982919443287,False,False,False,False,3,1,0,23,1,2,322,464,"[false, false, false]",30,2,0,Starfield Stage - 1
2675,2025-09-30T16:00:27.308185,9,602.5,484.5,1.488669734361137,False,False,False,False,3,1,0,23,1,2,317,461,"[false, false, false]",30,2,0,Starfield Stage - 1
2676,2025-09-30T16:00:27.316055,8,602.5,482.0,1.4946871259516354,False,False,False,False,3,1,0,23,1,2,314,460,"[false, false, false]",30,2,0,Starfield Stage - 1
2677,2025-09-30T16:00:27.325002,9,602.5,479.5,1.5001025847753164,False,False,False,False,2,1,0,23,1,2,313,459,"[false, false, false]",30,2,0,Starfield Stage - 1
2678,2025-09-30T16:00:27.333667,9,602.5,477.0,1.5089133075749301,False,False,False,False,2,1,0,23,1,2,312,459,"[false, false, false]",30,2,0,Starfield Stage - 1
2679,2025-09-30T16:00:27.342289,8,602.5,474.5,1.5174905914163566,False,False,False,False,2,1,0,23,1,2,312,459,"[false, false, false]",30,2,0,Starfield Stage - 1
2680,2025-09-30T16:00:27.350670,8,602.5,472.0,1.5260757330790269,False,False,False,False,3,1,0,23,1,2,312,459,"[true, false, false]",30,2,0,Starfield Stage - 1
2681,2025-09-30T16:00:27.359541,9,602.5,469.5,1.534667476282121,False,False,False,False,3,2,0,23,1,2,312,459,"[true, false, false]",30,2,0,Starfield Stage - 1
2682,2025-09-30T16:00:27.367711,9,602.5,467.0,1.5432645589146852,False,False,False,False,3,2,0,23,1,2,312,459,"[true, false, false]",30,2,0,Starfield Stage - 1
2683,2025-09-30T16:00:27.438079,9,602.5,464.5,1.5758046321652395,False,False,False,False,3,2,0,23,1,2,303,466,"[false, false, false]",30,2,0,Starfield Stage - 1
2684,2025-09-30T16:00:27.440470,64,602.5,462.0,1.584151125447016,False,False,False,False,3,2,0,23,1,2,303,466,"[false, false, false]",30,2,0,Starfield Stage - 1
2685,2025-09-30T16:00:27.449746,9,602.5,459.5,1.5924957583800579,False,False,False,False,3,2,0,23,1,2,303,466,"[false, false, false]",30,2,0,Starfield Stage - 1
2686,2025-09-30T16:00:27.458989,9,602.5,457.0,1.6008373700144776,False,False,False,False,3,2,0,23,1,2,303,466,"[false, false, false]",30,2,0,Starfield Stage - 1
2687,2025-09-30T16:00:27.468059,9,602.5,454.5,1.6091748019222827,False,False,False,False,2,2,0,23,1,2,303,466,"[false, false, false]",30,2,0,Starfield Stage - 1
2688,2025-09-30T16:00:27.477863,10,602.5,452.0,1.617506899159805,False,False,False,False,2,2,0,23,1,2,303,466,"[false, false, false]",30,2,0,Starfield Stage - 1
2689,2025-09-30T16:00:27.487144,9,602.5,449.5,1.626016513094279,False,False,False,False,2,2,0,23,1,2,304,466,"[false, false, false]",30,2,0,Starfield Stage - 1
2690,2025-09-30T16:00:27.495213,8,602.5,447.0,1.6343621644421436,False,False,False,False,2,2,0,23,1,2,304,466,"[false, false, false]",30,2,0,Starfield Stage - 1
2691,2025-09-30T16:00:27.503481,8,602.5,444.5,1.6429398119276326,False,False,False,False,2,2,0,23,1,2,305,466,"[false, false, false]",30,2,0,Starfield Stage - 1
2692,2025-09-30T16:00:27.511746,9,602.5,442.0,1.6512942704600277,False,False,False,False,2,2,0,23,1,2,305,466,"[false, false, false]",30,2,0,Starfield Stage - 1
2693,2025-09-30T16:00:27.521230,9,602.5,439.5,1.6560165577670256,False,False,False,False,2,2,0,23,1,2,304,465,"[false, false, false]",30,2,0,Starfield Stage - 1
2694,2025-09-30T16:00:27.529063,8,602.5,437.0,1.6562548936846675,False,False,False,False,2,2,0,23,1,2,299,463,"[false, false, false]",30,2,0,Starfield Stage - 1
2695,2025-09-30T16:00:27.538737,10,602.5,434.5,1.6373644905707205,False,False,False,False,2,2,0,23,1,2,280,456,"[false, false, false]",30,2,0,Starfield Stage - 1
2696,2025-09-30T16:00:27.548392,9,602.5,432.0,1.6306946044138726,False,False,False,False,2,2,0,23,1,2,269,452,"[false, false, false]",30,2,0,Starfield Stage - 1
2697,2025-09-30T16:00:27.556837,8,602.5,429.5,1.6244458109144306,False,False,False,False,2,2,0,23,1,2,258,448,"[false, false, false]",30,2,0,Starfield Stage - 1
2698,2025-09-30T16:00:27.565517,9,602.5,427.0,1.6157730067820846,False,False,False,False,2,2,0,23,1,2,247,443,"[false, false, false]",30,2,0,Starfield Stage - 1
2699,2025-09-30T16:00:27.574356,9,602.5,424.5,1.6022496985520496,False,False,False,False,2,2,0,23,1,2,237,436,"[false, false, false]",30,2,0,Starfield Stage - 1
2700,2025-09-30T16:00:27.645987,8,605.0,422.0,1.5027749103686336,False,False,False,False,2,2,0,23,1,2,194,394,"[false, false, false]",30,2,0,Starfield Stage - 1
2701,2025-09-30T16:00:27.648521,67,607.5,419.5,1.5092056427859473,False,False,False,False,2,2,0,23,1,2,194,394,"[false, false, false]",30,2,0,Starfield Stage - 1
2702,2025-09-30T16:00:27.657301,8,610.0,417.0,1.5133057923115845,False,False,False,False,2,2,0,23,1,2,193,393,"[false, false, false]",30,2,0,Starfield Stage - 1
2703,2025-09-30T16:00:27.665992,8,612.5,414.5,1.519589640691191,False,False,False,False,2,2,0,23,1,2,193,393,"[false, false, false]",30,2,0,Starfield Stage - 1
2704,2025-09-30T16:00:27.673374,8,615.0,412.0,1.5234383980243529,False,False,False,False,1,2,0,23,1,2,193,392,"[false, false, false]",30,2,0,Starfield Stage - 1
2705,2025-09-30T16:00:27.682045,9,617.5,409.5,1.52724320282061,False,False,False,False,1,2,0,23,1,2,193,391,"[false, false, false]",30,2,0,Starfield Stage - 1
2706,2025-09-30T16:00:27.690961,9,620.0,407.0,1.533343123031197,False,False,False,False,1,2,0,23,1,2,193,391,"[false, false, false]",30,2,0,Starfield Stage - 1
2707,2025-09-30T16:00:27.700071,9,622.5,404.5,1.539374774304299,False,False,False,False,1,2,0,23,1,2,193,391,"[false, false, false]",30,2,0,Starfield Stage - 1
2708,2025-09-30T16:00:27.708092,8,625.0,402.0,1.5453388647687607,False,False,False,False,1,2,0,23,1,2,193,391,"[false, false, false]",30,2,0,Starfield Stage - 1
2709,2025-09-30T16:00:27.716969,9,627.5,399.5,1.5512361060062287,False,False,False,False,1,2,0,23,1,2,193,391,"[false, false, false]",30,2,0,Starfield Stage - 1
2710,2025-09-30T16:00:27.726440,9,630.0,397.0,1.5570672123370126,False,False,False,False,1,2,0,23,1,2,193,391,"[false, false, false]",30,2,0,Starfield Stage - 1
2711,2025-09-30T16:00:27.734841,9,632.5,394.5,1.5628329001415122,False,False,False,False,1,2,0,23,1,2,193,391,"[false, false, false]",30,2,0,Starfield Stage - 1
2712,2025-09-30T16:00:27.743803,9,635.0,392.0,1.5685338872161896,False,False,False,False,1,2,0,23,1,2,193,391,"[false, false, false]",30,2,0,Starfield Stage - 1
2713,2025-09-30T16:00:27.753173,9,637.5,389.5,1.574170892163063,False,False,False,False,1,2,0,23,1,2,193,391,"[false, false, false]",30,2,0,Starfield Stage - 1
2714,2025-09-30T16:00:27.760836,8,640.0,387.0,1.5797446338116725,False,False,False,False,1,2,0,23,1,2,193,391,"[false, false, false]",30,2,0,Starfield Stage - 1
2715,2025-09-30T16:00:27.770462,9,642.5,384.5,1.5852558306724767,False,False,False,False,1,2,0,23,1,2,193,391,"[false, false, false]",30,2,0,Starfield Stage - 1
2716,2025-09-30T16:00:27.778525,8,645.0,382.0,1.5907052004206288,False,False,False,False,1,2,0,23,1,2,193,391,"[false, false, false]",30,2,0,Starfield Stage - 1
2717,2025-09-30T16:00:27.850459,8,645.0,379.5,1.5587090034076831,False,False,False,False,1,2,0,24,1,2,190,374,"[false, false, false]",30,2,0,Starfield Stage - 1
2718,2025-09-30T16:00:27.853307,67,642.5,377.0,1.5619567780303423,False,False,False,False,1,2,0,24,1,2,190,373,"[false, false, false]",30,2,0,Starfield Stage - 1
2719,2025-09-30T16:00:27.861359,8,640.0,374.5,1.5652531463198647,False,False,False,False,1,2,0,24,1,2,189,372,"[false, false, false]",30,2,0,Starfield Stage - 1
2720,2025-09-30T16:00:27.869150,8,637.5,372.0,1.568566676086122,False,False,False,False,1,2,0,24,1,2,189,371,"[false, false, false]",30,2,0,Starfield Stage - 1
2721,2025-09-30T16:00:27.879106,9,635.0,369.5,1.5741595428136965,False,False,False,False,1,2,0,24,1,2,189,371,"[false, false, false]",30,2,0,Starfield Stage - 1
2722,2025-09-30T16:00:27.886957,9,632.5,367.0,1.57981524797827,False,False,False,False,1,2,0,24,1,2,189,371,"[false, false, false]",30,2,0,Starfield Stage - 1
2723,2025-09-30T16:00:27.897105,9,630.0,364.5,1.5855344886183007,False,False,False,False,2,2,0,24,1,2,189,371,"[true, false, false]",30,2,0,Starfield Stage - 1
2724,2025-09-30T16:00:27.904754,9,627.5,362.0,1.5913179608932524,False,False,False,False,2,2,0,24,1,2,189,371,"[true, false, false]",30,2,0,Starfield Stage - 1
2725,2025-09-30T16:00:27.914005,9,625.0,359.5,1.597166359497548,False,False,False,False,2,2,0,24,1,2,189,371,"[true, false, false]",30,2,0,Starfield Stage - 1
2726,2025-09-30T16:00:27.922985,8,622.5,357.0,1.6030803770428077,False,False,False,False,2,2,0,24,1,2,189,371,"[true, false, false]",30,2,0,Starfield Stage - 1
2727,2025-09-30T16:00:27.931167,9,620.0,354.5,1.6090607034074123,False,False,False,False,2,2,0,24,1,2,189,371,"[true, false, false]",30,2,0,Starfield Stage - 1
2728,2025-09-30T16:00:27.939922,9,617.5,352.0,1.6151080250524512,False,False,False,False,2,2,0,24,1,2,189,371,"[true, false, false]",30,2,0,Starfield Stage - 1
2729,2025-09-30T16:00:27.948919,9,615.0,349.5,1.621223024303129,False,False,False,False,2,2,0,24,1,2,189,371,"[false, false, false]",30,2,0,Starfield Stage - 1
2730,2025-09-30T16:00:27.958261,9,612.5,347.0,1.6250523529520122,False,False,False,False,2,2,0,24,1,2,189,370,"[false, false, false]",30,2,0,Starfield Stage - 1
2731,2025-09-30T16:00:27.966415,8,610.0,344.5,1.62655793800047,False,False,False,False,2,2,0,24,1,2,189,368,"[false, false, false]",30,2,0,Starfield Stage - 1
2732,2025-09-30T16:00:27.975165,9,607.5,342.0,1.6255686636971693,False,False,False,False,2,2,0,24,1,2,188,365,"[false, false, false]",30,2,0,Starfield Stage - 1
2733,2025-09-30T16:00:27.982740,8,605.0,339.5,1.6269573029605942,False,False,False,False,2,2,0,24,1,2,187,363,"[false, false, false]",30,2,0,Starfield Stage - 1
2734,2025-09-30T16:00:28.048795,8,602.5,337.0,1.6112023846125245,False,False,False,False,2,2,0,25,1,2,182,354,"[false, false, false]",30,2,0,Starfield Stage - 1
2735,2025-09-30T16:00:28.051117,60,600.0,334.5,1.617413246797648,False,False,False,False,2,2,0,25,1,2,182,354,"[false, false, false]",30,2,0,Starfield Stage - 1
2736,2025-09-30T16:00:28.060514,9,597.5,332.0,1.6236951845173642,False,False,False,False,2,2,0,25,1,2,182,354,"[false, false, false]",30,2,0,Starfield Stage - 1
2737,2025-09-30T16:00:28.069121,9,595.0,329.5,1.630048920458329,False,False,False,False,2,2,0,25,1,2,182,354,"[false, false, false]",30,2,0,Starfield Stage - 1
2738,2025-09-30T16:00:28.078439,9,592.5,327.0,1.6364751707307923,False,False,False,False,2,2,0,25,1,2,182,354,"[false, false, false]",30,2,0,Starfield Stage - 1
2739,2025-09-30T16:00:28.086153,8,590.0,324.5,1.6429746439247008,False,False,False,False,3,2,0,25,1,2,182,354,"[true, false, false]",30,2,0,Starfield Stage - 1
2740,2025-09-30T16:00:28.094638,9,587.5,322.0,1.649548040122007,False,False,False,False,3,2,0,25,1,2,182,354,"[true, false, false]",30,2,0,Starfield Stage - 1
2741,2025-09-30T16:00:28.103982,9,587.5,319.5,1.6556720738299135,False,False,False,False,3,2,0,25,1,2,182,354,"[true, false, false]",30,2,0,Starfield Stage - 1
2742,2025-09-30T16:00:28.113411,9,587.5,317.0,1.6617897326047317,False,False,False,False,3,2,0,25,1,2,182,354,"[true, false, false]",30,2,0,Starfield Stage - 1
2743,2025-09-30T16:00:28.122936,9,590.0,314.5,1.6673092669796177,False,False,False,False,3,2,0,25,1,2,182,354,"[false, false, false]",30,2,0,Starfield Stage - 1
2744,2025-09-30T16:00:28.131739,9,592.5,314.5,1.6667251004742962,False,False,False,False,3,2,0,25,1,2,182,354,"[false, false, false]",30,2,0,Starfield Stage - 1
2745,2025-09-30T16:00:28.139867,9,595.0,314.5,1.666147941708656,False,False,False,False,3,2,0,25,1,2,182,354,"[false, false, false]",30,2,0,Starfield Stage - 1
2746,2025-09-30T16:00:28.149025,9,597.5,314.5,1.665577665713553,False,False,False,False,3,2,0,25,1,2,182,354,"[false, false, false]",30,2,0,Starfield Stage - 1
2747,2025-09-30T16:00:28.158206,9,600.0,314.5,1.6650141504648441,False,False,False,False,3,2,0,25,1,2,182,354,"[false, false, false]",30,2,0,Starfield Stage - 1
2748,2025-09-30T16:00:28.165726,8,602.5,314.5,1.664457276797402,False,False,False,False,3,2,0,25,1,2,182,354,"[false, false, false]",30,2,0,Starfield Stage - 1
2749,2025-09-30T16:00:28.175230,9,605.0,314.5,1.6639069283221175,False,False,False,False,3,2,0,25,1,2,182,354,"[false, false, false]",30,2,0,Starfield Stage - 1
2750,2025-09-30T16:00:28.183095,8,607.5,314.5,1.6633629913457684,False,False,False,False,3,2,0,25,1,2,182,354,"[false, false, false]",30,2,0,Starfield Stage - 1
2751,2025-09-30T16:00:28.252012,9,610.0,314.5,1.653743741455413,False,False,False,False,4,2,0,25,1,2,183,350,"[true, false, false]",30,2,0,Starfield Stage - 1
2752,2025-09-30T16:00:28.254587,63,612.5,314.5,1.6532631200150034,False,False,False,False,4,2,0,25,1,2,183,350,"[true, false, false]",30,2,0,Starfield Stage - 1
2753,2025-09-30T16:00:28.263234,8,615.0,314.5,1.6527880237935708,False,False,False,False,4,2,0,25,1,2,183,350,"[true, false, false]",30,2,0,Starfield Stage - 1
2754,2025-09-30T16:00:28.270899,8,617.5,314.5,1.6523183582696723,False,False,False,False,4,2,0,25,1,2,183,350,"[true, false, false]",30,2,0,Starfield Stage - 1
2755,2025-09-30T16:00:28.278890,8,620.0,314.5,1.6518540310608973,False,False,False,False,3,2,0,25,1,2,183,350,"[true, false, false]",30,2,0,Starfield Stage - 1
2756,2025-09-30T16:00:28.288224,9,622.5,314.5,1.6513949518638322,False,False,False,False,3,2,0,25,1,2,183,350,"[true, false, false]",30,2,0,Starfield Stage - 1
2757,2025-09-30T16:00:28.296592,8,625.0,314.5,1.6509410323960327,False,False,False,False,3,2,0,25,1,2,183,350,"[true, false, false]",30,2,0,Starfield Stage - 1
2758,2025-09-30T16:00:28.304592,9,627.5,314.5,1.650492186339923,False,False,False,False,3,2,0,25,1,2,183,350,"[true, false, false]",30,2,0,Starfield Stage - 1
2759,2025-09-30T16:00:28.313954,9,630.0,314.5,1.6500483292885502,False,False,False,False,3,2,0,25,1,2,183,350,"[true, false, false]",30,2,0,Starfield Stage - 1
2760,2025-09-30T16:00:28.323283,9,632.5,314.5,1.6496093786931232,False,False,False,False,3,2,0,25,1,2,183,350,"[false, false, false]",30,2,0,Starfield Stage - 1
2761,2025-09-30T16:00:28.330667,8,635.0,314.5,1.6491752538122648,False,False,False,False,3,2,0,25,1,2,183,350,"[false, false, false]",30,2,0,Starfield Stage - 1
2762,2025-09-30T16:00:28.339969,9,637.5,314.5,1.648745875662917,False,False,False,False,3,2,0,25,1,2,183,350,"[false, false, false]",30,2,0,Starfield Stage - 1
2763,2025-09-30T16:00:28.349009,9,640.0,314.5,1.648321166972832,False,False,False,False,3,2,0,25,1,2,183,350,"[false, false, false]",30,2,0,Starfield Stage - 1
2764,2025-09-30T16:00:28.357607,8,642.5,314.5,1.648236778887679,False,False,False,False,3,2,0,25,1,2,185,350,"[false, false, false]",30,2,0,Starfield Stage - 1
2765,2025-09-30T16:00:28.365893,9,645.0,314.5,1.6438104069429516,False,False,False,False,3,2,0,25,1,2,187,348,"[false, false, false]",30,2,0,Starfield Stage - 1
2766,2025-09-30T16:00:28.375583,9,647.5,314.5,1.639540292185085,False,False,False,False,3,2,0,25,1,2,190,346,"[false, false, false]",30,2,0,Starfield Stage - 1
2767,2025-09-30T16:00:28.421591,9,650.0,317.0,1.627752202881551,False,False,False,False,2,1,0,25,1,2,194,343,"[false, false, false]",40,2,0,Starfield Stage - 1
2768,2025-09-30T16:00:28.485153,40,652.5,319.5,1.3113551672187636,False,False,False,False,2,1,0,25,1,2,304,227,"[false, false, false]",40,2,0,Starfield Stage - 1
2769,2025-09-30T16:00:28.487567,64,655.0,322.0,1.306473845919749,False,False,False,False,2,2,0,25,1,2,304,227,"[false, false, false]",40,2,0,Starfield Stage - 1
2770,2025-09-30T16:00:28.496926,8,657.5,324.5,1.2703380288391608,False,False,False,False,2,2,0,25,1,2,317,219,"[false, false, false]",40,2,0,Starfield Stage - 1
2771,2025-09-30T16:00:28.505285,9,660.0,327.0,1.1831037826169841,False,False,False,False,2,2,0,25,1,2,349,200,"[false, false, false]",40,2,0,Starfield Stage - 1
2772,2025-09-30T16:00:28.512995,8,662.5,329.5,1.1378557862241525,False,False,False,False,2,2,0,25,1,2,365,192,"[false, false, false]",40,2,0,Starfield Stage - 1
2773,2025-09-30T16:00:28.522289,9,665.0,332.0,1.0890700200674484,False,False,False,False,2,2,0,25,1,2,380,183,"[false, false, false]",40,2,0,Starfield Stage - 1
2774,2025-09-30T16:00:28.530107,8,667.5,334.5,1.0439777288328682,False,False,False,False,2,2,0,25,1,2,395,176,"[false, false, false]",40,2,0,Starfield Stage - 1
2775,2025-09-30T16:00:28.539259,9,670.0,337.0,1.0015918668017763,False,False,False,False,2,2,0,25,1,2,409,170,"[false, false, false]",40,2,0,Starfield Stage - 1
2776,2025-09-30T16:00:28.546993,8,672.5,339.5,0.9596685946490813,False,False,False,False,2,2,0,25,1,2,422,164,"[false, false, false]",40,2,0,Starfield Stage - 1
2777,2025-09-30T16:00:28.556506,9,675.0,342.0,0.9239839718254084,False,False,False,False,2,2,0,25,1,2,434,160,"[false, false, false]",40,2,0,Starfield Stage - 1
2778,2025-09-30T16:00:28.564469,8,677.5,344.5,0.8921338360465839,False,False,False,False,2,2,0,25,1,2,445,157,"[false, false, false]",40,2,0,Starfield Stage - 1
2779,2025-09-30T16:00:28.572905,9,680.0,347.0,0.8687369066402242,False,False,False,False,2,2,0,25,1,2,453,155,"[false, false, false]",40,2,0,Starfield Stage - 1
2780,2025-09-30T16:00:28.582322,9,682.5,349.5,0.8495955397705813,False,False,False,False,2,2,0,25,1,2,459,153,"[false, false, false]",40,2,0,Starfield Stage - 1
2781,2025-09-30T16:00:28.589795,8,685.0,352.0,0.8422090038477916,False,False,False,False,2,2,0,25,1,2,462,153,"[false, false, false]",40,2,0,Starfield Stage - 1
2782,2025-09-30T16:00:28.599302,9,687.5,354.5,0.8324222952401945,False,False,False,False,2,2,0,25,1,2,465,152,"[false, false, false]",40,2,0,Starfield Stage - 1
2783,2025-09-30T16:00:28.607535,8,690.0,357.0,0.8296582837792428,False,False,False,False,2,2,0,25,1,2,466,152,"[false, false, false]",40,2,0,Starfield Stage - 1
2784,2025-09-30T16:00:28.615346,8,692.5,359.5,0.8291490287829816,False,False,False,False,3,2,0,25,1,2,466,152,"[true, false, false]",40,2,0,Starfield Stage - 1
2785,2025-09-30T16:00:28.624032,8,695.0,362.0,0.8286513521881546,False,False,False,False,3,2,0,25,1,2,466,152,"[true, false, false]",40,2,0,Starfield Stage - 1
2786,2025-09-30T16:00:28.693078,9,697.5,364.5,0.8260078790135603,False,False,False,False,3,2,0,25,1,2,467,152,"[false, false, false]",40,2,0,Starfield Stage - 1
2787,2025-09-30T16:00:28.700538,63,700.0,367.0,0.8255551354181184,False,False,False,False,3,2,0,25,1,2,467,152,"[false, false, false]",40,2,0,Starfield Stage - 1
2788,2025-09-30T16:00:28.703947,8,702.5,369.5,0.8207035753097119,False,False,False,False,3,2,0,25,1,2,468,151,"[false, false, false]",40,2,0,Starfield Stage - 1
2789,2025-09-30T16:00:28.712057,9,705.0,372.0,0.8160902767674669,False,False,False,False,3,2,0,25,1,2,470,151,"[false, false, false]",40,2,0,Starfield Stage - 1
2790,2025-09-30T16:00:28.721626,9,707.5,374.5,0.8071812097582362,False,False,False,False,3,2,0,25,1,2,473,150,"[false, false, false]",40,2,0,Starfield Stage - 1
2791,2025-09-30T16:00:28.729168,8,710.0,377.0,0.8048341605842708,False,False,False,False,3,2,0,25,1,2,474,150,"[false, false, false]",40,2,0,Starfield Stage - 1
2792,2025-09-30T16:00:28.737805,8,712.5,379.5,0.8025271089705216,False,False,False,False,3,2,0,25,1,2,475,150,"[false, false, false]",40,2,0,Starfield Stage - 1
2793,2025-09-30T16:00:28.747194,9,715.0,382.0,0.8023456932038532,False,False,False,False,3,2,0,25,1,2,475,150,"[false, false, false]",40,2,0,Starfield Stage - 1
2794,2025-09-30T16:00:28.754258,8,717.5,384.5,0.802168079621834,False,False,False,False,3,2,0,25,1,2,475,150,"[false, false, false]",40,2,0,Starfield Stage - 1
2795,2025-09-30T16:00:28.762829,9,720.0,387.0,0.8019941499433576,False,False,False,False,3,2,0,25,1,2,475,150,"[false, false, false]",40,2,0,Starfield Stage - 1
2796,2025-09-30T16:00:28.772492,9,722.5,389.5,0.8018237907426274,False,False,False,False,3,2,0,25,1,2,475,150,"[false, false, false]",40,2,0,Starfield Stage - 1
2797,2025-09-30T16:00:28.781468,9,725.0,392.0,0.8016568932025779,False,False,False,False,3,2,0,25,1,2,475,150,"[false, false, false]",40,2,0,Starfield Stage - 1
2798,2025-09-30T16:00:28.789187,8,727.5,394.5,0.8014933528831698,False,False,False,False,3,2,0,25,1,2,475,150,"[false, false, false]",40,2,0,Starfield Stage - 1
2799,2025-09-30T16:00:28.797324,8,730.0,397.0,0.8013330695035248,False,False,False,False,3,2,0,25,1,2,475,150,"[false, false, false]",40,2,0,Starfield Stage - 1
2800,2025-09-30T16:00:28.805158,8,732.5,399.5,0.801175946736943,False,False,False,False,3,2,0,25,1,2,475,150,"[false, false, false]",40,2,0,Starfield Stage - 1
2801,2025-09-30T16:00:28.812936,8,735.0,402.0,0.7990425407857429,False,False,False,False,3,2,0,25,1,2,475,149,"[false, false, false]",40,2,0,Starfield Stage - 1
2802,2025-09-30T16:00:28.822409,9,737.5,404.5,0.7989108544107765,False,False,False,False,4,2,0,25,1,2,475,149,"[true, false, false]",40,2,0,Starfield Stage - 1
2803,2025-09-30T16:00:28.830683,9,740.0,407.0,0.798781685484372,False,False,False,False,4,2,0,25,1,2,475,149,"[true, false, false]",40,2,0,Starfield Stage - 1
2804,2025-09-30T16:00:28.900783,9,742.5,409.5,0.7327086395277796,False,False,False,False,4,2,0,25,1,2,509,150,"[false, false, false]",40,2,0,Starfield Stage - 1
2805,2025-09-30T16:00:28.975958,63,745.0,412.0,0.7332366869217323,False,False,False,False,2,1,0,25,1,2,509,150,"[false, false, false]",70,2,0,Starfield Stage - 1
2806,2025-09-30T16:00:28.978925,75,747.5,414.5,0.699015728256574,False,False,False,False,2,1,0,25,1,2,526,151,"[false, false, false]",70,2,0,Starfield Stage - 1
2807,2025-09-30T16:00:28.987369,9,750.0,417.0,0.6998928697192437,False,False,False,False,3,1,0,25,1,2,526,151,"[true, false, false]",70,2,0,Starfield Stage - 1
2808,2025-09-30T16:00:28.996027,9,752.5,419.5,0.7007524191035698,False,False,False,False,3,1,0,25,1,2,526,151,"[true, false, false]",70,2,0,Starfield Stage - 1
2809,2025-09-30T16:00:29.005159,9,755.0,422.0,0.7015948991661376,False,False,False,False,3,1,0,25,1,2,526,151,"[true, false, false]",70,2,0,Starfield Stage - 1
2810,2025-09-30T16:00:29.014238,9,755.0,424.5,0.6970713660050886,False,False,False,False,3,1,0,25,1,2,526,151,"[true, false, false]",70,2,0,Starfield Stage - 1
2811,2025-09-30T16:00:29.023145,9,752.5,427.0,0.6889881149545152,False,False,False,False,3,1,0,25,1,2,526,152,"[true, false, false]",70,2,0,Starfield Stage - 1
2812,2025-09-30T16:00:29.031173,8,750.0,429.5,0.6804690135254042,False,False,False,False,3,1,0,25,1,2,527,154,"[true, false, false]",70,2,0,Starfield Stage - 1
2813,2025-09-30T16:00:29.099264,8,747.5,432.0,0.6219569402142384,False,False,False,False,3,1,0,25,1,2,569,183,"[false, false, false]",70,2,0,Starfield Stage - 1
2814,2025-09-30T16:00:29.101845,63,745.0,434.5,0.610592524304599,False,False,False,False,3,1,0,25,1,2,569,183,"[false, false, false]",70,2,0,Starfield Stage - 1
2815,2025-09-30T16:00:29.110916,9,742.5,437.0,0.5819785800313971,False,False,False,False,3,1,0,25,1,2,578,187,"[false, false, false]",70,2,0,Starfield Stage - 1
2816,2025-09-30T16:00:29.157899,9,740.0,439.5,0.5547922271378957,False,False,False,False,2,0,0,25,1,2,586,191,"[false, false, false]",70,2,0,Starfield Stage - 1
2817,2025-09-30T16:00:29.160371,40,737.5,442.0,0.4940625663496023,False,False,False,False,2,0,0,25,1,2,605,196,"[false, false, false]",70,2,0,Starfield Stage - 1
2818,2025-09-30T16:00:29.168340,8,735.0,444.5,0.48364494297395666,False,False,False,False,2,0,0,25,1,2,605,197,"[false, false, false]",70,2,0,Starfield Stage - 1
2819,2025-09-30T16:00:29.176694,8,732.5,447.0,0.4684360799832652,False,False,False,False,2,0,0,25,1,2,606,197,"[false, false, false]",70,2,0,Starfield Stage - 1
2820,2025-09-30T16:00:29.184879,9,730.0,449.5,0.4564935180179582,False,False,False,False,3,0,0,25,1,2,606,197,"[true, false, false]",70,2,0,Starfield Stage - 1
2821,2025-09-30T16:00:29.194331,9,727.5,452.0,0.4446475203994151,False,False,False,False,3,0,0,25,1,2,606,197,"[true, false, false]",70,2,0,Starfield Stage - 1
2822,2025-09-30T16:00:29.201922,8,725.0,454.5,0.4343838135074021,False,False,False,False,3,0,0,25,1,2,606,198,"[true, false, false]",70,2,0,Starfield Stage - 1
2823,2025-09-30T16:00:29.211675,9,722.5,457.0,0.4241424814316978,False,False,False,False,3,0,0,25,1,2,606,199,"[true, false, false]",70,2,0,Starfield Stage - 1
2824,2025-09-30T16:00:29.219681,9,720.0,459.5,0.4106908398126926,False,False,False,False,3,0,0,25,1,2,607,200,"[true, false, false]",70,2,0,Starfield Stage - 1
2825,2025-09-30T16:00:29.229354,9,717.5,462.0,0.40187064744045653,False,False,False,False,3,0,0,25,1,2,607,202,"[true, false, false]",70,2,0,Starfield Stage - 1
2826,2025-09-30T16:00:29.237128,8,715.0,464.5,0.3897378985761262,False,False,False,False,3,0,0,25,1,2,608,204,"[true, false, false]",70,2,0,Starfield Stage - 1
2827,2025-09-30T16:00:29.305121,9,712.5,464.5,0.70264916526022,False,False,False,False,3,0,0,25,1,2,519,236,"[false, false, false]",70,2,0,Starfield Stage - 1
2828,2025-09-30T16:00:29.307416,62,710.0,464.5,0.6962430042097838,False,False,False,False,3,0,0,25,1,2,519,236,"[false, false, false]",70,2,0,Starfield Stage - 1
2829,2025-09-30T16:00:29.316793,8,707.5,464.5,0.76005796653396,False,False,False,False,3,0,0,25,1,2,496,242,"[false, false, false]",70,2,0,Starfield Stage - 1
2830,2025-09-30T16:00:29.325130,9,705.0,464.5,0.8288490587889792,False,False,False,False,3,0,0,25,1,2,471,250,"[false, false, false]",70,2,0,Starfield Stage - 1
2831,2025-09-30T16:00:29.333296,8,702.5,464.5,0.89251348674968,False,False,False,False,3,0,0,25,1,2,445,257,"[false, false, false]",70,2,0,Starfield Stage - 1
2832,2025-09-30T16:00:29.341724,9,700.0,464.5,0.9550899695752543,False,False,False,False,3,0,0,25,1,2,418,265,"[false, false, false]",70,2,0,Starfield Stage - 1
2833,2025-09-30T16:00:29.351295,9,697.5,464.5,1.0123436605190612,False,False,False,False,3,0,0,25,1,2,391,273,"[false, false, false]",70,2,0,Starfield Stage - 1
2834,2025-09-30T16:00:29.359401,8,695.0,464.5,1.069229735611041,False,False,False,False,3,0,0,25,1,2,364,283,"[false, false, false]",70,2,0,Starfield Stage - 1
2835,2025-09-30T16:00:29.367039,8,692.5,464.5,1.121392768621591,False,False,False,False,3,0,0,25,1,2,339,294,"[false, false, false]",70,2,0,Starfield Stage - 1
2836,2025-09-30T16:00:29.376395,9,690.0,464.5,1.1689824507642972,False,False,False,False,3,0,0,25,1,2,317,306,"[false, false, false]",70,2,0,Starfield Stage - 1
2837,2025-09-30T16:00:29.384984,9,687.5,464.5,1.2557024788068245,False,False,False,False,3,0,0,25,1,2,281,332,"[false, false, false]",70,2,0,Starfield Stage - 1
2838,2025-09-30T16:00:29.394004,9,685.0,464.5,1.290128500445468,False,False,False,False,3,0,0,25,1,2,267,344,"[false, false, false]",70,2,0,Starfield Stage - 1
2839,2025-09-30T16:00:29.403208,9,682.5,464.5,1.3194834052293616,False,False,False,False,3,0,0,25,1,2,256,355,"[false, false, false]",70,2,0,Starfield Stage - 1
2840,2025-09-30T16:00:29.411924,8,680.0,464.5,1.3427328305660404,False,False,False,False,4,0,0,25,1,2,247,364,"[true, false, false]",70,2,0,Starfield Stage - 1
2841,2025-09-30T16:00:29.419947,9,677.5,464.5,1.3646252133710386,False,False,False,False,4,0,0,25,1,2,240,373,"[true, false, false]",70,2,0,Starfield Stage - 1
2842,2025-09-30T16:00:29.429845,9,675.0,464.5,1.3802153460028619,False,False,False,False,4,0,0,25,1,2,237,380,"[true, false, false]",70,2,0,Starfield Stage - 1
2843,2025-09-30T16:00:29.437683,8,672.5,464.5,1.3910434002697047,False,False,False,False,4,0,0,25,1,2,235,385,"[true, false, false]",70,2,0,Starfield Stage - 1
2844,2025-09-30T16:00:29.507004,9,670.0,462.0,1.4386874029083876,False,False,False,False,4,0,0,25,1,2,226,403,"[false, false, false]",70,2,0,Starfield Stage - 1
2845,2025-09-30T16:00:29.509268,63,667.5,459.5,1.4435153269437717,False,False,False,False,4,0,0,25,1,2,226,403,"[false, false, false]",70,2,0,Starfield Stage - 1
2846,2025-09-30T16:00:29.517410,8,665.0,457.0,1.4519891255387989,False,False,False,False,4,0,0,25,1,2,221,404,"[false, false, false]",70,2,0,Starfield Stage - 1
2847,2025-09-30T16:00:29.525067,8,662.5,454.5,1.460873319879672,False,False,False,False,4,0,0,25,1,2,214,405,"[false, false, false]",70,2,0,Starfield Stage - 1
2848,2025-09-30T16:00:29.534019,9,660.0,452.0,1.467413468093028,False,False,False,False,4,1,0,25,1,2,207,405,"[false, false, false]",70,2,0,Starfield Stage - 1
2849,2025-09-30T16:00:29.542507,9,657.5,449.5,1.4762048695230672,False,False,False,False,4,1,0,25,1,2,199,406,"[false, false, false]",70,2,0,Starfield Stage - 1
2850,2025-09-30T16:00:29.551406,8,655.0,447.0,1.4849860620983946,False,False,False,False,4,1,0,25,1,2,190,407,"[false, false, false]",70,2,0,Starfield Stage - 1
2851,2025-09-30T16:00:29.559355,8,652.5,444.5,1.4935378964782033,False,False,False,False,4,1,0,25,1,2,181,408,"[false, false, false]",70,2,0,Starfield Stage - 1
2852,2025-09-30T16:00:29.567189,8,650.0,442.0,1.501868039676629,False,False,False,False,4,1,0,25,1,2,172,409,"[false, false, false]",70,2,0,Starfield Stage - 1
2853,2025-09-30T16:00:29.576011,9,647.5,439.5,1.507798105288423,False,False,False,False,4,1,0,25,1,2,164,409,"[false, false, false]",70,2,0,Starfield Stage - 1
2854,2025-09-30T16:00:29.585006,9,645.0,437.0,1.5139470794620589,False,False,False,False,4,1,0,25,1,2,153,409,"[false, false, false]",70,2,0,Starfield Stage - 1
2855,2025-09-30T16:00:29.594309,9,642.5,434.5,1.5189608088294144,False,False,False,False,4,1,0,25,1,2,151,409,"[false, false, false]",70,2,0,Starfield Stage - 1
2856,2025-09-30T16:00:29.602520,8,640.0,432.0,1.5239873669669042,False,False,False,False,4,1,0,25,1,2,149,409,"[false, false, false]",70,2,0,Starfield Stage - 1
2857,2025-09-30T16:00:29.610903,9,637.5,429.5,1.5268124297660006,False,False,False,False,4,1,0,25,1,2,149,408,"[false, false, false]",70,2,0,Starfield Stage - 1
2858,2025-09-30T16:00:29.619967,9,635.0,427.0,1.531721575656812,False,False,False,False,4,1,0,25,1,2,149,408,"[false, false, false]",70,2,0,Starfield Stage - 1
2859,2025-09-30T16:00:29.629437,9,632.5,424.5,1.5366834018737876,False,False,False,False,5,1,0,25,1,2,149,408,"[true, false, false]",70,2,0,Starfield Stage - 1
2860,2025-09-30T16:00:29.637075,8,630.0,422.0,1.5416985126771865,False,False,False,False,5,1,0,26,1,2,149,408,"[true, false, false]",70,2,0,Starfield Stage - 1
2861,2025-09-30T16:00:29.706908,9,627.5,419.5,1.5467675146524018,False,False,False,False,5,1,0,26,1,2,149,408,"[false, false, false]",70,2,0,Starfield Stage - 1
2862,2025-09-30T16:00:29.709311,63,625.0,417.0,1.5518910164121893,False,False,False,False,5,1,0,26,1,2,149,408,"[false, false, false]",70,2,0,Starfield Stage - 1
2863,2025-09-30T16:00:29.717166,8,622.5,414.5,1.5570985534220307,False,False,False,False,5,1,0,26,1,2,148,408,"[false, false, false]",70,2,0,Starfield Stage - 1
2864,2025-09-30T16:00:29.725184,8,620.0,412.0,1.5623398687597265,False,False,False,False,5,1,0,26,1,2,147,408,"[false, false, false]",70,2,0,Starfield Stage - 1
2865,2025-09-30T16:00:29.732978,8,617.5,409.5,1.5676150013663053,False,False,False,False,5,1,0,26,1,2,146,408,"[false, false, false]",70,2,0,Starfield Stage - 1
2866,2025-09-30T16:00:29.741223,8,615.0,407.0,1.5707963267948966,False,False,False,False,5,1,0,26,1,2,144,407,"[false, false, false]",70,2,0,Starfield Stage - 1
2867,2025-09-30T16:00:29.749330,8,612.5,404.5,1.5761210901013256,False,False,False,False,5,1,0,26,1,2,143,407,"[false, false, false]",70,2,0,Starfield Stage - 1
2868,2025-09-30T16:00:29.757451,8,610.0,402.0,1.579343127227508,False,False,False,False,5,1,0,26,1,2,142,406,"[false, false, false]",70,2,0,Starfield Stage - 1
2869,2025-09-30T16:00:29.764979,8,607.5,399.5,1.5846991742845338,False,False,False,False,3,1,0,26,1,2,140,406,"[false, false, false]",70,2,0,Starfield Stage - 1
2870,2025-09-30T16:00:29.775699,10,605.0,397.0,1.5901487492103514,False,False,False,False,3,1,0,26,1,2,140,406,"[false, false, false]",70,2,0,Starfield Stage - 1
2871,2025-09-30T16:00:29.784497,9,602.5,394.5,1.5956024564266205,False,False,False,False,3,1,0,26,1,2,139,406,"[false, false, false]",70,2,0,Starfield Stage - 1
2872,2025-09-30T16:00:29.793007,9,600.0,392.0,1.6010900867136717,False,False,False,False,3,1,0,26,1,2,138,406,"[false, false, false]",70,2,0,Starfield Stage - 1
2873,2025-09-30T16:00:29.802338,9,597.5,389.5,1.6066895011834088,False,False,False,False,3,1,0,26,1,2,138,406,"[false, false, false]",70,2,0,Starfield Stage - 1
2874,2025-09-30T16:00:29.810653,8,595.0,387.0,1.6145320954101334,False,False,False,False,3,1,0,26,1,2,138,407,"[false, false, false]",70,2,0,Starfield Stage - 1
2875,2025-09-30T16:00:29.819044,9,592.5,384.5,1.6224554944545984,False,False,False,False,3,1,0,26,1,2,138,408,"[false, false, false]",70,2,0,Starfield Stage - 1
2876,2025-09-30T16:00:29.828304,9,590.0,382.0,1.6326641726592765,False,False,False,False,3,1,0,26,1,2,138,410,"[false, false, false]",70,2,0,Starfield Stage - 1
2877,2025-09-30T16:00:29.836363,8,587.5,379.5,1.6407598126281422,False,False,False,False,2,1,0,26,1,2,138,411,"[false, false, false]",70,2,0,Starfield Stage - 1
2878,2025-09-30T16:00:29.844204,8,585.0,377.0,1.651159788050017,False,False,False,False,2,1,0,26,1,2,138,413,"[false, false, false]",70,2,0,Starfield Stage - 1
2879,2025-09-30T16:00:29.912897,8,582.5,374.5,1.6669798894049157,False,False,False,False,2,1,0,26,1,2,142,417,"[false, false, false]",70,2,0,Starfield Stage - 1
2880,2025-09-30T16:00:29.919669,64,580.0,372.0,1.6731768370449955,False,False,False,False,2,1,0,26,1,2,142,417,"[false, false, false]",70,2,0,Starfield Stage - 1
2881,2025-09-30T16:00:29.924858,9,577.5,369.5,1.677410102731784,False,False,False,False,2,1,0,26,1,2,143,416,"[false, false, false]",70,2,0,Starfield Stage - 1
2882,2025-09-30T16:00:29.933716,8,575.0,367.0,1.6768780842192719,False,False,False,False,2,1,0,26,1,2,143,413,"[false, false, false]",70,2,0,Starfield Stage - 1
2883,2025-09-30T16:00:29.942233,9,572.5,364.5,1.6719666531024184,False,False,False,False,2,1,0,26,1,2,144,408,"[false, false, false]",70,2,0,Starfield Stage - 1
2884,2025-09-30T16:00:29.950146,8,570.0,362.0,1.6644185413439674,False,False,False,False,2,1,0,26,1,2,144,402,"[false, false, false]",70,2,0,Starfield Stage - 1
2885,2025-09-30T16:00:29.959701,8,570.0,359.5,1.6516058811834617,False,False,False,False,2,1,0,26,1,2,144,394,"[false, false, false]",70,2,0,Starfield Stage - 1
2886,2025-09-30T16:00:29.967646,9,570.0,357.0,1.6339441058992283,False,False,False,False,2,1,0,26,1,2,143,384,"[false, false, false]",70,2,0,Starfield Stage - 1
2887,2025-09-30T16:00:29.976567,8,572.5,354.5,1.6180506269272188,False,False,False,False,2,1,0,26,1,2,139,375,"[false, false, false]",70,2,0,Starfield Stage - 1
2888,2025-09-30T16:00:29.984425,8,575.0,352.0,1.6025317003233546,False,False,False,False,2,1,0,26,1,2,134,366,"[false, false, false]",70,2,0,Starfield Stage - 1
2889,2025-09-30T16:00:29.992257,9,577.5,349.5,1.5874060948487776,False,False,False,False,2,1,0,26,1,2,126,357,"[false, false, false]",70,2,0,Starfield Stage - 1
2890,2025-09-30T16:00:30.000525,8,580.0,347.0,1.5751159543554358,False,False,False,False,2,1,0,26,1,2,117,349,"[false, false, false]",70,2,0,Starfield Stage - 1
2891,2025-09-30T16:00:30.009165,9,582.5,344.5,1.5511504575884356,False,False,False,False,2,1,0,26,1,2,99,335,"[false, false, false]",70,2,0,Starfield Stage - 1
2892,2025-09-30T16:00:30.017621,8,585.0,342.0,1.544539736036107,False,False,False,False,2,1,0,26,1,2,90,329,"[false, false, false]",70,2,0,Starfield Stage - 1
2893,2025-09-30T16:00:30.025354,8,587.5,339.5,1.540021537510301,False,False,False,False,2,1,0,26,1,2,84,324,"[false, false, false]",70,2,0,Starfield Stage - 1
2894,2025-09-30T16:00:30.033367,8,590.0,337.0,1.5356545499921,False,False,False,False,2,1,0,26,1,2,78,319,"[false, false, false]",70,2,0,Starfield Stage - 1
2895,2025-09-30T16:00:30.042123,9,592.5,334.5,1.5351316102907044,False,False,False,False,2,1,0,26,1,2,74,316,"[false, false, false]",70,2,0,Starfield Stage - 1
2896,2025-09-30T16:00:30.049771,8,595.0,332.0,1.5363930802569332,False,False,False,False,2,1,0,26,1,2,72,314,"[false, false, false]",70,2,0,Starfield Stage - 1
2897,2025-09-30T16:00:30.118800,9,597.5,329.5,1.5376331342923317,False,False,False,False,3,1,0,26,1,2,70,312,"[true, false, false]",70,2,0,Starfield Stage - 1
2898,2025-09-30T16:00:30.121247,62,600.0,327.0,1.5425019929463928,False,False,False,False,3,1,0,26,1,2,70,312,"[false, false, false]",70,2,0,Starfield Stage - 1
2899,2025-09-30T16:00:30.128851,8,602.5,324.5,1.547326458680173,False,False,False,False,3,1,0,26,1,2,70,312,"[false, false, false]",70,2,0,Starfield Stage - 1
2900,2025-09-30T16:00:30.138169,9,605.0,322.0,1.5484120064556064,False,False,False,False,3,1,0,26,1,2,69,310,"[false, false, false]",70,2,0,Starfield Stage - 1
2901,2025-09-30T16:00:30.146285,8,607.5,319.5,1.5476308700261834,False,False,False,False,3,1,0,26,1,2,68,307,"[false, false, false]",70,2,0,Starfield Stage - 1
2902,2025-09-30T16:00:30.154618,8,607.5,317.0,1.543102577791667,False,False,False,False,3,1,0,26,1,2,66,302,"[false, false, false]",70,2,0,Starfield Stage - 1
2903,2025-09-30T16:00:30.162701,8,607.5,314.5,1.5367708252593206,False,False,False,False,3,1,0,26,1,2,64,296,"[false, false, false]",70,2,0,Starfield Stage - 1
2904,2025-09-30T16:00:30.170976,9,605.0,312.0,1.5322125436931078,False,False,False,False,3,1,0,26,1,2,61,291,"[false, false, false]",70,2,0,Starfield Stage - 1
2905,2025-09-30T16:00:30.180243,9,602.5,309.5,1.5258312470330102,False,False,False,False,3,1,0,26,1,2,58,285,"[false, false, false]",70,2,0,Starfield Stage - 1
2906,2025-09-30T16:00:30.189557,8,600.0,307.0,1.519371118776921,False,False,False,False,3,1,0,26,1,2,56,279,"[false, false, false]",70,2,0,Starfield Stage - 1
2907,2025-09-30T16:00:30.196884,9,597.5,304.5,1.5147373691698924,False,False,False,False,3,1,0,26,1,2,54,274,"[false, false, false]",70,2,0,Starfield Stage - 1
2908,2025-09-30T16:00:30.206157,9,595.0,302.0,1.5080322924167966,False,False,False,False,3,1,0,26,1,2,54,268,"[false, false, false]",70,2,0,Starfield Stage - 1
2909,2025-09-30T16:00:30.215204,9,592.5,299.5,1.503244032447379,False,False,False,False,3,1,0,26,1,2,53,263,"[false, false, false]",70,2,0,Starfield Stage - 1
2910,2025-09-30T16:00:30.223537,8,590.0,297.0,1.500150587693857,False,False,False,False,3,1,0,26,1,2,53,259,"[false, false, false]",70,2,0,Starfield Stage - 1
2911,2025-09-30T16:00:30.231374,8,587.5,294.5,1.498890577164418,False,False,False,False,3,1,0,26,1,2,53,256,"[false, false, false]",70,2,0,Starfield Stage - 1
2912,2025-09-30T16:00:30.239168,8,585.0,292.0,1.4994888620096063,False,False,False,False,3,1,0,26,1,2,53,254,"[false, false, false]",70,2,0,Starfield Stage - 1
2913,2025-09-30T16:00:30.247733,8,582.5,289.5,1.5019722450512831,False,False,False,False,3,1,0,26,1,2,53,253,"[false, false, false]",70,2,0,Starfield Stage - 1
2914,2025-09-30T16:00:30.255913,9,580.0,287.0,1.506247342506142,False,False,False,False,3,1,0,26,1,2,54,253,"[false, false, false]",70,2,0,Starfield Stage - 1
2915,2025-09-30T16:00:30.326308,9,577.5,284.5,1.508675401806512,False,False,False,False,3,1,0,26,1,2,55,252,"[false, false, false]",70,2,0,Starfield Stage - 1
2916,2025-09-30T16:00:30.331515,64,575.0,282.0,1.5111369579053604,False,False,False,False,3,1,0,26,1,2,56,251,"[false, false, false]",70,2,0,Starfield Stage - 1
2917,2025-09-30T16:00:30.337950,9,572.5,279.5,1.5135218156666208,False,False,False,False,3,1,0,26,1,2,58,250,"[false, false, false]",70,2,0,Starfield Stage - 1
2918,2025-09-30T16:00:30.347224,9,570.0,277.0,1.5139947492060362,False,False,False,False,3,1,0,26,1,2,60,248,"[false, false, false]",70,2,0,Starfield Stage - 1
2919,2025-09-30T16:00:30.355042,8,567.5,274.5,1.512504379727219,False,False,False,False,3,1,0,26,1,2,62,245,"[false, false, false]",70,2,0,Starfield Stage - 1
2920,2025-09-30T16:00:30.365334,9,570.0,272.0,1.509487120584704,False,False,False,False,3,1,0,26,1,2,65,241,"[false, false, false]",70,2,0,Starfield Stage - 1
2921,2025-09-30T16:00:30.372407,8,572.5,269.5,1.5065919143619573,False,False,False,False,3,1,0,26,1,2,67,237,"[false, false, false]",70,2,0,Starfield Stage - 1
2922,2025-09-30T16:00:30.381014,9,575.0,267.0,1.5056711634605107,False,False,False,False,3,1,0,26,1,2,69,234,"[false, false, false]",70,2,0,Starfield Stage - 1
2923,2025-09-30T16:00:30.389996,9,577.5,264.5,1.5027868642267408,False,False,False,False,3,1,0,26,1,2,71,230,"[false, false, false]",70,2,0,Starfield Stage - 1
2924,2025-09-30T16:00:30.399671,9,580.0,262.0,1.5037035040955449,False,False,False,False,3,1,0,26,1,2,74,228,"[false, false, false]",70,2,0,Starfield Stage - 1
2925,2025-09-30T16:00:30.407441,8,582.5,259.5,1.5029204613975584,False,False,False,False,3,1,0,26,1,2,75,225,"[false, false, false]",70,2,0,Starfield Stage - 1
2926,2025-09-30T16:00:30.415778,9,585.0,257.0,1.5059268416413287,False,False,False,False,3,1,0,26,1,2,77,224,"[false, false, false]",70,2,0,Starfield Stage - 1
2927,2025-09-30T16:00:30.424978,9,587.5,254.5,1.5069696705111002,False,False,False,False,2,1,0,26,1,2,79,222,"[false, false, false]",70,2,0,Starfield Stage - 1
2928,2025-09-30T16:00:30.434045,9,590.0,252.0,1.512040504079174,False,False,False,False,3,1,0,26,1,2,80,222,"[true, false, false]",70,2,0,Starfield Stage - 1
2929,2025-09-30T16:00:30.443313,9,592.5,249.5,1.517084597491664,False,False,False,False,3,1,0,26,1,2,81,222,"[true, false, false]",70,2,0,Starfield Stage - 1
2930,2025-09-30T16:00:30.451091,8,595.0,247.0,1.5221019070648754,False,False,False,False,3,1,0,26,1,2,82,222,"[true, false, false]",70,2,0,Starfield Stage - 1
2931,2025-09-30T16:00:30.460406,9,597.5,244.5,1.5270923949715192,False,False,False,False,3,1,0,26,1,2,83,222,"[true, false, false]",70,2,0,Starfield Stage - 1
2932,2025-09-30T16:00:30.529969,8,600.0,242.0,1.5377344486150673,False,False,False,False,3,1,0,26,1,2,86,225,"[false, false, false]",70,2,0,Starfield Stage - 1
2933,2025-09-30T16:00:30.532469,64,602.5,239.5,1.5427301263548547,False,False,False,False,3,1,0,26,1,2,86,225,"[false, false, false]",70,2,0,Starfield Stage - 1
2934,2025-09-30T16:00:30.540102,8,605.0,237.0,1.5476344464233922,False,False,False,False,3,1,0,26,1,2,87,225,"[false, false, false]",70,2,0,Starfield Stage - 1
2935,2025-09-30T16:00:30.548364,8,607.5,234.5,1.5544043524868913,False,False,False,False,3,1,0,26,1,2,89,226,"[false, false, false]",70,2,0,Starfield Stage - 1
2936,2025-09-30T16:00:30.556120,8,610.0,232.0,1.559258377277437,False,False,False,False,3,1,0,26,1,2,90,226,"[false, false, false]",70,2,0,Starfield Stage - 1
2937,2025-09-30T16:00:30.564857,9,612.5,229.5,1.5660116743115382,False,False,False,False,3,1,0,26,1,2,90,227,"[false, false, false]",70,2,0,Starfield Stage - 1
2938,2025-09-30T16:00:30.574221,9,615.0,227.0,1.5707963267948966,False,False,False,False,2,1,0,26,1,2,91,227,"[false, false, false]",70,2,0,Starfield Stage - 1
2939,2025-09-30T16:00:30.582139,8,617.5,224.5,1.5755446291905764,False,False,False,False,2,1,0,26,1,2,91,227,"[false, false, false]",70,2,0,Starfield Stage - 1
2940,2025-09-30T16:00:30.590634,8,620.0,222.0,1.580247841187914,False,False,False,False,2,1,0,26,1,2,91,227,"[false, false, false]",70,2,0,Starfield Stage - 1
2941,2025-09-30T16:00:30.598951,9,622.5,219.5,1.5849063968949868,False,False,False,False,2,1,0,26,1,2,91,227,"[false, false, false]",70,2,0,Starfield Stage - 1
2942,2025-09-30T16:00:30.608242,9,625.0,217.0,1.5895207299692453,False,False,False,False,2,1,0,26,1,2,91,227,"[false, false, false]",70,2,0,Starfield Stage - 1
2943,2025-09-30T16:00:30.616579,8,627.5,217.0,1.5894334976418638,False,False,False,False,2,1,0,26,1,2,91,227,"[false, false, false]",70,2,0,Starfield Stage - 1
2944,2025-09-30T16:00:30.625766,9,630.0,217.0,1.5893470742400044,False,False,False,False,2,1,0,26,1,2,91,227,"[false, false, false]",70,2,0,Starfield Stage - 1
2945,2025-09-30T16:00:30.634035,9,632.5,217.0,1.589261448564841,False,False,False,False,3,2,0,26,1,2,91,227,"[true, false, false]",70,2,0,Starfield Stage - 1
2946,2025-09-30T16:00:30.643117,9,635.0,217.0,1.5891766096232918,False,False,False,False,3,2,0,26,1,2,91,227,"[true, false, false]",70,2,0,Starfield Stage - 1
2947,2025-09-30T16:00:30.651752,9,637.5,217.0,1.5890925466233148,False,False,False,False,3,2,0,26,1,2,91,227,"[true, false, false]",70,2,0,Starfield Stage - 1
2948,2025-09-30T16:00:30.661108,9,640.0,217.0,1.5908300760478824,False,False,False,False,3,2,0,26,1,2,91,228,"[true, false, false]",70,2,0,Starfield Stage - 1
2949,2025-09-30T16:00:30.729967,9,642.5,217.0,1.6022383204488304,False,False,False,False,3,2,0,26,1,2,102,234,"[false, false, false]",70,2,0,Starfield Stage - 1
2950,2025-09-30T16:00:30.732513,62,645.0,217.0,1.602093654619398,False,False,False,False,3,2,0,26,1,2,102,234,"[false, false, false]",70,2,0,Starfield Stage - 1
2951,2025-09-30T16:00:30.740986,9,647.5,217.0,1.603902901307809,False,False,False,False,3,2,0,26,1,2,104,235,"[false, false, false]",70,2,0,Starfield Stage - 1
2952,2025-09-30T16:00:30.750797,9,650.0,217.0,1.6057086059863461,False,False,False,False,3,2,0,26,1,2,106,236,"[false, false, false]",70,2,0,Starfield Stage - 1
2953,2025-09-30T16:00:30.759699,9,652.5,217.0,1.6056765729687457,False,False,False,False,3,2,0,26,1,2,108,236,"[false, false, false]",70,2,0,Starfield Stage - 1
2954,2025-09-30T16:00:30.767786,9,655.0,217.0,1.6056445986559098,False,False,False,False,3,2,0,26,1,2,110,236,"[false, false, false]",70,2,0,Starfield Stage - 1
2955,2025-09-30T16:00:30.777011,9,657.5,217.0,1.6054856020430408,False,False,False,False,3,2,0,26,1,2,110,236,"[false, false, false]",70,2,0,Starfield Stage - 1
2956,2025-09-30T16:00:30.786972,9,660.0,217.0,1.6053908983081753,False,False,False,False,3,2,0,26,1,2,111,236,"[false, false, false]",70,2,0,Starfield Stage - 1
2957,2025-09-30T16:00:30.795222,9,662.5,217.0,1.6052967100542248,False,False,False,False,3,2,0,26,1,2,112,236,"[false, false, false]",70,2,0,Starfield Stage - 1
2958,2025-09-30T16:00:30.803000,8,665.0,217.0,1.6052654277944047,False,False,False,False,3,2,0,26,1,2,114,236,"[false, false, false]",70,2,0,Starfield Stage - 1
2959,2025-09-30T16:00:30.812309,9,667.5,217.0,1.6051719203296646,False,False,False,False,3,2,0,26,1,2,115,236,"[false, false, false]",70,2,0,Starfield Stage - 1
2960,2025-09-30T16:00:30.819748,8,670.0,217.0,1.6050171964478834,False,False,False,False,3,2,0,26,1,2,115,236,"[false, false, false]",70,2,0,Starfield Stage - 1
2961,2025-09-30T16:00:30.829528,9,672.5,217.0,1.6049250286121322,False,False,False,False,3,2,0,26,1,2,116,236,"[false, false, false]",70,2,0,Starfield Stage - 1
2962,2025-09-30T16:00:30.837292,8,675.0,217.0,1.6047725134781943,False,False,False,False,3,2,0,26,1,2,116,236,"[false, false, false]",70,2,0,Starfield Stage - 1
2963,2025-09-30T16:00:30.845868,9,677.5,217.0,1.6046213548885255,False,False,False,False,4,2,0,27,1,2,116,236,"[true, false, false]",70,2,0,Starfield Stage - 1
2964,2025-09-30T16:00:30.854936,9,680.0,217.0,1.6044715348314216,False,False,False,False,4,2,0,27,1,2,116,236,"[true, false, false]",70,2,0,Starfield Stage - 1
2965,2025-09-30T16:00:30.864347,9,682.5,219.5,1.5999657698086829,False,False,False,False,4,2,0,27,1,2,117,236,"[true, false, false]",70,2,0,Starfield Stage - 1
2966,2025-09-30T16:00:30.933940,9,685.0,222.0,1.5955262665310719,False,False,False,False,4,2,0,27,1,2,119,236,"[false, false, false]",70,2,0,Starfield Stage - 1
2967,2025-09-30T16:00:30.936294,63,687.5,224.5,1.591022240230597,False,False,False,False,4,2,0,27,1,2,119,236,"[false, false, false]",70,2,0,Starfield Stage - 1
2968,2025-09-30T16:00:30.944361,8,690.0,227.0,1.5865568430926862,False,False,False,False,4,2,0,27,1,2,119,236,"[false, false, false]",70,2,0,Starfield Stage - 1
2969,2025-09-30T16:00:30.954339,8,692.5,229.5,1.5821495507662422,False,False,False,False,4,2,0,27,1,2,120,236,"[false, false, false]",70,2,0,Starfield Stage - 1
2970,2025-09-30T16:00:30.959980,8,695.0,232.0,1.5777648551095445,False,False,False,False,4,2,0,27,1,2,121,236,"[false, false, false]",70,2,0,Starfield Stage - 1
2971,2025-09-30T16:00:30.968883,8,697.5,234.5,1.573402750084692,False,False,False,False,3,2,0,27,1,2,122,236,"[false, false, false]",70,2,0,Starfield Stage - 1
2972,2025-09-30T16:00:30.977374,8,700.0,237.0,1.5690662247148814,False,False,False,False,3,2,0,27,1,2,122,236,"[false, false, false]",70,2,0,Starfield Stage - 1
2973,2025-09-30T16:00:30.984154,8,702.5,239.5,1.5647567108441767,False,False,False,False,3,2,0,27,1,2,123,236,"[false, false, false]",70,2,0,Starfield Stage - 1
2974,2025-09-30T16:00:30.992108,8,705.0,242.0,1.5604874136486533,False,False,False,False,3,2,0,27,1,2,123,236,"[false, false, false]",70,2,0,Starfield Stage - 1
2975,2025-09-30T16:00:31.040031,9,707.5,244.5,1.5562550079183364,False,False,False,False,2,1,0,27,1,2,123,236,"[false, false, false]",80,2,0,Starfield Stage - 1
2976,2025-09-30T16:00:31.042757,42,710.0,247.0,1.552059167216834,False,False,False,False,2,1,0,27,1,2,123,236,"[false, false, false]",80,2,0,Starfield Stage - 1
2977,2025-09-30T16:00:31.052895,9,712.5,249.5,1.5478995655735126,False,False,False,False,2,1,0,27,1,2,123,236,"[false, false, false]",80,2,0,Starfield Stage - 1
2978,2025-09-30T16:00:31.061501,8,715.0,252.0,1.5437758776076318,False,False,False,False,2,1,0,27,1,2,123,236,"[false, false, false]",80,2,0,Starfield Stage - 1
2979,2025-09-30T16:00:31.068298,8,717.5,254.5,1.539687778646794,False,False,False,False,2,1,0,27,1,2,123,236,"[false, false, false]",80,2,0,Starfield Stage - 1
2980,2025-09-30T16:00:31.139057,8,720.0,257.0,1.5355759979679102,False,False,False,False,2,1,0,27,1,2,124,236,"[false, false, false]",80,2,0,Starfield Stage - 1
2981,2025-09-30T16:00:31.141327,65,722.5,259.5,1.5315516579569703,False,False,False,False,2,1,0,27,1,2,124,236,"[false, false, false]",80,2,0,Starfield Stage - 1
2982,2025-09-30T16:00:31.150448,8,725.0,262.0,1.52756205353876,False,False,False,False,2,1,0,27,1,2,124,236,"[false, false, false]",80,2,0,Starfield Stage - 1
2983,2025-09-30T16:00:31.158478,8,727.5,264.5,1.5251091055974646,False,False,False,False,2,1,0,27,1,2,126,237,"[false, false, false]",80,2,0,Starfield Stage - 1
2984,2025-09-30T16:00:31.165572,8,730.0,267.0,1.5210860700256774,False,False,False,False,2,1,0,27,1,2,127,237,"[false, false, false]",80,2,0,Starfield Stage - 1
2985,2025-09-30T16:00:31.174345,9,732.5,269.5,1.5186481233927591,False,False,False,False,2,1,0,27,1,2,129,238,"[false, false, false]",80,2,0,Starfield Stage - 1
2986,2025-09-30T16:00:31.183288,8,735.0,272.0,1.5145642805107502,False,False,False,False,2,1,0,27,1,2,131,238,"[false, false, false]",80,2,0,Starfield Stage - 1
2987,2025-09-30T16:00:31.190086,8,737.5,274.5,1.512040504079174,False,False,False,False,2,1,0,27,1,2,134,239,"[false, false, false]",80,2,0,Starfield Stage - 1
2988,2025-09-30T16:00:31.199367,9,740.0,277.0,1.5110667945524328,False,False,False,False,2,1,0,27,1,2,138,241,"[false, false, false]",80,2,0,Starfield Stage - 1
2989,2025-09-30T16:00:31.207347,8,742.5,279.5,1.5115507881535817,False,False,False,False,2,1,0,27,1,2,144,244,"[false, false, false]",80,2,0,Starfield Stage - 1
2990,2025-09-30T16:00:31.216320,9,742.5,282.0,1.526190740517142,False,False,False,False,2,1,0,27,1,2,160,256,"[false, false, false]",80,2,0,Starfield Stage - 1
2991,2025-09-30T16:00:31.224863,9,742.5,284.5,1.5366290852404583,False,False,False,False,2,1,0,27,1,2,172,265,"[false, false, false]",80,2,0,Starfield Stage - 1
2992,2025-09-30T16:00:31.235291,10,742.5,287.0,1.5527964708201802,False,False,False,False,2,1,0,27,1,2,187,277,"[false, false, false]",80,2,0,Starfield Stage - 1
2993,2025-09-30T16:00:31.242765,8,742.5,289.5,1.573592218857323,False,False,False,False,2,1,0,27,1,2,206,291,"[false, false, false]",80,2,0,Starfield Stage - 1
2994,2025-09-30T16:00:31.251881,9,742.5,292.0,1.6018844611972023,False,False,False,False,2,1,0,27,1,2,228,308,"[false, false, false]",80,2,0,Starfield Stage - 1
2995,2025-09-30T16:00:31.261724,9,742.5,294.5,1.6414477671827166,False,False,False,False,2,1,0,27,1,2,255,329,"[false, false, false]",80,2,0,Starfield Stage - 1
2996,2025-09-30T16:00:31.269898,9,742.5,297.0,1.688031613594556,False,False,False,False,2,1,0,27,1,2,284,351,"[false, false, false]",80,2,0,Starfield Stage - 1
2997,2025-09-30T16:00:31.341140,9,740.0,297.0,2.7443555542592275,False,False,False,False,2,1,0,27,1,2,667,471,"[false, false, false]",80,2,0,Starfield Stage - 1
2998,2025-09-30T16:00:31.343798,65,737.5,297.0,2.9865959116658525,False,False,False,False,2,1,0,27,1,2,710,473,"[false, false, false]",80,2,0,Starfield Stage - 1
2999,2025-09-30T16:00:31.353114,9,735.0,297.0,-3.0514421906954645,False,False,False,False,2,1,0,27,1,2,751,474,"[false, false, false]",80,2,0,Starfield Stage - 1
3000,2025-09-30T16:00:31.360684,8,732.5,297.0,-2.834235685975699,False,False,False,False,2,1,0,27,1,2,789,475,"[false, false, false]",80,2,0,Starfield Stage - 1
3001,2025-09-30T16:00:31.369915,8,730.0,297.0,-2.6513437821548207,False,False,False,False,2,1,0,27,1,2,825,475,"[false, false, false]",80,2,0,Starfield Stage - 1
3002,2025-09-30T16:00:31.378289,9,727.5,297.0,-2.502626661096875,False,False,False,False,2,1,0,27,1,2,859,474,"[false, false, false]",80,2,0,Starfield Stage - 1
3003,2025-09-30T16:00:31.386498,8,725.0,297.0,-2.376963016988821,False,False,False,False,2,1,0,27,1,2,890,469,"[false, false, false]",80,2,0,Starfield Stage - 1
3004,2025-09-30T16:00:31.394252,8,722.5,297.0,-2.26927710048873,False,False,False,False,2,1,0,27,1,2,919,462,"[false, false, false]",80,2,0,Starfield Stage - 1
3005,2025-09-30T16:00:31.402526,8,720.0,297.0,-2.1770339909819296,False,False,False,False,2,1,0,27,1,2,945,453,"[false, false, false]",80,2,0,Starfield Stage - 1
3006,2025-09-30T16:00:31.411299,9,717.5,297.0,-2.0955134140482823,False,False,False,False,2,1,0,27,1,2,968,442,"[false, false, false]",80,2,0,Starfield Stage - 1
3007,2025-09-30T16:00:31.419139,8,715.0,297.0,-2.024210374921188,False,False,False,False,2,1,0,27,1,2,990,431,"[false, false, false]",80,2,0,Starfield Stage - 1
3008,2025-09-30T16:00:31.427761,9,712.5,297.0,-1.965226956243511,False,False,False,False,2,1,0,27,1,2,1008,420,"[false, false, false]",80,2,0,Starfield Stage - 1
3009,2025-09-30T16:00:31.437145,9,710.0,297.0,-1.9134167159864977,False,False,False,False,2,1,0,27,1,2,1024,409,"[false, false, false]",80,2,0,Starfield Stage - 1
3010,2025-09-30T16:00:31.446695,9,707.5,297.0,-1.8746342359487291,False,False,False,False,2,1,0,27,1,2,1036,400,"[false, false, false]",80,2,0,Starfield Stage - 1
3011,2025-09-30T16:00:31.455013,9,705.0,297.0,-1.845985575924068,False,False,False,False,2,1,0,27,1,2,1045,393,"[false, false, false]",80,2,0,Starfield Stage - 1
3012,2025-09-30T16:00:31.464319,9,702.5,297.0,-1.8141149648861719,False,False,False,False,3,1,0,27,1,2,1057,385,"[true, false, false]",80,2,0,Starfield Stage - 1
3013,2025-09-30T16:00:31.473176,9,700.0,294.5,-1.8144673737987838,False,False,False,False,3,1,0,27,1,2,1060,384,"[true, false, false]",80,2,0,Starfield Stage - 1
3014,2025-09-30T16:00:31.542043,8,697.5,292.0,-1.8122311903237998,False,False,False,False,3,1,0,27,1,2,1063,382,"[false, false, false]",80,2,0,Starfield Stage - 1
3015,2025-09-30T16:00:31.544602,64,695.0,289.5,-1.8170533529198594,False,False,False,False,3,1,0,27,1,2,1063,382,"[false, false, false]",80,2,0,Starfield Stage - 1
3016,2025-09-30T16:00:31.553364,8,692.5,287.0,-1.8217990134379312,False,False,False,False,3,1,0,27,1,2,1063,382,"[false, false, false]",80,2,0,Starfield Stage - 1
3017,2025-09-30T16:00:31.560740,8,690.0,284.5,-1.8251643853481625,False,False,False,False,3,1,0,27,1,2,1065,382,"[false, false, false]",80,2,0,Starfield Stage - 1
3018,2025-09-30T16:00:31.569557,8,687.5,282.0,-1.8290951438426855,False,False,False,False,3,1,0,27,1,2,1066,382,"[false, false, false]",80,2,0,Starfield Stage - 1
3019,2025-09-30T16:00:31.578009,9,685.0,279.5,-1.832292300757689,False,False,False,False,3,1,0,27,1,2,1068,382,"[false, false, false]",80,2,0,Starfield Stage - 1
3020,2025-09-30T16:00:31.587276,9,682.5,277.0,-1.83606293884008,False,False,False,False,3,1,0,27,1,2,1069,382,"[false, false, false]",80,2,0,Starfield Stage - 1
3021,2025-09-30T16:00:31.595042,8,682.5,274.5,-1.842076755078113,False,False,False,False,3,1,0,27,1,2,1069,382,"[false, false, false]",80,2,0,Starfield Stage - 1
3022,2025-09-30T16:00:31.605698,10,685.0,272.0,-1.849783743600785,False,False,False,False,3,1,0,27,1,2,1069,382,"[false, false, false]",80,2,0,Starfield Stage - 1
3023,2025-09-30T16:00:31.613953,9,687.5,269.5,-1.8575571895055751,False,False,False,False,2,1,0,27,1,2,1069,382,"[false, false, false]",80,2,0,Starfield Stage - 1
3024,2025-09-30T16:00:31.622598,8,690.0,267.0,-1.8653970045059673,False,False,False,False,2,1,0,27,1,2,1069,382,"[false, false, false]",80,2,0,Starfield Stage - 1
3025,2025-09-30T16:00:31.630911,9,692.5,264.5,-1.873303066170269,False,False,False,False,2,1,0,27,1,2,1069,382,"[false, false, false]",80,2,0,Starfield Stage - 1
3026,2025-09-30T16:00:31.639975,9,695.0,262.0,-1.883697554675281,False,False,False,False,2,1,0,27,1,2,1069,383,"[false, false, false]",80,2,0,Starfield Stage - 1
3027,2025-09-30T16:00:31.648668,9,697.5,259.5,-1.8957648910005018,False,False,False,False,2,1,0,27,1,2,1070,385,"[false, false, false]",80,2,0,Starfield Stage - 1
3028,2025-09-30T16:00:31.657457,8,700.0,257.0,-1.9102299253168074,False,False,False,False,3,1,0,27,1,2,1071,388,"[true, false, false]",80,2,0,Starfield Stage - 1
3029,2025-09-30T16:00:31.665759,8,702.5,254.5,-1.924664347295174,False,False,False,False,3,1,0,27,1,2,1072,391,"[true, false, false]",80,2,0,Starfield Stage - 1
3030,2025-09-30T16:00:31.673831,8,705.0,252.0,-1.9437840485949576,False,False,False,False,3,1,0,27,1,2,1073,396,"[true, false, false]",80,2,0,Starfield Stage - 1
3031,2025-09-30T16:00:31.746694,9,707.5,252.0,-1.970335663811839,False,False,False,False,3,1,0,27,1,2,1103,419,"[false, false, false]",80,2,0,Starfield Stage - 1
3032,2025-09-30T16:00:31.749418,67,710.0,252.0,-1.972613092021924,False,False,False,False,3,2,0,27,1,2,1103,419,"[false, false, false]",80,2,0,Starfield Stage - 1
3033,2025-09-30T16:00:31.757290,8,712.5,252.0,-1.9743071104286842,False,False,False,False,3,2,0,27,1,2,1106,420,"[false, false, false]",80,2,0,Starfield Stage - 1
3034,2025-09-30T16:00:31.764936,8,715.0,252.0,-1.9738487527999353,False,False,False,False,3,2,0,27,1,2,1109,420,"[false, false, false]",80,2,0,Starfield Stage - 1
3035,2025-09-30T16:00:31.774370,9,717.5,252.0,-1.9773780792081181,False,False,False,False,3,2,0,27,1,2,1110,421,"[false, false, false]",80,2,0,Starfield Stage - 1
3036,2025-09-30T16:00:31.782352,8,720.0,252.0,-1.9787707173725662,False,False,False,False,3,2,0,27,1,2,1111,421,"[false, false, false]",80,2,0,Starfield Stage - 1
3037,2025-09-30T16:00:31.790808,9,722.5,252.0,-1.9811118937705676,False,False,False,False,3,2,0,27,1,2,1111,421,"[false, false, false]",80,2,0,Starfield Stage - 1
3038,2025-09-30T16:00:31.800134,9,725.0,252.0,-1.9834785444421221,False,False,False,False,3,2,0,27,1,2,1111,421,"[false, false, false]",80,2,0,Starfield Stage - 1
3039,2025-09-30T16:00:31.808520,8,727.5,252.0,-1.9858710604895702,False,False,False,False,3,2,0,27,1,2,1111,421,"[false, false, false]",80,2,0,Starfield Stage - 1
3040,2025-09-30T16:00:31.817171,9,730.0,252.0,-1.9882898404262797,False,False,False,False,3,2,0,27,1,2,1111,421,"[false, false, false]",80,2,0,Starfield Stage - 1
3041,2025-09-30T16:00:31.825209,8,732.5,252.0,-1.9907352903337263,False,False,False,False,3,2,0,27,1,2,1111,421,"[false, false, false]",80,2,0,Starfield Stage - 1
3042,2025-09-30T16:00:31.833229,8,735.0,252.0,-1.9932078240218525,False,False,False,False,4,2,0,27,1,2,1111,421,"[true, false, false]",80,2,0,Starfield Stage - 1
3043,2025-09-30T16:00:31.841809,8,737.5,252.0,-1.9979280046123373,False,False,False,False,4,2,0,27,1,2,1111,422,"[true, false, false]",80,2,0,Starfield Stage - 1
3044,2025-09-30T16:00:31.850110,9,740.0,252.0,-2.001668791391627,False,False,False,False,4,2,0,27,1,2,1112,423,"[true, false, false]",80,2,0,Starfield Stage - 1
3045,2025-09-30T16:00:31.859559,9,742.5,252.0,-2.008682092592261,False,False,False,False,4,2,0,27,1,2,1112,425,"[true, false, false]",80,2,0,Starfield Stage - 1
3046,2025-09-30T16:00:31.867837,9,745.0,252.0,-2.0146879992897735,False,False,False,False,4,2,0,27,1,2,1113,427,"[true, false, false]",80,2,0,Starfield Stage - 1
3047,2025-09-30T16:00:31.877243,9,747.5,252.0,-2.0195608010651265,False,False,False,False,3,2,0,27,1,2,1113,428,"[true, false, false]",80,2,0,Starfield Stage - 1
3048,2025-09-30T16:00:31.946126,9,750.0,252.0,-2.0267007277214315,False,False,False,False,3,2,0,27,1,2,1113,430,"[false, false, false]",80,2,0,Starfield Stage - 1
3049,2025-09-30T16:00:31.948447,63,752.5,252.0,-2.0294384158656777,False,False,False,False,3,2,0,27,1,2,1113,430,"[false, false, false]",80,2,0,Starfield Stage - 1
3050,2025-09-30T16:00:31.957512,8,755.0,252.0,-2.032206803062492,False,False,False,False,3,2,0,27,1,2,1113,430,"[false, false, false]",80,2,0,Starfield Stage - 1
3051,2025-09-30T16:00:31.966000,9,757.5,252.0,-2.035006365432687,False,False,False,False,3,2,0,27,1,2,1113,430,"[false, false, false]",80,2,0,Starfield Stage - 1
3052,2025-09-30T16:00:31.975561,9,760.0,252.0,-2.037837587925925,False,False,False,False,3,2,0,27,1,2,1113,430,"[false, false, false]",80,2,0,Starfield Stage - 1
3053,2025-09-30T16:00:31.983701,8,762.5,254.5,-2.0350143863898436,False,False,False,False,3,2,0,27,1,2,1113,430,"[false, false, false]",80,2,0,Starfield Stage - 1
3054,2025-09-30T16:00:31.992297,9,765.0,257.0,-2.0240155768784076,False,False,False,False,3,2,0,27,1,2,1112,426,"[false, false, false]",80,2,0,Starfield Stage - 1
3055,2025-09-30T16:00:32.000483,8,767.5,259.5,-2.0126698613668665,False,False,False,False,3,2,0,27,1,2,1111,422,"[false, false, false]",80,2,0,Starfield Stage - 1
3056,2025-09-30T16:00:32.008264,8,770.0,262.0,-2.003390599938804,False,False,False,False,3,2,0,27,1,2,1110,419,"[false, false, false]",80,2,0,Starfield Stage - 1
3057,2025-09-30T16:00:32.016538,8,772.5,264.5,-1.992725867907343,False,False,False,False,3,2,0,27,1,2,1110,416,"[false, false, false]",80,2,0,Starfield Stage - 1
3058,2025-09-30T16:00:32.024235,8,775.0,267.0,-1.981796553093964,False,False,False,False,3,2,0,27,1,2,1110,413,"[false, false, false]",80,2,0,Starfield Stage - 1
3059,2025-09-30T16:00:32.032525,8,777.5,269.5,-1.9742309192115717,False,False,False,False,3,2,0,27,1,2,1109,411,"[false, false, false]",80,2,0,Starfield Stage - 1
3060,2025-09-30T16:00:32.079296,9,780.0,272.0,-1.9679591539925032,False,False,False,False,2,1,0,27,1,2,1109,410,"[false, false, false]",90,2,0,Starfield Stage - 1
3061,2025-09-30T16:00:32.081883,41,782.5,274.5,-1.95156510222189,False,False,False,False,3,1,0,28,1,2,1111,406,"[true, false, false]",90,2,0,Starfield Stage - 1
3062,2025-09-30T16:00:32.152537,9,782.5,277.0,-1.898453218689078,False,False,False,False,3,1,0,28,1,2,1112,389,"[false, false, false]",90,2,0,Starfield Stage - 1
3063,2025-09-30T16:00:32.154912,64,782.5,279.5,-1.8916361346309618,False,False,False,False,3,1,0,28,1,2,1112,389,"[false, false, false]",90,2,0,Starfield Stage - 1
3064,2025-09-30T16:00:32.163903,9,782.5,282.0,-1.8801678711837848,False,False,False,False,3,1,0,28,1,2,1111,387,"[false, false, false]",90,2,0,Starfield Stage - 1
3065,2025-09-30T16:00:32.173128,9,780.0,284.5,-1.8616953190715166,False,False,False,False,3,1,0,28,1,2,1109,383,"[false, false, false]",90,2,0,Starfield Stage - 1
3066,2025-09-30T16:00:32.182585,9,777.5,287.0,-1.8494979958286026,False,False,False,False,3,1,0,28,1,2,1106,381,"[false, false, false]",90,2,0,Starfield Stage - 1
3067,2025-09-30T16:00:32.190968,9,775.0,289.5,-1.8356375778565512,False,False,False,False,3,1,0,28,1,2,1105,379,"[false, false, false]",90,2,0,Starfield Stage - 1
3068,2025-09-30T16:00:32.200325,9,772.5,292.0,-1.8225268418330125,False,False,False,False,3,1,0,28,1,2,1103,377,"[false, false, false]",90,2,0,Starfield Stage - 1
3069,2025-09-30T16:00:32.208541,8,770.0,294.5,-1.8115181869709176,False,False,False,False,3,1,0,28,1,2,1102,376,"[false, false, false]",90,2,0,Starfield Stage - 1
3070,2025-09-30T16:00:32.216565,8,767.5,297.0,-1.8027199800538602,False,False,False,False,4,1,0,28,1,2,1102,376,"[true, false, false]",90,2,0,Starfield Stage - 1
3071,2025-09-30T16:00:32.225406,8,765.0,299.5,-1.7946588048216443,False,False,False,False,4,1,0,28,1,2,1101,376,"[true, false, false]",90,2,0,Starfield Stage - 1
3072,2025-09-30T16:00:32.232705,9,762.5,302.0,-1.7860218679030957,False,False,False,False,4,1,0,28,1,2,1101,376,"[true, false, false]",90,2,0,Starfield Stage - 1
3073,2025-09-30T16:00:32.241794,8,760.0,304.5,-1.7774795452791459,False,False,False,False,4,1,0,28,1,2,1101,376,"[true, false, false]",90,2,0,Starfield Stage - 1
3074,2025-09-30T16:00:32.250360,9,757.5,307.0,-1.7690315170100226,False,False,False,False,4,1,0,28,1,2,1101,376,"[true, false, false]",90,2,0,Starfield Stage - 1
3075,2025-09-30T16:00:32.259208,8,755.0,309.5,-1.7606774163434382,False,False,False,False,4,1,0,28,1,2,1101,376,"[true, false, false]",90,2,0,Starfield Stage - 1
3076,2025-09-30T16:00:32.266965,8,752.5,312.0,-1.752416832195001,False,False,False,False,4,1,0,28,1,2,1101,376,"[true, false, false]",90,2,0,Starfield Stage - 1
3077,2025-09-30T16:00:32.276336,9,750.0,314.5,-1.7442493115815982,False,False,False,False,4,1,0,28,1,2,1101,376,"[true, false, false]",90,2,0,Starfield Stage - 1
3078,2025-09-30T16:00:32.284390,9,747.5,317.0,-1.7361743620036667,False,False,False,False,4,1,0,28,1,2,1101,376,"[true, false, false]",90,2,0,Starfield Stage - 1
3079,2025-09-30T16:00:32.352073,8,745.0,319.5,-1.7907884121495656,False,False,False,False,4,1,0,28,1,2,1105,400,"[false, false, false]",90,2,0,Starfield Stage - 1
3080,2025-09-30T16:00:32.354360,62,742.5,322.0,-1.7827372770683718,False,False,False,False,4,1,0,28,1,2,1105,400,"[false, false, false]",90,2,0,Starfield Stage - 1
3081,2025-09-30T16:00:32.362310,8,740.0,324.5,-1.7950994228178856,False,False,False,False,4,1,0,28,1,2,1106,408,"[false, false, false]",90,2,0,Starfield Stage - 1
3082,2025-09-30T16:00:32.372314,8,737.5,327.0,-1.8065454620579142,False,False,False,False,4,1,0,28,1,2,1108,416,"[false, false, false]",90,2,0,Starfield Stage - 1
3083,2025-09-30T16:00:32.378449,8,735.0,329.5,-1.8201623011638641,False,False,False,False,4,1,0,28,1,2,1110,425,"[false, false, false]",90,2,0,Starfield Stage - 1
3084,2025-09-30T16:00:32.386749,8,732.5,332.0,-1.838274275253704,False,False,False,False,4,1,0,28,1,2,1112,436,"[false, false, false]",90,2,0,Starfield Stage - 1
3085,2025-09-30T16:00:32.395233,9,730.0,334.5,-1.855790015574778,False,False,False,False,4,1,0,29,1,2,1114,447,"[false, false, false]",90,2,0,Starfield Stage - 1
3086,2025-09-30T16:00:32.403764,9,727.5,337.0,-1.8750729317456643,False,False,False,False,4,1,0,29,1,2,1116,459,"[false, false, false]",90,2,0,Starfield Stage - 1
3087,2025-09-30T16:00:32.413224,9,725.0,339.5,-1.8967501426433662,False,False,False,False,4,1,0,29,1,2,1117,472,"[false, false, false]",90,2,0,Starfield Stage - 1
3088,2025-09-30T16:00:32.421534,9,722.5,342.0,-1.914698720910737,False,False,False,False,4,1,0,29,1,2,1119,484,"[false, false, false]",90,2,0,Starfield Stage - 1
3089,2025-09-30T16:00:32.430189,8,720.0,344.5,-1.9328506081946413,False,False,False,False,4,1,0,29,1,2,1120,496,"[false, false, false]",90,2,0,Starfield Stage - 1
3090,2025-09-30T16:00:32.438636,8,717.5,347.0,-1.9483080604527536,False,False,False,False,4,1,0,29,1,2,1121,507,"[false, false, false]",90,2,0,Starfield Stage - 1
3091,2025-09-30T16:00:32.447372,9,715.0,349.5,-1.9624507485828835,False,False,False,False,4,1,0,29,1,2,1123,518,"[false, false, false]",90,2,0,Starfield Stage - 1
3092,2025-09-30T16:00:32.455036,8,712.5,352.0,-1.9749546527450244,False,False,False,False,4,1,0,29,1,2,1124,528,"[false, false, false]",90,2,0,Starfield Stage - 1
3093,2025-09-30T16:00:32.464454,9,710.0,354.5,-1.9962459641649388,False,False,False,False,4,1,0,29,1,2,1126,543,"[false, false, false]",90,2,0,Starfield Stage - 1
3094,2025-09-30T16:00:32.473699,8,707.5,357.0,-2.0048696319026753,False,False,False,False,3,1,0,29,1,2,1126,551,"[false, false, false]",90,2,0,Starfield Stage - 1
3095,2025-09-30T16:00:32.481232,9,707.5,359.5,-2.014611026190696,False,False,False,False,3,1,0,29,1,2,1125,558,"[false, false, false]",90,2,0,Starfield Stage - 1
3096,2025-09-30T16:00:32.489491,8,707.5,362.0,-2.0300919323236886,False,False,False,False,3,1,0,29,1,2,1122,567,"[false, false, false]",90,2,0,Starfield Stage - 1
3097,2025-09-30T16:00:32.559925,8,710.0,364.5,-2.290071413735522,False,False,False,False,3,1,0,29,1,2,1028,643,"[false, false, false]",90,2,0,Starfield Stage - 1
3098,2025-09-30T16:00:32.566942,65,712.5,367.0,-2.2895141181584644,False,False,False,False,3,1,0,29,1,2,1028,643,"[false, false, false]",90,2,0,Starfield Stage - 1
3099,2025-09-30T16:00:32.571488,9,715.0,369.5,-2.318788099954056,False,False,False,False,3,1,0,29,1,2,1013,646,"[false, false, false]",90,2,0,Starfield Stage - 1
3100,2025-09-30T16:00:32.580209,9,717.5,372.0,-2.355296017837524,False,False,False,False,3,1,0,29,1,2,996,650,"[false, false, false]",90,2,0,Starfield Stage - 1
3101,2025-09-30T16:00:32.589478,8,720.0,374.5,-2.3945293022365837,False,False,False,False,3,1,0,29,1,2,977,652,"[false, false, false]",90,2,0,Starfield Stage - 1
3102,2025-09-30T16:00:32.596374,8,722.5,377.0,-2.435208530171217,False,False,False,False,3,1,0,29,1,2,958,653,"[false, false, false]",90,2,0,Starfield Stage - 1
3103,2025-09-30T16:00:32.604316,8,725.0,379.5,-2.482196929706665,False,False,False,False,3,1,0,29,1,2,937,653,"[false, false, false]",90,2,0,Starfield Stage - 1
3104,2025-09-30T16:00:32.613541,8,727.5,382.0,-2.53633587021869,False,False,False,False,3,1,0,29,1,2,915,653,"[false, false, false]",90,2,0,Starfield Stage - 1
3105,2025-09-30T16:00:32.621084,9,730.0,384.5,-2.595986194650284,False,False,False,False,3,1,0,29,1,2,893,653,"[false, false, false]",90,2,0,Starfield Stage - 1
3106,2025-09-30T16:00:32.630136,9,732.5,387.0,-2.6673953229522964,False,False,False,False,2,1,0,29,1,2,868,651,"[false, false, false]",90,2,0,Starfield Stage - 1
3107,2025-09-30T16:00:32.639395,9,735.0,389.5,-2.7425514909300417,False,False,False,False,2,1,0,29,1,2,844,648,"[false, false, false]",90,2,0,Starfield Stage - 1
3108,2025-09-30T16:00:32.648098,9,737.5,392.0,-2.91969791245323,False,False,False,False,2,1,0,29,1,2,793,638,"[false, false, false]",90,2,0,Starfield Stage - 1
3109,2025-09-30T16:00:32.657321,9,740.0,394.5,-3.0200888695645918,False,False,False,False,2,1,0,29,1,2,769,632,"[false, false, false]",90,2,0,Starfield Stage - 1
3110,2025-09-30T16:00:32.665613,8,742.5,397.0,-3.1306760566939946,False,False,False,False,2,1,0,29,1,2,745,626,"[false, false, false]",90,2,0,Starfield Stage - 1
3111,2025-09-30T16:00:32.673708,9,745.0,399.5,3.037190041872487,False,False,False,False,2,1,0,29,1,2,722,619,"[false, false, false]",90,2,0,Starfield Stage - 1
3112,2025-09-30T16:00:32.683585,9,747.5,402.0,2.9191453881638516,False,False,False,False,2,1,0,29,1,2,700,612,"[false, false, false]",90,2,0,Starfield Stage - 1
3113,2025-09-30T16:00:32.692131,9,750.0,404.5,2.802563578462893,False,False,False,False,2,1,0,29,1,2,680,603,"[false, false, false]",90,2,0,Starfield Stage - 1
3114,2025-09-30T16:00:32.764971,8,750.0,407.0,1.8803358192302762,False,False,False,False,2,1,0,29,1,2,528,478,"[false, false, false]",90,2,0,Starfield Stage - 1
3115,2025-09-30T16:00:32.767911,67,750.0,409.5,1.7792615451748843,False,False,False,False,2,1,0,29,1,2,516,459,"[false, false, false]",90,2,0,Starfield Stage - 1
3116,2025-09-30T16:00:32.776267,9,750.0,412.0,1.6845883339386047,False,False,False,False,2,1,0,29,1,2,505,440,"[false, false, false]",90,2,0,Starfield Stage - 1
3117,2025-09-30T16:00:32.784120,8,750.0,414.5,1.5924464867786063,False,False,False,False,2,1,0,29,1,2,496,420,"[false, false, false]",90,2,0,Starfield Stage - 1
3118,2025-09-30T16:00:32.794115,9,750.0,417.0,1.4981275777973797,False,False,False,False,1,1,0,29,1,2,489,398,"[false, false, false]",90,2,0,Starfield Stage - 1
3119,2025-09-30T16:00:32.802369,9,750.0,419.5,1.4080963742073236,False,False,False,False,1,1,0,29,1,2,485,376,"[false, false, false]",90,2,0,Starfield Stage - 1
3120,2025-09-30T16:00:32.810419,8,750.0,422.0,1.317902261699299,False,False,False,False,1,1,0,29,1,2,483,353,"[false, false, false]",90,2,0,Starfield Stage - 1
3121,2025-09-30T16:00:32.818715,9,750.0,424.5,1.2361323970311753,False,False,False,False,1,1,0,29,1,2,484,332,"[false, false, false]",90,2,0,Starfield Stage - 1
3122,2025-09-30T16:00:32.827441,8,750.0,424.5,1.1638255414261254,False,False,False,False,1,1,0,29,1,2,489,312,"[false, false, false]",90,2,0,Starfield Stage - 1
3123,2025-09-30T16:00:32.837420,8,750.0,424.5,1.0945806443010702,False,False,False,False,1,1,0,29,1,2,497,294,"[false, false, false]",90,2,0,Starfield Stage - 1
3124,2025-09-30T16:00:32.843940,9,747.5,424.5,1.0199605365933428,False,False,False,False,1,1,0,29,1,2,509,278,"[false, false, false]",90,2,0,Starfield Stage - 1
3125,2025-09-30T16:00:32.853792,9,745.0,424.5,0.9477826547839703,False,False,False,False,1,1,0,29,1,2,523,265,"[false, false, false]",90,2,0,Starfield Stage - 1
3126,2025-09-30T16:00:32.861821,9,742.5,424.5,0.8685393952858895,False,False,False,False,0,1,0,29,1,2,541,254,"[false, false, false]",90,2,0,Starfield Stage - 1
3127,2025-09-30T16:00:32.870462,8,740.0,424.5,0.7811787791544448,False,False,False,False,0,2,0,29,1,2,563,246,"[false, false, false]",90,2,0,Starfield Stage - 1
3128,2025-09-30T16:00:32.878832,9,737.5,424.5,0.572787709535458,False,False,False,False,0,2,0,29,1,2,614,233,"[false, false, false]",90,2,0,Starfield Stage - 1
3129,2025-09-30T16:00:32.888129,9,735.0,424.5,0.43761182681841854,False,False,False,False,0,2,0,29,1,2,644,230,"[false, false, false]",90,2,0,Starfield Stage - 1
3130,2025-09-30T16:00:32.896627,9,732.5,424.5,0.2833079643754542,False,False,False,False,0,2,0,29,1,2,675,227,"[false, false, false]",90,2,0,Starfield Stage - 1
3131,2025-09-30T16:00:32.970881,8,730.0,424.5,-0.9402768183311884,False,False,False,False,0,2,0,29,1,2,954,261,"[false, false, false]",90,2,0,Starfield Stage - 1
3132,2025-09-30T16:00:32.973700,68,727.5,424.5,-0.945553124519514,False,False,False,False,0,2,0,29,1,2,954,261,"[false, false, false]",90,2,0,Starfield Stage - 1
3133,2025-09-30T16:00:32.982486,9,725.0,424.5,-1.009348523517218,False,False,False,False,0,2,0,29,1,2,977,266,"[false, false, false]",90,2,0,Starfield Stage - 1
3134,2025-09-30T16:00:32.990372,8,722.5,424.5,-1.0667737893239393,False,False,False,False,0,2,0,29,1,2,999,272,"[false, false, false]",90,2,0,Starfield Stage - 1
3135,2025-09-30T16:00:32.998982,8,720.0,424.5,-1.1179082218772232,False,False,False,False,0,2,0,29,1,2,1019,279,"[false, false, false]",90,2,0,Starfield Stage - 1
3136,2025-09-30T16:00:33.007569,9,717.5,422.0,-1.1969685043803773,False,False,False,False,0,2,0,29,1,2,1054,290,"[false, false, false]",90,2,0,Starfield Stage - 1
3137,2025-09-30T16:00:33.016671,9,715.0,419.5,-1.2351284930329345,False,False,False,False,0,2,0,29,1,2,1069,296,"[false, false, false]",90,2,0,Starfield Stage - 1
3138,2025-09-30T16:00:33.024887,9,712.5,417.0,-1.269833645811126,False,False,False,False,0,2,0,29,1,2,1083,302,"[false, false, false]",90,2,0,Starfield Stage - 1
3139,2025-09-30T16:00:33.034128,9,710.0,414.5,-1.3070604084242985,False,False,False,False,0,2,0,29,1,2,1097,310,"[false, false, false]",90,2,0,Starfield Stage - 1
3140,2025-09-30T16:00:33.043563,8,707.5,412.0,-1.3437253205330881,False,False,False,False,0,2,0,29,1,2,1110,319,"[false, false, false]",90,2,0,Starfield Stage - 1
3141,2025-09-30T16:00:33.050448,8,705.0,409.5,-1.3800965800607419,False,False,False,False,0,2,0,29,1,2,1122,329,"[false, false, false]",90,2,0,Starfield Stage - 1
3142,2025-09-30T16:00:33.058675,8,702.5,407.0,-1.4205973304169115,False,False,False,False,0,2,0,29,1,2,1132,342,"[false, false, false]",90,2,0,Starfield Stage - 1
3143,2025-09-30T16:00:33.067765,8,700.0,404.5,-1.4567804915549072,False,False,False,False,0,2,0,29,1,2,1141,354,"[false, false, false]",90,2,0,Starfield Stage - 1
3144,2025-09-30T16:00:33.075086,9,697.5,402.0,-1.4953004875760292,False,False,False,False,0,2,0,29,1,2,1147,368,"[false, false, false]",90,2,0,Starfield Stage - 1
3145,2025-09-30T16:00:33.084259,9,695.0,399.5,-1.5302483880800755,False,False,False,False,0,2,0,29,1,2,1151,381,"[false, false, false]",90,2,0,Starfield Stage - 1
3146,2025-09-30T16:00:33.091910,8,692.5,397.0,-1.5664532487816507,False,False,False,False,0,2,0,29,1,2,1153,395,"[false, false, false]",90,2,0,Starfield Stage - 1
3147,2025-09-30T16:00:33.101609,9,690.0,394.5,-1.602103588835022,False,False,False,False,0,2,0,29,1,2,1153,409,"[false, false, false]",90,2,0,Starfield Stage - 1
3148,2025-09-30T16:00:33.171732,8,692.5,392.0,-1.8928944654667312,False,False,False,False,0,2,0,29,1,2,1124,536,"[false, false, false]",90,2,0,Starfield Stage - 1
3149,2025-09-30T16:00:33.174641,65,695.0,389.5,-1.899871479883703,False,False,False,False,0,2,0,29,1,2,1124,536,"[false, false, false]",90,2,0,Starfield Stage - 1
3150,2025-09-30T16:00:33.182193,8,697.5,387.0,-1.9276384831281888,False,False,False,False,0,2,0,29,1,2,1124,546,"[false, false, false]",90,2,0,Starfield Stage - 1
3151,2025-09-30T16:00:33.190263,8,700.0,384.5,-1.9490642054077125,False,False,False,False,0,2,0,29,1,2,1124,553,"[false, false, false]",90,2,0,Starfield Stage - 1
3152,2025-09-30T16:00:33.199743,9,702.5,382.0,-1.9718436211279933,False,False,False,False,0,2,0,29,1,2,1127,562,"[false, false, false]",90,2,0,Starfield Stage - 1
3153,2025-09-30T16:00:33.208513,9,705.0,379.5,-1.9801021524745008,False,False,False,False,0,2,0,29,1,2,1128,563,"[false, false, false]",90,2,0,Starfield Stage - 1
3154,2025-09-30T16:00:33.216573,8,707.5,377.0,-1.9883600817702192,False,False,False,False,0,2,0,29,1,2,1129,564,"[false, false, false]",90,2,0,Starfield Stage - 1
3155,2025-09-30T16:00:33.224406,8,710.0,374.5,-1.9955341434164318,False,False,False,False,1,2,0,29,1,2,1129,564,"[true, false, false]",90,2,0,Starfield Stage - 1
3156,2025-09-30T16:00:33.233039,9,712.5,372.0,-2.0027472380097997,False,False,False,False,1,2,0,29,1,2,1129,564,"[true, false, false]",90,2,0,Starfield Stage - 1
3157,2025-09-30T16:00:33.242289,9,715.0,369.5,-2.0099989283156465,False,False,False,False,1,2,0,29,1,2,1129,564,"[true, false, false]",90,2,0,Starfield Stage - 1
3158,2025-09-30T16:00:33.251097,9,717.5,367.0,-2.017288756172938,False,False,False,False,1,2,0,29,1,2,1129,564,"[true, false, false]",90,2,0,Starfield Stage - 1
3159,2025-09-30T16:00:33.259677,8,720.0,364.5,-2.0246162423777823,False,False,False,False,1,2,0,29,1,2,1129,564,"[true, false, false]",90,2,0,Starfield Stage - 1
3160,2025-09-30T16:00:33.268184,8,722.5,362.0,-2.0319808865893103,False,False,False,False,1,2,0,29,1,2,1129,564,"[true, false, false]",90,2,0,Starfield Stage - 1
3161,2025-09-30T16:00:33.275497,8,725.0,359.5,-2.039382167258798,False,False,False,False,1,2,0,29,1,2,1129,564,"[true, false, false]",90,2,0,Starfield Stage - 1
3162,2025-09-30T16:00:33.283777,8,727.5,357.0,-2.046819541582904,False,False,False,False,1,2,0,29,1,2,1129,564,"[true, false, false]",90,2,0,Starfield Stage - 1
3163,2025-09-30T16:00:33.292055,9,730.0,354.5,-2.054292445481828,False,False,False,False,1,2,0,29,1,2,1129,564,"[false, false, false]",90,2,0,Starfield Stage - 1
3164,2025-09-30T16:00:33.301259,9,732.5,352.0,-2.0579866794130797,False,False,False,False,1,2,0,29,1,2,1127,561,"[false, false, false]",90,2,0,Starfield Stage - 1
3165,2025-09-30T16:00:33.367117,8,735.0,349.5,-2.0626958900929706,False,False,False,False,1,2,0,29,1,2,1042,514,"[false, false, false]",90,2,0,Starfield Stage - 1
3166,2025-09-30T16:00:33.369708,61,737.5,347.0,-2.0724411025705076,False,False,False,False,1,2,0,29,1,2,1042,514,"[false, false, false]",90,2,0,Starfield Stage - 1
3167,2025-09-30T16:00:33.378468,8,740.0,344.5,-2.0926947276697816,False,False,False,False,1,2,0,29,1,2,1033,513,"[false, false, false]",90,2,0,Starfield Stage - 1
3168,2025-09-30T16:00:33.387726,9,742.5,342.0,-2.1151108995510626,False,False,False,False,1,2,0,29,1,2,1025,513,"[false, false, false]",90,2,0,Starfield Stage - 1
3169,2025-09-30T16:00:33.396167,9,745.0,339.5,-2.138818596377812,False,False,False,False,1,2,0,29,1,2,1020,515,"[false, false, false]",90,2,0,Starfield Stage - 1
3170,2025-09-30T16:00:33.405520,9,747.5,337.0,-2.1622162600555197,False,False,False,False,1,2,0,29,1,2,1017,518,"[false, false, false]",90,2,0,Starfield Stage - 1
3171,2025-09-30T16:00:33.413218,8,750.0,334.5,-2.1822788160681474,False,False,False,False,2,2,0,29,1,2,1016,521,"[true, false, false]",90,2,0,Starfield Stage - 1
3172,2025-09-30T16:00:33.421789,9,752.5,332.0,-2.200494631231561,False,False,False,False,2,2,0,29,1,2,1016,524,"[true, false, false]",90,2,0,Starfield Stage - 1
3173,2025-09-30T16:00:33.431157,9,755.0,329.5,-2.223429601807592,False,False,False,False,2,2,0,29,1,2,1016,529,"[true, false, false]",90,2,0,Starfield Stage - 1
3174,2025-09-30T16:00:33.439646,8,757.5,327.0,-2.238897575270805,False,False,False,False,2,2,0,29,1,2,1016,531,"[true, false, false]",90,2,0,Starfield Stage - 1
3175,2025-09-30T16:00:33.448184,9,760.0,324.5,-2.2519352859822894,False,False,False,False,2,2,0,29,1,2,1016,532,"[true, false, false]",90,2,0,Starfield Stage - 1
3176,2025-09-30T16:00:33.456417,8,762.5,322.0,-2.2649523049207674,False,False,False,False,2,2,0,29,1,2,1016,533,"[true, false, false]",90,2,0,Starfield Stage - 1
3177,2025-09-30T16:00:33.465338,9,765.0,322.0,-2.270200198998104,False,False,False,False,2,2,0,29,1,2,1017,534,"[true, false, false]",90,2,0,Starfield Stage - 1
3178,2025-09-30T16:00:33.473651,9,767.5,322.0,-2.2751158506618796,False,False,False,False,2,2,0,29,1,2,1017,534,"[true, false, false]",90,2,0,Starfield Stage - 1
3179,2025-09-30T16:00:33.482415,8,770.0,322.0,-2.280089043342394,False,False,False,False,2,2,0,29,1,2,1017,534,"[false, false, false]",90,2,0,Starfield Stage - 1
3180,2025-09-30T16:00:33.492053,9,772.5,322.0,-2.285120542955546,False,False,False,False,2,2,0,29,1,2,1017,534,"[false, false, false]",90,2,0,Starfield Stage - 1
3181,2025-09-30T16:00:33.499828,9,775.0,322.0,-2.288167751021462,False,False,False,False,2,2,0,29,1,2,1018,534,"[false, false, false]",90,2,0,Starfield Stage - 1
3182,2025-09-30T16:00:33.571003,9,777.5,322.0,-2.2561983625464226,False,False,False,False,2,2,0,29,1,2,1027,526,"[false, false, false]",90,2,0,Starfield Stage - 1
3183,2025-09-30T16:00:33.573953,65,780.0,322.0,-2.2611381485041506,False,False,False,False,2,2,0,29,1,2,1027,526,"[false, false, false]",90,2,0,Starfield Stage - 1
3184,2025-09-30T16:00:33.583027,9,782.5,322.0,-2.254414964267119,False,False,False,False,2,2,0,29,1,2,1028,522,"[false, false, false]",90,2,0,Starfield Stage - 1
3185,2025-09-30T16:00:33.593027,9,785.0,322.0,-2.2569738663450405,False,False,False,False,2,2,0,29,1,2,1028,521,"[false, false, false]",90,2,0,Starfield Stage - 1
3186,2025-09-30T16:00:33.600773,9,787.5,322.0,-2.262048152802979,False,False,False,False,2,2,0,29,1,2,1028,521,"[false, false, false]",90,2,0,Starfield Stage - 1
3187,2025-09-30T16:00:33.610715,9,790.0,322.0,-2.2671854475505278,False,False,False,False,3,2,0,29,1,2,1028,521,"[true, false, false]",90,2,0,Starfield Stage - 1
3188,2025-09-30T16:00:33.619437,8,792.5,322.0,-2.2723866552219913,False,False,False,False,3,2,0,29,1,2,1028,521,"[true, false, false]",90,2,0,Starfield Stage - 1
3189,2025-09-30T16:00:33.626520,8,795.0,322.0,-2.2776526892662723,False,False,False,False,3,2,0,29,1,2,1028,521,"[true, false, false]",90,2,0,Starfield Stage - 1
3190,2025-09-30T16:00:33.635610,9,797.5,322.0,-2.2804934534124013,False,False,False,False,3,2,0,29,1,2,1028,520,"[true, false, false]",90,2,0,Starfield Stage - 1
3191,2025-09-30T16:00:33.643996,9,800.0,322.0,-2.283722106646265,False,False,False,False,3,2,0,29,1,2,1029,520,"[true, false, false]",90,2,0,Starfield Stage - 1
3192,2025-09-30T16:00:33.653779,9,802.5,322.0,-2.2844685103230944,False,False,False,False,3,2,0,29,1,2,1030,519,"[true, false, false]",90,2,0,Starfield Stage - 1
3193,2025-09-30T16:00:33.661934,9,805.0,322.0,-2.2899408907345506,False,False,False,False,3,2,0,29,1,2,1030,519,"[true, false, false]",90,2,0,Starfield Stage - 1
3194,2025-09-30T16:00:33.671434,8,807.5,322.0,-2.2932575071729593,False,False,False,False,3,2,0,29,1,2,1031,519,"[true, false, false]",90,2,0,Starfield Stage - 1
3195,2025-09-30T16:00:33.678954,9,810.0,322.0,-2.2988411911011792,False,False,False,False,3,2,0,29,1,2,1031,519,"[false, false, false]",90,2,0,Starfield Stage - 1
3196,2025-09-30T16:00:33.688071,9,812.5,322.0,-2.3044957133433317,False,False,False,False,3,2,0,29,1,2,1031,519,"[false, false, false]",90,2,0,Starfield Stage - 1
3197,2025-09-30T16:00:33.697934,9,815.0,324.5,-2.303867150350538,False,False,False,False,3,2,0,31,1,2,1031,519,"[false, false, false]",90,2,0,Starfield Stage - 1
3198,2025-09-30T16:00:33.705934,9,817.5,327.0,-2.29801980935512,False,False,False,False,3,2,0,31,1,2,1031,517,"[false, false, false]",90,2,0,Starfield Stage - 1
3199,2025-09-30T16:00:33.777209,9,817.5,329.5,-2.0528145723528644,False,False,False,False,3,2,0,31,1,2,1044,448,"[false, false, false]",90,2,0,Starfield Stage - 1
3200,2025-09-30T16:00:33.780005,65,817.5,332.0,-2.0441097156121364,False,False,False,False,3,2,0,31,1,2,1044,448,"[false, false, false]",90,2,0,Starfield Stage - 1
3201,2025-09-30T16:00:33.788689,8,817.5,334.5,-1.992838198608456,False,False,False,False,3,2,0,31,1,2,1048,438,"[false, false, false]",90,2,0,Starfield Stage - 1
3202,2025-09-30T16:00:33.797299,9,817.5,337.0,-1.935834324475993,False,False,False,False,3,2,0,31,1,2,1053,427,"[false, false, false]",90,2,0,Starfield Stage - 1
3203,2025-09-30T16:00:33.805583,8,817.5,339.5,-1.883753138022453,False,False,False,False,3,2,0,31,1,2,1057,417,"[false, false, false]",90,2,0,Starfield Stage - 1
3204,2025-09-30T16:00:33.814017,9,817.5,342.0,-1.8344509791895216,False,False,False,False,3,2,0,31,1,2,1062,408,"[false, false, false]",90,2,0,Starfield Stage - 1
3205,2025-09-30T16:00:33.823378,9,817.5,344.5,-1.7477091673592822,False,False,False,False,3,2,0,31,1,2,1072,390,"[false, false, false]",90,2,0,Starfield Stage - 1
3206,2025-09-30T16:00:33.831105,8,817.5,347.0,-1.7010754226547338,False,False,False,False,3,2,0,31,1,2,1077,381,"[false, false, false]",90,2,0,Starfield Stage - 1
3207,2025-09-30T16:00:33.840486,9,817.5,349.5,-1.6553400823078948,False,False,False,False,3,2,0,31,1,2,1083,372,"[false, false, false]",90,2,0,Starfield Stage - 1
3208,2025-09-30T16:00:33.849633,9,817.5,352.0,-1.6112898333181702,False,False,False,False,3,2,0,31,1,2,1089,363,"[false, false, false]",90,2,0,Starfield Stage - 1
3209,2025-09-30T16:00:33.858362,9,815.0,354.5,-1.5725820391825338,False,False,False,False,3,2,0,31,1,2,1095,355,"[false, false, false]",90,2,0,Starfield Stage - 1
3210,2025-09-30T16:00:33.866285,8,812.5,357.0,-1.5361481533923602,False,False,False,False,3,2,0,31,1,2,1101,347,"[false, false, false]",90,2,0,Starfield Stage - 1
3211,2025-09-30T16:00:33.874656,8,810.0,359.5,-1.5018820607432808,False,False,False,False,3,2,0,31,1,2,1107,339,"[false, false, false]",90,2,0,Starfield Stage - 1
3212,2025-09-30T16:00:33.883078,9,807.5,362.0,-1.4758446204521403,False,False,False,False,3,2,0,31,1,2,1112,333,"[false, false, false]",90,2,0,Starfield Stage - 1
3213,2025-09-30T16:00:33.892248,9,805.0,362.0,-1.4619040173077207,False,False,False,False,3,2,0,31,1,2,1116,328,"[false, false, false]",90,2,0,Starfield Stage - 1
3214,2025-09-30T16:00:33.900125,8,802.5,362.0,-1.451305107124362,False,False,False,False,3,2,0,31,1,2,1119,324,"[false, false, false]",90,2,0,Starfield Stage - 1
3215,2025-09-30T16:00:33.909541,9,800.0,362.0,-1.4437583183718057,False,False,False,False,3,3,0,31,1,2,1121,321,"[false, false, false]",90,2,0,Starfield Stage - 1
3216,2025-09-30T16:00:33.983306,9,800.0,362.0,-1.423717971406494,False,False,False,False,3,3,0,31,1,2,1124,314,"[false, false, false]",90,2,0,Starfield Stage - 1
3217,2025-09-30T16:00:33.986092,68,800.0,362.0,-1.423717971406494,False,False,False,False,3,3,0,31,1,2,1124,314,"[false, false, false]",90,2,0,Starfield Stage - 1
3218,2025-09-30T16:00:33.995199,9,800.0,362.0,-1.423717971406494,False,False,False,False,3,3,0,31,1,2,1124,314,"[false, false, false]",90,2,0,Starfield Stage - 1
3219,2025-09-30T16:00:34.003632,9,800.0,362.0,-1.423717971406494,False,False,False,False,3,3,0,31,1,2,1124,314,"[false, false, false]",90,2,0,Starfield Stage - 1
3220,2025-09-30T16:00:34.013418,9,800.0,362.0,-1.423717971406494,False,False,False,False,3,3,0,31,1,2,1124,314,"[false, false, false]",90,2,0,Starfield Stage - 1
3221,2025-09-30T16:00:34.021249,8,800.0,362.0,-1.423717971406494,False,False,False,False,3,3,0,31,1,2,1124,314,"[false, false, false]",90,2,0,Starfield Stage - 1
3222,2025-09-30T16:00:34.031417,8,800.0,362.0,-1.423717971406494,False,False,False,False,2,3,0,31,1,2,1124,314,"[false, false, false]",90,2,0,Starfield Stage - 1
3223,2025-09-30T16:00:34.038117,9,800.0,362.0,-1.423717971406494,False,False,False,False,2,3,0,31,1,2,1124,314,"[false, false, false]",90,2,0,Starfield Stage - 1
3224,2025-09-30T16:00:34.047730,9,800.0,362.0,-1.423717971406494,False,False,False,False,2,3,0,31,1,2,1124,314,"[false, false, false]",90,2,0,Starfield Stage - 1
3225,2025-09-30T16:00:34.055941,9,800.0,362.0,-1.423717971406494,False,False,False,False,2,3,0,31,1,2,1124,314,"[false, false, false]",90,2,0,Starfield Stage - 1
3226,2025-09-30T16:00:34.064790,8,800.0,362.0,-1.423717971406494,False,False,False,False,2,3,0,31,1,2,1124,314,"[false, false, false]",90,2,0,Starfield Stage - 1
3227,2025-09-30T16:00:34.073044,9,800.0,362.0,-1.423717971406494,False,False,False,False,2,3,0,31,1,2,1124,314,"[false, false, false]",90,2,0,Starfield Stage - 1
3228,2025-09-30T16:00:34.082338,9,800.0,362.0,-1.423717971406494,False,False,False,False,2,3,0,31,1,2,1124,314,"[false, false, false]",90,2,0,Starfield Stage - 1
3229,2025-09-30T16:00:34.090252,8,800.0,362.0,-1.423717971406494,False,False,False,False,2,3,0,31,1,2,1124,314,"[false, false, false]",90,2,0,Starfield Stage - 1
3230,2025-09-30T16:00:34.098882,8,800.0,362.0,-1.423717971406494,False,False,False,False,2,3,0,31,1,2,1124,314,"[false, false, false]",90,2,0,Starfield Stage - 1
3231,2025-09-30T16:00:34.107922,9,800.0,362.0,-1.423717971406494,False,False,False,False,2,3,0,31,1,2,1124,314,"[false, false, false]",90,2,0,Starfield Stage - 1
3232,2025-09-30T16:00:34.116932,10,800.0,362.0,-1.423717971406494,False,False,False,False,2,3,0,32,1,2,1124,314,"[false, false, false]",90,2,0,Starfield Stage - 1
3233,2025-09-30T16:00:34.184668,9,800.0,362.0,-1.423717971406494,False,False,False,False,2,3,0,32,1,2,1124,314,"[false, false, false]",90,2,0,Starfield Stage - 1
3234,2025-09-30T16:00:34.187243,61,800.0,362.0,-1.423717971406494,False,False,False,False,2,3,0,32,1,2,1124,314,"[false, false, false]",90,2,0,Starfield Stage - 1
3235,2025-09-30T16:00:34.195161,8,800.0,362.0,-1.423717971406494,False,False,False,False,2,3,0,32,1,2,1124,314,"[false, false, false]",90,2,0,Starfield Stage - 1
3236,2025-09-30T16:00:34.203574,9,800.0,362.0,-1.423717971406494,False,False,False,False,2,3,0,32,1,2,1124,314,"[false, false, false]",90,2,0,Starfield Stage - 1
3237,2025-09-30T16:00:34.213257,9,800.0,362.0,-1.4241640514482787,False,False,False,False,2,3,0,32,1,2,1125,314,"[false, false, false]",90,2,0,Starfield Stage - 1
3238,2025-09-30T16:00:34.221056,8,800.0,362.0,-1.4246074530487214,False,False,False,False,2,3,0,32,1,2,1126,314,"[false, false, false]",90,2,0,Starfield Stage - 1
3239,2025-09-30T16:00:34.229414,8,800.0,362.0,-1.4254863161591944,False,False,False,False,1,3,0,32,1,2,1128,314,"[false, false, false]",90,2,0,Starfield Stage - 1
3240,2025-09-30T16:00:34.237403,8,800.0,362.0,-1.4263547484202526,False,False,False,False,1,3,0,32,1,2,1130,314,"[false, false, false]",90,2,0,Starfield Stage - 1
3241,2025-09-30T16:00:34.245179,8,800.0,362.0,-1.4267851104357512,False,False,False,False,1,3,0,32,1,2,1131,314,"[false, false, false]",90,2,0,Starfield Stage - 1
3242,2025-09-30T16:00:34.253580,8,800.0,362.0,-1.4276382388112479,False,False,False,False,1,3,0,32,1,2,1133,314,"[false, false, false]",90,2,0,Starfield Stage - 1
3243,2025-09-30T16:00:34.261605,9,800.0,362.0,-1.431407628134,False,False,False,False,1,3,0,32,1,2,1135,315,"[false, false, false]",90,2,0,Starfield Stage - 1
3244,2025-09-30T16:00:34.271090,9,800.0,362.0,-1.4330314800761852,False,False,False,False,1,3,0,32,1,2,1139,315,"[false, false, false]",90,2,0,Starfield Stage - 1
3245,2025-09-30T16:00:34.280410,9,800.0,362.0,-1.4363187568182163,False,False,False,False,1,3,0,32,1,2,1140,316,"[false, false, false]",90,2,0,Starfield Stage - 1
3246,2025-09-30T16:00:34.288969,9,800.0,362.0,-1.4370958099406452,False,False,False,False,1,3,0,32,1,2,1142,316,"[false, false, false]",90,2,0,Starfield Stage - 1
3247,2025-09-30T16:00:34.298179,9,800.0,362.0,-1.4399689307208396,False,False,False,False,1,3,0,32,1,2,1142,317,"[false, false, false]",90,2,0,Starfield Stage - 1
3248,2025-09-30T16:00:34.306290,8,800.0,362.0,-1.440346033048541,False,False,False,False,1,3,0,32,1,2,1143,317,"[false, false, false]",90,2,0,Starfield Stage - 1
3249,2025-09-30T16:00:34.314802,9,800.0,362.0,-1.440346033048541,False,False,False,False,1,3,0,32,1,2,1143,317,"[false, false, false]",90,2,0,Starfield Stage - 1
3250,2025-09-30T16:00:34.323671,9,800.0,362.0,-1.440346033048541,False,False,False,False,1,3,0,32,1,2,1143,317,"[false, false, false]",90,2,0,Starfield Stage - 1
3251,2025-09-30T16:00:34.392899,9,800.0,362.0,-1.419974732256543,False,False,False,False,1,3,0,32,1,2,1129,312,"[false, false, false]",90,2,0,Starfield Stage - 1
3252,2025-09-30T16:00:34.395560,62,800.0,362.0,-1.419974732256543,False,False,False,False,1,3,0,32,1,2,1129,312,"[false, false, false]",90,2,0,Starfield Stage - 1
3253,2025-09-30T16:00:34.404191,8,800.0,362.0,-1.4091423930160325,False,False,False,False,1,3,0,31,1,2,1125,309,"[false, false, false]",90,2,0,Starfield Stage - 1
3254,2025-09-30T16:00:34.411619,8,800.0,362.0,-1.4005844015094222,False,False,False,False,0,3,0,31,1,2,1120,307,"[false, false, false]",90,2,0,Starfield Stage - 1
3255,2025-09-30T16:00:34.419957,8,800.0,362.0,-1.3819895128065995,False,False,False,False,0,3,0,31,1,2,1114,302,"[false, false, false]",90,2,0,Starfield Stage - 1
3256,2025-09-30T16:00:34.428999,9,800.0,362.0,-1.3659196097577881,False,False,False,False,0,3,0,31,1,2,1108,298,"[false, false, false]",90,2,0,Starfield Stage - 1
3257,2025-09-30T16:00:34.436713,9,800.0,362.0,-1.346891826664547,False,False,False,False,0,3,0,31,1,2,1103,293,"[false, false, false]",90,2,0,Starfield Stage - 1
3258,2025-09-30T16:00:34.445384,8,800.0,362.0,-1.3273974411847795,False,False,False,False,0,3,0,31,1,2,1098,288,"[false, false, false]",90,2,0,Starfield Stage - 1
3259,2025-09-30T16:00:34.453599,8,800.0,362.0,-1.3065738486467626,False,False,False,False,0,3,0,31,1,2,1092,283,"[false, false, false]",90,2,0,Starfield Stage - 1
3260,2025-09-30T16:00:34.462012,9,800.0,362.0,-1.2892782880971914,False,False,False,False,0,3,0,31,1,2,1087,279,"[false, false, false]",90,2,0,Starfield Stage - 1
3261,2025-09-30T16:00:34.470119,8,800.0,362.0,-1.27155001119242,False,False,False,False,0,3,0,31,1,2,1082,275,"[false, false, false]",90,2,0,Starfield Stage - 1
3262,2025-09-30T16:00:34.478303,8,800.0,362.0,-1.2512055962536608,False,False,False,False,0,3,0,31,1,2,1078,270,"[false, false, false]",90,2,0,Starfield Stage - 1
3263,2025-09-30T16:00:34.486567,8,800.0,362.0,-1.2360594894780819,False,False,False,False,0,3,0,31,1,2,1076,266,"[false, false, false]",90,2,0,Starfield Stage - 1
3264,2025-09-30T16:00:34.495101,9,800.0,362.0,-1.2132304752184657,False,False,False,False,0,3,0,31,1,2,1073,260,"[false, false, false]",90,2,0,Starfield Stage - 1
3265,2025-09-30T16:00:34.503845,9,800.0,362.0,-1.2088063517505407,False,False,False,False,0,3,0,31,1,2,1072,259,"[false, false, false]",90,2,0,Starfield Stage - 1
3266,2025-09-30T16:00:34.513320,9,800.0,362.0,-1.2043645160905536,False,False,False,False,1,3,0,31,1,2,1071,258,"[true, false, false]",90,2,0,Starfield Stage - 1
3267,2025-09-30T16:00:34.522147,9,800.0,362.0,-1.2043645160905536,False,False,False,False,1,3,0,31,1,2,1071,258,"[true, false, false]",90,2,0,Starfield Stage - 1
3268,2025-09-30T16:00:34.531286,9,800.0,362.0,-1.2075848298429415,False,False,False,False,1,3,0,32,1,2,1071,259,"[true, false, false]",90,2,0,Starfield Stage - 1
3269,2025-09-30T16:00:34.599823,8,800.0,362.0,-1.2689546460239864,False,False,False,False,1,3,0,32,1,2,1073,277,"[false, false, false]",90,2,0,Starfield Stage - 1
3270,2025-09-30T16:00:34.602518,63,800.0,362.0,-1.2689546460239864,False,False,False,False,1,3,0,32,1,2,1073,277,"[false, false, false]",90,2,0,Starfield Stage - 1
3271,2025-09-30T16:00:34.611591,9,800.0,362.0,-1.2733235621137906,False,False,False,False,1,3,0,32,1,2,1074,278,"[false, false, false]",90,2,0,Starfield Stage - 1
3272,2025-09-30T16:00:34.620370,9,800.0,362.0,-1.2743429050124426,False,False,False,False,1,3,0,32,1,2,1075,278,"[false, false, false]",90,2,0,Starfield Stage - 1
3273,2025-09-30T16:00:34.628684,8,800.0,362.0,-1.2786748597661908,False,False,False,False,1,3,0,32,1,2,1076,279,"[false, false, false]",90,2,0,Starfield Stage - 1
3274,2025-09-30T16:00:34.636791,9,800.0,362.0,-1.2786748597661908,False,False,False,False,1,3,0,32,1,2,1076,279,"[false, false, false]",90,2,0,Starfield Stage - 1
3275,2025-09-30T16:00:34.646345,9,800.0,362.0,-1.2786748597661908,False,False,False,False,1,3,0,32,1,2,1076,279,"[false, false, false]",90,2,0,Starfield Stage - 1
3276,2025-09-30T16:00:34.654349,8,800.0,362.0,-1.2786748597661908,False,False,False,False,1,3,0,32,1,2,1076,279,"[false, false, false]",90,2,0,Starfield Stage - 1
3277,2025-09-30T16:00:34.662818,9,800.0,362.0,-1.2786748597661908,False,False,False,False,1,3,0,32,1,2,1076,279,"[false, false, false]",90,2,0,Starfield Stage - 1
3278,2025-09-30T16:00:34.672568,9,800.0,362.0,-1.2786748597661908,False,False,False,False,1,3,0,32,1,2,1076,279,"[false, false, false]",90,2,0,Starfield Stage - 1
3279,2025-09-30T16:00:34.680149,8,800.0,362.0,-1.2786748597661908,False,False,False,False,1,3,0,32,1,2,1076,279,"[false, false, false]",90,2,0,Starfield Stage - 1
3280,2025-09-30T16:00:34.688957,9,800.0,362.0,-1.2786748597661908,False,False,False,False,1,3,0,32,1,2,1076,279,"[false, false, false]",90,2,0,Starfield Stage - 1
3281,2025-09-30T16:00:34.698617,9,800.0,362.0,-1.2786748597661908,False,False,False,False,2,3,0,32,1,2,1076,279,"[true, false, false]",90,2,0,Starfield Stage - 1
3282,2025-09-30T16:00:34.706234,8,800.0,362.0,-1.2786748597661908,False,False,False,False,2,3,0,32,1,2,1076,279,"[true, false, false]",90,2,0,Starfield Stage - 1
3283,2025-09-30T16:00:34.714984,9,800.0,362.0,-1.2786748597661908,False,False,False,False,2,3,0,32,1,2,1076,279,"[true, false, false]",90,2,0,Starfield Stage - 1
3284,2025-09-30T16:00:34.724259,9,797.5,362.0,-1.2811523187294582,False,False,False,False,2,3,0,32,1,2,1076,279,"[true, false, false]",90,2,0,Starfield Stage - 1
3285,2025-09-30T16:00:34.732740,8,795.0,362.0,-1.2835892615550306,False,False,False,False,2,3,0,32,1,2,1076,279,"[true, false, false]",90,2,0,Starfield Stage - 1
3286,2025-09-30T16:00:34.801258,9,792.5,362.0,-1.2859866458300981,False,False,False,False,2,3,0,32,1,2,1076,279,"[false, false, false]",90,2,0,Starfield Stage - 1
3287,2025-09-30T16:00:34.803721,63,790.0,362.0,-1.2883454001233319,False,False,False,False,2,3,0,32,1,2,1076,279,"[false, false, false]",90,2,0,Starfield Stage - 1
3288,2025-09-30T16:00:34.813442,9,787.5,364.5,-1.2826818722503874,False,False,False,False,2,3,0,32,1,2,1076,279,"[false, false, false]",90,2,0,Starfield Stage - 1
3289,2025-09-30T16:00:34.821566,8,785.0,367.0,-1.2802856058285228,False,False,False,False,2,3,0,32,1,2,1076,280,"[false, false, false]",90,2,0,Starfield Stage - 1
3290,2025-09-30T16:00:34.830115,9,782.5,369.5,-1.2801238458816968,False,False,False,False,2,3,0,32,1,2,1075,282,"[false, false, false]",90,2,0,Starfield Stage - 1
3291,2025-09-30T16:00:34.838323,8,780.0,372.0,-1.277785290484923,False,False,False,False,2,3,0,32,1,2,1075,283,"[false, false, false]",90,2,0,Starfield Stage - 1
3292,2025-09-30T16:00:34.846440,8,777.5,374.5,-1.276702653055528,False,False,False,False,2,3,0,32,1,2,1073,285,"[false, false, false]",90,2,0,Starfield Stage - 1
3293,2025-09-30T16:00:34.855021,9,775.0,377.0,-1.276844994304534,False,False,False,False,2,3,0,32,1,2,1069,288,"[false, false, false]",90,2,0,Starfield Stage - 1
3294,2025-09-30T16:00:34.902342,10,772.5,379.5,-1.2757608950343722,False,False,False,False,1,2,0,32,1,2,1067,290,"[false, false, false]",110,2,0,Starfield Stage - 1
3295,2025-09-30T16:00:34.904619,40,770.0,382.0,-1.338692488719741,False,False,False,False,1,2,0,32,1,2,1045,317,"[false, false, false]",110,2,0,Starfield Stage - 1
3296,2025-09-30T16:00:34.914124,9,767.5,384.5,-1.3578102513528907,False,False,False,False,1,2,0,32,1,2,1038,326,"[false, false, false]",110,2,0,Starfield Stage - 1
3297,2025-09-30T16:00:34.923337,9,765.0,387.0,-1.3836193893553341,False,False,False,False,1,2,0,32,1,2,1029,337,"[false, false, false]",110,2,0,Starfield Stage - 1
3298,2025-09-30T16:00:34.931217,8,762.5,389.5,-1.4185847628543757,False,False,False,False,1,2,0,32,1,2,1020,350,"[false, false, false]",110,2,0,Starfield Stage - 1
3299,2025-09-30T16:00:34.940386,8,760.0,392.0,-1.4597018516042675,False,False,False,False,1,2,0,32,1,2,1011,364,"[false, false, false]",110,2,0,Starfield Stage - 1
3300,2025-09-30T16:00:35.009363,8,760.0,394.5,-1.873681195169868,False,False,False,False,2,3,0,32,1,2,928,447,"[true, false, false]",110,2,0,Starfield Stage - 1
3301,2025-09-30T16:00:35.012058,65,762.5,397.0,-1.8641921770142627,False,False,False,False,2,3,0,32,1,2,928,447,"[true, false, false]",110,2,0,Starfield Stage - 1
3302,2025-09-30T16:00:35.020116,8,765.0,399.5,-1.8953743948627566,False,False,False,False,2,3,0,32,1,2,924,453,"[true, false, false]",110,2,0,Starfield Stage - 1
3303,2025-09-30T16:00:35.029965,9,767.5,402.0,-1.9148516199852341,False,False,False,False,2,3,0,32,1,2,921,457,"[true, false, false]",110,2,0,Starfield Stage - 1
3304,2025-09-30T16:00:35.038452,9,770.0,404.5,-1.9332394006808924,False,False,False,False,2,3,0,32,1,2,919,461,"[true, false, false]",110,2,0,Starfield Stage - 1
3305,2025-09-30T16:00:35.047323,9,772.5,407.0,-1.958441190621918,False,False,False,False,2,3,0,32,1,2,917,466,"[true, false, false]",110,2,0,Starfield Stage - 1
3306,2025-09-30T16:00:35.056218,9,775.0,409.5,-1.9640757318487934,False,False,False,False,2,2,0,33,1,2,916,468,"[true, false, false]",110,2,0,Starfield Stage - 1
3307,2025-09-30T16:00:35.064108,8,777.5,412.0,-1.972589406751798,False,False,False,False,2,2,0,33,1,2,914,470,"[true, false, false]",110,2,0,Starfield Stage - 1
3308,2025-09-30T16:00:35.072297,8,780.0,414.5,-1.9661212067855753,False,False,False,False,2,2,0,33,1,2,913,470,"[true, false, false]",110,2,0,Starfield Stage - 1
3309,2025-09-30T16:00:35.080230,8,782.5,417.0,-1.968622757261372,False,False,False,False,2,2,0,33,1,2,911,471,"[true, false, false]",110,2,0,Starfield Stage - 1
3310,2025-09-30T16:00:35.089042,8,785.0,419.5,-1.971300037880412,False,False,False,False,2,2,0,33,1,2,909,472,"[false, false, false]",110,2,0,Starfield Stage - 1
3311,2025-09-30T16:00:35.097107,9,787.5,422.0,-1.9641133909585142,False,False,False,False,2,2,0,33,1,2,908,472,"[false, false, false]",110,2,0,Starfield Stage - 1
3312,2025-09-30T16:00:35.106162,9,790.0,424.5,-1.9699017494648414,False,False,False,False,2,2,0,33,1,2,905,473,"[false, false, false]",110,2,0,Starfield Stage - 1
3313,2025-09-30T16:00:35.114123,8,792.5,427.0,-1.9717884114000952,False,False,False,False,2,2,0,33,1,2,901,473,"[false, false, false]",110,2,0,Starfield Stage - 1
3314,2025-09-30T16:00:35.122379,8,795.0,429.5,-1.969097435590208,False,False,False,False,2,2,0,33,1,2,896,472,"[false, false, false]",110,2,0,Starfield Stage - 1
3315,2025-09-30T16:00:35.130984,9,797.5,432.0,-1.9698019809281784,False,False,False,False,2,2,0,33,1,2,890,471,"[false, false, false]",110,2,0,Starfield Stage - 1
3316,2025-09-30T16:00:35.139917,9,800.0,434.5,-1.9749608404809316,False,False,False,False,2,2,0,33,1,2,883,470,"[false, false, false]",110,2,0,Starfield Stage - 1
3317,2025-09-30T16:00:35.207218,9,802.5,437.0,-1.7731179551732004,False,False,False,False,2,2,0,33,1,2,822,441,"[false, false, false]",110,2,0,Starfield Stage - 1
3318,2025-09-30T16:00:35.209734,61,805.0,439.5,-1.6588037003226375,False,False,False,False,2,2,0,33,1,2,822,441,"[false, false, false]",110,2,0,Starfield Stage - 1
3319,2025-09-30T16:00:35.218658,8,807.5,442.0,-1.423717971406494,False,False,False,False,2,2,0,33,1,2,821,440,"[false, false, false]",110,2,0,Starfield Stage - 1
3320,2025-09-30T16:00:35.226938,9,810.0,444.5,-1.1824776086224307,False,False,False,False,3,2,0,33,1,2,821,440,"[true, false, false]",110,2,0,Starfield Stage - 1
3321,2025-09-30T16:00:35.236331,9,812.5,447.0,-0.8818719385800352,False,False,False,False,3,2,0,33,1,2,821,440,"[true, false, false]",110,2,0,Starfield Stage - 1
3322,2025-09-30T16:00:35.244401,8,815.0,449.5,-0.5633162614919681,False,False,False,False,3,2,0,33,1,2,821,440,"[true, false, false]",110,2,0,Starfield Stage - 1
3323,2025-09-30T16:00:35.252659,8,817.5,452.0,-0.28379410920832787,False,False,False,False,3,2,0,33,1,2,821,440,"[true, false, false]",110,2,0,Starfield Stage - 1
3324,2025-09-30T16:00:35.260747,9,820.0,454.5,-0.0688564893010446,False,False,False,False,3,2,0,33,1,2,821,440,"[true, false, false]",110,2,0,Starfield Stage - 1
3325,2025-09-30T16:00:35.270191,9,822.5,457.0,0.08800737352774077,False,False,False,False,3,2,0,33,1,2,821,440,"[false, false, false]",110,2,0,Starfield Stage - 1
3326,2025-09-30T16:00:35.279714,8,825.0,459.5,0.20232162837830375,False,False,False,False,3,2,0,33,1,2,821,440,"[false, false, false]",110,2,0,Starfield Stage - 1
3327,2025-09-30T16:00:35.287338,9,827.5,462.0,0.2872814533971342,False,False,False,False,3,2,0,33,1,2,821,440,"[false, false, false]",110,2,0,Starfield Stage - 1
3328,2025-09-30T16:00:35.295636,8,830.0,464.5,0.3392926144540447,False,False,False,False,3,2,0,33,1,2,821,439,"[false, false, false]",110,2,0,Starfield Stage - 1
3329,2025-09-30T16:00:35.304032,8,832.5,467.0,0.35523086204668164,False,False,False,False,3,2,0,33,1,2,821,436,"[false, false, false]",110,2,0,Starfield Stage - 1
3330,2025-09-30T16:00:35.311200,8,835.0,469.5,0.35730868300810004,False,False,False,False,3,2,0,33,1,2,821,432,"[false, false, false]",110,2,0,Starfield Stage - 1
3331,2025-09-30T16:00:35.319294,8,837.5,472.0,0.3514447940035517,False,False,False,False,3,2,0,33,1,2,821,427,"[false, false, false]",110,2,0,Starfield Stage - 1
3332,2025-09-30T16:00:35.327665,8,840.0,474.5,0.3517143357759998,False,False,False,False,3,2,0,33,1,2,820,420,"[false, false, false]",110,2,0,Starfield Stage - 1
3333,2025-09-30T16:00:35.335850,9,842.5,477.0,0.33806612283682547,False,False,False,False,3,2,0,33,1,2,820,413,"[false, false, false]",110,2,0,Starfield Stage - 1
3334,2025-09-30T16:00:35.345033,9,845.0,479.5,0.3316512209846308,False,False,False,False,2,2,0,33,1,2,819,404,"[false, false, false]",110,2,0,Starfield Stage - 1
3335,2025-09-30T16:00:35.413235,8,842.5,482.0,0.21674798226533554,False,False,False,False,2,2,0,33,1,2,800,289,"[false, false, false]",110,2,0,Starfield Stage - 1
3336,2025-09-30T16:00:35.420998,63,840.0,484.5,0.203383512233794,False,False,False,False,2,2,0,33,1,2,797,276,"[false, false, false]",110,2,0,Starfield Stage - 1
3337,2025-09-30T16:00:35.425724,9,837.5,487.0,0.1918090257892248,False,False,False,False,2,2,0,33,1,2,794,263,"[false, false, false]",110,2,0,Starfield Stage - 1
3338,2025-09-30T16:00:35.433393,8,835.0,489.5,0.17837721372711363,False,False,False,False,2,2,0,33,1,2,792,251,"[false, false, false]",110,2,0,Starfield Stage - 1
3339,2025-09-30T16:00:35.443079,8,832.5,492.0,0.16643031721272541,False,False,False,False,2,2,0,33,1,2,790,239,"[false, false, false]",110,2,0,Starfield Stage - 1
3340,2025-09-30T16:00:35.450245,9,830.0,494.5,0.15689198431359236,False,False,False,False,2,2,0,33,1,2,788,229,"[false, false, false]",110,2,0,Starfield Stage - 1
3341,2025-09-30T16:00:35.458292,8,827.5,497.0,0.14466573617798578,False,False,False,False,2,2,0,33,1,2,787,219,"[false, false, false]",110,2,0,Starfield Stage - 1
3342,2025-09-30T16:00:35.467349,9,825.0,499.5,0.13729994205766802,False,False,False,False,2,2,0,33,1,2,785,210,"[false, false, false]",110,2,0,Starfield Stage - 1
3343,2025-09-30T16:00:35.475049,8,822.5,502.0,0.12435499454676144,False,False,False,False,2,2,0,33,1,2,785,202,"[false, false, false]",110,2,0,Starfield Stage - 1
3344,2025-09-30T16:00:35.485017,10,820.0,504.5,0.11654265348666032,False,False,False,False,2,2,0,33,1,2,784,197,"[false, false, false]",110,2,0,Starfield Stage - 1
3345,2025-09-30T16:00:35.493906,9,817.5,507.0,0.10313593568079314,False,False,False,False,2,2,0,33,1,2,785,193,"[false, false, false]",110,2,0,Starfield Stage - 1
3346,2025-09-30T16:00:35.502659,8,815.0,509.5,0.09420848834507839,False,False,False,False,3,2,0,33,1,2,785,192,"[true, false, false]",110,2,0,Starfield Stage - 1
3347,2025-09-30T16:00:35.511258,9,812.5,512.0,0.08262396825941613,False,False,False,False,3,2,0,33,1,2,786,192,"[true, false, false]",110,2,0,Starfield Stage - 1
3348,2025-09-30T16:00:35.519894,8,810.0,514.5,0.07428167941256276,False,False,False,False,3,2,0,33,1,2,786,192,"[true, false, false]",110,2,0,Starfield Stage - 1
3349,2025-09-30T16:00:35.527872,9,807.5,517.0,0.06605759504657509,False,False,False,False,3,2,0,33,1,2,786,192,"[true, false, false]",110,2,0,Starfield Stage - 1
3350,2025-09-30T16:00:35.537366,9,805.0,519.5,0.05795030959897287,False,False,False,False,3,2,0,33,1,2,786,192,"[true, false, false]",110,2,0,Starfield Stage - 1
3351,2025-09-30T16:00:35.546298,8,802.5,522.0,0.050109991263872514,False,False,False,False,3,2,0,33,1,2,786,193,"[true, false, false]",110,2,0,Starfield Stage - 1
3352,2025-09-30T16:00:35.615116,8,802.5,524.5,-0.024625562866468633,False,False,False,False,3,2,0,33,1,2,810,220,"[false, false, false]",110,2,0,Starfield Stage - 1
3353,2025-09-30T16:00:35.617515,65,802.5,527.0,-0.02442510904168811,False,False,False,False,3,2,0,33,1,2,810,220,"[false, false, false]",110,2,0,Starfield Stage - 1
3354,2025-09-30T16:00:35.626412,8,802.5,529.5,-0.034022522933850906,False,False,False,False,3,2,0,33,1,2,813,221,"[false, false, false]",110,2,0,Starfield Stage - 1
3355,2025-09-30T16:00:35.634895,8,802.5,532.0,-0.04030074830378136,False,False,False,False,3,2,0,33,1,2,815,222,"[false, false, false]",110,2,0,Starfield Stage - 1
3356,2025-09-30T16:00:35.643740,9,805.0,534.5,-0.03518547272906019,False,False,False,False,2,2,0,33,1,2,816,222,"[false, false, false]",110,2,0,Starfield Stage - 1
3357,2025-09-30T16:00:35.651739,9,807.5,537.0,-0.030245550884439407,False,False,False,False,2,2,0,33,1,2,817,223,"[false, false, false]",110,2,0,Starfield Stage - 1
3358,2025-09-30T16:00:35.661141,9,810.0,539.5,-0.02527108031855256,False,False,False,False,2,2,0,33,1,2,818,223,"[false, false, false]",110,2,0,Starfield Stage - 1
3359,2025-09-30T16:00:35.669522,8,812.5,542.0,-0.020309707061419158,False,False,False,False,2,2,0,33,1,2,819,222,"[false, false, false]",110,2,0,Starfield Stage - 1
3360,2025-09-30T16:00:35.678331,9,815.0,544.5,-0.015407101271051668,False,False,False,False,2,2,0,33,1,2,820,220,"[false, false, false]",110,2,0,Starfield Stage - 1
3361,2025-09-30T16:00:35.685932,8,817.5,547.0,-0.007621803627755287,False,False,False,False,2,2,0,33,1,2,820,219,"[false, false, false]",110,2,0,Starfield Stage - 1
3362,2025-09-30T16:00:35.695479,9,820.0,549.5,-0.0,False,False,False,False,2,2,0,33,1,2,820,218,"[false, false, false]",110,2,0,Starfield Stage - 1
3363,2025-09-30T16:00:35.703406,8,822.5,552.0,0.007484890160204705,False,False,False,False,3,2,0,33,1,2,820,218,"[true, false, false]",110,2,0,Starfield Stage - 1
3364,2025-09-30T16:00:35.711171,8,825.0,554.5,0.01485774761806274,False,False,False,False,3,2,0,33,1,2,820,218,"[true, false, false]",110,2,0,Starfield Stage - 1
3365,2025-09-30T16:00:35.719573,8,827.5,557.0,0.02212028522875539,False,False,False,False,3,2,0,33,1,2,820,218,"[true, false, false]",110,2,0,Starfield Stage - 1
3366,2025-09-30T16:00:35.727884,8,830.0,559.5,0.029274211533179058,False,False,False,False,3,2,0,34,1,2,820,218,"[true, false, false]",110,2,0,Starfield Stage - 1
3367,2025-09-30T16:00:35.736281,9,832.5,562.0,0.03341778724415507,False,False,False,False,3,2,0,34,1,2,821,218,"[true, false, false]",110,2,0,Starfield Stage - 1
3368,2025-09-30T16:00:35.744446,8,835.0,564.5,0.04038207556449991,False,False,False,False,3,2,0,34,1,2,821,218,"[true, false, false]",110,2,0,Starfield Stage - 1
3369,2025-09-30T16:00:35.752306,8,837.5,567.0,0.0471079794411545,False,False,False,False,3,2,0,34,1,2,821,217,"[true, false, false]",110,2,0,Starfield Stage - 1
3370,2025-09-30T16:00:35.820834,8,835.0,569.5,0.022626972202947158,False,False,False,False,2,2,0,34,1,2,827,216,"[false, false, false]",110,2,0,Starfield Stage - 1
3371,2025-09-30T16:00:35.827098,63,832.5,572.0,0.009831143930666525,False,False,False,False,2,2,0,34,1,2,829,216,"[false, false, false]",110,2,0,Starfield Stage - 1
3372,2025-09-30T16:00:35.831871,8,830.0,574.5,-0.0027971955018118817,False,False,False,False,2,2,0,35,1,2,831,217,"[false, false, false]",110,2,0,Starfield Stage - 1
3373,2025-09-30T16:00:35.840045,9,827.5,577.0,-0.009721915919577362,False,False,False,False,2,2,0,35,1,2,831,217,"[false, false, false]",110,2,0,Starfield Stage - 1
3374,2025-09-30T16:00:35.849032,8,825.0,579.5,-0.01930794515670653,False,False,False,False,2,2,0,35,1,2,832,217,"[false, false, false]",110,2,0,Starfield Stage - 1
3375,2025-09-30T16:00:35.857200,9,822.5,582.0,-0.02602152244120287,False,False,False,False,2,2,0,35,1,2,832,217,"[false, false, false]",110,2,0,Starfield Stage - 1
3376,2025-09-30T16:00:35.865472,8,820.0,584.5,-0.03264146350118918,False,False,False,False,2,2,0,35,1,2,832,217,"[false, false, false]",110,2,0,Starfield Stage - 1
3377,2025-09-30T16:00:35.873658,8,817.5,584.5,-0.03943532703766376,False,False,False,False,2,2,0,35,1,2,832,217,"[false, false, false]",110,2,0,Starfield Stage - 1
3378,2025-09-30T16:00:35.882178,9,815.0,584.5,-0.046225550293639436,False,False,False,False,2,2,0,35,1,2,832,217,"[false, false, false]",110,2,0,Starfield Stage - 1
3379,2025-09-30T16:00:35.890141,8,812.5,584.5,-0.0530115105992924,False,False,False,False,2,2,0,35,1,2,832,217,"[false, false, false]",110,2,0,Starfield Stage - 1
3380,2025-09-30T16:00:35.899280,9,810.0,584.5,-0.05979258763654412,False,False,False,False,2,2,0,35,1,2,832,217,"[false, false, false]",110,2,0,Starfield Stage - 1
3381,2025-09-30T16:00:35.907601,8,807.5,584.5,-0.06656816377582381,False,False,False,False,3,2,0,35,1,2,832,217,"[true, false, false]",110,2,0,Starfield Stage - 1
3382,2025-09-30T16:00:35.915171,8,805.0,584.5,-0.07333762440914525,False,False,False,False,3,2,0,35,1,2,832,217,"[true, false, false]",110,2,0,Starfield Stage - 1
3383,2025-09-30T16:00:35.925045,10,802.5,584.5,-0.08010035827905528,False,False,False,False,3,2,0,35,1,2,832,217,"[true, false, false]",110,2,0,Starfield Stage - 1
3384,2025-09-30T16:00:35.933680,9,800.0,584.5,-0.08709154994050997,False,False,False,False,3,2,0,35,1,2,832,218,"[true, false, false]",110,2,0,Starfield Stage - 1
3385,2025-09-30T16:00:35.943318,9,797.5,584.5,-0.09411240122638621,False,False,False,False,3,2,0,35,1,2,832,219,"[true, false, false]",110,2,0,Starfield Stage - 1
3386,2025-09-30T16:00:35.952251,8,795.0,584.5,-0.1038771533031586,False,False,False,False,3,2,0,35,1,2,833,220,"[true, false, false]",110,2,0,Starfield Stage - 1
3387,2025-09-30T16:00:35.958994,8,792.5,584.5,-0.11065722117389565,False,False,False,False,3,2,0,35,1,2,833,220,"[true, false, false]",110,2,0,Starfield Stage - 1
3388,2025-09-30T16:00:36.027154,9,790.0,584.5,-0.12280112839405101,False,False,False,False,3,2,0,35,1,2,834,228,"[false, false, false]",110,2,0,Starfield Stage - 1
3389,2025-09-30T16:00:36.066486,62,787.5,584.5,-0.1297025371559121,False,False,False,False,2,1,0,35,1,2,834,228,"[false, false, false]",120,2,0,Starfield Stage - 1
3390,2025-09-30T16:00:36.068888,39,785.0,582.0,-0.1383156930755066,False,False,False,False,2,2,0,35,1,2,834,230,"[false, false, false]",120,2,0,Starfield Stage - 1
3391,2025-09-30T16:00:36.078299,9,782.5,579.5,-0.14630054895982664,False,False,False,False,2,2,0,35,1,2,834,230,"[false, false, false]",120,2,0,Starfield Stage - 1
3392,2025-09-30T16:00:36.086310,8,780.0,577.0,-0.15438130328175567,False,False,False,False,2,2,0,35,1,2,834,230,"[false, false, false]",120,2,0,Starfield Stage - 1
3393,2025-09-30T16:00:36.095617,9,777.5,574.5,-0.1625586196320686,False,False,False,False,2,2,0,35,1,2,834,230,"[false, false, false]",120,2,0,Starfield Stage - 1
3394,2025-09-30T16:00:36.103905,9,775.0,572.0,-0.17083312589776437,False,False,False,False,2,2,0,35,1,2,834,230,"[false, false, false]",120,2,0,Starfield Stage - 1
3395,2025-09-30T16:00:36.113914,9,772.5,569.5,-0.1792054117432275,False,False,False,False,2,2,0,35,1,2,834,230,"[false, false, false]",120,2,0,Starfield Stage - 1
3396,2025-09-30T16:00:36.122282,9,770.0,567.0,-0.19109191841645315,False,False,False,False,2,2,0,35,1,2,835,231,"[false, false, false]",120,2,0,Starfield Stage - 1
3397,2025-09-30T16:00:36.129801,8,767.5,564.5,-0.20605585141736044,False,False,False,False,2,2,0,35,1,2,837,232,"[false, false, false]",120,2,0,Starfield Stage - 1
3398,2025-09-30T16:00:36.139039,9,765.0,562.0,-0.22479394987140724,False,False,False,False,2,2,0,35,1,2,840,234,"[false, false, false]",120,2,0,Starfield Stage - 1
3399,2025-09-30T16:00:36.148244,9,762.5,559.5,-0.24026000486370566,False,False,False,False,2,2,0,35,1,2,842,235,"[false, false, false]",120,2,0,Starfield Stage - 1
3400,2025-09-30T16:00:36.156650,8,760.0,557.0,-0.262546401740099,False,False,False,False,2,2,0,35,1,2,846,237,"[false, false, false]",120,2,0,Starfield Stage - 1
3401,2025-09-30T16:00:36.165145,9,757.5,554.5,-0.28312243562062556,False,False,False,False,2,2,0,35,1,2,849,240,"[false, false, false]",120,2,0,Starfield Stage - 1
3402,2025-09-30T16:00:36.235810,8,755.0,552.0,-0.3532982695905813,False,False,False,False,2,2,0,35,1,2,866,251,"[false, false, false]",120,2,0,Starfield Stage - 1
3403,2025-09-30T16:00:36.238190,65,752.5,549.5,-0.36335190998136163,False,False,False,False,2,2,0,35,1,2,866,251,"[false, false, false]",120,2,0,Starfield Stage - 1
3404,2025-09-30T16:00:36.246895,8,750.0,547.0,-0.37758069792336896,False,False,False,False,1,2,0,34,1,2,867,252,"[false, false, false]",120,2,0,Starfield Stage - 1
3405,2025-09-30T16:00:36.255052,9,747.5,544.5,-0.3878527039594794,False,False,False,False,1,2,0,34,1,2,867,252,"[false, false, false]",120,2,0,Starfield Stage - 1
3406,2025-09-30T16:00:36.263966,9,745.0,542.0,-0.402383430341816,False,False,False,False,1,2,0,34,1,2,868,253,"[false, false, false]",120,2,0,Starfield Stage - 1
3407,2025-09-30T16:00:36.273501,9,742.5,539.5,-0.4141546792483269,False,False,False,False,1,2,0,34,1,2,868,254,"[false, false, false]",120,2,0,Starfield Stage - 1
3408,2025-09-30T16:00:36.282029,9,740.0,537.0,-0.4260930196342094,False,False,False,False,1,2,0,34,1,2,868,255,"[false, false, false]",120,2,0,Starfield Stage - 1
3409,2025-09-30T16:00:36.291767,8,737.5,534.5,-0.43662715981354133,False,False,False,False,1,2,0,34,1,2,867,257,"[false, false, false]",120,2,0,Starfield Stage - 1
3410,2025-09-30T16:00:36.299005,9,735.0,532.0,-0.4414290436740871,False,False,False,False,1,2,0,34,1,2,864,259,"[false, false, false]",120,2,0,Starfield Stage - 1
3411,2025-09-30T16:00:36.308180,9,732.5,529.5,-0.4418956014434135,False,False,False,False,1,2,0,34,1,2,860,260,"[false, false, false]",120,2,0,Starfield Stage - 1
3412,2025-09-30T16:00:36.316535,8,730.0,527.0,-0.4300211452570982,False,False,False,False,1,2,0,34,1,2,852,261,"[false, false, false]",120,2,0,Starfield Stage - 1
3413,2025-09-30T16:00:36.325138,9,727.5,524.5,-0.41310702820976564,False,False,False,False,1,2,0,34,1,2,843,261,"[false, false, false]",120,2,0,Starfield Stage - 1
3414,2025-09-30T16:00:36.335369,10,725.0,522.0,-0.3469168647939388,False,False,False,False,1,2,0,34,1,2,819,262,"[false, false, false]",120,2,0,Starfield Stage - 1
3415,2025-09-30T16:00:36.343317,8,722.5,519.5,-0.30652924760229017,False,False,False,False,1,2,0,34,1,2,804,262,"[false, false, false]",120,2,0,Starfield Stage - 1
3416,2025-09-30T16:00:36.351308,8,720.0,517.0,-0.260602391747341,False,False,False,False,1,2,0,34,1,2,788,262,"[false, false, false]",120,2,0,Starfield Stage - 1
3417,2025-09-30T16:00:36.359000,8,717.5,514.5,-0.20879324256911921,False,False,False,False,1,2,0,34,1,2,771,262,"[false, false, false]",120,2,0,Starfield Stage - 1
3418,2025-09-30T16:00:36.367997,9,715.0,512.0,-0.1457837646271678,False,False,False,False,1,2,0,34,1,2,752,260,"[false, false, false]",120,2,0,Starfield Stage - 1
3419,2025-09-30T16:00:36.437853,9,712.5,509.5,0.5519554331955203,False,False,False,False,1,2,0,34,1,2,541,231,"[false, false, false]",120,2,0,Starfield Stage - 1
3420,2025-09-30T16:00:36.440598,63,710.0,507.0,0.5494282655610011,False,False,False,False,1,2,0,34,1,2,541,231,"[false, false, false]",120,2,0,Starfield Stage - 1
3421,2025-09-30T16:00:36.448417,8,707.5,504.5,0.613297912178011,False,False,False,False,1,2,0,34,1,2,515,231,"[false, false, false]",120,2,0,Starfield Stage - 1
3422,2025-09-30T16:00:36.456121,8,705.0,502.0,0.6666183771775773,False,False,False,False,1,2,0,34,1,2,491,230,"[false, false, false]",120,2,0,Starfield Stage - 1
3423,2025-09-30T16:00:36.465914,9,702.5,499.5,0.7160650297092397,False,False,False,False,1,2,0,34,1,2,468,230,"[false, false, false]",120,2,0,Starfield Stage - 1
3424,2025-09-30T16:00:36.474364,9,700.0,497.0,0.7604513245092256,False,False,False,False,1,2,0,34,1,2,446,230,"[false, false, false]",120,2,0,Starfield Stage - 1
3425,2025-09-30T16:00:36.483228,9,697.5,494.5,0.8022505004387909,False,False,False,False,1,2,0,34,1,2,426,232,"[false, false, false]",120,2,0,Starfield Stage - 1
3426,2025-09-30T16:00:36.492075,8,695.0,492.0,0.8402880259916021,False,False,False,False,1,2,0,34,1,2,407,234,"[false, false, false]",120,2,0,Starfield Stage - 1
3427,2025-09-30T16:00:36.500380,9,692.5,489.5,0.8771971876156367,False,False,False,False,1,2,0,34,1,2,390,238,"[false, false, false]",120,2,0,Starfield Stage - 1
3428,2025-09-30T16:00:36.510329,8,690.0,487.0,0.9077781769702472,False,False,False,False,1,2,0,34,1,2,375,241,"[false, false, false]",120,2,0,Starfield Stage - 1
3429,2025-09-30T16:00:36.517500,9,687.5,484.5,0.9393725208304317,False,False,False,False,1,2,0,34,1,2,360,245,"[false, false, false]",120,2,0,Starfield Stage - 1
3430,2025-09-30T16:00:36.526656,8,685.0,482.0,0.9672544335825639,False,False,False,False,1,2,0,34,1,2,347,249,"[false, false, false]",120,2,0,Starfield Stage - 1
3431,2025-09-30T16:00:36.534660,8,682.5,479.5,0.9911407747954838,False,False,False,False,1,2,0,34,1,2,335,252,"[false, false, false]",120,2,0,Starfield Stage - 1
3432,2025-09-30T16:00:36.541803,9,680.0,477.0,1.027949646824639,False,False,False,False,1,2,0,34,1,2,317,258,"[false, false, false]",120,2,0,Starfield Stage - 1
3433,2025-09-30T16:00:36.550980,8,677.5,474.5,1.0380565461971505,False,False,False,False,1,2,0,34,1,2,312,259,"[false, false, false]",120,2,0,Starfield Stage - 1
3434,2025-09-30T16:00:36.559335,9,675.0,472.0,1.0490132423933325,False,False,False,False,1,2,0,34,1,2,308,261,"[false, false, false]",120,2,0,Starfield Stage - 1
3435,2025-09-30T16:00:36.567537,8,672.5,469.5,1.0588591504876925,False,False,False,False,2,2,0,34,1,2,305,263,"[true, false, false]",120,2,0,Starfield Stage - 1
3436,2025-09-30T16:00:36.575937,9,670.0,467.0,1.067639373982329,False,False,False,False,2,2,0,34,1,2,303,265,"[true, false, false]",120,2,0,Starfield Stage - 1
3437,2025-09-30T16:00:36.644715,9,670.0,464.5,1.098914215292359,False,False,False,False,2,2,0,34,1,2,283,267,"[false, false, false]",120,2,0,Starfield Stage - 1
3438,2025-09-30T16:00:36.651074,62,670.0,462.0,1.1051099846350243,False,False,False,False,2,2,0,34,1,2,278,265,"[false, false, false]",120,2,0,Starfield Stage - 1
3439,2025-09-30T16:00:36.654986,8,670.0,459.5,1.114208610584219,False,False,False,False,2,2,0,34,1,2,272,264,"[false, false, false]",120,2,0,Starfield Stage - 1
3440,2025-09-30T16:00:36.663777,9,670.0,457.0,1.120135000714263,False,False,False,False,2,2,0,34,1,2,267,262,"[false, false, false]",120,2,0,Starfield Stage - 1
3441,2025-09-30T16:00:36.673458,8,670.0,454.5,1.1278456141802178,False,False,False,False,2,2,0,34,1,2,260,260,"[false, false, false]",120,2,0,Starfield Stage - 1
3442,2025-09-30T16:00:36.681086,9,670.0,452.0,1.132583544631566,False,False,False,False,2,2,0,34,1,2,256,258,"[false, false, false]",120,2,0,Starfield Stage - 1
3443,2025-09-30T16:00:36.690099,9,670.0,449.5,1.1372513265440252,False,False,False,False,2,2,0,34,1,2,252,256,"[false, false, false]",120,2,0,Starfield Stage - 1
3444,2025-09-30T16:00:36.697898,8,670.0,447.0,1.1420182993488803,False,False,False,False,2,2,0,34,1,2,250,255,"[false, false, false]",120,2,0,Starfield Stage - 1
3445,2025-09-30T16:00:36.707294,9,670.0,444.5,1.1458702737741941,False,False,False,False,2,2,0,34,1,2,249,254,"[false, false, false]",120,2,0,Starfield Stage - 1
3446,2025-09-30T16:00:36.714970,8,670.0,442.0,1.1488316406212244,False,False,False,False,2,2,0,34,1,2,249,253,"[false, false, false]",120,2,0,Starfield Stage - 1
3447,2025-09-30T16:00:36.724839,9,670.0,439.5,1.1498205183568369,False,False,False,False,2,2,0,34,1,2,249,251,"[false, false, false]",120,2,0,Starfield Stage - 1
3448,2025-09-30T16:00:36.733026,9,670.0,437.0,1.1499241658043828,False,False,False,False,1,2,0,34,1,2,250,249,"[false, false, false]",120,2,0,Starfield Stage - 1
3449,2025-09-30T16:00:36.742247,9,670.0,434.5,1.1453466894248543,False,False,False,False,1,2,0,34,1,2,254,246,"[false, false, false]",120,2,0,Starfield Stage - 1
3450,2025-09-30T16:00:36.752167,8,670.0,432.0,1.1465372023496723,False,False,False,False,1,2,0,34,1,2,256,245,"[false, false, false]",120,2,0,Starfield Stage - 1
3451,2025-09-30T16:00:36.757795,8,672.5,429.5,1.1479925586596065,False,False,False,False,1,2,0,34,1,2,258,243,"[false, false, false]",120,2,0,Starfield Stage - 1
3452,2025-09-30T16:00:36.767302,9,675.0,427.0,1.1514546792448666,False,False,False,False,2,2,0,34,1,2,260,242,"[true, false, false]",120,2,0,Starfield Stage - 1
3453,2025-09-30T16:00:36.776635,8,677.5,424.5,1.1578192416769688,False,False,False,False,2,2,0,34,1,2,261,242,"[true, false, false]",120,2,0,Starfield Stage - 1
3454,2025-09-30T16:00:36.784195,9,680.0,422.0,1.162157080393076,False,False,False,False,2,2,0,34,1,2,262,241,"[true, false, false]",120,2,0,Starfield Stage - 1
3455,2025-09-30T16:00:36.855199,8,682.5,422.0,1.1634616656451238,False,False,False,False,2,2,0,34,1,2,263,241,"[false, false, false]",120,2,0,Starfield Stage - 1
3456,2025-09-30T16:00:36.857870,66,685.0,422.0,1.1636188302046502,False,False,False,False,2,2,0,34,1,2,263,240,"[false, false, false]",120,2,0,Starfield Stage - 1
3457,2025-09-30T16:00:36.867218,9,687.5,422.0,1.1617893374027017,False,False,False,False,2,2,0,34,1,2,263,238,"[false, false, false]",120,2,0,Starfield Stage - 1
3458,2025-09-30T16:00:36.875390,8,690.0,422.0,1.1599841134900122,False,False,False,False,2,2,0,34,1,2,263,236,"[false, false, false]",120,2,0,Starfield Stage - 1
3459,2025-09-30T16:00:36.884106,8,692.5,422.0,1.1582026902801645,False,False,False,False,2,2,0,34,1,2,263,234,"[false, false, false]",120,2,0,Starfield Stage - 1
3460,2025-09-30T16:00:36.892803,9,695.0,422.0,1.1583858851975093,False,False,False,False,2,2,0,34,1,2,263,233,"[false, false, false]",120,2,0,Starfield Stage - 1
3461,2025-09-30T16:00:36.901585,9,697.5,422.0,1.1566365806722738,False,False,False,False,2,2,0,34,1,2,263,231,"[false, false, false]",120,2,0,Starfield Stage - 1
3462,2025-09-30T16:00:36.909397,8,700.0,422.0,1.1568263855020724,False,False,False,False,2,2,0,34,1,2,263,230,"[false, false, false]",120,2,0,Starfield Stage - 1
3463,2025-09-30T16:00:36.917209,8,702.5,422.0,1.157014062128673,False,False,False,False,2,2,0,34,1,2,263,229,"[false, false, false]",120,2,0,Starfield Stage - 1
3464,2025-09-30T16:00:36.925551,8,705.0,422.0,1.157199646133517,False,False,False,False,2,2,0,34,1,2,263,228,"[false, false, false]",120,2,0,Starfield Stage - 1
3465,2025-09-30T16:00:36.933136,8,707.5,422.0,1.1582092691626096,False,False,False,False,2,2,0,34,1,2,262,227,"[false, false, false]",120,2,0,Starfield Stage - 1
3466,2025-09-30T16:00:36.941771,9,710.0,422.0,1.1583858851975093,False,False,False,False,2,2,0,34,1,2,262,226,"[false, false, false]",120,2,0,Starfield Stage - 1
3467,2025-09-30T16:00:36.951349,9,712.5,422.0,1.1604255094088072,False,False,False,False,3,2,0,34,1,2,262,226,"[true, false, false]",120,2,0,Starfield Stage - 1
3468,2025-09-30T16:00:36.959449,8,715.0,422.0,1.162446187710556,False,False,False,False,3,2,0,34,1,2,262,226,"[true, false, false]",120,2,0,Starfield Stage - 1
3469,2025-09-30T16:00:36.968324,9,717.5,422.0,1.1644481665891318,False,False,False,False,3,2,0,34,1,2,262,226,"[true, false, false]",120,2,0,Starfield Stage - 1
3470,2025-09-30T16:00:36.976397,8,720.0,422.0,1.1664316885896084,False,False,False,False,3,2,0,34,1,2,262,226,"[true, false, false]",120,2,0,Starfield Stage - 1
3471,2025-09-30T16:00:36.985648,9,722.5,422.0,1.1683969923864121,False,False,False,False,3,2,0,34,1,2,262,226,"[true, false, false]",120,2,0,Starfield Stage - 1
3472,2025-09-30T16:00:37.053811,9,725.0,422.0,1.1764575592958857,False,False,False,False,3,2,0,34,1,2,254,226,"[false, false, false]",120,2,0,Starfield Stage - 1
3473,2025-09-30T16:00:37.056258,62,727.5,422.0,1.1783318315370275,False,False,False,False,3,2,0,34,1,2,254,226,"[false, false, false]",120,2,0,Starfield Stage - 1
3474,2025-09-30T16:00:37.064971,8,730.0,424.5,1.1761534540735168,False,False,False,False,3,2,0,34,1,2,251,225,"[false, false, false]",120,2,0,Starfield Stage - 1
3475,2025-09-30T16:00:37.072619,8,732.5,427.0,1.1740283462935401,False,False,False,False,3,2,0,34,1,2,248,224,"[false, false, false]",120,2,0,Starfield Stage - 1
3476,2025-09-30T16:00:37.080672,8,735.0,429.5,1.1726836798488205,False,False,False,False,3,2,0,34,1,2,244,223,"[false, false, false]",120,2,0,Starfield Stage - 1
3477,2025-09-30T16:00:37.089478,9,737.5,432.0,1.170654230769868,False,False,False,False,3,2,0,34,1,2,241,222,"[false, false, false]",120,2,0,Starfield Stage - 1
3478,2025-09-30T16:00:37.097769,8,740.0,434.5,1.168672616241683,False,False,False,False,3,2,0,34,1,2,238,221,"[false, false, false]",120,2,0,Starfield Stage - 1
3479,2025-09-30T16:00:37.106615,9,742.5,437.0,1.1667371797845043,False,False,False,False,3,2,0,34,1,2,235,220,"[false, false, false]",120,2,0,Starfield Stage - 1
3480,2025-09-30T16:00:37.115029,9,745.0,439.5,1.1641379659725304,False,False,False,False,3,2,0,34,1,2,233,219,"[false, false, false]",120,2,0,Starfield Stage - 1
3481,2025-09-30T16:00:37.123903,9,747.5,442.0,1.1625147229853743,False,False,False,False,3,2,0,34,1,2,232,219,"[false, false, false]",120,2,0,Starfield Stage - 1
3482,2025-09-30T16:00:37.132452,8,750.0,444.5,1.1585884476092827,False,False,False,False,3,2,0,34,1,2,232,218,"[false, false, false]",120,2,0,Starfield Stage - 1
3483,2025-09-30T16:00:37.141303,9,750.0,447.0,1.1545440276460515,False,False,False,False,3,2,0,34,1,2,232,218,"[false, false, false]",120,2,0,Starfield Stage - 1
3484,2025-09-30T16:00:37.149373,8,750.0,449.5,1.150514018732351,False,False,False,False,4,2,0,34,1,2,232,218,"[true, false, false]",120,2,0,Starfield Stage - 1
3485,2025-09-30T16:00:37.157142,8,750.0,452.0,1.1464984741826958,False,False,False,False,4,2,0,34,1,2,232,218,"[true, false, false]",120,2,0,Starfield Stage - 1
3486,2025-09-30T16:00:37.166367,9,750.0,454.5,1.142497445063787,False,False,False,False,4,3,0,34,1,2,232,218,"[true, false, false]",120,2,0,Starfield Stage - 1
3487,2025-09-30T16:00:37.176198,9,750.0,457.0,1.1385109802149322,False,False,False,False,4,3,0,34,1,2,232,218,"[true, false, false]",120,2,0,Starfield Stage - 1
3488,2025-09-30T16:00:37.184087,9,750.0,459.5,1.134539126268953,False,False,False,False,4,3,0,34,1,2,232,218,"[true, false, false]",120,2,0,Starfield Stage - 1
3489,2025-09-30T16:00:37.193014,8,747.5,462.0,1.1287140015622488,False,False,False,False,4,3,0,34,1,2,232,218,"[true, false, false]",120,2,0,Starfield Stage - 1
3490,2025-09-30T16:00:37.260479,9,745.0,462.0,1.1608096332285682,False,False,False,False,4,3,0,34,1,2,225,236,"[false, false, false]",120,2,0,Starfield Stage - 1
3491,2025-09-30T16:00:37.302442,62,742.5,462.0,1.1751171078614822,False,False,False,False,3,2,0,34,1,2,223,245,"[false, false, false]",140,2,0,Starfield Stage - 1
3492,2025-09-30T16:00:37.304803,42,740.0,462.0,1.3153877941607464,False,False,False,False,3,2,0,35,1,2,200,321,"[false, false, false]",140,2,0,Starfield Stage - 1
3493,2025-09-30T16:00:37.314469,9,737.5,462.0,1.3503779415549553,False,False,False,False,3,2,0,35,1,2,193,340,"[false, false, false]",140,2,0,Starfield Stage - 1
3494,2025-09-30T16:00:37.323084,9,735.0,462.0,1.385007702596153,False,False,False,False,3,2,0,35,1,2,187,359,"[false, false, false]",140,2,0,Starfield Stage - 1
3495,2025-09-30T16:00:37.332368,9,732.5,462.0,1.4181469983996315,False,False,False,False,3,2,0,35,1,2,180,377,"[false, false, false]",140,2,0,Starfield Stage - 1
3496,2025-09-30T16:00:37.340852,8,730.0,462.0,1.4748352844335548,False,False,False,False,3,2,0,35,1,2,169,408,"[false, false, false]",140,2,0,Starfield Stage - 1
3497,2025-09-30T16:00:37.349221,9,727.5,462.0,1.499930279561968,False,False,False,False,3,2,0,35,1,2,164,422,"[false, false, false]",140,2,0,Starfield Stage - 1
3498,2025-09-30T16:00:37.357464,8,725.0,462.0,1.5177487970334256,False,False,False,False,3,2,0,35,1,2,160,432,"[false, false, false]",140,2,0,Starfield Stage - 1
3499,2025-09-30T16:00:37.365692,9,722.5,462.0,1.5319123106563701,False,False,False,False,3,2,0,35,1,2,157,440,"[false, false, false]",140,2,0,Starfield Stage - 1
3500,2025-09-30T16:00:37.374990,9,720.0,462.0,1.5424853090396908,False,False,False,False,3,2,0,35,1,2,155,446,"[false, false, false]",140,2,0,Starfield Stage - 1
3501,2025-09-30T16:00:37.384022,9,717.5,462.0,1.5495040703539902,False,False,False,False,3,2,0,35,1,2,154,450,"[false, false, false]",140,2,0,Starfield Stage - 1
3502,2025-09-30T16:00:37.393356,9,715.0,462.0,1.5547834606895452,False,False,False,False,3,2,0,35,1,2,153,453,"[false, false, false]",140,2,0,Starfield Stage - 1
3503,2025-09-30T16:00:37.463699,8,712.5,459.5,1.571685215449675,False,False,False,False,4,2,0,35,1,2,150,460,"[true, false, false]",140,2,0,Starfield Stage - 1
3504,2025-09-30T16:00:37.469671,65,710.0,457.0,1.576153418404744,False,False,False,False,4,2,0,36,1,2,150,460,"[true, false, false]",140,2,0,Starfield Stage - 1
3505,2025-09-30T16:00:37.475170,9,707.5,454.5,1.5806614776050159,False,False,False,False,4,2,0,36,1,2,150,460,"[true, false, false]",140,2,0,Starfield Stage - 1
3506,2025-09-30T16:00:37.484030,8,705.0,452.0,1.5852097430137824,False,False,False,False,4,2,0,36,1,2,150,460,"[true, false, false]",140,2,0,Starfield Stage - 1
3507,2025-09-30T16:00:37.492475,9,702.5,449.5,1.58979856421025,False,False,False,False,4,2,0,36,1,2,150,460,"[false, false, false]",140,2,0,Starfield Stage - 1
3508,2025-09-30T16:00:37.500894,9,700.0,447.0,1.5944282902031714,False,False,False,False,4,2,0,36,1,2,150,460,"[false, false, false]",140,2,0,Starfield Stage - 1
3509,2025-09-30T16:00:37.509771,9,697.5,444.5,1.5990992692364978,False,False,False,False,4,2,0,36,1,2,150,460,"[false, false, false]",140,2,0,Starfield Stage - 1
3510,2025-09-30T16:00:37.519235,9,695.0,442.0,1.6037514244091948,False,False,False,False,4,2,0,36,1,2,149,460,"[false, false, false]",140,2,0,Starfield Stage - 1
3511,2025-09-30T16:00:37.527592,9,692.5,439.5,1.610189319571219,False,False,False,False,4,2,0,36,1,2,147,461,"[false, false, false]",140,2,0,Starfield Stage - 1
3512,2025-09-30T16:00:37.536028,8,690.0,437.0,1.6148045913460043,False,False,False,False,4,2,0,36,1,2,145,461,"[false, false, false]",140,2,0,Starfield Stage - 1
3513,2025-09-30T16:00:37.545987,8,687.5,434.5,1.6211661510650532,False,False,False,False,4,2,0,36,1,2,142,462,"[false, false, false]",140,2,0,Starfield Stage - 1
3514,2025-09-30T16:00:37.552388,8,685.0,432.0,1.625786702003045,False,False,False,False,4,2,0,36,1,2,140,462,"[false, false, false]",140,2,0,Starfield Stage - 1
3515,2025-09-30T16:00:37.559950,8,682.5,429.5,1.630413383014987,False,False,False,False,4,2,0,36,1,2,138,462,"[false, false, false]",140,2,0,Starfield Stage - 1
3516,2025-09-30T16:00:37.569878,10,680.0,427.0,1.633215136790854,False,False,False,False,4,2,0,36,1,2,136,461,"[false, false, false]",140,2,0,Starfield Stage - 1
3517,2025-09-30T16:00:37.579052,9,677.5,424.5,1.6360210619700368,False,False,False,False,4,2,0,36,1,2,134,460,"[false, false, false]",140,2,0,Starfield Stage - 1
3518,2025-09-30T16:00:37.587867,9,675.0,422.0,1.6407924888961738,False,False,False,False,4,2,0,36,1,2,133,460,"[false, false, false]",140,2,0,Starfield Stage - 1
3519,2025-09-30T16:00:37.597600,9,672.5,419.5,1.6436128777648455,False,False,False,False,4,2,0,36,1,2,131,459,"[false, false, false]",140,2,0,Starfield Stage - 1
3520,2025-09-30T16:00:37.668212,9,672.5,417.0,1.644531289764333,False,False,False,False,5,2,0,36,1,2,131,457,"[true, false, false]",140,2,0,Starfield Stage - 1
3521,2025-09-30T16:00:37.671406,65,672.5,414.5,1.6491214503654446,False,False,False,False,5,2,0,36,1,2,131,457,"[true, false, false]",140,2,0,Starfield Stage - 1
3522,2025-09-30T16:00:37.679755,8,672.5,412.0,1.6537083060509488,False,False,False,False,5,2,0,36,1,2,131,457,"[false, false, false]",140,2,0,Starfield Stage - 1
3523,2025-09-30T16:00:37.687952,9,672.5,409.5,1.6582916675972879,False,False,False,False,5,2,0,36,1,2,131,457,"[false, false, false]",140,2,0,Starfield Stage - 1
3524,2025-09-30T16:00:37.697018,9,672.5,407.0,1.6628713466562535,False,False,False,False,5,2,0,36,1,2,131,457,"[false, false, false]",140,2,0,Starfield Stage - 1
3525,2025-09-30T16:00:37.706534,9,672.5,404.5,1.6674471557999961,False,False,False,False,5,2,0,36,1,2,131,457,"[false, false, false]",140,2,0,Starfield Stage - 1
3526,2025-09-30T16:00:37.715443,9,672.5,402.0,1.6720189085654662,False,False,False,False,5,2,0,36,1,2,131,457,"[false, false, false]",140,2,0,Starfield Stage - 1
3527,2025-09-30T16:00:37.723811,9,672.5,399.5,1.676392862426589,False,False,False,False,5,2,0,36,1,2,130,457,"[false, false, false]",140,2,0,Starfield Stage - 1
3528,2025-09-30T16:00:37.733404,9,672.5,397.0,1.6841739442806272,False,False,False,False,5,2,0,36,1,2,128,459,"[false, false, false]",140,2,0,Starfield Stage - 1
3529,2025-09-30T16:00:37.742072,9,672.5,394.5,1.6902975384860888,False,False,False,False,5,2,0,36,1,2,127,460,"[false, false, false]",140,2,0,Starfield Stage - 1
3530,2025-09-30T16:00:37.750667,8,672.5,392.0,1.69661759595067,False,False,False,False,5,2,0,36,1,2,127,461,"[false, false, false]",140,2,0,Starfield Stage - 1
3531,2025-09-30T16:00:37.759146,9,672.5,389.5,1.7029275649103743,False,False,False,False,5,2,0,36,1,2,127,462,"[false, false, false]",140,2,0,Starfield Stage - 1
3532,2025-09-30T16:00:37.767602,8,672.5,387.0,1.7110247909825342,False,False,False,False,5,2,0,36,1,2,127,464,"[false, false, false]",140,2,0,Starfield Stage - 1
3533,2025-09-30T16:00:37.775734,8,672.5,384.5,1.7173099169531552,False,False,False,False,5,2,0,37,1,2,127,465,"[false, false, false]",140,2,0,Starfield Stage - 1
3534,2025-09-30T16:00:37.784423,9,675.0,382.0,1.7246795454331758,False,False,False,False,5,2,0,37,1,2,127,467,"[false, false, false]",140,2,0,Starfield Stage - 1
3535,2025-09-30T16:00:37.794464,9,677.5,379.5,1.7319656589651384,False,False,False,False,5,2,0,37,1,2,127,469,"[false, false, false]",140,2,0,Starfield Stage - 1
3536,2025-09-30T16:00:37.802007,9,680.0,377.0,1.740925918189183,False,False,False,False,5,2,0,37,1,2,127,472,"[true, false, false]",140,2,0,Starfield Stage - 1
3537,2025-09-30T16:00:37.872272,9,682.5,374.5,1.789560574298208,False,False,False,False,5,2,0,37,1,2,127,498,"[false, false, false]",140,2,0,Starfield Stage - 1
3538,2025-09-30T16:00:37.874922,64,685.0,372.0,1.7928782287003768,False,False,False,False,5,2,0,37,1,2,127,498,"[false, false, false]",140,2,0,Starfield Stage - 1
3539,2025-09-30T16:00:37.884609,9,687.5,369.5,1.8012405173788806,False,False,False,False,5,2,0,37,1,2,127,501,"[false, false, false]",140,2,0,Starfield Stage - 1
3540,2025-09-30T16:00:37.893192,9,690.0,367.0,1.814105542390907,False,False,False,False,5,2,0,37,1,2,126,507,"[false, false, false]",140,2,0,Starfield Stage - 1
3541,2025-09-30T16:00:37.902014,8,692.5,364.5,1.8213545972396483,False,False,False,False,5,2,0,37,1,2,124,510,"[false, false, false]",140,2,0,Starfield Stage - 1
3542,2025-09-30T16:00:37.910365,9,695.0,362.0,1.828894368377123,False,False,False,False,5,2,0,37,1,2,123,513,"[false, false, false]",140,2,0,Starfield Stage - 1
3543,2025-09-30T16:00:37.918398,8,697.5,359.5,1.834257548878924,False,False,False,False,4,2,0,37,1,2,121,515,"[false, false, false]",140,2,0,Starfield Stage - 1
3544,2025-09-30T16:00:37.926879,9,700.0,357.0,1.8395225376852515,False,False,False,False,4,2,0,37,1,2,119,517,"[false, false, false]",140,2,0,Starfield Stage - 1
3545,2025-09-30T16:00:37.936175,9,702.5,354.5,1.8419637621211367,False,False,False,False,4,2,0,37,1,2,118,517,"[false, false, false]",140,2,0,Starfield Stage - 1
3546,2025-09-30T16:00:37.946131,8,705.0,352.0,1.846393898253312,False,False,False,False,4,2,0,37,1,2,118,518,"[false, false, false]",140,2,0,Starfield Stage - 1
3547,2025-09-30T16:00:37.952813,9,707.5,349.5,1.8487604528744497,False,False,False,False,4,2,0,37,1,2,117,518,"[false, false, false]",140,2,0,Starfield Stage - 1
3548,2025-09-30T16:00:37.962505,9,710.0,347.0,1.8515442337462114,False,False,False,False,4,2,0,37,1,2,117,518,"[false, false, false]",140,2,0,Starfield Stage - 1
3549,2025-09-30T16:00:37.970509,8,712.5,344.5,1.8543002351278706,False,False,False,False,4,2,0,37,1,2,117,518,"[false, false, false]",140,2,0,Starfield Stage - 1
3550,2025-09-30T16:00:37.979286,9,715.0,342.0,1.8570288295277992,False,False,False,False,4,2,0,37,1,2,117,518,"[false, false, false]",140,2,0,Starfield Stage - 1
3551,2025-09-30T16:00:37.987134,8,717.5,339.5,1.8597303837149533,False,False,False,False,4,2,0,37,1,2,117,518,"[false, false, false]",140,2,0,Starfield Stage - 1
3552,2025-09-30T16:00:37.995396,8,720.0,337.0,1.862405258803919,False,False,False,False,4,2,0,37,1,2,117,518,"[false, false, false]",140,2,0,Starfield Stage - 1
3553,2025-09-30T16:00:38.003838,8,722.5,334.5,1.8650538103393763,False,False,False,False,4,2,0,37,1,2,117,518,"[false, false, false]",140,2,0,Starfield Stage - 1
3554,2025-09-30T16:00:38.073153,9,720.0,332.0,1.8699943145412345,False,False,False,False,4,2,0,37,1,2,117,518,"[false, false, false]",140,2,0,Starfield Stage - 1
3555,2025-09-30T16:00:38.075608,64,717.5,329.5,1.8749607546819549,False,False,False,False,4,2,0,37,1,2,117,518,"[false, false, false]",140,2,0,Starfield Stage - 1
3556,2025-09-30T16:00:38.085240,9,715.0,327.0,1.8799530886024909,False,False,False,False,4,2,0,37,1,2,117,518,"[false, false, false]",140,2,0,Starfield Stage - 1
3557,2025-09-30T16:00:38.132559,8,712.5,324.5,1.8849712685403435,False,False,False,False,3,1,0,39,1,2,117,518,"[false, false, false]",150,2,0,Starfield Stage - 1
3558,2025-09-30T16:00:38.135103,42,710.0,322.0,1.8583939246243815,False,False,False,False,3,1,0,39,1,2,115,498,"[false, false, false]",150,2,0,Starfield Stage - 1
3559,2025-09-30T16:00:38.144348,9,707.5,319.5,1.85164898280636,False,False,False,False,3,1,0,39,1,2,113,491,"[false, false, false]",150,2,0,Starfield Stage - 1
3560,2025-09-30T16:00:38.152480,8,705.0,317.0,1.843305404642141,False,False,False,False,3,1,0,39,1,2,111,483,"[false, false, false]",150,2,0,Starfield Stage - 1
3561,2025-09-30T16:00:38.160364,8,702.5,314.5,1.8344846442033835,False,False,False,False,3,1,0,39,1,2,108,475,"[false, false, false]",150,2,0,Starfield Stage - 1
3562,2025-09-30T16:00:38.168993,9,700.0,312.0,1.824880043134165,False,False,False,False,2,1,0,39,1,2,107,466,"[false, false, false]",150,2,0,Starfield Stage - 1
3563,2025-09-30T16:00:38.178465,9,697.5,309.5,1.8147819415888065,False,False,False,False,2,1,0,39,1,2,105,457,"[false, false, false]",150,2,0,Starfield Stage - 1
3564,2025-09-30T16:00:38.186938,9,695.0,307.0,1.8046156285436084,False,False,False,False,2,1,0,39,1,2,103,448,"[false, false, false]",150,2,0,Starfield Stage - 1
3565,2025-09-30T16:00:38.196081,9,692.5,304.5,1.796358011060822,False,False,False,False,2,1,0,39,1,2,102,440,"[false, false, false]",150,2,0,Starfield Stage - 1
3566,2025-09-30T16:00:38.205389,9,690.0,302.0,1.78154179361238,False,False,False,False,2,1,0,39,1,2,101,428,"[false, false, false]",150,2,0,Starfield Stage - 1
3567,2025-09-30T16:00:38.274268,8,687.5,299.5,1.7681918866447774,False,False,False,False,3,1,0,39,1,2,110,415,"[true, false, false]",150,2,0,Starfield Stage - 1
3568,2025-09-30T16:00:38.276862,64,685.0,297.0,1.7718744947043958,False,False,False,False,3,1,0,39,1,2,111,414,"[true, false, false]",150,2,0,Starfield Stage - 1
3569,2025-09-30T16:00:38.286011,9,682.5,294.5,1.773915729858953,False,False,False,False,3,1,0,39,1,2,112,412,"[true, false, false]",150,2,0,Starfield Stage - 1
3570,2025-09-30T16:00:38.295736,9,680.0,292.0,1.7776702757746397,False,False,False,False,3,1,0,39,1,2,113,411,"[false, false, false]",150,2,0,Starfield Stage - 1
3571,2025-09-30T16:00:38.303746,8,677.5,289.5,1.7797678080944137,False,False,False,False,3,2,0,39,1,2,114,409,"[false, false, false]",150,2,0,Starfield Stage - 1
3572,2025-09-30T16:00:38.312231,9,675.0,287.0,1.7835963510339734,False,False,False,False,3,2,0,39,1,2,115,408,"[false, false, false]",150,2,0,Starfield Stage - 1
3573,2025-09-30T16:00:38.321760,8,672.5,284.5,1.7853782314582043,False,False,False,False,3,2,0,39,1,2,115,406,"[false, false, false]",150,2,0,Starfield Stage - 1
3574,2025-09-30T16:00:38.329448,9,670.0,282.0,1.7875532291098275,False,False,False,False,3,2,0,39,1,2,116,404,"[false, false, false]",150,2,0,Starfield Stage - 1
3575,2025-09-30T16:00:38.337909,8,667.5,279.5,1.7880222722274006,False,False,False,False,3,2,0,39,1,2,117,401,"[false, false, false]",150,2,0,Starfield Stage - 1
3576,2025-09-30T16:00:38.346089,9,665.0,277.0,1.7884972187601997,False,False,False,False,3,2,0,39,1,2,118,398,"[false, false, false]",150,2,0,Starfield Stage - 1
3577,2025-09-30T16:00:38.355496,9,662.5,274.5,1.788590041928596,False,False,False,False,3,2,0,39,1,2,118,395,"[false, false, false]",150,2,0,Starfield Stage - 1
3578,2025-09-30T16:00:38.363376,8,660.0,272.0,1.7908348668036773,False,False,False,False,3,2,0,39,1,2,119,393,"[false, false, false]",150,2,0,Starfield Stage - 1
3579,2025-09-30T16:00:38.371702,8,657.5,269.5,1.7927072300700326,False,False,False,False,3,2,0,39,1,2,119,391,"[false, false, false]",150,2,0,Starfield Stage - 1
3580,2025-09-30T16:00:38.380774,9,657.5,267.0,1.7953562207231355,False,False,False,False,3,2,0,39,1,2,119,390,"[false, false, false]",150,2,0,Starfield Stage - 1
3581,2025-09-30T16:00:38.388263,8,657.5,264.5,1.7997640747960937,False,False,False,False,3,2,0,39,1,2,119,390,"[false, false, false]",150,2,0,Starfield Stage - 1
3582,2025-09-30T16:00:38.395665,8,657.5,262.0,1.8041628913699335,False,False,False,False,3,2,0,39,1,2,119,390,"[false, false, false]",150,2,0,Starfield Stage - 1
3583,2025-09-30T16:00:38.405464,9,660.0,259.5,1.807494508010987,False,False,False,False,3,2,0,39,1,2,119,390,"[false, false, false]",150,2,0,Starfield Stage - 1
3584,2025-09-30T16:00:38.478218,8,662.5,257.0,1.8107902024277132,False,False,False,False,4,2,0,39,1,2,119,390,"[true, false, false]",150,2,0,Starfield Stage - 1
3585,2025-09-30T16:00:38.480650,68,665.0,254.5,1.8140504820386987,False,False,False,False,3,2,0,39,1,2,119,390,"[true, false, false]",150,2,0,Starfield Stage - 1
3586,2025-09-30T16:00:38.489697,8,667.5,252.0,1.8172758464277645,False,False,False,False,3,2,0,39,1,2,119,390,"[false, false, false]",150,2,0,Starfield Stage - 1
3587,2025-09-30T16:00:38.498197,9,670.0,249.5,1.820466787441778,False,False,False,False,3,2,0,39,1,2,119,390,"[false, false, false]",150,2,0,Starfield Stage - 1
3588,2025-09-30T16:00:38.505835,8,672.5,247.0,1.8236237892892855,False,False,False,False,3,2,0,39,1,2,119,390,"[false, false, false]",150,2,0,Starfield Stage - 1
3589,2025-09-30T16:00:38.514956,9,675.0,244.5,1.8267473286398075,False,False,False,False,3,2,0,39,1,2,119,390,"[false, false, false]",150,2,0,Starfield Stage - 1
3590,2025-09-30T16:00:38.524547,9,677.5,242.0,1.8298378747236403,False,False,False,False,3,2,0,39,1,2,119,390,"[false, false, false]",150,2,0,Starfield Stage - 1
3591,2025-09-30T16:00:38.532797,9,680.0,239.5,1.8354583114117218,False,False,False,False,3,2,0,39,1,2,121,391,"[false, false, false]",150,2,0,Starfield Stage - 1
3592,2025-09-30T16:00:38.543138,10,682.5,237.0,1.8405925885394345,False,False,False,False,3,2,0,39,1,2,122,392,"[false, false, false]",150,2,0,Starfield Stage - 1
3593,2025-09-30T16:00:38.551773,9,685.0,234.5,1.846865942548396,False,False,False,False,3,2,0,39,1,2,122,394,"[false, false, false]",150,2,0,Starfield Stage - 1
3594,2025-09-30T16:00:38.561378,9,687.5,232.0,1.8519013554130037,False,False,False,False,3,2,0,39,1,2,123,395,"[false, false, false]",150,2,0,Starfield Stage - 1
3595,2025-09-30T16:00:38.569255,8,690.0,229.5,1.8564180306787632,False,False,False,False,3,2,0,39,1,2,123,396,"[false, false, false]",150,2,0,Starfield Stage - 1
3596,2025-09-30T16:00:38.577477,8,692.5,227.0,1.8608832591159248,False,False,False,False,3,2,0,39,1,2,123,397,"[false, false, false]",150,2,0,Starfield Stage - 1
3597,2025-09-30T16:00:38.585955,8,695.0,224.5,1.8652977396994692,False,False,False,False,3,2,0,39,1,2,123,398,"[false, false, false]",150,2,0,Starfield Stage - 1
3598,2025-09-30T16:00:38.593777,9,697.5,222.0,1.869662163519629,False,False,False,False,3,2,0,39,1,2,123,399,"[false, false, false]",150,2,0,Starfield Stage - 1
3599,2025-09-30T16:00:38.602957,9,700.0,219.5,1.8755550526343876,False,False,False,False,3,2,0,39,1,2,123,401,"[false, false, false]",150,2,0,Starfield Stage - 1
3600,2025-09-30T16:00:38.612364,9,702.5,217.0,1.8813756130115489,False,False,False,False,4,2,0,39,1,2,123,403,"[true, false, false]",150,2,0,Starfield Stage - 1
3601,2025-09-30T16:00:38.680799,8,705.0,214.5,1.8933198776879254,False,False,False,False,4,2,0,39,1,2,123,409,"[true, false, false]",150,2,0,Starfield Stage - 1
3602,2025-09-30T16:00:38.683164,63,707.5,212.0,1.8958793477070104,False,False,False,False,4,2,0,39,1,2,123,409,"[true, false, false]",150,2,0,Starfield Stage - 1
3603,2025-09-30T16:00:38.691141,8,710.0,209.5,1.8984126644634658,False,False,False,False,3,2,0,39,1,2,123,409,"[false, false, false]",150,2,0,Starfield Stage - 1
3604,2025-09-30T16:00:38.699434,8,712.5,207.0,1.9009201947566783,False,False,False,False,3,2,0,39,1,2,123,409,"[false, false, false]",150,2,0,Starfield Stage - 1
3605,2025-09-30T16:00:38.708135,9,715.0,204.5,1.9034022992539672,False,False,False,False,3,2,0,39,1,2,123,409,"[false, false, false]",150,2,0,Starfield Stage - 1
3606,2025-09-30T16:00:38.716172,8,717.5,202.0,1.9058593325987911,False,False,False,False,3,2,0,39,1,2,123,409,"[false, false, false]",150,2,0,Starfield Stage - 1
3607,2025-09-30T16:00:38.725480,9,720.0,199.5,1.9082916435173596,False,False,False,False,3,2,0,39,1,2,123,409,"[false, false, false]",150,2,0,Starfield Stage - 1
3608,2025-09-30T16:00:38.733536,8,722.5,197.0,1.9106995749236446,False,False,False,False,3,2,0,39,1,2,123,409,"[false, false, false]",150,2,0,Starfield Stage - 1
3609,2025-09-30T16:00:38.742203,9,722.5,194.5,1.9144013246749012,False,False,False,False,3,2,0,39,1,2,123,409,"[false, false, false]",150,2,0,Starfield Stage - 1
3610,2025-09-30T16:00:38.751818,9,722.5,192.0,1.9180932945954692,False,False,False,False,3,2,0,39,1,2,123,409,"[false, false, false]",150,2,0,Starfield Stage - 1
3611,2025-09-30T16:00:38.759978,9,722.5,189.5,1.9217754231434454,False,False,False,False,3,2,0,39,1,2,123,409,"[false, false, false]",150,2,0,Starfield Stage - 1
3612,2025-09-30T16:00:38.768664,8,722.5,187.0,1.925447650171984,False,False,False,False,3,2,0,39,1,2,123,409,"[false, false, false]",150,2,0,Starfield Stage - 1
3613,2025-09-30T16:00:38.776197,8,722.5,184.5,1.9291099169254382,False,False,False,False,3,2,0,39,1,2,123,409,"[false, false, false]",150,2,0,Starfield Stage - 1
3614,2025-09-30T16:00:38.784311,8,722.5,182.0,1.9327621660351326,False,False,False,False,3,2,0,39,1,2,123,409,"[false, false, false]",150,2,0,Starfield Stage - 1
3615,2025-09-30T16:00:38.792707,8,722.5,179.5,1.9364043415147696,False,False,False,False,3,2,0,39,1,2,123,409,"[false, false, false]",150,2,0,Starfield Stage - 1
3616,2025-09-30T16:00:38.801429,9,722.5,177.0,1.9400363887554792,False,False,False,False,4,2,0,39,1,2,123,409,"[true, false, false]",150,2,0,Starfield Stage - 1
3617,2025-09-30T16:00:38.809627,8,722.5,174.5,1.943658254520522,False,False,False,False,4,2,0,39,1,2,123,409,"[true, false, false]",150,2,0,Starfield Stage - 1
3618,2025-09-30T16:00:38.817752,9,722.5,172.0,1.9472698869396514,False,False,False,False,4,2,0,39,1,2,123,409,"[true, false, false]",150,2,0,Starfield Stage - 1
3619,2025-09-30T16:00:38.888821,9,722.5,169.5,1.9508712355031432,False,False,False,False,4,2,0,39,1,2,123,409,"[true, false, false]",150,2,0,Starfield Stage - 1
3620,2025-09-30T16:00:38.894262,64,722.5,167.0,1.954462251055503,False,False,False,False,4,2,0,39,1,2,123,409,"[true, false, false]",150,2,0,Starfield Stage - 1
3621,2025-09-30T16:00:38.900017,9,722.5,164.5,1.9580428857888572,False,False,False,False,4,2,0,39,1,2,123,409,"[false, false, false]",150,2,0,Starfield Stage - 1
3622,2025-09-30T16:00:38.909147,9,722.5,162.0,1.9616130932360376,False,False,False,False,4,2,0,39,1,2,123,409,"[false, false, false]",150,2,0,Starfield Stage - 1
3623,2025-09-30T16:00:38.918728,9,722.5,159.5,1.9651728282633674,False,False,False,False,4,2,0,39,1,2,123,409,"[false, false, false]",150,2,0,Starfield Stage - 1
3624,2025-09-30T16:00:38.927265,9,722.5,157.0,1.9687220470631555,False,False,False,False,4,2,0,39,1,2,123,409,"[false, false, false]",150,2,0,Starfield Stage - 1
3625,2025-09-30T16:00:38.974761,8,722.5,154.5,1.9722607071459108,False,False,False,False,3,1,0,39,1,2,123,409,"[false, false, false]",160,2,0,Starfield Stage - 1
3626,2025-09-30T16:00:38.977030,42,722.5,152.0,1.9757887673322823,False,False,False,False,3,1,0,39,1,2,123,409,"[false, false, false]",160,2,0,Starfield Stage - 1
3627,2025-09-30T16:00:38.986582,9,722.5,149.5,1.9793061877447329,False,False,False,False,3,1,0,39,1,2,123,409,"[false, false, false]",160,2,0,Starfield Stage - 1
3628,2025-09-30T16:00:38.995242,9,722.5,149.5,1.9793061877447329,False,False,False,False,3,1,0,39,1,2,123,409,"[false, false, false]",160,2,0,Starfield Stage - 1
3629,2025-09-30T16:00:39.003409,8,722.5,149.5,1.9793061877447329,False,False,False,False,3,1,0,39,1,2,123,409,"[false, false, false]",160,2,0,Starfield Stage - 1
3630,2025-09-30T16:00:39.011592,9,722.5,149.5,1.9793061877447329,False,False,False,False,3,1,0,39,1,2,123,409,"[false, false, false]",160,2,0,Starfield Stage - 1
3631,2025-09-30T16:00:39.020100,8,722.5,149.5,1.9793061877447329,False,False,False,False,3,1,0,39,1,2,123,409,"[false, false, false]",160,2,0,Starfield Stage - 1
